Link,Product ID
https://www.sephora.com/product/no-28-lip-treatment-oil-P379096?skuId=1500826&icid2=products%20grid:p379096:product,P379096
https://www.sephora.com/product/ranavat-eternal-reign-renewing-bakuchi-creme-with-antioxidants-adaptogens-P481354?skuId=2564177&icid2=products%20grid:p481354:product,P481354
https://www.sephora.com/product/facegym-faceshot-tm-refill-P481085?skuId=2561454&icid2=products%20grid:p481085:product,P481085
https://www.sephora.com/product/lightsaver-activated-tinted-mineral-sunscreen-broad-spectrum-33-P511942?skuId=2788818&icid2=products%20grid:p511942:product,P511942
https://www.sephora.com/product/salt-stone-santal-vetiver-hydrating-body-lotion-with-niacinamide-P510292?skuId=2845154&icid2=products%20grid:p510292:product,P510292
https://www.sephora.com/product/sol-de-janeiro-brazilian-touch-hand-cream-P476427?skuId=2481380&icid2=products%20grid:p476427:product,P476427
https://www.sephora.com/product/buffet-copper-peptides-1-P442752?skuId=2698363&icid2=products%20grid:p442752:product,P442752
https://www.sephora.com/product/age-reversal-eye-complex-P423145?skuId=2002293&icid2=products%20grid:p423145:product,P423145
https://www.sephora.com/product/sunday-riley-mini-c-e-o-afterglow-brightening-vitamin-c-moisturizer-P503909?skuId=2626893&icid2=products%20grid:p503909:product,P503909
https://www.sephora.com/product/future-screen-spf-50-mineral-fragrance-free-facial-sunscreen-serum-P516255?skuId=2853778&icid2=products%20grid:p516255:product,P516255
https://www.sephora.com/product/adapinoid-gel-P506836?skuId=2697019&icid2=products%20grid:p506836:product,P506836
https://www.sephora.com/product/luna-daily-the-fragrance-free-everywhere-wash-ph-balanced-body-wash-with-prebiotics-vitamins-c-e-P505729?skuId=2674794&icid2=products%20grid:p505729:product,P505729
https://www.sephora.com/product/reverse-0-2-retinol-firming-serum-for-fine-lines-wrinkles-P516242?skuId=2853497&icid2=products%20grid:p516242:product,P516242
https://www.sephora.com/product/get-salty-topical-magnesium-spray-for-muscle-recovery-P508216?skuId=2720977&icid2=products%20grid:p508216:product,P508216
https://www.sephora.com/product/ranavat-imperial-glow-smoothing-facial-polish-P481363?skuId=2564201&icid2=products%20grid:p481363:product,P481363
https://www.sephora.com/product/caudalie-vinopure-natural-salicylic-acid-pore-minimizing-toner-P474939?skuId=2491421&icid2=products%20grid:p474939:product,P474939
https://www.sephora.com/product/ilia-barrier-build-skin-protectant-cream-P514777?skuId=2846186&icid2=products%20grid:p514777:product,P514777
https://www.sephora.com/product/tatcha-the-kissu-lip-tint-spf-25-hydrating-tinted-lip-sunscreen-P510516?skuId=2762177&icid2=products%20grid:p510516:product,P510516
https://www.sephora.com/product/ranavat-royal-trio-bestsellers-set-P509037?skuId=2726149&icid2=products%20grid:p509037:product,P509037
https://www.sephora.com/product/turn-up-base-beauty-blur-balm-foundation-P478536?skuId=2548089&icid2=products%20grid:p478536:product,P478536
https://www.sephora.com/product/glow-gloss-lip-balm-spf-40-vanilla-soft-serve-P516839?skuId=2871598&icid2=products%20grid:p516839:product,P516839
https://www.sephora.com/product/meet-minerals-spf-starter-kit-P515981?skuId=2845568&icid2=products%20grid:p515981:product,P515981
https://www.sephora.com/product/renergie-h-p-n-300-peptide-cream-with-hyaluronic-acid-niacinamide-P505896?skuId=2684918&icid2=products%20grid:p505896:product,P505896
https://www.sephora.com/product/le-baume-revitalizing-multi-use-balm-P506710?skuId=2672426&icid2=products%20grid:p506710:product,P506710
https://www.sephora.com/product/the-ordinary-deciem-ascorbyl-tetraisopalmitate-solution-20-in-vitamin-f-P427404?skuId=2031524&icid2=products%20grid:p427404:product,P427404
https://www.sephora.com/product/the-nue-co-barrier-culture-moisturizer-with-niacinimide-squalane-P505209?skuId=2658474&icid2=products%20grid:p505209:product,P505209
https://www.sephora.com/product/innbeauty-project-green-machine-vitamin-c-green-superfoods-jelly-serum-P472469?skuId=2458693&icid2=products%20grid:p472469:product,P472469
https://www.sephora.com/product/rapid-relief-acne-spot-treatment-P421432?skuId=1933100&icid2=products%20grid:p421432:product,P421432
https://www.sephora.com/product/facegym-face-coach-lifting-q10-mastic-tree-enzymatically-activated-face-oil-P476678?skuId=2502987&icid2=products%20grid:p476678:product,P476678
https://www.sephora.com/product/belif-the-true-cream-moisturizing-bomb-with-peptide-ceramide-P510119?skuId=2742724&icid2=products%20grid:p510119:product,P510119
https://www.sephora.com/product/farmacy-honey-halo-moisturizer-jumbo-P475540?skuId=2527638&icid2=products%20grid:p475540:product,P475540
https://www.sephora.com/product/youth-to-the-people-yerba-mate-15-vitamin-c-brightening-serum-P466164?skuId=2403335&icid2=products%20grid:p466164:product,P466164
https://www.sephora.com/product/biossance-squalane-vitamin-c-dark-spot-serum-P467110?skuId=2404655&icid2=products%20grid:p467110:product,P467110
https://www.sephora.com/product/mini-chia-moringa-r-algae-enzyme-cleansing-oil-P508693?skuId=2716009&icid2=products%20grid:p508693:product,P508693
https://www.sephora.com/product/exfolikate-intensive-exfoliating-treatment-P232915?skuId=1201748&icid2=products%20grid:p232915:product,P232915
https://www.sephora.com/product/maude-spot-5-speed-internal-vibrator-P502859?skuId=2602381&icid2=products%20grid:p502859:product,P502859
https://www.sephora.com/product/sex-stone-solid-body-moisturizer-P500486?skuId=2584019&icid2=products%20grid:p500486:product,P500486
https://www.sephora.com/product/d-bronzi-tm-anti-pollution-sunshine-serum-P432668?skuId=2404721&icid2=products%20grid:p432668:product,P432668
https://www.sephora.com/product/sulwhasoo-clarifying-peel-off-mask-P463110?skuId=2708519&icid2=products%20grid:p463110:product,P463110
https://www.sephora.com/product/the-ordinary-natural-moisturizing-factors-inulin-body-lotion-P512858?skuId=2790467&icid2=products%20grid:p512858:product,P512858
https://www.sephora.com/product/ceramighty-af-eye-cream-with-ceramides-P501028?skuId=2593820&icid2=products%20grid:p501028:product,P501028
https://www.sephora.com/product/cherry-dub-pore-purify-r-gel-cleanser-P514788?skuId=2828648&icid2=products%20grid:p514788:product,P514788
https://www.sephora.com/product/caudalie-premier-cru-anti-aging-rich-moisturizer-P503657?skuId=2838258&icid2=products%20grid:p503657:product,P503657
https://www.sephora.com/product/dr-jart-teatreement-moisturizer-P454019?skuId=2300275&icid2=products%20grid:p454019:product,P454019
https://www.sephora.com/product/pure-maracuja-oil-P376726?skuId=1468438&icid2=products%20grid:p376726:product,P376726
https://www.sephora.com/product/blemish-defeat-r-bha-spot-targeting-gel-P507324?skuId=2703692&icid2=products%20grid:p507324:product,P507324
https://www.sephora.com/product/multi-active-toner-mini-P443351?skuId=2221125&icid2=products%20grid:p443351:product,P443351
https://www.sephora.com/product/the-outset-nourishing-squalane-daily-moisturizer-P483698?skuId=2577138&icid2=products%20grid:p483698:product,P483698
https://www.sephora.com/product/cherry-dub-bha-toner-with-salicylic-acid-aloe-juice-P515885?skuId=2856193&icid2=products%20grid:p515885:product,P515885
https://www.sephora.com/product/the-bestseller-daily-spf-duo-with-broad-spectrum-spf-50-P515534?skuId=2859700&icid2=products%20grid:p515534:product,P515534
https://www.sephora.com/product/laneige-hydro-uv-defense-sunscreen-broad-spectrum-spf-50-P512548?skuId=2743276&icid2=products%20grid:p512548:product,P512548
https://www.sephora.com/product/glow-from-am-to-pm-hydrating-moisturizer-lip-gift-set-P516444?skuId=2864031&icid2=products%20grid:p516444:product,P516444
https://www.sephora.com/product/peptight-trade-360-tightening-eye-serum-P474116?skuId=2467926&icid2=products%20grid:p474116:product,P474116
https://www.sephora.com/product/drunk-elephant-mini-a-gloei-retinol-oil-P502964?skuId=2599157&icid2=products%20grid:p502964:product,P502964
https://www.sephora.com/product/youth-to-the-people-superfood-niacinamide-body-cleanser-wash-P509278?skuId=2682508&icid2=products%20grid:p509278:product,P509278
https://www.sephora.com/product/supercharge-anti-oxidant-moisture-serum-P433974?skuId=2122281&icid2=products%20grid:p433974:product,P433974
https://www.sephora.com/product/estee-lauder-mini-advanced-night-repair-synchronized-multi-recovery-complex-P461160?skuId=2379691&icid2=products%20grid:p461160:product,P461160
https://www.sephora.com/product/red-rice-hydrating-cream-with-ceramide-P516769?skuId=2876837&icid2=products%20grid:p516769:product,P516769
https://www.sephora.com/product/makeup-by-mario-moisture-glow-tm-plumping-lip-serum-P481114?skuId=2783199&icid2=products%20grid:p481114:product,P481114
https://www.sephora.com/product/origins-dr-andrew-weil-for-origins-tm-mega-mushroom-relief-resilience-soothing-treatment-lotion-P482298?skuId=2564383&icid2=products%20grid:p482298:product,P482298
https://www.sephora.com/product/drunk-elephant-lala-retro-whipped-moisturizer-with-ceramides-P446938?skuId=2233849&icid2=products%20grid:p446938:product,P446938
https://www.sephora.com/product/acne-solutions-acne-line-correcting-serum-P407040?skuId=1802321&icid2=products%20grid:p407040:product,P407040
https://www.sephora.com/product/estee-lauder-revitalizing-supreme-moisturizer-night-power-bounce-creme-with-vitamin-e-P513133?skuId=2790129&icid2=products%20grid:p513133:product,P513133
https://www.sephora.com/product/squalane-vitamin-c-rose-oil-P416563?skuId=2382166&icid2=products%20grid:p416563:product,P416563
https://www.sephora.com/product/mango-people-juicy-glow-prep-hydrate-balm-stick-P509434?skuId=2723294&icid2=products%20grid:p509434:product,P509434
https://www.sephora.com/product/nuface-nuface-reg-mini-petite-facial-toning-device-P502852?skuId=2536639&icid2=products%20grid:p502852:product,P502852
https://www.sephora.com/product/dr-dennis-gross-skincare-alpha-beta-r-aha-bha-daily-cleansing-gel-P481340?skuId=2534063&icid2=products%20grid:p481340:product,P481340
https://www.sephora.com/product/innbeauty-project-pimple-paste-overnight-blemish-drying-paste-P471039?skuId=2458669&icid2=products%20grid:p471039:product,P471039
https://www.sephora.com/product/josie-maran-topless-tangerine-argan-oil-sugar-balm-refillable-exfoliating-body-scrub-P510410?skuId=2764959&icid2=products%20grid:p510410:product,P510410
https://www.sephora.com/product/fenty-skin-rihanna-pre-show-glow-instant-retexturing-treatment-reusable-applicator-P479319?skuId=2545622&icid2=products%20grid:p479319:product,P479319
https://www.sephora.com/product/caudalie-resveratrol-lift-firming-eye-gel-cream-P467748?skuId=2811479&icid2=products%20grid:p467748:product,P467748
https://www.sephora.com/product/skin-cocoon-barrier-repair-glow-serum-with-peptides-and-niacinamide-P514932?skuId=2785566&icid2=products%20grid:p514932:product,P514932
https://www.sephora.com/product/sulwhasoo-essential-comfort-firming-cream-P483692?skuId=2708550&icid2=products%20grid:p483692:product,P483692
https://www.sephora.com/product/murad-mini-rapid-dark-spot-correcting-serum-P476526?skuId=2463040&icid2=products%20grid:p476526:product,P476526
https://www.sephora.com/product/dr-barbara-sturm-face-mask-P448711?skuId=2270023&icid2=products%20grid:p448711:product,P448711
https://www.sephora.com/product/josie-maran-mini-always-nude-unscented-whipped-argan-oil-refillable-firming-body-butter-P510433?skuId=2767366&icid2=products%20grid:p510433:product,P510433
https://www.sephora.com/product/prada-beauty-moisturizing-lip-balm-P509710?skuId=2786093&icid2=products%20grid:p509710:product,P509710
https://www.sephora.com/product/mini-derminfusions-tm-plump-repair-lip-treatment-with-hyaluronic-acid-P515029?skuId=2830008&icid2=products%20grid:p515029:product,P515029
https://www.sephora.com/product/super-rich-repair-P423135?skuId=2002269&icid2=products%20grid:p423135:product,P423135
https://www.sephora.com/product/call-it-night-revitalizing-nourishing-ufo-tm-activated-mask-P433466?skuId=2106169&icid2=products%20grid:p433466:product,P433466
https://www.sephora.com/product/skinperfect-primer-P443361?skuId=2221190&icid2=products%20grid:p443361:product,P443361
https://www.sephora.com/product/caudalie-mini-beauty-elixir-face-mist-P481818?skuId=2534493&icid2=products%20grid:p481818:product,P481818
https://www.sephora.com/product/mara-beauty-spirulina-ashwagandha-tm-volcanic-sea-clay-detox-masque-P504040?skuId=2633121&icid2=products%20grid:p504040:product,P504040
https://www.sephora.com/product/innisfree-pore-clearing-clay-mask-P468658?skuId=2735777&icid2=products%20grid:p468658:product,P468658
https://www.sephora.com/product/ceramidin-skin-barrier-moisturizing-eye-cream-P515361?skuId=2835809&icid2=products%20grid:p515361:product,P515361
https://www.sephora.com/product/nudestix-gentle-hydra-gel-face-cleanser-P504322?skuId=2647592&icid2=products%20grid:p504322:product,P504322
https://www.sephora.com/product/maude-drop-3-speed-all-over-vibrator-P481116?skuId=2562148&icid2=products%20grid:p481116:product,P481116
https://www.sephora.com/product/kiehls-milk-peel-toner-gentle-exfoliating-toner-P470221?skuId=2364016&icid2=products%20grid:p470221:product,P470221
https://www.sephora.com/product/l-occitane-complete-body-ritual-P509536?skuId=2747665&icid2=products%20grid:p509536:product,P509536
https://www.sephora.com/product/super-c-retinol-brighten-correct-vitamin-c-serum-P474110?skuId=2467850&icid2=products%20grid:p474110:product,P474110
https://www.sephora.com/product/augustinus-bader-the-serum-with-tfc8-reg-P475907?skuId=2498889&icid2=products%20grid:p475907:product,P475907
https://www.sephora.com/product/maude-heat-warming-water-based-personal-lubricant-P506355?skuId=2657922&icid2=products%20grid:p506355:product,P506355
https://www.sephora.com/product/hydrating-toner-P4032?skuId=2210409&icid2=products%20grid:p4032:product,P4032
https://www.sephora.com/product/instant-firmx-P271682?skuId=1284413&icid2=products%20grid:p271682:product,P271682
https://www.sephora.com/product/vital-hydra-hydro-plump-water-cream-P506709?skuId=2692218&icid2=products%20grid:p506709:product,P506709
https://www.sephora.com/product/tatcha-the-silk-sunscreen-spf-50-weightless-mineral-sunscreen-P510515?skuId=2761708&icid2=products%20grid:p510515:product,P510515
https://www.sephora.com/product/sephora-collection-nourishing-foot-mask-in-coconut-lavender-P461520?skuId=2707800&icid2=products%20grid:p461520:product,P461520
https://www.sephora.com/product/superfruit-exfoliating-tonic-8-aha-solution-P500502?skuId=2533347&icid2=products%20grid:p500502:product,P500502
https://www.sephora.com/product/dr-barbara-sturm-sun-drops-spf-50-P447789?skuId=2269934&icid2=products%20grid:p447789:product,P447789
https://www.sephora.com/product/breakout-breakup-salicylic-acid-cleanser-for-blemish-prone-skin-P518044?skuId=2863918&icid2=products%20grid:p518044:product,P518044
https://www.sephora.com/product/the-inkey-list-hyaluronic-acid-cleanser-P479353?skuId=2530749&icid2=products%20grid:p479353:product,P479353
https://www.sephora.com/product/shiseido-complete-cleansing-microfoam-P455421?skuId=2685469&icid2=products%20grid:p455421:product,P455421
https://www.sephora.com/product/murad-cellular-hydration-repair-serum-P509708?skuId=2736429&icid2=products%20grid:p509708:product,P509708
https://www.sephora.com/product/firmx-r-tight-toned-cellulite-treatment-P506501?skuId=2672400&icid2=products%20grid:p506501:product,P506501
https://www.sephora.com/product/dieux-auracle-peptide-antioxidant-eye-gel-P510335?skuId=2767135&icid2=products%20grid:p510335:product,P510335
https://www.sephora.com/product/ultracalming-serum-concentrate-P423125?skuId=2002384&icid2=products%20grid:p423125:product,P423125
https://www.sephora.com/product/n-176-12-self-tanning-face-drops-P512382?skuId=2792455&icid2=products%20grid:p512382:product,P512382
https://www.sephora.com/product/hydro-surge-dewy-face-mist-P517115?skuId=2866275&icid2=products%20grid:p517115:product,P517115
https://www.sephora.com/product/pro-collagen-peptide-plumping-gloss-balm-lip-treatment-P514674?skuId=2828416&icid2=products%20grid:p514674:product,P514674
https://www.sephora.com/product/estee-lauder-mini-revitalizing-supreme-youth-power-creme-moisturizer-P481084?skuId=2532224&icid2=products%20grid:p481084:product,P481084
https://www.sephora.com/product/kiehls-mini-clearly-corrective-dark-spot-solution-P467628?skuId=2429991&icid2=products%20grid:p467628:product,P467628
https://www.sephora.com/product/caudalie-vinopure-oil-control-moisturizer-for-acne-prone-skin-P474936?skuId=2491439&icid2=products%20grid:p474936:product,P474936
https://www.sephora.com/product/elemis-collagen-health-starter-discovery-set-P510510?skuId=2759124&icid2=products%20grid:p510510:product,P510510
https://www.sephora.com/product/crushed-amethyst-exfoliating-body-polish-P442002?skuId=2203016&icid2=products%20grid:p442002:product,P442002
https://www.sephora.com/product/caudalie-vinoperfect-brightening-glycolic-overnight-cream-P471227?skuId=2871192&icid2=products%20grid:p471227:product,P471227
https://www.sephora.com/product/la-mer-mini-moisturizing-soft-cream-moisturizer-P505144?skuId=2655686&icid2=products%20grid:p505144:product,P505144
https://www.sephora.com/product/clinique-smart-clinical-repair-trade-wrinkle-correcting-serum-P473267?skuId=2480705&icid2=products%20grid:p473267:product,P473267
https://www.sephora.com/product/mini-spf-mates-spf-50-hydrating-mattifying-sunscreen-duo-P516205?skuId=2853786&icid2=products%20grid:p516205:product,P516205
https://www.sephora.com/product/all-about-eyes-P122774?skuId=126581&icid2=products%20grid:p122774:product,P122774
https://www.sephora.com/product/signature-firming-hydrating-body-oil-for-scars-stretch-marks-P516815?skuId=2881589&icid2=products%20grid:p516815:product,P516815
https://www.sephora.com/product/shiseido-eudermine-activating-essence-with-hyaluronic-acid-P505265?skuId=2645885&icid2=products%20grid:p505265:product,P505265
https://www.sephora.com/product/glow-recipe-blackberry-retinol-blemish-serum-P512322?skuId=2795318&icid2=products%20grid:p512322:product,P512322
https://www.sephora.com/product/nubody-body-toning-device-P500464?skuId=2570711&icid2=products%20grid:p500464:product,P500464
https://www.sephora.com/product/retinol-fast-release-wrinkle-reducing-night-serum-P501029?skuId=2599165&icid2=products%20grid:p501029:product,P501029
https://www.sephora.com/product/bobbi-brown-soothing-cleansing-oil-P509389?skuId=2740470&icid2=products%20grid:p509389:product,P509389
https://www.sephora.com/product/retinol-vita-c-power-serum-P436365?skuId=2144723&icid2=products%20grid:p436365:product,P436365
https://www.sephora.com/product/amino-acids-b5-P442759?skuId=2210615&icid2=products%20grid:p442759:product,P442759
https://www.sephora.com/product/pure-clean-daily-facial-cleanser-P171300?skuId=973628&icid2=products%20grid:p171300:product,P171300
https://www.sephora.com/product/summer-fridays-heavenly-sixteen-P476028?skuId=2499663&icid2=products%20grid:p476028:product,P476028
https://www.sephora.com/product/charlotte-tilbury-mini-magic-serum-crystal-elixir-P459835?skuId=2350643&icid2=products%20grid:p459835:product,P459835
https://www.sephora.com/product/keep-young-and-beautiful-instant-brightening-beauty-shot-eye-lift-P406764?skuId=1804731&icid2=products%20grid:p406764:product,P406764
https://www.sephora.com/product/sunday-riley-good-genes-win-win-set-P513380?skuId=2816767&icid2=products%20grid:p513380:product,P513380
https://www.sephora.com/product/industrial-strength-hand-healer-P12572?skuId=564369&icid2=products%20grid:p12572:product,P12572
https://www.sephora.com/product/alpyn-beauty-mini-melt-moisturizer-with-bakuchiol-squalane-P481058?skuId=2563922&icid2=products%20grid:p481058:product,P481058
https://www.sephora.com/product/abeille-royale-routine-set-P516371?skuId=2842045&icid2=products%20grid:p516371:product,P516371
https://www.sephora.com/product/mini-hydrating-cream-to-milk-cleanser-with-hyaluronic-acid-P517119?skuId=2866267&icid2=products%20grid:p517119:product,P517119
https://www.sephora.com/product/the-mineral-lip-one-vanilla-cloud-P518080?skuId=2888584&icid2=products%20grid:p518080:product,P518080
https://www.sephora.com/product/clinique-moisture-surge-tm-broad-spectrum-spf-28-sheer-hydrator-moisturizer-P505507?skuId=2672970&icid2=products%20grid:p505507:product,P505507
https://www.sephora.com/product/water-drench-ice-facial-cooling-mist-P516201?skuId=2862845&icid2=products%20grid:p516201:product,P516201
https://www.sephora.com/product/dermalogica-multivitamin-power-recovery-cream-P514717?skuId=2835726&icid2=products%20grid:p514717:product,P514717
https://www.sephora.com/product/paula-s-choice-10-azelaic-acid-booster-P469507?skuId=2421329&icid2=products%20grid:p469507:product,P469507
https://www.sephora.com/product/kate-somerville-delikate-recovery-serum-P457697?skuId=2352706&icid2=products%20grid:p457697:product,P457697
https://www.sephora.com/product/sos-daily-skin-barrier-redness-recovery-moisturizer-P506470?skuId=2675510&icid2=products%20grid:p506470:product,P506470
https://www.sephora.com/product/fenty-skin-mini-total-cleans-r-remove-it-all-cleanser-P472311?skuId=2459402&icid2=products%20grid:p472311:product,P472311
https://www.sephora.com/product/the-butter-illuminating-tanning-butter-P424986?skuId=2012250&icid2=products%20grid:p424986:product,P424986
https://www.sephora.com/product/augustinus-bader-the-ultimate-soothing-cream-P482510?skuId=2533818&icid2=products%20grid:p482510:product,P482510
https://www.sephora.com/product/innbeauty-project-latte-lips-lip-oil-glaze-duo-P513466?skuId=2802403&icid2=products%20grid:p513466:product,P513466
https://www.sephora.com/product/fat-water-hydrating-milky-toner-essence-P500894?skuId=2591972&icid2=products%20grid:p500894:product,P500894
https://www.sephora.com/product/moisturizing-fig-body-oil-elixir-P506463?skuId=2671741&icid2=products%20grid:p506463:product,P506463
https://www.sephora.com/product/abeille-royale-anti-aging-double-r-facial-serum-P501236?skuId=2594620&icid2=products%20grid:p501236:product,P501236
https://www.sephora.com/product/alpyn-beauty-instant-bright-eye-dark-circle-firming-cream-with-niacinamide-peptides-P510865?skuId=2766707&icid2=products%20grid:p510865:product,P510865
https://www.sephora.com/product/treatment-lotion-hydrating-mask-P433962?skuId=2132132&icid2=products%20grid:p433962:product,P433962
https://www.sephora.com/product/resurface-glycolic-renewing-scrub-P442844?skuId=2218212&icid2=products%20grid:p442844:product,P442844
https://www.sephora.com/product/pink-algae-pro-retinol-body-butter-for-anti-aging-kp-P514935?skuId=2840890&icid2=products%20grid:p514935:product,P514935
https://www.sephora.com/product/lip-treatment-oil-P503741?skuId=2631562&icid2=products%20grid:p503741:product,P503741
https://www.sephora.com/product/luna-daily-the-repair-treatment-for-scars-hyperpigmentation-best-for-acne-post-surgery-silicone-free-P511388?skuId=2766400&icid2=products%20grid:p511388:product,P511388
https://www.sephora.com/product/ceo-vitamin-c-brighten-tighten-body-butter-P515056?skuId=2835908&icid2=products%20grid:p515056:product,P515056
https://www.sephora.com/product/dr-barbara-sturm-night-serum-P456997?skuId=2330355&icid2=products%20grid:p456997:product,P456997
https://www.sephora.com/product/the-outset-gentle-micellar-antioxidant-cleanser-P483696?skuId=2580009&icid2=products%20grid:p483696:product,P483696
https://www.sephora.com/product/nutrient-charged-water-gel-P427638?skuId=2210292&icid2=products%20grid:p427638:product,P427638
https://www.sephora.com/product/orchid-youth-preserving-facial-oil-P400205?skuId=1755198&icid2=products%20grid:p400205:product,P400205
https://www.sephora.com/product/algae-moringa-sea-sculpt-body-oil-P507675?skuId=2716017&icid2=products%20grid:p507675:product,P507675
https://www.sephora.com/product/clarins-extra-firming-energy-day-cream-P475084?skuId=2431344&icid2=products%20grid:p475084:product,P475084
https://www.sephora.com/product/face-buff-energizing-scrub-P12571?skuId=564260&icid2=products%20grid:p12571:product,P12571
https://www.sephora.com/product/kora-organics-kakadu-plum-brightening-vitamin-c-serum-with-hyaluronic-acid-P512704?skuId=2742245&icid2=products%20grid:p512704:product,P512704
https://www.sephora.com/product/watermelon-glow-ultra-fine-mist-P442744?skuId=2207231&icid2=products%20grid:p442744:product,P442744
https://www.sephora.com/product/mario-badescu-facial-spray-with-aloe-herbs-rosewater-P440482?skuId=2540789&icid2=products%20grid:p440482:product,P440482
https://www.sephora.com/product/almond-smoothing-and-beautifying-milk-concentrate-P66703?skuId=1626530&icid2=products%20grid:p66703:product,P66703
https://www.sephora.com/product/first-aid-beauty-dark-spot-serum-with-niacinamide-P510732?skuId=2735363&icid2=products%20grid:p510732:product,P510732
https://www.sephora.com/product/caudalie-vinohydra-sorbet-cream-moisturizer-with-hyaluronic-acid-P472454?skuId=2744258&icid2=products%20grid:p472454:product,P472454
https://www.sephora.com/product/dr-barbara-sturm-clarifying-serum-P448557?skuId=2270064&icid2=products%20grid:p448557:product,P448557
https://www.sephora.com/product/mini-silk-sunscreen-spf-50-weightless-mineral-sunscreen-P515888?skuId=2845253&icid2=products%20grid:p515888:product,P515888
https://www.sephora.com/product/special-cleansing-gel-mini-P443700?skuId=2221091&icid2=products%20grid:p443700:product,P443700
https://www.sephora.com/product/skinfix-triple-lipid-collagen-activating-serum-P503668?skuId=2639847&icid2=products%20grid:p503668:product,P503668
https://www.sephora.com/product/instant-firmx-r-lip-filler-P507091?skuId=2694701&icid2=products%20grid:p507091:product,P507091
https://www.sephora.com/product/the-intensive-revitalizing-mask-P417115?skuId=1932417&icid2=products%20grid:p417115:product,P417115
https://www.sephora.com/product/innisfree-green-tea-enzyme-pha-toner-P509682?skuId=2740603&icid2=products%20grid:p509682:product,P509682
https://www.sephora.com/product/the-inkey-list-15-vitamin-c-egf-brightening-serum-P455368?skuId=2335594&icid2=products%20grid:p455368:product,P455368
https://www.sephora.com/product/moisturizing-cherry-lip-mask-P510932?skuId=2707735&icid2=products%20grid:p510932:product,P510932
https://www.sephora.com/product/the-nue-co-barrier-culture-cleanser-pre-pro-postbiotic-face-wash-P505210?skuId=2658466&icid2=products%20grid:p505210:product,P505210
https://www.sephora.com/product/murad-vitamin-c-dark-circle-correcting-eye-serum-P456572?skuId=2319390&icid2=products%20grid:p456572:product,P456572
https://www.sephora.com/product/paulas-choice-clinical-pro-retinaldehyde-dual-retinoid-treatment-P511992?skuId=2784890&icid2=products%20grid:p511992:product,P511992
https://www.sephora.com/product/resurfacing-serum-P432048?skuId=2066025&icid2=products%20grid:p432048:product,P432048
https://www.sephora.com/product/the-ordinary-deciem-100-organic-cold-pressed-rose-hip-seed-oil-P427415?skuId=2031417&icid2=products%20grid:p427415:product,P427415
https://www.sephora.com/product/nudestix-nudeskin-lemon-aid-detox-glow-micro-peel-P476894?skuId=2530640&icid2=products%20grid:p476894:product,P476894
https://www.sephora.com/product/capture-dreamskin-fresh-perfect-cushion-broad-spectrum-spf-50-P435806?skuId=2145340&icid2=products%20grid:p435806:product,P435806
https://www.sephora.com/product/midnight-recovery-botanical-cleansing-oil-P422257?skuId=1988757&icid2=products%20grid:p422257:product,P422257
https://www.sephora.com/product/oui-the-people-mini-featherweight-hydrating-body-gloss-oil-with-squalane-P511422?skuId=2785228&icid2=products%20grid:p511422:product,P511422
https://www.sephora.com/product/bio-collagen-real-deep-mask-for-pore-minimizing-firming-care-P515952?skuId=2865186&icid2=products%20grid:p515952:product,P515952
https://www.sephora.com/product/anti-age-moisturizer-P385254?skuId=1596220&icid2=products%20grid:p385254:product,P385254
https://www.sephora.com/product/mario-badescu-oil-free-moisturizer-broad-spectrum-spf-30-P440493?skuId=2185312&icid2=products%20grid:p440493:product,P440493
https://www.sephora.com/product/goop-mini-goopglow-15-glycolic-acid-overnight-glow-peel-P459301?skuId=2319093&icid2=products%20grid:p459301:product,P459301
https://www.sephora.com/product/mini-great-skin-instant-glow-serum-P516356?skuId=2862720&icid2=products%20grid:p516356:product,P516356
https://www.sephora.com/product/sofie-pavitt-face-omega-rich-moisturizer-P515481?skuId=2847705&icid2=products%20grid:p515481:product,P515481
https://www.sephora.com/product/ilia-balmy-tint-hydrating-lip-balm-P472978?skuId=2446144&icid2=products%20grid:p472978:product,P472978
https://www.sephora.com/product/vitamin-c-lactic-dewy-deep-cream-P501190?skuId=2532836&icid2=products%20grid:p501190:product,P501190
https://www.sephora.com/product/sugar-face-polish-P12295?skuId=2820900&icid2=products%20grid:p12295:product,P12295
https://www.sephora.com/product/daily-superfoliant-P423123?skuId=2002228&icid2=products%20grid:p423123:product,P423123
https://www.sephora.com/product/josie-maran-always-nude-unscented-whipped-argan-oil-refillable-firming-body-butter-P510395?skuId=2764819&icid2=products%20grid:p510395:product,P510395
https://www.sephora.com/product/green-clean-cleansing-balm-P515961?skuId=2860302&icid2=products%20grid:p515961:product,P515961
https://www.sephora.com/product/necessaire-the-body-bar-with-2-physical-exfoliant-5-ceramides-niacinamide-P503875?skuId=2608701&icid2=products%20grid:p503875:product,P503875
https://www.sephora.com/product/caudalie-vinosculpt-lift-firm-body-cream-P458757?skuId=2343903&icid2=products%20grid:p458757:product,P458757
https://www.sephora.com/product/mini-essential-comfort-firming-cream-P507875?skuId=2708550&icid2=products%20grid:p507875:product,P507875
https://www.sephora.com/product/it-cosmetics-bye-bye-makeup-3-in-1-makeup-melting-cleansing-balm-P482681?skuId=2582260&icid2=products%20grid:p482681:product,P482681
https://www.sephora.com/product/like-gloss-3-in-1-hydrating-lip-tint-P517107?skuId=2886216&icid2=products%20grid:p517107:product,P517107
https://www.sephora.com/product/caudalie-grape-water-moisturizing-face-mist-P503655?skuId=1434190&icid2=products%20grid:p503655:product,P503655
https://www.sephora.com/product/barrier-antioxidant-treatment-with-bakuchiol-squalane-P506940?skuId=2694776&icid2=products%20grid:p506940:product,P506940
https://www.sephora.com/product/sol-de-janeiro-mini-delicia-drench-body-butter-P509466?skuId=2734069&icid2=products%20grid:p509466:product,P509466
https://www.sephora.com/product/givenchy-le-rouge-interdit-universal-sheer-hydrating-universal-lip-balm-P514891?skuId=2672038&icid2=products%20grid:p514891:product,P514891
https://www.sephora.com/product/shiseido-vital-perfection-uplifting-firming-eye-cream-P463106?skuId=2382265&icid2=products%20grid:p463106:product,P463106
https://www.sephora.com/product/regenerating-cleanser-P379710?skuId=1683382&icid2=products%20grid:p379710:product,P379710
https://www.sephora.com/product/your-skin-but-better-cc-cream-spf-50-P411885?skuId=2840676&icid2=products%20grid:p411885:product,P411885
https://www.sephora.com/product/wrinkle-smoothing-eye-care-set-P516005?skuId=2844850&icid2=products%20grid:p516005:product,P516005
https://www.sephora.com/product/fresh-umbrian-clay-pore-purifying-face-mask-P481704?skuId=2551190&icid2=products%20grid:p481704:product,P481704
https://www.sephora.com/product/clinique-clarifying-do-over-peel-P481668?skuId=2531739&icid2=products%20grid:p481668:product,P481668
https://www.sephora.com/product/hello-fab-coconut-skin-smoothie-priming-moisturizer-P415237?skuId=2532075&icid2=products%20grid:p415237:product,P415237
https://www.sephora.com/product/intensive-moisture-balance-P443358?skuId=2221166&icid2=products%20grid:p443358:product,P443358
https://www.sephora.com/product/jet-lag-mask-P429952?icid2=products%20grid:p429952:product,P429952
https://www.sephora.com/product/ultra-repair-hydra-firm-sleeping-cream-P393076?skuId=1670090&icid2=products%20grid:p393076:product,P393076
https://www.sephora.com/product/innbeauty-project-bright-smooth-body-serum-for-dark-spots-bumps-with-7-aha-bha-P506363?skuId=2674414&icid2=products%20grid:p506363:product,P506363
https://www.sephora.com/product/the-micro-peel-P501020?skuId=2608693&icid2=products%20grid:p501020:product,P501020
https://www.sephora.com/product/one-size-by-patrick-starrr-on-til-dawn-mattifying-sunscreen-makeup-setting-spray-spf-28-P516911?skuId=2869568&icid2=products%20grid:p516911:product,P516911
https://www.sephora.com/product/exfoliating-lip-scrub-P511113?skuId=2707909&icid2=products%20grid:p511113:product,P511113
https://www.sephora.com/product/beautybio-glofacial-pore-cleansing-blue-led-clarifying-tool-P503562?skuId=2604338&icid2=products%20grid:p503562:product,P503562
https://www.sephora.com/product/bakuchiol-P447778?skuId=2259943&icid2=products%20grid:p447778:product,P447778
https://www.sephora.com/product/isle-glow-body-lotion-with-spf-45-P500399?skuId=2561918&icid2=products%20grid:p500399:product,P500399
https://www.sephora.com/product/fenty-skin-rihanna-cookies-n-clean-whipped-clay-intensive-pore-blackhead-face-scrub-with-volcanic-sand-charcoal-P510506?skuId=2758357&icid2=products%20grid:p510506:product,P510506
https://www.sephora.com/product/lip-comfort-hydrating-oil-set-P516018?skuId=2844066&icid2=products%20grid:p516018:product,P516018
https://www.sephora.com/product/kate-somerville-kateceuticals-firming-serum-with-hyaluronic-acid-P469110?skuId=2446946&icid2=products%20grid:p469110:product,P469110
https://www.sephora.com/product/anti-aging-cleansing-gel-P516032?skuId=2862878&icid2=products%20grid:p516032:product,P516032
https://www.sephora.com/product/water-bank-duo-set-P516148?skuId=2842532&icid2=products%20grid:p516148:product,P516148
https://www.sephora.com/product/mario-badescu-grab-go-set-P480330?skuId=2527554&icid2=products%20grid:p480330:product,P480330
https://www.sephora.com/product/laneige-bouncy-firm-plump-firm-glow-set-P513169?skuId=2785574&icid2=products%20grid:p513169:product,P513169
https://www.sephora.com/product/charcoal-body-bar-massaging-soap-P431732?skuId=2083814&icid2=products%20grid:p431732:product,P431732
https://www.sephora.com/product/sunday-riley-mini-a-high-dose-retinol-serum-P504207?skuId=2653293&icid2=products%20grid:p504207:product,P504207
https://www.sephora.com/product/maude-vibe-3-speed-flutter-tip-vibrator-P481115?skuId=2561959&icid2=products%20grid:p481115:product,P481115
https://www.sephora.com/product/sunday-riley-pink-drink-firming-resurfacing-essence-P463964?skuId=2377646&icid2=products%20grid:p463964:product,P463964
https://www.sephora.com/product/le-glow-oil-beach-flower-P516961?skuId=2871622&icid2=products%20grid:p516961:product,P516961
https://www.sephora.com/product/skinfix-barrier-ceramide-ectoin-hydrating-gentle-gel-cleanser-P511490?skuId=2740975&icid2=products%20grid:p511490:product,P511490
https://www.sephora.com/product/caudalie-resveratrol-lift-firming-night-moisturizer-P467749?skuId=2744324&icid2=products%20grid:p467749:product,P467749
https://www.sephora.com/product/the-lip-balm-P417242?skuId=2223469&icid2=products%20grid:p417242:product,P417242
https://www.sephora.com/product/laneige-water-bank-blue-hyaluronic-hydration-set-P510602?skuId=2743201&icid2=products%20grid:p510602:product,P510602
https://www.sephora.com/product/glowscreen-soft-radiance-drops-mineral-spf-40-P515365?skuId=2845550&icid2=products%20grid:p515365:product,P515365
https://www.sephora.com/product/100-squalane-oil-P416564?skuId=2051944&icid2=products%20grid:p416564:product,P416564
https://www.sephora.com/product/first-aid-beauty-retinol-eye-cream-with-squalane-ceramides-P509428?skuId=2735249&icid2=products%20grid:p509428:product,P509428
https://www.sephora.com/product/forget-filler-skin-plumping-line-smoothing-moisturizer-makeup-primer-P507153?skuId=2694677&icid2=products%20grid:p507153:product,P507153
https://www.sephora.com/product/wake-up-with-me-morning-routine-kit-P506472?skuId=2672319&icid2=products%20grid:p506472:product,P506472
https://www.sephora.com/product/fresh-kombucha-antioxidant-facial-treatment-essence-P505509?icid2=products%20grid:p505509:product,P505509
https://www.sephora.com/product/milky-jelly-cleansing-balm-makeup-remover-P516254?skuId=2839413&icid2=products%20grid:p516254:product,P516254
https://www.sephora.com/product/kate-mcleod-dusk-stone-natural-insect-repellent-solid-body-lotion-bar-P511396?skuId=2765071&icid2=products%20grid:p511396:product,P511396
https://www.sephora.com/product/clarins-super-restorative-anti-aging-night-cream-all-skin-types-P501585?skuId=2604130&icid2=products%20grid:p501585:product,P501585
https://www.sephora.com/product/caudalie-beauty-elixir-face-mist-P481817?skuId=2534485&icid2=products%20grid:p481817:product,P481817
https://www.sephora.com/product/brightamin-brightening-plumping-face-mask-with-vitamin-c-P514914?skuId=2835783&icid2=products%20grid:p514914:product,P514914
https://www.sephora.com/product/lion-pose-mane-mini-day-night-set-with-spf-aha-P511469?skuId=2770451&icid2=products%20grid:p511469:product,P511469
https://www.sephora.com/product/futuredew-solid-oil-serum-illuminator-P514670?skuId=2839389&icid2=products%20grid:p514670:product,P514670
https://www.sephora.com/product/eucalyptus-body-essentials-set-trial-travel-P515548?skuId=2840189&icid2=products%20grid:p515548:product,P515548
https://www.sephora.com/product/murad-clarifying-body-spray-with-salicylic-acid-P511989?skuId=2789964&icid2=products%20grid:p511989:product,P511989
https://www.sephora.com/product/juju-bar-P392249?skuId=1679273&icid2=products%20grid:p392249:product,P392249
https://www.sephora.com/product/peter-thomas-roth-max-clear-invisible-priming-sunscreen-broad-spectrum-spf-45-P482061?skuId=2443489&icid2=products%20grid:p482061:product,P482061
https://www.sephora.com/product/summer-fridays-mini-cloud-dew-oil-free-gel-cream-P479125?skuId=2524247&icid2=products%20grid:p479125:product,P479125
https://www.sephora.com/product/the-lip-balm-P516364?skuId=2874246&icid2=products%20grid:p516364:product,P516364
https://www.sephora.com/product/nightwear-plus-anti-oxidant-night-detox-creme-P399934?skuId=1730472&icid2=products%20grid:p399934:product,P399934
https://www.sephora.com/product/water-drench-broad-spectrum-spf-45-hyaluronic-moisturizer-P516471?skuId=2866028&icid2=products%20grid:p516471:product,P516471
https://www.sephora.com/product/alpha-beta-universal-daily-peel-P377533?skuId=1499474&icid2=products%20grid:p377533:product,P377533
https://www.sephora.com/product/shani-darden-lactic-acid-serum-P478731?skuId=2732493&icid2=products%20grid:p478731:product,P478731
https://www.sephora.com/product/innisfree-cherry-blossom-glow-jam-cleanser-P482007?skuId=2740553&icid2=products%20grid:p482007:product,P482007
https://www.sephora.com/product/nars-afterglow-lip-balm-laguna-collection-P457302?skuId=2337590&icid2=products%20grid:p457302:product,P457302
https://www.sephora.com/product/glossier-milky-oil-P504919?skuId=2636744&icid2=products%20grid:p504919:product,P504919
https://www.sephora.com/product/the-nue-co-barrier-clear-topical-P513360?skuId=2792257&icid2=products%20grid:p513360:product,P513360
https://www.sephora.com/product/tan-luxe-mini-face-illuminating-self-tan-drops-P474376?skuId=2472330&icid2=products%20grid:p474376:product,P474376
https://www.sephora.com/product/honey-butter-beeswax-lip-balm-P428416?skuId=2042794&icid2=products%20grid:p428416:product,P428416
https://www.sephora.com/product/mini-sunvisor-radiant-moisturizing-face-sunscreen-spf-35-P503324?skuId=2629590&icid2=products%20grid:p503324:product,P503324
https://www.sephora.com/product/uvex-supra-spf-P515734?skuId=2831725&icid2=products%20grid:p515734:product,P515734
https://www.sephora.com/product/acne-solutions-clarifying-lotion-P188307?skuId=1027473&icid2=products%20grid:p188307:product,P188307
https://www.sephora.com/product/estee-lauder-revitalizing-supreme-youth-power-creme-moisturizer-P479839?skuId=2532232&icid2=products%20grid:p479839:product,P479839
https://www.sephora.com/product/dermalogica-biolumin-c-night-restore-serum-with-pro-vitamin-d-complex-P512961?skuId=2789055&icid2=products%20grid:p512961:product,P512961
https://www.sephora.com/product/skin-filter-serum-supplement-duo-irritation-free-retinol-solution-P508529?skuId=2714673&icid2=products%20grid:p508529:product,P508529
https://www.sephora.com/product/kosas-mini-dreambeam-silicone-free-mineral-sunscreen-spf-40-with-ceramides-peptides-P511125?skuId=2850386&icid2=products%20grid:p511125:product,P511125
https://www.sephora.com/product/rose-deep-hydration-facial-toner-P417936?skuId=1924901&icid2=products%20grid:p417936:product,P417936
https://www.sephora.com/product/major-glow-nourishing-high-shine-body-oil-P515737?skuId=2871549&icid2=products%20grid:p515737:product,P515737
https://www.sephora.com/product/the-revitalizing-hydrating-serum-P416725?skuId=1932284&icid2=products%20grid:p416725:product,P416725
https://www.sephora.com/product/advanced-night-repair-supercharged-eye-gel-cream-P500701?skuId=2532976&icid2=products%20grid:p500701:product,P500701
https://www.sephora.com/product/celestial-nightly-skin-repair-oil-serum-for-firming-hydrating-restoring-kakadu-plum-P516804?skuId=2881571&icid2=products%20grid:p516804:product,P516804
https://www.sephora.com/product/dior-capture-totale-rich-cream-P467945?skuId=2421444&icid2=products%20grid:p467945:product,P467945
https://www.sephora.com/product/facegym-liftwear-vitamin-c-bioferment-gel-cream-P481086?skuId=2561439&icid2=products%20grid:p481086:product,P481086
https://www.sephora.com/product/broad-spectrum-spf-50-mineral-sunscreen-fluid-for-face-P410101?skuId=1809383&icid2=products%20grid:p410101:product,P410101
https://www.sephora.com/product/glowmotions-P442821?skuId=2205359&icid2=products%20grid:p442821:product,P442821
https://www.sephora.com/product/origins-ginzing-trade-vitamin-c-eye-cream-to-brighten-depuff-P475589?skuId=2499689&icid2=products%20grid:p475589:product,P475589
https://www.sephora.com/product/super-fluid-daily-uv-defense-sunscreen-broad-spectrum-spf-50-P429522?skuId=2664175&icid2=products%20grid:p429522:product,P429522
https://www.sephora.com/product/facial-treatment-mask-P375852?skuId=1448463&icid2=products%20grid:p375852:product,P375852
https://www.sephora.com/product/murad-retexturizing-body-pads-with-salicylic-acid-P511990?skuId=2790020&icid2=products%20grid:p511990:product,P511990
https://www.sephora.com/product/brightening-mini-essentials-kit-P516035?skuId=2850683&icid2=products%20grid:p516035:product,P516035
https://www.sephora.com/product/the-inkey-list-succinic-acid-acne-treatment-P467655?skuId=2425098&icid2=products%20grid:p467655:product,P467655
https://www.sephora.com/product/glow-recipe-strawberry-smooth-bha-aha-salicylic-acid-serum-P482535?skuId=2535615&icid2=products%20grid:p482535:product,P482535
https://www.sephora.com/product/biossance-squalane-zinc-sheer-hydrating-mineral-sunscreen-spf-30-with-ectoin-P511171?skuId=2775575&icid2=products%20grid:p511171:product,P511171
https://www.sephora.com/product/sol-de-janeiro-bom-dia-reo-deo-aluminum-free-deodorant-P504143?skuId=2596435&icid2=products%20grid:p504143:product,P504143
https://www.sephora.com/product/tula-skincare-revive-rewind-revitalizing-eye-cream-P475186?skuId=2500759&icid2=products%20grid:p475186:product,P475186
https://www.sephora.com/product/caudalie-vinohydra-hydrating-hyaluronic-serum-P511721?skuId=2744381&icid2=products%20grid:p511721:product,P511721
https://www.sephora.com/product/tatcha-the-lip-scrub-P512338?skuId=2785442&icid2=products%20grid:p512338:product,P512338
https://www.sephora.com/product/facegym-active-blast-concentrated-collagen-daily-treatment-P482675?skuId=2582401&icid2=products%20grid:p482675:product,P482675
https://www.sephora.com/product/dam-dam-snow-mushroom-pore-cleanser-with-exfoliating-glove-P504988?skuId=2643237&icid2=products%20grid:p504988:product,P504988
https://www.sephora.com/product/soothing-moisturizer-with-hyaluronic-acid-P509965?skuId=2693430&icid2=products%20grid:p509965:product,P509965
https://www.sephora.com/product/first-aid-beauty-hydrating-eye-cream-with-hyaluronic-acid-P479840?skuId=2530889&icid2=products%20grid:p479840:product,P479840
https://www.sephora.com/product/necessaire-the-body-wash-olibanum-radiance-treatment-cleanse-with-vitamin-c-enzymes-P511303?skuId=2768893&icid2=products%20grid:p511303:product,P511303
https://www.sephora.com/product/nudestix-nude-glow-peptide-serum-P510450?skuId=2756500&icid2=products%20grid:p510450:product,P510450
https://www.sephora.com/product/estee-lauder-micro-essence-treatment-lotion-with-bio-ferment-P482529?skuId=2534113&icid2=products%20grid:p482529:product,P482529
https://www.sephora.com/product/lancome-advanced-genifique-night-cream-with-triple-ceramide-complex-P502761?skuId=2589794&icid2=products%20grid:p502761:product,P502761
https://www.sephora.com/product/squalane-marine-algae-eye-cream-P447210?skuId=2260016&icid2=products%20grid:p447210:product,P447210
https://www.sephora.com/product/glow-recipe-cloudberry-bright-essence-toner-P509327?skuId=2734606&icid2=products%20grid:p509327:product,P509327
https://www.sephora.com/product/bobbi-brown-vitamin-enriched-face-base-jumbo-P468634?skuId=2421840&icid2=products%20grid:p468634:product,P468634
https://www.sephora.com/product/real-deep-mask-gift-set-4-masks-for-pore-care-hydration-calming-dark-spot-treatment-P515950?skuId=2865202&icid2=products%20grid:p515950:product,P515950
https://www.sephora.com/product/acne-serum-medicated-treatment-for-acne-blackheads-P507327?skuId=2714491&icid2=products%20grid:p507327:product,P507327
https://www.sephora.com/product/supercharged-ionplex-r-facial-mist-P506003?skuId=2667665&icid2=products%20grid:p506003:product,P506003
https://www.sephora.com/product/skinfix-acne-azelaic-acid-aha-bha-cleanser-P476415?skuId=2480838&icid2=products%20grid:p476415:product,P476415
https://www.sephora.com/product/st-tropez-tanning-essentials-self-tan-express-mini-kit-P511278?skuId=2764256&icid2=products%20grid:p511278:product,P511278
https://www.sephora.com/product/mara-beauty-algae-moringa-universal-hydrating-face-oil-P503991?skuId=2633188&icid2=products%20grid:p503991:product,P503991
https://www.sephora.com/product/josie-maran-always-nude-unscented-argan-oil-sugar-balm-refillable-exfoliating-body-scrub-P510402?skuId=2764934&icid2=products%20grid:p510402:product,P510402
https://www.sephora.com/product/farmacy-apple-lip-smoothie-vitamin-c-peptide-lip-balm-P505757?skuId=2674281&icid2=products%20grid:p505757:product,P505757
https://www.sephora.com/product/glaze-craze-tinted-polypeptide-lip-serum-P515527?skuId=2842441&icid2=products%20grid:p515527:product,P515527
https://www.sephora.com/product/the-ordinary-the-resurface-hydrate-set-with-hyaluronic-acid-aha-P512962?skuId=2814994&icid2=products%20grid:p512962:product,P512962
https://www.sephora.com/product/alpha-beta-r-universal-daily-peel-mini-P425869?skuId=1450964&icid2=products%20grid:p425869:product,P425869
https://www.sephora.com/product/peace-out-puffy-under-eye-patches-P465365?skuId=2406189&icid2=products%20grid:p465365:product,P465365
https://www.sephora.com/product/luna-daily-the-fragrance-free-everywhere-spray-to-wipe-mini-with-prebiotics-vitamins-c-e-P509951?skuId=2737302&icid2=products%20grid:p509951:product,P509951
https://www.sephora.com/product/isle-paradise-beautifully-balanced-body-oil-P511923?skuId=2773794&icid2=products%20grid:p511923:product,P511923
https://www.sephora.com/product/bobbi-brown-extra-plump-lip-serum-P504216?skuId=2769198&icid2=products%20grid:p504216:product,P504216
https://www.sephora.com/product/artemisia-soothing-toner-with-centella-asiatica-panthenol-P516743?skuId=2876761&icid2=products%20grid:p516743:product,P516743
https://www.sephora.com/product/kiehls-double-dose-hydration-gift-set-for-face-body-P514895?skuId=2842672&icid2=products%20grid:p514895:product,P514895
https://www.sephora.com/product/ultra-facial-moisturizer-P422005?skuId=2664282&icid2=products%20grid:p422005:product,P422005
https://www.sephora.com/product/touche-eclat-radiance-perfecting-pen-P218431?skuId=2859098&icid2=products%20grid:p218431:product,P218431
https://www.sephora.com/product/alpyn-beauty-plantgenius-melt-moisturizer-with-bakuchiol-P455237?skuId=2802007&icid2=products%20grid:p455237:product,P455237
https://www.sephora.com/product/pro-facial-steamer-P413613?skuId=1862325&icid2=products%20grid:p413613:product,P413613
https://www.sephora.com/product/sephora-collection-acne-treatment-gel-us-only-P504417?skuId=2563070&icid2=products%20grid:p504417:product,P504417
https://www.sephora.com/product/sk-ii-pitera-tm-facial-treatment-mask-twin-pack-P511089?skuId=2765360&icid2=products%20grid:p511089:product,P511089
https://www.sephora.com/product/tula-skincare-brightening-treatment-drops-triple-vitamin-c-serum-P475194?skuId=2500874&icid2=products%20grid:p475194:product,P475194
https://www.sephora.com/product/hello-sunday-the-invisible-one-spf-50-hydrating-sunscreen-primer-with-hyaluronic-acid-P510551?skuId=2753275&icid2=products%20grid:p510551:product,P510551
https://www.sephora.com/product/mini-green-clean-cleansing-balm-P515964?skuId=2856342&icid2=products%20grid:p515964:product,P515964
https://www.sephora.com/product/hanni-shave-pillow-P483457?skuId=2578417&icid2=products%20grid:p483457:product,P483457
https://www.sephora.com/product/gucci-brume-de-beaute-beauty-mist-P500471?skuId=2508141&icid2=products%20grid:p500471:product,P500471
https://www.sephora.com/product/sulwhasoo-mini-ginseng-renewing-cream-classic-P481835?skuId=2552537&icid2=products%20grid:p481835:product,P481835
https://www.sephora.com/product/luna-daily-mini-everywhere-ph-balanced-wash-with-prebiotics-vitamins-c-e-P505709?skuId=2674851&icid2=products%20grid:p505709:product,P505709
https://www.sephora.com/product/super-c-spf-30-vitamin-c-face-moisturizer-P474111?skuId=2467868&icid2=products%20grid:p474111:product,P474111
https://www.sephora.com/product/dramatically-different-moisturizing-lotion-P381030?skuId=1538354&icid2=products%20grid:p381030:product,P381030
https://www.sephora.com/product/korres-greek-yoghurt-foaming-cream-cleanser-P456412?skuId=2333177&icid2=products%20grid:p456412:product,P456412
https://www.sephora.com/product/tan-luxe-the-cr-egrave-me-gradual-self-tanning-face-moisturizer-P481837?skuId=2535409&icid2=products%20grid:p481837:product,P481837
https://www.sephora.com/product/goop-goopgenes-all-in-one-nourishing-face-cream-P460578?skuId=2380608&icid2=products%20grid:p460578:product,P460578
https://www.sephora.com/product/touchland-gentle-mist-ultra-soothing-hand-sanitizer-P510041?skuId=2752905&icid2=products%20grid:p510041:product,P510041
https://www.sephora.com/product/mini-dynamic-skin-recovery-spf50-moisturizer-P502441?skuId=2772192&icid2=products%20grid:p502441:product,P502441
https://www.sephora.com/product/guerlain-abeille-royale-clarify-repair-cream-P510343?skuId=2755908&icid2=products%20grid:p510343:product,P510343
https://www.sephora.com/product/vital-hydra-solution-tm-hydro-plump-treatment-essence-with-hyaluronic-acid-P506799?skuId=2692226&icid2=products%20grid:p506799:product,P506799
https://www.sephora.com/product/salt-stone-santal-vetiver-aluminum-free-clear-gel-deodorant-for-sensitive-skin-P510319?skuId=2759603&icid2=products%20grid:p510319:product,P510319
https://www.sephora.com/product/drunk-elephant-wonderwild-miracle-butter-P482669?skuId=2553899&icid2=products%20grid:p482669:product,P482669
https://www.sephora.com/product/murad-rapid-dark-spot-correcting-serum-P466673?skuId=2411999&icid2=products%20grid:p466673:product,P466673
https://www.sephora.com/product/retinol-fusion-pm-P251529?skuId=1224781&icid2=products%20grid:p251529:product,P251529
https://www.sephora.com/product/the-gradual-illuminating-gradual-tan-lotion-P424990?skuId=2012300&icid2=products%20grid:p424990:product,P424990
https://www.sephora.com/product/advanced-retinol-nightly-renewal-face-moisturizer-with-retinol-P474122?skuId=2467983&icid2=products%20grid:p474122:product,P474122
https://www.sephora.com/product/smart-clinical-repair-wrinkle-correcting-rich-cream-P500771?skuId=2608396&icid2=products%20grid:p500771:product,P500771
https://www.sephora.com/product/dr-jart-brightamin-brightening-serum-with-niacinamide-vitamin-c-P510908?skuId=2762987&icid2=products%20grid:p510908:product,P510908
https://www.sephora.com/product/dr-jart-pore-remedy-trade-purifying-mud-mask-P479633?skuId=2531382&icid2=products%20grid:p479633:product,P479633
https://www.sephora.com/product/brazilian-bum-bum-cream-mini-P425318?skuId=1802420&icid2=products%20grid:p425318:product,P425318
https://www.sephora.com/product/beautybio-the-zenbubble-gel-cream-P455623?skuId=2340339&icid2=products%20grid:p455623:product,P455623
https://www.sephora.com/product/higherdose-red-light-hat-for-hair-vitality-P513122?skuId=2801629&icid2=products%20grid:p513122:product,P513122
https://www.sephora.com/product/dr-jart-cicapair-sleepair-intensive-repair-night-mask-P481699?skuId=2733681&icid2=products%20grid:p481699:product,P481699
https://www.sephora.com/product/ole-henriksen-hydrabarrier-nourishing-face-oil-P504043?skuId=2648459&icid2=products%20grid:p504043:product,P504043
https://www.sephora.com/product/retinol-vitamin-c-moisturizer-P448932?skuId=2278737&icid2=products%20grid:p448932:product,P448932
https://www.sephora.com/product/54-thrones-african-beauty-butter-P476416?skuId=2507440&icid2=products%20grid:p476416:product,P476416
https://www.sephora.com/product/glass-skin-essentials-set-P515381?skuId=2845063&icid2=products%20grid:p515381:product,P515381
https://www.sephora.com/product/peter-thomas-roth-even-smoother-tm-microdermabrasion-exfoliating-pore-purifier-P512593?skuId=2779759&icid2=products%20grid:p512593:product,P512593
https://www.sephora.com/product/dynamic-skin-recovery-spf50-moisturizer-P502326?skuId=2624369&icid2=products%20grid:p502326:product,P502326
https://www.sephora.com/product/kiehls-ultra-advanced-repair-facial-barrier-cream-P503913?skuId=2654416&icid2=products%20grid:p503913:product,P503913
https://www.sephora.com/product/lotus-youth-preserve-radiance-renewal-night-cream-P440312?skuId=2737781&icid2=products%20grid:p440312:product,P440312
https://www.sephora.com/product/mario-badescu-seaweed-night-cream-P440501?skuId=2185130&icid2=products%20grid:p440501:product,P440501
https://www.sephora.com/product/the-inkey-list-bio-active-ceramide-repairing-plumping-moisturizer-P509315?skuId=2735165&icid2=products%20grid:p509315:product,P509315
https://www.sephora.com/product/vitamin-c-lactic-oil-free-radiant-moisturizer-P501166?skuId=2532869&icid2=products%20grid:p501166:product,P501166
https://www.sephora.com/product/kate-somerville-kateceuticals-resurfacing-overnight-peel-with-glycolic-acid-retinol-niacinamide-P470535?skuId=2446987&icid2=products%20grid:p470535:product,P470535
https://www.sephora.com/product/vital-hydra-solution-tm-pro-glow-face-mask-with-hyaluronic-acid-5-pack-value-set-P514918?skuId=2835767&icid2=products%20grid:p514918:product,P514918
https://www.sephora.com/product/ginzing-tm-energizing-gel-cream-with-caffeine-niacinamide-P502046?skuId=2600773&icid2=products%20grid:p502046:product,P502046
https://www.sephora.com/product/barrier-lipid-boost-body-cream-P450599?skuId=2295913&icid2=products%20grid:p450599:product,P450599
https://www.sephora.com/product/sunday-riley-superstars-serum-set-P510931?skuId=2766715&icid2=products%20grid:p510931:product,P510931
https://www.sephora.com/product/the-inkey-list-supersolutions-1-retinol-serum-P502691?skuId=2599264&icid2=products%20grid:p502691:product,P502691
https://www.sephora.com/product/tata-harper-superkind-refining-cleanser-P503877?skuId=2650661&icid2=products%20grid:p503877:product,P503877
https://www.sephora.com/product/herbal-clay-purifying-mask-P501149?skuId=2604262&icid2=products%20grid:p501149:product,P501149
https://www.sephora.com/product/givenchy-rouge-rose-perfecto-plumping-lip-balm-24h-hydration-P472700?skuId=2749539&icid2=products%20grid:p472700:product,P472700
https://www.sephora.com/product/bye-bye-under-eye-eye-cream-smooths-brightens-depuffs-P411401?skuId=1868124&icid2=products%20grid:p411401:product,P411401
https://www.sephora.com/product/rouge-interdit-vinyl-color-enhancing-lipstick-P405231?skuId=2672046&icid2=products%20grid:p405231:product,P405231
https://www.sephora.com/product/dermaflash-dermapore-tm-ultrasonic-pore-extractor-skincare-infuser-P513245?skuId=2788693&icid2=products%20grid:p513245:product,P513245
https://www.sephora.com/product/yse-beauty-take-it-off-gel-cleanser-P517108?skuId=2904845&icid2=products%20grid:p517108:product,P517108
https://www.sephora.com/product/lip-fuel-hyaluronic-lip-balm-P443764?skuId=2447209&icid2=products%20grid:p443764:product,P443764
https://www.sephora.com/product/super-peptide-ghostberry-moisturizer-for-barrier-wrinkle-repair-P507952?skuId=2714863&icid2=products%20grid:p507952:product,P507952
https://www.sephora.com/product/innbeauty-project-get-glazed-lip-duo-P505617?skuId=2674372&icid2=products%20grid:p505617:product,P505617
https://www.sephora.com/product/c5-super-boost-vitamin-c-eye-cream-P501288?skuId=2574820&icid2=products%20grid:p501288:product,P501288
https://www.sephora.com/product/dr-dennis-gross-skincare-extra-strength-retinol-peel-pads-P509317?skuId=2734564&icid2=products%20grid:p509317:product,P509317
https://www.sephora.com/product/macrene-actives-moisturizing-high-performance-face-cream-with-peptides-P505131?skuId=2827467&icid2=products%20grid:p505131:product,P505131
https://www.sephora.com/product/the-inkey-list-fulvic-acid-brightening-cleanser-P469088?skuId=2425163&icid2=products%20grid:p469088:product,P469088
https://www.sephora.com/product/immortelle-reset-overnight-reset-oil-in-serum-P442734?skuId=2214138&icid2=products%20grid:p442734:product,P442734
https://www.sephora.com/product/original-skin-retexturizing-mask-with-rose-clay-P397890?skuId=2175404&icid2=products%20grid:p397890:product,P397890
https://www.sephora.com/product/filtered-showerhead-for-healthy-skin-hair-P508430?skuId=2714947&icid2=products%20grid:p508430:product,P508430
https://www.sephora.com/product/shiseido-vital-perfection-uplifting-firming-cream-day-cream-P457854?skuId=2342061&icid2=products%20grid:p457854:product,P457854
https://www.sephora.com/product/dewy-babies-P515370?skuId=2845055&icid2=products%20grid:p515370:product,P515370
https://www.sephora.com/product/precleanse-P423148?skuId=2002079&icid2=products%20grid:p423148:product,P423148
https://www.sephora.com/product/dr-barbara-sturm-darker-skin-tones-hyaluronic-serum-P448548?skuId=2270197&icid2=products%20grid:p448548:product,P448548
https://www.sephora.com/product/paula-s-choice-clear-anti-redness-exfoliating-solution-with-2-salicylic-acid-P469514?skuId=2421253&icid2=products%20grid:p469514:product,P469514
https://www.sephora.com/product/dr-dennis-gross-skincare-all-physical-lightweight-wrinkle-defense-broad-spectrum-sunscreen-spf-30-P470023?skuId=2450633&icid2=products%20grid:p470023:product,P470023
https://www.sephora.com/product/dermalogica-mini-biolumin-c-vitamin-c-serum-P511154?skuId=2772622&icid2=products%20grid:p511154:product,P511154
https://www.sephora.com/product/l-occitane-nourishing-protective-hand-cream-trio-kit-P511232?skuId=2783264&icid2=products%20grid:p511232:product,P511232
https://www.sephora.com/product/vinopure-acne-prone-skin-essentials-P515485?skuId=2841419&icid2=products%20grid:p515485:product,P515485
https://www.sephora.com/product/the-treatment-deodorant-in-eucalyptus-P514994?skuId=2839595&icid2=products%20grid:p514994:product,P514994
https://www.sephora.com/product/canopy-handheld-filtered-showerhead-for-healthy-skin-hair-P513237?skuId=2798809&icid2=products%20grid:p513237:product,P513237
https://www.sephora.com/product/sk-ii-genoptics-ultraura-essence-serum-P506188?skuId=2656445&icid2=products%20grid:p506188:product,P506188
https://www.sephora.com/product/pillow-balm-hydrating-lip-treatment-lip-balm-P514911?skuId=2839421&icid2=products%20grid:p514911:product,P514911
https://www.sephora.com/product/delicia-drench-tm-moisturizing-shower-oil-for-dry-skin-P514680?skuId=2830891&icid2=products%20grid:p514680:product,P514680
https://www.sephora.com/product/redness-recovery-antioxidant-redness-treatment-overnight-mask-P442850?skuId=2215903&icid2=products%20grid:p442850:product,P442850
https://www.sephora.com/product/caudalie-vinoperfect-instant-brightening-moisturizer-with-niacinamide-P471226?skuId=2871184&icid2=products%20grid:p471226:product,P471226
https://www.sephora.com/product/dr-jart-prejuvenation-firming-bakuchiol-cream-for-preventative-aging-P512574?skuId=2790285&icid2=products%20grid:p512574:product,P512574
https://www.sephora.com/product/better-skin-starts-here-kit-for-dehydrated-skin-P507869?skuId=2741049&icid2=products%20grid:p507869:product,P507869
https://www.sephora.com/product/sunday-riley-saturn-sulfur-spot-treatment-mask-P460627?skuId=2370971&icid2=products%20grid:p460627:product,P460627
https://www.sephora.com/product/mini-concentrated-ginseng-rejuvenating-serum-for-anti-aging-P516424?skuId=2844397&icid2=products%20grid:p516424:product,P516424
https://www.sephora.com/product/salt-stone-black-rose-oud-body-wash-with-niacinamide-probiotic-P510339?skuId=2759504&icid2=products%20grid:p510339:product,P510339
https://www.sephora.com/product/benefiance-wrinkle-smoothing-eye-cream-P448203?skuId=2698488&icid2=products%20grid:p448203:product,P448203
https://www.sephora.com/product/nuface-trinity-reg-starter-set-with-ele-attachment-eye-lip-P504676?skuId=2536662&icid2=products%20grid:p504676:product,P504676
https://www.sephora.com/product/repairwear-anti-gravity-eye-lift-cream-P122727?skuId=502443&icid2=products%20grid:p122727:product,P122727
https://www.sephora.com/product/nest-seville-orange-perfume-oil-P467037?skuId=2411403&icid2=products%20grid:p467037:product,P467037
https://www.sephora.com/product/saint-jane-beauty-vitamin-c-glow-drops-brightening-serum-with-20-vitamin-c-blend-P504989?skuId=2677243&icid2=products%20grid:p504989:product,P504989
https://www.sephora.com/product/biossance-squalane-amino-aloe-gentle-cleanser-P474304?skuId=2495364&icid2=products%20grid:p474304:product,P474304
https://www.sephora.com/product/dr-andrew-weil-for-origins-mega-mushroom-relief-resilience-soothing-cream-P443549?skuId=2217909&icid2=products%20grid:p443549:product,P443549
https://www.sephora.com/product/hydra-life-balancing-hydration-2-in-1-sorbet-water-P429675?skuId=2057990&icid2=products%20grid:p429675:product,P429675
https://www.sephora.com/product/nest-madagascar-vanilla-perfume-oil-P470232?skuId=2411429&icid2=products%20grid:p470232:product,P470232
https://www.sephora.com/product/tatcha-the-silk-serum-P504506?skuId=2845220&icid2=products%20grid:p504506:product,P504506
https://www.sephora.com/product/mini-derminfusions-tm-blur-repair-cream-with-hyaluronic-acid-peptides-P514917?skuId=2828515&icid2=products%20grid:p514917:product,P514917
https://www.sephora.com/product/acne-phage-system-P514934?skuId=2836567&icid2=products%20grid:p514934:product,P514934
https://www.sephora.com/product/naturally-serious-sleepover-retin-oil-nighttime-treatment-P478021?skuId=2544427&icid2=products%20grid:p478021:product,P478021
https://www.sephora.com/product/glow-recipe-mini-watermelon-glow-pha-bha-pore-tight-toner-P467762?skuId=2421519&icid2=products%20grid:p467762:product,P467762
https://www.sephora.com/product/ranavat-radiant-rani-resurfacing-aha-saffron-masque-with-vitamin-c-antioxidants-P481336?skuId=2564169&icid2=products%20grid:p481336:product,P481336
https://www.sephora.com/product/kora-organics-turmeric-invigorating-body-scrub-P502630?skuId=2600286&icid2=products%20grid:p502630:product,P502630
https://www.sephora.com/product/dr-barbara-sturm-mini-face-cream-P464233?skuId=2381465&icid2=products%20grid:p464233:product,P464233
https://www.sephora.com/product/glossier-after-baume-moisture-barrier-recovery-cream-P504794?skuId=2636736&icid2=products%20grid:p504794:product,P504794
https://www.sephora.com/product/dew-you-hydrating-hyaluronic-acid-gel-serum-P516199?skuId=2853539&icid2=products%20grid:p516199:product,P516199
https://www.sephora.com/product/go-to-bed-with-me-anti-aging-night-routine-P506480?skuId=2672335&icid2=products%20grid:p506480:product,P506480
https://www.sephora.com/product/ole-henriksen-banana-bright-instant-glow-moisturizer-P511129?skuId=2781227&icid2=products%20grid:p511129:product,P511129
https://www.sephora.com/product/caudalie-vinoperfect-brightening-glycolic-peel-mask-P471009?skuId=2457232&icid2=products%20grid:p471009:product,P471009
https://www.sephora.com/product/dramatically-different-moisturizing-cream-P398717?skuId=1717016&icid2=products%20grid:p398717:product,P398717
https://www.sephora.com/product/resurfacing-smoothing-body-serum-with-ahas-P500781?skuId=2606523&icid2=products%20grid:p500781:product,P500781
https://www.sephora.com/product/silk-sleepmask-P402942?skuId=2841203&icid2=products%20grid:p402942:product,P402942
https://www.sephora.com/product/naturally-serious-lemon-aid-makeup-removing-cleansing-gel-P478020?skuId=2544435&icid2=products%20grid:p478020:product,P478020
https://www.sephora.com/product/bring-clinic-home-alpha-beta-extra-strength-daily-peel-kit-P516247?skuId=2873941&icid2=products%20grid:p516247:product,P516247
https://www.sephora.com/product/daily-milkfoliant-exfoliator-P500240?skuId=2532786&icid2=products%20grid:p500240:product,P500240
https://www.sephora.com/product/gentle-retinol-salicylic-daily-toner-pads-P515991?skuId=2841690&icid2=products%20grid:p515991:product,P515991
https://www.sephora.com/product/it-cosmetics-hello-sunshine-spf-P510412?skuId=2773372&icid2=products%20grid:p510412:product,P510412
https://www.sephora.com/product/calm-red-down-redness-calming-serum-P514509?skuId=2828622&icid2=products%20grid:p514509:product,P514509
https://www.sephora.com/product/tula-skincare-so-poreless-deep-exfoliating-blackhead-scrub-P475192?skuId=2500858&icid2=products%20grid:p475192:product,P475192
https://www.sephora.com/product/aqua-bomb-korean-glow-sunstick-spf-50-P516440?skuId=2874063&icid2=products%20grid:p516440:product,P516440
https://www.sephora.com/product/biossance-rapid-radiance-set-P480278?skuId=2555084&icid2=products%20grid:p480278:product,P480278
https://www.sephora.com/product/tula-skincare-rose-glow-get-it-cooling-brightening-eye-balm-P475190?skuId=2500817&icid2=products%20grid:p475190:product,P475190
https://www.sephora.com/product/liquid-super-loaded-all-over-illuminator-with-vitamin-c-P506546?skuId=2701282&icid2=products%20grid:p506546:product,P506546
https://www.sephora.com/product/necessaire-the-body-wash-hinoki-resurfacing-treatment-cleanse-with-6-acids-resveratrol-P511301?skuId=2768919&icid2=products%20grid:p511301:product,P511301
https://www.sephora.com/product/vitamin-c-lactic-15-firm-bright-serum-P501169?skuId=2532877&icid2=products%20grid:p501169:product,P501169
https://www.sephora.com/product/kakadu-plum-vitamin-c-eye-cream-P515612?skuId=2873289&icid2=products%20grid:p515612:product,P515612
https://www.sephora.com/product/juneberry-collagen-cooling-cream-cleanser-P503197?skuId=2802064&icid2=products%20grid:p503197:product,P503197
https://www.sephora.com/product/isdin-eryfotona-ageless-ultralight-tinted-mineral-sunscreen-spf-50-P512977?skuId=2817609&icid2=products%20grid:p512977:product,P512977
https://www.sephora.com/product/instant-detox-mask-P395615?skuId=1698018&icid2=products%20grid:p395615:product,P395615
https://www.sephora.com/product/dr-dennis-gross-skincare-advanced-retinol-ferulic-overnight-wrinkle-treatment-P474824?skuId=2496438&icid2=products%20grid:p474824:product,P474824
https://www.sephora.com/product/balancing-force-oil-control-toner-P416816?skuId=1910686&icid2=products%20grid:p416816:product,P416816
https://www.sephora.com/product/creme-radiance-clarifying-cream-to-foam-cleanser-P217932?skuId=1108836&icid2=products%20grid:p217932:product,P217932
https://www.sephora.com/product/then-i-met-you-honey-dew-hydrating-exfoliating-lip-mask-P514200?skuId=2828788&icid2=products%20grid:p514200:product,P514200
https://www.sephora.com/product/power-couple-lactic-acid-retinol-kit-P402718?skuId=1739192&icid2=products%20grid:p402718:product,P402718
https://www.sephora.com/product/caudalie-moisturizing-vegan-body-butter-P481386?skuId=2534428&icid2=products%20grid:p481386:product,P481386
https://www.sephora.com/product/goop-goopgenes-clean-nourishing-lip-balm-trio-P478274?skuId=2622942&icid2=products%20grid:p478274:product,P478274
https://www.sephora.com/product/daywear-matte-oil-control-anti-oxidant-moisture-gel-creme-P422648?skuId=1991702&icid2=products%20grid:p422648:product,P422648
https://www.sephora.com/product/farmacy-filling-good-hyaluronic-acid-plumping-serum-P471025?skuId=2449924&icid2=products%20grid:p471025:product,P471025
https://www.sephora.com/product/supergoop-superscreen-rich-hydrating-cream-spf-40-moisturizer-face-sunscreen-P509697?skuId=2735017&icid2=products%20grid:p509697:product,P509697
https://www.sephora.com/product/fresh-sugar-recovery-lip-mask-advanced-therapy-P474832?skuId=2476349&icid2=products%20grid:p474832:product,P474832
https://www.sephora.com/product/murad-the-science-healthy-skin-bright-even-tone-with-vitamin-c-P512294?skuId=2790004&icid2=products%20grid:p512294:product,P512294
https://www.sephora.com/product/peter-thomas-roth-instant-firmx-r-glow-filter-priming-serum-P510332?skuId=2762946&icid2=products%20grid:p510332:product,P510332
https://www.sephora.com/product/shadedrops-broad-spectrum-spf-30-mineral-milk-sunscreen-P500181?skuId=2536308&icid2=products%20grid:p500181:product,P500181
https://www.sephora.com/product/tula-skincare-rose-glow-get-it-hydrating-peptide-lip-treatment-P512939?skuId=2814259&icid2=products%20grid:p512939:product,P512939
https://www.sephora.com/product/multi-active-toner-P423150?skuId=2002129&icid2=products%20grid:p423150:product,P423150
https://www.sephora.com/product/brighten-i-eye-cream-P448802?skuId=2280428&icid2=products%20grid:p448802:product,P448802
https://www.sephora.com/product/nice-ice-frozen-toner-pods-with-niacinamide-to-depuff-soothe-P515032?skuId=2848521&icid2=products%20grid:p515032:product,P515032
https://www.sephora.com/product/retinol-firming-eye-cream-P411881?skuId=1862275&icid2=products%20grid:p411881:product,P411881
https://www.sephora.com/product/strivectin-advanced-retinol-nightly-multi-correct-serum-P504050?skuId=2644565&icid2=products%20grid:p504050:product,P504050
https://www.sephora.com/product/moon-juice-collagen-protect-reg-vegan-creamer-P471265?skuId=2457562&icid2=products%20grid:p471265:product,P471265
https://www.sephora.com/product/benefit-cosmetics-mini-porefessional-tight-n-toned-pore-refining-aha-pha-toner-P505052?skuId=2641652&icid2=products%20grid:p505052:product,P505052
https://www.sephora.com/product/tula-skincare-protect-glow-daily-sunscreen-gel-broad-spectrum-spf-30-P482753?skuId=2581635&icid2=products%20grid:p482753:product,P482753
https://www.sephora.com/product/tl-advanced-tm-tightening-neck-cream-plus-with-alpha-3-peptide-tm-P507877?skuId=2697217&icid2=products%20grid:p507877:product,P507877
https://www.sephora.com/product/skinpower-advanced-cream-P507674?skuId=2714889&icid2=products%20grid:p507674:product,P507674
https://www.sephora.com/product/cay-skin-deepwater-lip-mask-P501587?skuId=2600344&icid2=products%20grid:p501587:product,P501587
https://www.sephora.com/product/mini-honey-halo-ultra-hydrating-ceramide-moisturizer-P506692?skuId=2527620&icid2=products%20grid:p506692:product,P506692
https://www.sephora.com/product/tula-skincare-get-toned-pro-glycolic-reg-10-resurfacing-toner-P475189?skuId=2500791&icid2=products%20grid:p475189:product,P475189
https://www.sephora.com/product/alpha-beta-r-glow-pad-tm-self-tanner-for-face-P516344?skuId=2873495&icid2=products%20grid:p516344:product,P516344
https://www.sephora.com/product/instant-pore-perfector-P501781?skuId=2620938&icid2=products%20grid:p501781:product,P501781
https://www.sephora.com/product/kosas-bb-burst-tinted-moisturizer-gel-cream-with-copper-peptides-P510072?skuId=2737542&icid2=products%20grid:p510072:product,P510072
https://www.sephora.com/product/the-outset-exfoliating-revitalizing-energizing-caffeine-micro-polish-P504076?skuId=2644359&icid2=products%20grid:p504076:product,P504076
https://www.sephora.com/product/goopglow-exfoliating-dark-spot-sleep-serum-P501243?skuId=2591238&icid2=products%20grid:p501243:product,P501243
https://www.sephora.com/product/maison-louis-marie-no4-bois-de-balincourt-perfume-oil-rollerball-P472320?skuId=2444628&icid2=products%20grid:p472320:product,P472320
https://www.sephora.com/product/water-drench-hyaluronic-cloud-cream-P415701?skuId=1898550&icid2=products%20grid:p415701:product,P415701
https://www.sephora.com/product/mini-super-peptide-ghostberry-moisturizer-for-eczema-barrier-wrinkle-repair-P516437?skuId=2836088&icid2=products%20grid:p516437:product,P516437
https://www.sephora.com/product/pumpkin-enzymatic-dermal-resurfacer-P387261?skuId=1632868&icid2=products%20grid:p387261:product,P387261
https://www.sephora.com/product/necessaire-the-hand-cream-barrier-treatment-with-5-ceramides-5-peptides-2-5-niacinamide-P509085?skuId=2709442&icid2=products%20grid:p509085:product,P509085
https://www.sephora.com/product/yse-beauty-your-favorite-ex-tm-refillable-exfoliating-pads-with-glycolic-acid-ectoin-P517098?skuId=2886331&icid2=products%20grid:p517098:product,P517098
https://www.sephora.com/product/orgasm-afterglow-lip-balm-P13046537?skuId=2337590&icid2=products%20grid:p13046537:product,P13046537
https://www.sephora.com/product/laneige-water-sleeping-mask-with-niacinamide-and-squalane-P479330?skuId=2535243&icid2=products%20grid:p479330:product,P479330
https://www.sephora.com/product/josie-maran-argan-melt-away-cleansing-oil-P512924?skuId=2807113&icid2=products%20grid:p512924:product,P512924
https://www.sephora.com/product/alpyn-beauty-wild-nettle-niacinamide-firming-serum-P472302?skuId=2802106&icid2=products%20grid:p472302:product,P472302
https://www.sephora.com/product/sarah-creal-brilliant-repair-shield-illuminating-broad-spectrum-face-mineral-sunscreen-serum-spf-50-P513268?skuId=2852861&icid2=products%20grid:p513268:product,P513268
https://www.sephora.com/product/oil-control-mattifying-moisturizer-P122683?skuId=1580802&icid2=products%20grid:p122683:product,P122683
https://www.sephora.com/product/clarins-hydra-essentiel-silky-moisturizer-with-double-dose-hyaluronic-acid-P505335?skuId=2656452&icid2=products%20grid:p505335:product,P505335
https://www.sephora.com/product/jasmine-green-tea-balancing-toner-P421600?skuId=1979954&icid2=products%20grid:p421600:product,P421600
https://www.sephora.com/product/dior-capture-serum-P515200?skuId=2835759&icid2=products%20grid:p515200:product,P515200
https://www.sephora.com/product/dr-dennis-gross-skincare-vitamin-c-lactic-biocellulose-brightening-treatment-mask-P503927?skuId=2644003&icid2=products%20grid:p503927:product,P503927
https://www.sephora.com/product/benefiance-wrinkle-smoothing-cream-enriched-P448202?skuId=2234102&icid2=products%20grid:p448202:product,P448202
https://www.sephora.com/product/all-over-wash-for-face-hair-body-P12568?skuId=1714815&icid2=products%20grid:p12568:product,P12568
https://www.sephora.com/product/augustinus-bader-the-rich-cream-with-tfc8-face-moisturizer-P470509?skuId=2458842&icid2=products%20grid:p470509:product,P470509
https://www.sephora.com/product/the-body-peel-resurfacing-treatment-with-12-aha-bha-pha-1-resveratrol-peptide-P508659?skuId=2709434&icid2=products%20grid:p508659:product,P508659
https://www.sephora.com/product/exo-ectoin-retinol-alternative-intensive-skin-barrier-repair-baume-P515050?skuId=2831758&icid2=products%20grid:p515050:product,P515050
https://www.sephora.com/product/necessaire-the-body-wash-eucalyptus-nourishing-treatment-cleanse-with-lipid-rich-oils-niacinamide-with-pump-P511562?skuId=2840965&icid2=products%20grid:p511562:product,P511562
https://www.sephora.com/product/clarins-body-fit-active-contouring-smoothing-gel-cream-P510390?skuId=2736460&icid2=products%20grid:p510390:product,P510390
https://www.sephora.com/product/strivectin-contour-restore-trade-tightening-sculpting-moisturizing-face-cream-P480191?skuId=2533628&icid2=products%20grid:p480191:product,P480191
https://www.sephora.com/product/velvet-screen-spf-50-mattifying-mineral-fragrance-free-facial-sunscreen-P516211?skuId=2853760&icid2=products%20grid:p516211:product,P516211
https://www.sephora.com/product/caudalie-vinoclean-moisturizing-toner-rose-water-P468813?skuId=2421113&icid2=products%20grid:p468813:product,P468813
https://www.sephora.com/product/eye-balm-de-puffing-cooling-gel-P12570?skuId=1896174&icid2=products%20grid:p12570:product,P12570
https://www.sephora.com/product/paula-s-choice-resist-perfectly-balanced-foaming-cleanser-P469520?skuId=2421196&icid2=products%20grid:p469520:product,P469520
https://www.sephora.com/product/sephora-collection-purifying-charcoal-nose-pore-strip-P461522?skuId=2707701&icid2=products%20grid:p461522:product,P461522
https://www.sephora.com/product/deep-cleansing-foam-P433617?skuId=2100063&icid2=products%20grid:p433617:product,P433617
https://www.sephora.com/product/farmacy-honey-halo-moisturizer-jumbo-P475540?icid2=products%20grid:p475540:product,P475540
https://www.sephora.com/product/iris-romeo-mini-weekend-skin-spf-50-instant-glow-mineral-sunscreen-with-vitamin-c-niacinamide-P510786?skuId=2773257&icid2=products%20grid:p510786:product,P510786
https://www.sephora.com/product/daywear-advanced-multi-protection-anti-oxidant-creme-broad-spectrum-spf-15-normal-combination-P380000?skuId=1468164&icid2=products%20grid:p380000:product,P380000
https://www.sephora.com/product/summer-fridays-lip-butter-balm-P455936?skuId=2862480&icid2=products%20grid:p455936:product,P455936
https://www.sephora.com/product/the-ordinary-the-daily-set-P510439?skuId=2764116&icid2=products%20grid:p510439:product,P510439
https://www.sephora.com/product/drunk-elephant-umbra-100-mineral-cream-spf-30-pa-tinted-face-sunscreen-P511565?skuId=2776235&icid2=products%20grid:p511565:product,P511565
https://www.sephora.com/product/supreme-screen-spf-50-facial-sunscreen-moisturizer-primer-P516216?skuId=2853745&icid2=products%20grid:p516216:product,P516216
https://www.sephora.com/product/renergie-lift-multi-action-night-P376135?skuId=2694511&icid2=products%20grid:p376135:product,P376135
https://www.sephora.com/product/mini-cream-skin-refillable-toner-moisturizer-with-ceramides-peptides-P505895?skuId=2671873&icid2=products%20grid:p505895:product,P505895
https://www.sephora.com/product/the-pout-sparkling-rose-hyaluronic-acid-collagen-plumping-lip-serum-P438635?skuId=2163079&icid2=products%20grid:p438635:product,P438635
https://www.sephora.com/product/deep-exfoliating-cleanser-P500016?skuId=2581221&icid2=products%20grid:p500016:product,P500016
https://www.sephora.com/product/the-nue-co-skin-filter-vitamin-and-zinc-blemish-brightening-supplement-P476553?skuId=2526150&icid2=products%20grid:p476553:product,P476553
https://www.sephora.com/product/skin-perfecting-6-mandelic-acid-2-lactic-acid-liquid-exfoliant-P509307?skuId=2736247&icid2=products%20grid:p509307:product,P509307
https://www.sephora.com/product/the-cool-factor-calming-face-mist-for-sensitive-skin-P506133?skuId=2685949&icid2=products%20grid:p506133:product,P506133
https://www.sephora.com/product/ultra-repair-wild-oat-hydrating-toner-P447603?skuId=2265015&icid2=products%20grid:p447603:product,P447603
https://www.sephora.com/product/brightening-moisturizer-spf-50-with-vitamin-c-P516116?skuId=2871994&icid2=products%20grid:p516116:product,P516116
https://www.sephora.com/product/youth-to-the-people-hydrate-glow-dream-body-butter-P509279?skuId=2735264&icid2=products%20grid:p509279:product,P509279
https://www.sephora.com/product/dr-jart-every-sun-day-sun-fluid-spf-50-P457522?skuId=2344604&icid2=products%20grid:p457522:product,P457522
https://www.sephora.com/product/collagen-superfusion-firming-plumping-facial-oil-P500248?skuId=2551950&icid2=products%20grid:p500248:product,P500248
https://www.sephora.com/product/kiehls-ultra-facial-skin-barrier-repair-balm-with-squalane-P509515?skuId=2734838&icid2=products%20grid:p509515:product,P509515
https://www.sephora.com/product/acne-phage-serum-P514853?skuId=2836542&icid2=products%20grid:p514853:product,P514853
https://www.sephora.com/product/skinfix-eczema-ceramide-foot-relief-cream-P509431?skuId=2734432&icid2=products%20grid:p509431:product,P509431
https://www.sephora.com/product/moon-juice-ting-energy-metabolism-non-stim-supplement-with-ginseng-P477202?skuId=2496867&icid2=products%20grid:p477202:product,P477202
https://www.sephora.com/product/mini-boum-boum-milk-rebalancing-barrier-spray-P515448?skuId=2864353&icid2=products%20grid:p515448:product,P515448
https://www.sephora.com/product/moisturizing-lotion-P122809?skuId=1580794&icid2=products%20grid:p122809:product,P122809
https://www.sephora.com/product/the-depuffer-redness-reducing-depuffing-roll-on-serum-P510566?skuId=2647576&icid2=products%20grid:p510566:product,P510566
https://www.sephora.com/product/active-moist-P423142?skuId=2010247&icid2=products%20grid:p423142:product,P423142
https://www.sephora.com/product/kate-mcleod-mini-daily-stone-P484052?skuId=2584084&icid2=products%20grid:p484052:product,P484052
https://www.sephora.com/product/kosas-chemistry-aha-serum-deodorant-P461178?skuId=2601482&icid2=products%20grid:p461178:product,P461178
https://www.sephora.com/product/limited-edition-omega-repair-deep-hydration-moisturizer-with-ceramides-hyaluronic-acid-squalane-P516891?skuId=2867067&icid2=products%20grid:p516891:product,P516891
https://www.sephora.com/product/nuface-nuface-firming-brightening-silk-creme-P474967?skuId=2495596&icid2=products%20grid:p474967:product,P474967
https://www.sephora.com/product/dr-barbara-sturm-hyaluronic-serum-mini-P454936?skuId=2330918&icid2=products%20grid:p454936:product,P454936
https://www.sephora.com/product/skinfix-resurface-aha-bha-enzyme-exfoliating-pads-for-face-targeted-body-P471101?skuId=2428118&icid2=products%20grid:p471101:product,P471101
https://www.sephora.com/product/the-rich-eye-cream-P515436?skuId=2805000&icid2=products%20grid:p515436:product,P515436
https://www.sephora.com/product/tula-skincare-24-7-power-swipe-hydrating-day-night-treatment-eye-balm-P475201?skuId=2500957&icid2=products%20grid:p475201:product,P475201
https://www.sephora.com/product/the-inkey-list-mandelic-acid-treatment-P479722?skuId=2530731&icid2=products%20grid:p479722:product,P479722
https://www.sephora.com/product/rare-earth-deep-pore-cleansing-mask-P422002?skuId=1989359&icid2=products%20grid:p422002:product,P422002
https://www.sephora.com/product/peace-out-pore-perfecting-stick-P507210?skuId=2701068&icid2=products%20grid:p507210:product,P507210
https://www.sephora.com/product/hydro-cera-nol-real-deep-mask-for-dryness-relief-redness-soothing-P516061?skuId=2865152&icid2=products%20grid:p516061:product,P516061
https://www.sephora.com/product/premium-bb-tinted-moisturizer-with-niacinamide-spf-40-P501005?skuId=2604494&icid2=products%20grid:p501005:product,P501005
https://www.sephora.com/product/paulas-choice-build-your-barrier-kit-with-2percent-bha-foaming-cleanser-and-barrier-repair-moisturizer-P511679?skuId=2768091&icid2=products%20grid:p511679:product,P511679
https://www.sephora.com/product/elemis-pro-collagen-future-serum-P512592?skuId=2807576&icid2=products%20grid:p512592:product,P512592
https://www.sephora.com/product/sos-save-our-skin-daily-rescue-facial-spray-mini-P448853?skuId=2527836&icid2=products%20grid:p448853:product,P448853
https://www.sephora.com/product/anti-age-eye-cream-P257804?skuId=1202464&icid2=products%20grid:p257804:product,P257804
https://www.sephora.com/product/shani-darden-mini-triple-acid-signature-peel-P512166?skuId=2790210&icid2=products%20grid:p512166:product,P512166
https://www.sephora.com/product/drunk-elephant-bouncy-brightfacial-brightening-mask-with-10-azelaic-acid-1-salicylic-acid-P503693?skuId=2633030&icid2=products%20grid:p503693:product,P503693
https://www.sephora.com/product/soleil-toujours-face-glow-tinted-moisturizer-mineral-spf-50-with-vitamin-c-P513279?skuId=2811180&icid2=products%20grid:p513279:product,P513279
https://www.sephora.com/product/mini-smoothing-firming-almond-supple-skin-body-oil-P518199?skuId=2860526&icid2=products%20grid:p518199:product,P518199
https://www.sephora.com/product/peace-out-retinol-face-stick-P479340?skuId=2531762&icid2=products%20grid:p479340:product,P479340
https://www.sephora.com/product/sarah-creal-moisture-source-brightening-hydrating-essence-with-hyaluronic-acid-P513271?skuId=2823748&icid2=products%20grid:p513271:product,P513271
https://www.sephora.com/product/clinique-all-about-clean-trade-2-in-1-charcoal-mask-scrub-P469452?skuId=2421774&icid2=products%20grid:p469452:product,P469452
https://www.sephora.com/product/elemis-pro-collagen-anti-aging-marine-cream-spf-30-P510337?skuId=2758951&icid2=products%20grid:p510337:product,P510337
https://www.sephora.com/product/water-drench-hyaluronic-cloud-hydra-gel-eye-patches-P423254?skuId=1976984&icid2=products%20grid:p423254:product,P423254
https://www.sephora.com/product/nest-indian-jasmine-perfume-oil-P470230?skuId=2411387&icid2=products%20grid:p470230:product,P470230
https://www.sephora.com/product/infrared-sauna-blanket-for-full-body-detox-P508197?skuId=2721066&icid2=products%20grid:p508197:product,P508197
https://www.sephora.com/product/kiehls-super-multi-corrective-eye-zone-treatment-P480177?skuId=2532356&icid2=products%20grid:p480177:product,P480177
https://www.sephora.com/product/dermalogica-daily-glycolic-cleanser-P474822?skuId=2479806&icid2=products%20grid:p474822:product,P474822
https://www.sephora.com/product/fenty-skin-fat-water-pore-refining-toner-serum-P467248?skuId=2703700&icid2=products%20grid:p467248:product,P467248
https://www.sephora.com/product/firmx-r-collagen-face-eye-hydra-gel-patches-P500244?skuId=2533339&icid2=products%20grid:p500244:product,P500244
https://www.sephora.com/product/sd-advanced-trade-plus-intensive-moisturizer-for-stretchmarks-and-wrinkles-P474121?skuId=2763886&icid2=products%20grid:p474121:product,P474121
https://www.sephora.com/product/sol-de-janeiro-mini-bom-dia-bright-body-cream-P470126?skuId=2448074&icid2=products%20grid:p470126:product,P470126
https://www.sephora.com/product/indigo-cleansing-balm-P506735?skuId=2846012&icid2=products%20grid:p506735:product,P506735
https://www.sephora.com/product/clinique-take-day-off-tm-facial-cleansing-mousse-P510025?skuId=2734507&icid2=products%20grid:p510025:product,P510025
https://www.sephora.com/product/lancome-absolue-home-away-face-moisturizer-gift-set-P511149?skuId=2772960&icid2=products%20grid:p511149:product,P511149
https://www.sephora.com/product/metal-facial-razor-P458724?skuId=2876084&icid2=products%20grid:p458724:product,P458724
https://www.sephora.com/product/peter-thomas-roth-mini-water-drench-reg-hyaluronic-hydrating-moisturizer-spf-45-P471065?skuId=2443521&icid2=products%20grid:p471065:product,P471065
https://www.sephora.com/product/the-eye-balm-intense-P417111?skuId=1932326&icid2=products%20grid:p417111:product,P417111
https://www.sephora.com/product/facial-treatment-clear-lotion-P375853?skuId=1850338&icid2=products%20grid:p375853:product,P375853
https://www.sephora.com/product/luna-daily-the-hydrating-everywhere-spray-to-wipe-with-prebiotics-vitamins-c-e-omegas-3-6-P505719?skuId=2737310&icid2=products%20grid:p505719:product,P505719
https://www.sephora.com/product/biossance-squalane-10-lactic-acid-resurfacing-night-serum-P453224?skuId=2315133&icid2=products%20grid:p453224:product,P453224
https://www.sephora.com/product/sugar-treat-hydrating-high-shine-lip-oil-P516841?icid2=products%20grid:p516841:product,P516841
https://www.sephora.com/product/herbivore-botanicals-super-nova-5-thd-vitamin-c-caffeine-brightening-eye-cream-P503923?skuId=2645588&icid2=products%20grid:p503923:product,P503923
https://www.sephora.com/product/sulwhasoo-first-care-activating-serum-ad-P469538?skuId=2698447&icid2=products%20grid:p469538:product,P469538
https://www.sephora.com/product/guerlain-abeille-royale-cleansing-foam-P513749?skuId=2823508&icid2=products%20grid:p513749:product,P513749
https://www.sephora.com/product/dewy-days-ahead-set-P514799?skuId=2838472&icid2=products%20grid:p514799:product,P514799
https://www.sephora.com/product/isle-paradise-self-tanning-mitt-P482009?skuId=2871812&icid2=products%20grid:p482009:product,P482009
https://www.sephora.com/product/summer-fridays-dream-lip-oil-P509439?skuId=2744696&icid2=products%20grid:p509439:product,P509439
https://www.sephora.com/product/tula-skincare-24-7-moisturizer-hydrating-day-night-cream-intense-P503652?skuId=2645711&icid2=products%20grid:p503652:product,P503652
https://www.sephora.com/product/josie-maran-mini-always-nude-unscented-argan-oil-sugar-balm-refillable-exfoliating-body-scrub-P510449?skuId=2764710&icid2=products%20grid:p510449:product,P510449
https://www.sephora.com/product/nourishing-moisturizer-hydrate-repair-P438620?skuId=2457968&icid2=products%20grid:p438620:product,P438620
https://www.sephora.com/product/santal-deodorant-72-hour-extra-strength-mandelic-acid-deodorant-P515219?skuId=2839611&icid2=products%20grid:p515219:product,P515219
https://www.sephora.com/product/self-tan-face-drops-P516435?skuId=2871952&icid2=products%20grid:p516435:product,P516435
https://www.sephora.com/product/midnight-recovery-concentrate-P421998?skuId=1988732&icid2=products%20grid:p421998:product,P421998
https://www.sephora.com/product/sol-de-janeiro-rio-radiance-tm-spf-50-body-spray-sunscreen-with-niacinamide-P510914?skuId=2742146&icid2=products%20grid:p510914:product,P510914
https://www.sephora.com/product/la-mer-the-essential-tonic-P510081?skuId=2748572&icid2=products%20grid:p510081:product,P510081
https://www.sephora.com/product/gisou-lip-oil-P505233?skuId=2858033&icid2=products%20grid:p505233:product,P505233
https://www.sephora.com/product/drunk-elephant-hydra-the-bright-tm-serum-duo-P511389?skuId=2772382&icid2=products%20grid:p511389:product,P511389
https://www.sephora.com/product/extra-lip-tint-P404241?skuId=2670024&icid2=products%20grid:p404241:product,P404241
https://www.sephora.com/product/oui-the-people-featherweight-hydrating-body-gloss-serum-with-squalane-P506717?skuId=2711083&icid2=products%20grid:p506717:product,P506717
https://www.sephora.com/product/korres-greek-yoghurt-foaming-cream-cleanser-mini-P456413?skuId=2338366&icid2=products%20grid:p456413:product,P456413
https://www.sephora.com/product/dior-lip-glow-oil-P453814?skuId=2864015&icid2=products%20grid:p453814:product,P453814
https://www.sephora.com/product/drunk-elephant-beste-trade-no-9-jelly-cleanser-mini-P471547?skuId=2429884&icid2=products%20grid:p471547:product,P471547
https://www.sephora.com/product/sol-de-janeiro-brazilian-crush-cheriosa-40-hair-body-fragrance-mist-P472072?skuId=2461812&icid2=products%20grid:p472072:product,P472072
https://www.sephora.com/product/innisfree-sulfate-free-green-tea-amino-acid-cleansing-foam-P503928?skuId=2740538&icid2=products%20grid:p503928:product,P503928
https://www.sephora.com/product/rosie-everyday-body-oil-P504811?skuId=2673754&icid2=products%20grid:p504811:product,P504811
https://www.sephora.com/product/aqua-bomb-hydrating-toner-P449175?skuId=2280295&icid2=products%20grid:p449175:product,P449175
https://www.sephora.com/product/instant-pore-oil-control-roller-with-halloysite-clay-P514852?skuId=2828556&icid2=products%20grid:p514852:product,P514852
https://www.sephora.com/product/aha-30-bha-2-peeling-solution-P442563?icid2=products%20grid:p442563:product,P442563
https://www.sephora.com/product/hydra-mousse-hydrating-self-tan-mousse-P424984?skuId=2012292&icid2=products%20grid:p424984:product,P424984
https://www.sephora.com/product/tatcha-the-serum-stick-treatment-touch-up-balm-P454018?skuId=2315323&icid2=products%20grid:p454018:product,P454018
https://www.sephora.com/product/summer-fridays-midnight-ritual-retinol-renewal-serum-P503827?skuId=2632651&icid2=products%20grid:p503827:product,P503827
https://www.sephora.com/product/soft-services-carea-cream-moisturizing-softening-body-lotion-P510336?skuId=2678209&icid2=products%20grid:p510336:product,P510336
https://www.sephora.com/product/necessaire-the-body-wash-santal-therapeutic-treatment-cleanse-with-epsom-salt-minerals-with-pump-P515478?skuId=2840973&icid2=products%20grid:p515478:product,P515478
https://www.sephora.com/product/drunk-elephant-mini-protini-trade-polypeptide-moisturizer-P465752?skuId=2385748&icid2=products%20grid:p465752:product,P465752
https://www.sephora.com/product/youth-to-the-people-retinal-niacinamide-youth-serum-P482329?skuId=2536126&icid2=products%20grid:p482329:product,P482329
https://www.sephora.com/product/concentrated-ginseng-rejuventating-eye-cream-for-anti-aging-P516423?skuId=2844439&icid2=products%20grid:p516423:product,P516423
https://www.sephora.com/product/dam-dam-matcha-boost-hydrating-restorative-eye-serum-P510871?skuId=2756732&icid2=products%20grid:p510871:product,P510871
https://www.sephora.com/product/major-fade-dark-spot-aha-face-mask-P510556?skuId=2647543&icid2=products%20grid:p510556:product,P510556
https://www.sephora.com/product/kombucha-10-37-aha-power-exfoliant-with-lactic-acid-glycolic-acid-P502479?skuId=2600369&icid2=products%20grid:p502479:product,P502479
https://www.sephora.com/product/la-mer-mini-moisturizing-fresh-cream-P510606?skuId=2748861&icid2=products%20grid:p510606:product,P510606
https://www.sephora.com/product/renergie-c-r-x-triple-serum-retinol-P516756?skuId=2860138&icid2=products%20grid:p516756:product,P516756
https://www.sephora.com/product/fresh-black-tea-anti-aging-moisturizer-with-retinol-alternative-bt-matrix-P503936?skuId=2636660&icid2=products%20grid:p503936:product,P503936
https://www.sephora.com/product/turmeric-brightening-exfoliating-mask-P433627?skuId=2087237&icid2=products%20grid:p433627:product,P433627
https://www.sephora.com/product/the-essentials-P430809?skuId=2620904&icid2=products%20grid:p430809:product,P430809
https://www.sephora.com/product/beard-lube-conditioning-shave-P12569?skuId=1222371&icid2=products%20grid:p12569:product,P12569
https://www.sephora.com/product/the-inkey-list-peptide-moisturizer-P455369?skuId=2335610&icid2=products%20grid:p455369:product,P455369
https://www.sephora.com/product/banana-bright-vitamin-c-eye-cre-me-P500613?skuId=2593309&icid2=products%20grid:p500613:product,P500613
https://www.sephora.com/product/kiehls-super-multi-corrective-cream-P461948?skuId=2381929&icid2=products%20grid:p461948:product,P461948
https://www.sephora.com/product/refy-beauty-eye-balm-P511689?skuId=2763209&icid2=products%20grid:p511689:product,P511689
https://www.sephora.com/product/drunk-elephant-sweet-pitti-deodorant-cream-P457685?skuId=2346526&icid2=products%20grid:p457685:product,P457685
https://www.sephora.com/product/dew-dream-hydrating-makeup-removing-cleansing-balm-with-tiger-grass-P501421?skuId=2606531&icid2=products%20grid:p501421:product,P501421
https://www.sephora.com/product/age-smart-phyto-nature-firming-serum-P449177?skuId=2242535&icid2=products%20grid:p449177:product,P449177
https://www.sephora.com/product/signature-nourishing-facial-mask-with-squalane-P507635?skuId=2696219&icid2=products%20grid:p507635:product,P507635
https://www.sephora.com/product/super-spot-remover-acne-treatment-gel-P297517?skuId=1375690&icid2=products%20grid:p297517:product,P297517
https://www.sephora.com/product/ole-henriksen-truth-juice-daily-cleanser-P453227?skuId=2314243&icid2=products%20grid:p453227:product,P453227
https://www.sephora.com/product/line-smoother-oil-free-face-moisturizer-P12574?skuId=564294&icid2=products%20grid:p12574:product,P12574
https://www.sephora.com/product/power-cleanse-duo-P446638?skuId=2250249&icid2=products%20grid:p446638:product,P446638
https://www.sephora.com/product/mara-beauty-mini-algae-moringa-reg-universal-face-oil-P504026?skuId=2633170&icid2=products%20grid:p504026:product,P504026
https://www.sephora.com/product/luna-daily-the-skin-support-oil-for-stretch-marks-hyperpigmentation-uneven-skin-texture-P511399?skuId=2766392&icid2=products%20grid:p511399:product,P511399
https://www.sephora.com/product/atobarrier365-lightweight-face-lotion-with-ceramides-niacinamide-for-skin-moisture-barrier-repair-P515497?skuId=2844926&icid2=products%20grid:p515497:product,P515497
https://www.sephora.com/product/aha-bha-exfoliating-cleanser-P4010?skuId=2835833&icid2=products%20grid:p4010:product,P4010
https://www.sephora.com/product/moroccanoil-body-polishing-scrub-P502662?skuId=2612836&icid2=products%20grid:p502662:product,P502662
https://www.sephora.com/product/phlur-missing-person-body-oil-P510836?skuId=2766186&icid2=products%20grid:p510836:product,P510836
https://www.sephora.com/product/mario-badescu-glycolic-foaming-cleanser-P440489?skuId=2185080&icid2=products%20grid:p440489:product,P440489
https://www.sephora.com/product/topicals-like-butter-moisturizer-for-dry-sensitive-eczema-prone-skin-P504904?skuId=2653475&icid2=products%20grid:p504904:product,P504904
https://www.sephora.com/product/tula-skincare-instant-de-puff-eye-renewal-serum-P475188?skuId=2500775&icid2=products%20grid:p475188:product,P475188
https://www.sephora.com/product/soleil-toujours-brightening-eye-cream-mineral-spf-30-with-niacinamide-vitamin-c-P510446?skuId=2761690&icid2=products%20grid:p510446:product,P510446
https://www.sephora.com/product/watermelon-glow-aha-night-treatment-P501254?skuId=2535151&icid2=products%20grid:p501254:product,P501254
https://www.sephora.com/product/detox-face-cleanser-cape-town-P515315?skuId=2841120&icid2=products%20grid:p515315:product,P515315
https://www.sephora.com/product/yse-beauty-your-favorite-ex-exfoliating-gel-P517106?skuId=2886281&icid2=products%20grid:p517106:product,P517106
https://www.sephora.com/product/biossance-pro-peptide-tm-hydrating-lip-perfector-balm-with-hyaluronic-acid-P513592?skuId=2797942&icid2=products%20grid:p513592:product,P513592
https://www.sephora.com/product/lip-oasis-glossy-treatment-P515779?skuId=2816957&icid2=products%20grid:p515779:product,P515779
https://www.sephora.com/product/dr-barbara-sturm-super-anti-aging-dual-serum-with-triple-hyaluronic-acid-glutathione-skullcap-ceramide-peptide-complex-P513600?skuId=2790178&icid2=products%20grid:p513600:product,P513600
https://www.sephora.com/product/laneige-mini-water-bank-blue-hyaluronic-intensive-moisturizer-with-peptides-squalane-P510578?skuId=2743219&icid2=products%20grid:p510578:product,P510578
https://www.sephora.com/product/noni-glow-face-oil-mini-P434336?skuId=2120491&icid2=products%20grid:p434336:product,P434336
https://www.sephora.com/product/supergoop-play-100-mineral-lotion-spf-50-P482746?skuId=2535755&icid2=products%20grid:p482746:product,P482746
https://www.sephora.com/product/glossier-universal-pro-retinol-overnight-renewing-treatment-P504815?skuId=2649465&icid2=products%20grid:p504815:product,P504815
https://www.sephora.com/product/shiseido-vital-perfection-intensive-wrinklespot-treatment-P468406?skuId=2435253&icid2=products%20grid:p468406:product,P468406
https://www.sephora.com/product/clarifying-cleansing-foam-P433618?skuId=2100071&icid2=products%20grid:p433618:product,P433618
https://www.sephora.com/product/aqua-bomb-sleeping-mask-P433443?skuId=2111649&icid2=products%20grid:p433443:product,P433443
https://www.sephora.com/product/glossier-priming-moisturizer-rich-face-cream-with-ceramides-P504773?skuId=2649515&icid2=products%20grid:p504773:product,P504773
https://www.sephora.com/product/palo-santo-curl-mousse-for-curls-coils-P515009?skuId=2845196&icid2=products%20grid:p515009:product,P515009
https://www.sephora.com/product/luna-daily-the-everywhere-oil-for-ingrown-hairs-redness-bumps-with-rosehip-oil-vitamins-P509038?skuId=2723161&icid2=products%20grid:p509038:product,P509038
https://www.sephora.com/product/derminfusions-fill-repair-eye-cream-P515348?skuId=2863397&icid2=products%20grid:p515348:product,P515348
https://www.sephora.com/product/dior-capture-totale-hyalushot-wrinkle-corrector-with-hyaluronic-acid-P509767?skuId=2695021&icid2=products%20grid:p509767:product,P509767
https://www.sephora.com/product/jack-black-charcoal-body-buff-exfoliating-cleanser-P477174?skuId=2483618&icid2=products%20grid:p477174:product,P477174
https://www.sephora.com/product/city-skin-age-defense-broad-spectrum-spf-50-pa-P417980?skuId=1933076&icid2=products%20grid:p417980:product,P417980
https://www.sephora.com/product/the-acne-set-P507659?skuId=2698355&icid2=products%20grid:p507659:product,P507659
https://www.sephora.com/product/yse-beauty-morning-cocktail-vitamin-c-serum-with-niacinamide-azelaic-acid-P517099?skuId=2886307&icid2=products%20grid:p517099:product,P517099
https://www.sephora.com/product/summer-fridays-jet-lag-tm-eye-patches-P515210?skuId=2858389&icid2=products%20grid:p515210:product,P515210
https://www.sephora.com/product/active-algae-lightweight-moisturizer-P500055?skuId=2581593&icid2=products%20grid:p500055:product,P500055
https://www.sephora.com/product/alpyn-beauty-wild-huckleberry-brightening-peel-mask-for-sensitive-skin-P506723?skuId=2802072&icid2=products%20grid:p506723:product,P506723
https://www.sephora.com/product/apres-skin-moisturizer-P515154?skuId=2839959&icid2=products%20grid:p515154:product,P515154
https://www.sephora.com/product/topicals-slick-salve-glossy-lip-balm-for-soothing-hydration-P509711?skuId=2740660&icid2=products%20grid:p509711:product,P509711
https://www.sephora.com/product/ole-henriksen-let-s-get-luminous-brightening-essentials-set-P503572?skuId=2593317&icid2=products%20grid:p503572:product,P503572
https://www.sephora.com/product/mara-beauty-sea-silk-lip-balm-P504134?skuId=2633105&icid2=products%20grid:p504134:product,P504134
https://www.sephora.com/product/dermalogica-pro-collagen-banking-serum-with-polyglutamic-acid-P509676?skuId=2736775&icid2=products%20grid:p509676:product,P509676
https://www.sephora.com/product/daily-defense-face-mist-spf-50-sunscreen-P517982?skuId=2871945&icid2=products%20grid:p517982:product,P517982
https://www.sephora.com/product/red-light-face-mask-for-fine-lines-glowing-skin-P508179?skuId=2721041&icid2=products%20grid:p508179:product,P508179
https://www.sephora.com/product/glow-even-brighter-banana-bright-makeup-prep-set-P516410?skuId=2869634&icid2=products%20grid:p516410:product,P516410
https://www.sephora.com/product/vitamin-c-lactic-creamy-cleansing-oil-P511604?skuId=2767713&icid2=products%20grid:p511604:product,P511604
https://www.sephora.com/product/laneige-water-bank-blue-hyaluronic-intensive-moisturizer-with-peptides-squalane-P509661?skuId=2743144&icid2=products%20grid:p509661:product,P509661
https://www.sephora.com/product/rapid-relief-acne-sulfur-clay-mask-with-salicylic-acid-P506569?skuId=2696185&icid2=products%20grid:p506569:product,P506569
https://www.sephora.com/product/benefit-cosmetics-the-porefessional-good-cleanup-foaming-cleanser-P505020?skuId=2641629&icid2=products%20grid:p505020:product,P505020
https://www.sephora.com/product/bobbi-brown-mini-soothing-cleansing-oil-P509395?skuId=2740470&icid2=products%20grid:p509395:product,P509395
https://www.sephora.com/product/oui-the-people-clean-slate-lactic-acid-smoothing-body-wash-P506718?skuId=2711075&icid2=products%20grid:p506718:product,P506718
https://www.sephora.com/product/st-tropez-tanning-essentials-luxe-body-serum-P504785?skuId=2643989&icid2=products%20grid:p504785:product,P504785
https://www.sephora.com/product/bum-bum-jet-set-P444048?skuId=2205417&icid2=products%20grid:p444048:product,P444048
https://www.sephora.com/product/your-skin-but-better-cc-illumination-cream-spf-50-P411884?skuId=1869015&icid2=products%20grid:p411884:product,P411884
https://www.sephora.com/product/maude-soothe-ingrown-hair-oil-P505693?skuId=2679710&icid2=products%20grid:p505693:product,P505693
https://www.sephora.com/product/augustinus-bader-the-eye-patches-P506553?skuId=2694388&icid2=products%20grid:p506553:product,P506553
https://www.sephora.com/product/invisiblur-perfecting-shield-broad-spectrum-spf-30-pa-P394397?skuId=2212058&icid2=products%20grid:p394397:product,P394397
https://www.sephora.com/product/over-it-magic-self-tan-eraser-P431419?skuId=2078426&icid2=products%20grid:p431419:product,P431419
https://www.sephora.com/product/therabody-theraface-depuffing-wand-for-under-eye-bags-dark-circles-P513501?skuId=2823482&icid2=products%20grid:p513501:product,P513501
https://www.sephora.com/product/soft-services-comfort-cleanse-ultra-soothing-moisturizing-body-wash-P510357?skuId=2678217&icid2=products%20grid:p510357:product,P510357
https://www.sephora.com/product/paula-s-choice-clear-pore-normalizing-acne-cleanser-P469513?skuId=2421261&icid2=products%20grid:p469513:product,P469513
https://www.sephora.com/product/creme-de-la-mer-mini-P426501?skuId=1932193&icid2=products%20grid:p426501:product,P426501
https://www.sephora.com/product/bright-eyes-collagen-infused-brightening-colloidal-silver-eye-masks-P438637?skuId=2163053&icid2=products%20grid:p438637:product,P438637
https://www.sephora.com/product/the-cleanse-soft-foaming-cleanser-make-up-remover-P506563?skuId=2685527&icid2=products%20grid:p506563:product,P506563
https://www.sephora.com/product/lancome-hydra-zen-oil-free-gel-cream-with-hyaluronic-acid-salicylic-acid-P513611?skuId=2813293&icid2=products%20grid:p513611:product,P513611
https://www.sephora.com/product/vibrant-screen-spf-50-water-resistant-face-body-sunscreen-P516208?skuId=2853810&icid2=products%20grid:p516208:product,P516208
https://www.sephora.com/product/ole-henriksen-double-rewind-pro-grade-retinol-P509316?skuId=2731826&icid2=products%20grid:p509316:product,P509316
https://www.sephora.com/product/makeup-by-mario-perfecting-lip-scrub-P477805?skuId=2502441&icid2=products%20grid:p477805:product,P477805
https://www.sephora.com/product/murad-the-science-healthy-skin-clear-breakouts-control-oil-P512302?skuId=2789980&icid2=products%20grid:p512302:product,P512302
https://www.sephora.com/product/foreo-luna-tm-4-facial-cleansing-firming-massage-for-sensitive-skin-P502827?skuId=2604387&icid2=products%20grid:p502827:product,P502827
https://www.sephora.com/product/shiseido-urban-environment-oil-free-spf-42-face-sunscreen-with-hyaluronic-acid-P482739?skuId=2534907&icid2=products%20grid:p482739:product,P482739
https://www.sephora.com/product/daywear-advanced-multi-protection-anti-oxidant-creme-broad-spectrum-spf-15-dry-P380001?skuId=1468156&icid2=products%20grid:p380001:product,P380001
https://www.sephora.com/product/a-perfect-world-spf-40-age-defense-moisturizer-with-white-tea-P417307?skuId=1916261&icid2=products%20grid:p417307:product,P417307
https://www.sephora.com/product/sol-de-janeiro-bum-bum-body-scrub-P459306?skuId=2742104&icid2=products%20grid:p459306:product,P459306
https://www.sephora.com/product/fusion-water-magic-spf-40-sunscreen-with-hyaluronic-acid-vitamin-e-P516222?skuId=2858694&icid2=products%20grid:p516222:product,P516222
https://www.sephora.com/product/plump-juicy-lip-collagen-booster-P500329?skuId=2600849&icid2=products%20grid:p500329:product,P500329
https://www.sephora.com/product/sealed-active-scar-filing-primer-P506832?skuId=2705606&icid2=products%20grid:p506832:product,P506832
https://www.sephora.com/product/maracuja-oil-mini-P449835?skuId=1659556&icid2=products%20grid:p449835:product,P449835
https://www.sephora.com/product/jack-black-black-reserve-body-hair-cleanser-P455232?skuId=2332955&icid2=products%20grid:p455232:product,P455232
https://www.sephora.com/product/dr-jart-cicapair-tm-redness-rescue-kit-for-sensitive-skin-P509937?skuId=2733947&icid2=products%20grid:p509937:product,P509937
https://www.sephora.com/product/guerlain-abeille-royale-double-clarify-repair-essence-P510314?skuId=2755890&icid2=products%20grid:p510314:product,P510314
https://www.sephora.com/product/zero-baggage-anti-dark-circle-eye-cream-P433975?skuId=2122299&icid2=products%20grid:p433975:product,P433975
https://www.sephora.com/product/brighten-glow-eye-cream-with-niacinamide-P506567?skuId=2700995&icid2=products%20grid:p506567:product,P506567
https://www.sephora.com/product/clarifying-lotion-4-P122876?skuId=1295682&icid2=products%20grid:p122876:product,P122876
https://www.sephora.com/product/socal-superbloom-lip-cheek-blush-hydrating-soft-stain-with-hyaluronic-acid-P507322?skuId=2698306&icid2=products%20grid:p507322:product,P507322
https://www.sephora.com/product/micellar-makeup-removing-cleansing-pads-P515033?skuId=2836518&icid2=products%20grid:p515033:product,P515033
https://www.sephora.com/product/atobarrier365-cream-with-ceramides-niacinamide-for-skin-moisture-barrier-repair-P515494?skuId=2844942&icid2=products%20grid:p515494:product,P515494
https://www.sephora.com/product/dreambeam-moisturizing-mineral-sunscreen-spf-40-with-ceramides-and-peptides-P505327?skuId=2761633&icid2=products%20grid:p505327:product,P505327
https://www.sephora.com/product/mara-beauty-plankton-pha-flower-acid-algae-serum-P504199?skuId=2633089&icid2=products%20grid:p504199:product,P504199
https://www.sephora.com/product/caudalie-mini-pore-minimizing-instant-detox-mask-P504887?skuId=2642650&icid2=products%20grid:p504887:product,P504887
https://www.sephora.com/product/st-tropez-tanning-essentials-self-tan-express-bronzing-mousse-tropical-colada-P511284?skuId=2759231&icid2=products%20grid:p511284:product,P511284
https://www.sephora.com/product/peter-thomas-roth-potent-c-trade-power-brightening-hydra-gels-P464799?skuId=2377364&icid2=products%20grid:p464799:product,P464799
https://www.sephora.com/product/pearl-peptide-glaze-hydrating-brightening-facial-essence-P515733?skuId=2839942&icid2=products%20grid:p515733:product,P515733
https://www.sephora.com/product/josie-maran-vanilla-bean-whipped-argan-oil-refillable-firming-body-butter-P510465?skuId=2766996&icid2=products%20grid:p510465:product,P510465
https://www.sephora.com/product/kate-somerville-kateceuticals-lifting-eye-cream-P469111?skuId=2446953&icid2=products%20grid:p469111:product,P469111
https://www.sephora.com/product/macrene-actives-high-performance-eye-cream-for-dark-circles-with-hyaluronic-acid-P505142?skuId=2827962&icid2=products%20grid:p505142:product,P505142
https://www.sephora.com/product/the-jet-lag-tm-essentials-set-P516163?skuId=2858371&icid2=products%20grid:p516163:product,P516163
https://www.sephora.com/product/elemis-dynamic-gentle-resurfacing-pads-with-lactic-acid-P510338?skuId=2759066&icid2=products%20grid:p510338:product,P510338
https://www.sephora.com/product/sunday-riley-5-stars-retinoid-niacinamide-eye-serum-P476414?skuId=2479822&icid2=products%20grid:p476414:product,P476414
https://www.sephora.com/product/murad-retinal-resculpt-eye-treatment-P509325?skuId=2736361&icid2=products%20grid:p509325:product,P509325
https://www.sephora.com/product/shiseido-mini-urban-environment-oil-free-spf-42-face-sunscreen-with-hyaluronic-acid-P482740?skuId=2534899&icid2=products%20grid:p482740:product,P482740
https://www.sephora.com/product/lancome-absolue-revitalizing-eye-cream-P512693?skuId=2804334&icid2=products%20grid:p512693:product,P512693
https://www.sephora.com/product/nudestix-nudeskin-citrus-c-mask-daily-moisturizer-P476893?skuId=2530632&icid2=products%20grid:p476893:product,P476893
https://www.sephora.com/product/sarah-creal-firm-offer-ultimate-4-in-1-peptide-eye-cream-primer-for-fine-lines-P513275?skuId=2823722&icid2=products%20grid:p513275:product,P513275
https://www.sephora.com/product/paulas-choice-pro-collagen-multi-peptide-booster-P504433?skuId=2643658&icid2=products%20grid:p504433:product,P504433
https://www.sephora.com/product/skin-smoothing-cream-P443359?skuId=2221141&icid2=products%20grid:p443359:product,P443359
https://www.sephora.com/product/thicc-n-smooth-rich-peptide-eye-cream-P514578?skuId=2813814&icid2=products%20grid:p514578:product,P514578
https://www.sephora.com/product/fenty-skin-rihanna-hydra-reset-intensive-recovery-hand-mask-P477763?skuId=2648780&icid2=products%20grid:p477763:product,P477763
https://www.sephora.com/product/beta-hydroxy-acid-P442871?skuId=2211597&icid2=products%20grid:p442871:product,P442871
https://www.sephora.com/product/benefiance-wrinkleresist24-pure-retinol-express-soothing-eye-mask-P173619?skuId=1594167&icid2=products%20grid:p173619:product,P173619
https://www.sephora.com/product/dior-hydra-life-fresh-sorbet-creme-moisturizer-P481970?skuId=2533578&icid2=products%20grid:p481970:product,P481970
https://www.sephora.com/product/rose-face-mask-P12336?skuId=562090&icid2=products%20grid:p12336:product,P12336
https://www.sephora.com/product/54-thrones-african-beauty-butter-mini-gift-set-P476418?skuId=2507390&icid2=products%20grid:p476418:product,P476418
https://www.sephora.com/product/sol-de-janeiro-cheirosa-59-perfume-mist-P509438?skuId=2734093&icid2=products%20grid:p509438:product,P509438
https://www.sephora.com/product/banana-bright-face-primer-P442012?skuId=2174860&icid2=products%20grid:p442012:product,P442012
https://www.sephora.com/product/goop-goopglow-cloudberry-exfoliating-jelly-cleanser-P480606?skuId=2535979&icid2=products%20grid:p480606:product,P480606
https://www.sephora.com/product/the-body-creme-P417116?skuId=1932474&icid2=products%20grid:p417116:product,P417116
https://www.sephora.com/product/dr-barbara-sturm-darker-skin-tones-enzyme-cleanser-P448546?skuId=2270189&icid2=products%20grid:p448546:product,P448546
https://www.sephora.com/product/nuface-nuface-hydrating-aqua-gel-P474968?skuId=2495604&icid2=products%20grid:p474968:product,P474968
https://www.sephora.com/product/the-ordinary-balancing-clarifying-serum-for-blemish-prone-skin-P511984?skuId=2768075&icid2=products%20grid:p511984:product,P511984
https://www.sephora.com/product/ranavat-luminous-ceremony-balancing-cream-cleanser-with-antioxidants-P481371?skuId=2564193&icid2=products%20grid:p481371:product,P481371
https://www.sephora.com/product/mara-beauty-chia-moringa-algae-enzyme-cleansing-oil-P503992?skuId=2633147&icid2=products%20grid:p503992:product,P503992
https://www.sephora.com/product/peace-out-salicylic-acid-acne-treatment-serum-P502997?skuId=2734747&icid2=products%20grid:p502997:product,P502997
https://www.sephora.com/product/salt-stone-black-rose-oud-extra-strength-aluminum-free-deodorant-P510329?skuId=2759587&icid2=products%20grid:p510329:product,P510329
https://www.sephora.com/product/dr-barbara-sturm-calming-serum-P447788?skuId=2269918&icid2=products%20grid:p447788:product,P447788
https://www.sephora.com/product/the-outset-firming-vegan-collagen-prep-serum-P483697?skuId=2577120&icid2=products%20grid:p483697:product,P483697
https://www.sephora.com/product/all-about-eyes-serum-de-puffing-eye-massage-P257537?skuId=1234897&icid2=products%20grid:p257537:product,P257537
https://www.sephora.com/product/c-firma-day-serum-P400259?skuId=2464949&icid2=products%20grid:p400259:product,P400259
https://www.sephora.com/product/drunk-elephant-e-rase-milki-micellar-water-P460515?skuId=2382489&icid2=products%20grid:p460515:product,P460515
https://www.sephora.com/product/pekee-bar-tm-P392248?skuId=1679281&icid2=products%20grid:p392248:product,P392248
https://www.sephora.com/product/tula-skincare-bronze-boost-glow-bronzing-drops-P511926?skuId=2775120&icid2=products%20grid:p511926:product,P511926
https://www.sephora.com/product/tata-harper-superkind-radiance-mask-P472342?skuId=2460111&icid2=products%20grid:p472342:product,P472342
https://www.sephora.com/product/salt-stone-bergamot-hinoki-refillable-body-wash-with-niacinamide-probiotic-P510356?skuId=2759512&icid2=products%20grid:p510356:product,P510356
https://www.sephora.com/product/dam-dam-rice-drops-vegan-face-oil-P482260?skuId=2563930&icid2=products%20grid:p482260:product,P482260
https://www.sephora.com/product/tower-28-lipsoftie-hydrating-tinted-lip-treatment-balm-P509397?skuId=2843068&icid2=products%20grid:p509397:product,P509397
https://www.sephora.com/product/la-mer-the-treatment-lotion-P480613?skuId=2533594&icid2=products%20grid:p480613:product,P480613
https://www.sephora.com/product/blemish-clarifying-gel-moisturizer-P507575?skuId=2692515&icid2=products%20grid:p507575:product,P507575
https://www.sephora.com/product/fix-r-microwand-P515283?skuId=2788248&icid2=products%20grid:p515283:product,P515283
https://www.sephora.com/product/deep-dive-glycolic-facial-cleanser-P385674?skuId=1604438&icid2=products%20grid:p385674:product,P385674
https://www.sephora.com/product/tatcha-tatcha-mini-favorites-set-P513088?skuId=2845246&icid2=products%20grid:p513088:product,P513088
https://www.sephora.com/product/murad-vitamin-c-glycolic-brightening-serum-P456571?skuId=2319382&icid2=products%20grid:p456571:product,P456571
https://www.sephora.com/product/isle-paradise-sunny-serum-instant-face-bronzer-P510731?skuId=2871895&icid2=products%20grid:p510731:product,P510731
https://www.sephora.com/product/dr-jart-ceramidin-tm-skin-barrier-serum-toner-P504001?skuId=2640639&icid2=products%20grid:p504001:product,P504001
https://www.sephora.com/product/kiehls-ultra-pure-high-potency-9-8-glycolic-acid-serum-P505376?skuId=2672772&icid2=products%20grid:p505376:product,P505376
https://www.sephora.com/product/rare-earth-deep-pore-daily-cleanser-P422248?skuId=1989367&icid2=products%20grid:p422248:product,P422248
https://www.sephora.com/product/lips-balm-sheer-lipstick-balm-with-vitamin-e-P515457?skuId=2855476&icid2=products%20grid:p515457:product,P515457
https://www.sephora.com/product/elemis-pro-collagen-makeup-melting-cleansing-balm-P510323?skuId=2759009&icid2=products%20grid:p510323:product,P510323
https://www.sephora.com/product/tata-harper-superkind-softening-cleanser-P472343?skuId=2460103&icid2=products%20grid:p472343:product,P472343
https://www.sephora.com/product/summer-fridays-mini-jet-lag-mask-P480630?skuId=2473379&icid2=products%20grid:p480630:product,P480630
https://www.sephora.com/product/clinique-even-better-clinical-brightening-moisturizer-P506372?skuId=2672988&icid2=products%20grid:p506372:product,P506372
https://www.sephora.com/product/phd-hybrid-lip-oil-P500283?skuId=2571941&icid2=products%20grid:p500283:product,P500283
https://www.sephora.com/product/korres-black-pine-3d-eye-lift-super-serum-P456421?skuId=2338465&icid2=products%20grid:p456421:product,P456421
https://www.sephora.com/product/barrier-foaming-oil-cleanser-P442836?skuId=2215929&icid2=products%20grid:p442836:product,P442836
https://www.sephora.com/product/patrick-ta-major-glow-2-0-lip-masque-P461224?skuId=2371730&icid2=products%20grid:p461224:product,P461224
https://www.sephora.com/product/concentrated-ginseng-rejuvenating-cream-rich-for-anti-aging-P516422?skuId=2844405&icid2=products%20grid:p516422:product,P516422
https://www.sephora.com/product/first-aid-beauty-mini-kp-bump-eraser-body-scrub-with-10-aha-P456995?skuId=2344646&icid2=products%20grid:p456995:product,P456995
https://www.sephora.com/product/glossybounce-high-shine-hydrating-lip-gloss-oil-P507492?skuId=2872463&icid2=products%20grid:p507492:product,P507492
https://www.sephora.com/product/make-up-for-ever-mini-step-1-primer-shine-control-P468192?skuId=2424760&icid2=products%20grid:p468192:product,P468192
https://www.sephora.com/product/dr-jart-teatreement-toner-P454085?skuId=2300267&icid2=products%20grid:p454085:product,P454085
https://www.sephora.com/product/dermalogica-porescreen-blur-spf-40-P505664?skuId=2643179&icid2=products%20grid:p505664:product,P505664
https://www.sephora.com/product/salt-stone-neroli-basil-extra-strength-aluminum-free-deodorant-P510309?skuId=2759579&icid2=products%20grid:p510309:product,P510309
https://www.sephora.com/product/mini-nova-15-vitamin-c-turmeric-brightening-serum-P508187?skuId=2674588&icid2=products%20grid:p508187:product,P508187
https://www.sephora.com/product/peter-thomas-roth-peptide-skinjections-advanced-wrinkle-fix-serum-P509321?skuId=2734481&icid2=products%20grid:p509321:product,P509321
https://www.sephora.com/product/get-even-cold-pressed-peel-pads-P433973?skuId=2122273&icid2=products%20grid:p433973:product,P433973
https://www.sephora.com/product/mini-water-bank-blue-hyaluronic-cream-moisturizer-for-moisture-barrier-repair-P510013?skuId=2743136&icid2=products%20grid:p510013:product,P510013
https://www.sephora.com/product/jack-black-lip-service-lip-balm-duo-mint-shea-P474057?skuId=2456259&icid2=products%20grid:p474057:product,P474057
https://www.sephora.com/product/dr-jart-mini-cicapair-trade-tiger-grass-color-correcting-treatment-spf-30-P471546?skuId=1936202&icid2=products%20grid:p471546:product,P471546
https://www.sephora.com/product/drunk-elephant-sili-body-lotion-P457687?skuId=2346518&icid2=products%20grid:p457687:product,P457687
https://www.sephora.com/product/saint-jane-beauty-body-ritual-hydrating-mineral-sunscreen-spf-30-P511401?skuId=2767184&icid2=products%20grid:p511401:product,P511401
https://www.sephora.com/product/ice-ceramide-moisturizing-cream-P448937?skuId=2266260&icid2=products%20grid:p448937:product,P448937
https://www.sephora.com/product/men-clinically-proven-hair-growth-supplement-for-thinning-P504172?skuId=2658706&icid2=products%20grid:p504172:product,P504172
https://www.sephora.com/product/glow-recipe-watermelon-glow-niacinamide-dew-drops-P466123?skuId=2404846&icid2=products%20grid:p466123:product,P466123
https://www.sephora.com/product/olibanum-deodorant-72-hour-extra-strength-mandelic-acid-deodorant-P515218?skuId=2839603&icid2=products%20grid:p515218:product,P515218
https://www.sephora.com/product/cloudberry-bright-cream-moisturizer-P514506?skuId=2828549&icid2=products%20grid:p514506:product,P514506
https://www.sephora.com/product/hello-sunday-the-everyday-one-spf-50-face-moisturizer-with-hyaluronic-acid-P510554?skuId=2753283&icid2=products%20grid:p510554:product,P510554
https://www.sephora.com/product/mara-beauty-evening-primrose-green-tea-reg-algae-retinol-face-oil-P504031?skuId=2633162&icid2=products%20grid:p504031:product,P504031
https://www.sephora.com/product/resist-barrier-repair-advanced-moisturizer-with-ceramides-P508528?skuId=2713808&icid2=products%20grid:p508528:product,P508528
https://www.sephora.com/product/the-ordinary-deciem-natural-moisturizing-factors-ha-P427414?skuId=2210581&icid2=products%20grid:p427414:product,P427414
https://www.sephora.com/product/clearly-corrective-dark-spot-solution-P422022?skuId=1989474&icid2=products%20grid:p422022:product,P422022
https://www.sephora.com/product/the-body-retinol-overnight-repair-treatment-with-1-retinol-blend-10-aha-P506006?skuId=2680841&icid2=products%20grid:p506006:product,P506006
https://www.sephora.com/product/pitera-tm-first-experience-kit-P507669?skuId=2714913&icid2=products%20grid:p507669:product,P507669
https://www.sephora.com/product/derminfusions-tm-plump-repair-lip-treatment-with-hyaluronic-acid-P506789?skuId=2691103&icid2=products%20grid:p506789:product,P506789
https://www.sephora.com/product/laneige-hypoallergenic-cica-sleeping-mask-P454313?skuId=2316875&icid2=products%20grid:p454313:product,P454313
https://www.sephora.com/product/glow-recipe-guava-vitamin-c-dark-spot-treatment-serum-P475543?skuId=2479228&icid2=products%20grid:p475543:product,P475543
https://www.sephora.com/product/peter-thomas-roth-instant-firmx-r-collagen-bounce-stick-P513580?skuId=2743698&icid2=products%20grid:p513580:product,P513580
https://www.sephora.com/product/tl-advanced-tm-tightening-neck-cream-light-P507857?skuId=2697183&icid2=products%20grid:p507857:product,P507857
https://www.sephora.com/product/sos-intensive-redness-relief-serum-P500121?skuId=2513059&icid2=products%20grid:p500121:product,P500121
https://www.sephora.com/product/cloud-milk-coconut-maca-firming-body-cream-P507900?skuId=2674596&icid2=products%20grid:p507900:product,P507900
https://www.sephora.com/product/kate-somerville-mega-c-tm-30-vitamin-c-brightening-mask-P506158?skuId=2643955&icid2=products%20grid:p506158:product,P506158
https://www.sephora.com/product/beautybio-the-eyelighter-concentrate-P481060?skuId=2536514&icid2=products%20grid:p481060:product,P481060
https://www.sephora.com/product/serotonin-soak-magnesium-bath-salt-for-muscle-relaxation-mood-boost-P508236?skuId=2801611&icid2=products%20grid:p508236:product,P508236
https://www.sephora.com/product/clean-break-oil-free-moisturizer-P409928?skuId=1692144&icid2=products%20grid:p409928:product,P409928
https://www.sephora.com/product/mini-genifique-ultimate-serum-P515023?skuId=2831733&icid2=products%20grid:p515023:product,P515023
https://www.sephora.com/product/one-essential-skin-boosting-super-serum-P423264?skuId=1985217&icid2=products%20grid:p423264:product,P423264
https://www.sephora.com/product/saint-jane-beauty-radiance-refresh-antioxidant-serum-P512303?skuId=2788214&icid2=products%20grid:p512303:product,P512303
https://www.sephora.com/product/beija-flor-tm-renewing-body-wash-P507177?skuId=2701308&icid2=products%20grid:p507177:product,P507177
https://www.sephora.com/product/glow-recipe-watermelon-glow-niacinamide-hue-drops-sun-glow-serum-P509844?skuId=2742195&icid2=products%20grid:p509844:product,P509844
https://www.sephora.com/product/renergie-h-p-n-300-peptide-anti-aging-cream-with-spf-25-P507510?skuId=2694495&icid2=products%20grid:p507510:product,P507510
https://www.sephora.com/product/goopbeauty-72-hour-hydrating-supercharged-water-cream-P511606?skuId=2769040&icid2=products%20grid:p511606:product,P511606
https://www.sephora.com/product/t-l-c-sukari-babyfacial-P415777?skuId=1912385&icid2=products%20grid:p415777:product,P415777
https://www.sephora.com/product/caudalie-vinofresh-natural-aluminum-free-deodorant-deodorant-P472452?skuId=2461887&icid2=products%20grid:p472452:product,P472452
https://www.sephora.com/product/red-light-neck-enhancer-mask-for-fine-lines-P508204?skuId=2720951&icid2=products%20grid:p508204:product,P508204
https://www.sephora.com/product/gentle-eye-gel-waterproof-eye-lip-makeup-remover-P504861?skuId=2646891&icid2=products%20grid:p504861:product,P504861
https://www.sephora.com/product/rose-ingleton-md-superfruit-facial-cleanser-P480346?skuId=2494136&icid2=products%20grid:p480346:product,P480346
https://www.sephora.com/product/clarifying-lotion-3-P122881?skuId=1295716&icid2=products%20grid:p122881:product,P122881
https://www.sephora.com/product/performance-remedy-turbo-wash-energizing-cleanser-for-hair-body-P259950?skuId=1240415&icid2=products%20grid:p259950:product,P259950
https://www.sephora.com/product/supergoop-mineral-unseen-sunscreen-spf-40-P510927?skuId=2773299&icid2=products%20grid:p510927:product,P510927
https://www.sephora.com/product/supergoop-mini-glowscreen-sunscreen-spf-40-pa-P482320?skuId=2549756&icid2=products%20grid:p482320:product,P482320
https://www.sephora.com/product/nuface-fix-r-line-smoothing-serum-P481137?skuId=2536480&icid2=products%20grid:p481137:product,P481137
https://www.sephora.com/product/saint-jane-beauty-hydrabloom-body-silk-with-hyaluronic-acid-P504159?skuId=2653483&icid2=products%20grid:p504159:product,P504159
https://www.sephora.com/product/unspotted-4x-hyper-active-acid-jelly-serum-for-dark-spots-hyperpigmentation-P506686?skuId=2703080&icid2=products%20grid:p506686:product,P506686
https://www.sephora.com/product/squalane-micronutrient-fine-mist-P429659?skuId=2051894&icid2=products%20grid:p429659:product,P429659
https://www.sephora.com/product/moisture-surge-tm-active-glow-serum-with-hyaluronic-acid-P515919?skuId=2836203&icid2=products%20grid:p515919:product,P515919
https://www.sephora.com/product/maison-louis-marie-no-12-bousval-perfume-oil-P467256?skuId=2408045&icid2=products%20grid:p467256:product,P467256
https://www.sephora.com/product/fenty-skin-rihanna-mini-instant-reset-brightening-overnight-recovery-gel-cream-with-niacinamide-kalahari-melon-oil-P504240?skuId=2648798&icid2=products%20grid:p504240:product,P504240
https://www.sephora.com/product/fenty-skin-rihanna-mini-hydra-reset-intensive-recovery-glycerin-hand-mask-P504237?skuId=2648780&icid2=products%20grid:p504237:product,P504237
https://www.sephora.com/product/supergoop-mineral-sheerscreen-spf-30-pa-P470057?skuId=2445419&icid2=products%20grid:p470057:product,P470057
https://www.sephora.com/product/auto-correct-brightening-depuffing-eye-contour-cream-P424948?skuId=2020634&icid2=products%20grid:p424948:product,P424948
https://www.sephora.com/product/bare-necessity-hyaluronic-acid-gentle-foaming-cleanser-P516209?skuId=2853489&icid2=products%20grid:p516209:product,P516209
https://www.sephora.com/product/blend-it-multi-purpose-self-tan-blender-P444990?skuId=2230787&icid2=products%20grid:p444990:product,P444990
https://www.sephora.com/product/rose-hyaluronic-acid-lightweight-moisturizer-P507330?skuId=2704773&icid2=products%20grid:p507330:product,P507330
https://www.sephora.com/product/mario-badescu-glycolic-acid-toner-P440486?skuId=2185072&icid2=products%20grid:p440486:product,P440486
https://www.sephora.com/product/estee-lauder-revitalizing-supreme-bright-soft-creme-moisturizer-P481397?skuId=2533024&icid2=products%20grid:p481397:product,P481397
https://www.sephora.com/product/caudalie-resveratrol-lift-firming-cashmere-moisturizer-P467750?skuId=2744316&icid2=products%20grid:p467750:product,P467750
https://www.sephora.com/product/kp-pso-smoothing-body-treatment-with-niacinamide-bha-P506547?skuId=2668499&icid2=products%20grid:p506547:product,P506547
https://www.sephora.com/product/ginzing-refreshing-scrub-cleanser-P386197?skuId=1596527&icid2=products%20grid:p386197:product,P386197
https://www.sephora.com/product/tula-skincare-tula-s-greatest-hits-skincare-discovery-kit-P511410?skuId=2775138&icid2=products%20grid:p511410:product,P511410
https://www.sephora.com/product/necessaire-body-vitamin-c-serum-P512168?skuId=2780625&icid2=products%20grid:p512168:product,P512168
https://www.sephora.com/product/benefit-cosmetics-mini-porefessional-get-unblocked-makeup-removing-cleansing-oil-P505026?skuId=2641694&icid2=products%20grid:p505026:product,P505026
https://www.sephora.com/product/microfiber-hair-towel-P507559?skuId=2715647&icid2=products%20grid:p507559:product,P507559
https://www.sephora.com/product/mango-cream-blush-lip-multistick-P507343?skuId=2717791&icid2=products%20grid:p507343:product,P507343
https://www.sephora.com/product/luminous-dewy-skin-mist-mini-P422069?skuId=1957059&icid2=products%20grid:p422069:product,P422069
https://www.sephora.com/product/naturally-serious-mask-imum-revival-trade-hydra-plumping-mask-P473148?skuId=2480820&icid2=products%20grid:p473148:product,P473148
https://www.sephora.com/product/kate-mcleod-the-recovery-stone-soothing-muscle-balm-and-massage-bar-with-arnica-ginger-and-vanilla-P513796?skuId=2813574&icid2=products%20grid:p513796:product,P513796
https://www.sephora.com/product/it-cosmetics-cc-nude-glow-lightweight-foundation-glow-serum-spf-40-niacinamide-P482010?skuId=2515922&icid2=products%20grid:p482010:product,P482010
https://www.sephora.com/product/redness-solutions-soothing-cleanser-P201439?skuId=1066711&icid2=products%20grid:p201439:product,P201439
https://www.sephora.com/product/juno-hydroactive-cellular-face-oil-P309306?skuId=1881408&icid2=products%20grid:p309306:product,P309306
https://www.sephora.com/product/fresh-floral-recovery-redness-reducing-overnight-mask-P479841?skuId=2535417&icid2=products%20grid:p479841:product,P479841
https://www.sephora.com/product/sephora-collection-targeted-dark-spots-serum-with-enzymes-P483137?skuId=2495620&icid2=products%20grid:p483137:product,P483137
https://www.sephora.com/product/dermalogica-daily-brightness-boosters-kit-P503820?skuId=2643161&icid2=products%20grid:p503820:product,P503820
https://www.sephora.com/product/mario-badescu-super-collagen-mask-P440500?skuId=2185122&icid2=products%20grid:p440500:product,P440500
https://www.sephora.com/product/peace-out-2-salicylic-acid-acne-gel-moisturizer-P513537?skuId=2790202&icid2=products%20grid:p513537:product,P513537
https://www.sephora.com/product/therapeutic-sulfur-masque-acne-treatment-masque-P3617?skuId=2828408&icid2=products%20grid:p3617:product,P3617
https://www.sephora.com/product/dr-barbara-sturm-face-cream-light-P449601?skuId=2278653&icid2=products%20grid:p449601:product,P449601
https://www.sephora.com/product/neroli-basil-body-wash-P516640?skuId=2873321&icid2=products%20grid:p516640:product,P516640
https://www.sephora.com/product/saint-jane-beauty-sacred-sleep-overnight-repair-with-retinol-P482068?skuId=2564441&icid2=products%20grid:p482068:product,P482068
https://www.sephora.com/product/herbivore-blue-wave-2-percent-salicylic-acid-acne-treatment-P512158?skuId=2733996&icid2=products%20grid:p512158:product,P512158
https://www.sephora.com/product/capture-totale-intensive-night-restorative-creme-P375354?skuId=1635499&icid2=products%20grid:p375354:product,P375354
https://www.sephora.com/product/generous-gel-lubricant-P507456?skuId=2792117&icid2=products%20grid:p507456:product,P507456
https://www.sephora.com/product/necessaire-mini-the-body-wash-eucalyptus-nourishing-treatment-cleanse-with-lipid-rich-oils-niacinamide-P506373?skuId=2680858&icid2=products%20grid:p506373:product,P506373
https://www.sephora.com/product/facegym-electro-lite-energizing-brightening-face-cleanser-P476674?skuId=2502938&icid2=products%20grid:p476674:product,P476674
https://www.sephora.com/product/mini-ultra-facial-barrier-hydrating-cleanser-P515517?skuId=2842680&icid2=products%20grid:p515517:product,P515517
https://www.sephora.com/product/noni-glow-body-oil-P418625?skuId=1947886&icid2=products%20grid:p418625:product,P418625
https://www.sephora.com/product/the-ordinary-deciem-caffeine-solution-5-egcg-P427416?skuId=2031409&icid2=products%20grid:p427416:product,P427416
https://www.sephora.com/product/herbivore-botanicals-aquarius-pore-purifying-clarity-cream-P474325?skuId=2469112&icid2=products%20grid:p474325:product,P474325
https://www.sephora.com/product/korres-greek-yoghurt-probiotic-superdose-face-mask-P456414?skuId=2338374&icid2=products%20grid:p456414:product,P456414
https://www.sephora.com/product/glow-recipe-papaya-sorbet-smoothing-enzyme-cleansing-balm-P460516?skuId=2371516&icid2=products%20grid:p460516:product,P460516
https://www.sephora.com/product/cryo-rubber-tm-face-mask-with-moisturizing-hyaluronic-acid-P506804?skuId=2344513&icid2=products%20grid:p506804:product,P506804
https://www.sephora.com/product/power-peel-multi-acid-resurfacing-pads-P298331?skuId=1381565&icid2=products%20grid:p298331:product,P298331
https://www.sephora.com/product/fab-face-faves-kit-cleanse-exfoliate-hydrate-P506670?skuId=2672749&icid2=products%20grid:p506670:product,P506670
https://www.sephora.com/product/josie-maran-bohemian-fig-argan-oil-sugar-balm-refillable-exfoliating-body-scrub-P510425?skuId=2764967&icid2=products%20grid:p510425:product,P510425
https://www.sephora.com/product/derminfusions-discovery-kit-P516889?skuId=2873487&icid2=products%20grid:p516889:product,P516889
https://www.sephora.com/product/kate-mcleod-daily-stone-solid-body-moisturizer-starter-kit-P484051?skuId=2584100&icid2=products%20grid:p484051:product,P484051
https://www.sephora.com/product/abeille-royale-honey-treatment-day-cream-with-hyaluronic-acid-P507994?skuId=2728236&icid2=products%20grid:p507994:product,P507994
https://www.sephora.com/product/grape-water-P12045?skuId=1434190&icid2=products%20grid:p12045:product,P12045
https://www.sephora.com/product/bye-bye-under-eye-rapid-bag-reducing-eye-treatment-P506152?skuId=2665255&icid2=products%20grid:p506152:product,P506152
https://www.sephora.com/product/perfect-renew-3x-signature-serum-advanced-for-anti-aging-firming-lifting-P517151?skuId=2874006&icid2=products%20grid:p517151:product,P517151
https://www.sephora.com/product/clear-improvement-active-charcoal-mask-to-clear-pores-mini-P440933?skuId=2175388&icid2=products%20grid:p440933:product,P440933
https://www.sephora.com/product/mario-badescu-drying-lotion-P440498?skuId=2184992&icid2=products%20grid:p440498:product,P440498
https://www.sephora.com/product/sheer-skin-tint-with-hyaluronic-acid-squalane-P501777?skuId=2536183&icid2=products%20grid:p501777:product,P501777
https://www.sephora.com/product/resveratrol-lift-lift-firm-essentials-P515495?skuId=2841401&icid2=products%20grid:p515495:product,P515495
https://www.sephora.com/product/innbeauty-project-10-10-moisturizer-P480447?skuId=2561322&icid2=products%20grid:p480447:product,P480447
https://www.sephora.com/product/concentrated-ginseng-rejuvenating-cream-set-P516003?skuId=2844447&icid2=products%20grid:p516003:product,P516003
https://www.sephora.com/product/caudalie-premier-cru-dark-circle-correcting-eye-cream-P480285?skuId=2837201&icid2=products%20grid:p480285:product,P480285
https://www.sephora.com/product/clear-improvement-active-charcoal-mask-to-clear-pores-P297524?skuId=2175388&icid2=products%20grid:p297524:product,P297524
https://www.sephora.com/product/biome-balancing-clear-prevent-acne-treatment-serum-P516996?skuId=2872000&icid2=products%20grid:p516996:product,P516996
https://www.sephora.com/product/go-with-glow-daily-duo-skincare-set-P506678?skuId=2657872&icid2=products%20grid:p506678:product,P506678
https://www.sephora.com/product/canopy-canopy-refresh-shower-aroma-kit-P513780?skuId=2802494&icid2=products%20grid:p513780:product,P513780
https://www.sephora.com/product/dr-barbara-sturm-aloe-vera-gel-P474036?skuId=2492783&icid2=products%20grid:p474036:product,P474036
https://www.sephora.com/product/coconut-milk-bath-soak-P431840?skuId=2087302&icid2=products%20grid:p431840:product,P431840
https://www.sephora.com/product/dermalogica-powerbright-dark-spot-peel-P513108?skuId=2812139&icid2=products%20grid:p513108:product,P513108
https://www.sephora.com/product/barrier-lipid-boost-360-eye-P442838?skuId=2215960&icid2=products%20grid:p442838:product,P442838
https://www.sephora.com/product/hanni-blades-P483458?skuId=2578409&icid2=products%20grid:p483458:product,P483458
https://www.sephora.com/product/topicals-faded-brightening-cleansing-bar-for-uneven-skin-tone-P513622?skuId=2812998&icid2=products%20grid:p513622:product,P513622
https://www.sephora.com/product/luna-daily-the-original-everywhere-spray-to-wipe-with-prebiotics-vitamins-c-e-P505753?skuId=2845816&icid2=products%20grid:p505753:product,P505753
https://www.sephora.com/product/all-physical-ultimate-defense-broad-spectrum-sunscreen-spf-50-pa-P506027?skuId=2667152&icid2=products%20grid:p506027:product,P506027
https://www.sephora.com/product/c-tango-multivitamin-eye-cream-P429515?skuId=2062081&icid2=products%20grid:p429515:product,P429515
https://www.sephora.com/product/mini-golden-hour-kit-P515327?skuId=2845592&icid2=products%20grid:p515327:product,P515327
https://www.sephora.com/product/hydrated-base-flawless-face-set-P515192?skuId=2836336&icid2=products%20grid:p515192:product,P515192
https://www.sephora.com/product/frangipani-cologne-home-away-mini-duo-set-P516115?skuId=2837540&icid2=products%20grid:p516115:product,P516115
https://www.sephora.com/product/clarins-lip-comfort-oil-P483060?skuId=2849933&icid2=products%20grid:p483060:product,P483060
https://www.sephora.com/product/vinopure-color-correcting-spot-solution-with-salicylic-acid-P506468?skuId=2671766&icid2=products%20grid:p506468:product,P506468
https://www.sephora.com/product/isdin-uradin-lotion-10-hydrating-body-lotion-for-dry-skin-P512978?skuId=2817625&icid2=products%20grid:p512978:product,P512978
https://www.sephora.com/product/the-reset-luminous-hyaluronic-acid-niacinamide-serum-spray-P509334?skuId=2745107&icid2=products%20grid:p509334:product,P509334
https://www.sephora.com/product/anti-aging-cleansing-gel-P39274?skuId=2290740&icid2=products%20grid:p39274:product,P39274
https://www.sephora.com/product/givenchy-givenchy-rose-perfecto-shine-serum-lip-oil-stick-P515119?skuId=2834224&icid2=products%20grid:p515119:product,P515119
https://www.sephora.com/product/c-est-la-cream-nourishing-barrier-shield-moisturizer-P515441?skuId=2864254&icid2=products%20grid:p515441:product,P515441
https://www.sephora.com/product/josie-maran-mini-topless-tangerine-whipped-argan-oil-refillable-firming-body-butter-P510396?skuId=2767358&icid2=products%20grid:p510396:product,P510396
https://www.sephora.com/product/c-e-o-c-e-antioxidant-protect-repair-moisturizer-P416139?skuId=1941756&icid2=products%20grid:p416139:product,P416139
https://www.sephora.com/product/hy-gen-skin-glass-energizing-hydrating-primer-serum-P500263?skuId=2569499&icid2=products%20grid:p500263:product,P500263
https://www.sephora.com/product/farmacy-deep-sweep-2-bha-pore-cleaning-toner-with-moringa-papaya-P459141?skuId=2328359&icid2=products%20grid:p459141:product,P459141
https://www.sephora.com/product/first-aid-beauty-after-shower-nourishing-body-oil-P511260?skuId=2768158&icid2=products%20grid:p511260:product,P511260
https://www.sephora.com/product/glycolic-acid-toner-P443838?skuId=2211530&icid2=products%20grid:p443838:product,P443838
https://www.sephora.com/product/soy-face-cleanser-mini-P425894?skuId=2534667&icid2=products%20grid:p425894:product,P425894
https://www.sephora.com/product/laneige-mini-water-bank-blue-hyaluronic-gel-moisturizer-with-mint-extract-P510572?skuId=2743235&icid2=products%20grid:p510572:product,P510572
https://www.sephora.com/product/cicapair-cooling-gel-moisturizer-for-redness-P448185?skuId=2733756&icid2=products%20grid:p448185:product,P448185
https://www.sephora.com/product/supercharge-copper-body-brush-for-exfoliating-circulation-P508190?skuId=2721025&icid2=products%20grid:p508190:product,P508190
https://www.sephora.com/product/blackhead-solutions-7-day-deep-pore-cleanse-scrub-P432242?skuId=2083780&icid2=products%20grid:p432242:product,P432242
https://www.sephora.com/product/almond-delightful-body-balm-P442735?skuId=2072106&icid2=products%20grid:p442735:product,P442735
https://www.sephora.com/product/innbeauty-project-refine-aha-bha-texture-pore-serum-P504892?skuId=2645216&icid2=products%20grid:p504892:product,P504892
https://www.sephora.com/product/caliray-mini-so-blown-blurring-collagen-peptide-primer-P505634?skuId=2683431&icid2=products%20grid:p505634:product,P505634
https://www.sephora.com/product/creamy-eye-treatment-with-avocado-P422000?skuId=1988815&icid2=products%20grid:p422000:product,P422000
https://www.sephora.com/product/7-day-scrub-cream-rinse-off-formula-P122661?skuId=47936&icid2=products%20grid:p122661:product,P122661
https://www.sephora.com/product/artemisia-soothing-toner-pads-with-centella-asiatica-hyaluronic-acid-P516742?skuId=2876795&icid2=products%20grid:p516742:product,P516742
https://www.sephora.com/product/givenchy-le-rose-perfecto-liquid-balm-P457245?skuId=2749554&icid2=products%20grid:p457245:product,P457245
https://www.sephora.com/product/magic-eye-rescue-cream-P433521?skuId=2486223&icid2=products%20grid:p433521:product,P433521
https://www.sephora.com/product/vinohydra-moisturizing-cleansing-gel-P517155?skuId=2874055&icid2=products%20grid:p517155:product,P517155
https://www.sephora.com/product/augustinus-bader-the-skin-renewal-system-P504018?skuId=2650232&icid2=products%20grid:p504018:product,P504018
https://www.sephora.com/product/artemisia-soothing-gel-cream-moisturizer-with-centella-asiatica-niacinamide-P516750?skuId=2876753&icid2=products%20grid:p516750:product,P516750
https://www.sephora.com/product/hello-sunday-the-shimmer-one-spf-45-face-body-mineral-glow-stick-with-hyaluronic-acid-P510384?skuId=2753317&icid2=products%20grid:p510384:product,P510384
https://www.sephora.com/product/skin-refining-pha-toner-with-8-pha-for-gentle-exfoliation-P515947?skuId=2865178&icid2=products%20grid:p515947:product,P515947
https://www.sephora.com/product/dr-barbara-sturm-super-anti-aging-night-cream-P504011?skuId=2644045&icid2=products%20grid:p504011:product,P504011
https://www.sephora.com/product/dr-barbara-sturm-anti-pollution-drops-P447790?skuId=2269959&icid2=products%20grid:p447790:product,P447790
https://www.sephora.com/product/it-cosmetics-secret-sauce-moisturizer-P502656?skuId=1982859&icid2=products%20grid:p502656:product,P502656
https://www.sephora.com/product/dr-dennis-gross-skincare-mini-alpha-beta-ultra-gentle-daily-peel-for-sensitive-skin-P474943?skuId=2496453&icid2=products%20grid:p474943:product,P474943
https://www.sephora.com/product/the-ordinary-aloe-2-nag-2-solution-P505744?skuId=2672103&icid2=products%20grid:p505744:product,P505744
https://www.sephora.com/product/the-skin-support-set-with-niacinamide-hyaluronic-acid-P515724?skuId=2842771&icid2=products%20grid:p515724:product,P515724
https://www.sephora.com/product/resurfacing-mask-P379707?skuId=1540418&icid2=products%20grid:p379707:product,P379707
https://www.sephora.com/product/mario-badescu-facial-spray-with-aloe-cucumber-green-tea-P440483?skuId=2540797&icid2=products%20grid:p440483:product,P440483
https://www.sephora.com/product/renewing-eye-cream-P107306?skuId=769836&icid2=products%20grid:p107306:product,P107306
https://www.sephora.com/product/dr-jart-pore-remedy-trade-pha-exfoliating-serum-P479632?skuId=2531374&icid2=products%20grid:p479632:product,P479632
https://www.sephora.com/product/then-i-met-you-pore-purifying-soothing-cleansing-gel-with-green-tea-P514196?skuId=2828747&icid2=products%20grid:p514196:product,P514196
https://www.sephora.com/product/the-regenerating-serum-P450290?skuId=2284164&icid2=products%20grid:p450290:product,P450290
https://www.sephora.com/product/dr-barbara-sturm-enzyme-cleanser-P448554?skuId=2270007&icid2=products%20grid:p448554:product,P448554
https://www.sephora.com/product/kale-spinach-hyaluronic-acid-age-prevention-cream-P411388?skuId=1863604&icid2=products%20grid:p411388:product,P411388
https://www.sephora.com/product/innbeauty-project-retinol-remix-1-retinol-treatment-with-peptide-tranexamic-acid-P483127?skuId=2581254&icid2=products%20grid:p483127:product,P483127
https://www.sephora.com/product/minimalist-hydrating-moisturizer-with-pro-vitamin-b5-P506936?skuId=2694768&icid2=products%20grid:p506936:product,P506936
https://www.sephora.com/product/soft-services-buffing-bar-exfoliating-body-bar-for-kp-ingrown-hair-2-pack-P510346?skuId=2678167&icid2=products%20grid:p510346:product,P510346
https://www.sephora.com/product/fenty-skin-rihanna-perfect-puck-r-hydrating-lip-care-duo-P511733?skuId=2766376&icid2=products%20grid:p511733:product,P511733
https://www.sephora.com/product/dr-barbara-sturm-super-anti-aging-serum-P447787?skuId=2269900&icid2=products%20grid:p447787:product,P447787
https://www.sephora.com/product/resurfacing-hydrating-multi-acid-serum-with-salicylic-acid-niacinamide-P506925?skuId=2694784&icid2=products%20grid:p506925:product,P506925
https://www.sephora.com/product/mini-lip-glowy-balm-set-P515207?skuId=2842482&icid2=products%20grid:p515207:product,P515207
https://www.sephora.com/product/paula-s-choice-resist-weightless-advanced-repairing-toner-P469521?skuId=2421188&icid2=products%20grid:p469521:product,P469521
https://www.sephora.com/product/glow-serum-with-copper-peptides-vegan-collagen-P508195?skuId=2720985&icid2=products%20grid:p508195:product,P508195
https://www.sephora.com/product/shani-darden-facial-sculpting-wand-P471097?skuId=2457257&icid2=products%20grid:p471097:product,P471097
https://www.sephora.com/product/dermalogica-dynamic-skin-retinol-serum-P503814?skuId=2640365&icid2=products%20grid:p503814:product,P503814
https://www.sephora.com/product/glossier-milky-jelly-gentle-gel-face-cleanser-P504524?skuId=2649556&icid2=products%20grid:p504524:product,P504524
https://www.sephora.com/product/confidence-in-cream-transforming-moisturizing-super-cream-P411403?skuId=2599744&icid2=products%20grid:p411403:product,P411403
https://www.sephora.com/product/sugar-advanced-therapy-lip-treatment-P302103?skuId=1378215&icid2=products%20grid:p302103:product,P302103
https://www.sephora.com/product/drunk-elephant-mini-lala-retro-tm-whipped-moisturizer-with-ceramides-P505783?skuId=2647188&icid2=products%20grid:p505783:product,P505783
https://www.sephora.com/product/tata-harper-clarifying-pore-oil-control-moisturizer-with-bha-for-redness-P511287?skuId=2774750&icid2=products%20grid:p511287:product,P511287
https://www.sephora.com/product/luna-daily-the-fragrance-free-everywhere-spray-to-wipe-with-prebiotics-vitamins-c-e-P505659?skuId=2845808&icid2=products%20grid:p505659:product,P505659
https://www.sephora.com/product/gentle-cleansing-oil-P450633?skuId=2708485&icid2=products%20grid:p450633:product,P450633
https://www.sephora.com/product/barrier-repair-cloud-body-cream-with-peptides-hyaluronic-acid-P506458?skuId=2644334&icid2=products%20grid:p506458:product,P506458
https://www.sephora.com/product/renewed-skin-kit-P516164?skuId=2845485&icid2=products%20grid:p516164:product,P516164
https://www.sephora.com/product/korres-greek-yogurt-nourishing-probiotic-gel-cream-P456207?skuId=2338390&icid2=products%20grid:p456207:product,P456207
https://www.sephora.com/product/genoptics-spot-essence-P410755?skuId=1863216&icid2=products%20grid:p410755:product,P410755
https://www.sephora.com/product/cryo-rubber-tm-face-mask-with-soothing-allantoin-P506790?skuId=2344596&icid2=products%20grid:p506790:product,P506790
https://www.sephora.com/product/nudescreen-lip-primer-spf-30-natural-P504874?skuId=2647691&icid2=products%20grid:p504874:product,P504874
https://www.sephora.com/product/brightening-derm-revival-mask-P375864?skuId=1448422&icid2=products%20grid:p375864:product,P375864
https://www.sephora.com/product/the-mineral-sunscreen-spf-50-P516370?skuId=2874261&icid2=products%20grid:p516370:product,P516370
https://www.sephora.com/product/lawless-forget-filler-overnight-lip-plumping-mask-P480326?skuId=2785657&icid2=products%20grid:p480326:product,P480326
https://www.sephora.com/product/first-care-activating-serum-sheet-mask-P508279?skuId=2758811&icid2=products%20grid:p508279:product,P508279
https://www.sephora.com/product/la-mer-mini-concentrate-P461950?skuId=2384022&icid2=products%20grid:p461950:product,P461950
https://www.sephora.com/product/beautybio-get-that-glow-glopro-reg-facial-microneedling-discovery-set-P477961?skuId=2527596&icid2=products%20grid:p477961:product,P477961
https://www.sephora.com/product/the-ordinary-natural-moisturizing-factors-phytoceramides-moisture-rich-surface-hydration-P505136?skuId=2644169&icid2=products%20grid:p505136:product,P505136
https://www.sephora.com/product/magic-body-cream-P507333?skuId=2709392&icid2=products%20grid:p507333:product,P507333
https://www.sephora.com/product/the-ordinary-salicylic-acid-2-exfoliating-blemish-solution-P483496?skuId=2611390&icid2=products%20grid:p483496:product,P483496
https://www.sephora.com/product/the-body-oil-grapefruit-toning-oil-with-2-5-capsaicin-5-peptides-P514740?skuId=2839561&icid2=products%20grid:p514740:product,P514740
https://www.sephora.com/product/alpyn-beauty-polishing-peel-brightening-face-mask-with-8-acids-huckleberry-P518825?skuId=2645547&icid2=products%20grid:p518825:product,P518825
https://www.sephora.com/product/augustinus-bader-the-eyebrow-lash-enhancing-serum-P502588?skuId=2533941&icid2=products%20grid:p502588:product,P502588
https://www.sephora.com/product/sephora-collection-overnight-hydrating-mask-P504421?skuId=2592707&icid2=products%20grid:p504421:product,P504421
https://www.sephora.com/product/necessaire-the-body-lotion-with-niacinamide-vitamins-peptides-with-pump-P504048?skuId=2814929&icid2=products%20grid:p504048:product,P504048
https://www.sephora.com/product/advanced-genifique-yeux-light-pearl-eye-illuminator-youth-activating-concentrate-P375841?skuId=1710276&icid2=products%20grid:p375841:product,P375841
https://www.sephora.com/product/paulas-choice-clinical-0-3-retinol-2-bakuchiol-treatment-P481348?skuId=2534188&icid2=products%20grid:p481348:product,P481348
https://www.sephora.com/product/soft-services-the-body-skin-experts-tm-bestsellers-discovery-set-P510307?skuId=2736288&icid2=products%20grid:p510307:product,P510307
https://www.sephora.com/product/the-inkey-list-oat-cleansing-balm-P464819?skuId=2522902&icid2=products%20grid:p464819:product,P464819
https://www.sephora.com/product/mo-bay-mineral-sunscreen-drops-spf-30-P509659?skuId=2756674&icid2=products%20grid:p509659:product,P509659
https://www.sephora.com/product/shiseido-urban-environment-fresh-moisture-sunscreen-broad-spectrum-spf-42-P482742?skuId=2534915&icid2=products%20grid:p482742:product,P482742
https://www.sephora.com/product/lancome-mini-renergie-h-p-n-300-peptide-anti-aging-cream-P510044?skuId=2741528&icid2=products%20grid:p510044:product,P510044
https://www.sephora.com/product/fresh-lotus-youth-preserve-line-and-texture-smoothing-day-cream-P454378?skuId=2737831&icid2=products%20grid:p454378:product,P454378
https://www.sephora.com/product/hand-and-nail-cream-P152203?skuId=941609&icid2=products%20grid:p152203:product,P152203
https://www.sephora.com/product/paula-s-choice-resist-youth-extending-daily-hydrating-fluid-spf-50-P469522?skuId=2421170&icid2=products%20grid:p469522:product,P469522
https://www.sephora.com/product/lotus-aha-gentle-resurfacing-serum-P507652?skuId=2698207&icid2=products%20grid:p507652:product,P507652
https://www.sephora.com/product/dr-dennis-gross-skincare-derminfusions-blur-repair-cream-with-hyaluronic-acid-peptides-P513503?skuId=2790574&icid2=products%20grid:p513503:product,P513503
https://www.sephora.com/product/saie-sunvisor-moisturizing-sunscreen-spf-35-P468211?skuId=2414183&icid2=products%20grid:p468211:product,P468211
https://www.sephora.com/product/hydration-peptide-cream-P505173?skuId=2643260&icid2=products%20grid:p505173:product,P505173
https://www.sephora.com/product/the-healthy-skin-edit-bestsellers-kit-P502322?skuId=2594257&icid2=products%20grid:p502322:product,P502322
https://www.sephora.com/product/dior-capture-dreamskin-1-minute-mask-P504053?skuId=2623163&icid2=products%20grid:p504053:product,P504053
https://www.sephora.com/product/farmacy-whipped-greens-oil-free-foaming-cleanser-with-moringa-papaya-P466661?icid2=products%20grid:p466661:product,P466661
https://www.sephora.com/product/belif-aqua-bomb-depuffing-eye-gel-with-caffeine-hyaluronic-acid-P512542?skuId=2804094&icid2=products%20grid:p512542:product,P512542
https://www.sephora.com/product/tula-skincare-bright-start-vitamin-c-antioxidant-brightening-moisturizer-P481748?skuId=2566537&icid2=products%20grid:p481748:product,P481748
https://www.sephora.com/product/beard-oil-P399986?skuId=1742659&icid2=products%20grid:p399986:product,P399986
https://www.sephora.com/product/lion-pose-pep-talk-barrier-repair-cream-with-peptides-ceramides-triple-lipid-complex-P513542?skuId=2814184&icid2=products%20grid:p513542:product,P513542
https://www.sephora.com/product/sauna-blanket-towel-insert-P508234?skuId=2721033&icid2=products%20grid:p508234:product,P508234
https://www.sephora.com/product/peter-thomas-roth-water-drench-hyaluronic-hydrating-moisturizer-spf-45-P458576?skuId=2354629&icid2=products%20grid:p458576:product,P458576
https://www.sephora.com/product/shani-darden-body-reform-treatment-serum-with-2-granactive-retinoid-P510320?skuId=2734515&icid2=products%20grid:p510320:product,P510320
https://www.sephora.com/product/tom-ford-soleil-lip-blush-P483702?skuId=2573418&icid2=products%20grid:p483702:product,P483702
https://www.sephora.com/product/la-mer-the-hydrating-infused-emulsion-P475124?skuId=2495448&icid2=products%20grid:p475124:product,P475124
https://www.sephora.com/product/kora-organics-turmeric-glow-moisturizer-P471046?skuId=2356160&icid2=products%20grid:p471046:product,P471046
https://www.sephora.com/product/54-thrones-mini-barrier-repair-cloud-body-cream-with-peptides-hyaluronic-acid-P511236?skuId=2749026&icid2=products%20grid:p511236:product,P511236
https://www.sephora.com/product/24k-gold-pure-luxury-lift-firm-hydra-gel-eye-patches-P406104?skuId=1809318&icid2=products%20grid:p406104:product,P406104
https://www.sephora.com/product/daily-defense-mineral-body-lotion-spf-30-P513280?skuId=2811172&icid2=products%20grid:p513280:product,P513280
https://www.sephora.com/product/mario-badescu-spritz-mist-glow-facial-spray-trio-P462384?skuId=2388015&icid2=products%20grid:p462384:product,P462384
https://www.sephora.com/product/glow2oh-dark-spot-toner-P439061?skuId=2169431&icid2=products%20grid:p439061:product,P439061
https://www.sephora.com/product/barrier-baste-exfoliating-aha-lip-treatment-P515380?skuId=2835585&icid2=products%20grid:p515380:product,P515380
https://www.sephora.com/product/24k-gold-mask-pure-luxury-lift-firm-mask-P392607?skuId=1684869&icid2=products%20grid:p392607:product,P392607
https://www.sephora.com/product/clarifying-toner-P4015?skuId=654236&icid2=products%20grid:p4015:product,P4015
https://www.sephora.com/product/dr-dennis-gross-skincare-smooth-radiant-firm-kit-for-normal-oily-skin-P510779?skuId=2767705&icid2=products%20grid:p510779:product,P510779
https://www.sephora.com/product/100-organic-cold-pressed-moroccan-argan-oil-P447596?skuId=2267540&icid2=products%20grid:p447596:product,P447596
https://www.sephora.com/product/mario-badescu-hyaluronic-eye-cream-P440502?skuId=2185106&icid2=products%20grid:p440502:product,P440502
https://www.sephora.com/product/the-outset-daily-essentials-starter-set-P483701?skuId=2577179&icid2=products%20grid:p483701:product,P483701
https://www.sephora.com/product/luxury-cbd-body-serum-P451503?skuId=2298222&icid2=products%20grid:p451503:product,P451503
https://www.sephora.com/product/nudestix-cica-cleansing-jelly-milk-P505680?skuId=2665016&icid2=products%20grid:p505680:product,P505680
https://www.sephora.com/product/creme-de-la-mer-moisturizing-cream-P416341?skuId=1932201&icid2=products%20grid:p416341:product,P416341
https://www.sephora.com/product/the-nightly-retinol-peptide-anti-aging-serum-P438640?skuId=2163020&icid2=products%20grid:p438640:product,P438640
https://www.sephora.com/product/the-gamechangers-bundle-P507905?skuId=2697225&icid2=products%20grid:p507905:product,P507905
https://www.sephora.com/product/major-glow-nourishing-bronzing-body-oil-P515739?skuId=2871531&icid2=products%20grid:p515739:product,P515739
https://www.sephora.com/product/tea-elixir-skin-resilience-activating-serum-P500633?skuId=2594588&icid2=products%20grid:p500633:product,P500633
https://www.sephora.com/product/mini-great-skin-priming-moisturizer-P516349?skuId=2862738&icid2=products%20grid:p516349:product,P516349
https://www.sephora.com/product/farmacy-10-waterless-vitamin-c-serum-P482676?skuId=2563583&icid2=products%20grid:p482676:product,P482676
https://www.sephora.com/product/bring-clinic-home-alpha-beta-universal-daily-peel-kit-P516220?skuId=2873958&icid2=products%20grid:p516220:product,P516220
https://www.sephora.com/product/drx-spectralite-tm-lipware-pro-led-device-P506801?skuId=2691111&icid2=products%20grid:p506801:product,P506801
https://www.sephora.com/product/bobbi-brown-vitamin-enriched-eye-base-P462339?skuId=2367845&icid2=products%20grid:p462339:product,P462339
https://www.sephora.com/product/biossance-squalane-probiotic-balancing-gel-moisturizer-P505315?skuId=2674620&icid2=products%20grid:p505315:product,P505315
https://www.sephora.com/product/pout-preserve-peptide-lip-treatment-P503878?skuId=2648467&icid2=products%20grid:p503878:product,P503878
https://www.sephora.com/product/nutrafol-clear-skin-physician-formulated-acne-post-acne-dark-spot-supplement-for-women-P510150?skuId=2749083&icid2=products%20grid:p510150:product,P510150
https://www.sephora.com/product/hourglass-equilibrium-trade-restoring-essence-P469833?skuId=2416212&icid2=products%20grid:p469833:product,P469833
https://www.sephora.com/product/hyper-skin-mini-brightening-dark-spot-vitamin-c-serum-P476515?skuId=2529659&icid2=products%20grid:p476515:product,P476515
https://www.sephora.com/product/st-tropez-tanning-essentials-gradual-tan-watermelon-daily-firming-lotion-P481832?skuId=2566644&icid2=products%20grid:p481832:product,P481832
https://www.sephora.com/product/youth-to-the-people-superfood-skin-drip-smooth-glow-barrier-serum-with-kale-niacinamide-P510507?skuId=2767176&icid2=products%20grid:p510507:product,P510507
https://www.sephora.com/product/farmacy-honey-glow-17-aha-bha-resurfacing-acid-serum-P509477?skuId=2733723&icid2=products%20grid:p509477:product,P509477
https://www.sephora.com/product/the-outset-smoothing-vitamin-c-eye-expression-lines-cream-P483700?skuId=2577161&icid2=products%20grid:p483700:product,P483700
https://www.sephora.com/product/bronze-body-glow-transfer-resistant-luminous-body-oil-with-guarana-green-coffee-P507100?skuId=2714475&icid2=products%20grid:p507100:product,P507100
https://www.sephora.com/product/goat-milk-moisturizing-cream-P232910?skuId=1809003&icid2=products%20grid:p232910:product,P232910
https://www.sephora.com/product/tripeptide-plumping-lip-balm-P507592?skuId=2701027&icid2=products%20grid:p507592:product,P507592
https://www.sephora.com/product/canopy-the-canopy-intentions-aroma-kit-P511391?skuId=2771137&icid2=products%20grid:p511391:product,P511391
https://www.sephora.com/product/pore-remedy-tm-5-multi-acid-radiance-peel-P501031?skuId=2609519&icid2=products%20grid:p501031:product,P501031
https://www.sephora.com/product/guerlain-abeille-royale-anti-aging-eye-cream-P457272?skuId=2353068&icid2=products%20grid:p457272:product,P457272
https://www.sephora.com/product/mario-badescu-facial-spray-with-aloe-adaptogens-coconut-water-P474964?skuId=2540771&icid2=products%20grid:p474964:product,P474964
https://www.sephora.com/product/weekend-skin-spf-50-instant-glow-mineral-sunscreen-with-vitamin-c-niacinamide-P509342?skuId=2871648&icid2=products%20grid:p509342:product,P509342
https://www.sephora.com/product/ole-henriksen-dewtopia-20-acid-night-treatment-P473322?skuId=2481414&icid2=products%20grid:p473322:product,P473322
https://www.sephora.com/product/nuface-trinity-reg-starter-set-with-twr-attachment-wrinkle-reducer-P504678?skuId=2536654&icid2=products%20grid:p504678:product,P504678
https://www.sephora.com/product/danessa-myricks-beauty-yummy-skin-moisture-repair-balm-serum-with-hyaluronic-acid-squalane-P509837?skuId=2738664&icid2=products%20grid:p509837:product,P509837
https://www.sephora.com/product/yse-beauty-last-call-gentle-daily-retinol-serum-with-niacinamide-hyaluronic-acid-P517104?skuId=2886224&icid2=products%20grid:p517104:product,P517104
https://www.sephora.com/product/cherry-treat-conditioning-lip-oil-P500307?skuId=2536423&icid2=products%20grid:p500307:product,P500307
https://www.sephora.com/product/belif-the-true-cream-aqua-bomb-with-hyaluronic-acid-niacinamide-P510117?skuId=2742674&icid2=products%20grid:p510117:product,P510117
https://www.sephora.com/product/the-body-wash-fragrance-free-P515169?skuId=2839207&icid2=products%20grid:p515169:product,P515169
https://www.sephora.com/product/dam-dam-nomad-s-cream-purifying-exfoliating-cleanser-P472023?skuId=2463073&icid2=products%20grid:p472023:product,P472023
https://www.sephora.com/product/body-brush-2-0-P507572?skuId=2711687&icid2=products%20grid:p507572:product,P507572
https://www.sephora.com/product/pit-boss-antiperspirant-deodorant-P96811?skuId=826859&icid2=products%20grid:p96811:product,P96811
https://www.sephora.com/product/powerful-strength-line-reducing-concentrate-12-5-vitamin-c-P427529?skuId=2664191&icid2=products%20grid:p427529:product,P427529
https://www.sephora.com/product/find-comfort-awaken-confidence-bouncy-body-cream-P514582?skuId=2817138&icid2=products%20grid:p514582:product,P514582
https://www.sephora.com/product/dermalogica-smart-response-serum-P472810?skuId=2452043&icid2=products%20grid:p472810:product,P472810
https://www.sephora.com/product/plantscription-retinol-moisturizer-with-alpine-flower-P442745?skuId=2214153&icid2=products%20grid:p442745:product,P442745
https://www.sephora.com/product/cool-moisture-body-lotion-P96809?skuId=826867&icid2=products%20grid:p96809:product,P96809
https://www.sephora.com/product/the-renewal-oil-P508882?skuId=2714111&icid2=products%20grid:p508882:product,P508882
https://www.sephora.com/product/caudalie-vinoclean-makeup-removing-cleansing-oil-P468637?skuId=2062503&icid2=products%20grid:p468637:product,P468637
https://www.sephora.com/product/necessaire-the-body-lotion-P459138?skuId=2364107&icid2=products%20grid:p459138:product,P459138
https://www.sephora.com/product/dr-barbara-sturm-hyaluronic-serum-P447212?skuId=2269892&icid2=products%20grid:p447212:product,P447212
https://www.sephora.com/product/skinfix-eczema-pre-biotic-foaming-oil-cleanser-P513603?skuId=2734440&icid2=products%20grid:p513603:product,P513603
https://www.sephora.com/product/tatcha-the-silk-peony-melting-eye-cream-P509794?skuId=2740678&icid2=products%20grid:p509794:product,P509794
https://www.sephora.com/product/supreme-c-100-vitamin-c-brightening-serum-P515180?skuId=2851988&icid2=products%20grid:p515180:product,P515180
https://www.sephora.com/product/advanced-night-repair-concentrated-recovery-powerfoil-mask-P406530?skuId=1803378&icid2=products%20grid:p406530:product,P406530
https://www.sephora.com/product/peace-out-2-salicylic-acid-acne-gel-cleanser-P510882?skuId=2734754&icid2=products%20grid:p510882:product,P510882
https://www.sephora.com/product/dam-dam-paradisi-mist-hydrating-essence-mist-P472022?skuId=2463081&icid2=products%20grid:p472022:product,P472022
https://www.sephora.com/product/dr-dennis-gross-skincare-smooth-radiant-firm-kit-for-sensitive-normal-skin-P510896?skuId=2767739&icid2=products%20grid:p510896:product,P510896
https://www.sephora.com/product/yse-beauty-your-favorite-ex-exfoliating-pads-travel-7-pack-P517102?skuId=2886349&icid2=products%20grid:p517102:product,P517102
https://www.sephora.com/product/sulwhasoo-uv-daily-cream-broad-spectrum-spf-40-sunscreen-P511710?skuId=2653657&icid2=products%20grid:p511710:product,P511710
https://www.sephora.com/product/shani-darden-triple-acid-signature-peel-P503920?skuId=2588903&icid2=products%20grid:p503920:product,P503920
https://www.sephora.com/product/topicals-clearly-clarifying-calming-mist-for-acne-prone-skin-P514708?skuId=2879351&icid2=products%20grid:p514708:product,P514708
https://www.sephora.com/product/goop-g-tox-ultimate-dry-brush-P458964?skuId=2359131&icid2=products%20grid:p458964:product,P458964
https://www.sephora.com/product/pebble-exfoliating-solid-bath-shower-oil-with-fresh-eucalyptus-P508743?skuId=2723468&icid2=products%20grid:p508743:product,P508743
https://www.sephora.com/product/dr-barbara-sturm-the-better-b-niacinamide-serum-P481973?skuId=2532935&icid2=products%20grid:p481973:product,P481973
https://www.sephora.com/product/porecting-dermask-P515929?skuId=2867232&icid2=products%20grid:p515929:product,P515929
https://www.sephora.com/product/first-aid-beauty-0-3-retinol-complex-serum-with-peptides-P509442?skuId=2830867&icid2=products%20grid:p509442:product,P509442
https://www.sephora.com/product/self-tan-supreme-violet-mousse-P510453?skuId=2759249&icid2=products%20grid:p510453:product,P510453
https://www.sephora.com/product/clarins-lip-comfort-oil-P483060?icid2=products%20grid:p483060:product,P483060
https://www.sephora.com/product/canopy-aroma-pucks-P508614?skuId=2714996&icid2=products%20grid:p508614:product,P508614
https://www.sephora.com/product/atobarrier365-gentle-ph-balancing-foaming-cleanser-for-skin-moisture-barrier-repair-P515487?skuId=2844983&icid2=products%20grid:p515487:product,P515487
https://www.sephora.com/product/sunday-riley-mini-good-genes-all-in-one-aha-lactic-acid-treatment-P504223?skuId=2588788&icid2=products%20grid:p504223:product,P504223
https://www.sephora.com/product/fresh-kombucha-cleansing-treatment-P466122?skuId=2404820&icid2=products%20grid:p466122:product,P466122
https://www.sephora.com/product/honey-grail-ultra-hydrating-face-oil-P444226?skuId=2231975&icid2=products%20grid:p444226:product,P444226
https://www.sephora.com/product/clinique-take-day-off-cleansing-balm-mini-P453816?skuId=2039477&icid2=products%20grid:p453816:product,P453816
https://www.sephora.com/product/dermalogica-retinol-acne-clearing-oil-P467111?skuId=2318376&icid2=products%20grid:p467111:product,P467111
https://www.sephora.com/product/clarity-purifying-face-oil-serum-for-dark-spots-blemishes-tsubaki-P516823?skuId=2881605&icid2=products%20grid:p516823:product,P516823
https://www.sephora.com/product/then-i-met-you-essence-light-sunscreen-broad-spectrum-moisturizer-spf-50-pa-P514198?skuId=2828770&icid2=products%20grid:p514198:product,P514198
https://www.sephora.com/product/radiant-vita-niacinamide-real-deep-mask-for-brightening-dull-skin-dark-spot-care-P515946?skuId=2865343&icid2=products%20grid:p515946:product,P515946
https://www.sephora.com/product/ranavat-brightening-retinol-eye-cream-for-fine-lines-dark-circles-P509692?skuId=2701365&icid2=products%20grid:p509692:product,P509692
https://www.sephora.com/product/dr-barbara-sturm-brightening-serum-P448549?skuId=2269942&icid2=products%20grid:p448549:product,P448549
https://www.sephora.com/product/hourglass-equilibrium-transformative-cleansing-balm-P512764?skuId=2790483&icid2=products%20grid:p512764:product,P512764
https://www.sephora.com/product/yse-beauty-like-gloss-lip-mask-P517105?skuId=2886315&icid2=products%20grid:p517105:product,P517105
https://www.sephora.com/product/oil-free-sun-guard-sunscreen-water-resistant-spf-45-P397664?skuId=1240449&icid2=products%20grid:p397664:product,P397664
https://www.sephora.com/product/sulwhasoo-first-care-activating-single-sheet-mask-P510783?skuId=2758811&icid2=products%20grid:p510783:product,P510783
https://www.sephora.com/product/lancome-absolue-rich-cream-moisturizer-P482025?skuId=2578128&icid2=products%20grid:p482025:product,P482025
https://www.sephora.com/product/rare-beauty-by-selena-gomez-find-comfort-hydrating-body-lotion-P509543?skuId=2734028&icid2=products%20grid:p509543:product,P509543
https://www.sephora.com/product/healthy-skin-set-hydration-set-P516133?skuId=2845493&icid2=products%20grid:p516133:product,P516133
https://www.sephora.com/product/dr-barbara-sturm-the-good-c-vitamin-c-serum-P469200?skuId=2425189&icid2=products%20grid:p469200:product,P469200
https://www.sephora.com/product/clarins-velvet-hydrating-cleansing-milk-P467758?skuId=2444693&icid2=products%20grid:p467758:product,P467758
https://www.sephora.com/product/shiseido-ultimate-sun-protector-face-and-body-spray-spf-40-sunscreen-P510825?skuId=2742617&icid2=products%20grid:p510825:product,P510825
https://www.sephora.com/product/the-inkey-list-supersolutions-20-niacinamide-serum-P502710?skuId=2599280&icid2=products%20grid:p502710:product,P502710
https://www.sephora.com/product/skin-activator-serum-with-hyaluronic-acid-niacinamide-P504921?skuId=2662161&icid2=products%20grid:p504921:product,P504921
https://www.sephora.com/product/estee-lauder-perfectionist-pro-rapid-brightening-serum-P509817?skuId=2695963&icid2=products%20grid:p509817:product,P509817
https://www.sephora.com/product/moisture-surge-overnight-mask-P377577?skuId=1484641&icid2=products%20grid:p377577:product,P377577
https://www.sephora.com/product/canopy-the-canopy-portable-humidifier-P510876?skuId=2771111&icid2=products%20grid:p510876:product,P510876
https://www.sephora.com/product/isle-paradise-self-tanning-mousse-P504903?skuId=2871903&icid2=products%20grid:p504903:product,P504903
https://www.sephora.com/product/dark-spot-correcting-radiance-recovery-serum-P516352?skuId=2841393&icid2=products%20grid:p516352:product,P516352
https://www.sephora.com/product/pep-start-daily-uv-protector-broad-spectrum-spf-50-P415773?skuId=1898725&icid2=products%20grid:p415773:product,P415773
https://www.sephora.com/product/illumi-nation-anti-fatigue-power-serum-P450587?skuId=2258739&icid2=products%20grid:p450587:product,P450587
https://www.sephora.com/product/murad-retinol-youth-renewal-eye-serum-P453928?skuId=2319325&icid2=products%20grid:p453928:product,P453928
https://www.sephora.com/product/cay-skin-isle-invisible-sunstick-spf-35-P511970?skuId=2773455&icid2=products%20grid:p511970:product,P511970
https://www.sephora.com/product/the-true-cream-aqua-bomb-sunscreen-broad-spectrum-spf-50-P500019?skuId=2774867&icid2=products%20grid:p500019:product,P500019
https://www.sephora.com/product/drunk-elephant-a-passioni-retinol-cream-mini-P450947?skuId=2420487&icid2=products%20grid:p450947:product,P450947
https://www.sephora.com/product/the-face-illuminating-self-tan-drops-P424988?skuId=2012235&icid2=products%20grid:p424988:product,P424988
https://www.sephora.com/product/ginkgo-light-bouncy-water-cream-moisturizer-P516233?skuId=2847887&icid2=products%20grid:p516233:product,P516233
https://www.sephora.com/product/lancome-clarifique-double-treatment-hydrating-exfoliating-essence-P510812?skuId=2742484&icid2=products%20grid:p510812:product,P510812
https://www.sephora.com/product/skinpower-advanced-airy-cream-P507639?skuId=2714897&icid2=products%20grid:p507639:product,P507639
https://www.sephora.com/product/nuface-trinity-reg-starter-kit-P504221?skuId=2536621&icid2=products%20grid:p504221:product,P504221
https://www.sephora.com/product/age-bright-clearing-serum-P445833?skuId=2242576&icid2=products%20grid:p445833:product,P445833
https://www.sephora.com/product/drunk-elephant-protini-trade-powerpeptide-resurfacing-serum-P470024?skuId=2429710&icid2=products%20grid:p470024:product,P470024
https://www.sephora.com/product/sunday-riley-b3-nice-10-niacinamide-serum-P503726?skuId=2686939&icid2=products%20grid:p503726:product,P503726
https://www.sephora.com/product/l-occitane-hand-body-care-nourishing-travel-favorites-P511976?skuId=2792810&icid2=products%20grid:p511976:product,P511976
https://www.sephora.com/product/la-mer-deep-purifying-mask-P511516?skuId=2762771&icid2=products%20grid:p511516:product,P511516
https://www.sephora.com/product/drunk-elephant-bronzi-the-bloos-color-serum-duo-P511412?skuId=2768612&icid2=products%20grid:p511412:product,P511412
https://www.sephora.com/product/innisfree-hydration-heroes-with-green-tea-P509700?skuId=2740512&icid2=products%20grid:p509700:product,P509700
https://www.sephora.com/product/hydrating-floral-essence-P379705?skuId=1540368&icid2=products%20grid:p379705:product,P379705
https://www.sephora.com/product/supergoop-play-everyday-lotion-spf-50-with-sunflower-extract-mini-P454384?skuId=2322774&icid2=products%20grid:p454384:product,P454384
https://www.sephora.com/product/blueberry-bounce-gentle-cleanser-mini-P441323?skuId=2188209&icid2=products%20grid:p441323:product,P441323
https://www.sephora.com/product/rose-ingleton-md-signature-moisturizer-P468850?skuId=2451060&icid2=products%20grid:p468850:product,P468850
https://www.sephora.com/product/mini-dewy-milk-moisturizer-P517005?skuId=2893634&icid2=products%20grid:p517005:product,P517005
https://www.sephora.com/product/power-peptides-P507121?skuId=2714400&icid2=products%20grid:p507121:product,P507121
https://www.sephora.com/product/lip-jelly-P516248?skuId=2853455&icid2=products%20grid:p516248:product,P516248
https://www.sephora.com/product/eradikate-acne-spot-treatment-with-10-percent-sulfur-P232903?skuId=1167147&icid2=products%20grid:p232903:product,P232903
https://www.sephora.com/product/salt-stone-santal-vetiver-refillable-body-wash-with-niacinamide-probiotic-P510364?skuId=2759520&icid2=products%20grid:p510364:product,P510364
https://www.sephora.com/product/glow-recipe-plum-plump-hyaluronic-acid-moisturizer-P479327?skuId=2535128&icid2=products%20grid:p479327:product,P479327
https://www.sephora.com/product/alpha-beta-ultra-gentle-daily-peel-sensitive-skin-P398761?skuId=2496453&icid2=products%20grid:p398761:product,P398761
https://www.sephora.com/product/alpyn-beauty-willow-sweet-agave-plumping-lip-mask-P483643?skuId=2801991&icid2=products%20grid:p483643:product,P483643
https://www.sephora.com/product/tower-28-jumbo-sos-daily-skin-barrier-redness-recovery-moisturizer-P514783?skuId=2842987&icid2=products%20grid:p514783:product,P514783
https://www.sephora.com/product/plantscription-spf-25-power-anti-aging-cream-P409834?skuId=1826148&icid2=products%20grid:p409834:product,P409834
https://www.sephora.com/product/fresh-mini-kombucha-antioxidant-facial-treatment-essence-P505493?skuId=2658961&icid2=products%20grid:p505493:product,P505493
https://www.sephora.com/product/protein-booster-eye-rescue-P236606?skuId=1176171&icid2=products%20grid:p236606:product,P236606
https://www.sephora.com/product/mini-watermelon-glow-niacinamide-hue-drops-sun-glow-serum-P515372?skuId=2827947&icid2=products%20grid:p515372:product,P515372
https://www.sephora.com/product/rare-beauty-by-selena-gomez-find-comfort-gentle-exfoliating-body-wash-P511694?skuId=2748283&icid2=products%20grid:p511694:product,P511694
https://www.sephora.com/product/eadem-cloud-cushion-airy-brightening-moisturizer-P481701?skuId=2576411&icid2=products%20grid:p481701:product,P481701
https://www.sephora.com/product/concentrated-ginseng-rejuventating-cream-for-anti-aging-P516421?skuId=2844413&icid2=products%20grid:p516421:product,P516421
https://www.sephora.com/product/saffron-cedar-body-lotion-with-niacinamide-P515897?skuId=2845105&icid2=products%20grid:p515897:product,P515897
https://www.sephora.com/product/drunk-elephant-f-balm-electrolyte-waterfacial-mask-P454120?skuId=2313005&icid2=products%20grid:p454120:product,P454120
https://www.sephora.com/product/tower-28-sos-lipsoftie-hydrating-lip-treatment-balm-P509899?skuId=2735207&icid2=products%20grid:p509899:product,P509899
https://www.sephora.com/product/take-the-day-off-cleansing-balm-P126301?skuId=886267&icid2=products%20grid:p126301:product,P126301
https://www.sephora.com/product/moisturizing-lip-balm-P500744?skuId=2707875&icid2=products%20grid:p500744:product,P500744
https://www.sephora.com/product/ole-henriksen-cold-plunge-trade-pore-remedy-moisturizer-with-bha-P472050?skuId=2463388&icid2=products%20grid:p472050:product,P472050
https://www.sephora.com/product/mini-find-comfort-gentle-exfoliating-konjac-jelly-body-wash-P515715?skuId=2856532&icid2=products%20grid:p515715:product,P515715
https://www.sephora.com/product/dr-dennis-gross-skincare-drx-spectralite-trade-bodyware-pro-P471545?skuId=2459774&icid2=products%20grid:p471545:product,P471545
https://www.sephora.com/product/isle-paradise-self-tanning-oil-mist-P482008?skuId=2559631&icid2=products%20grid:p482008:product,P482008
https://www.sephora.com/product/gentle-peeling-serum-P509318?skuId=2693448&icid2=products%20grid:p509318:product,P509318
https://www.sephora.com/product/cream-skin-spray-toner-moisturizer-with-ceramides-peptides-P516117?skuId=2842458&icid2=products%20grid:p516117:product,P516117
https://www.sephora.com/product/lip-buff-prep-scrub-P506750?skuId=2686319&icid2=products%20grid:p506750:product,P506750
https://www.sephora.com/product/estee-lauder-advanced-night-repair-overnight-skin-treatment-P512519?skuId=2790186&icid2=products%20grid:p512519:product,P512519
https://www.sephora.com/product/mario-badescu-facial-spray-with-aloe-sage-orange-blossom-P455909?skuId=2334118&icid2=products%20grid:p455909:product,P455909
https://www.sephora.com/product/maude-shave-moisturizing-shave-oil-P505732?skuId=2679702&icid2=products%20grid:p505732:product,P505732
https://www.sephora.com/product/dr-barbara-sturm-clarifying-mask-P448542?skuId=2270056&icid2=products%20grid:p448542:product,P448542
https://www.sephora.com/product/paulas-choice-weightless-body-treatment-2-bha-P480627?skuId=2549335&icid2=products%20grid:p480627:product,P480627
https://www.sephora.com/product/kp-bump-eraser-body-scrub-with-10-aha-P444989?skuId=2233245&icid2=products%20grid:p444989:product,P444989
https://www.sephora.com/product/ginzing-tm-energy-boosting-moisturizer-P378852?skuId=2264109&icid2=products%20grid:p378852:product,P378852
https://www.sephora.com/product/redness-solutions-instant-relief-mineral-pressed-powder-P277401?skuId=1295765&icid2=products%20grid:p277401:product,P277401
https://www.sephora.com/product/mini-clear-skin-starter-set-with-salicylic-acid-and-benzoyl-peroxide-P511581?skuId=2768109&icid2=products%20grid:p511581:product,P511581
https://www.sephora.com/product/bronze-face-glaze-gel-cream-with-squalane-ceramides-hyaluronic-acid-P507166?skuId=2714483&icid2=products%20grid:p507166:product,P507166
https://www.sephora.com/product/skinfix-barrier-buddies-light-weights-hydration-set-for-combination-oily-skin-P511738?skuId=2765428&icid2=products%20grid:p511738:product,P511738
https://www.sephora.com/product/sensitive-skin-treatment-drops-calming-vitamin-b-serum-P506680?skuId=2689032&icid2=products%20grid:p506680:product,P506680
https://www.sephora.com/product/tatcha-brightening-eye-cream-P514617?skuId=2828663&icid2=products%20grid:p514617:product,P514617
https://www.sephora.com/product/origins-ginzing-into-glow-brightening-serum-P462891?skuId=2384220&icid2=products%20grid:p462891:product,P462891
https://www.sephora.com/product/la-mer-the-essence-foaming-cleanser-P510096?skuId=2748598&icid2=products%20grid:p510096:product,P510096
https://www.sephora.com/product/brighten-5-niacinamide-serum-for-dark-spots-uneven-texture-P516249?skuId=2853471&icid2=products%20grid:p516249:product,P516249
https://www.sephora.com/product/salt-stone-bergamot-hinoki-extra-strength-aluminum-free-deodorant-P510302?skuId=2759553&icid2=products%20grid:p510302:product,P510302
https://www.sephora.com/product/brightening-firming-serum-with-20-vitamin-c-ferulic-acid-P506974?skuId=2694750&icid2=products%20grid:p506974:product,P506974
https://www.sephora.com/product/wrinkle-warrior-2-in-1-plumping-moisturizer-serum-P415202?skuId=1898220&icid2=products%20grid:p415202:product,P415202
https://www.sephora.com/product/resveratrol-3-ferulic-acid-3-P442755?skuId=2210680&icid2=products%20grid:p442755:product,P442755
https://www.sephora.com/product/mini-brightening-saffron-serum-radiant-rani-P502191?skuId=2610236&icid2=products%20grid:p502191:product,P502191
https://www.sephora.com/product/merit-shade-slick-tinted-lip-oil-P468691?skuId=2849925&icid2=products%20grid:p468691:product,P468691
https://www.sephora.com/product/clarins-super-restorative-anti-aging-day-cream-all-skin-types-P501566?skuId=2604106&icid2=products%20grid:p501566:product,P501566
https://www.sephora.com/product/water-drench-minis-kit-P516431?skuId=2866127&icid2=products%20grid:p516431:product,P516431
https://www.sephora.com/product/hourglass-equilibrium-trade-rebalancing-cream-cleanser-P469832?skuId=2416196&icid2=products%20grid:p469832:product,P469832
https://www.sephora.com/product/dr-barbara-sturm-the-ultimate-stinky-pimple-treatment-P512520?skuId=2791952&icid2=products%20grid:p512520:product,P512520
https://www.sephora.com/product/the-body-cream-fragrance-free-barrier-repair-with-5-niacinamide-5-essential-ceramides-hyaluronic-acid-P514743?skuId=2839579&icid2=products%20grid:p514743:product,P514743
https://www.sephora.com/product/luna-daily-the-motherhood-wash-with-arnica-calendula-bisabolol-P512287?skuId=2781623&icid2=products%20grid:p512287:product,P512287
https://www.sephora.com/product/macrene-actives-high-performance-tinted-moisturizer-P513366?skuId=2780468&icid2=products%20grid:p513366:product,P513366
https://www.sephora.com/product/the-ordinary-squalane-amino-acids-hydrating-lip-balm-P512153?skuId=2785293&icid2=products%20grid:p512153:product,P512153
https://www.sephora.com/product/polished-rice-enzyme-powder-P426340?skuId=2468734&icid2=products%20grid:p426340:product,P426340
https://www.sephora.com/product/theraplush-warm-hug-refillable-hand-cream-P514406?skuId=2820793&icid2=products%20grid:p514406:product,P514406
https://www.sephora.com/product/face-scrub-P122665?skuId=50997&icid2=products%20grid:p122665:product,P122665
https://www.sephora.com/product/brazilian-crush-body-fragrance-mist-mini-P421481?skuId=1985118&icid2=products%20grid:p421481:product,P421481
https://www.sephora.com/product/charlotte-s-magic-water-cream-P507756?skuId=2697282&icid2=products%20grid:p507756:product,P507756
https://www.sephora.com/product/calendula-herbal-extract-alcohol-free-toner-P421997?skuId=1988682&icid2=products%20grid:p421997:product,P421997
https://www.sephora.com/product/fresh-pressed-renewing-powder-cleanser-P417323?skuId=1898782&icid2=products%20grid:p417323:product,P417323
https://www.sephora.com/product/brazilian-kiss-cupua-u-lip-butter-P415747?skuId=2879245&icid2=products%20grid:p415747:product,P415747
https://www.sephora.com/product/peace-out-pores-P428250?skuId=2532513&icid2=products%20grid:p428250:product,P428250
https://www.sephora.com/product/sephora-collection-resurfacing-peel-mask-P473725?skuId=2368223&icid2=products%20grid:p473725:product,P473725
https://www.sephora.com/product/mini-o2-growth-factor-eight-active-multitasking-moisturizer-P515725?skuId=2868594&icid2=products%20grid:p515725:product,P515725
https://www.sephora.com/product/la-mer-the-radiant-skintint-spf-30-P459502?skuId=2357937&icid2=products%20grid:p459502:product,P459502
https://www.sephora.com/product/self-tan-express-bronzing-mousse-P407448?skuId=1635564&icid2=products%20grid:p407448:product,P407448
https://www.sephora.com/product/innbeauty-project-face-glaze-P474329?skuId=2530426&icid2=products%20grid:p474329:product,P474329
https://www.sephora.com/product/make-up-for-ever-mini-step-1-primer-hydra-booster-P468193?skuId=2424786&icid2=products%20grid:p468193:product,P468193
https://www.sephora.com/product/aquamarine-melt-hydrating-gel-balm-cleanser-P516190?skuId=2871507&icid2=products%20grid:p516190:product,P516190
https://www.sephora.com/product/huda-beauty-faux-filler-jelly-oil-P516660?skuId=2870558&icid2=products%20grid:p516660:product,P516660
https://www.sephora.com/product/the-lifting-firming-serum-P508010?skuId=2714103&icid2=products%20grid:p508010:product,P508010
https://www.sephora.com/product/farmacy-whipped-greens-oil-free-foaming-cleanser-with-moringa-papaya-P466661?skuId=2842631&icid2=products%20grid:p466661:product,P466661
https://www.sephora.com/product/shiseido-essential-energy-hydrating-cream-P481162?skuId=2534816&icid2=products%20grid:p481162:product,P481162
https://www.sephora.com/product/necessaire-the-hand-retinol-repair-serum-with-0-25-pure-retinol-5-aha-5-peptides-P509075?skuId=2709459&icid2=products%20grid:p509075:product,P509075
https://www.sephora.com/product/benefit-cosmetics-the-porefessional-tight-n-toned-pore-refining-aha-pha-toner-P505009?skuId=2641645&icid2=products%20grid:p505009:product,P505009
https://www.sephora.com/product/one-step-gentle-exfoliating-cleanser-P510385?skuId=2737286&icid2=products%20grid:p510385:product,P510385
https://www.sephora.com/product/sulwhasoo-mini-first-care-activating-serum-P476729?skuId=2698447&icid2=products%20grid:p476729:product,P476729
https://www.sephora.com/product/tula-skincare-24-7-moisture-day-night-peptide-lip-mask-P513377?skuId=2802460&icid2=products%20grid:p513377:product,P513377
https://www.sephora.com/product/charlotte-tilbury-cryo-recovery-depuffing-eye-serum-P476843?skuId=2486314&icid2=products%20grid:p476843:product,P476843
https://www.sephora.com/product/find-your-balance-oil-control-cleanser-P416815?skuId=1910678&icid2=products%20grid:p416815:product,P416815
https://www.sephora.com/product/mini-micellar-water-P514830?skuId=2818706&icid2=products%20grid:p514830:product,P514830
https://www.sephora.com/product/extreme-cream-eye-firming-contouring-eye-cream-P515334?skuId=2846038&icid2=products%20grid:p515334:product,P515334
https://www.sephora.com/product/ultimate-revival-essence-P428103?skuId=2047439&icid2=products%20grid:p428103:product,P428103
https://www.sephora.com/product/goat-milk-moisturizing-cleanser-P440305?skuId=2172658&icid2=products%20grid:p440305:product,P440305
https://www.sephora.com/product/clean-conscious-body-sunscreen-mist-with-vitamin-c-P504510?skuId=2643617&icid2=products%20grid:p504510:product,P504510
https://www.sephora.com/product/multi-peptide-serum-for-hair-density-P442831?skuId=2210722&icid2=products%20grid:p442831:product,P442831
https://www.sephora.com/product/acne-solutions-all-over-clearing-treatment-oil-free-P188306?skuId=1027465&icid2=products%20grid:p188306:product,P188306
https://www.sephora.com/product/clear-exfoliating-serum-for-blemishes-with-10-aha-bha-blend-P516214?skuId=2853463&icid2=products%20grid:p516214:product,P516214
https://www.sephora.com/product/innbeauty-project-mineral-sun-glow-broad-spectrum-spf-43-pa-with-peptides-vitamin-c-P510941?skuId=2734291&icid2=products%20grid:p510941:product,P510941
https://www.sephora.com/product/macrene-actives-plumping-high-performance-lip-filler-with-hyaluronic-acid-P505140?skuId=2674083&icid2=products%20grid:p505140:product,P505140
https://www.sephora.com/product/tula-skincare-protect-plump-firming-hydrating-face-moisturizer-P475195?skuId=2500890&icid2=products%20grid:p475195:product,P475195
https://www.sephora.com/product/glossier-super-bounce-hyaluronic-acid-vitamin-b5-hydrating-face-serum-P504795?skuId=2649481&icid2=products%20grid:p504795:product,P504795
https://www.sephora.com/product/hydra-vizor-mineral-spf-30-refillable-moisturizer-P506080?skuId=2648764&icid2=products%20grid:p506080:product,P506080
https://www.sephora.com/product/sephora-collection-face-masks-fruit-plant-extracts-hydrating-hyaluronic-acid-P505336?skuId=2614394&icid2=products%20grid:p505336:product,P505336
https://www.sephora.com/product/adaptogen-deep-moisture-cream-P432829?skuId=2088029&icid2=products%20grid:p432829:product,P432829
https://www.sephora.com/product/paula-s-choice-mini-skin-perfecting-2-bha-liquid-exfoliant-P469503?skuId=2421394&icid2=products%20grid:p469503:product,P469503
https://www.sephora.com/product/o2-niacinamide-eight-active-multitasking-serum-P515722?skuId=2868586&icid2=products%20grid:p515722:product,P515722
https://www.sephora.com/product/tan-luxe-the-express-hydrating-self-tan-water-P505876?skuId=2679074&icid2=products%20grid:p505876:product,P505876
https://www.sephora.com/product/dramatically-different-moisturizing-gel-mini-P425860?skuId=789735&icid2=products%20grid:p425860:product,P425860
https://www.sephora.com/product/hello-sunday-the-mineral-one-spf-50-hydrating-luminating-face-serum-with-hyaluronic-acid-P510563?skuId=2753309&icid2=products%20grid:p510563:product,P510563
https://www.sephora.com/product/major-glow-high-shine-skin-perfecting-body-creme-P515718?skuId=2871523&icid2=products%20grid:p515718:product,P515718
https://www.sephora.com/product/the-silk-canvas-P428661?skuId=1970235&icid2=products%20grid:p428661:product,P428661
https://www.sephora.com/product/power-move-plumping-hydrating-serum-with-hyaluronic-acid-P506132?skuId=2685915&icid2=products%20grid:p506132:product,P506132
https://www.sephora.com/product/renewing-cleansing-cream-P38217?skuId=2835858&icid2=products%20grid:p38217:product,P38217
https://www.sephora.com/product/the-ordinary-mini-glycolic-acid-7-exfoliating-toning-solution-P509295?skuId=2714384&icid2=products%20grid:p509295:product,P509295
https://www.sephora.com/product/collagen-boosting-oil-serum-for-restoring-elasticity-plumping-skin-squalane-P516834?skuId=2881563&icid2=products%20grid:p516834:product,P516834
https://www.sephora.com/product/best-skin-days-spf30-whipped-tinted-moisturizer-with-vitamin-c-hyaluronic-acid-P509345?skuId=2745008&icid2=products%20grid:p509345:product,P509345
https://www.sephora.com/product/peter-thomas-roth-water-drench-jelly-moisturizer-P515483?skuId=2862696&icid2=products%20grid:p515483:product,P515483
https://www.sephora.com/product/strivectin-advanced-retinol-daily-repair-face-moisturizer-broad-spectrum-spf-30-P481742?skuId=2533644&icid2=products%20grid:p481742:product,P481742
https://www.sephora.com/product/tatcha-the-liquid-silk-canvas-featherweight-protective-primer-P456446?skuId=2339711&icid2=products%20grid:p456446:product,P456446
https://www.sephora.com/product/take-the-day-off-to-go-P223704?skuId=1123116&icid2=products%20grid:p223704:product,P223704
https://www.sephora.com/product/augustinus-bader-the-face-cream-mask-P503926?skuId=2650224&icid2=products%20grid:p503926:product,P503926
https://www.sephora.com/product/the-everywhere-wash-care-mini-set-ph-balanced-with-prebiotics-vitamins-P507765?skuId=2674778&icid2=products%20grid:p507765:product,P507765
https://www.sephora.com/product/mini-skin-perfecting-6-mandelic-acid-2-lactic-acid-liquid-exfoliant-P514579?skuId=2793487&icid2=products%20grid:p514579:product,P514579
https://www.sephora.com/product/hyalurolip-lip-plumper-with-hyaluronic-acid-P515455?skuId=2855377&icid2=products%20grid:p515455:product,P515455
https://www.sephora.com/product/paulas-choice-10-niacinamide-booster-P480628?skuId=2549343&icid2=products%20grid:p480628:product,P480628
https://www.sephora.com/product/54-thrones-mini-african-beauty-butter-intensive-dry-skin-treatment-P503832?skuId=2626505&icid2=products%20grid:p503832:product,P503832
https://www.sephora.com/product/dieux-deliverance-antioxidant-niacinamide-serum-for-calm-even-skin-P510260?skuId=2767143&icid2=products%20grid:p510260:product,P510260
https://www.sephora.com/product/post-shave-soother-P122770?skuId=51052&icid2=products%20grid:p122770:product,P122770
https://www.sephora.com/product/brilliantly-bright-body-moisturizer-with-vitamin-c-niacinamide-P506106?skuId=2677920&icid2=products%20grid:p506106:product,P506106
https://www.sephora.com/product/paula-s-choice-clinical-niacinamide-20-treatment-P469511?skuId=2421287&icid2=products%20grid:p469511:product,P469511
https://www.sephora.com/product/salicylic-acid-acne-blackhead-cleanser-P443833?skuId=2211605&icid2=products%20grid:p443833:product,P443833
https://www.sephora.com/product/necessaire-the-body-wash-eucalyptus-nourishing-treatment-cleanse-with-lipid-rich-oils-niacinamide-P459727?skuId=2840965&icid2=products%20grid:p459727:product,P459727
https://www.sephora.com/product/metal-facial-razor-refills-P472067?skuId=2876092&icid2=products%20grid:p472067:product,P472067
https://www.sephora.com/product/nudestix-nudeskin-citrus-clean-balm-make-up-melt-P476892?skuId=2530657&icid2=products%20grid:p476892:product,P476892
https://www.sephora.com/product/genifique-ultimate-recovery-serum-discovery-set-P516453?skuId=2858918&icid2=products%20grid:p516453:product,P516453
https://www.sephora.com/product/paula-s-choice-skin-perfecting-25-aha-2-bha-exfoliant-peel-P469528?skuId=2421386&icid2=products%20grid:p469528:product,P469528
https://www.sephora.com/product/tula-skincare-24-7-ultra-hydration-triple-hydra-complex-day-night-serum-with-hyaluronic-acid-squalane-collagen-P505409?skuId=2647436&icid2=products%20grid:p505409:product,P505409
https://www.sephora.com/product/milky-mushroom-ultra-hydrating-mask-P515650?skuId=2873305&icid2=products%20grid:p515650:product,P515650
https://www.sephora.com/product/kate-somerville-delikate-recovery-cream-P457695?skuId=2278745&icid2=products%20grid:p457695:product,P457695
https://www.sephora.com/product/hourglass-equilibrium-trade-restorative-hydrating-cream-P476686?skuId=2470128&icid2=products%20grid:p476686:product,P476686
https://www.sephora.com/product/the-skin-school-set-cleanse-treat-hydrate-minis-for-clearer-skin-P516944?skuId=2865046&icid2=products%20grid:p516944:product,P516944
https://www.sephora.com/product/after-dark-natural-peptide-sleeping-cream-P444216?skuId=2202521&icid2=products%20grid:p444216:product,P444216
https://www.sephora.com/product/caudalie-vinosun-protect-brightening-daily-mineral-sunscreen-spf-50-with-niacinamide-P511386?skuId=2744266&icid2=products%20grid:p511386:product,P511386
https://www.sephora.com/product/dr-jart-ceramidin-tm-cream-infused-mask-P504064?skuId=2640654&icid2=products%20grid:p504064:product,P504064
https://www.sephora.com/product/dermalogica-biolumin-c-vitamin-c-eye-serum-P453930?skuId=2318046&icid2=products%20grid:p453930:product,P453930
https://www.sephora.com/product/josie-maran-argan-sun-milk-mineral-sunscreen-broad-spectrum-spf-33-moisturizer-P512927?skuId=2802353&icid2=products%20grid:p512927:product,P512927
https://www.sephora.com/product/dermalogica-circular-hydration-serum-with-hyaluronic-acid-P481697?skuId=2534261&icid2=products%20grid:p481697:product,P481697
https://www.sephora.com/product/mario-badescu-vitamin-c-serum-P440494?skuId=2185387&icid2=products%20grid:p440494:product,P440494
https://www.sephora.com/product/laneige-glowy-makeup-serum-face-primer-P457508?skuId=2352441&icid2=products%20grid:p457508:product,P457508
https://www.sephora.com/product/sol-de-janeiro-beija-flor-tm-elasti-cream-with-collagen-squalane-P482316?skuId=2535318&icid2=products%20grid:p482316:product,P482316
https://www.sephora.com/product/herbivore-botanicals-skin-in-clouds-set-P480607?skuId=2553998&icid2=products%20grid:p480607:product,P480607
https://www.sephora.com/product/belif-moisturizing-eye-bomb-with-peptide-ceramide-P510122?skuId=2747525&icid2=products%20grid:p510122:product,P510122
https://www.sephora.com/product/shani-darden-intensive-eye-renewal-cream-with-firming-peptides-P467973?skuId=2433662&icid2=products%20grid:p467973:product,P467973
https://www.sephora.com/product/moisture-surge-tm-body-hydrator-lotion-with-hyaluronic-acid-P515980?skuId=2835718&icid2=products%20grid:p515980:product,P515980
https://www.sephora.com/product/sos-save-our-skin-daily-rescue-facial-spray-P448852?skuId=2527844&icid2=products%20grid:p448852:product,P448852
https://www.sephora.com/product/lip-oil-P451920?skuId=2486769&icid2=products%20grid:p451920:product,P451920
https://www.sephora.com/product/it-cosmetics-confidence-in-gel-cream-moisturizer-P509966?skuId=2761807&icid2=products%20grid:p509966:product,P509966
https://www.sephora.com/product/cicapair-sensitive-skin-serum-for-redness-and-barrier-repair-P423259?skuId=2733699&icid2=products%20grid:p423259:product,P423259
https://www.sephora.com/product/nest-turkish-rose-perfume-oil-P470236?skuId=2411361&icid2=products%20grid:p470236:product,P470236
https://www.sephora.com/product/daily-perfecting-body-lotion-P517942?skuId=2859197&icid2=products%20grid:p517942:product,P517942
https://www.sephora.com/product/summer-fridays-babymoon-belly-balm-P471283?skuId=2462109&icid2=products%20grid:p471283:product,P471283
https://www.sephora.com/product/ole-henriksen-banana-bright-vitamin-c-serum-P456566?skuId=2347219&icid2=products%20grid:p456566:product,P456566
https://www.sephora.com/product/dr-jart-every-sun-day-mineral-sunscreen-spf-50-P457521?skuId=2344547&icid2=products%20grid:p457521:product,P457521
https://www.sephora.com/product/midnight-secret-late-night-recovery-treatment-P408678?skuId=1818772&icid2=products%20grid:p408678:product,P408678
https://www.sephora.com/product/exfolikate-glow-moisturizer-P421276?skuId=1976414&icid2=products%20grid:p421276:product,P421276
https://www.sephora.com/product/facegym-active-collagen-wonder-serum-P510881?skuId=2735991&icid2=products%20grid:p510881:product,P510881
https://www.sephora.com/product/art-start-set-P515927?skuId=2867240&icid2=products%20grid:p515927:product,P515927
https://www.sephora.com/product/dermalogica-biolumin-c-vitamin-c-gel-moisturizer-P475086?skuId=2479814&icid2=products%20grid:p475086:product,P475086
https://www.sephora.com/product/micellar-cleansing-water-P381020?skuId=2062495&icid2=products%20grid:p381020:product,P381020
https://www.sephora.com/product/murad-targeted-wrinkle-corrector-P479645?skuId=2533180&icid2=products%20grid:p479645:product,P479645
https://www.sephora.com/product/fridge-to-face-blemish-defense-cooling-mist-P516813?skuId=2865053&icid2=products%20grid:p516813:product,P516813
https://www.sephora.com/product/restorative-body-creme-p500641-P500641?skuId=2575595&icid2=products%20grid:p500641:product,P500641
https://www.sephora.com/product/the-ordinary-deciem-glycolic-acid-7-toning-solution-P427406?skuId=2031508&icid2=products%20grid:p427406:product,P427406
https://www.sephora.com/product/aqua-bomb-jelly-cleanser-P444057?skuId=2224632&icid2=products%20grid:p444057:product,P444057
https://www.sephora.com/product/multi-antioxidant-radiance-serum-with-vitamin-c-P516231?skuId=2860757&icid2=products%20grid:p516231:product,P516231
https://www.sephora.com/product/rose-ingleton-md-futurebright-brightening-dark-spot-vitamin-c-serum-P513614?skuId=2816429&icid2=products%20grid:p513614:product,P513614
https://www.sephora.com/product/mara-beauty-chlorella-reishi-tm-sea-vitamin-c-serum-P504059?skuId=2633139&icid2=products%20grid:p504059:product,P504059
https://www.sephora.com/product/exfoliating-scrub-P122718?skuId=579490&icid2=products%20grid:p122718:product,P122718
https://www.sephora.com/product/kiehls-midnight-recovery-omega-rich-cloud-cream-P483664?skuId=2532414&icid2=products%20grid:p483664:product,P483664
https://www.sephora.com/product/5-minute-facial-for-sensitive-skin-P506746?skuId=2707115&icid2=products%20grid:p506746:product,P506746
https://www.sephora.com/product/topicals-slather-body-serum-P481500?skuId=2578334&icid2=products%20grid:p481500:product,P481500
https://www.sephora.com/product/faded-brightening-clearing-serum-for-dark-spots-discoloration-P515090?skuId=2842755&icid2=products%20grid:p515090:product,P515090
https://www.sephora.com/product/then-i-met-you-renewing-rich-deep-hydration-cream-with-ginseng-squalane-P514219?skuId=2828762&icid2=products%20grid:p514219:product,P514219
https://www.sephora.com/product/caudalie-premier-cru-anti-aging-cream-moisturizer-P480160?skuId=2838233&icid2=products%20grid:p480160:product,P480160
https://www.sephora.com/product/mini-mask-multiverse-4-piece-mask-kit-P514355?skuId=2810380&icid2=products%20grid:p514355:product,P514355
https://www.sephora.com/product/supergoop-glowscreen-sunscreen-spf-40-P456218?skuId=2535656&icid2=products%20grid:p456218:product,P456218
https://www.sephora.com/product/dam-dam-mochi-mochi-luminous-plumping-moisturizer-P472021?skuId=2463065&icid2=products%20grid:p472021:product,P472021
https://www.sephora.com/product/kiehls-ultra-facial-oil-free-gel-cream-P470040?skuId=2452183&icid2=products%20grid:p470040:product,P470040
https://www.sephora.com/product/water-bank-cleansing-foam-P500982?skuId=2594828&icid2=products%20grid:p500982:product,P500982
https://www.sephora.com/product/destress-redness-calming-serum-with-vitamin-c-ceramides-P516206?skuId=2853513&icid2=products%20grid:p516206:product,P516206
https://www.sephora.com/product/beautybio-glofacial-salicylic-acid-hyaluronic-acid-solution-P503552?skuId=2604650&icid2=products%20grid:p503552:product,P503552
https://www.sephora.com/product/clearing-skin-wash-P445832?skuId=2242568&icid2=products%20grid:p445832:product,P445832
https://www.sephora.com/product/firmx-peeling-gel-P377561?skuId=1495860&icid2=products%20grid:p377561:product,P377561
https://www.sephora.com/product/best-ole-skincare-essentials-set-P516575?skuId=2876068&icid2=products%20grid:p516575:product,P516575
https://www.sephora.com/product/brighten-protect-set-P515496?skuId=2841708&icid2=products%20grid:p515496:product,P515496
https://www.sephora.com/product/belif-aqua-bomb-brightening-vitamin-c-cream-P471535?skuId=2454627&icid2=products%20grid:p471535:product,P471535
https://www.sephora.com/product/bouncy-firm-radiance-boosting-serum-w-peony-collagen-complextm-P515338?skuId=2842508&icid2=products%20grid:p515338:product,P515338
https://www.sephora.com/product/tatcha-the-texture-tonic-P479352?skuId=2845212&icid2=products%20grid:p479352:product,P479352
https://www.sephora.com/product/tata-harper-superkind-bio-barrier-serum-P476736?skuId=2522720&icid2=products%20grid:p476736:product,P476736
https://www.sephora.com/product/lancome-absolue-soft-cream-revitalizing-brightening-moisturizer-P474843?skuId=2258010&icid2=products%20grid:p474843:product,P474843
https://www.sephora.com/product/beard-lube-conditioning-shave-3-pack-P237115?skuId=1176189&icid2=products%20grid:p237115:product,P237115
https://www.sephora.com/product/fenty-skin-rihanna-hydra-vizor-refill-P476485?skuId=2418887&icid2=products%20grid:p476485:product,P476485
https://www.sephora.com/product/vinoperfect-brightening-dark-spot-serum-vitamin-c-alternative-P94421?skuId=2744423&icid2=products%20grid:p94421:product,P94421
https://www.sephora.com/product/cryo-rubber-tm-face-mask-with-brightening-vitamin-c-P506797?skuId=2344497&icid2=products%20grid:p506797:product,P506797
https://www.sephora.com/product/sugar-lip-polish-P274001?skuId=2426716&icid2=products%20grid:p274001:product,P274001
https://www.sephora.com/product/retinol-serum-P443842?skuId=2211498&icid2=products%20grid:p443842:product,P443842
https://www.sephora.com/product/turmeric-glow-foaming-cleanser-P500618?skuId=2581601&icid2=products%20grid:p500618:product,P500618
https://www.sephora.com/product/dr-barbara-sturm-balancing-toner-P448715?skuId=2278729&icid2=products%20grid:p448715:product,P448715
https://www.sephora.com/product/tula-skincare-get-toned-pro-glycolic-10-resurfacing-toner-P475199?skuId=2500924&icid2=products%20grid:p475199:product,P475199
https://www.sephora.com/product/take-the-day-off-cleansing-oil-P384821?skuId=1583426&icid2=products%20grid:p384821:product,P384821
https://www.sephora.com/product/shea-butter-ultra-rich-body-cream-P238001?skuId=1169176&icid2=products%20grid:p238001:product,P238001
https://www.sephora.com/product/kiehls-clearly-corrective-daily-re-texturizing-triple-acid-peel-P510437?skuId=2768067&icid2=products%20grid:p510437:product,P510437
https://www.sephora.com/product/augustinus-bader-the-cream-cleansing-gel-with-tfc8-gentle-cleanser-P470506?skuId=2458891&icid2=products%20grid:p470506:product,P470506
https://www.sephora.com/product/equilibrium-resurfacing-retinoid-treatment-P504637?skuId=2637726&icid2=products%20grid:p504637:product,P504637
https://www.sephora.com/product/charcoal-face-wash-P398713?skuId=1734649&icid2=products%20grid:p398713:product,P398713
https://www.sephora.com/product/protein-booster-skin-serum-P236605?skuId=1176163&icid2=products%20grid:p236605:product,P236605
https://www.sephora.com/product/kora-organics-kakadu-plum-vitamin-c-eye-cream-P476876?skuId=2480218&icid2=products%20grid:p476876:product,P476876
https://www.sephora.com/product/sephora-collection-booster-eye-mask-brightening-vitamin-c-P512737?skuId=2743318&icid2=products%20grid:p512737:product,P512737
https://www.sephora.com/product/touchland-power-mist-hydrating-hand-sanitizer-P480529?skuId=2556751&icid2=products%20grid:p480529:product,P480529
https://www.sephora.com/product/strivectin-peptight-trade-tightening-neck-serum-roller-P481743?skuId=2533636&icid2=products%20grid:p481743:product,P481743
https://www.sephora.com/product/dr-barbara-sturm-eye-cream-P447785?skuId=2269983&icid2=products%20grid:p447785:product,P447785
https://www.sephora.com/product/clarifying-mask-P420143?skuId=1949635&icid2=products%20grid:p420143:product,P420143
https://www.sephora.com/product/ilia-balmy-gloss-tinted-lip-oil-P461456?skuId=2354082&icid2=products%20grid:p461456:product,P461456
https://www.sephora.com/product/kiehls-ultra-body-mega-moisture-squalane-cream-P513722?skuId=2791325&icid2=products%20grid:p513722:product,P513722
https://www.sephora.com/product/potent-c-power-serum-P428100?skuId=2025591&icid2=products%20grid:p428100:product,P428100
https://www.sephora.com/product/gucci-serum-de-beaute-fluide-soyeux-silk-priming-serum-P467623?skuId=2416675&icid2=products%20grid:p467623:product,P467623
https://www.sephora.com/product/rio-deo-aluminum-free-deodorant-cheirosa-68-P507566?skuId=2701324&icid2=products%20grid:p507566:product,P507566
https://www.sephora.com/product/vitamin-c-cream-P443841?skuId=2211506&icid2=products%20grid:p443841:product,P443841
https://www.sephora.com/product/sk-ii-skinpower-essence-P468410?skuId=2437564&icid2=products%20grid:p468410:product,P468410
https://www.sephora.com/product/exfolikate-r-intensive-exfoliating-treatment-mini-P425877?skuId=1284629&icid2=products%20grid:p425877:product,P425877
https://www.sephora.com/product/repairative-moisturizer-P379709?skuId=1540392&icid2=products%20grid:p379709:product,P379709
https://www.sephora.com/product/ole-henriksen-glow-strong-mini-moisturizer-eye-cream-duo-P504032?skuId=2648442&icid2=products%20grid:p504032:product,P504032
https://www.sephora.com/product/glowy-lip-balm-P443563?skuId=2743060&icid2=products%20grid:p443563:product,P443563
https://www.sephora.com/product/atobarrier365-hydro-essence-with-hydrating-amino-acids-for-skin-moisture-barrier-repair-P515528?skuId=2844959&icid2=products%20grid:p515528:product,P515528
https://www.sephora.com/product/murad-daily-clarifying-peel-P474075?skuId=2462398&icid2=products%20grid:p474075:product,P474075
https://www.sephora.com/product/even-smoother-tm-glycolic-retinol-hydra-gel-eye-patches-P506475?skuId=2668549&icid2=products%20grid:p506475:product,P506475
https://www.sephora.com/product/n-176-32-hydrating-gradual-self-tanning-lotion-in-santal-P512376?skuId=2792448&icid2=products%20grid:p512376:product,P512376
https://www.sephora.com/product/mini-the-renewal-oil-P428639?skuId=1932532&icid2=products%20grid:p428639:product,P428639
https://www.sephora.com/product/paula-s-choice-resist-super-light-daily-wrinkle-defense-spf-30-P469524?skuId=2421402&icid2=products%20grid:p469524:product,P469524
https://www.sephora.com/product/shiseido-ultimate-sun-protector-face-and-body-lotion-spf-60-sunscreen-P456398?skuId=2742666&icid2=products%20grid:p456398:product,P456398
https://www.sephora.com/product/kiehls-ultra-facial-moisturizer-spf-30-P509945?skuId=2664290&icid2=products%20grid:p509945:product,P509945
https://www.sephora.com/product/sugar-lip-balm-hydrating-treatment-P500777?skuId=2594489&icid2=products%20grid:p500777:product,P500777
https://www.sephora.com/product/virgin-marula-luxury-facial-oil-mini-P424378?skuId=2015378&icid2=products%20grid:p424378:product,P424378
https://www.sephora.com/product/salt-stone-bergamot-hinoki-nourishing-hand-cream-with-niacinamide-seaweed-extract-P510366?skuId=2760288&icid2=products%20grid:p510366:product,P510366
https://www.sephora.com/product/plant-stem-cell-retinol-alternative-moisturizer-P508186?skuId=2714699&icid2=products%20grid:p508186:product,P508186
https://www.sephora.com/product/squalane-firm-lift-dual-serum-P514735?skuId=2831360&icid2=products%20grid:p514735:product,P514735
https://www.sephora.com/product/beautybio-the-quench-eye-reviving-quadralipid-eye-balm-P483141?skuId=2582427&icid2=products%20grid:p483141:product,P483141
https://www.sephora.com/product/goop-goopglow-vita-c-brightening-eye-cream-P505408?skuId=2676476&icid2=products%20grid:p505408:product,P505408
https://www.sephora.com/product/tula-skincare-ageless-eye-recharge-replenish-P484081?skuId=2566545&icid2=products%20grid:p484081:product,P484081
https://www.sephora.com/product/paula-s-choice-skin-perfecting-2-bha-liquid-exfoliant-P469502?skuId=2421360&icid2=products%20grid:p469502:product,P469502
https://www.sephora.com/product/dior-addict-lip-glow-balm-P514572?skuId=2830479&icid2=products%20grid:p514572:product,P514572
https://www.sephora.com/product/canopy-canopy-humidifier-for-skin-hydration-2-0-P514608?skuId=2814978&icid2=products%20grid:p514608:product,P514608
https://www.sephora.com/product/jack-black-lip-balm-trio-P458573?skuId=2332971&icid2=products%20grid:p458573:product,P458573
https://www.sephora.com/product/multivitamin-power-firm-P423134?skuId=2002301&icid2=products%20grid:p423134:product,P423134
https://www.sephora.com/product/josie-maran-mini-vanilla-vibezzz-whipped-argan-oil-refillable-firming-body-butter-P510473?skuId=2771954&icid2=products%20grid:p510473:product,P510473
https://www.sephora.com/product/clarifying-water-gel-moisturizer-with-hyaluronic-acid-P501003?skuId=2605707&icid2=products%20grid:p501003:product,P501003
https://www.sephora.com/product/virgin-marula-tm-luxury-facial-oil-P392245?skuId=1679315&icid2=products%20grid:p392245:product,P392245
https://www.sephora.com/product/ole-henriksen-strength-trainer-peptide-boost-moisturizer-P479339?skuId=2547917&icid2=products%20grid:p479339:product,P479339
https://www.sephora.com/product/bi-facil-double-action-eye-makeup-remover-P54477?skuId=534628&icid2=products%20grid:p54477:product,P54477
https://www.sephora.com/product/the-ordinary-saccharomyces-ferment-30-milky-toner-P511544?skuId=2768083&icid2=products%20grid:p511544:product,P511544
https://www.sephora.com/product/make-up-for-ever-mini-step-1-primer-pore-minimizer-P468191?skuId=2424778&icid2=products%20grid:p468191:product,P468191
https://www.sephora.com/product/luna-daily-the-everywhere-lotion-with-niacinamide-prebiotics-for-healthy-skin-barrier-P510095?skuId=2737674&icid2=products%20grid:p510095:product,P510095
https://www.sephora.com/product/the-daily-vitamin-c-day-serum-with-antioxidant-complex-P443810?skuId=2226827&icid2=products%20grid:p443810:product,P443810
https://www.sephora.com/product/green-clean-gentle-creamy-cleanser-P514787?skuId=2831659&icid2=products%20grid:p514787:product,P514787
https://www.sephora.com/product/dr-dennis-gross-skincare-alpha-beta-r-on-spot-eliminator-2-salicylic-acid-acne-treatment-gel-P510546?skuId=2767754&icid2=products%20grid:p510546:product,P510546
https://www.sephora.com/product/exclusive-fresh-faced-skincare-set-P516426?skuId=2835700&icid2=products%20grid:p516426:product,P516426
https://www.sephora.com/product/pure-radiant-tinted-moisturizer-spf-30-pa-P302923?skuId=1396399&icid2=products%20grid:p302923:product,P302923
https://www.sephora.com/product/it-cosmetics-cc-cream-natural-matte-foundation-with-spf-40-P510447?skuId=2773695&icid2=products%20grid:p510447:product,P510447
https://www.sephora.com/product/shiseido-urban-environment-oil-free-spf-42-mineral-face-sunscreen-P482741?skuId=2534923&icid2=products%20grid:p482741:product,P482741
https://www.sephora.com/product/hourglass-equilibrium-instant-plumping-eye-mask-P480608?skuId=2519775&icid2=products%20grid:p480608:product,P480608
https://www.sephora.com/product/clinique-moisture-surge-sheertint-hydrator-broad-spectrum-spf-25-P457692?skuId=2313708&icid2=products%20grid:p457692:product,P457692
https://www.sephora.com/product/re-storative-eye-creme-P386739?skuId=2555530&icid2=products%20grid:p386739:product,P386739
https://www.sephora.com/product/glossier-priming-moisturizer-lightweight-buildable-face-cream-P504784?skuId=2649531&icid2=products%20grid:p504784:product,P504784
https://www.sephora.com/product/natural-moisturizing-factors-beta-glucan-lightweight-gel-cream-P506145?skuId=2673317&icid2=products%20grid:p506145:product,P506145
https://www.sephora.com/product/cocoon-cleanse-solid-body-serum-cleanser-with-shea-butter-P507891?skuId=2711869&icid2=products%20grid:p507891:product,P507891
https://www.sephora.com/product/tata-harper-water-lock-moisturizer-with-skin-smoothing-peptides-P458917?skuId=2352458&icid2=products%20grid:p458917:product,P458917
https://www.sephora.com/product/alpha-beta-r-glow-pad-tm-self-tanner-for-body-P516355?skuId=2873479&icid2=products%20grid:p516355:product,P516355
https://www.sephora.com/product/c-e-o-c-e-antioxidant-protect-repair-moisturizer-P418629?skuId=2222941&icid2=products%20grid:p418629:product,P418629
https://www.sephora.com/product/the-quench-quadralipid-recovery-cream-P438648?skuId=2163160&icid2=products%20grid:p438648:product,P438648
https://www.sephora.com/product/dior-capture-totale-cell-energy-firming-wrinkle-correcting-eye-cream-P454807?skuId=2300812&icid2=products%20grid:p454807:product,P454807
https://www.sephora.com/product/dr-barbara-sturm-super-anti-aging-serum-mini-P454937?skuId=2330439&icid2=products%20grid:p454937:product,P454937
https://www.sephora.com/product/refreshing-sea-kelp-real-deep-mask-for-calming-sebum-control-P515953?skuId=2865210&icid2=products%20grid:p515953:product,P515953
https://www.sephora.com/product/mini-daily-milkfoliant-exfoliator-P500243?skuId=2588754&icid2=products%20grid:p500243:product,P500243
https://www.sephora.com/product/luxury-lip-shine-longwear-hydration-gloss-with-vitamin-c-P501185?skuId=2599322&icid2=products%20grid:p501185:product,P501185
https://www.sephora.com/product/mini-soft-wash-jelly-cleanser-P514676?skuId=2836195&icid2=products%20grid:p514676:product,P514676
https://www.sephora.com/product/lancome-clarifique-pro-solution-brightening-dark-spot-reducing-serum-P505452?skuId=2644052&icid2=products%20grid:p505452:product,P505452
https://www.sephora.com/product/the-nue-co-barrier-clear-probiotic-P513381?skuId=2792265&icid2=products%20grid:p513381:product,P513381
https://www.sephora.com/product/kora-organics-mini-turmeric-bha-brightening-treatment-mask-P461177?skuId=2384642&icid2=products%20grid:p461177:product,P461177
https://www.sephora.com/product/kiehls-expertly-clear-moisturizer-for-acne-prone-skin-with-salicylic-acid-P509461?skuId=2734788&icid2=products%20grid:p509461:product,P509461
https://www.sephora.com/product/cay-skin-isle-nourishing-body-mist-spf-50-with-sea-moss-hyaluronic-acid-P506377?skuId=2677052&icid2=products%20grid:p506377:product,P506377
https://www.sephora.com/product/superberry-hydrate-glow-dream-mask-P440307?skuId=2180941&icid2=products%20grid:p440307:product,P440307
https://www.sephora.com/product/rinse-off-foaming-cleanser-P122762?skuId=47860&icid2=products%20grid:p122762:product,P122762
https://www.sephora.com/product/sugar-strawberry-exfoliating-face-wash-mini-P448192?skuId=2258507&icid2=products%20grid:p448192:product,P448192
https://www.sephora.com/product/bestseller-trial-kit-for-gentle-exfoliation-skin-smoothing-pore-perfecting-P515951?skuId=2865129&icid2=products%20grid:p515951:product,P515951
https://www.sephora.com/product/clinique-smart-clinical-repair-trade-wrinkle-correcting-eye-cream-P479734?skuId=2531697&icid2=products%20grid:p479734:product,P479734
https://www.sephora.com/product/laneige-bouncy-firm-plumping-lip-treatment-P513177?skuId=2743102&icid2=products%20grid:p513177:product,P513177
https://www.sephora.com/product/the-silk-cream-P417867?skuId=1939131&icid2=products%20grid:p417867:product,P417867
https://www.sephora.com/product/kora-organics-active-algae-calming-cleansing-balm-P513508?skuId=2808871&icid2=products%20grid:p513508:product,P513508
https://www.sephora.com/product/caffeine-eye-cream-P443840?skuId=2211514&icid2=products%20grid:p443840:product,P443840
https://www.sephora.com/product/polyglutamic-acid-P443830?skuId=2211639&icid2=products%20grid:p443830:product,P443830
https://www.sephora.com/product/estee-lauder-advanced-night-repair-rescue-solution-serum-with-15-bifidus-ferment-p506381-P506381?skuId=2696177&icid2=products%20grid:p506381:product,P506381
https://www.sephora.com/product/danessa-myricks-beauty-yummy-skin-mattifying-water-powder-serum-with-niacinamide-hyaluronic-acid-P509827?skuId=2738656&icid2=products%20grid:p509827:product,P509827
https://www.sephora.com/product/saint-jane-beauty-pore-clarity-hyaluronic-flower-acid-cleanser-P512265?skuId=2788222&icid2=products%20grid:p512265:product,P512265
https://www.sephora.com/product/the-nue-co-skin-filter-serum-P504049?skuId=2658458&icid2=products%20grid:p504049:product,P504049
https://www.sephora.com/product/skinfix-barrier-skin-barrier-lightweight-pore-refining-refillable-gel-cream-with-b-l3-P481739?skuId=2741007&icid2=products%20grid:p481739:product,P481739
https://www.sephora.com/product/innisfree-volcanic-bha-pore-cleansing-foam-P503935?skuId=2740579&icid2=products%20grid:p503935:product,P503935
https://www.sephora.com/product/farmacy-10-niacinamide-night-mask-P479318?skuId=2551968&icid2=products%20grid:p479318:product,P479318
https://www.sephora.com/product/patrick-ta-bali-face-body-glow-oil-P513665?skuId=2786101&icid2=products%20grid:p513665:product,P513665
https://www.sephora.com/product/c-e-o-rapid-flash-brightening-serum-P418346?skuId=1933225&icid2=products%20grid:p418346:product,P418346
https://www.sephora.com/product/glossier-full-orbit-hydrating-brightening-smoothing-eye-cream-P509810?skuId=2737682&icid2=products%20grid:p509810:product,P509810
https://www.sephora.com/product/beautybio-rejuvenating-scalp-fuller-hair-therapy-set-P463792?skuId=2375053&icid2=products%20grid:p463792:product,P463792
https://www.sephora.com/product/guerlain-ar-oil-in-balm-cream-P481993?skuId=2535052&icid2=products%20grid:p481993:product,P481993
https://www.sephora.com/product/cherry-blossom-dewy-glow-jelly-moisturizer-with-niacinimide-P482006?skuId=2740637&icid2=products%20grid:p482006:product,P482006
https://www.sephora.com/product/soft-services-speed-soak-fast-absorbing-hydrating-body-gel-moisturizer-P510365?skuId=2678183&icid2=products%20grid:p510365:product,P510365
https://www.sephora.com/product/tatcha-the-matcha-cleanse-daily-clarifying-gel-cleanser-P509955?skuId=2750065&icid2=products%20grid:p509955:product,P509955
https://www.sephora.com/product/skin-resurfacing-cleanser-P423690?skuId=2002202&icid2=products%20grid:p423690:product,P423690
https://www.sephora.com/product/dramatically-different-moisturizing-lotion-mini-P425857?skuId=1538362&icid2=products%20grid:p425857:product,P425857
https://www.sephora.com/product/kora-organics-mini-turmeric-glow-foaming-cleanser-P510080?skuId=2734614&icid2=products%20grid:p510080:product,P510080
https://www.sephora.com/product/kate-mcleod-the-dry-brush-P505636?skuId=2679421&icid2=products%20grid:p505636:product,P505636
https://www.sephora.com/product/tighten-light-power-starters-trio-kit-for-face-eye-neck-P507917?skuId=2697233&icid2=products%20grid:p507917:product,P507917
https://www.sephora.com/product/extra-firming-night-P429504?skuId=2048585&icid2=products%20grid:p429504:product,P429504
https://www.sephora.com/product/superactive-mositurizer-spf-50-wrinkle-fighter-P516257?skuId=2873503&icid2=products%20grid:p516257:product,P516257
https://www.sephora.com/product/benefiance-wrinkle-smoothing-day-cream-broad-spectrum-spf-23-P448201?skuId=2234110&icid2=products%20grid:p448201:product,P448201
https://www.sephora.com/product/yuja-brightening-toner-pads-with-vitamin-c-niacinamide-P516740?skuId=2876803&icid2=products%20grid:p516740:product,P516740
https://www.sephora.com/product/matter-of-fact-maximalist-age-defying-moisturizer-with-4-peptide-hyaluronic-acid-blend-niacinamide-hexylresorcinol-bakuchiol-P509464?skuId=2734556&icid2=products%20grid:p509464:product,P509464
https://www.sephora.com/product/facegym-face-ball-tension-release-tool-P476680?skuId=2503001&icid2=products%20grid:p476680:product,P476680
https://www.sephora.com/product/dr-jart-prejuvenation-firming-bakuchiol-serum-for-preventative-aging-P512516?skuId=2790269&icid2=products%20grid:p512516:product,P512516
https://www.sephora.com/product/jack-black-turbo-body-lotion-energizing-gel-moisturizer-with-eucalyptus-aloe-P476571?skuId=2483600&icid2=products%20grid:p476571:product,P476571
https://www.sephora.com/product/la-mer-mini-treatment-lotion-P482024?skuId=2533602&icid2=products%20grid:p482024:product,P482024
https://www.sephora.com/product/tula-skincare-claydate-detoxifying-toning-face-mask-stick-P482755?skuId=2581650&icid2=products%20grid:p482755:product,P482755
https://www.sephora.com/product/shineon-lip-jelly-P448854?skuId=2549970&icid2=products%20grid:p448854:product,P448854
https://www.sephora.com/product/high-performance-serum-P505047?skuId=2674059&icid2=products%20grid:p505047:product,P505047
https://www.sephora.com/product/n-10-blurring-body-glow-P517002?skuId=2865442&icid2=products%20grid:p517002:product,P517002
https://www.sephora.com/product/shani-darden-weightless-oil-free-moisturizer-P455930?skuId=2340248&icid2=products%20grid:p455930:product,P455930
https://www.sephora.com/product/necessaire-the-deoderant-gel-P480463?skuId=2527372&icid2=products%20grid:p480463:product,P480463
https://www.sephora.com/product/augustinus-bader-mini-rich-cream-with-tfc8-face-moisturizer-P470510?skuId=2458859&icid2=products%20grid:p470510:product,P470510
https://www.sephora.com/product/mini-body-essentials-kit-P510611?skuId=2756120&icid2=products%20grid:p510611:product,P510611
https://www.sephora.com/product/murad-cellular-hydration-repair-cream-P509703?skuId=2736585&icid2=products%20grid:p509703:product,P509703
https://www.sephora.com/product/dramatically-different-moisturizing-gel-P122900?skuId=789727&icid2=products%20grid:p122900:product,P122900
https://www.sephora.com/product/sephora-collection-hydrating-serum-P504429?skuId=2592699&icid2=products%20grid:p504429:product,P504429
https://www.sephora.com/product/palo-santo-leave-in-conditioner-for-curls-coils-P515022?skuId=2845188&icid2=products%20grid:p515022:product,P515022
https://www.sephora.com/product/la-mousse-off-on-foaming-face-cleanser-P516427?skuId=2866101&icid2=products%20grid:p516427:product,P516427
https://www.sephora.com/product/estee-lauder-advanced-night-repair-synchronized-multi-recovery-complex-duo-P461933?skuId=2379659&icid2=products%20grid:p461933:product,P461933
https://www.sephora.com/product/goop-goopglow-20-vitamin-c-hyaluronic-glow-serum-P456210?skuId=2319150&icid2=products%20grid:p456210:product,P456210
https://www.sephora.com/product/innbeauty-project-sun-balm-spf-30-broad-spectrum-lip-balm-P512163?skuId=2792836&icid2=products%20grid:p512163:product,P512163
https://www.sephora.com/product/guerlain-abeille-royale-anti-aging-fortifying-lotion-toner-P461451?skuId=2384436&icid2=products%20grid:p461451:product,P461451
https://www.sephora.com/product/multi-active-night-moisturizer-for-lines-pores-glow-with-niacinamide-P510310?skuId=2736445&icid2=products%20grid:p510310:product,P510310
https://www.sephora.com/product/black-tea-anti-aging-eye-cream-with-retinol-alternative-bt-matrix-P384778?skuId=2737765&icid2=products%20grid:p384778:product,P384778
https://www.sephora.com/product/squalane-peptide-eye-gel-P416562?skuId=2051928&icid2=products%20grid:p416562:product,P416562
https://www.sephora.com/product/moisture-surge-hydrating-supercharged-concentrate-P417984?skuId=1898790&icid2=products%20grid:p417984:product,P417984
https://www.sephora.com/product/b-goldi-tm-illuminating-drops-with-5-niacinamide-for-brightening-P507099?skuId=2689743&icid2=products%20grid:p507099:product,P507099
https://www.sephora.com/product/exfoliation-icons-kit-for-clear-brighter-looking-skin-P515549?skuId=2851954&icid2=products%20grid:p515549:product,P515549
https://www.sephora.com/product/shani-darden-shani-s-starter-set-P505702?skuId=2643278&icid2=products%20grid:p505702:product,P505702
https://www.sephora.com/product/the-essence-plumping-skin-softener-P415771?skuId=2469039&icid2=products%20grid:p415771:product,P415771
https://www.sephora.com/product/ascorbyl-glucoside-solution-12-P442756?skuId=2210706&icid2=products%20grid:p442756:product,P442756
https://www.sephora.com/product/dermask-intra-jet-wrinkless-solution-P397626?skuId=1723865&icid2=products%20grid:p397626:product,P397626
https://www.sephora.com/product/collagen-serum-P443846?skuId=2211456&icid2=products%20grid:p443846:product,P443846
https://www.sephora.com/product/atobarrier365-cream-mist-P515504?skuId=2844975&icid2=products%20grid:p515504:product,P515504
https://www.sephora.com/product/caudalie-vinohydra-moisturizing-mask-P511728?skuId=2744233&icid2=products%20grid:p511728:product,P511728
https://www.sephora.com/product/atobarrier365-hydro-cera-ha-ceramide-hyaluronic-acid-face-serum-for-skin-moisture-barrier-repair-P515491?skuId=2844991&icid2=products%20grid:p515491:product,P515491
https://www.sephora.com/product/facegym-youth-reformer-firming-vitamin-c-nootropic-oil-in-serum-P476676?skuId=2502953&icid2=products%20grid:p476676:product,P476676
https://www.sephora.com/product/nourishing-oil-cleanser-P392142?skuId=1672120&icid2=products%20grid:p392142:product,P392142
https://www.sephora.com/product/goop-goopglow-morning-skin-superpowder-P456211?skuId=2319069&icid2=products%20grid:p456211:product,P456211
https://www.sephora.com/product/ilia-mini-base-face-milk-P509427?skuId=2739829&icid2=products%20grid:p509427:product,P509427
https://www.sephora.com/product/self-tan-classic-bronzing-mousse-P407450?skuId=1809516&icid2=products%20grid:p407450:product,P407450
https://www.sephora.com/product/dr-dennis-gross-skincare-advanced-retinol-ferulic-overnight-texture-renewal-peel-P474823?skuId=2734572&icid2=products%20grid:p474823:product,P474823
https://www.sephora.com/product/lancome-renergie-h-c-f-anti-aging-triple-serum-P479971?skuId=2533123&icid2=products%20grid:p479971:product,P479971
https://www.sephora.com/product/the-resurfacing-treatment-P507323?skuId=2695757&icid2=products%20grid:p507323:product,P507323
https://www.sephora.com/product/cooling-water-jelly-ice-soothing-serum-stick-with-niacinamide-P515188?skuId=2848331&icid2=products%20grid:p515188:product,P515188
https://www.sephora.com/product/shiseido-ultimune-power-infusing-anti-aging-serum-and-refill-P481161?skuId=2498657&icid2=products%20grid:p481161:product,P481161
https://www.sephora.com/product/glow-stick-sunscreen-spf-50-P429953?skuId=2322790&icid2=products%20grid:p429953:product,P429953
https://www.sephora.com/product/luna-daily-the-perineal-prep-massage-oil-P512266?skuId=2781631&icid2=products%20grid:p512266:product,P512266
https://www.sephora.com/product/kiehls-micro-dose-anti-aging-retinol-serum-with-ceramides-peptide-P474840?skuId=2481471&icid2=products%20grid:p474840:product,P474840
https://www.sephora.com/product/anti-blemish-moisturizer-5-niacinamide-P515046?skuId=2836575&icid2=products%20grid:p515046:product,P515046
https://www.sephora.com/product/dr-jart-cicapair-gentle-foam-cleanser-for-sensitive-skin-P515926?skuId=2863405&icid2=products%20grid:p515926:product,P515926
https://www.sephora.com/product/rose-hibiscus-hydrating-mist-P452004?skuId=2297372&icid2=products%20grid:p452004:product,P452004
https://www.sephora.com/product/ultimate-sun-protector-lotion-mineral-spf-60-sunscreen-P516361?skuId=2844835&icid2=products%20grid:p516361:product,P516361
https://www.sephora.com/product/citrus-glow-vitamin-c-hyaluronic-acid-serum-P506907?skuId=2701530&icid2=products%20grid:p506907:product,P506907
https://www.sephora.com/product/facegym-acne-light-shot-P505171?skuId=2678555&icid2=products%20grid:p505171:product,P505171
https://www.sephora.com/product/clarins-uv-plus-anti-pollution-antioxidant-face-sunscreen-spf-50-P510386?skuId=2736437&icid2=products%20grid:p510386:product,P510386
https://www.sephora.com/product/milk-marvel-dark-spot-serum-P475932?skuId=2527646&icid2=products%20grid:p475932:product,P475932
https://www.sephora.com/product/turbo-body-bar-scrubbing-soap-P394957?skuId=1503697&icid2=products%20grid:p394957:product,P394957
https://www.sephora.com/product/sol-de-janeiro-mini-beija-flor-tm-elasti-cream-with-collagen-squalane-P482317?skuId=2535326&icid2=products%20grid:p482317:product,P482317
https://www.sephora.com/product/gro-ageless-anti-grey-capsules-P500639?skuId=2537728&icid2=products%20grid:p500639:product,P500639
https://www.sephora.com/product/the-dewy-skin-cream-P441101?skuId=2785434&icid2=products%20grid:p441101:product,P441101
https://www.sephora.com/product/baby-bar-travel-duo-with-case-P440658?skuId=2170389&icid2=products%20grid:p440658:product,P440658
https://www.sephora.com/product/skin-warrior-anti-pollution-repair-cream-P433971?skuId=2122257&icid2=products%20grid:p433971:product,P433971
https://www.sephora.com/product/laneige-icons-to-go-set-P510608?skuId=2743185&icid2=products%20grid:p510608:product,P510608
https://www.sephora.com/product/korres-wild-rose-night-brightening-sleeping-facial-P456418?skuId=2338424&icid2=products%20grid:p456418:product,P456418
https://www.sephora.com/product/peter-thomas-roth-mask-blast-off-3-piece-mask-kit-P514261?skuId=2810372&icid2=products%20grid:p514261:product,P514261
https://www.sephora.com/product/charlotte-s-magic-night-cream-P433519?skuId=2486256&icid2=products%20grid:p433519:product,P433519
https://www.sephora.com/product/summer-fridays-summer-skin-nourishing-body-lotion-P469189?skuId=2824167&icid2=products%20grid:p469189:product,P469189
https://www.sephora.com/product/buttermask-intense-repair-lip-treatment-P432239?skuId=2201093&icid2=products%20grid:p432239:product,P432239
https://www.sephora.com/product/skin-saviors-tm-P428414?skuId=2053122&icid2=products%20grid:p428414:product,P428414
https://www.sephora.com/product/augustinus-bader-the-retinol-serum-P505808?skuId=2672376&icid2=products%20grid:p505808:product,P505808
https://www.sephora.com/product/guerlain-abeille-royale-double-r-renew-repair-eye-serum-P505237?skuId=2673820&icid2=products%20grid:p505237:product,P505237
https://www.sephora.com/product/dr-andrew-weil-for-origins-mega-mushroom-relief-resilience-hydra-burst-gel-lotion-P443550?skuId=2175446&icid2=products%20grid:p443550:product,P443550
https://www.sephora.com/product/green-tea-caffeine-bright-eye-serum-P507478?skuId=2740561&icid2=products%20grid:p507478:product,P507478
https://www.sephora.com/product/dior-dreamskin-care-perfect-for-skin-perfecting-filter-effect-P512146?skuId=2762961&icid2=products%20grid:p512146:product,P512146
https://www.sephora.com/product/sugar-strawberry-exfoliating-face-wash-P445827?skuId=2223592&icid2=products%20grid:p445827:product,P445827
https://www.sephora.com/product/lip-sleeping-mask-P420652?skuId=1966258&icid2=products%20grid:p420652:product,P420652
https://www.sephora.com/product/tan-luxe-super-glow-body-hyaluronic-self-tan-serum-P456989?skuId=2346963&icid2=products%20grid:p456989:product,P456989
https://www.sephora.com/product/iris-romeo-mini-reset-luminous-hyaluronic-acid-niacinamide-serum-spray-P512908?skuId=2785558&icid2=products%20grid:p512908:product,P512908
https://www.sephora.com/product/caudalie-vinoclean-gentle-cleansing-almond-milk-P469444?skuId=2421121&icid2=products%20grid:p469444:product,P469444
https://www.sephora.com/product/n-176-36-supernatural-self-tanning-mousse-in-blood-orange-P512379?skuId=2792430&icid2=products%20grid:p512379:product,P512379
https://www.sephora.com/product/abeille-royale-honey-treatment-night-cream-with-hyaluronic-acid-P507987?skuId=2728244&icid2=products%20grid:p507987:product,P507987
https://www.sephora.com/product/ilia-lip-wrap-clean-hydrating-lip-mask-P467765?skuId=2410561&icid2=products%20grid:p467765:product,P467765
https://www.sephora.com/product/paula-s-choice-c15-vitamin-c-super-booster-P469506?skuId=2737211&icid2=products%20grid:p469506:product,P469506
https://www.sephora.com/product/ilia-lip-wrap-revival-balm-P480308?skuId=2512572&icid2=products%20grid:p480308:product,P480308
https://www.sephora.com/product/the-lifting-eye-serum-P417110?skuId=1932300&icid2=products%20grid:p417110:product,P417110
https://www.sephora.com/product/extra-firming-wrinkle-control-firming-day-cream-spf-15-P430338?skuId=2072221&icid2=products%20grid:p430338:product,P430338
https://www.sephora.com/product/dr-idriss-major-fade-dark-spot-starter-kit-P513220?skuId=2806560&icid2=products%20grid:p513220:product,P513220
https://www.sephora.com/product/tan-luxe-super-gloss-face-P470545?skuId=2445344&icid2=products%20grid:p470545:product,P470545
https://www.sephora.com/product/exfolikate-r-cleanser-daily-foaming-wash-mini-P425882?skuId=1902212&icid2=products%20grid:p425882:product,P425882
https://www.sephora.com/product/salt-stone-bergamot-hinoki-hydrating-body-lotion-with-niacinamide-P510342?skuId=2845147&icid2=products%20grid:p510342:product,P510342
https://www.sephora.com/product/soothe-hydrate-barrier-building-hydrosol-mist-P500998?skuId=2600401&icid2=products%20grid:p500998:product,P500998
https://www.sephora.com/product/golden-hour-hair-body-fragrance-mist-with-100-natural-scents-P516872?skuId=2869659&icid2=products%20grid:p516872:product,P516872
https://www.sephora.com/product/isle-paradise-self-tanning-body-butter-P469482?skuId=2687713&icid2=products%20grid:p469482:product,P469482
https://www.sephora.com/product/first-aid-beauty-ultra-repair-firming-collagen-cream-with-peptides-niacinamide-P468821?skuId=2830875&icid2=products%20grid:p468821:product,P468821
https://www.sephora.com/product/golden-hour-amber-white-musk-whipped-argan-oil-refillable-firming-body-butter-P515610?skuId=2840924&icid2=products%20grid:p515610:product,P515610
https://www.sephora.com/product/tatcha-mini-liquid-silk-canvas-featherweight-protective-primer-P460512?skuId=2368413&icid2=products%20grid:p460512:product,P460512
https://www.sephora.com/product/complete-body-icons-kit-P516041?skuId=2841716&icid2=products%20grid:p516041:product,P516041
https://www.sephora.com/product/josie-maran-vanilla-apricot-whipped-argan-oil-refillable-firming-body-butter-P510459?skuId=2766988&icid2=products%20grid:p510459:product,P510459
https://www.sephora.com/product/major-fade-active-seal-dark-spot-vitamin-c-gel-moisturizer-P510561?skuId=2647568&icid2=products%20grid:p510561:product,P510561
https://www.sephora.com/product/oil-free-moisturizer-P232906?skuId=1167196&icid2=products%20grid:p232906:product,P232906
https://www.sephora.com/product/kosas-plump-juicy-spray-on-serum-vegan-collagen-probiotics-P502745?skuId=2620227&icid2=products%20grid:p502745:product,P502745
https://www.sephora.com/product/radiant-rani-daily-brightening-mineral-sunscreen-spf-50-with-saffron-P516748?skuId=2865418&icid2=products%20grid:p516748:product,P516748
https://www.sephora.com/product/super-multi-corrective-soft-cream-P506691?skuId=2697803&icid2=products%20grid:p506691:product,P506691
https://www.sephora.com/product/clean-skin-cleansing-balm-with-postbiotics-squalane-P516017?skuId=2870210&icid2=products%20grid:p516017:product,P516017
https://www.sephora.com/product/mara-mini-chlorella-reishi-sea-vitamin-c-serum-P510809?skuId=2742260&icid2=products%20grid:p510809:product,P510809
https://www.sephora.com/product/ranavat-radiant-rani-brightening-saffron-serum-with-vitamin-c-antioxidants-P481335?skuId=2564185&icid2=products%20grid:p481335:product,P481335
https://www.sephora.com/product/dior-capture-totale-super-potent-eye-serum-P472028?skuId=2421477&icid2=products%20grid:p472028:product,P472028
https://www.sephora.com/product/icons-only-spf-bestseller-kit-P515052?skuId=2839744&icid2=products%20grid:p515052:product,P515052
https://www.sephora.com/product/caudalie-vinoperfect-brightening-daily-aha-micropeel-P510567?skuId=2744241&icid2=products%20grid:p510567:product,P510567
https://www.sephora.com/product/alpyn-beauty-clarifying-facial-oil-with-retinol-and-pink-algae-P513305?skuId=2801983&icid2=products%20grid:p513305:product,P513305
https://www.sephora.com/product/scrubbi-bamboes-tm-body-cleanser-P500617?skuId=2570117&icid2=products%20grid:p500617:product,P500617
https://www.sephora.com/product/merit-great-skin-instant-glow-serum-with-niacinamide-hyaluronic-acid-P502966?skuId=2512788&icid2=products%20grid:p502966:product,P502966
https://www.sephora.com/product/tonique-confort-hydrating-facial-toner-P515181?skuId=2831683&icid2=products%20grid:p515181:product,P515181
https://www.sephora.com/product/laneige-water-bank-blue-hyaluronic-serum-P482692?skuId=2569796&icid2=products%20grid:p482692:product,P482692
https://www.sephora.com/product/kate-somerville-hydrakate-illuminating-spf-50-drops-with-ectoin-P511462?skuId=2755817&icid2=products%20grid:p511462:product,P511462
https://www.sephora.com/product/hanni-splash-salve-in-shower-body-moisture-treatment-P504902?skuId=2647410&icid2=products%20grid:p504902:product,P504902
https://www.sephora.com/product/luna-daily-the-travel-size-everything-oil-with-rosehip-oil-vitamin-c-e-for-ingrowns-redness-bumps-P505681?skuId=2674786&icid2=products%20grid:p505681:product,P505681
https://www.sephora.com/product/samba-2-step-foot-fetish-care-P406081?skuId=1802438&icid2=products%20grid:p406081:product,P406081
https://www.sephora.com/product/dark-spot-brightening-serum-sunscreen-spf-50-set-P517156?skuId=2874048&icid2=products%20grid:p517156:product,P517156
https://www.sephora.com/product/lion-pose-ghost-buster-100-mineral-sunscreen-spf-42-with-super-zinc-for-no-white-cast-P510085?skuId=2734598&icid2=products%20grid:p510085:product,P510085
https://www.sephora.com/product/rich-cushion-cream-ultra-plumping-moisturizer-P506690?skuId=2703726&icid2=products%20grid:p506690:product,P506690
https://www.sephora.com/product/the-outset-restorative-niacinamide-night-cream-P483699?skuId=2577153&icid2=products%20grid:p483699:product,P483699
https://www.sephora.com/product/peter-thomas-roth-even-smoother-tm-instant-reveal-facial-peel-P512589?skuId=2779742&icid2=products%20grid:p512589:product,P512589
https://www.sephora.com/product/paula-s-choice-resist-advanced-replenishing-toner-hyaluronic-acid-P469519?skuId=2421204&icid2=products%20grid:p469519:product,P469519
https://www.sephora.com/product/waterbank-foaming-gel-cleanser-with-hyaluronic-acid-P514497?skuId=2837110&icid2=products%20grid:p514497:product,P514497
https://www.sephora.com/product/the-broad-spectrum-spf-50-uv-protecting-fluid-P417118?skuId=1932441&icid2=products%20grid:p417118:product,P417118
https://www.sephora.com/product/hourglass-equilibrium-trade-intensive-hydrating-eye-balm-P469831?skuId=2416188&icid2=products%20grid:p469831:product,P469831
https://www.sephora.com/product/bestseller-babes-skincare-gift-set-P514882?skuId=2842656&icid2=products%20grid:p514882:product,P514882
https://www.sephora.com/product/double-duty-face-moisturizer-broad-spectrum-spf-20-P40629?skuId=662429&icid2=products%20grid:p40629:product,P40629
https://www.sephora.com/product/gold-glow-get-it-cooling-brightening-eye-balm-P506949?skuId=2705283&icid2=products%20grid:p506949:product,P506949
https://www.sephora.com/product/caudalie-vinohydra-gel-moisturizer-with-hyaluronic-acid-aloe-vera-P511717?skuId=2744365&icid2=products%20grid:p511717:product,P511717
https://www.sephora.com/product/54-thrones-mini-moisturizing-butter-cream-body-wash-non-stripping-with-shea-butter-ceramides-niacinamide-P511235?skuId=2749034&icid2=products%20grid:p511235:product,P511235
https://www.sephora.com/product/the-ordinary-deciem-niacinamide-10-zinc-1-P427417?skuId=2031391&icid2=products%20grid:p427417:product,P427417
https://www.sephora.com/product/slaai-makeup-melting-butter-cleanser-P442566?skuId=2170355&icid2=products%20grid:p442566:product,P442566
https://www.sephora.com/product/amazonian-clay-bb-tinted-moisturizer-broad-spectrum-spf-20-sunscreen-P67617?skuId=759779&icid2=products%20grid:p67617:product,P67617
https://www.sephora.com/product/peter-thomas-roth-water-drench-reg-hyaluronic-cloud-rich-barrier-moisturizer-P503690?skuId=2640688&icid2=products%20grid:p503690:product,P503690
https://www.sephora.com/product/barrier-lipid-boost-jelly-P442837?skuId=2215952&icid2=products%20grid:p442837:product,P442837
https://www.sephora.com/product/instant-firmx-eye-P283106?skuId=1324193&icid2=products%20grid:p283106:product,P283106
https://www.sephora.com/product/watermelon-pink-juice-moisturizer-P428819?skuId=2874311&icid2=products%20grid:p428819:product,P428819
https://www.sephora.com/product/murad-multi-vitamin-clear-coat-spf-50-sunscreen-P510819?skuId=2747020&icid2=products%20grid:p510819:product,P510819
https://www.sephora.com/product/isle-paradise-express-self-tanning-mousse-P510912?skuId=2871770&icid2=products%20grid:p510912:product,P510912
https://www.sephora.com/product/clinique-superdefense-city-block-spf-50-daily-energy-face-protector-P456991?skuId=2313757&icid2=products%20grid:p456991:product,P456991
https://www.sephora.com/product/la-mer-the-moisturizing-soft-cream-moisturizer-P505160?skuId=2655694&icid2=products%20grid:p505160:product,P505160
https://www.sephora.com/product/augustinus-bader-mini-cream-with-tfc8-face-moisturizer-P470508?skuId=2458883&icid2=products%20grid:p470508:product,P470508
https://www.sephora.com/product/dr-dennis-gross-skincare-advanced-retinol-ferulic-intense-wrinkle-cream-P479313?skuId=2532299&icid2=products%20grid:p479313:product,P479313
https://www.sephora.com/product/daily-defense-body-mist-spf-50-sunscreen-P517984?skuId=2871846&icid2=products%20grid:p517984:product,P517984
https://www.sephora.com/product/vinoperfect-concentrated-brightening-essence-P420224?skuId=2871218&icid2=products%20grid:p420224:product,P420224
https://www.sephora.com/product/beard-grooming-kit-tm-P425428?skuId=2025765&icid2=products%20grid:p425428:product,P425428
https://www.sephora.com/product/glow-recipe-watermelon-glow-dew-shield-P515959?skuId=2871564&icid2=products%20grid:p515959:product,P515959
https://www.sephora.com/product/dr-barbara-sturm-discovery-kit-P513765?skuId=2793784&icid2=products%20grid:p513765:product,P513765
https://www.sephora.com/product/calm-water-gel-ultra-calming-P428240?skuId=2046381&icid2=products%20grid:p428240:product,P428240
https://www.sephora.com/product/barrier-baste-moisturizing-lip-balm-P515374?skuId=2835593&icid2=products%20grid:p515374:product,P515374
https://www.sephora.com/product/perfectly-clean-multi-action-foam-cleanser-purifying-mask-P380027?skuId=1520303&icid2=products%20grid:p380027:product,P380027
https://www.sephora.com/product/hydra-life-deep-hydration-sorbet-water-essence-P417604?skuId=1893031&icid2=products%20grid:p417604:product,P417604
https://www.sephora.com/product/luminous-dewy-skin-mist-P399623?skuId=1742337&icid2=products%20grid:p399623:product,P399623
https://www.sephora.com/product/saint-jane-beauty-deep-sleep-bath-salts-with-magnesium-peptides-P505877?skuId=2679694&icid2=products%20grid:p505877:product,P505877
https://www.sephora.com/product/biossance-squalane-vitamin-c-rose-moisturizer-P503642?skuId=2619849&icid2=products%20grid:p503642:product,P503642
https://www.sephora.com/product/herbivore-botanicals-star-seed-silicone-free-100-mineral-facial-sunscreen-spf-30-with-vitamin-c-prebiotics-P510890?skuId=2766921&icid2=products%20grid:p510890:product,P510890
https://www.sephora.com/product/necessaire-the-body-wash-santal-therapeutic-treatment-cleanse-with-epsom-salt-minerals-P511302?skuId=2768901&icid2=products%20grid:p511302:product,P511302
https://www.sephora.com/product/the-inkey-list-supersolutions-10-azelaic-serum-P502741?skuId=2599298&icid2=products%20grid:p502741:product,P502741
https://www.sephora.com/product/glofacial-concentrate-firming-collagen-smoothing-peptide-solution-P507030?skuId=2710192&icid2=products%20grid:p507030:product,P507030
https://www.sephora.com/product/beauty-sleep-overnight-repair-treatment-cream-with-aha-s-vitamin-c-P501316?skuId=2606887&icid2=products%20grid:p501316:product,P501316
https://www.sephora.com/product/glossier-priming-moisturizer-balance-oil-control-gel-cream-P504810?skuId=2649523&icid2=products%20grid:p504810:product,P504810
https://www.sephora.com/product/nuface-trinity-reg-wrinkle-reducer-attachment-P504701?skuId=2536688&icid2=products%20grid:p504701:product,P504701
https://www.sephora.com/product/first-aid-beauty-ingrown-hair-pads-with-bha-aha-P479320?skuId=2644102&icid2=products%20grid:p479320:product,P479320
https://www.sephora.com/product/yuja-brightening-sleeping-mask-with-vitamin-c-niacinamide-P516436?skuId=2876829&icid2=products%20grid:p516436:product,P516436
https://www.sephora.com/product/youth-to-the-people-youth-stacks-tm-daily-skin-health-your-way-for-pores-oiliness-P502977?skuId=2621449&icid2=products%20grid:p502977:product,P502977
https://www.sephora.com/product/barely-there-hyaluronic-acid-lightweight-moisturizer-P516250?skuId=2853430&icid2=products%20grid:p516250:product,P516250
https://www.sephora.com/product/sol-de-janeiro-body-firmeza-massage-tool-P504332?skuId=2652311&icid2=products%20grid:p504332:product,P504332
https://www.sephora.com/product/strivectin-hydration-multiplier-hyaluronic-acid-face-serum-with-ceramides-P509881?skuId=2747954&icid2=products%20grid:p509881:product,P509881
https://www.sephora.com/product/goop-goopglow-15-glycolic-acid-overnight-glow-peel-P456208?skuId=2319085&icid2=products%20grid:p456208:product,P456208
https://www.sephora.com/product/alpyn-beauty-plantgenius-line-filling-eye-balm-with-bakuchiol-P455613?skuId=2802098&icid2=products%20grid:p455613:product,P455613
https://www.sephora.com/product/josie-maran-the-mini-original-100-pure-organic-moisturizing-argan-oil-P510435?skuId=2764868&icid2=products%20grid:p510435:product,P510435
https://www.sephora.com/product/hydra-zen-anti-stress-moisturizing-face-cream-P422428?skuId=2807006&icid2=products%20grid:p422428:product,P422428
https://www.sephora.com/product/isle-glow-body-oil-with-spf-30-P500287?skuId=2602555&icid2=products%20grid:p500287:product,P500287
https://www.sephora.com/product/glossier-solution-skin-perfecting-daily-chemical-exfoliator-P504786?skuId=2773448&icid2=products%20grid:p504786:product,P504786
https://www.sephora.com/product/wetforce-clear-stick-uv-protector-broad-spectrum-50-P429242?skuId=2435261&icid2=products%20grid:p429242:product,P429242
https://www.sephora.com/product/herbivore-botanicals-pink-cloud-soft-moisture-cream-P474326?skuId=2379360&icid2=products%20grid:p474326:product,P474326
https://www.sephora.com/product/destination-glow-spf-kit-P516024?skuId=2845543&icid2=products%20grid:p516024:product,P516024
https://www.sephora.com/product/la-mer-the-eye-concentrate-P455924?skuId=2341600&icid2=products%20grid:p455924:product,P455924
https://www.sephora.com/product/kiehls-powerful-strength-line-reducing-dark-circle-diminishing-vitamin-c-eye-serum-P454838?skuId=2664274&icid2=products%20grid:p454838:product,P454838
https://www.sephora.com/product/sulwhasoo-the-ultimate-s-cream-P510317?skuId=2756724&icid2=products%20grid:p510317:product,P510317
https://www.sephora.com/product/mini-collagen-superfusion-firming-plumping-facial-oil-P500238?skuId=2569374&icid2=products%20grid:p500238:product,P500238
https://www.sephora.com/product/the-body-stone-scent-discovery-set-trio-mini-moisturizing-lotion-bars-P515654?skuId=2849834&icid2=products%20grid:p515654:product,P515654
https://www.sephora.com/product/youth-to-the-people-mini-superberry-hydrate-glow-dream-mask-P461555?skuId=2379444&icid2=products%20grid:p461555:product,P461555
https://www.sephora.com/product/caudalie-vinoclean-instant-foaming-cleanser-P470007?skuId=2421097&icid2=products%20grid:p470007:product,P470007
https://www.sephora.com/product/summer-fridays-cloud-dew-oil-free-gel-cream-P466153?skuId=2412856&icid2=products%20grid:p466153:product,P466153
https://www.sephora.com/product/perfect-cleansing-oil-with-grape-seed-oil-P388545?skuId=1641778&icid2=products%20grid:p388545:product,P388545
https://www.sephora.com/product/dew-as-i-do-brightening-hydrating-moisturizer-with-ectoine-squalane-vitamin-c-P506098?skuId=2685923&icid2=products%20grid:p506098:product,P506098
https://www.sephora.com/product/white-ginseng-radiance-refining-mask-P501175?skuId=2708493&icid2=products%20grid:p501175:product,P501175
https://www.sephora.com/product/rose-deep-hydration-sleeping-mask-P442858?skuId=2551117&icid2=products%20grid:p442858:product,P442858
https://www.sephora.com/product/daily-sun-protection-set-P516029?skuId=2844868&icid2=products%20grid:p516029:product,P516029
https://www.sephora.com/product/maude-shine-ultra-hydrating-organic-aloe-based-personal-lubricant-P481117?skuId=2562015&icid2=products%20grid:p481117:product,P481117
https://www.sephora.com/product/dieux-instant-angel-lipid-rich-barrier-repair-cream-with-ceramides-P510288?skuId=2767168&icid2=products%20grid:p510288:product,P510288
https://www.sephora.com/product/pure-argan-oil-P412114?skuId=1872878&icid2=products%20grid:p412114:product,P412114
https://www.sephora.com/product/dr-barbara-sturm-anti-aging-body-cream-P448716?skuId=2278695&icid2=products%20grid:p448716:product,P448716
https://www.sephora.com/product/maude-wash-ph-balanced-body-wash-bubble-bath-P481118?skuId=2562049&icid2=products%20grid:p481118:product,P481118
https://www.sephora.com/product/peter-thomas-roth-water-drench-hyaluronic-cloud-hydrating-eye-gel-P457519?skuId=2354637&icid2=products%20grid:p457519:product,P457519
https://www.sephora.com/product/estee-lauder-advanced-night-repair-synchronized-multi-recovery-complex-P461159?skuId=2379683&icid2=products%20grid:p461159:product,P461159
https://www.sephora.com/product/farmacy-wake-up-honey-eye-cream-with-brightening-vitamin-c-P503879?skuId=2641850&icid2=products%20grid:p503879:product,P503879
https://www.sephora.com/product/good-genes-all-in-one-lactic-acid-treatment-P309308?icid2=products%20grid:p309308:product,P309308
https://www.sephora.com/product/ole-henriksen-truth-barrier-booster-orange-ferment-vitamin-c-essence-P483679?skuId=2536035&icid2=products%20grid:p483679:product,P483679
https://www.sephora.com/product/centella-sensitive-cica-cream-P436378?skuId=2149797&icid2=products%20grid:p436378:product,P436378
https://www.sephora.com/product/youth-to-the-people-the-youth-system-P473336?skuId=2460947&icid2=products%20grid:p473336:product,P473336
https://www.sephora.com/product/waterproof-eye-makeup-remover-P276319?skuId=2820181&icid2=products%20grid:p276319:product,P276319
https://www.sephora.com/product/fresh-pressed-daily-booster-with-pure-vitamin-c-10-P416824?skuId=1898774&icid2=products%20grid:p416824:product,P416824
https://www.sephora.com/product/long-wear-tinted-moisturizer-natural-dewy-spf-30-with-hyaluronic-acid-P514887?skuId=2844256&icid2=products%20grid:p514887:product,P514887
https://www.sephora.com/product/kiehls-ultra-pure-high-potency-5-0-niacinamide-serum-P505339?skuId=2672764&icid2=products%20grid:p505339:product,P505339
https://www.sephora.com/product/salt-stone-black-rose-oud-hydrating-body-lotion-with-niacinamide-P510344?skuId=2845139&icid2=products%20grid:p510344:product,P510344
https://www.sephora.com/product/youth-to-the-people-multi-peptide-cactus-oasis-serum-P479362?skuId=2536134&icid2=products%20grid:p479362:product,P479362
https://www.sephora.com/product/all-time-greats-set-P515472?skuId=2868339&icid2=products%20grid:p515472:product,P515472
https://www.sephora.com/product/peace-out-microneedling-dark-spot-brightening-dots-P472052?skuId=2461986&icid2=products%20grid:p472052:product,P472052
https://www.sephora.com/product/anti-aging-skincare-essentials-set-P516022?skuId=2844090&icid2=products%20grid:p516022:product,P516022
https://www.sephora.com/product/dr-barbara-sturm-brightening-face-cream-P448550?skuId=2270270&icid2=products%20grid:p448550:product,P448550
https://www.sephora.com/product/st-tropez-tanning-essentials-self-tan-luxe-whipped-cr-egrave-me-mousse-P481830?skuId=2535334&icid2=products%20grid:p481830:product,P481830
https://www.sephora.com/product/kiehls-ultra-facial-barrier-hydrating-cleanser-P515225?skuId=2842714&icid2=products%20grid:p515225:product,P515225
https://www.sephora.com/product/supergoop-re-setting-100-mineral-powder-spf-35-pa-P467976?skuId=2421600&icid2=products%20grid:p467976:product,P467976
https://www.sephora.com/product/nuface-ionplex-r-power-patches-brightening-firming-eye-masks-P512306?skuId=2788255&icid2=products%20grid:p512306:product,P512306
https://www.sephora.com/product/cucumber-de-tox-hydra-gel-eye-patches-P412025?skuId=1863117&icid2=products%20grid:p412025:product,P412025
https://www.sephora.com/product/support-system-daily-vaginal-probiotic-supplement-P506125?skuId=2685907&icid2=products%20grid:p506125:product,P506125
https://www.sephora.com/product/ilia-bright-start-retinol-alternative-brightening-eye-cream-P504071?skuId=2637981&icid2=products%20grid:p504071:product,P504071
https://www.sephora.com/product/salt-stone-black-rose-oud-nourishing-hand-cream-with-niacinamide-seaweed-extract-P510362?skuId=2760296&icid2=products%20grid:p510362:product,P510362
https://www.sephora.com/product/josie-maran-the-original-100-pure-organic-moisturizing-argan-oil-P510457?skuId=2764843&icid2=products%20grid:p510457:product,P510457
https://www.sephora.com/product/the-body-illuminating-self-tan-drops-P424989?skuId=2012326&icid2=products%20grid:p424989:product,P424989
https://www.sephora.com/product/skin-perfecting-2-bha-exfoliating-toner-pads-for-clear-skin-P516871?skuId=2885333&icid2=products%20grid:p516871:product,P516871
https://www.sephora.com/product/tula-skincare-24-7-moisture-hydrating-day-night-cream-P475185?skuId=2500742&icid2=products%20grid:p475185:product,P475185
https://www.sephora.com/product/peter-thomas-roth-water-drench-24k-2pc-set-P515930?skuId=2863736&icid2=products%20grid:p515930:product,P515930
https://www.sephora.com/product/haus-labs-by-lady-gaga-phd-hybrid-lip-glaze-plumping-gloss-P509390?skuId=2736866&icid2=products%20grid:p509390:product,P509390
https://www.sephora.com/product/hydrakate-recharging-serum-with-hyaluronic-acid-P502200?skuId=2607901&icid2=products%20grid:p502200:product,P502200
https://www.sephora.com/product/shani-darden-sake-nourishing-essence-P513647?skuId=2790236&icid2=products%20grid:p513647:product,P513647
https://www.sephora.com/product/faded-brightening-bundle-evergreen-P516810?skuId=2875771&icid2=products%20grid:p516810:product,P516810
https://www.sephora.com/product/abeille-royale-advanced-youth-watery-oil-P515298?skuId=2842037&icid2=products%20grid:p515298:product,P515298
https://www.sephora.com/product/supergoop-mini-mineral-mattescreen-sunscreen-spf-40-pa-P482322?skuId=2549749&icid2=products%20grid:p482322:product,P482322
https://www.sephora.com/product/5-minute-facial-for-megawatt-glow-P506736?skuId=2707131&icid2=products%20grid:p506736:product,P506736
https://www.sephora.com/product/origins-bestsellers-recruitment-set-P470048?skuId=2435006&icid2=products%20grid:p470048:product,P470048
https://www.sephora.com/product/augustinus-bader-the-eye-cream-with-tfc8-reg-P475906?skuId=2498871&icid2=products%20grid:p475906:product,P475906
https://www.sephora.com/product/mineral-sun-defense-moisturizer-broad-spectrum-spf-30-P500160?skuId=2568871&icid2=products%20grid:p500160:product,P500160
https://www.sephora.com/product/josie-maran-whipped-argan-oil-firming-hydrating-face-butter-P512895?skuId=2807105&icid2=products%20grid:p512895:product,P512895
https://www.sephora.com/product/ectoin-hydro-barrier-serum-P514792?skuId=2828564&icid2=products%20grid:p514792:product,P514792
https://www.sephora.com/product/therabu-tm-buttered-reparative-hand-cream-P514944?skuId=2829232&icid2=products%20grid:p514944:product,P514944
https://www.sephora.com/product/dior-hydra-life-intense-sorbet-creme-moisturizer-P481971?skuId=2533586&icid2=products%20grid:p481971:product,P481971
https://www.sephora.com/product/kiehls-mini-better-screen-tm-uv-serum-spf-50-facial-sunscreen-with-collagen-peptide-P510286?skuId=2734804&icid2=products%20grid:p510286:product,P510286
https://www.sephora.com/product/sugar-treat-hydrating-high-shine-lip-oil-P516841?skuId=2865384&icid2=products%20grid:p516841:product,P516841
https://www.sephora.com/product/plumping-day-cream-P514812?skuId=2818714&icid2=products%20grid:p514812:product,P514812
https://www.sephora.com/product/colored-clay-cc-undereye-corrector-P387175?skuId=1626969&icid2=products%20grid:p387175:product,P387175
https://www.sephora.com/product/lys-beauty-speak-love-glossy-lip-treatment-oil-P468385?skuId=2437549&icid2=products%20grid:p468385:product,P468385
https://www.sephora.com/product/bio-performance-advanced-super-revitalizing-cream-P173652?skuId=1375450&icid2=products%20grid:p173652:product,P173652
https://www.sephora.com/product/ultra-repair-cream-intense-hydration-P248407?skuId=1217744&icid2=products%20grid:p248407:product,P248407
https://www.sephora.com/product/luna-daily-the-everywhere-ph-balanced-wash-with-prebiotics-vitamins-c-e-P505672?skuId=2674844&icid2=products%20grid:p505672:product,P505672
https://www.sephora.com/product/women-s-vegan-clinically-proven-hair-growth-supplement-for-thinning-P504130?skuId=2658656&icid2=products%20grid:p504130:product,P504130
https://www.sephora.com/product/sephora-collection-cleansing-exfoliating-wipes-P505350?skuId=2558542&icid2=products%20grid:p505350:product,P505350
https://www.sephora.com/product/tom-ford-mini-soleil-neige-lip-blush-P511215?skuId=2756211&icid2=products%20grid:p511215:product,P511215
https://www.sephora.com/product/josie-maran-bohemian-fig-whipped-argan-oil-refillable-firming-body-butter-P510463?skuId=2766020&icid2=products%20grid:p510463:product,P510463
https://www.sephora.com/product/salt-stone-bergamot-hinoki-aluminum-free-clear-gel-deodorant-for-sensitive-skin-P510358?skuId=2759595&icid2=products%20grid:p510358:product,P510358
https://www.sephora.com/product/collagen-cream-for-pore-minimizing-firming-care-P515949?skuId=2865194&icid2=products%20grid:p515949:product,P515949
https://www.sephora.com/product/the-water-hydrating-self-tan-water-P424985?skuId=2012276&icid2=products%20grid:p424985:product,P424985
https://www.sephora.com/product/destination-radiant-skincare-gift-set-P514893?skuId=2842698&icid2=products%20grid:p514893:product,P514893
https://www.sephora.com/product/clarins-double-serum-anti-aging-to-firm-boost-radiance-refine-pores-P513530?icid2=products%20grid:p513530:product,P513530
https://www.sephora.com/product/biolumin-c-serum-P443370?skuId=2221083&icid2=products%20grid:p443370:product,P443370
https://www.sephora.com/product/hydrating-oil-P449150?skuId=2271203&icid2=products%20grid:p449150:product,P449150
https://www.sephora.com/product/glow-recipe-limited-edition-watermelon-sheet-mask-P513895?skuId=2823938&icid2=products%20grid:p513895:product,P513895
https://www.sephora.com/product/josie-maran-mini-bohemian-fig-argan-oil-sugar-balm-refillable-exfoliating-body-scrub-P510430?skuId=2764702&icid2=products%20grid:p510430:product,P510430
https://www.sephora.com/product/bom-dia-jet-set-P509328?skuId=2742112&icid2=products%20grid:p509328:product,P509328
https://www.sephora.com/product/brazilian-4-play-moisturizing-shower-cream-gel-P411862?skuId=1876861&icid2=products%20grid:p411862:product,P411862
https://www.sephora.com/product/genifique-ultimate-serum-P515030?skuId=2831691&icid2=products%20grid:p515030:product,P515030
https://www.sephora.com/product/superfood-antioxidant-hand-wash-with-kale-green-tea-P508303?skuId=2726651&icid2=products%20grid:p508303:product,P508303
https://www.sephora.com/product/ciele-bronze-and-protect-spf-50-bronzing-concentrate-P512270?skuId=2768679&icid2=products%20grid:p512270:product,P512270
https://www.sephora.com/product/tata-harper-calming-creme-P512283?skuId=2796704&icid2=products%20grid:p512283:product,P512283
https://www.sephora.com/product/sephora-collection-facial-cleansing-pad-P469086?skuId=2683209&icid2=products%20grid:p469086:product,P469086
https://www.sephora.com/product/mario-badescu-facial-spray-with-aloe-chamomile-lavender-P440484?skuId=2540805&icid2=products%20grid:p440484:product,P440484
https://www.sephora.com/product/mini-find-comfort-niacinamide-hydrating-body-lotion-P515736?skuId=2856540&icid2=products%20grid:p515736:product,P515736
https://www.sephora.com/product/targeted-eye-depuffer-with-peptides-P508467?skuId=2717163&icid2=products%20grid:p508467:product,P508467
https://www.sephora.com/product/peter-thomas-roth-potent-c-niacinamide-discoloration-treatment-P511290?skuId=2743730&icid2=products%20grid:p511290:product,P511290
https://www.sephora.com/product/hello-sunday-the-one-that-s-serum-spf-45-hydrating-brightening-vitamin-c-serum-P510560?skuId=2753325&icid2=products%20grid:p510560:product,P510560
https://www.sephora.com/product/plump-comfort-kit-P516162?skuId=2871747&icid2=products%20grid:p516162:product,P516162
https://www.sephora.com/product/caudalie-vinopure-pore-purifying-gel-cleanser-P474937?skuId=2491413&icid2=products%20grid:p474937:product,P474937
https://www.sephora.com/product/dr-barbara-sturm-clarifying-face-cream-P448558?skuId=2270049&icid2=products%20grid:p448558:product,P448558
https://www.sephora.com/product/mini-golden-hour-amber-white-musk-whipped-argan-oil-refillable-firming-body-butter-P515634?skuId=2840932&icid2=products%20grid:p515634:product,P515634
https://www.sephora.com/product/phoenix-cell-regenerating-facial-oil-P400204?skuId=1755206&icid2=products%20grid:p400204:product,P400204
https://www.sephora.com/product/josie-maran-mini-topless-tangerine-argan-oil-sugar-balm-refillable-exfoliating-body-scrub-P510417?skuId=2764736&icid2=products%20grid:p510417:product,P510417
https://www.sephora.com/product/foreo-ufo-2-P468652?skuId=2426302&icid2=products%20grid:p468652:product,P468652
https://www.sephora.com/product/retinol-green-tea-pdrn-firming-smoothing-serum-P517147?skuId=2895159&icid2=products%20grid:p517147:product,P517147
https://www.sephora.com/product/charlotte-tilbury-magic-revival-foaming-gentle-cleanser-with-hyaluronic-acid-P510760?skuId=2756526&icid2=products%20grid:p510760:product,P510760
https://www.sephora.com/product/the-balance-ph-balancing-gel-cleanser-P438643?skuId=2162998&icid2=products%20grid:p438643:product,P438643
https://www.sephora.com/product/tabu-alby-restorative-body-oil-for-sensitive-dehydrated-skin-P510827?skuId=2714939&icid2=products%20grid:p510827:product,P510827
https://www.sephora.com/product/clarifying-cleanser-P429954?skuId=2066009&icid2=products%20grid:p429954:product,P429954
https://www.sephora.com/product/hydrate-and-bounce-moisturizer-duo-P516128?skuId=2874030&icid2=products%20grid:p516128:product,P516128
https://www.sephora.com/product/murad-retinol-youth-renewal-night-cream-P453929?skuId=2319333&icid2=products%20grid:p453929:product,P453929
https://www.sephora.com/product/sol-de-janeiro-rio-radiance-tm-spf-50-shimmering-body-oil-sunscreen-P511095?skuId=2742153&icid2=products%20grid:p511095:product,P511095
https://www.sephora.com/product/ranavat-restoring-moonseed-treatment-l-immortale-empress-P504446?skuId=2643468&icid2=products%20grid:p504446:product,P504446
https://www.sephora.com/product/daily-oil-wash-P517912?skuId=2859783&icid2=products%20grid:p517912:product,P517912
https://www.sephora.com/product/drink-up-intensive-overnight-hydrating-mask-with-avocado-swiss-glacier-water-P440925?skuId=2175453&icid2=products%20grid:p440925:product,P440925
https://www.sephora.com/product/lancome-absolue-serum-P502823?skuId=2609543&icid2=products%20grid:p502823:product,P502823
https://www.sephora.com/product/goop-mini-goopglow-microderm-instant-glow-exfoliator-P459299?skuId=2319176&icid2=products%20grid:p459299:product,P459299
https://www.sephora.com/product/clean-skin-gel-cleanse-tone-P438618?skuId=2457976&icid2=products%20grid:p438618:product,P438618
https://www.sephora.com/product/eadem-le-chouchou-exfoliating-softening-peptide-lip-balm-P511921?skuId=2775088&icid2=products%20grid:p511921:product,P511921
https://www.sephora.com/product/mini-supplement-case-P469196?skuId=2876118&icid2=products%20grid:p469196:product,P469196
https://www.sephora.com/product/self-tan-purity-bronzing-water-face-mist-P432262?skuId=2059046&icid2=products%20grid:p432262:product,P432262
https://www.sephora.com/product/sephora-collection-nourishing-lip-sleeping-mask-in-cherry-vanilla-P467652?skuId=2707727&icid2=products%20grid:p467652:product,P467652
https://www.sephora.com/product/special-cleansing-gel-P423136?skuId=2002103&icid2=products%20grid:p423136:product,P423136
https://www.sephora.com/product/dr-barbara-sturm-darker-skin-tones-foam-cleanser-P448545?skuId=2270171&icid2=products%20grid:p448545:product,P448545
https://www.sephora.com/product/dr-jart-ceramidin-tm-hydrating-ceramide-lip-balm-for-dry-lips-P511549?skuId=2765097&icid2=products%20grid:p511549:product,P511549
https://www.sephora.com/product/dermask-micro-jet-clearing-solution-P397624?skuId=1723832&icid2=products%20grid:p397624:product,P397624
https://www.sephora.com/product/dior-capture-totale-retishot-retinol-night-treatment-P514002?skuId=2790137&icid2=products%20grid:p514002:product,P514002
https://www.sephora.com/product/ultracalming-cleanser-P423127?skuId=2002368&icid2=products%20grid:p423127:product,P423127
https://www.sephora.com/product/canopy-canopy-showerhead-filters-P509413?skuId=2715001&icid2=products%20grid:p509413:product,P509413
https://www.sephora.com/product/sunday-ii-sunday-peppermint-essential-oil-P472339?skuId=2473056&icid2=products%20grid:p472339:product,P472339
https://www.sephora.com/product/dr-barbara-sturm-glow-drops-mini-P454935?skuId=2330447&icid2=products%20grid:p454935:product,P454935
https://www.sephora.com/product/innbeauty-project-elastic-skin-firming-plumping-serum-P511540?skuId=2774933&icid2=products%20grid:p511540:product,P511540
https://www.sephora.com/product/acne-solutions-cleansing-gel-P393501?skuId=1677137&icid2=products%20grid:p393501:product,P393501
https://www.sephora.com/product/retinol-youth-renewal-serum-mini-P440650?skuId=2189819&icid2=products%20grid:p440650:product,P440650
https://www.sephora.com/product/josie-maran-vanilla-vibezzz-argan-oil-sugar-balm-refillable-exfoliating-body-scrub-P510411?skuId=2764942&icid2=products%20grid:p510411:product,P510411
https://www.sephora.com/product/women-s-balance-45-clinically-proven-hair-growth-supplement-for-thinning-P504173?skuId=2658581&icid2=products%20grid:p504173:product,P504173
https://www.sephora.com/product/midnight-recovery-concentrate-mini-P445951?skuId=2063832&icid2=products%20grid:p445951:product,P445951
https://www.sephora.com/product/face-cleanse-hydrating-cleanser-makeup-remover-P515019?skuId=2847549&icid2=products%20grid:p515019:product,P515019
https://www.sephora.com/product/tula-skincare-hello-radiance-illuminating-serum-P475184?skuId=2500734&icid2=products%20grid:p475184:product,P475184
https://www.sephora.com/product/glow-recipe-glow-and-go-summer-essentials-kit-with-niacinamide-P516663?skuId=2876886&icid2=products%20grid:p516663:product,P516663
https://www.sephora.com/product/the-ordinary-salicylic-acid-2-masque-P448530?skuId=2267581&icid2=products%20grid:p448530:product,P448530
https://www.sephora.com/product/benefit-cosmetics-porefessional-shrink-wrap-pore-overnight-treatment-P511134?skuId=2745529&icid2=products%20grid:p511134:product,P511134
https://www.sephora.com/product/clinique-for-men-super-energizer-anti-fatigue-depuffing-eye-gel-P435207?skuId=2111904&icid2=products%20grid:p435207:product,P435207
https://www.sephora.com/product/summer-fridays-jet-lag-overnight-eye-serum-for-fine-lines-wrinkles-with-gentle-retinol-blend-P510508?skuId=2761757&icid2=products%20grid:p510508:product,P510508
https://www.sephora.com/product/blue-tansy-aha-bha-resurfacing-clarity-mask-P400207?skuId=1754589&icid2=products%20grid:p400207:product,P400207
https://www.sephora.com/product/magnesi-om-P452009?skuId=2294700&icid2=products%20grid:p452009:product,P452009
https://www.sephora.com/product/mini-gentle-eye-gel-waterproof-eye-lip-makeup-remover-P504859?skuId=2646909&icid2=products%20grid:p504859:product,P504859
https://www.sephora.com/product/smooth-fresh-body-kit-essentials-for-every-body-P516567?skuId=2863751&icid2=products%20grid:p516567:product,P516567
https://www.sephora.com/product/nudestix-nudescreen-daily-mineral-veil-spf-30-P481828?skuId=2647675&icid2=products%20grid:p481828:product,P481828
https://www.sephora.com/product/kissing-jelly-non-sticky-lip-oil-gloss-P509300?skuId=2814622&icid2=products%20grid:p509300:product,P509300
https://www.sephora.com/product/nutrix-royal-body-butter-P507666?skuId=2720787&icid2=products%20grid:p507666:product,P507666
https://www.sephora.com/product/redness-solutions-daily-relief-cream-P201440?skuId=1066729&icid2=products%20grid:p201440:product,P201440
https://www.sephora.com/product/faded-eye-masks-P507518?skuId=2709467&icid2=products%20grid:p507518:product,P507518
https://www.sephora.com/product/laneige-water-bank-blue-hyaluronic-cream-moisturizer-P482693?skuId=2735843&icid2=products%20grid:p482693:product,P482693
https://www.sephora.com/product/plant-stem-cell-retinol-alternative-serum-P505482?skuId=2646453&icid2=products%20grid:p505482:product,P505482
https://www.sephora.com/product/clarins-lip-perfector-sheer-lip-gloss-P512207?skuId=2774834&icid2=products%20grid:p512207:product,P512207
https://www.sephora.com/product/peter-thomas-roth-water-drench-reg-hyaluronic-glow-serum-P467137?skuId=2415669&icid2=products%20grid:p467137:product,P467137
https://www.sephora.com/product/rare-beauty-by-selena-gomez-find-comfort-eye-patches-P511673?skuId=2748267&icid2=products%20grid:p511673:product,P511673
https://www.sephora.com/product/kora-organics-milky-mushroom-gentle-cleansing-oil-P468684?skuId=2441277&icid2=products%20grid:p468684:product,P468684
https://www.sephora.com/product/farmacy-mini-deep-sweep-2-bha-pore-cleaning-toner-with-moringa-papaya-P480301?skuId=2554111&icid2=products%20grid:p480301:product,P480301
https://www.sephora.com/product/kiehls-ultra-facial-overnight-hydrating-face-mask-with-10-5-squalane-P479329?skuId=2530863&icid2=products%20grid:p479329:product,P479329
https://www.sephora.com/product/mara-beauty-mini-evening-primrose-green-tea-reg-algae-retinol-face-oil-P504016?skuId=2633154&icid2=products%20grid:p504016:product,P504016
https://www.sephora.com/product/fresh-lotus-youth-preserve-eye-cream-P454396?skuId=2737872&icid2=products%20grid:p454396:product,P454396
https://www.sephora.com/product/moon-dew-1-bakuchiol-peptides-retinol-alternative-eye-cream-P500988?skuId=2554418&icid2=products%20grid:p500988:product,P500988
https://www.sephora.com/product/benefit-cosmetics-the-porefessional-get-unblocked-makeup-removing-cleansing-oil-P505024?skuId=2641686&icid2=products%20grid:p505024:product,P505024
https://www.sephora.com/product/first-aid-beauty-whole-body-deodorant-cream-P512271?skuId=2790160&icid2=products%20grid:p512271:product,P512271
https://www.sephora.com/product/soleil-daily-brightening-texture-smoothing-vitamin-c-oil-serum-marula-P516793?skuId=2881548&icid2=products%20grid:p516793:product,P516793
https://www.sephora.com/product/shimmer-body-oil-P446344?skuId=2748846&icid2=products%20grid:p446344:product,P446344
https://www.sephora.com/product/cream-skin-refillable-toner-moisturizer-with-ceramides-peptides-P505897?skuId=2671857&icid2=products%20grid:p505897:product,P505897
https://www.sephora.com/product/the-inkey-list-hydrocolloid-invisible-pimple-patches-P511705?skuId=2787968&icid2=products%20grid:p511705:product,P511705
https://www.sephora.com/product/supergoop-triple-prep-moisturizer-spf-40-P509320?skuId=2734630&icid2=products%20grid:p509320:product,P509320
https://www.sephora.com/product/intimate-sex-oil-P508632?skuId=2709525&icid2=products%20grid:p508632:product,P508632
https://www.sephora.com/product/mario-badescu-witch-hazel-rosewater-toner-P444615?skuId=2259901&icid2=products%20grid:p444615:product,P444615
https://www.sephora.com/product/fresh-black-tea-corset-cream-firming-moisturizer-P481703?skuId=2551166&icid2=products%20grid:p481703:product,P481703
https://www.sephora.com/product/lancome-renergie-lift-multi-action-ultra-dark-circle-correcting-eye-cream-P467630?skuId=2694503&icid2=products%20grid:p467630:product,P467630
https://www.sephora.com/product/glow-recipe-watermelon-glow-aha-pink-dream-body-cream-P469211?skuId=2640357&icid2=products%20grid:p469211:product,P469211
https://www.sephora.com/product/the-ordinary-lactic-acid-5-ha-P455339?skuId=2336469&icid2=products%20grid:p455339:product,P455339
https://www.sephora.com/product/murad-vitamin-c-triple-exfoliating-facial-P470227?skuId=2453421&icid2=products%20grid:p470227:product,P470227
https://www.sephora.com/product/macrene-actives-high-performance-face-cleanser-for-clear-skin-with-niacinamide-P505133?skuId=2674067&icid2=products%20grid:p505133:product,P505133
https://www.sephora.com/product/goop-goopglow-microderm-instant-glow-exfoliator-P456213?skuId=2319168&icid2=products%20grid:p456213:product,P456213
https://www.sephora.com/product/drunk-elephant-a-gloei-maretinol-oil-P477985?skuId=2552990&icid2=products%20grid:p477985:product,P477985
https://www.sephora.com/product/sunday-riley-about-acne-advanced-clarifying-regimen-P461535?skuId=2377653&icid2=products%20grid:p461535:product,P461535
https://www.sephora.com/product/post-shave-cooling-gel-P12577?skuId=564286&icid2=products%20grid:p12577:product,P12577
https://www.sephora.com/product/l-occitane-redefining-cellulite-reducing-artichoke-body-cream-P510090?skuId=2747657&icid2=products%20grid:p510090:product,P510090
https://www.sephora.com/product/milky-way-10-aha-oat-soothing-exfoliating-serum-P507329?skuId=2677318&icid2=products%20grid:p507329:product,P507329
https://www.sephora.com/product/maude-oil-100-organic-cold-pressed-body-bath-oil-P481119?skuId=2562072&icid2=products%20grid:p481119:product,P481119
https://www.sephora.com/product/shiseido-ultimune-eye-power-infusing-eye-concentrate-P504324?skuId=2645810&icid2=products%20grid:p504324:product,P504324
https://www.sephora.com/product/paula-s-choice-clear-oil-free-moisturizer-P469517?skuId=2421220&icid2=products%20grid:p469517:product,P469517
https://www.sephora.com/product/innisfree-daily-uv-defense-mineral-sunscreen-broad-spectrum-spf-45-P510354?skuId=2742443&icid2=products%20grid:p510354:product,P510354
https://www.sephora.com/product/precleanse-mini-P443350?skuId=2221109&icid2=products%20grid:p443350:product,P443350
https://www.sephora.com/product/drunk-elephant-t-l-c-glycolic-body-lotion-P476671?skuId=2465656&icid2=products%20grid:p476671:product,P476671
https://www.sephora.com/product/benefit-cosmetics-the-porefessional-smooth-sip-lightweight-gel-cream-moisturizer-P505031?skuId=2641702&icid2=products%20grid:p505031:product,P505031
https://www.sephora.com/product/clinique-mini-take-day-off-charcoal-cleansing-balm-makeup-remover-P503737?skuId=2641876&icid2=products%20grid:p503737:product,P503737
https://www.sephora.com/product/clinique-for-men-maximum-hydrator-72-hour-auto-replenishing-hydrator-P448561?skuId=2240349&icid2=products%20grid:p448561:product,P448561
https://www.sephora.com/product/the-nue-co-growth-phase-hair-supplement-P480465?skuId=2559292&icid2=products%20grid:p480465:product,P480465
https://www.sephora.com/product/sound-sleep-cocoon-P443369?skuId=2223980&icid2=products%20grid:p443369:product,P443369
https://www.sephora.com/product/vitamin-enriched-face-base-P270594?skuId=1292820&icid2=products%20grid:p270594:product,P270594
https://www.sephora.com/product/santal-body-essentials-set-trial-travel-P515547?skuId=2840197&icid2=products%20grid:p515547:product,P515547
https://www.sephora.com/product/kate-somerville-mini-eradikate-tm-daily-cleanser-with-sulfur-acne-treatment-P511981?skuId=2785533&icid2=products%20grid:p511981:product,P511981
https://www.sephora.com/product/cryo-skin-icing-roller-bright-eyes-gels-set-P500755?skuId=2608651&icid2=products%20grid:p500755:product,P500755
https://www.sephora.com/product/glossier-super-glow-vitamin-c-brightening-face-serum-P504780?skuId=2649473&icid2=products%20grid:p504780:product,P504780
https://www.sephora.com/product/ries-the-essential-refillable-travel-container-sand-P506272?skuId=2664639&icid2=products%20grid:p506272:product,P506272
https://www.sephora.com/product/laneige-bouncy-firm-radiance-boosting-eye-mask-P512156?skuId=2743359&icid2=products%20grid:p512156:product,P512156
https://www.sephora.com/product/tula-skincare-mini-cult-classic-purifying-face-cleanser-P482757?skuId=2500726&icid2=products%20grid:p482757:product,P482757
https://www.sephora.com/product/sk-ii-skinpower-eye-cream-P468408?skuId=2437572&icid2=products%20grid:p468408:product,P468408
https://www.sephora.com/product/n-176-32-hydrating-gradual-self-tanning-lotion-in-rosewood-P512366?skuId=2792406&icid2=products%20grid:p512366:product,P512366
https://www.sephora.com/product/dr-dennis-gross-skincare-mini-alpha-beta-r-aha-bha-daily-cleansing-gel-P481376?skuId=2549038&icid2=products%20grid:p481376:product,P481376
https://www.sephora.com/product/nudestix-nudeskin-3-step-citrus-renew-set-for-makeup-P475143?skuId=2467496&icid2=products%20grid:p475143:product,P475143
https://www.sephora.com/product/fresh-sugar-advanced-therapy-lip-rescue-ointment-P509778?skuId=2737880&icid2=products%20grid:p509778:product,P509778
https://www.sephora.com/product/paulas-choice-25-vitamin-c-glutathione-clinical-serum-P507821?skuId=2696201&icid2=products%20grid:p507821:product,P507821
https://www.sephora.com/product/the-inkey-list-c-50-blemish-night-treatment-P469544?skuId=2425080&icid2=products%20grid:p469544:product,P469544
https://www.sephora.com/product/alpyn-beauty-pore-perfecting-liquid-with-2-bha-borage-P505338?skuId=2646446&icid2=products%20grid:p505338:product,P505338
https://www.sephora.com/product/sulwhasoo-the-ultimate-s-eye-cream-P510347?skuId=2756716&icid2=products%20grid:p510347:product,P510347
https://www.sephora.com/product/benefiance-nutriperfect-night-cream-P202935?skuId=1064062&icid2=products%20grid:p202935:product,P202935
https://www.sephora.com/product/mami-wata-barrier-strengthening-face-mist-with-cica-panthenol-ectoin-for-sensitive-irritated-skin-P515156?skuId=2842599&icid2=products%20grid:p515156:product,P515156
https://www.sephora.com/product/ultra-repair-lip-balm-P293008?skuId=2736015&icid2=products%20grid:p293008:product,P293008
https://www.sephora.com/product/the-inkey-list-supersolutions-acne-clearing-moisturizer-2-novoretin-P506554?skuId=2673333&icid2=products%20grid:p506554:product,P506554
https://www.sephora.com/product/great-skin-great-deal-set-for-combination-oily-skin-P385631?skuId=1599422&icid2=products%20grid:p385631:product,P385631
https://www.sephora.com/product/54-thrones-lather-slather-hydrating-bodycare-set-P509423?skuId=2644342&icid2=products%20grid:p509423:product,P509423
https://www.sephora.com/product/fenty-skin-rihanna-mini-hydra-vizor-mineral-spf-30-refillable-moisturizer-P506155?skuId=2648715&icid2=products%20grid:p506155:product,P506155
https://www.sephora.com/product/the-inkey-list-pha-exfoliating-hydrating-body-water-cream-P511110?skuId=2768133&icid2=products%20grid:p511110:product,P511110
https://www.sephora.com/product/poly-hydroxide-acid-toner-P450262?skuId=2280410&icid2=products%20grid:p450262:product,P450262
https://www.sephora.com/product/then-i-met-you-bong2th-bounce-cream-moisturizer-with-ceramides-squalane-vitamin-c-P514195?skuId=2828804&icid2=products%20grid:p514195:product,P514195
https://www.sephora.com/product/nudestix-nudescreen-blush-lip-tint-spf-30-P509877?skuId=2756039&icid2=products%20grid:p509877:product,P509877
https://www.sephora.com/product/farmacy-daily-greens-oil-free-gel-moisturizer-with-moringa-papaya-P458209?skuId=2327989&icid2=products%20grid:p458209:product,P458209
https://www.sephora.com/product/cherriez-gone-bad-hydrating-lip-care-duo-keychain-P516465?skuId=2860617&icid2=products%20grid:p516465:product,P516465
https://www.sephora.com/product/kate-somerville-eradikate-trade-acne-mark-fading-gel-with-salicylic-acid-P479701?skuId=2532190&icid2=products%20grid:p479701:product,P479701
https://www.sephora.com/product/cicapair-tiger-grass-color-correcting-treatment-spf-30-P411540?skuId=1855709&icid2=products%20grid:p411540:product,P411540
https://www.sephora.com/product/jumbo-micellar-water-P514820?skuId=2818664&icid2=products%20grid:p514820:product,P514820
https://www.sephora.com/product/paula-s-choice-clear-daily-skin-clearing-treatment-with-2-5-benzoyl-peroxide-P469515?skuId=2421246&icid2=products%20grid:p469515:product,P469515
https://www.sephora.com/product/wrinkle-texture-concentrate-with-0-2-encapsulated-retinol-vitamin-c-azelaic-acid-P506941?skuId=2694792&icid2=products%20grid:p506941:product,P506941
https://www.sephora.com/product/dr-barbara-sturm-glow-cream-P511547?skuId=2777019&icid2=products%20grid:p511547:product,P511547
https://www.sephora.com/product/elemis-pro-collagen-firming-retinol-alternative-renewal-serum-P510296?skuId=2759058&icid2=products%20grid:p510296:product,P510296
https://www.sephora.com/product/soft-clean-moisture-rich-foaming-cleanser-P505174?skuId=2674232&icid2=products%20grid:p505174:product,P505174
https://www.sephora.com/product/skin-activator-serum-refill-duo-with-hyaluronic-acid-niacinamide-P515174?skuId=2851996&icid2=products%20grid:p515174:product,P515174
https://www.sephora.com/product/dive-into-hydration-set-P515011?skuId=2841237&icid2=products%20grid:p515011:product,P515011
https://www.sephora.com/product/farmacy-brighten-up-3-txa-toner-with-azelaic-acid-P504614?icid2=products%20grid:p504614:product,P504614
https://www.sephora.com/product/hyper-skin-fade-glow-aha-mask-P481710?skuId=2529667&icid2=products%20grid:p481710:product,P481710
https://www.sephora.com/product/postpartum-obgyn-formulated-hair-growth-supplement-for-thinning-full-body-recovery-support-P504165?skuId=2658599&icid2=products%20grid:p504165:product,P504165
https://www.sephora.com/product/daywear-eye-cooling-anti-oxidant-moisture-gel-cream-P427640?skuId=2032068&icid2=products%20grid:p427640:product,P427640
https://www.sephora.com/product/glossier-invisible-shield-blurring-primer-spf-P511457?skuId=2771434&icid2=products%20grid:p511457:product,P511457
https://www.sephora.com/product/ole-henriksen-banana-bright-mineral-sunscreen-30-P505340?skuId=2677607&icid2=products%20grid:p505340:product,P505340
https://www.sephora.com/product/noni-radiant-eye-oil-P428816?skuId=2051134&icid2=products%20grid:p428816:product,P428816
https://www.sephora.com/product/dr-barbara-sturm-face-cream-P447781?skuId=2269967&icid2=products%20grid:p447781:product,P447781
https://www.sephora.com/product/sulwhasoo-essential-comfort-balancing-water-P483694?skuId=2708527&icid2=products%20grid:p483694:product,P483694
https://www.sephora.com/product/herbivore-botanicals-cloud-jelly-plumping-hydration-serum-P471033?skuId=2458701&icid2=products%20grid:p471033:product,P471033
https://www.sephora.com/product/santal-face-treatment-oil-P392522?skuId=1682319&icid2=products%20grid:p392522:product,P392522
https://www.sephora.com/product/self-tan-dark-bronzing-mousse-P407452?skuId=1808674&icid2=products%20grid:p407452:product,P407452
https://www.sephora.com/product/one-size-by-patrick-starrr-mini-on-til-dawn-mattifying-sunscreen-makeup-setting-spray-spf-28-P516912?skuId=2869550&icid2=products%20grid:p516912:product,P516912
https://www.sephora.com/product/shani-darden-moisture-boost-plumping-serum-P509371?skuId=2736262&icid2=products%20grid:p509371:product,P509371
https://www.sephora.com/product/the-ordinary-hyaluronic-acid-2-b5-hydrating-serum-P427419?skuId=2735132&icid2=products%20grid:p427419:product,P427419
https://www.sephora.com/product/dr-idriss-soft-wash-jelly-cleanser-P511460?skuId=2647584&icid2=products%20grid:p511460:product,P511460
https://www.sephora.com/product/glossier-futuredew-facial-oil-serum-hybrid-P504523?skuId=2649507&icid2=products%20grid:p504523:product,P504523
https://www.sephora.com/product/kora-organics-silky-sun-drops-organic-sunscreen-serum-with-spf-30-for-skin-barrier-repair-P511659?skuId=2742237&icid2=products%20grid:p511659:product,P511659
https://www.sephora.com/product/purifying-cleansing-brush-head-refill-P390987?skuId=1639343&icid2=products%20grid:p390987:product,P390987
https://www.sephora.com/product/the-ordinary-the-bright-set-P479861?skuId=2553543&icid2=products%20grid:p479861:product,P479861
https://www.sephora.com/product/clarifying-lotion-2-P122882?skuId=1438761&icid2=products%20grid:p122882:product,P122882
https://www.sephora.com/product/revitalizing-supreme-bright-power-soft-creme-moisturizer-with-vitamin-c-P514684?skuId=2835825&icid2=products%20grid:p514684:product,P514684
https://www.sephora.com/product/checks-balances-frothy-face-wash-P297516?skuId=1375682&icid2=products%20grid:p297516:product,P297516
https://www.sephora.com/product/smart-clinical-repair-wrinkle-correcting-cream-P500718?skuId=2608404&icid2=products%20grid:p500718:product,P500718
https://www.sephora.com/product/cryoglow-tm-cooling-led-face-mask-P515543?skuId=2816189&icid2=products%20grid:p515543:product,P515543
https://www.sephora.com/product/cucumber-gel-mask-extreme-detoxifying-hydrator-P382204?skuId=1560879&icid2=products%20grid:p382204:product,P382204
https://www.sephora.com/product/clarifying-lotion-1-P122651?skuId=1295658&icid2=products%20grid:p122651:product,P122651
https://www.sephora.com/product/youth-to-the-people-youth-stacks-tm-brighter-tomorrow-duo-for-dullness-P502978?skuId=2623189&icid2=products%20grid:p502978:product,P502978
https://www.sephora.com/product/retinoic-nutrient-face-oil-P379704?skuId=2002731&icid2=products%20grid:p379704:product,P379704
https://www.sephora.com/product/mario-badescu-buffering-lotion-P440496?skuId=2185379&icid2=products%20grid:p440496:product,P440496
https://www.sephora.com/product/take-the-day-off-makeup-remover-for-lids-lashes-lips-P122735?skuId=48074&icid2=products%20grid:p122735:product,P122735
https://www.sephora.com/product/calendula-deep-clean-foaming-face-wash-P422013?skuId=1988658&icid2=products%20grid:p422013:product,P422013
https://www.sephora.com/product/truly-targeted-acne-clearing-pimple-patch-with-salicylic-acid-P506460?skuId=2697787&icid2=products%20grid:p506460:product,P506460
https://www.sephora.com/product/tatcha-clarifying-cleanse-hydrate-duo-P510856?skuId=2836138&icid2=products%20grid:p510856:product,P510856
https://www.sephora.com/product/beste-no-9-jelly-cleanser-P426836?skuId=2022598&icid2=products%20grid:p426836:product,P426836
https://www.sephora.com/product/clinique-take-day-off-charcoal-cleansing-balm-makeup-remover-P503747?skuId=2641884&icid2=products%20grid:p503747:product,P503747
https://www.sephora.com/product/resurface-aha-renewing-cream-P442845?skuId=2218220&icid2=products%20grid:p442845:product,P442845
https://www.sephora.com/product/clinique-smart-clinical-md-multi-dimensional-age-transformer-duo-resculpt-revolumize-P448565?skuId=2240323&icid2=products%20grid:p448565:product,P448565
https://www.sephora.com/product/supergoop-mini-unseen-sunscreen-spf-50-invisible-sun-protection-for-face-P515111?skuId=2836161&icid2=products%20grid:p515111:product,P515111
https://www.sephora.com/product/first-aid-beauty-anti-glide-chafe-stick-P504890?skuId=2665511&icid2=products%20grid:p504890:product,P504890
https://www.sephora.com/product/shiseido-vital-perfection-uplifting-firming-advanced-cream-P510454?skuId=2742625&icid2=products%20grid:p510454:product,P510454
https://www.sephora.com/product/potent-c-tm-power-eye-cream-P433456?skuId=2058154&icid2=products%20grid:p433456:product,P433456
https://www.sephora.com/product/mini-moisture-surge-broad-spectrum-spf-28-sheer-hydrator-moisturizer-P508604?skuId=2694875&icid2=products%20grid:p508604:product,P508604
https://www.sephora.com/product/farmacy-favorites-P516140?skuId=2875730&icid2=products%20grid:p516140:product,P516140
https://www.sephora.com/product/bobbi-brown-vitamin-enriched-smoothing-serum-P509437?skuId=2737237&icid2=products%20grid:p509437:product,P509437
https://www.sephora.com/product/by-rosie-jane-leila-lou-everyday-body-wash-P471540?skuId=2417053&icid2=products%20grid:p471540:product,P471540
https://www.sephora.com/product/rose-deep-hydration-toner-mini-P436353?skuId=2129856&icid2=products%20grid:p436353:product,P436353
https://www.sephora.com/product/dam-dam-silk-rice-makeup-removing-cleansing-oil-P472025?skuId=2463099&icid2=products%20grid:p472025:product,P472025
https://www.sephora.com/product/libido-all-natural-daily-arousal-support-P500773?skuId=2709533&icid2=products%20grid:p500773:product,P500773
https://www.sephora.com/product/hydrakate-recharging-water-cream-moisturizer-P502197?skuId=2607919&icid2=products%20grid:p502197:product,P502197
https://www.sephora.com/product/elemis-pro-collagen-brightening-eye-revive-mask-with-hyaluronic-acid-P510331?skuId=2758985&icid2=products%20grid:p510331:product,P510331
https://www.sephora.com/product/tatcha-mini-essence-plumping-skin-softner-P473160?skuId=2469039&icid2=products%20grid:p473160:product,P473160
https://www.sephora.com/product/firming-essentials-travel-skincare-kit-P516643?skuId=2858397&icid2=products%20grid:p516643:product,P516643
https://www.sephora.com/product/la-mer-s-exclusive-concentrate-eye-concentrate-set-P508753?skuId=2668879&icid2=products%20grid:p508753:product,P508753
https://www.sephora.com/product/nuface-trinity-reg-ele-attachment-P504706?skuId=2536670&icid2=products%20grid:p504706:product,P504706
https://www.sephora.com/product/plumping-lip-balm-serum-P514809?skuId=2819910&icid2=products%20grid:p514809:product,P514809
https://www.sephora.com/product/clarins-double-serum-eye-P475921?skuId=2481232&icid2=products%20grid:p475921:product,P475921
https://www.sephora.com/product/jet-lag-mask-P429952?skuId=2473361&icid2=products%20grid:p429952:product,P429952
https://www.sephora.com/product/foreo-luna-mini-3-P454821?skuId=2317865&icid2=products%20grid:p454821:product,P454821
https://www.sephora.com/product/take-day-off-micellar-cleansing-towelettes-for-face-eyes-P406924?skuId=1802354&icid2=products%20grid:p406924:product,P406924
https://www.sephora.com/product/dermaflash-2-0-facial-exfoliation-peach-fuzz-removal-P429043?skuId=2620888&icid2=products%20grid:p429043:product,P429043
https://www.sephora.com/product/innisfree-hydrating-green-tea-amino-acid-cleansing-oil-P503942?skuId=2740587&icid2=products%20grid:p503942:product,P503942
https://www.sephora.com/product/dermalogica-awaken-peptide-depuffing-eye-gel-P479692?skuId=2532745&icid2=products%20grid:p479692:product,P479692
https://www.sephora.com/product/sunday-riley-c-e-o-afterglow-brightening-vitamin-c-moisturizer-P483076?skuId=2626893&icid2=products%20grid:p483076:product,P483076
https://www.sephora.com/product/la-mer-the-rejuvenating-night-cream-P513596?skuId=2822997&icid2=products%20grid:p513596:product,P513596
https://www.sephora.com/product/detox-drops-with-magnesium-chlorophyll-milk-thistle-P508205?skuId=2721009&icid2=products%20grid:p508205:product,P508205
https://www.sephora.com/product/tata-harper-superkind-bio-barrier-eye-cream-P476737?skuId=2522837&icid2=products%20grid:p476737:product,P476737
https://www.sephora.com/product/caudalie-vinohydra-deep-hydration-moisturizer-P511726?skuId=2744340&icid2=products%20grid:p511726:product,P511726
https://www.sephora.com/product/skinfix-barrier-strengthening-anti-aging-plump-firm-trio-with-b-l3-P510831?skuId=2757789&icid2=products%20grid:p510831:product,P510831
https://www.sephora.com/product/luna-daily-the-hydrating-everywhere-ph-balanced-wash-with-prebiotics-vitamins-c-e-omegas-3-6-P505705?skuId=2674802&icid2=products%20grid:p505705:product,P505705
https://www.sephora.com/product/facegym-full-face-sculpt-kit-14-day-challenge-P476683?skuId=2503035&icid2=products%20grid:p476683:product,P476683
https://www.sephora.com/product/dam-dam-skin-pure-vitamin-c-mud-mask-P472024?skuId=2463107&icid2=products%20grid:p472024:product,P472024
https://www.sephora.com/product/skinfix-barrier-buddies-heavy-hitters-hydration-set-for-dry-sensitive-skin-P511704?skuId=2765410&icid2=products%20grid:p511704:product,P511704
https://www.sephora.com/product/benefit-cosmetics-mini-porefessional-good-cleanup-foaming-cleanser-P505007?skuId=2641637&icid2=products%20grid:p505007:product,P505007
https://www.sephora.com/product/sugar-lip-treatment-mint-rush-P442003?skuId=2175503&icid2=products%20grid:p442003:product,P442003
https://www.sephora.com/product/summer-fridays-lip-butter-balm-P455936?icid2=products%20grid:p455936:product,P455936
https://www.sephora.com/product/bb-tinted-treatment-12-hour-primer-broad-spectrum-spf-30-sunscreen-P377542?skuId=2413045&icid2=products%20grid:p377542:product,P377542
https://www.sephora.com/product/dr-jart-cicapair-tiger-grass-sleepair-intensive-mask-P467615?skuId=2733673&icid2=products%20grid:p467615:product,P467615
https://www.sephora.com/product/necessaire-the-body-serum-with-hyaluronic-acid-P474847?skuId=2494193&icid2=products%20grid:p474847:product,P474847
https://www.sephora.com/product/retinol-360-eye-lift-patches-to-lift-firm-revitalize-eyes-P507665?skuId=2701043&icid2=products%20grid:p507665:product,P507665
https://www.sephora.com/product/josie-maran-mini-vanilla-vibezzz-argan-oil-sugar-balm-refillable-exfoliating-body-scrub-P510419?skuId=2764728&icid2=products%20grid:p510419:product,P510419
https://www.sephora.com/product/supergoop-unseen-lipscreen-P505699?skuId=2535649&icid2=products%20grid:p505699:product,P505699
https://www.sephora.com/product/laneige-water-bank-blue-hyaluronic-eye-cream-P482696?skuId=2569820&icid2=products%20grid:p482696:product,P482696
https://www.sephora.com/product/peace-out-acne-salicylic-acid-day-night-duo-P503683?skuId=2644177&icid2=products%20grid:p503683:product,P503683
https://www.sephora.com/product/noni-glow-face-oil-P418624?skuId=1947878&icid2=products%20grid:p418624:product,P418624
https://www.sephora.com/product/bom-dia-body-scrub-10-aha-bha-resurfacing-complex-crushed-maracuj-225-seeds-P501809?skuId=2742138&icid2=products%20grid:p501809:product,P501809
https://www.sephora.com/product/daily-glow-toner-with-niacinamide-P500753?skuId=2569390&icid2=products%20grid:p500753:product,P500753
https://www.sephora.com/product/caudalie-vinopure-natural-salicylic-acid-pore-minimizing-serum-P474938?skuId=2491405&icid2=products%20grid:p474938:product,P474938
https://www.sephora.com/product/clarins-double-serum-anti-aging-to-firm-boost-radiance-refine-pores-P513530?skuId=2802130&icid2=products%20grid:p513530:product,P513530
https://www.sephora.com/product/dr-barbara-sturm-cleanser-P447783?skuId=2269991&icid2=products%20grid:p447783:product,P447783
https://www.sephora.com/product/herbivore-botanicals-nova-15-vitamin-c-turmeric-brightening-serum-P481096?skuId=2553980&icid2=products%20grid:p481096:product,P481096
https://www.sephora.com/product/then-i-met-you-sephora-exclusive-best-sellers-set-P514202?skuId=2828796&icid2=products%20grid:p514202:product,P514202
https://www.sephora.com/product/feel-good-naked-set-P515900?skuId=2840940&icid2=products%20grid:p515900:product,P515900
https://www.sephora.com/product/hanni-water-balm-custom-hydration-body-moisturizing-mist-P503899?skuId=2602159&icid2=products%20grid:p503899:product,P503899
https://www.sephora.com/product/daily-reveal-trade-exfoliating-face-pads-with-aha-bha-pha-txa-P474109?skuId=2467843&icid2=products%20grid:p474109:product,P474109
https://www.sephora.com/product/dr-barbara-sturm-super-anti-aging-eye-serum-P510897?skuId=2755247&icid2=products%20grid:p510897:product,P510897
https://www.sephora.com/product/danessa-myricks-beauty-oil-with-gold-leaf-P469454?skuId=2439495&icid2=products%20grid:p469454:product,P469454
https://www.sephora.com/product/shiseido-urban-environment-vita-clear-spf-42-face-sunscreen-with-vitamin-c-P504986?skuId=2645851&icid2=products%20grid:p504986:product,P504986
https://www.sephora.com/product/peace-out-2-salicylic-acid-early-stage-acne-dot-P509467?skuId=2734762&icid2=products%20grid:p509467:product,P509467
https://www.sephora.com/product/weekend-skin-spf-30-moisture-lip-balm-P516192?skuId=2871663&icid2=products%20grid:p516192:product,P516192
https://www.sephora.com/product/sephora-collection-invisible-finish-daily-mineral-sunscreen-cream-spf-30-P510520?skuId=2708030&icid2=products%20grid:p510520:product,P510520
https://www.sephora.com/product/biossance-squalane-caffeine-toning-body-cream-P474022?skuId=2491066&icid2=products%20grid:p474022:product,P474022
https://www.sephora.com/product/infrared-pemf-go-mat-for-recovery-stress-reduction-P508208?skuId=2721058&icid2=products%20grid:p508208:product,P508208
https://www.sephora.com/product/ole-henriksen-truth-serum-reg-P470240?skuId=2409159&icid2=products%20grid:p470240:product,P470240
https://www.sephora.com/product/then-i-met-you-living-cleansing-balm-makeup-remover-P514179?skuId=2828812&icid2=products%20grid:p514179:product,P514179
https://www.sephora.com/product/the-body-cream-P501140?skuId=2608610&icid2=products%20grid:p501140:product,P501140
https://www.sephora.com/product/exfolikate-cleanser-daily-foaming-wash-P404322?skuId=1778349&icid2=products%20grid:p404322:product,P404322
https://www.sephora.com/product/moisture-surge-cc-cream-hydrating-colour-corrector-broad-spectrum-spf-30-P378639?skuId=1509512&icid2=products%20grid:p378639:product,P378639
https://www.sephora.com/product/peace-out-salicylic-acid-acne-day-dots-P503721?skuId=2644128&icid2=products%20grid:p503721:product,P503721
https://www.sephora.com/product/tata-harper-superkind-fortifying-moisturizer-P472341?skuId=2460129&icid2=products%20grid:p472341:product,P472341
https://www.sephora.com/product/kosas-wet-stick-moisture-lip-shine-P505694?skuId=2681799&icid2=products%20grid:p505694:product,P505694
https://www.sephora.com/product/daily-defense-moisturizer-mineral-spf-60-with-vitamin-c-P504515?skuId=2643575&icid2=products%20grid:p504515:product,P504515
https://www.sephora.com/product/saint-jane-beauty-star-flower-hydration-serum-with-niacinamide-hyaluronic-acid-P509673?skuId=2748127&icid2=products%20grid:p509673:product,P509673
https://www.sephora.com/product/dior-rouge-dior-lip-balm-p480600-P480600?skuId=2789303&icid2=products%20grid:p480600:product,P480600
https://www.sephora.com/product/hydrating-sunscreen-milk-with-colloidal-oatmeal-broad-spectrum-45-P516136?skuId=2836450&icid2=products%20grid:p516136:product,P516136
https://www.sephora.com/product/sulwhasoo-overnight-vitalizing-mask-P475172?skuId=2708501&icid2=products%20grid:p475172:product,P475172
https://www.sephora.com/product/paulas-choice-5-vitamin-c-sheer-facial-moisturizer-spf-50-P511649?skuId=2737203&icid2=products%20grid:p511649:product,P511649
https://www.sephora.com/product/tatcha-the-dewy-serum-resurfacing-plumping-treatment-P466155?skuId=2406858&icid2=products%20grid:p466155:product,P466155
https://www.sephora.com/product/mini-squalane-marine-algae-eye-cream-for-fine-lines-dark-circles-P514948?skuId=2836351&icid2=products%20grid:p514948:product,P514948
https://www.sephora.com/product/mini-charlotte-s-magic-water-cream-P507766?skuId=2697258&icid2=products%20grid:p507766:product,P507766
https://www.sephora.com/product/glowscreen-sunlighter-glow-protect-stick-spf-45-P515974?skuId=2866168&icid2=products%20grid:p515974:product,P515974
https://www.sephora.com/product/innbeauty-project-slushy-serum-moisturizer-crush-infused-with-bakuchiol-P471037?skuId=2458651&icid2=products%20grid:p471037:product,P471037
https://www.sephora.com/product/the-inkey-list-vitamin-b-c-e-moisturizer-P455365?skuId=2335628&icid2=products%20grid:p455365:product,P455365
https://www.sephora.com/product/sofie-pavitt-face-5-benzoyl-peroxide-acne-treatment-mask-with-glycolic-acid-P515840?skuId=2847697&icid2=products%20grid:p515840:product,P515840
https://www.sephora.com/product/retinol-youth-renewal-serum-P411365?skuId=1857002&icid2=products%20grid:p411365:product,P411365
https://www.sephora.com/product/facegym-active-collagen-wonder-moisturizer-P510153?skuId=2736007&icid2=products%20grid:p510153:product,P510153
https://www.sephora.com/product/sauna-blanket-bag-P508256?skuId=2720944&icid2=products%20grid:p508256:product,P508256
https://www.sephora.com/product/shea-butter-intensive-hand-balm-P449167?skuId=2230456&icid2=products%20grid:p449167:product,P449167
https://www.sephora.com/product/tula-skincare-wrinkle-treatment-drops-retinol-alternative-serum-P475193?skuId=2500866&icid2=products%20grid:p475193:product,P475193
https://www.sephora.com/product/invisible-bandage-protect-prime-solution-P515449?skuId=2864361&icid2=products%20grid:p515449:product,P515449
https://www.sephora.com/product/ultra-facial-cream-spf-30-P422012?skuId=1988625&icid2=products%20grid:p422012:product,P422012
https://www.sephora.com/product/skinfix-acne-azelaic-bha-spot-post-acne-mark-treatment-P479348?skuId=2480846&icid2=products%20grid:p479348:product,P479348
https://www.sephora.com/product/dr-barbara-sturm-glow-drops-P447782?skuId=2269926&icid2=products%20grid:p447782:product,P447782
https://www.sephora.com/product/clarins-total-cleansing-oil-P467757?skuId=2438430&icid2=products%20grid:p467757:product,P467757
https://www.sephora.com/product/skinfix-triple-lipid-eye-lift-P505049?skuId=2639904&icid2=products%20grid:p505049:product,P505049
https://www.sephora.com/product/all-about-eyes-rich-P174502?skuId=971473&icid2=products%20grid:p174502:product,P174502
https://www.sephora.com/product/pure-one-step-camellia-cleansing-oil-P392235?skuId=2466613&icid2=products%20grid:p392235:product,P392235
https://www.sephora.com/product/st-tropez-tanning-essentials-double-sided-luxe-tan-applicator-mitt-P456400?skuId=2345916&icid2=products%20grid:p456400:product,P456400
https://www.sephora.com/product/dewtopia-5-aha-firming-night-creme-P503651?skuId=2593283&icid2=products%20grid:p503651:product,P503651
https://www.sephora.com/product/sili-tm-whipped-body-lotion-P500601?skuId=2570125&icid2=products%20grid:p500601:product,P500601
https://www.sephora.com/product/lawless-mini-forget-filler-lip-plumper-line-smoothing-gloss-P483470?skuId=2555092&icid2=products%20grid:p483470:product,P483470
https://www.sephora.com/product/innbeauty-project-extreme-cream-anti-aging-firming-lifting-refillable-moisturizer-P514193?skuId=2808855&icid2=products%20grid:p514193:product,P514193
https://www.sephora.com/product/tatcha-aburatorigami-japanese-blotting-papers-P460746?skuId=2348001&icid2=products%20grid:p460746:product,P460746
https://www.sephora.com/product/confidence-in-a-cream-barrier-boost-skin-repair-daily-moisturizer-P514575?skuId=2840650&icid2=products%20grid:p514575:product,P514575
https://www.sephora.com/product/rare-beauty-by-selena-gomez-find-comfort-stop-soothe-aromatherapy-pen-P509531?skuId=2734051&icid2=products%20grid:p509531:product,P509531
https://www.sephora.com/product/derminfusions-fill-repair-serum-P504631?skuId=2667145&icid2=products%20grid:p504631:product,P504631
https://www.sephora.com/product/murad-retinal-rescuplt-overnight-treatment-P504438?skuId=2643682&icid2=products%20grid:p504438:product,P504438
https://www.sephora.com/product/biossance-mini-squalane-omega-repair-moisturizer-P480280?skuId=2555076&icid2=products%20grid:p480280:product,P480280
https://www.sephora.com/product/ultimate-sun-protector-cream-spf-50-sunscreen-P516565?skuId=2860336&icid2=products%20grid:p516565:product,P516565
https://www.sephora.com/product/repairwear-intensive-lip-treatment-P122782?skuId=883306&icid2=products%20grid:p122782:product,P122782
https://www.sephora.com/product/salt-stone-santal-vetiver-nourishing-hand-cream-with-niacinamide-seaweed-extract-P510476?skuId=2760304&icid2=products%20grid:p510476:product,P510476
https://www.sephora.com/product/supergoop-bright-eyed-100-mineral-eye-cream-spf-40-P453226?skuId=2315190&icid2=products%20grid:p453226:product,P453226
https://www.sephora.com/product/natasha-denona-hy-gen-bronze-energizing-hydrating-primer-serum-P516777?skuId=2868420&icid2=products%20grid:p516777:product,P516777
https://www.sephora.com/product/the-original-makeup-eraser-makeup-remover-cloth-P396033?skuId=2805539&icid2=products%20grid:p396033:product,P396033
https://www.sephora.com/product/goop-goopgenes-all-in-one-super-nutrient-face-oil-P468143?skuId=2433159&icid2=products%20grid:p468143:product,P468143
https://www.sephora.com/product/emerald-cannabis-sativa-hemp-seed-deep-moisture-glow-oil-P437981?skuId=2189652&icid2=products%20grid:p437981:product,P437981
https://www.sephora.com/product/watermelon-glow-niacinamide-dewy-flush-brightening-serum-blush-P515371?skuId=2845071&icid2=products%20grid:p515371:product,P515371
https://www.sephora.com/product/youth-to-the-people-mini-superfood-air-whip-lightweight-face-moisturizer-with-hyaluronic-acid-P509265?skuId=2686640&icid2=products%20grid:p509265:product,P509265
https://www.sephora.com/product/microneedling-anti-wrinkle-retinol-patches-P500757?skuId=2613255&icid2=products%20grid:p500757:product,P500757
https://www.sephora.com/product/dermalogica-phyto-nature-oxygen-cream-P505139?skuId=2643195&icid2=products%20grid:p505139:product,P505139
https://www.sephora.com/product/korres-santorini-grape-velvet-renewal-oil-P474340?skuId=2494177&icid2=products%20grid:p474340:product,P474340
https://www.sephora.com/product/ginzing-spf-40-energy-boosting-tinted-moisturizer-P420966?skuId=1957091&icid2=products%20grid:p420966:product,P420966
https://www.sephora.com/product/dr-dennis-gross-skincare-drx-spectralite-tm-led-eyecare-max-pro-P503906?skuId=2644011&icid2=products%20grid:p503906:product,P503906
https://www.sephora.com/product/peptide-skinjection-hydra-gel-patches-P514677?skuId=2835916&icid2=products%20grid:p514677:product,P514677
https://www.sephora.com/product/peptide-skinjection-fill-fix-under-eye-cream-P514683?skuId=2823946&icid2=products%20grid:p514683:product,P514683
https://www.sephora.com/product/super-soft-100-natural-facial-cotton-P173726?skuId=101220&icid2=products%20grid:p173726:product,P173726
https://www.sephora.com/product/supergoop-glow-oil-spf-50-P454387?skuId=2735009&icid2=products%20grid:p454387:product,P454387
https://www.sephora.com/product/women-clinically-proven-hair-growth-supplement-for-thinning-P504148?skuId=2658573&icid2=products%20grid:p504148:product,P504148
https://www.sephora.com/product/the-ordinary-marine-hyaluronics-P455899?skuId=2336493&icid2=products%20grid:p455899:product,P455899
https://www.sephora.com/product/augustinus-bader-the-cream-with-tfc8-face-moisturizer-P470507?skuId=2458875&icid2=products%20grid:p470507:product,P470507
https://www.sephora.com/product/clinique-all-about-clean-trade-2-in-1-cleansing-exfoliating-jelly-P469451?skuId=2421766&icid2=products%20grid:p469451:product,P469451
https://www.sephora.com/product/lightsaver-activated-mineral-sunscreen-broad-spectrum-spf-33-P511918?skuId=2788800&icid2=products%20grid:p511918:product,P511918
https://www.sephora.com/product/mini-atobarrier365-cream-with-ceramides-niacinamide-for-skin-moisture-barrier-repair-P515486?skuId=2844934&icid2=products%20grid:p515486:product,P515486
https://www.sephora.com/product/age-adapting-facial-serum-P440981?skuId=2215283&icid2=products%20grid:p440981:product,P440981
https://www.sephora.com/product/youth-to-the-people-youthscreen-spf-60-P516541?skuId=2849693&icid2=products%20grid:p516541:product,P516541
https://www.sephora.com/product/dermalogica-biolumin-c-heat-aging-protector-spf50-P515471?skuId=2859866&icid2=products%20grid:p515471:product,P515471
https://www.sephora.com/product/blueberry-bounce-gentle-cleanser-P436359?skuId=2131803&icid2=products%20grid:p436359:product,P436359
https://www.sephora.com/product/tula-skincare-bedtime-bright-vita-charge-overnight-brightening-treatment-with-niacinamide-vitamin-c-P509510?skuId=2740900&icid2=products%20grid:p509510:product,P509510
https://www.sephora.com/product/the-ordinary-mini-natural-moisturizing-factors-ha-P482328?skuId=2031425&icid2=products%20grid:p482328:product,P482328
https://www.sephora.com/product/cay-skin-isle-glow-face-lotion-spf-45-P481366?skuId=2662971&icid2=products%20grid:p481366:product,P481366
https://www.sephora.com/product/intensive-eye-cream-concentrate-for-wrinkles-plus-P474118?skuId=2467942&icid2=products%20grid:p474118:product,P474118
https://www.sephora.com/product/laneige-water-bank-blue-hyaluronic-gel-moisturizer-with-mint-extract-P482695?skuId=2743235&icid2=products%20grid:p482695:product,P482695
https://www.sephora.com/product/youth-to-the-people-10-aha-yerba-mate-smoothing-body-scrub-P509283?skuId=2735272&icid2=products%20grid:p509283:product,P509283
https://www.sephora.com/product/luxury-sun-ritual-pore-smoothing-sunscreen-spf-30-P501321?skuId=2599330&icid2=products%20grid:p501321:product,P501321
https://www.sephora.com/product/laneige-radian-c-cream-with-vitamin-c-P466134?skuId=2406841&icid2=products%20grid:p466134:product,P466134
https://www.sephora.com/product/great-skin-great-deal-set-for-dry-combination-skin-P385632?skuId=1599414&icid2=products%20grid:p385632:product,P385632
https://www.sephora.com/product/charlotte-tilbury-refillable-jumbo-magic-cream-moisturizer-with-hyaluronic-acid-P477812?skuId=2486298&icid2=products%20grid:p477812:product,P477812
https://www.sephora.com/product/dermalogica-discover-healthy-skin-kit-P460624?skuId=2356699&icid2=products%20grid:p460624:product,P460624
https://www.sephora.com/product/b-pricing-every-sun-day-priming-sunscreen-stick-P515743?skuId=2866044&icid2=products%20grid:p515743:product,P515743
https://www.sephora.com/product/herbivore-botanicals-dream-jelly-vegan-multi-oil-lip-balm-for-hydration-plumping-P510936?skuId=2766665&icid2=products%20grid:p510936:product,P510936
https://www.sephora.com/product/kate-somerville-kateceuticals-total-repair-cream-P469112?skuId=2446961&icid2=products%20grid:p469112:product,P469112
https://www.sephora.com/product/mini-retinol-serum-P508422?skuId=2672368&icid2=products%20grid:p508422:product,P508422
https://www.sephora.com/product/drunk-elephant-kamili-cream-body-cleanser-P457686?skuId=2346500&icid2=products%20grid:p457686:product,P457686
https://www.sephora.com/product/dr-dennis-gross-skincare-advanced-retinol-ferulic-triple-correction-eye-serum-P474825?skuId=2496420&icid2=products%20grid:p474825:product,P474825
https://www.sephora.com/product/magnesi-om-tm-stick-packs-P506526?skuId=2693885&icid2=products%20grid:p506526:product,P506526
https://www.sephora.com/product/dior-capture-creme-P515199?skuId=2835734&icid2=products%20grid:p515199:product,P515199
https://www.sephora.com/product/augustinus-bader-mini-serum-with-tfc8-r-P511079?skuId=2774719&icid2=products%20grid:p511079:product,P511079
https://www.sephora.com/product/ultra-repair-r-cream-intense-hydration-mini-P425872?skuId=1309590&icid2=products%20grid:p425872:product,P425872
https://www.sephora.com/product/l-occitane-youth-hand-cream-P505150?skuId=2681054&icid2=products%20grid:p505150:product,P505150
https://www.sephora.com/product/dr-barbara-sturm-clarifying-spot-treatment-P448713?skuId=2270098&icid2=products%20grid:p448713:product,P448713
https://www.sephora.com/product/boum-boum-milk-rebalancing-barrier-spray-P515468?skuId=2864460&icid2=products%20grid:p515468:product,P515468
https://www.sephora.com/product/yse-beauty-skin-glow-spf-30-primer-with-niacinamide-P517101?skuId=2886323&icid2=products%20grid:p517101:product,P517101
https://www.sephora.com/product/aha-30-bha-2-peeling-solution-P442563?skuId=2210607&icid2=products%20grid:p442563:product,P442563
https://www.sephora.com/product/herbivore-botanicals-moon-fruit-1-bakuchiol-peptides-retinol-alternative-serum-P483661?skuId=2554012&icid2=products%20grid:p483661:product,P483661
https://www.sephora.com/product/necessaire-mini-body-lotion-with-niacinamide-vitamins-peptides-P504054?skuId=2650737&icid2=products%20grid:p504054:product,P504054
https://www.sephora.com/product/superfood-omega-hand-body-lotion-with-kale-green-tea-P508029?skuId=2726669&icid2=products%20grid:p508029:product,P508029
https://www.sephora.com/product/mello-marula-cream-cleanser-with-1-0-colloidal-oatmeal-P515442?skuId=2842557&icid2=products%20grid:p515442:product,P515442
https://www.sephora.com/product/murad-the-science-healthy-skin-lift-resculpt-with-retinal-P512285?skuId=2790079&icid2=products%20grid:p512285:product,P512285
https://www.sephora.com/product/c-e-o-glow-vitamin-c-turmeric-face-oil-P442761?skuId=2213528&icid2=products%20grid:p442761:product,P442761
https://www.sephora.com/product/daily-microfoliant-P423688?skuId=2002087&icid2=products%20grid:p423688:product,P423688
https://www.sephora.com/product/laneige-water-bank-blue-hyaluronic-revitalizing-toner-P482697?skuId=2569838&icid2=products%20grid:p482697:product,P482697
https://www.sephora.com/product/sunlit-skin-bronzing-tint-self-tan-face-serum-P515523?skuId=2846004&icid2=products%20grid:p515523:product,P515523
https://www.sephora.com/product/glopro-face-microtip-attachment-head-P438634?skuId=2163087&icid2=products%20grid:p438634:product,P438634
https://www.sephora.com/product/peter-thomas-roth-water-drench-r-hyaluronic-cloud-sheer-tint-moisturizer-broad-spectrum-spf-45-P511259?skuId=2743714&icid2=products%20grid:p511259:product,P511259
https://www.sephora.com/product/shiseido-essential-energy-spf-20-day-cream-with-hyaluronic-acid-P481164?skuId=2534824&icid2=products%20grid:p481164:product,P481164
https://www.sephora.com/product/augustinus-bader-the-essence-P482661?skuId=2533685&icid2=products%20grid:p482661:product,P482661
https://www.sephora.com/product/sol-de-janeiro-bom-dia-bright-body-cream-P470125?skuId=2448066&icid2=products%20grid:p470125:product,P470125
https://www.sephora.com/product/caudalie-premier-cru-anti-aging-serum-P480284?skuId=2838266&icid2=products%20grid:p480284:product,P480284
https://www.sephora.com/product/shani-darden-cleansing-serum-P455929?skuId=2757797&icid2=products%20grid:p455929:product,P455929
https://www.sephora.com/product/barrier-balancing-water-cream-moisturizer-with-hyaluronic-acid-P515337?skuId=2858686&icid2=products%20grid:p515337:product,P515337
https://www.sephora.com/product/herbivore-botanicals-pink-cloud-rosewater-tremella-creamy-jelly-cleanser-P460747?skuId=2379337&icid2=products%20grid:p460747:product,P460747
https://www.sephora.com/product/eradikate-daily-cleanser-acne-treatment-P415667?skuId=1906106&icid2=products%20grid:p415667:product,P415667
https://www.sephora.com/product/hydrating-active-roller-with-hyaluronic-acid-P501024?skuId=2604601&icid2=products%20grid:p501024:product,P501024
https://www.sephora.com/product/laneige-water-bank-blue-hyaluronic-exfoliating-toner-P482698?skuId=2569846&icid2=products%20grid:p482698:product,P482698
https://www.sephora.com/product/lapis-oil-balancing-facial-oil-P400203?skuId=1754613&icid2=products%20grid:p400203:product,P400203
https://www.sephora.com/product/estee-lauder-revitalizing-supreme-youth-power-anti-aging-eye-cream-P481082?skuId=2532265&icid2=products%20grid:p481082:product,P481082
https://www.sephora.com/product/josie-maran-vanilla-vibezzz-whipped-argan-oil-refillable-firming-body-butter-P510462?skuId=2764801&icid2=products%20grid:p510462:product,P510462
https://www.sephora.com/product/tatas-daily-essentials-P392143?skuId=1676162&icid2=products%20grid:p392143:product,P392143
https://www.sephora.com/product/facegym-supreme-restructure-firming-egf-collagen-boosting-moisturizer-P476677?skuId=2502961&icid2=products%20grid:p476677:product,P476677
https://www.sephora.com/product/josie-maran-sweet-citrus-whipped-argan-oil-refillable-firming-body-butter-P510432?skuId=2766970&icid2=products%20grid:p510432:product,P510432
https://www.sephora.com/product/glow-recipe-glass-balm-lip-treatment-for-shine-and-hydration-P515960?skuId=2874329&icid2=products%20grid:p515960:product,P515960
https://www.sephora.com/product/mango-people-hydrating-glossy-mango-butter-lip-balm-P512272?skuId=2774917&icid2=products%20grid:p512272:product,P512272
https://www.sephora.com/product/kora-organics-mini-turmeric-glow-brightening-moisturizer-P510091?skuId=2735124&icid2=products%20grid:p510091:product,P510091
https://www.sephora.com/product/supergoop-mineral-mattescreen-spf-40-pa-P476733?skuId=2458446&icid2=products%20grid:p476733:product,P476733
https://www.sephora.com/product/peptide-21-lift-firm-moisturizer-P442743?skuId=2839066&icid2=products%20grid:p442743:product,P442743
https://www.sephora.com/product/concentrated-ginseng-rejuvenating-serum-for-anti-aging-P516425?skuId=2844363&icid2=products%20grid:p516425:product,P516425
https://www.sephora.com/product/maracuja-c-brighter-eye-treatment-P377545?skuId=1486836&icid2=products%20grid:p377545:product,P377545
https://www.sephora.com/product/bump-fix-razor-bump-ingrown-hair-solution-P378718?skuId=1514017&icid2=products%20grid:p378718:product,P378718
https://www.sephora.com/product/major-fade-hyper-serum-dark-spot-treatment-P510575?skuId=2647550&icid2=products%20grid:p510575:product,P510575
https://www.sephora.com/product/tatcha-the-kissu-lip-mask-P453225?skuId=2315315&icid2=products%20grid:p453225:product,P453225
https://www.sephora.com/product/mini-multi-peptide-hair-density-serum-P503209?skuId=2616878&icid2=products%20grid:p503209:product,P503209
https://www.sephora.com/product/kiehls-auto-tone-skin-discoloration-treatment-with-spf-30-P512279?skuId=2785301&icid2=products%20grid:p512279:product,P512279
https://www.sephora.com/product/mario-badescu-botanical-exfoliating-scrub-P440491?skuId=2184968&icid2=products%20grid:p440491:product,P440491
https://www.sephora.com/product/dermalogica-phyto-nature-lifting-eye-cream-P510513?skuId=2747699&icid2=products%20grid:p510513:product,P510513
https://www.sephora.com/product/first-aid-beauty-weightless-liquid-mineral-sunscreen-with-zinc-oxide-spf-30-P506161?skuId=2672731&icid2=products%20grid:p506161:product,P506161
https://www.sephora.com/product/clinique-moisture-surge-trade-intense-72h-lipid-replenishing-hydrator-P463613?skuId=2368694&icid2=products%20grid:p463613:product,P463613
https://www.sephora.com/product/plump-hydrate-bestsellers-routine-set-P515137?skuId=2828002&icid2=products%20grid:p515137:product,P515137
https://www.sephora.com/product/nudestix-5-citrus-fruit-glycolic-glow-toner-P504330?skuId=2647741&icid2=products%20grid:p504330:product,P504330
https://www.sephora.com/product/foreo-luna-tm-4-go-facial-cleansing-massaging-device-P502848?skuId=2604437&icid2=products%20grid:p502848:product,P502848
https://www.sephora.com/product/shani-darden-rescue-serum-with-10-azelaic-complex-P514782?skuId=2828986&icid2=products%20grid:p514782:product,P514782
https://www.sephora.com/product/drunk-elephant-the-littles-travel-skincare-set-P512151?skuId=2776250&icid2=products%20grid:p512151:product,P512151
https://www.sephora.com/product/rose-quartz-facial-massager-P439672?skuId=2759934&icid2=products%20grid:p439672:product,P439672
https://www.sephora.com/product/tula-skincare-so-polished-exfoliating-sugar-scrub-P475183?skuId=2500692&icid2=products%20grid:p475183:product,P475183
https://www.sephora.com/product/lancome-mini-renergie-h-p-n-300-peptide-anti-aging-cream-with-spf-25-P510027?skuId=2741502&icid2=products%20grid:p510027:product,P510027
https://www.sephora.com/product/pomegranate-peptide-firming-serum-P507803?skuId=2698280&icid2=products%20grid:p507803:product,P507803
https://www.sephora.com/product/mara-seadream-firming-algae-creme-moisturizer-with-sea-moss-peptides-P509690?skuId=2735108&icid2=products%20grid:p509690:product,P509690
https://www.sephora.com/product/tower-28-sos-daily-rescue-facial-spray-jumbo-P478042?skuId=2617983&icid2=products%20grid:p478042:product,P478042
https://www.sephora.com/product/summer-fridays-light-aura-vitamin-c-peptide-eye-cream-P480192?skuId=2536068&icid2=products%20grid:p480192:product,P480192
https://www.sephora.com/product/drunk-elephant-a-shaba-complex-retinol-eye-serum-with-caffeine-copper-peptides-P504139?skuId=2650315&icid2=products%20grid:p504139:product,P504139
https://www.sephora.com/product/niacinamide-P446942?skuId=2259992&icid2=products%20grid:p446942:product,P446942
https://www.sephora.com/product/mara-niacinamide-copper-clear-skin-mineral-milk-acne-treatment-30ml-P513359?skuId=2799393&icid2=products%20grid:p513359:product,P513359
https://www.sephora.com/product/luxury-beauty-serum-P444222?skuId=2241115&icid2=products%20grid:p444222:product,P444222
https://www.sephora.com/product/squalane-antioxidant-cleansing-oil-P416560?skuId=2051902&icid2=products%20grid:p416560:product,P416560
https://www.sephora.com/product/c5-super-boost-vitamin-c-moisturizer-P501282?skuId=2533529&icid2=products%20grid:p501282:product,P501282
https://www.sephora.com/product/peace-out-vitamin-c-glow-stick-P506127?skuId=2673341&icid2=products%20grid:p506127:product,P506127
https://www.sephora.com/product/sol-de-janeiro-beija-flor-body-hair-mist-P483156?skuId=2577443&icid2=products%20grid:p483156:product,P483156
https://www.sephora.com/product/cc-me-vitamin-c-serum-P449180?skuId=2224061&icid2=products%20grid:p449180:product,P449180
https://www.sephora.com/product/luna-daily-the-nip-lip-balm-for-dry-cracked-nipples-lips-P512278?skuId=2781615&icid2=products%20grid:p512278:product,P512278
https://www.sephora.com/product/mario-badescu-facial-spray-with-aloe-herbs-rosewater-mini-P444967?skuId=2540789&icid2=products%20grid:p444967:product,P444967
https://www.sephora.com/product/the-ordinary-salicylic-acid-0-5-body-serum-P513221?skuId=2790251&icid2=products%20grid:p513221:product,P513221
https://www.sephora.com/product/then-i-met-you-the-giving-essence-brightening-treatment-with-niacinamide-P514181?skuId=2828739&icid2=products%20grid:p514181:product,P514181
https://www.sephora.com/product/sol-de-janeiro-bum-bum-body-firmeza-oil-P503931?skuId=2638971&icid2=products%20grid:p503931:product,P503931
https://www.sephora.com/product/banana-bright-vitamin-cc-eye-sticks-P504639?skuId=2648483&icid2=products%20grid:p504639:product,P504639
https://www.sephora.com/product/the-ordinary-mini-squalane-cleanser-P482327?skuId=2238988&icid2=products%20grid:p482327:product,P482327
https://www.sephora.com/product/dr-jart-dr-jart-x-enhypen-jelly-bear-lip-mask-with-bonus-id-photo-set-P513294?skuId=2810299&icid2=products%20grid:p513294:product,P513294
https://www.sephora.com/product/biossance-squalane-bha-pore-minimizing-toner-P471003?skuId=2457547&icid2=products%20grid:p471003:product,P471003
https://www.sephora.com/product/ultra-facial-toner-P422011?skuId=2664233&icid2=products%20grid:p422011:product,P422011
https://www.sephora.com/product/soft-services-software-update-retinol-body-serum-for-fine-lines-crepiness-P510349?skuId=2736296&icid2=products%20grid:p510349:product,P510349
https://www.sephora.com/product/hydrating-almond-milk-concentrate-body-moisturizer-P162554?skuId=1626548&icid2=products%20grid:p162554:product,P162554
https://www.sephora.com/product/kiehls-mini-rare-earth-deep-pore-minimizing-cleansing-clay-mask-P474060?skuId=2459790&icid2=products%20grid:p474060:product,P474060
https://www.sephora.com/product/hanni-the-weighted-razor-kit-P483455?skuId=2578367&icid2=products%20grid:p483455:product,P483455
https://www.sephora.com/product/essential-c-cleanser-P9941?skuId=2835841&icid2=products%20grid:p9941:product,P9941
https://www.sephora.com/product/mini-dew-tm-hydrating-electrolyte-supplement-with-ionic-trace-minerals-P507895?skuId=2683662&icid2=products%20grid:p507895:product,P507895
https://www.sephora.com/product/dr-barbara-sturm-super-anti-aging-eye-cream-P477150?skuId=2492775&icid2=products%20grid:p477150:product,P477150
https://www.sephora.com/product/cicapair-sensitive-skin-moisturizer-for-redness-P411539?skuId=2733665&icid2=products%20grid:p411539:product,P411539
https://www.sephora.com/product/great-skin-priming-and-firming-moisturizer-with-peptides-and-hyaluronic-acid-P513383?skuId=2791911&icid2=products%20grid:p513383:product,P513383
https://www.sephora.com/product/murad-mini-vitamin-c-glycolic-brightening-serum-P475135?skuId=2462414&icid2=products%20grid:p475135:product,P475135
https://www.sephora.com/product/supergoop-play-everyday-lotion-spf-50-with-sunflower-extract-P454383?skuId=2329191&icid2=products%20grid:p454383:product,P454383
https://www.sephora.com/product/soy-face-cleanser-P7880?skuId=2534675&icid2=products%20grid:p7880:product,P7880
https://www.sephora.com/product/fauxfilter-luminous-matte-buildable-coverage-crease-proof-concealer-P500309?skuId=2577781&icid2=products%20grid:p500309:product,P500309
https://www.sephora.com/product/elemis-dynamic-gentle-resurfacing-enzyme-cleanser-P510313?skuId=2758993&icid2=products%20grid:p510313:product,P510313
https://www.sephora.com/product/b-hydra-intensive-hydration-gel-P406712?icid2=products%20grid:p406712:product,P406712
https://www.sephora.com/product/the-outset-botanical-rescue-barrier-balm-P512284?skuId=2790145&icid2=products%20grid:p512284:product,P512284
https://www.sephora.com/product/squalane-omega-repair-cream-P433887?skuId=2105856&icid2=products%20grid:p433887:product,P433887
https://www.sephora.com/product/dr-jart-teatreement-cleansing-foam-P454086?skuId=2300259&icid2=products%20grid:p454086:product,P454086
https://www.sephora.com/product/atobarrier365-cooling-hydro-soothing-gel-cream-with-ceramides-for-skin-moisture-barrier-repair-P515484?skuId=2844967&icid2=products%20grid:p515484:product,P515484
https://www.sephora.com/product/innbeauty-project-bright-tight-eye-cream-dark-circle-wrinkle-treatment-with-vitamin-c-tranexamic-acid-peptides-P503865?skuId=2644995&icid2=products%20grid:p503865:product,P503865
https://www.sephora.com/product/even-better-clinical-tm-dark-spot-clearing-serum-with-vitamin-c-P516010?skuId=2859536&icid2=products%20grid:p516010:product,P516010
https://www.sephora.com/product/fenty-skin-total-cleans-r-remove-it-all-cleanser-P467247?skuId=2418853&icid2=products%20grid:p467247:product,P467247
https://www.sephora.com/product/a-passioni-retinol-cream-P439926?skuId=2429694&icid2=products%20grid:p439926:product,P439926
https://www.sephora.com/product/first-care-trial-kit-P516051?skuId=2844371&icid2=products%20grid:p516051:product,P516051
https://www.sephora.com/product/ultra-facial-cleanser-P422007?skuId=2534030&icid2=products%20grid:p422007:product,P422007
https://www.sephora.com/product/biossance-squalane-copper-peptide-rapid-plumping-serum-P479304?skuId=2536076&icid2=products%20grid:p479304:product,P479304
https://www.sephora.com/product/kate-somerville-delikate-soothing-cleanser-P457696?skuId=2278752&icid2=products%20grid:p457696:product,P457696
https://www.sephora.com/product/slip-high-maintenace-molded-eye-mask-P477761?skuId=2841203&icid2=products%20grid:p477761:product,P477761
https://www.sephora.com/product/glossier-super-pure-clarifying-face-serum-with-niacinamide-zinc-P504774?skuId=2649499&icid2=products%20grid:p504774:product,P504774
https://www.sephora.com/product/play-mineral-spf-stick-P500060?skuId=2551067&icid2=products%20grid:p500060:product,P500060
https://www.sephora.com/product/peter-thomas-roth-potent-c-brightening-vitamin-c-moisturizer-P505739?skuId=2668556&icid2=products%20grid:p505739:product,P505739
https://www.sephora.com/product/tula-skincare-on-go-best-sellers-travel-kit-P475180?skuId=2500668&icid2=products%20grid:p475180:product,P475180
https://www.sephora.com/product/benefit-cosmetics-the-porefessional-deep-retreat-pore-clearing-clay-mask-P505023?skuId=2641660&icid2=products%20grid:p505023:product,P505023
https://www.sephora.com/product/cooling-water-P404795?skuId=1782085&icid2=products%20grid:p404795:product,P404795
https://www.sephora.com/product/soft-services-smoothing-solution-aha-chemical-peel-body-exfoliator-P510345?skuId=2678175&icid2=products%20grid:p510345:product,P510345
https://www.sephora.com/product/sulwhasoo-ginseng-renewing-cream-original-reform-P481833?skuId=2552537&icid2=products%20grid:p481833:product,P481833
https://www.sephora.com/product/clinique-even-better-brightening-moisturizer-spf-20-P504674?skuId=2664365&icid2=products%20grid:p504674:product,P504674
https://www.sephora.com/product/ultra-repair-face-moisturizer-P375534?skuId=1459221&icid2=products%20grid:p375534:product,P375534
https://www.sephora.com/product/concentrated-ginseng-rejuventating-ampoule-P516419?skuId=2844462&icid2=products%20grid:p516419:product,P516419
https://www.sephora.com/product/goop-youth-boost-peptide-serum-P512357?skuId=2788230&icid2=products%20grid:p512357:product,P512357
https://www.sephora.com/product/beautybio-eye-want-it-all-face-eye-microneedling-set-P483089?skuId=2582435&icid2=products%20grid:p483089:product,P483089
https://www.sephora.com/product/water-drench-hyaluronic-cloud-cream-mini-P426312?skuId=1959949&icid2=products%20grid:p426312:product,P426312
https://www.sephora.com/product/o2-growth-factor-eight-active-brightening-and-firming-cream-P515717?skuId=2868578&icid2=products%20grid:p515717:product,P515717
https://www.sephora.com/product/ph-balancing-gel-cleanser-P515042?skuId=2836559&icid2=products%20grid:p515042:product,P515042
https://www.sephora.com/product/eadem-cashmere-peel-gentle-aha-pha-exfoliating-toner-with-9-lactic-azelaic-tranexamic-acids-P509392?skuId=2733707&icid2=products%20grid:p509392:product,P509392
https://www.sephora.com/product/the-ordinary-retinal-0-2-emulsion-serum-P510514?skuId=2735157&icid2=products%20grid:p510514:product,P510514
https://www.sephora.com/product/kale-spinach-green-tea-age-prevention-cleanser-P411387?skuId=1863588&icid2=products%20grid:p411387:product,P411387
https://www.sephora.com/product/keep-it-clean-hydrating-gel-cleanser-with-10-amino-acids-ceramides-vegan-collagen-P500687?skuId=2594265&icid2=products%20grid:p500687:product,P500687
https://www.sephora.com/product/la-mer-the-concentrate-P461949?skuId=2384014&icid2=products%20grid:p461949:product,P461949
https://www.sephora.com/product/alpyn-beauty-plantgenius-brightening-survival-serum-P455612?skuId=2331825&icid2=products%20grid:p455612:product,P455612
https://www.sephora.com/product/innisfree-daily-uv-defense-sunscreen-spf-36-P456392?skuId=2742419&icid2=products%20grid:p456392:product,P456392
https://www.sephora.com/product/lawless-mini-forget-filler-skin-plumping-line-smoothing-moisturizer-makeup-primer-P511696?skuId=2778579&icid2=products%20grid:p511696:product,P511696
https://www.sephora.com/product/farmacy-honey-potion-plus-ceramide-hydration-mask-P480444?skuId=2553949&icid2=products%20grid:p480444:product,P480444
https://www.sephora.com/product/youth-to-the-people-yerba-mate-fruit-enzyme-high-caffeine-resurfacing-facial-P455934?skuId=2339810&icid2=products%20grid:p455934:product,P455934
https://www.sephora.com/product/kiehls-mini-ultra-facial-cleanser-P509301?skuId=2534030&icid2=products%20grid:p509301:product,P509301
https://www.sephora.com/product/dermalogica-stabilizing-repair-cream-moisturizer-with-squalane-cica-P509538?skuId=2736767&icid2=products%20grid:p509538:product,P509538
https://www.sephora.com/product/peter-thomas-roth-even-smoother-trade-glycolic-retinol-resurfacing-peel-pads-P479705?skuId=2533263&icid2=products%20grid:p479705:product,P479705
https://www.sephora.com/product/silk-pillowcase-king-P402943?skuId=1771278&icid2=products%20grid:p402943:product,P402943
https://www.sephora.com/product/mini-ceramidin-tm-skin-barrier-moisturizing-cream-P506727?skuId=2692234&icid2=products%20grid:p506727:product,P506727
https://www.sephora.com/product/hydrating-serum-with-hyaluronic-acid-P500746?skuId=2594612&icid2=products%20grid:p500746:product,P500746
https://www.sephora.com/product/noni-glow-sleeping-mask-P440072?skuId=2183531&icid2=products%20grid:p440072:product,P440072
https://www.sephora.com/product/iconic-london-lustre-lip-oil-P463452?skuId=2820538&icid2=products%20grid:p463452:product,P463452
https://www.sephora.com/product/fragrance-free-deodorant-72-hour-extra-strength-mandelic-acid-deodorant-P515220?skuId=2839587&icid2=products%20grid:p515220:product,P515220
https://www.sephora.com/product/ranavat-kansa-wand-detoxifying-facial-massage-tool-P481368?skuId=2564227&icid2=products%20grid:p481368:product,P481368
https://www.sephora.com/product/la-mer-the-moisturizing-fresh-cream-P510517?skuId=2748853&icid2=products%20grid:p510517:product,P510517
https://www.sephora.com/product/caliray-surfproof-setting-spray-P504293?skuId=2643476&icid2=products%20grid:p504293:product,P504293
https://www.sephora.com/product/the-light-cream-P500420?skuId=2578250&icid2=products%20grid:p500420:product,P500420
https://www.sephora.com/product/the-body-wash-olibanum-radiance-treatment-cleanse-with-vitamin-c-enzymes-with-pump-P515477?skuId=2840957&icid2=products%20grid:p515477:product,P515477
https://www.sephora.com/product/josie-maran-mini-bohemian-fig-whipped-argan-oil-refillable-firming-body-butter-P510420?skuId=2767341&icid2=products%20grid:p510420:product,P510420
https://www.sephora.com/product/pink-algae-pro-retinol-anti-aging-moisturizer-P515257?skuId=2840908&icid2=products%20grid:p515257:product,P515257
https://www.sephora.com/product/glow-recipe-mini-watermelon-glow-aha-night-treatment-P501570?skuId=2535169&icid2=products%20grid:p501570:product,P501570
https://www.sephora.com/product/dior-capture-totale-intensive-essence-lotion-P481077?skuId=2533545&icid2=products%20grid:p481077:product,P481077
https://www.sephora.com/product/paula-s-choice-clinical-1-retinol-treatment-P469510?skuId=2421295&icid2=products%20grid:p469510:product,P469510
https://www.sephora.com/product/set-protect-makeup-setting-spray-spf-30-with-hyaluronic-acid-P504508?skuId=2643609&icid2=products%20grid:p504508:product,P504508
https://www.sephora.com/product/hydrating-petal-cream-hyaluronic-acid-vitamin-c-daily-moisturizer-P506840?skuId=2706513&icid2=products%20grid:p506840:product,P506840
https://www.sephora.com/product/brightening-eye-gel-with-vitamin-c-for-dark-circles-P516764?skuId=2873263&icid2=products%20grid:p516764:product,P516764
https://www.sephora.com/product/moisturizing-bomb-toner-with-ceramide-P507856?skuId=2703130&icid2=products%20grid:p507856:product,P507856
https://www.sephora.com/product/lip-cocoon-hydrating-lip-balm-with-peptides-P514919?skuId=2847937&icid2=products%20grid:p514919:product,P514919
https://www.sephora.com/product/conditioning-beard-oil-P411714?skuId=1866797&icid2=products%20grid:p411714:product,P411714
https://www.sephora.com/product/treatment-softener-P433620?skuId=2100048&icid2=products%20grid:p433620:product,P433620
https://www.sephora.com/product/lancome-renergie-h-c-f-triple-eye-serum-P512159?skuId=2741494&icid2=products%20grid:p512159:product,P512159
https://www.sephora.com/product/facial-treatment-cleanser-P375850?skuId=1448596&icid2=products%20grid:p375850:product,P375850
https://www.sephora.com/product/oui-the-people-cheat-sheet-resurfacing-body-exfoliant-serum-with-aha-bha-P506716?skuId=2711000&icid2=products%20grid:p506716:product,P506716
https://www.sephora.com/product/yse-beauty-xtremely-rich-skin-barrier-moisturizer-with-ceramides-P517100?skuId=2886265&icid2=products%20grid:p517100:product,P517100
https://www.sephora.com/product/alpha-beta-2-bha-breakout-solution-P510519?skuId=2767721&icid2=products%20grid:p510519:product,P510519
https://www.sephora.com/product/sunday-riley-mini-c-e-o-15-vitamin-c-brightening-serum-P504219?skuId=2588796&icid2=products%20grid:p504219:product,P504219
https://www.sephora.com/product/dr-dennis-gross-skincare-advanced-retinol-ferulic-texture-renewal-serum-P474826?skuId=2496412&icid2=products%20grid:p474826:product,P474826
https://www.sephora.com/product/bom-dia-bright-tm-clarifying-aha-bha-body-wash-P501775?skuId=2596419&icid2=products%20grid:p501775:product,P501775
https://www.sephora.com/product/ultra-pure-hyaluronic-acid-1-5-serum-P504635?skuId=2665578&icid2=products%20grid:p504635:product,P504635
https://www.sephora.com/product/black-tea-firming-overnight-mask-P391799?skuId=1673888&icid2=products%20grid:p391799:product,P391799
https://www.sephora.com/product/the-inkey-list-supersolutions-10-urea-moisturizer-P502756?skuId=2599272&icid2=products%20grid:p502756:product,P502756
https://www.sephora.com/product/the-nue-co-prebiotic-probiotic-vegan-gut-microbiome-supplement-P476538?skuId=2526184&icid2=products%20grid:p476538:product,P476538
https://www.sephora.com/product/innbeauty-project-glaze-lip-oil-P471038?skuId=2763902&icid2=products%20grid:p471038:product,P471038
https://www.sephora.com/product/innisfree-retinol-cica-microneedle-focusing-patch-P504642?skuId=2740595&icid2=products%20grid:p504642:product,P504642
https://www.sephora.com/product/the-ordinary-pycnogenol-5-P455898?skuId=2336485&icid2=products%20grid:p455898:product,P455898
https://www.sephora.com/product/facial-treatment-essence-P375849?skuId=1448612&icid2=products%20grid:p375849:product,P375849
https://www.sephora.com/product/the-ultimate-cleansing-icons-set-P516038?skuId=2859528&icid2=products%20grid:p516038:product,P516038
https://www.sephora.com/product/origins-checks-balances-polishing-exfoliator-P471567?skuId=2434983&icid2=products%20grid:p471567:product,P471567
https://www.sephora.com/product/the-lip-volumizer-P444964?skuId=2748606&icid2=products%20grid:p444964:product,P444964
https://www.sephora.com/product/ultimate-revival-cream-P375854?skuId=1448653&icid2=products%20grid:p375854:product,P375854
https://www.sephora.com/product/multivitamin-power-recovery-masque-P423130?skuId=2002244&icid2=products%20grid:p423130:product,P423130
https://www.sephora.com/product/dry-erase-ultra-calming-face-cream-P397665?skuId=1371533&icid2=products%20grid:p397665:product,P397665
https://www.sephora.com/product/industrial-strength-hand-healer-mini-P425329?skuId=564369&icid2=products%20grid:p425329:product,P425329
https://www.sephora.com/product/kate-somerville-kateceuticals-r-supercell-rejuvination-peptide-serum-P510352?skuId=2740496&icid2=products%20grid:p510352:product,P510352
https://www.sephora.com/product/fresh-mini-floral-recovery-redness-reducing-overnight-mask-P503915?skuId=2640464&icid2=products%20grid:p503915:product,P503915
https://www.sephora.com/product/cleansing-softening-shower-oil-with-almond-oil-P107319?skuId=763706&icid2=products%20grid:p107319:product,P107319
https://www.sephora.com/product/biossance-squalane-ectoin-overnight-rescue-mask-P509259?skuId=2732238&icid2=products%20grid:p509259:product,P509259
https://www.sephora.com/product/deep-relief-acne-treatment-with-salicylic-acid-P500857?skuId=2533172&icid2=products%20grid:p500857:product,P500857
https://www.sephora.com/product/blackhead-solutions-self-heating-blackhead-extractor-P432243?skuId=2083798&icid2=products%20grid:p432243:product,P432243
https://www.sephora.com/product/dieux-baptism-gentle-foaming-facial-gel-cleanser-with-glycerin-P513539?skuId=2798940&icid2=products%20grid:p513539:product,P513539
https://www.sephora.com/product/sunday-ii-sunday-tea-tree-essential-oil-P472340?skuId=2475085&icid2=products%20grid:p472340:product,P472340
https://www.sephora.com/product/plantscription-youth-renewing-power-night-cream-P408241?skuId=1826163&icid2=products%20grid:p408241:product,P408241
https://www.sephora.com/product/peace-out-retinol-eye-stick-P467038?skuId=2626836&icid2=products%20grid:p467038:product,P467038
https://www.sephora.com/product/liquid-facial-soap-P139000?skuId=899070&icid2=products%20grid:p139000:product,P139000
https://www.sephora.com/product/ole-henriksen-ole-glow-icons-skincare-set-P503876?skuId=2648434&icid2=products%20grid:p503876:product,P503876
https://www.sephora.com/product/benefiance-wrinkle-smoothing-cream-P448200?skuId=2234144&icid2=products%20grid:p448200:product,P448200
https://www.sephora.com/product/vinoperfect-brightening-routine-for-dark-spots-uneven-skin-tone-P516033?skuId=2841435&icid2=products%20grid:p516033:product,P516033
https://www.sephora.com/product/clarins-masvelt-advanced-body-firming-shaping-cream-P505118?skuId=2656460&icid2=products%20grid:p505118:product,P505118
https://www.sephora.com/product/farmacy-brighten-up-3-txa-toner-with-azelaic-acid-P504614?skuId=2660892&icid2=products%20grid:p504614:product,P504614
https://www.sephora.com/product/vinoperfect-dark-circle-brightening-eye-cream-with-niacinamide-P504627?skuId=2668630&icid2=products%20grid:p504627:product,P504627
https://www.sephora.com/product/tatcha-the-kissu-lip-treatment-P512336?skuId=2785459&icid2=products%20grid:p512336:product,P512336
https://www.sephora.com/product/broad-spectrum-spf-21-moisturizer-P122806?skuId=882506&icid2=products%20grid:p122806:product,P122806
https://www.sephora.com/product/glossier-balm-dotcom-lip-balm-skin-salve-P512013?skuId=2839397&icid2=products%20grid:p512013:product,P512013
https://www.sephora.com/product/invisiscar-resurfacing-treatment-P446423?skuId=2255289&icid2=products%20grid:p446423:product,P446423
https://www.sephora.com/product/nudestix-dewy-barrier-hydrating-skin-stick-P509872?skuId=2692499&icid2=products%20grid:p509872:product,P509872
https://www.sephora.com/product/innisfree-green-tea-enzyme-vitamin-c-brightening-serum-P510334?skuId=2740611&icid2=products%20grid:p510334:product,P510334
https://www.sephora.com/product/superberry-hydrate-glow-oil-P430146?skuId=2067916&icid2=products%20grid:p430146:product,P430146
https://www.sephora.com/product/mattifying-oil-pore-control-moisturizer-spf-50-with-salicylic-acid-P516137?skuId=2873511&icid2=products%20grid:p516137:product,P516137
https://www.sephora.com/product/tula-skincare-glow-get-it-cooling-brightening-eye-balm-P475181?skuId=2500676&icid2=products%20grid:p475181:product,P475181
https://www.sephora.com/product/creamy-gentle-exfoliating-pore-perfecting-cleanser-with-salicylic-acid-P507131?skuId=2701050&icid2=products%20grid:p507131:product,P507131
https://www.sephora.com/product/mini-watermelon-glow-niacinamide-dew-drops-P504636?skuId=2640340&icid2=products%20grid:p504636:product,P504636
https://www.sephora.com/product/beard-wash-P427514?skuId=1966795&icid2=products%20grid:p427514:product,P427514
https://www.sephora.com/product/vitamin-c-lactic-firm-bright-eye-treatment-P501157?skuId=2532851&icid2=products%20grid:p501157:product,P501157
https://www.sephora.com/product/saint-jane-beauty-bright-repair-cbd-eye-cream-P461491?skuId=2369833&icid2=products%20grid:p461491:product,P461491
https://www.sephora.com/product/naturally-serious-fruit-tox-resurfacing-facial-remedy-P473133?skuId=2480812&icid2=products%20grid:p473133:product,P473133
https://www.sephora.com/product/moisture-surge-eye-96-hour-hydro-filler-concentrate-P443383?skuId=2171940&icid2=products%20grid:p443383:product,P443383
https://www.sephora.com/product/1-vitamin-a-retinol-serum-P500288?skuId=2588762&icid2=products%20grid:p500288:product,P500288
https://www.sephora.com/product/dr-barbara-sturm-face-cream-rich-P448553?skuId=2269975&icid2=products%20grid:p448553:product,P448553