Link,Product ID
https://www.ulta.com/p/overnight-star-night-cream-pimprod2008642?sku=2550582,pimprod2008642
https://www.ulta.com/p/skin-school-supplies-glowing-skin-essentials-set-pimprod2033960?sku=2598064,pimprod2033960
https://www.ulta.com/p/barrier-bounce-advanced-skin-hydrator-pimprod2045647?sku=2627345,pimprod2045647
https://www.ulta.com/p/even-better-clinical-vitamin-makeup-broad-spectrum-spf-45-foundation-pimprod2051007?sku=2637158,pimprod2051007
https://www.ulta.com/p/renergie-hcf-triple-serum-pimprod2030158?sku=2590109,pimprod2030158
https://www.ulta.com/p/glow-starts-here-bestselling-skin-essentials-kit-pimprod2024933?sku=2580288,pimprod2024933
https://www.ulta.com/p/essential-drip-glossy-balm-pimprod2044812?sku=2622471,pimprod2044812
https://www.ulta.com/p/dewy-skin-cream-line-plumping-moisturizer-pimprod2049087?sku=2634100,pimprod2049087
https://www.ulta.com/p/anthelios-uv-pro-sport-sunscreen-spf-50-pimprod2049738?sku=2633774,pimprod2049738
https://www.ulta.com/p/hydrating-milky-toner-pimprod2043230?sku=2620406,pimprod2043230
https://www.ulta.com/p/heartleaf-77-soothing-toner-pimprod2048929?sku=2634190,pimprod2048929
https://www.ulta.com/p/rose-deep-hydration-face-cream-pimprod2025112?sku=2584147,pimprod2025112
https://www.ulta.com/p/hydrobubble-deep-foam-cleanser-pimprod2048745?sku=2631357,pimprod2048745
https://www.ulta.com/p/mini-hypochlorous-acid-spray-pimprod2046016?sku=2628364,pimprod2046016
https://www.ulta.com/p/collagen-ampoule-pad-pimprod2045857?sku=2626994,pimprod2045857
https://www.ulta.com/p/gentle-facial-cleanser-sensitive-skin-pimprod2042401?sku=2619669,pimprod2042401
https://www.ulta.com/p/rice-enzyme-brightening-cleansing-powder-pimprod2048931?sku=2634192,pimprod2048931
https://www.ulta.com/p/lip-quench-hydrating-balm-pimprod2046204?sku=2623140,pimprod2046204
https://www.ulta.com/p/charlottes-magic-serum-with-vitamin-c-pimprod2043376?sku=2619579,pimprod2043376
https://www.ulta.com/p/scalp-hair-mist-organic-sunscreen-spf-30-pimprod2012274?sku=2561108,pimprod2012274
https://www.ulta.com/p/maximum-strength-acne-foaming-cream-wash-with-10-bpo-face-body-pimprod2039906?sku=2611319,pimprod2039906
https://www.ulta.com/p/effaclar-adapalene-gel-01-topical-retinoid-acne-treatment-pimprod2007279?sku=2548795,pimprod2007279
https://www.ulta.com/p/tolerance-control-skin-recovery-cream-pimprod2026568?sku=2586855,pimprod2026568
https://www.ulta.com/p/sunglaze-sheer-setting-mist-sunscreen-spf-50-pimprod2049887?sku=2634095,pimprod2049887
https://www.ulta.com/p/ultimate-miracle-worker-nourish-rejuvenate-face-neck-cream-pimprod2046246?sku=2626355,pimprod2046246
https://www.ulta.com/p/luxe-advanced-sonic-dermaplaning-peach-fuzz-removal-pimprod2033290?sku=2603509,pimprod2033290
https://www.ulta.com/p/revitalizing-eye-cream-pimprod2024051?sku=2582488,pimprod2024051
https://www.ulta.com/p/cicalfate-restorative-protective-cream-pimprod2020798?sku=2577161,pimprod2020798
https://www.ulta.com/p/master-patch-hydrocolloid-patches-set-pimprod2013851?sku=2561117,pimprod2013851
https://www.ulta.com/p/halo-glow-liquid-filter-pimprod2036949?sku=2604924,pimprod2036949
https://www.ulta.com/p/hydro-star-pimple-patches-pimprod2048681?sku=2631425,pimprod2048681
https://www.ulta.com/p/travel-size-toleriane-double-repair-face-moisturizer-with-niacinamide-pimprod2039395?sku=2606178,pimprod2039395
https://www.ulta.com/p/pout-preserve-hydrating-peptide-lip-treatment-pimprod2042281?sku=2636745,pimprod2042281
https://www.ulta.com/p/shimmer-oil-spf-30-sunscreen-pimprod2045400?sku=2623027,pimprod2045400
https://www.ulta.com/p/a-high-dose-retinoid-serum-pimprod2007849?sku=2550152,pimprod2007849
https://www.ulta.com/p/alcohol-free-witch-hazel-facial-toner-pimprod2006476?sku=2540933,pimprod2006476
https://www.ulta.com/p/travel-size-natural-mineral-water-facial-spray-pimprod2035355?sku=2600917,pimprod2035355
https://www.ulta.com/p/anthelios-melt-in-milk-body-face-sunscreen-lotion-spf-100-pimprod2013150?sku=2559778,pimprod2013150
https://www.ulta.com/p/sd-advanced-plus-intensive-moisturizer-pimprod2043672?sku=2620437,pimprod2043672
https://www.ulta.com/p/mighty-patch-tired-eyes-patches-pimprod2045307?sku=2624660,pimprod2045307
https://www.ulta.com/p/glass-skin-veil-mist-pimprod2018593?sku=2568145,pimprod2018593
https://www.ulta.com/p/b-foxy-inner-thigh-firming-cream-pimprod2036147?sku=2605436,pimprod2036147
https://www.ulta.com/p/suntouchable-whoa-glow-broad-spectrum-spf-30-sunscreen-pimprod2036596?sku=2605491,pimprod2036596
https://www.ulta.com/p/matrixyl-10-hyaluronic-acid-fine-lines-wrinkles-pimprod2007124?sku=2551169,pimprod2007124
https://www.ulta.com/p/bright-as-day-sheer-mineral-sunscreen-spf-50-pimprod2045118?sku=2623888,pimprod2045118
https://www.ulta.com/p/glow-stick-sunscreen-spf-50-pa-pimprod2029935?sku=2589383,pimprod2029935
https://www.ulta.com/p/acne-set-with-salicylic-acid-pimprod2041220?sku=2615435,pimprod2041220
https://www.ulta.com/p/mini-glowscreen-spf-40-sunscreen-with-hyaluronic-acid-niacinamide-pimprod2049122?sku=2634421,pimprod2049122
https://www.ulta.com/p/water-cream-oil-free-pore-minimizing-moisturizer-pimprod2049088?sku=2634101,pimprod2049088
https://www.ulta.com/p/wake-up-call-under-eye-patches-pimprod2046221?sku=2616690,pimprod2046221
https://www.ulta.com/p/fat-oil-slick-click-vegan-lip-balm-pimprod2042632?sku=2617427,pimprod2042632
https://www.ulta.com/p/soy-ph-balanced-hydrating-face-wash-pimprod2025100?sku=2593081,pimprod2025100
https://www.ulta.com/p/madagascar-light-cleansing-oil-pimprod2045884?sku=2626858,pimprod2045884
https://www.ulta.com/p/banana-bright-instant-glow-moisturizer-with-vitamin-c-niacinamide-pimprod2043986?sku=2621630,pimprod2043986
https://www.ulta.com/p/works-discovery-set-pimprod2046622?sku=2627477,pimprod2046622
https://www.ulta.com/p/clinique-smart-night-clinical-md-multi-dimensional-repair-treatment-retinol-serum-pimprod2021089?sku=2572793,pimprod2021089
https://www.ulta.com/p/cryoglow-under-eye-coolingled-anti-aging-skin-clearing-face-mask-pimprod2050546?sku=2631334,pimprod2050546
https://www.ulta.com/p/tan-boosting-anti-aging-body-oil-spf20-pimprod2044325?sku=2623610,pimprod2044325
https://www.ulta.com/p/superdefense-city-block-broad-spectrum-spf-50-daily-energy-face-protector-primer-pimprod2014019?sku=2560146,pimprod2014019
https://www.ulta.com/p/sugarlips-lip-butter-pimprod2043475?sku=2621334,pimprod2043475
https://www.ulta.com/p/24-7-moisture-intense-ultra-hydrating-day-night-cream-pimprod2036708?sku=2603052,pimprod2036708
https://www.ulta.com/p/moisturizer-favorites-dewy-cream-water-cream-value-set-pimprod2049083?sku=2634115,pimprod2049083
https://www.ulta.com/p/ultra-lightweight-face-fluid-spf-50-pimprod2049857?sku=2635400,pimprod2049857
https://www.ulta.com/p/16-pure-vitamin-c-brightening-serum-pimprod2046283?sku=2625745,pimprod2046283
https://www.ulta.com/p/hyper-real-serumizer-skin-balancing-hydration-serum-pimprod2037182?sku=2603731,pimprod2037182
https://www.ulta.com/p/aloe-2-nag-2-solution-post-acne-marks-pimprod2039172?sku=2609862,pimprod2039172
https://www.ulta.com/p/effaclar-face-serum-with-salicylic-acid-pimprod2033423?sku=2597368,pimprod2033423
https://www.ulta.com/p/smart-clinical-repair-lifting-face-neck-cream-pimprod2040914?sku=2610876,pimprod2040914
https://www.ulta.com/p/squishmallows-key-chain-high-shine-lip-gloss-pimprod2046186?sku=2627107,pimprod2046186
https://www.ulta.com/p/get-dreamy-overnight-toning-body-whip-pimprod2039872?sku=2614406,pimprod2039872
https://www.ulta.com/p/brazilian-kiss-cupuacu-lip-butter-pimprod2050843?sku=2637657,pimprod2050843
https://www.ulta.com/p/advanced-night-repair-eye-gel-cream-pimprod2033258?sku=2597371,pimprod2033258
https://www.ulta.com/p/skin-treat-poreless-tinted-moisturizer-spf-20-pimprod2020888?sku=2573722,pimprod2020888
https://www.ulta.com/p/technocolor-1-hour-express-self-tanning-foam-pimprod2038536?sku=2608462,pimprod2038536
https://www.ulta.com/p/6-peptide-skin-booster-serum-pimprod2042968?sku=2621867,pimprod2042968
https://www.ulta.com/p/nose-pore-patches-pimprod2037358?sku=2605745,pimprod2037358
https://www.ulta.com/p/milk-shake-hyaluronic-acid-squalane-facial-toner-mist-pimprod2031341?sku=2593006,pimprod2031341
https://www.ulta.com/p/suntouchable-all-set-sun-spf-45-pimprod2039944?sku=2611368,pimprod2039944
https://www.ulta.com/p/retinal-02-emulsion-high-strength-retinoid-nighttime-treatment-pimprod2044942?sku=2623548,pimprod2044942
https://www.ulta.com/p/lipikar-ap-gentle-foaming-cleansing-oil-pimprod2039902?sku=2611201,pimprod2039902
https://www.ulta.com/p/rose-gold-sun-shield-body-glow-gel-spf-45-pimprod2037855?sku=2605238,pimprod2037855
https://www.ulta.com/p/protect-go-dewy-glow-sunscreen-stick-spf-50-pimprod2050104?sku=2635493,pimprod2050104
https://www.ulta.com/p/dynamic-skin-recovery-moisturizer-spf-50-pimprod2029957?sku=2588996,pimprod2029957
https://www.ulta.com/p/round-trip-ready-spf-travel-kit-pimprod2050125?sku=2635697,pimprod2050125
https://www.ulta.com/p/protect-glow-daily-sunscreen-gel-broad-spectrum-spf-30-pimprod2016249?sku=2580286,pimprod2016249
https://www.ulta.com/p/express-tanning-antioxidant-mousse-pimprod2049909?sku=2635174,pimprod2049909
https://www.ulta.com/p/pimple-patches-pimprod2043783?sku=2620832,pimprod2043783
https://www.ulta.com/p/sugar-lip-balm-hydrating-treatment-pimprod2033279?sku=2596652,pimprod2033279
https://www.ulta.com/p/hydrating-cream-foam-face-wash-balanced-dry-skin-pimprod2018254?sku=2570170,pimprod2018254
https://www.ulta.com/p/glass-skin-ginseng-collagen-mask-pimprod2048072?sku=2631359,pimprod2048072
https://www.ulta.com/p/all-about-eyes-brightening-serum-concentrate-with-retinoid-pimprod2048700?sku=2632281,pimprod2048700
https://www.ulta.com/p/advanced-night-repair-skincare-starter-set-pimprod2047172?sku=2628915,pimprod2047172
https://www.ulta.com/p/travel-size-toleriane-double-repair-face-moisturizer-uv-spf-30-pimprod2046261?sku=2626352,pimprod2046261
https://www.ulta.com/p/even-better-pore-defying-primer-pimprod2038790?sku=2608125,pimprod2038790
https://www.ulta.com/p/glycolic-acid-7-exfoliating-brightening-daily-toner-pimprod2007097?sku=2551155,pimprod2007097
https://www.ulta.com/p/super-spritz-spf50-face-mist-pimprod2038618?sku=2606383,pimprod2038618
https://www.ulta.com/p/uv-plus-anti-pollution-tinted-face-sunscreen-spf-50-pimprod2046107?sku=2626930,pimprod2046107
https://www.ulta.com/p/antioxidant-face-tanning-micromist-pimprod2036781?sku=2606209,pimprod2036781
https://www.ulta.com/p/bora-barrier-repair-cream-pimprod2043543?sku=2619870,pimprod2043543
https://www.ulta.com/p/natural-moisturizing-factors-beta-glucan-lightweight-gel-moisturizer-pimprod2039174?sku=2609860,pimprod2039174
https://www.ulta.com/p/hyaluronic-acid-serum-pimprod2023925?sku=2582307,pimprod2023925
https://www.ulta.com/p/express-self-tan-mousse-pimprod2012407?sku=2560916,pimprod2012407
https://www.ulta.com/p/hydro-grip-12-hour-hydrating-gel-skin-tint-pimprod2050304?sku=2634680,pimprod2050304
https://www.ulta.com/p/derm-correxion-firming-serum-stick-pimprod2042396?sku=2618459,pimprod2042396
https://www.ulta.com/p/mela-b3-uv-daily-moisturizer-sunscreen-spf-30-pimprod2043466?sku=2620363,pimprod2043466
https://www.ulta.com/p/play-antioxidant-body-mist-spf-50-sunscreen-with-vitamin-c-pimprod2030598?sku=2589800,pimprod2030598
https://www.ulta.com/p/daily-facial-cleanser-face-wash-sensitive-skin-pimprod2028661?sku=2586967,pimprod2028661
https://www.ulta.com/p/discover-healthy-skin-complete-regimen-kit-pimprod2014507?sku=2560933,pimprod2014507
https://www.ulta.com/p/travel-size-foaming-facial-cleanser-balanced-oily-skin-pimprod2003422?sku=2541441,pimprod2003422
https://www.ulta.com/p/travel-size-daily-moisturizing-lotion-balanced-dry-skin-pimprod2017446?sku=2559602,pimprod2017446
https://www.ulta.com/p/base-face-milk-facial-essence-lightweight-moisturizer-pimprod2047206?sku=2629363,pimprod2047206
https://www.ulta.com/p/glowscreen-spf-40-sunscreen-with-hyaluronic-acid-niacinamide-pimprod2049123?sku=2634416,pimprod2049123
https://www.ulta.com/p/play-lip-shield-spf-30-sunscreen-lip-balm-pimprod2038390?sku=2606706,pimprod2038390
https://www.ulta.com/p/balmy-tint-hydrating-lip-balm-pimprod2047210?sku=2629329,pimprod2047210
https://www.ulta.com/p/madagascar-centella-hyalu-cica-moisture-cream-pimprod2045883?sku=2626857,pimprod2045883
https://www.ulta.com/p/brightening-toner-with-lactic-acid-pimprod2039809?sku=2611684,pimprod2039809
https://www.ulta.com/p/bronzing-face-drops-pimprod2049910?sku=2635173,pimprod2049910
https://www.ulta.com/p/retinol-b3-face-serum-fine-lines-wrinkles-pimprod2013151?sku=2559628,pimprod2013151
https://www.ulta.com/p/thigh-rescue-mini-anti-friction-stick-pimprod2023402?sku=2577316,pimprod2023402
https://www.ulta.com/p/bye-bye-under-eye-bags-daytime-treatment-pimprod2038998?sku=2609657,pimprod2038998
https://www.ulta.com/p/deep-relief-acne-treatment-pimprod2033456?sku=2595539,pimprod2033456
https://www.ulta.com/p/lightweight-daily-moisturizer-pimprod2023937?sku=2582316,pimprod2023937
https://www.ulta.com/p/stabilizing-repair-cream-pimprod2039798?sku=2612125,pimprod2039798
https://www.ulta.com/p/ultra-facial-cleanser-pimprod2002893?sku=2536613,pimprod2002893
https://www.ulta.com/p/b-flat-belly-firming-cream-pimprod2012607?sku=2560649,pimprod2012607
https://www.ulta.com/p/uv-expert-defense-spf-50-primer-moisturizer-pimprod2004242?sku=2541521,pimprod2004242
https://www.ulta.com/p/revitalizing-supreme-youth-power-cream-spf-25-moisturizer-pimprod2044443?sku=2618891,pimprod2044443
https://www.ulta.com/p/play-everyday-lotion-spf-50-with-sunflower-extract-pa-pimprod2030629?sku=2589403,pimprod2030629
https://www.ulta.com/p/ice-ceramide-moisturizing-cream-pimprod2014068?sku=2559449,pimprod2014068
https://www.ulta.com/p/squeeze-me-lip-balm-pimprod2039880?sku=2611156,pimprod2039880
https://www.ulta.com/p/skin-aging-solutions-skincare-kit-pimprod2045122?sku=2624463,pimprod2045122
https://www.ulta.com/p/gf-15-serum-visible-skin-repair-wrinkles-pimprod2050414?sku=2637073,pimprod2050414
https://www.ulta.com/p/b-hydra-intensive-hydration-serum-pimprod2028066?sku=2588439,pimprod2028066
https://www.ulta.com/p/hydromaniac-hydrating-dewy-foundation-pimprod2021082?sku=2567739,pimprod2021082
https://www.ulta.com/p/vitamin-enriched-hydrating-skin-tint-spf-15-pimprod2040931?sku=2612309,pimprod2040931
https://www.ulta.com/p/vitamin-c-suspension-23-ha-spheres-2-serum-with-pure-l-ascorbic-acid-pimprod2007129?sku=2551175,pimprod2007129
https://www.ulta.com/p/bloom-cream-daily-moisturizer-pimprod2017582?sku=2569244,pimprod2017582
https://www.ulta.com/p/azelaic-acid-10-hyaluron-redness-soothing-serum-pimprod2049597?sku=2634194,pimprod2049597
https://www.ulta.com/p/24-7-moisture-fragrance-free-hydrating-day-night-cream-pimprod2043909?sku=2618423,pimprod2043909
https://www.ulta.com/p/good-genes-all-in-one-lactic-acid-treatment-serum-pimprod2007866?sku=2550169,pimprod2007866
https://www.ulta.com/p/100-plant-derived-squalane-skin-hair-hydration-pimprod2007112?sku=2551177,pimprod2007112
https://www.ulta.com/p/smoothing-solution-ingrown-hair-treatment-pimprod2045703?sku=2625855,pimprod2045703
https://www.ulta.com/p/hydrating-glow-mist-setting-spray-spf50-pimprod2046014?sku=2629771,pimprod2046014
https://www.ulta.com/p/vitamin-c-brightening-serum-dark-spots-uneven-tone-pimprod2016365?sku=2567070,pimprod2016365
https://www.ulta.com/p/genifique-ultimate-recovery-serum-gift-set-pimprod2051032?sku=2636225,pimprod2051032
https://www.ulta.com/p/ceo-glow-vitamin-c-turmeric-face-oil-pimprod2007862?sku=2550172,pimprod2007862
https://www.ulta.com/p/mini-good-genes-all-in-one-lactic-acid-treatment-pimprod2038065?sku=2597808,pimprod2038065
https://www.ulta.com/p/milky-moisture-cleanser-pimprod2043229?sku=2620413,pimprod2043229
https://www.ulta.com/p/vitamide-brightening-pad-pimprod2045868?sku=2626998,pimprod2045868
https://www.ulta.com/p/salon-quality-self-tanning-foam-pimprod2016569?sku=2569563,pimprod2016569
https://www.ulta.com/p/smushy-matte-lip-balm-pimprod2052066?sku=2640706,pimprod2052066
https://www.ulta.com/p/sunny-honey-bali-bronzing-foam-pimprod2013678?sku=2563644,pimprod2013678
https://www.ulta.com/p/original-spf-50-sunscreen-lotion-pimprod2049514?sku=2635068,pimprod2049514
https://www.ulta.com/p/discoloration-correcting-body-treatment-pimprod2048493?sku=2631488,pimprod2048493
https://www.ulta.com/p/rice-polish-foaming-enzyme-powder-pimprod2049094?sku=2634118,pimprod2049094
https://www.ulta.com/p/tl-advanced-tightening-neck-cream-plus-pimprod2039923?sku=2612169,pimprod2039923
https://www.ulta.com/p/daily-glycolic-cleanser-pimprod2026412?sku=2583210,pimprod2026412
https://www.ulta.com/p/acne-creamy-wash-with-4-benzoyl-peroxide-pimprod2041756?sku=2615398,pimprod2041756
https://www.ulta.com/p/bounce-back-balancing-toner-mist-pimprod2043298?sku=2619147,pimprod2043298
https://www.ulta.com/p/mighty-patch-original-acne-pimple-patches-pimprod2030348?sku=2591987,pimprod2030348
https://www.ulta.com/p/play-everyday-face-lotion-spf-50-pimprod2051452?sku=2637920,pimprod2051452
https://www.ulta.com/p/retinol-line-smoothing-anti-wrinkle-dark-circles-eye-cream-pimprod2033457?sku=2112112,pimprod2033457
https://www.ulta.com/p/redifine-intensive-renewing-serum-with-retinal-pimprod2050610?sku=2635778,pimprod2050610
https://www.ulta.com/p/skin-school-supplies-cleanser-refresher-course-set-dry-combination-pimprod2033958?sku=2598062,pimprod2033958
https://www.ulta.com/p/anthelios-uv-clear-sunscreen-spf-50-with-azelaic-acid-pimprod2049740?sku=2634599,pimprod2049740
https://www.ulta.com/p/ultimate-tan-body-brush-pimprod2050029?sku=2635406,pimprod2050029
https://www.ulta.com/p/holy-hydration-face-cream-spf-30-pimprod2025445?sku=2582406,pimprod2025445
https://www.ulta.com/p/sun-kissed-gradual-tanning-lotion-pimprod2049940?sku=2635442,pimprod2049940
https://www.ulta.com/p/suntouchable-invisible-sunscreen-spf-35-pimprod2039942?sku=2611369,pimprod2039942
https://www.ulta.com/p/golden-amber-sun-shield-body-glow-sunscreen-spf-30-pimprod2043792?sku=2618934,pimprod2043792
https://www.ulta.com/p/classic-spray-spf-50-sunscreen-pimprod2037342?sku=2606405,pimprod2037342
https://www.ulta.com/p/cicaplast-balm-b5-uv-soothing-therapeutic-multi-purpose-cream-spf-50-pimprod2046256?sku=2625718,pimprod2046256
https://www.ulta.com/p/sunny-honey-soft-velvet-self-tan-mitt-pimprod2014571?sku=2564660,pimprod2014571
https://www.ulta.com/p/moisturizing-lip-balm-spf-30-pimprod2049277?sku=2635067,pimprod2049277
https://www.ulta.com/p/heartleaf-quercetinol-pore-deep-cleansing-foam-pimprod2048920?sku=2634189,pimprod2048920
https://www.ulta.com/p/argireline-solution-10-reducing-fine-lines-pimprod2009237?sku=2552301,pimprod2009237
https://www.ulta.com/p/ocean-cleanser-purifying-face-wash-pimprod2017697?sku=2570071,pimprod2017697
https://www.ulta.com/p/watermide-moisture-pad-pimprod2045861?sku=2626999,pimprod2045861
https://www.ulta.com/p/organic-liplux-classic-sunscreen-lip-balm-spf-30-pimprod2032406?sku=2594870,pimprod2032406
https://www.ulta.com/p/niacinamide-brightening-toner-pimprod2023929?sku=2582308,pimprod2023929
https://www.ulta.com/p/super-c-retinol-brighten-correct-vitamin-c-serum-pimprod2017664?sku=2568087,pimprod2017664
https://www.ulta.com/p/hydrate-with-confidence-anti-aging-skincare-set-pimprod2051284?sku=2638647,pimprod2051284
https://www.ulta.com/p/award-winning-3-piece-self-tan-kit-pimprod2036777?sku=2606183,pimprod2036777
https://www.ulta.com/p/balancing-ultra-fine-face-mist-pimprod2043271?sku=2620414,pimprod2043271
https://www.ulta.com/p/classic-body-organic-sunscreen-spray-spf-50-pimprod2012268?sku=2561101,pimprod2012268
https://www.ulta.com/p/classic-body-organic-sunscreen-spray-spf-30-tropical-coconut-pimprod2030786?sku=2592674,pimprod2030786
https://www.ulta.com/p/travel-size-undaria-algae-body-oil-pimprod2028683?sku=2587282,pimprod2028683
https://www.ulta.com/p/skin-idole-3-serum-supertint-skin-tint-pimprod2051873?sku=2638736,pimprod2051873
https://www.ulta.com/p/glow-get-it-cooling-brightening-eye-balm-pimprod2006051?sku=2548458,pimprod2006051
https://www.ulta.com/p/deluxe-medium-self-tanning-kit-pimprod2044489?sku=2622907,pimprod2044489
https://www.ulta.com/p/skin-school-supplies-smooth-renew-lab-anti-aging-skincare-set-pimprod2037474?sku=2604495,pimprod2037474
https://www.ulta.com/p/travel-size-sun-shield-body-glow-gel-spf-50-pimprod2042965?sku=2619700,pimprod2042965
https://www.ulta.com/p/intensive-moisturizing-body-lotion-dry-skin-itch-relief-pimprod2046122?sku=2625701,pimprod2046122
https://www.ulta.com/p/snail-rescue-blemish-busting-toner-pimprod2018400?sku=2567114,pimprod2018400
https://www.ulta.com/p/even-better-all-over-concealer-eraser-pimprod2017443?sku=2567323,pimprod2017443
https://www.ulta.com/p/classic-lotion-spf-50-sunscreen-pimprod2037341?sku=2606406,pimprod2037341
https://www.ulta.com/p/hello-sunshine-invisible-sunscreen-face-spf-50-pimprod2044384?sku=2623536,pimprod2044384
https://www.ulta.com/p/glow-all-over-body-travel-size-set-pimprod2038433?sku=2609118,pimprod2038433
https://www.ulta.com/p/bronzing-drops-pimprod2045090?sku=2623547,pimprod2045090
https://www.ulta.com/p/mighty-patch-mini-invisible-pimprod2047047?sku=2629999,pimprod2047047
https://www.ulta.com/p/self-tan-airbrush-mist-pimprod2050085?sku=2635899,pimprod2050085
https://www.ulta.com/p/overnight-lip-mask-pimprod2050830?sku=2635639,pimprod2050830
https://www.ulta.com/p/brightening-dark-spots-bar-pimprod2048023?sku=2630330,pimprod2048023
https://www.ulta.com/p/original-spf-30-sunscreen-lotion-pimprod2049520?sku=2635199,pimprod2049520
https://www.ulta.com/p/ingrown-concentrate-pimprod2004295?sku=2545156,pimprod2004295
https://www.ulta.com/p/holy-hydration-makeup-melting-cleansing-balm-pimprod2021479?sku=2576049,pimprod2021479
https://www.ulta.com/p/2-hr-express-self-tanning-mousse-medium-pimprod2000717?sku=2522594,pimprod2000717
https://www.ulta.com/p/face-body-self-tan-drops-pimprod2012410?sku=2560923,pimprod2012410
https://www.ulta.com/p/moisture-surge-active-glow-serum-with-hyaluronic-acid-pimprod2050291?sku=2634657,pimprod2050291
https://www.ulta.com/p/halo-glow-skin-tint-mineral-spf-50-pimprod2052569?sku=2639503,pimprod2052569
https://www.ulta.com/p/azelaic-topical-acid-10-pimprod2045645?sku=2627282,pimprod2045645
https://www.ulta.com/p/radiant-tone-daily-face-lotion-spf-30-dark-spot-corrector-pimprod2049163?sku=2634616,pimprod2049163
https://www.ulta.com/p/electrolyte-water-cream-pimprod2049076?sku=2632910,pimprod2049076
https://www.ulta.com/p/natural-moisturizing-factors-hyaluronic-acid-daily-moisturizer-pimprod2007113?sku=2551163,pimprod2007113
https://www.ulta.com/p/squalane-amino-acids-hydrating-lip-balm-lips-elbows-cuticles-pimprod2045568?sku=2626327,pimprod2045568
https://www.ulta.com/p/daily-50-body-lotion-pimprod2043280?sku=2619925,pimprod2043280
https://www.ulta.com/p/renergie-lift-multi-action-ultra-eye-cream-pimprod2040491?sku=2612982,pimprod2040491
https://www.ulta.com/p/vitamin-c-serum-with-oryzanol-pimprod2043784?sku=2620833,pimprod2043784
https://www.ulta.com/p/ultra-plush-rich-cream-pimprod2043759?sku=2620276,pimprod2043759
https://www.ulta.com/p/all-about-clean-2-in-1-face-cleansing-exfoliating-jelly-cleanser-with-salicylic-acid-pimprod2022421?sku=2576542,pimprod2022421
https://www.ulta.com/p/caffeine-energizing-hydrogel-eye-patches-pimprod2023938?sku=2582317,pimprod2023938
https://www.ulta.com/p/peptide-skinjection-fill-fix-under-eye-cream-pimprod2049919?sku=2635700,pimprod2049919
https://www.ulta.com/p/rio-radiance-spf-50-body-spray-pimprod2051253?sku=2637265,pimprod2051253
https://www.ulta.com/p/classic-whip-spf-30-sunscreen-mousse-pimprod2033019?sku=2596247,pimprod2033019
https://www.ulta.com/p/travel-size-milk-shake-hyaluronic-acid-squalane-facial-toner-mist-pimprod2039548?sku=2611431,pimprod2039548
https://www.ulta.com/p/true-cream-aqua-bomb-hydrating-moisturizer-pimprod2043259?sku=2619876,pimprod2043259
https://www.ulta.com/p/b-goldi-bright-drops-with-niacinamide-pimprod2039887?sku=2610310,pimprod2039887
https://www.ulta.com/p/skinactive-micellar-cleansing-water-with-rose-water-pimprod2008051?sku=2553715,pimprod2008051
https://www.ulta.com/p/lip-cheek-cream-blush-stick-lip-color-pimprod2050561?sku=2635023,pimprod2050561
https://www.ulta.com/p/2-hr-express-self-tanning-mousse-dark-rose-pimprod2037556?sku=2608535,pimprod2037556
https://www.ulta.com/p/ceramide-lip-blur-balm-hydrating-smoothing-lip-treatment-pimprod2049858?sku=2636757,pimprod2049858
https://www.ulta.com/p/lipikar-urea-10-smoothing-body-lotion-rough-dry-skin-pimprod2046257?sku=2625719,pimprod2046257
https://www.ulta.com/p/ultra-lightweight-face-fluid-spf-30-pimprod2049856?sku=2635399,pimprod2049856
https://www.ulta.com/p/milky-oil-gentle-cleanser-pimprod2039812?sku=2611687,pimprod2039812
https://www.ulta.com/p/rise-shine-brightening-kit-pimprod2043893?sku=2620080,pimprod2043893
https://www.ulta.com/p/tinted-moisturizer-oil-free-blurred-matte-spf-30-pimprod2050418?sku=2636259,pimprod2050418
https://www.ulta.com/p/dewy-serum-hyaluronic-acid-collagen-amino-acid-serum-pimprod2049175?sku=2634105,pimprod2049175
https://www.ulta.com/p/hope-in-a-jar-smooth-glow-multi-tasking-moisturizer-pimprod2029779?sku=2589221,pimprod2029779
https://www.ulta.com/p/renergie-hpn-300-peptide-anti-aging-cream-spf-25-pimprod2040493?sku=2612986,pimprod2040493
https://www.ulta.com/p/going-places-on-go-essentials-kit-pimprod2050117?sku=2634733,pimprod2050117
https://www.ulta.com/p/multi-peptide-copper-peptides-1-wrinkles-skin-elasticity-pimprod2039725?sku=2611370,pimprod2039725
https://www.ulta.com/p/glass-skin-face-polisher-pimprod2037934?sku=2605763,pimprod2037934
https://www.ulta.com/p/indigo-overnight-repair-redness-reducing-barrier-cream-pimprod2049119?sku=2634116,pimprod2049119
https://www.ulta.com/p/soothing-barrier-support-serum-sensitive-skin-hydration-pimprod2041026?sku=2615437,pimprod2041026
https://www.ulta.com/p/skin-smoothing-cream-moisturizer-pimprod2000019?sku=2536765,pimprod2000019
https://www.ulta.com/p/mini-rice-wash-skin-softening-cleanser-pimprod2049117?sku=2634178,pimprod2049117
https://www.ulta.com/p/travel-size-toleriane-hydrating-gentle-face-cleanser-dry-skin-pimprod2039387?sku=2606177,pimprod2039387
https://www.ulta.com/p/deluxe-face-tan-pimprod2023376?sku=2579641,pimprod2023376
https://www.ulta.com/p/level-up-balancing-moisturizer-pimprod2035461?sku=2600869,pimprod2035461
https://www.ulta.com/p/multi-correxion-vitamin-c-eye-balm-stick-pimprod2037331?sku=2605756,pimprod2037331
https://www.ulta.com/p/salicylic-acid-2-anhydrous-solution-gentle-exfoliating-serum-blemishes-pimprod2029951?sku=2590731,pimprod2029951
https://www.ulta.com/p/littles-travel-skincare-kit-pimprod2045415?sku=2622997,pimprod2045415
https://www.ulta.com/p/mighty-patch-surface-acne-pimple-patches-pimprod2030349?sku=2591988,pimprod2030349
https://www.ulta.com/p/rapid-dark-spot-correcting-serum-pimprod2020726?sku=2572369,pimprod2020726
https://www.ulta.com/p/anthelios-uv-correct-spf-70-daily-face-sunscreen-with-niacinamide-pimprod2030180?sku=2591831,pimprod2030180
https://www.ulta.com/p/so-polished-exfoliating-sugar-face-scrub-pimprod2008508?sku=2549757,pimprod2008508
https://www.ulta.com/p/classic-face-sunscreen-mist-spf-50-pimprod2030632?sku=2591973,pimprod2030632
https://www.ulta.com/p/ceo-15-vitamin-c-brightening-serum-pimprod2007847?sku=2550151,pimprod2007847
https://www.ulta.com/p/addict-lip-glow-butter-pimprod2052325?sku=2639603,pimprod2052325
https://www.ulta.com/p/am-lotion-face-moisturizer-with-spf-50-balanced-oily-skin-pimprod2046121?sku=2625700,pimprod2046121
https://www.ulta.com/p/microdelivery-exfoliating-daily-facial-wash-pimprod2036437?sku=2603446,pimprod2036437
https://www.ulta.com/p/mighty-patch-micropoint-blemishes-patches-pimprod2034651?sku=2599901,pimprod2034651
https://www.ulta.com/p/copper-peptide-pro-firming-serum-pimprod2040091?sku=2612448,pimprod2040091
https://www.ulta.com/p/smart-clinical-repair-overnight-recovery-face-cream-mask-pimprod2045575?sku=2626367,pimprod2045575
https://www.ulta.com/p/c-firma-fresh-vitamin-c-day-serum-pimprod2028062?sku=2588435,pimprod2028062
https://www.ulta.com/p/madecassoside-blemish-pad-pimprod2045858?sku=2626995,pimprod2045858
https://www.ulta.com/p/2-hr-express-dark-self-tanning-kit-pimprod2044724?sku=2622908,pimprod2044724
https://www.ulta.com/p/multi-peptide-advanced-serum-pimprod2045636?sku=2627242,pimprod2045636
https://www.ulta.com/p/everyday-gradual-tanning-milk-body-moisturizer-pimprod2016571?sku=2569568,pimprod2016571
https://www.ulta.com/p/natural-moisturizing-factors-phytoceramides-rich-moisturizer-pimprod2037765?sku=2606219,pimprod2037765
https://www.ulta.com/p/ocean-eyes-age-defying-eye-serum-pimprod2033800?sku=2598942,pimprod2033800
https://www.ulta.com/p/2-hr-express-tanning-lotion-pimprod2049576?sku=2634879,pimprod2049576
https://www.ulta.com/p/genifique-ultimate-eye-cream-with-beta-glucan-cm-pimprod2051931?sku=2638731,pimprod2051931
https://www.ulta.com/p/b-thicc-booty-enhancing-mask-pimprod2034142?sku=2598315,pimprod2034142
https://www.ulta.com/p/ceramide-barrier-nourishing-daily-serum-pimprod2032101?sku=2596547,pimprod2032101
https://www.ulta.com/p/advanced-snail-92-all-in-one-cream-pimprod2038492?sku=2610464,pimprod2038492
https://www.ulta.com/p/peptide-pro-firming-moisturizer-pimprod2034057?sku=2597530,pimprod2034057
https://www.ulta.com/p/genifique-ultimate-recovery-serum-with-beta-glucan-pimprod2049388?sku=2632959,pimprod2049388
https://www.ulta.com/p/mighty-patch-day-night-pimprod2050119?sku=2633261,pimprod2050119
https://www.ulta.com/p/water-drench-hyaluronic-cloud-rich-barrier-moisturizer-pimprod2036804?sku=2603438,pimprod2036804
https://www.ulta.com/p/buttermelt-glaze-skin-tint-spf-30-pimprod2049129?sku=2634233,pimprod2049129
https://www.ulta.com/p/multi-peptide-hyaluronic-acid-serum-firmness-elasticity-pimprod2035079?sku=2600597,pimprod2035079
https://www.ulta.com/p/daily-glow-hydrating-gradual-tanning-lotion-pimprod2037337?sku=2606139,pimprod2037337
https://www.ulta.com/p/peptide-plump-collagen-cushion-cream-pimprod2049555?sku=2634607,pimprod2049555
https://www.ulta.com/p/moisturizing-gel-cream-pimprod2034790?sku=2601332,pimprod2034790
https://www.ulta.com/p/cloud-surf-water-cream-moisturizer-pimprod2040785?sku=2611778,pimprod2040785
https://www.ulta.com/p/2-hr-express-self-tanning-mousse-ultra-dark-pimprod2037733?sku=2605874,pimprod2037733
https://www.ulta.com/p/travel-size-lipikar-apm-triple-repair-body-moisturizer-dry-skin-pimprod2039390?sku=2606155,pimprod2039390
https://www.ulta.com/p/cherry-macaron-self-tan-body-mist-set-pimprod2050032?sku=2635407,pimprod2050032
https://www.ulta.com/p/daily-set-with-hyaluronic-acid-serum-pimprod2051525?sku=2637072,pimprod2051525
https://www.ulta.com/p/uv-filters-spf-45-serum-pimprod2051384?sku=2637168,pimprod2051384
https://www.ulta.com/p/fresh-start-gel-cleanser-pimprod2035467?sku=2600875,pimprod2035467
https://www.ulta.com/p/fragrance-free-holy-hydration-face-cream-pimprod2013329?sku=2563564,pimprod2013329
https://www.ulta.com/p/saccharomyces-ferment-30-milky-toner-gentle-exfoliation-hydration-pimprod2045245?sku=2623549,pimprod2045245
https://www.ulta.com/p/moisture-surge-intense-72h-lipid-replenishing-hydrator-moisturizer-pimprod2018283?sku=2568219,pimprod2018283
https://www.ulta.com/p/big-barrier-super-set-pimprod2047592?sku=2630501,pimprod2047592
https://www.ulta.com/p/hydrating-serum-with-tri-ceramide-complex-pimprod2034787?sku=2601279,pimprod2034787
https://www.ulta.com/p/platinum-ultimate-self-tanning-mousse-pimprod2030672?sku=2592683,pimprod2030672
https://www.ulta.com/p/polite-pout-glossy-lip-balm-pimprod2044286?sku=2631719,pimprod2044286
https://www.ulta.com/p/12-pure-vitamin-c-anti-aging-face-serum-pimprod2012322?sku=2556946,pimprod2012322
https://www.ulta.com/p/transparen-c-pro-spot-treatment-pimprod2022628?sku=2568436,pimprod2022628
https://www.ulta.com/p/glycolic-exfoliating-toner-pimprod2025212?sku=2582410,pimprod2025212
https://www.ulta.com/p/heartleaf-pore-control-cleansing-oil-pimprod2048919?sku=2634188,pimprod2048919
https://www.ulta.com/p/glucoside-gentle-foaming-cleanser-oily-skin-pimprod2037787?sku=2606220,pimprod2037787
https://www.ulta.com/p/long-wear-tinted-moisturizer-natural-dewy-spf-30-with-hyaluronic-acid-pimprod2049491?sku=2633114,pimprod2049491
https://www.ulta.com/p/glow-reviver-melting-lip-balm-pimprod2051370?sku=2637280,pimprod2051370
https://www.ulta.com/p/sensitive-mineral-sunscreen-lotion-spf-50-pimprod2043682?sku=2621976,pimprod2043682
https://www.ulta.com/p/lip-idole-squalane-12-butterglow-hydrating-lip-balm-pimprod2045622?sku=2626206,pimprod2045622
https://www.ulta.com/p/effaclar-purifying-foaming-gel-cleanser-oily-skin-pimprod2043459?sku=2620365,pimprod2043459
https://www.ulta.com/p/even-better-clinical-serum-foundation-broad-spectrum-spf-25-pimprod2021174?sku=2574346,pimprod2021174
https://www.ulta.com/p/acne-foaming-wash-with-10-benzoyl-peroxide-pimprod2041851?sku=2615399,pimprod2041851
https://www.ulta.com/p/golden-sunglaze-sheer-body-mist-sunscreen-spf-50-pimprod2049885?sku=2634096,pimprod2049885
https://www.ulta.com/p/travel-size-toleriane-purifying-foaming-face-wash-oily-skin-pimprod2046260?sku=2626351,pimprod2046260
https://www.ulta.com/p/travel-size-heartleaf-pore-control-cleansing-oil-pimprod2049598?sku=2635547,pimprod2049598
https://www.ulta.com/p/complexion-rescue-tinted-moisturizer-with-hyaluronic-acid-mineral-spf-30-pimprod2049741?sku=2633110,pimprod2049741
https://www.ulta.com/p/brightening-eye-cream-pimprod2051028?sku=2638883,pimprod2051028
https://www.ulta.com/p/vitamin-c-super-serum-plus-pimprod2045644?sku=2627281,pimprod2045644
https://www.ulta.com/p/lip-butter-pimprod2043606?sku=2620529,pimprod2043606
https://www.ulta.com/p/kissu-hydrating-plumping-lip-mask-pimprod2049090?sku=2634110,pimprod2049090
https://www.ulta.com/p/mineral-sheerscreen-spf-30-pimprod2029938?sku=2589387,pimprod2029938
https://www.ulta.com/p/silk-sunscreen-spf-50-weightless-mineral-sunscreen-pimprod2049091?sku=2634113,pimprod2049091
https://www.ulta.com/p/bye-bye-bumps-body-gift-set-pimprod2037705?sku=2607041,pimprod2037705
https://www.ulta.com/p/glow-into-spring-pimprod2051719?sku=2636257,pimprod2051719
https://www.ulta.com/p/multi-antioxidant-radiance-serum-with-vitamin-c-ginseng-pimprod2051185?sku=2637075,pimprod2051185
https://www.ulta.com/p/addict-lip-glow-lip-balm-pimprod2049970?sku=2633558,pimprod2049970
https://www.ulta.com/p/tinted-moisturizer-light-revealer-natural-skin-illuminator-broad-spectrum-spf-25-pimprod2030309?sku=2589693,pimprod2030309
https://www.ulta.com/p/solar-mate-daily-mineral-spf-40-pimprod2040784?sku=2611777,pimprod2040784
https://www.ulta.com/p/phyto-glow-lip-balm-pimprod2045697?sku=2627341,pimprod2045697
https://www.ulta.com/p/travel-size-lightweight-daily-moisturizer-pimprod2048455?sku=2630809,pimprod2048455
https://www.ulta.com/p/silk-serum-wrinkle-smoothing-peptide-retinol-alternative-pimprod2049173?sku=2634106,pimprod2049173
https://www.ulta.com/p/make-it-hybrid-broad-spectrum-spf-50-pimprod2036754?sku=2606302,pimprod2036754
https://www.ulta.com/p/banana-bright-vitamin-c-eye-creme-dark-circles-pimprod2042286?sku=2617233,pimprod2042286
https://www.ulta.com/p/phyto-nature-oxygen-cream-pimprod2037847?sku=2606355,pimprod2037847
https://www.ulta.com/p/beste-no-9-jelly-cleanser-pimprod2028067?sku=2588440,pimprod2028067
https://www.ulta.com/p/liptide-lip-mask-with-peptides-pimprod2044242?sku=2621902,pimprod2044242
https://www.ulta.com/p/multivitamin-power-recovery-cream-pimprod2049101?sku=2633649,pimprod2049101
https://www.ulta.com/p/vitamin-enriched-face-base-moisturizer-primer-with-vitamin-c-hyaluronic-acid-pimprod2025028?sku=2583728,pimprod2025028
https://www.ulta.com/p/rice-70-glow-milky-toner-pimprod2048932?sku=2634193,pimprod2048932
https://www.ulta.com/p/mela-b3-dark-spot-face-cleanser-with-melasyl-niacinamide-pimprod2046258?sku=2625720,pimprod2046258
https://www.ulta.com/p/super-peptide-serum-pimprod2027915?sku=2589109,pimprod2027915
https://www.ulta.com/p/moisturizing-rich-cream-pimprod2034791?sku=2601333,pimprod2034791
https://www.ulta.com/p/circular-hydration-serum-pimprod2031340?sku=2591108,pimprod2031340
https://www.ulta.com/p/hyalu-b5-pure-hyaluronic-acid-face-serum-pimprod2012178?sku=2556945,pimprod2012178
https://www.ulta.com/p/strobe-dewy-skin-tint-pimprod2045158?sku=2624862,pimprod2045158
https://www.ulta.com/p/honey-halo-ultra-hydrating-ceramide-moisturizer-pimprod2049448?sku=2635153,pimprod2049448
https://www.ulta.com/p/double-serum-complete-age-defying-concentrate-pimprod2046943?sku=2626928,pimprod2046943
https://www.ulta.com/p/travel-size-ultra-repair-cream-intense-hydration-pimprod2013850?sku=2559167,pimprod2013850
https://www.ulta.com/p/squeeze-me-more-lip-balm-duo-pimprod2046674?sku=2623032,pimprod2046674
https://www.ulta.com/p/hueguard-skin-tint-spf-50-mineral-sunscreen-broad-spectrum-pimprod2043870?sku=2621475,pimprod2043870
https://www.ulta.com/p/multi-peptide-eye-serum-wrinkles-crows-feet-pimprod2036916?sku=2606218,pimprod2036916
https://www.ulta.com/p/hydro-star-pimple-patches-compact-pimprod2048680?sku=2631424,pimprod2048680
https://www.ulta.com/p/rio-radiance-spf-50-body-oil-pimprod2051254?sku=2637267,pimprod2051254
https://www.ulta.com/p/super-sized-clean-it-zero-original-cleansing-balm-pimprod2020397?sku=2570977,pimprod2020397
https://www.ulta.com/p/confidence-in-eye-cream-anti-aging-peptide-eye-cream-pimprod2033049?sku=2594099,pimprod2033049
https://www.ulta.com/p/unreal-skin-sheer-glow-tint-hydrating-foundation-stick-pimprod2046259?sku=2625903,pimprod2046259
https://www.ulta.com/p/mighty-patch-duo-original-invisible-patches-pimprod2020519?sku=2572018,pimprod2020519
https://www.ulta.com/p/revitalizing-supreme-youth-power-cream-moisturizer-pimprod2030772?sku=2591237,pimprod2030772
https://www.ulta.com/p/sheer-mineral-sunscreen-spf-30-pimprod2037436?sku=2606130,pimprod2037436
https://www.ulta.com/p/moisture-surge-100h-auto-replenishing-hydrator-gel-moisturizer-with-hyaluronic-acid-pimprod2023293?sku=2576602,pimprod2023293
https://www.ulta.com/p/phyto-enzyme-peeling-pad-pimprod2045859?sku=2626996,pimprod2045859
https://www.ulta.com/p/hydrating-recovery-oil-pimprod2039810?sku=2611685,pimprod2039810
https://www.ulta.com/p/b-flex-lift-firm-arm-cream-pimprod2034141?sku=2598314,pimprod2034141
https://www.ulta.com/p/brightening-serum-pimprod2051027?sku=2638881,pimprod2051027
https://www.ulta.com/p/revitalizing-supreme-night-power-bounce-creme-pimprod2047238?sku=2628914,pimprod2047238
https://www.ulta.com/p/cleanser-favorites-rice-wash-matcha-cleanser-value-set-pimprod2049082?sku=2634114,pimprod2049082
https://www.ulta.com/p/beauty-balm-serum-boosted-skin-tint-pimprod2044626?sku=2621820,pimprod2044626
https://www.ulta.com/p/magic-water-cream-gel-moisturizer-with-niacinamide-pimprod2043839?sku=2620075,pimprod2043839
https://www.ulta.com/p/play-everyday-sunscreen-stick-spf-50-pimprod2051453?sku=2637921,pimprod2051453
https://www.ulta.com/p/madagascar-centella-ampoule-pimprod2045880?sku=2626854,pimprod2045880
https://www.ulta.com/p/advanced-night-repair-multi-recovery-complex-serum-pimprod2016818?sku=2568523,pimprod2016818
https://www.ulta.com/p/hydro-boost-facial-cleansing-wipes-pimprod2009492?sku=2554009,pimprod2009492
https://www.ulta.com/p/double-serum-eye-firming-hydrating-concentrate-pimprod2031314?sku=2592792,pimprod2031314
https://www.ulta.com/p/drink-up-duo-dewy-skin-set-pimprod2046690?sku=2626624,pimprod2046690
https://www.ulta.com/p/tinted-moisturizer-spf-24-pimprod2046202?sku=2623150,pimprod2046202
https://www.ulta.com/p/squalane-cleanser-hydrating-makeup-remover-pimprod2007098?sku=2551159,pimprod2007098
https://www.ulta.com/p/hyaluronic-acid-serum-pimprod2023925?sku=2596107,pimprod2023925
https://www.ulta.com/p/tell-all-lip-balm-pimprod2046769?sku=2627110,pimprod2046769
https://www.ulta.com/p/deep-cleansing-oil-facial-cleanser-pimprod2004241?sku=2544323,pimprod2004241
https://www.ulta.com/p/beautyscreen-peptide-foundation-tint-spf50-pimprod2046161?sku=2629939,pimprod2046161
https://www.ulta.com/p/milk-rx-advanced-better-aging-cream-pimprod2046048?sku=2626864,pimprod2046048
https://www.ulta.com/p/instant-cleansing-balm-pimprod2023935?sku=2582315,pimprod2023935
https://www.ulta.com/p/hyaluronic-body-serum-pimprod2045121?sku=2624311,pimprod2045121
https://www.ulta.com/p/dew-glow-tinted-moisturizer-spf-50-pimprod2048382?sku=2632559,pimprod2048382
https://www.ulta.com/p/halo-healthy-glow-tinted-moisturizer-broad-spectrum-spf-25-pimprod2016307?sku=2568499,pimprod2016307
https://www.ulta.com/p/slam-dunk-hydrating-moisturizer-pimprod2035460?sku=2600868,pimprod2035460
https://www.ulta.com/p/mini-instant-firmx-eye-temporary-eye-tightener-pimprod2051936?sku=2599132,pimprod2051936
https://www.ulta.com/p/watermelon-sugar-2-step-ingrown-hair-razor-bump-kit-pimprod2051137?sku=2636732,pimprod2051137
https://www.ulta.com/p/smart-clinical-repair-spf-30-wrinkle-correcting-cream-pimprod2042886?sku=2616984,pimprod2042886
https://www.ulta.com/p/skinactive-micellar-cleansing-water-with-vitamin-c-pimprod2017641?sku=2570035,pimprod2017641
https://www.ulta.com/p/suntouchable-invisi-stick-spf-50-pimprod2049710?sku=2631988,pimprod2049710
https://www.ulta.com/p/thermal-spring-water-pimprod2020797?sku=2577345,pimprod2020797
https://www.ulta.com/p/tea-elixir-niacinamide-hyaluronic-acid-anti-aging-serum-pimprod2034178?sku=2598820,pimprod2034178
https://www.ulta.com/p/tone-blur-essence-sunscreen-spf-50-pa-pimprod2045564?sku=2625740,pimprod2045564
https://www.ulta.com/p/sun-shield-body-glow-gel-spf-50-pimprod2030935?sku=2592141,pimprod2030935
https://www.ulta.com/p/travel-size-glycolic-acid-7-exfoliating-brightening-daily-toner-pimprod2041025?sku=2616431,pimprod2041025
https://www.ulta.com/p/luxe-double-sided-applicator-self-tan-mitt-pimprod2011758?sku=2559663,pimprod2011758
https://www.ulta.com/p/azelaic-acid-suspension-10-cream-redness-blemish-prone-skin-pimprod2007104?sku=2551154,pimprod2007104
https://www.ulta.com/p/super-fade-discoloration-serum-pimprod2049581?sku=2634854,pimprod2049581
https://www.ulta.com/p/travel-size-heartleaf-quercetinol-pore-deep-cleansing-foam-pimprod2049599?sku=2635548,pimprod2049599
https://www.ulta.com/p/dynamic-skin-retinol-serum-pimprod2036369?sku=2603403,pimprod2036369
https://www.ulta.com/p/deluxe-gradual-tan-pimprod2008310?sku=2552001,pimprod2008310
https://www.ulta.com/p/mighty-patch-nose-pore-pimple-patches-pimprod2033546?sku=2598128,pimprod2033546
https://www.ulta.com/p/maracuja-vegan-juicy-lip-balm-pimprod2021636?sku=2566166,pimprod2021636
https://www.ulta.com/p/resurfacing-retinol-facial-serum-acne-prone-skin-pimprod2012179?sku=2556947,pimprod2012179
https://www.ulta.com/p/lip-oil-balm-pimprod2050656?sku=2636812,pimprod2050656
https://www.ulta.com/p/tlc-framboos-glycolic-resurfacing-night-serum-pimprod2028063?sku=2588445,pimprod2028063
https://www.ulta.com/p/anthelios-mineral-tinted-fluid-face-sunscreen-spf-40-pimprod2048022?sku=2625717,pimprod2048022
https://www.ulta.com/p/milky-moisture-hydrating-duo-pimprod2049765?sku=2635707,pimprod2049765
https://www.ulta.com/p/day-dream-vitamin-c-niacinamide-tone-texture-serum-pimprod2035466?sku=2600874,pimprod2035466
https://www.ulta.com/p/limited-edition-little-luxuries-value-set-pimprod2049089?sku=2634097,pimprod2049089
https://www.ulta.com/p/retinol-05-in-squalane-intermediate-retinol-serum-pimprod2007127?sku=2551172,pimprod2007127
https://www.ulta.com/p/acne-spot-dots-pimprod2016354?sku=2567110,pimprod2016354
https://www.ulta.com/p/rice-wash-skin-softening-cleanser-pimprod2049116?sku=2634177,pimprod2049116
https://www.ulta.com/p/confidence-in-your-beauty-sleep-night-cream-pimprod2012938?sku=2557701,pimprod2012938
https://www.ulta.com/p/benefiance-wrinkle-smoothing-eye-cream-pimprod2039921?sku=2612330,pimprod2039921
https://www.ulta.com/p/hypochlorous-acid-spray-pimprod2046015?sku=2628365,pimprod2046015
https://www.ulta.com/p/mini-dewy-skin-cream-line-plumping-moisturizer-pimprod2049113?sku=2634099,pimprod2049113
https://www.ulta.com/p/skin-renewing-vitamin-c-serum-skin-brightening-antioxidant-face-serum-pimprod2006754?sku=2548800,pimprod2006754
https://www.ulta.com/p/serve-chilled-on-ice-cooling-firming-under-eye-gel-patches-pimprod2038374?sku=2610032,pimprod2038374
https://www.ulta.com/p/mighty-patch-face-pore-pimple-patches-pimprod2041127?sku=2615336,pimprod2041127
https://www.ulta.com/p/b-poised-neck-decollete-firming-cream-pimprod2036148?sku=2605437,pimprod2036148
https://www.ulta.com/p/hyaluronic-sea-serum-pimprod2017700?sku=2570020,pimprod2017700
https://www.ulta.com/p/even-better-all-over-primer-color-corrector-pimprod2033399?sku=2598022,pimprod2033399
https://www.ulta.com/p/lipikar-body-lotion-daily-repair-moisturizing-lotion-dry-skin-pimprod2037861?sku=2609329,pimprod2037861
https://www.ulta.com/p/organic-classic-face-sunscreen-spf-50-pimprod2003902?sku=2541377,pimprod2003902
https://www.ulta.com/p/double-serum-light-texture-pimprod2049891?sku=2634897,pimprod2049891
https://www.ulta.com/p/effaclar-acne-face-wash-with-4-benzoyl-peroxide-pimprod2049737?sku=2633773,pimprod2049737
https://www.ulta.com/p/100-mineral-primer-sunscreen-spf50-lotion-with-collagen-pimprod2046013?sku=2629770,pimprod2046013
https://www.ulta.com/p/age-reverse-rebuild-5-firming-moisturizing-face-cream-pimprod2022908?sku=2577622,pimprod2022908
https://www.ulta.com/p/de-puff-brightening-eye-gel-pimprod2039808?sku=2611683,pimprod2039808
https://www.ulta.com/p/phyto-mucin-glow-serum-pimprod2049853?sku=2635219,pimprod2049853
https://www.ulta.com/p/dew-glow-moisturizer-spf-50-pimprod2045649?sku=2627346,pimprod2045649
https://www.ulta.com/p/sanrio-gloss-jelly-lip-glaze-pimprod2050745?sku=2637545,pimprod2050745
https://www.ulta.com/p/silk-cream-line-smoothing-firming-moisturizer-pimprod2049177?sku=2634123,pimprod2049177
https://www.ulta.com/p/renergie-crx-triple-serum-retinol-pimprod2051917?sku=2638729,pimprod2051917
https://www.ulta.com/p/24-7-weightless-moisture-day-night-gel-cream-pimprod2045112?sku=2624255,pimprod2045112
https://www.ulta.com/p/3-piece-hydrating-trio-set-pimprod2034807?sku=2601414,pimprod2034807
https://www.ulta.com/p/travel-size-magic-cream-moisturizer-with-hyaluronic-acid-pimprod2043572?sku=2619312,pimprod2043572
https://www.ulta.com/p/advanced-snail-hydrogel-mask-pimprod2049688?sku=2634737,pimprod2049688
https://www.ulta.com/p/phyto-nature-lifting-eye-cream-pimprod2044314?sku=2624462,pimprod2044314
https://www.ulta.com/p/discoloration-correcting-serum-pimprod2023928?sku=2582306,pimprod2023928
https://www.ulta.com/p/ginzing-refreshing-eye-cream-pimprod2027016?sku=2586079,pimprod2027016
https://www.ulta.com/p/pineapple-exfoliating-powder-pimprod2023934?sku=2582313,pimprod2023934
https://www.ulta.com/p/water-cream-oil-free-pore-minimizing-moisturizer-pimprod2049088?sku=2634103,pimprod2049088
https://www.ulta.com/p/moisture-surge-lip-hydro-plump-treatment-lip-balm-pimprod2008736?sku=2549347,pimprod2008736
https://www.ulta.com/p/unseen-sunscreen-spf-50-invisible-sun-protection-face-pimprod2049447?sku=2632648,pimprod2049447
https://www.ulta.com/p/brightening-treatment-drops-triple-vitamin-c-serum-pimprod2019793?sku=2571148,pimprod2019793
https://www.ulta.com/p/rose-glow-get-it-cooling-brightening-eye-balm-pimprod2010478?sku=2555741,pimprod2010478
https://www.ulta.com/p/lala-retro-whipped-cream-moisturizer-with-ceramides-pimprod2028065?sku=2588438,pimprod2028065
https://www.ulta.com/p/cc-nude-glow-lightweight-foundation-glow-serum-with-spf-40-pimprod2031824?sku=2594106,pimprod2031824
https://www.ulta.com/p/alpha-arbutin-2-hyaluronic-acid-hyperpigmentation-pimprod2007108?sku=2551165,pimprod2007108
https://www.ulta.com/p/confidence-in-a-cream-anti-aging-hydrating-moisturizer-pimprod2033684?sku=2598796,pimprod2033684
https://www.ulta.com/p/complexion-rescue-natural-matte-tinted-moisturizer-mineral-spf-30-pimprod2049733?sku=2632935,pimprod2049733
https://www.ulta.com/p/anthelios-uv-hydra-sunscreen-spf-50-with-hyaluronic-acid-pimprod2043464?sku=2620128,pimprod2043464
https://www.ulta.com/p/daily-essentials-pimprod2035356?sku=2601692,pimprod2035356
https://www.ulta.com/p/hydrating-foaming-oil-cleanser-water-based-face-wash-dry-skin-pimprod2039907?sku=2611324,pimprod2039907
https://www.ulta.com/p/acne-solutions-liquid-makeup-foundation-pimprod2043524?sku=2619813,pimprod2043524
https://www.ulta.com/p/hueguard-3-in-1-mineral-sunscreen-moisturizer-primer-spf-30-pimprod2028585?sku=2588656,pimprod2028585
https://www.ulta.com/p/pillow-balm-hydrating-lip-treatment-pimprod2049266?sku=2632552,pimprod2049266
https://www.ulta.com/p/power-calm-hydrating-gel-cleanser-pimprod2004468?sku=2541744,pimprod2004468
https://www.ulta.com/p/acne-control-cleanser-face-with-2-salicylic-acid-purifying-clay-oily-skin-pimprod2028609?sku=2586060,pimprod2028609
https://www.ulta.com/p/effaclar-clarifying-solution-acne-toner-pimprod2018261?sku=2570210,pimprod2018261
https://www.ulta.com/p/radiant-tone-dual-serum-dark-spot-corrector-pimprod2049162?sku=2634615,pimprod2049162
https://www.ulta.com/p/2-hr-express-face-tanning-serum-pimprod2049575?sku=2634876,pimprod2049575
https://www.ulta.com/p/mineral-89-hyaluronic-acid-face-serum-stronger-skin-pimprod2004930?sku=2546395,pimprod2004930
https://www.ulta.com/p/hydro-star-salicylic-acid-pimprod2048666?sku=2631422,pimprod2048666
https://www.ulta.com/p/blemish-scar-discoloration-duo-pimprod2035357?sku=2601691,pimprod2035357
https://www.ulta.com/p/balancing-clarifying-serum-oily-skin-pore-refinement-pimprod2045572?sku=2626328,pimprod2045572
https://www.ulta.com/p/clinique-smart-clinical-repair-wrinkle-correcting-face-cream-pimprod2033123?sku=2598026,pimprod2033123
https://www.ulta.com/p/thermal-spring-water-pimprod2018264?sku=2615026,pimprod2018264
https://www.ulta.com/p/salicylic-acid-2-solution-exfoliating-serum-acne-pimprod2034186?sku=2600087,pimprod2034186
https://www.ulta.com/p/moisturizing-sunscreen-lotion-spf-30-pimprod2021860?sku=2635216,pimprod2021860
https://www.ulta.com/p/barrier-repair-treatment-pimprod2043273?sku=2620415,pimprod2043273
https://www.ulta.com/p/fur-oil-pimprod2004294?sku=2545157,pimprod2004294
https://www.ulta.com/p/creamy-jelly-cleanser-pimprod2034789?sku=2601331,pimprod2034789
https://www.ulta.com/p/hydro-boost-gel-cream-fragrance-free-moisturizer-pimprod2041883?sku=2615397,pimprod2041883
https://www.ulta.com/p/hydro-star-salicylic-acid-patches-big-blue-compact-pimprod2048679?sku=2631423,pimprod2048679
https://www.ulta.com/p/moisture-surge-broad-spectrum-spf-28-sheer-hydrator-moisturizer-pimprod2038272?sku=2604860,pimprod2038272
https://www.ulta.com/p/peptight-face-lift-serum-pimprod2048834?sku=2631442,pimprod2048834
https://www.ulta.com/p/snail-rescue-all-in-one-oil-free-moisturizer-pimprod2018393?sku=2567117,pimprod2018393
https://www.ulta.com/p/superactive-mattifying-oil-pore-control-moisturizer-spf-50-pimprod2050402?sku=2635510,pimprod2050402
https://www.ulta.com/p/glow-play-tendertalk-lip-balm-pimprod2046170?sku=2626246,pimprod2046170
https://www.ulta.com/p/cabanaclear-water-gel-serum-sunscreen-spf50-pimprod2047420?sku=2631841,pimprod2047420
https://www.ulta.com/p/ingrown-eliminator-serum-pimprod2031673?sku=2593251,pimprod2031673
https://www.ulta.com/p/cult-classic-fragrance-free-purifying-face-cleanser-pimprod2043908?sku=2618422,pimprod2043908
https://www.ulta.com/p/rice-dough-smoothing-facial-scrub-pimprod2048075?sku=2631278,pimprod2048075
https://www.ulta.com/p/niacinamide-10-zinc-1-serum-oily-skin-pimprod2007111?sku=2551167,pimprod2007111
https://www.ulta.com/p/strength-trainer-peptide-boost-moisturizer-pimprod2042287?sku=2617224,pimprod2042287
https://www.ulta.com/p/dream-night-cream-with-bio-retinol-pimprod2042713?sku=2617636,pimprod2042713
https://www.ulta.com/p/creamy-eye-treatment-with-avocado-pimprod2002975?sku=2536674,pimprod2002975
https://www.ulta.com/p/ginzing-refreshing-eye-cream-pimprod2027016?sku=2586078,pimprod2027016
https://www.ulta.com/p/brightening-serum-dark-spots-texture-pimprod2034788?sku=2601280,pimprod2034788
https://www.ulta.com/p/hydro-boost-hyaluronic-acid-water-cream-fragrance-free-pimprod2041040?sku=2615560,pimprod2041040
https://www.ulta.com/p/streak-free-self-tanning-mousse-pimprod2004947?sku=2558655,pimprod2004947
https://www.ulta.com/p/cold-plasma-plus-power-quad-pimprod2032155?sku=2595061,pimprod2032155
https://www.ulta.com/p/hydrating-facial-cleansing-gel-pimprod2023931?sku=2582311,pimprod2023931
https://www.ulta.com/p/gentle-retinol-cream-pimprod2027916?sku=2589110,pimprod2027916
https://www.ulta.com/p/intensive-moisture-balance-moisturizer-pimprod2003120?sku=2535727,pimprod2003120
https://www.ulta.com/p/better-screen-uv-serum-sunscreen-spf-50-pimprod2042679?sku=2617292,pimprod2042679
https://www.ulta.com/p/holy-hydration-thirst-burst-drops-dewy-brightening-pimprod2049550?sku=2631986,pimprod2049550
https://www.ulta.com/p/hyaluronic-acid-intensive-cream-pimprod2004959?sku=2542834,pimprod2004959
https://www.ulta.com/p/moisture-surge-sheertint-hydrator-broad-spectrum-spf-25-tinted-moisturizer-pimprod2013655?sku=2562149,pimprod2013655
https://www.ulta.com/p/virgin-marula-luxury-facial-oil-pimprod2028069?sku=2588444,pimprod2028069
https://www.ulta.com/p/play-everyday-lotion-spf-50-with-sunflower-extract-pa-pimprod2029934?sku=2589381,pimprod2029934
https://www.ulta.com/p/daily-brightening-serum-pimprod2023924?sku=2582305,pimprod2023924
https://www.ulta.com/p/even-better-clinical-dark-spot-clearing-serum-with-vitamin-c-pimprod2049081?sku=2634958,pimprod2049081
https://www.ulta.com/p/lifter-glaze-oil-balm-pimprod2051939?sku=2639789,pimprod2051939
https://www.ulta.com/p/clear-favorites-invisible-spf-duo-pimprod2050124?sku=2635696,pimprod2050124
https://www.ulta.com/p/pro-collagen-banking-serum-pimprod2042676?sku=2617479,pimprod2042676
https://www.ulta.com/p/self-tan-travel-kit-pimprod2037882?sku=2609313,pimprod2037882
https://www.ulta.com/p/velvet-self-tanning-mitt-pimprod2051969?sku=2631011,pimprod2051969
https://www.ulta.com/p/mini-vitamin-enriched-face-base-moisturizer-primer-with-vitamin-c-hyaluronic-acid-pimprod2025025?sku=2583729,pimprod2025025
https://www.ulta.com/p/anthelios-uv-tone-sunscreen-spf-50-with-niacinamide-pimprod2049739?sku=2634598,pimprod2049739
https://www.ulta.com/p/gradual-tan-classic-daily-firming-lotion-pimprod2031119?sku=2592027,pimprod2031119
https://www.ulta.com/p/b-tight-lift-firm-booty-mask-pimprod2012593?sku=2560647,pimprod2012593
https://www.ulta.com/p/phantom-volumizing-glossy-balm-pimprod2032777?sku=2595487,pimprod2032777
https://www.ulta.com/p/100-organic-cold-pressed-rose-hip-seed-oil-skin-elasticity-pimprod2007100?sku=2551162,pimprod2007100
https://www.ulta.com/p/renergie-hpn-300-peptide-cream-pimprod2040492?sku=2612984,pimprod2040492
https://www.ulta.com/p/sunscreen-body-oil-broad-spectrum-spf-50-pimprod2050653?sku=2636808,pimprod2050653
https://www.ulta.com/p/lipikar-wash-ap-gentle-foaming-moisturizing-wash-pimprod2018698?sku=2570172,pimprod2018698
https://www.ulta.com/p/ultra-facial-cream-with-squalane-pimprod2002804?sku=2540233,pimprod2002804
https://www.ulta.com/p/d-bronzi-anti-pollution-bronzing-drops-with-peptides-pimprod2028056?sku=2588470,pimprod2028056
https://www.ulta.com/p/yerba-mate-wake-up-eye-gel-pimprod2023933?sku=2582312,pimprod2023933
https://www.ulta.com/p/platinum-2-hr-express-self-tanning-mousse-pimprod2043664?sku=2620164,pimprod2043664
https://www.ulta.com/p/pretty-fresh-hyaluronic-acid-tinted-moisturizer-pimprod2013394?sku=2561393,pimprod2013394
https://www.ulta.com/p/b-glossy-smoothing-body-serum-pimprod2037600?sku=2606404,pimprod2037600
https://www.ulta.com/p/vitamin-c-complex-serum-pimprod2045642?sku=2627280,pimprod2045642
https://www.ulta.com/p/pure-radiance-brightening-eye-cream-pimprod2049983?sku=2635658,pimprod2049983
https://www.ulta.com/p/niacinamide-serum-pimprod2023927?sku=2582309,pimprod2023927
https://www.ulta.com/p/super-cuties-trial-kit-pimprod2049864?sku=2636991,pimprod2049864
https://www.ulta.com/p/multi-peptide-moisturizer-pimprod2045652?sku=2627353,pimprod2045652
https://www.ulta.com/p/self-tan-supreme-violet-bronzing-mousse-pimprod2043255?sku=2620253,pimprod2043255
https://www.ulta.com/p/face-mist-spf-45-pimprod2021621?sku=2575599,pimprod2021621
https://www.ulta.com/p/total-eye-lift-firming-smoothing-eye-cream-pimprod2022940?sku=2567848,pimprod2022940
https://www.ulta.com/p/daily-facial-moisturizer-with-hyaluronic-acid-ceramides-pimprod2042403?sku=2619671,pimprod2042403
https://www.ulta.com/p/sun-voyage-spf-travel-kit-pimprod2049889?sku=2634894,pimprod2049889
https://www.ulta.com/p/jelly-bomb-lip-balm-pimprod2046330?sku=2620109,pimprod2046330
https://www.ulta.com/p/hottest-drops-duo-bronzing-drops-holy-hydration-thirst-burst-drops-pimprod2049712?sku=2631987,pimprod2049712
https://www.ulta.com/p/facial-radiance-pads-with-glycolic-lactic-acids-pimprod2040110?sku=2611953,pimprod2040110
https://www.ulta.com/p/moisture-surge-100h-auto-replenishing-hydrator-gel-moisturizer-with-hyaluronic-acid-pimprod2021615?sku=2576545,pimprod2021615
https://www.ulta.com/p/unseen-sunscreen-stick-spf-40-invisible-sun-protection-pimprod2043900?sku=2620575,pimprod2043900
https://www.ulta.com/p/pure-peach-retinoic-eye-cream-pimprod2018453?sku=2568397,pimprod2018453
https://www.ulta.com/p/ginger-melt-oil-cleanser-pimprod2030963?sku=2592879,pimprod2030963
https://www.ulta.com/p/play-everyday-lotion-spf-30-with-sunflower-extract-pa-pimprod2030630?sku=2589405,pimprod2030630
https://www.ulta.com/p/cicaplast-balm-b5-soothing-therapeutic-multi-purpose-cream-pimprod2018263?sku=2570171,pimprod2018263
https://www.ulta.com/p/hyaluronic-acid-2-b5-hydrating-serum-with-ceramides-pimprod2043525?sku=2618749,pimprod2043525
https://www.ulta.com/p/wake-up-with-me-complete-brightening-morning-routine-pimprod2039392?sku=2610062,pimprod2039392
https://www.ulta.com/p/mini-daily-milkfoliant-exfoliator-pimprod2032672?sku=2595548,pimprod2032672
https://www.ulta.com/p/sensibio-h2o-micellar-water-face-cleanser-sensitive-skin-pimprod2050011?sku=2636044,pimprod2050011
https://www.ulta.com/p/perfectionist-pro-rapid-brightening-serum-pimprod2042764?sku=2619152,pimprod2042764
https://www.ulta.com/p/hydrating-dewy-gel-cream-moisturizer-with-hyaluronic-acid-ceramides-pimprod2050470?sku=2635396,pimprod2050470
https://www.ulta.com/p/clear-sunscreen-stick-spf-50-pimprod2022854?sku=2576053,pimprod2022854
https://www.ulta.com/p/re-lure-tight-tone-body-serum-pimprod2042521?sku=2619661,pimprod2042521
https://www.ulta.com/p/24-7-moisture-hydrating-day-cream-with-spf-30-pimprod2050096?sku=2635150,pimprod2050096
https://www.ulta.com/p/skinactive-micellar-replumping-hyaluronic-acid-micellar-water-pimprod2035703?sku=2600829,pimprod2035703
https://www.ulta.com/p/cosmic-silk-hydrating-milky-toner-pimprod2052328?sku=2640130,pimprod2052328
Link,Product ID
https://www.ulta.com/p/24-7-weightless-moisture-day-night-gel-cream-pimprod2045112?sku=2624255,pimprod2045112
https://www.ulta.com/p/vitamide-brightening-pad-pimprod2045868?sku=2626998,pimprod2045868
https://www.ulta.com/p/glow-get-it-cooling-brightening-eye-balm-pimprod2006051?sku=2548458,pimprod2006051
https://www.ulta.com/p/peptight-face-lift-serum-pimprod2048834?sku=2631442,pimprod2048834
https://www.ulta.com/p/circular-hydration-serum-pimprod2031340?sku=2591108,pimprod2031340
https://www.ulta.com/p/travel-size-lightweight-daily-moisturizer-pimprod2048455?sku=2630809,pimprod2048455
https://www.ulta.com/p/deep-relief-acne-treatment-pimprod2033456?sku=2595539,pimprod2033456
https://www.ulta.com/p/mela-b3-uv-daily-moisturizer-sunscreen-spf-30-pimprod2043466?sku=2620363,pimprod2043466
https://www.ulta.com/p/24-7-moisture-fragrance-free-hydrating-day-night-cream-pimprod2043909?sku=2618423,pimprod2043909
https://www.ulta.com/p/double-serum-eye-firming-hydrating-concentrate-pimprod2031314?sku=2592792,pimprod2031314
https://www.ulta.com/p/works-discovery-set-pimprod2046622?sku=2627477,pimprod2046622
https://www.ulta.com/p/watermelon-sugar-2-step-ingrown-hair-razor-bump-kit-pimprod2051137?sku=2636732,pimprod2051137
https://www.ulta.com/p/skin-aging-solutions-skincare-kit-pimprod2045122?sku=2624463,pimprod2045122
https://www.ulta.com/p/silk-serum-wrinkle-smoothing-peptide-retinol-alternative-pimprod2049173?sku=2634106,pimprod2049173
https://www.ulta.com/p/sugar-lip-balm-hydrating-treatment-pimprod2033279?sku=2596652,pimprod2033279
https://www.ulta.com/p/travel-size-undaria-algae-body-oil-pimprod2028683?sku=2587282,pimprod2028683
https://www.ulta.com/p/madagascar-centella-ampoule-pimprod2045880?sku=2626854,pimprod2045880
https://www.ulta.com/p/halo-healthy-glow-tinted-moisturizer-broad-spectrum-spf-25-pimprod2016307?sku=2568499,pimprod2016307
https://www.ulta.com/p/b-goldi-bright-drops-with-niacinamide-pimprod2039887?sku=2610310,pimprod2039887
https://www.ulta.com/p/daily-set-with-hyaluronic-acid-serum-pimprod2051525?sku=2637072,pimprod2051525
https://www.ulta.com/p/suntouchable-all-set-sun-spf-45-pimprod2039944?sku=2611368,pimprod2039944
https://www.ulta.com/p/ultra-facial-cleanser-pimprod2002893?sku=2536613,pimprod2002893
https://www.ulta.com/p/hyper-real-serumizer-skin-balancing-hydration-serum-pimprod2037182?sku=2603731,pimprod2037182
https://www.ulta.com/p/self-tan-express-mini-kit-pimprod2043257?sku=2620254,pimprod2043257
https://www.ulta.com/p/intensive-moisturizing-body-lotion-dry-skin-itch-relief-pimprod2046122?sku=2625701,pimprod2046122
https://www.ulta.com/p/drink-up-duo-dewy-skin-set-pimprod2046690?sku=2626624,pimprod2046690
https://www.ulta.com/p/revitalizing-eye-cream-pimprod2024051?sku=2582488,pimprod2024051
https://www.ulta.com/p/travel-size-foaming-facial-cleanser-balanced-oily-skin-pimprod2003422?sku=2541441,pimprod2003422
https://www.ulta.com/p/deluxe-medium-self-tanning-kit-pimprod2044489?sku=2622907,pimprod2044489
https://www.ulta.com/p/a-high-dose-retinoid-serum-pimprod2007849?sku=2550152,pimprod2007849
https://www.ulta.com/p/level-up-balancing-moisturizer-pimprod2035461?sku=2600869,pimprod2035461
https://www.ulta.com/p/so-polished-exfoliating-sugar-face-scrub-pimprod2008508?sku=2549757,pimprod2008508
https://www.ulta.com/p/lipikar-urea-10-smoothing-body-lotion-rough-dry-skin-pimprod2046257?sku=2625719,pimprod2046257
https://www.ulta.com/p/bounce-back-balancing-toner-mist-pimprod2043298?sku=2619147,pimprod2043298
https://www.ulta.com/p/holy-hydration-face-cream-spf-30-pimprod2025445?sku=2582406,pimprod2025445
https://www.ulta.com/p/super-fade-discoloration-serum-pimprod2049581?sku=2634854,pimprod2049581
https://www.ulta.com/p/classic-face-sunscreen-mist-spf-50-pimprod2030632?sku=2591973,pimprod2030632
https://www.ulta.com/p/soy-ph-balanced-hydrating-face-wash-pimprod2025100?sku=2593081,pimprod2025100
https://www.ulta.com/p/glass-skin-face-polisher-pimprod2037934?sku=2605763,pimprod2037934
https://www.ulta.com/p/deep-blemish-microdarts-pimprod2018407?sku=2567109,pimprod2018407
https://www.ulta.com/p/mighty-patch-surface-acne-pimple-patches-pimprod2030349?sku=2591988,pimprod2030349
https://www.ulta.com/p/24-7-moisture-hydrating-day-cream-with-spf-30-pimprod2050096?sku=2635150,pimprod2050096
https://www.ulta.com/p/serve-chilled-on-ice-cooling-firming-under-eye-gel-patches-pimprod2038374?sku=2610032,pimprod2038374
https://www.ulta.com/p/true-cream-aqua-bomb-hydrating-moisturizer-pimprod2043259?sku=2619876,pimprod2043259
https://www.ulta.com/p/cosmic-silk-hydrating-milky-toner-pimprod2052328?sku=2640130,pimprod2052328
https://www.ulta.com/p/even-better-all-over-primer-color-corrector-pimprod2033399?sku=2598022,pimprod2033399
https://www.ulta.com/p/thermal-spring-water-pimprod2018264?sku=2615026,pimprod2018264
https://www.ulta.com/p/mini-daily-milkfoliant-exfoliator-pimprod2032672?sku=2595548,pimprod2032672
https://www.ulta.com/p/thigh-rescue-mini-anti-friction-stick-pimprod2023402?sku=2577316,pimprod2023402
https://www.ulta.com/p/luxe-advanced-sonic-dermaplaning-peach-fuzz-removal-pimprod2033290?sku=2603509,pimprod2033290
https://www.ulta.com/p/mineral-sheerscreen-spf-30-pimprod2029938?sku=2589387,pimprod2029938
https://www.ulta.com/p/streak-free-self-tanning-mousse-pimprod2004947?sku=2558655,pimprod2004947
https://www.ulta.com/p/100-mineral-primer-sunscreen-spf-50-lotion-with-collagen-pimprod2046013?sku=2629770,pimprod2046013
https://www.ulta.com/p/creamy-jelly-cleanser-pimprod2034789?sku=2601331,pimprod2034789
https://www.ulta.com/p/pretty-fresh-hyaluronic-acid-tinted-moisturizer-pimprod2013394?sku=2561393,pimprod2013394
https://www.ulta.com/p/barrier-bounce-advanced-skin-hydrator-pimprod2045647?sku=2627345,pimprod2045647
https://www.ulta.com/p/glow-play-tendertalk-lip-balm-pimprod2046170?sku=2626246,pimprod2046170
https://www.ulta.com/p/rice-enzyme-brightening-cleansing-powder-pimprod2048931?sku=2634192,pimprod2048931
https://www.ulta.com/p/hydro-boost-facial-cleansing-wipes-pimprod2009492?sku=2554009,pimprod2009492
https://www.ulta.com/p/b-foxy-inner-thigh-firming-cream-pimprod2036147?sku=2605436,pimprod2036147
https://www.ulta.com/p/beautyscreen-mineral-peptide-foundation-tint-spf-50-pimprod2046161?sku=2629939,pimprod2046161
https://www.ulta.com/p/electrolyte-water-cream-pimprod2049076?sku=2632910,pimprod2049076
https://www.ulta.com/p/re-lure-tight-tone-body-serum-pimprod2042521?sku=2619661,pimprod2042521
https://www.ulta.com/p/beste-no-9-jelly-cleanser-pimprod2028067?sku=2588440,pimprod2028067
https://www.ulta.com/p/glycolic-exfoliating-toner-pimprod2025212?sku=2582410,pimprod2025212
https://www.ulta.com/p/copper-peptide-pro-firming-serum-pimprod2040091?sku=2612448,pimprod2040091
https://www.ulta.com/p/pro-collagen-banking-serum-pimprod2042676?sku=2617479,pimprod2042676
https://www.ulta.com/p/super-peptide-serum-pimprod2027915?sku=2589109,pimprod2027915
https://www.ulta.com/p/magic-water-cream-gel-moisturizer-with-niacinamide-pimprod2043839?sku=2620075,pimprod2043839
https://www.ulta.com/p/acne-creamy-wash-with-4-benzoyl-peroxide-pimprod2041756?sku=2615398,pimprod2041756
https://www.ulta.com/p/brightening-toner-with-lactic-acid-pimprod2039809?sku=2611684,pimprod2039809
https://www.ulta.com/p/dream-night-cream-with-bio-retinol-pimprod2042713?sku=2617636,pimprod2042713
https://www.ulta.com/p/mineral-89-hyaluronic-acid-face-serum-stronger-skin-pimprod2004930?sku=2546395,pimprod2004930
https://www.ulta.com/p/clear-sunscreen-stick-spf-50-pimprod2022854?sku=2576053,pimprod2022854
https://www.ulta.com/p/revitalizing-supreme-youth-power-cream-spf-25-moisturizer-pimprod2044443?sku=2618891,pimprod2044443
https://www.ulta.com/p/pure-peach-retinoic-eye-cream-pimprod2018453?sku=2568397,pimprod2018453
https://www.ulta.com/p/skinactive-micellar-cleansing-water-with-rose-water-pimprod2008051?sku=2553715,pimprod2008051
https://www.ulta.com/p/fragrance-free-holy-hydration-face-cream-pimprod2013329?sku=2563564,pimprod2013329
https://www.ulta.com/p/hyaluronic-sea-serum-pimprod2017700?sku=2570020,pimprod2017700
https://www.ulta.com/p/bora-barrier-repair-cream-pimprod2043543?sku=2619870,pimprod2043543
https://www.ulta.com/p/100-plant-derived-squalane-skin-hair-hydration-pimprod2007112?sku=2551177,pimprod2007112
https://www.ulta.com/p/organic-liplux-classic-sunscreen-lip-balm-spf-30-pimprod2032406?sku=2594870,pimprod2032406
https://www.ulta.com/p/peptide-skinjection-fill-fix-under-eye-cream-pimprod2049919?sku=2635700,pimprod2049919
https://www.ulta.com/p/travel-size-natural-mineral-water-facial-spray-pimprod2035355?sku=2600917,pimprod2035355
https://www.ulta.com/p/genifique-ultimate-recovery-serum-gift-set-pimprod2051032?sku=2636225,pimprod2051032
https://www.ulta.com/p/instant-cleansing-balm-pimprod2023935?sku=2582315,pimprod2023935
https://www.ulta.com/p/daily-glycolic-cleanser-pimprod2026412?sku=2583210,pimprod2026412
https://www.ulta.com/p/ingrown-concentrate-pimprod2004295?sku=2545156,pimprod2004295
https://www.ulta.com/p/hypochlorous-acid-spray-pimprod2046015?sku=2628365,pimprod2046015
https://www.ulta.com/p/phyto-enzyme-peeling-pad-pimprod2045859?sku=2626996,pimprod2045859
https://www.ulta.com/p/tolerance-control-skin-recovery-cream-pimprod2026568?sku=2586855,pimprod2026568
https://www.ulta.com/p/hydrate-with-confidence-anti-aging-skincare-set-pimprod2051284?sku=2638647,pimprod2051284
https://www.ulta.com/p/cherry-macaron-self-tan-body-mist-set-pimprod2050032?sku=2635407,pimprod2050032
https://www.ulta.com/p/phyto-nature-oxygen-cream-pimprod2037847?sku=2606355,pimprod2037847
https://www.ulta.com/p/liptide-lip-mask-with-peptides-pimprod2044242?sku=2621902,pimprod2044242
https://www.ulta.com/p/virgin-marula-luxury-facial-oil-pimprod2028069?sku=2588444,pimprod2028069
https://www.ulta.com/p/daily-50-body-lotion-pimprod2043280?sku=2619925,pimprod2043280
https://www.ulta.com/p/overnight-lip-mask-pimprod2050830?sku=2635639,pimprod2050830
https://www.ulta.com/p/play-lip-shield-spf-30-sunscreen-lip-balm-pimprod2038390?sku=2606706,pimprod2038390
https://www.ulta.com/p/travel-size-toleriane-purifying-foaming-face-wash-oily-skin-pimprod2046260?sku=2626351,pimprod2046260
https://www.ulta.com/p/ultimate-miracle-worker-nourish-rejuvenate-face-neck-cream-pimprod2046246?sku=2626355,pimprod2046246
https://www.ulta.com/p/hope-in-a-jar-smooth-glow-multi-tasking-moisturizer-pimprod2029779?sku=2589221,pimprod2029779
https://www.ulta.com/p/discoloration-correcting-body-treatment-pimprod2048493?sku=2631488,pimprod2048493
https://www.ulta.com/p/gentle-retinol-cream-pimprod2027916?sku=2589110,pimprod2027916
https://www.ulta.com/p/face-mist-spf-45-pimprod2021621?sku=2575599,pimprod2021621
https://www.ulta.com/p/mini-hypochlorous-acid-spray-pimprod2046016?sku=2628364,pimprod2046016
https://www.ulta.com/p/dynamic-skin-retinol-serum-pimprod2036369?sku=2603403,pimprod2036369
https://www.ulta.com/p/cult-classic-fragrance-free-purifying-face-cleanser-pimprod2043908?sku=2618422,pimprod2043908
https://www.ulta.com/p/daily-facial-cleanser-face-wash-sensitive-skin-pimprod2028661?sku=2586967,pimprod2028661
https://www.ulta.com/p/multi-peptide-moisturizer-pimprod2045652?sku=2627353,pimprod2045652
https://www.ulta.com/p/vitamin-enriched-hydrating-skin-tint-spf-15-pimprod2040931?sku=2612309,pimprod2040931
https://www.ulta.com/p/barrier-repair-treatment-pimprod2043273?sku=2620415,pimprod2043273
https://www.ulta.com/p/ocean-cleanser-purifying-face-wash-pimprod2017697?sku=2570071,pimprod2017697
https://www.ulta.com/p/travel-size-sun-shield-body-glow-gel-spf-50-pimprod2042965?sku=2619700,pimprod2042965
https://www.ulta.com/p/lip-oil-balm-pimprod2050656?sku=2636812,pimprod2050656
https://www.ulta.com/p/unseen-sunscreen-stick-spf-40-invisible-sun-protection-pimprod2043900?sku=2620575,pimprod2043900
https://www.ulta.com/p/travel-size-toleriane-hydrating-gentle-face-cleanser-dry-skin-pimprod2039387?sku=2606177,pimprod2039387
https://www.ulta.com/p/hydrobubble-deep-foam-cleanser-pimprod2048745?sku=2631357,pimprod2048745
https://www.ulta.com/p/effaclar-clarifying-solution-acne-toner-pimprod2018261?sku=2570210,pimprod2018261
https://www.ulta.com/p/milky-oil-gentle-cleanser-pimprod2039812?sku=2611687,pimprod2039812
https://www.ulta.com/p/brightening-treatment-drops-triple-vitamin-c-serum-pimprod2019793?sku=2571148,pimprod2019793
https://www.ulta.com/p/mighty-patch-tired-eyes-patches-pimprod2045307?sku=2624660,pimprod2045307
https://www.ulta.com/p/natural-moisturizing-factors-beta-glucan-lightweight-gel-moisturizer-pimprod2039174?sku=2609860,pimprod2039174
https://www.ulta.com/p/travel-size-daily-moisturizing-lotion-balanced-dry-skin-pimprod2017446?sku=2559602,pimprod2017446
https://www.ulta.com/p/alcohol-free-witch-hazel-facial-toner-pimprod2006476?sku=2540933,pimprod2006476
https://www.ulta.com/p/sun-shield-body-glow-gel-spf-50-pimprod2030935?sku=2592141,pimprod2030935
https://www.ulta.com/p/lip-therapy-lip-balm-pimprod2048307?sku=2633486,pimprod2048307
https://www.ulta.com/p/rose-glow-get-it-cooling-brightening-eye-balm-pimprod2010478?sku=2555741,pimprod2010478
https://www.ulta.com/p/ingrown-eliminator-serum-pimprod2031673?sku=2593251,pimprod2031673
https://www.ulta.com/p/ultra-plush-rich-cream-pimprod2043759?sku=2620276,pimprod2043759
https://www.ulta.com/p/hyaluronic-acid-intensive-cream-pimprod2004959?sku=2542834,pimprod2004959
https://www.ulta.com/p/master-patch-hydrocolloid-patches-set-pimprod2013851?sku=2561117,pimprod2013851
https://www.ulta.com/p/deluxe-face-tan-pimprod2023376?sku=2579641,pimprod2023376
https://www.ulta.com/p/b-thicc-booty-enhancing-mask-pimprod2034142?sku=2598315,pimprod2034142
https://www.ulta.com/p/pure-radiance-brightening-eye-cream-pimprod2049983?sku=2635658,pimprod2049983
https://www.ulta.com/p/velvet-self-tanning-mitt-pimprod2051969?sku=2631011,pimprod2051969
https://www.ulta.com/p/tone-blur-essence-sunscreen-spf-50-pa-pimprod2045564?sku=2625740,pimprod2045564
https://www.ulta.com/p/skin-school-supplies-cleanser-refresher-course-set-dry-combination-pimprod2033958?sku=2598062,pimprod2033958
https://www.ulta.com/p/advanced-night-repair-skincare-starter-set-pimprod2047172?sku=2628915,pimprod2047172
https://www.ulta.com/p/ocean-eyes-age-defying-eye-serum-pimprod2033800?sku=2598942,pimprod2033800
https://www.ulta.com/p/bye-bye-bumps-body-gift-set-pimprod2037705?sku=2607041,pimprod2037705
https://www.ulta.com/p/strength-trainer-peptide-boost-moisturizer-pimprod2042287?sku=2617224,pimprod2042287
https://www.ulta.com/p/moisture-whipped-ceramide-cream-pimprod2034179?sku=2597743,pimprod2034179
https://www.ulta.com/p/skin-school-supplies-glowing-skin-essentials-set-pimprod2033960?sku=2598064,pimprod2033960
https://www.ulta.com/p/uv-expert-defense-spf-50-primer-moisturizer-pimprod2004242?sku=2541521,pimprod2004242
https://www.ulta.com/p/play-everyday-lotion-spf-30-with-sunflower-extract-pa-pimprod2030630?sku=2589405,pimprod2030630
https://www.ulta.com/p/mighty-patch-face-pore-pimple-patches-pimprod2041127?sku=2615336,pimprod2041127
https://www.ulta.com/p/bronzing-face-drops-pimprod2049910?sku=2635173,pimprod2049910
https://www.ulta.com/p/brightening-serum-dark-spots-texture-pimprod2034788?sku=2601280,pimprod2034788
https://www.ulta.com/p/hyaluronic-body-serum-pimprod2045121?sku=2624311,pimprod2045121
https://www.ulta.com/p/pro-collagen-marine-cream-spf-30-pimprod2004522?sku=2545254,pimprod2004522
https://www.ulta.com/p/classic-spray-spf-50-sunscreen-pimprod2037342?sku=2606405,pimprod2037342
https://www.ulta.com/p/play-everyday-lotion-spf-50-with-sunflower-extract-pa-pimprod2029934?sku=2589381,pimprod2029934
https://www.ulta.com/p/auto-correct-brightening-depuffing-eye-cream-pimprod2007859?sku=2550165,pimprod2007859
https://www.ulta.com/p/resurfacing-retinol-facial-serum-acne-prone-skin-pimprod2012179?sku=2556947,pimprod2012179
https://www.ulta.com/p/hydro-star-pimple-patches-compact-pimprod2048680?sku=2631424,pimprod2048680
https://www.ulta.com/p/sd-advanced-plus-intensive-moisturizer-pimprod2043672?sku=2620437,pimprod2043672
https://www.ulta.com/p/tan-boosting-anti-aging-body-oil-spf20-pimprod2044325?sku=2623610,pimprod2044325
https://www.ulta.com/p/play-everyday-face-lotion-spf-50-pimprod2051452?sku=2637920,pimprod2051452
https://www.ulta.com/p/superdefense-city-block-broad-spectrum-spf-50-daily-energy-face-protector-primer-pimprod2014019?sku=2560146,pimprod2014019
https://www.ulta.com/p/original-spf-30-sunscreen-lotion-pimprod2049520?sku=2635199,pimprod2049520
Link,Product ID
https://www.ulta.com/p/makeup-remover-cleansing-towelettes-fragrance-free-singles-pimprod2009500?sku=2554008,pimprod2009500
https://www.ulta.com/p/super-restorative-night-moisturizer-pimprod2033884?sku=2598904,pimprod2033884
https://www.ulta.com/p/cabanaclear-water-gel-serum-sunscreen-spf-50-pimprod2047420?sku=2631841,pimprod2047420
https://www.ulta.com/p/superactive-mattifying-oil-pore-control-moisturizer-spf-50-pimprod2050402?sku=2635510,pimprod2050402
https://www.ulta.com/p/hydro-boost-hyaluronic-acid-moisturizer-spf-50-pimprod2028420?sku=2587006,pimprod2028420
https://www.ulta.com/p/rose-deep-hydration-face-cream-pimprod2025112?sku=2584147,pimprod2025112
https://www.ulta.com/p/hydrating-core-lip-shine-pimprod2020786?sku=2574697,pimprod2020786
https://www.ulta.com/p/barrier-repair-eye-cream-pimprod2049855?sku=2635367,pimprod2049855
https://www.ulta.com/p/anthelios-cooling-water-lotion-sunscreen-spf-60-pimprod2032917?sku=2599140,pimprod2032917
https://www.ulta.com/p/milk-drops-ceramide-serum-pimprod2017547?sku=2569233,pimprod2017547
https://www.ulta.com/p/super-c-retinol-brighten-correct-vitamin-c-serum-pimprod2017664?sku=2568087,pimprod2017664
https://www.ulta.com/p/wonder-ceramide-mochi-hydrogel-eye-patches-pimprod2043029?sku=2619653,pimprod2043029
https://www.ulta.com/p/retinal-resculpt-overnight-treatment-pimprod2038231?sku=2607641,pimprod2038231
https://www.ulta.com/p/milky-hydrating-face-toner-with-snow-mushroom-hyaluronic-acid-pimprod2041557?sku=2615538,pimprod2041557
https://www.ulta.com/p/phyto-nature-firming-serum-pimprod2008503?sku=2549592,pimprod2008503
https://www.ulta.com/p/matcha-cleanse-daily-clarifying-gel-cleanser-pimprod2049115?sku=2634180,pimprod2049115
https://www.ulta.com/p/travel-size-facial-radiance-pads-with-glycolic-lactic-acids-pimprod2040112?sku=2611954,pimprod2040112
https://www.ulta.com/p/moisturizing-cream-with-pump-sensitive-skin-pimprod2042406?sku=2619667,pimprod2042406
https://www.ulta.com/p/mini-petite-facial-toning-microcurrent-kit-pimprod2034724?sku=2599551,pimprod2034724
https://www.ulta.com/p/silk-peony-line-smoothing-eye-cream-pimprod2049118?sku=2634181,pimprod2049118
https://www.ulta.com/p/face-mini-illuminating-self-tan-drops-pimprod2034183?sku=2601143,pimprod2034183
https://www.ulta.com/p/dewy-serum-hyaluronic-acid-collagen-amino-acid-serum-pimprod2049175?sku=2634105,pimprod2049175
https://www.ulta.com/p/age-reverse-rebuild-5-firming-moisturizing-face-cream-pimprod2022908?sku=2577622,pimprod2022908
https://www.ulta.com/p/2-hr-express-self-tanning-mousse-dark-rose-pimprod2037556?sku=2608535,pimprod2037556
https://www.ulta.com/p/luna-retinol-sleeping-night-oil-pimprod2007864?sku=2550153,pimprod2007864
https://www.ulta.com/p/moisturizing-lip-balm-spf-30-pimprod2049277?sku=2635067,pimprod2049277
https://www.ulta.com/p/face-sunscreen-kit-pimprod2051594?sku=2637919,pimprod2051594
https://www.ulta.com/p/radiant-tone-night-cream-dark-spot-corrector-pimprod2049164?sku=2634617,pimprod2049164
https://www.ulta.com/p/jelly-bomb-lip-balm-pimprod2046330?sku=2620109,pimprod2046330
https://www.ulta.com/p/renergie-hcf-triple-serum-discovery-skincare-gift-set-pimprod2050357?sku=2636223,pimprod2050357
https://www.ulta.com/p/heartleaf-77-clear-pad-pimprod2048930?sku=2634909,pimprod2048930
https://www.ulta.com/p/ice-ceramide-moisturizing-cream-pimprod2014068?sku=2559449,pimprod2014068
https://www.ulta.com/p/overnight-exfoliating-treatment-pimprod2023930?sku=2582310,pimprod2023930
https://www.ulta.com/p/truth-serum-hydrating-vitamin-c-serum-pimprod2042279?sku=2617218,pimprod2042279
https://www.ulta.com/p/bha-liquid-exfoliant-2-pimprod2045648?sku=2627284,pimprod2045648
https://www.ulta.com/p/rice-dough-smoothing-facial-scrub-pimprod2048075?sku=2631278,pimprod2048075
https://www.ulta.com/p/pure-protect-mineral-sunscreen-stick-spf-50-pimprod2049888?sku=2634094,pimprod2049888
https://www.ulta.com/p/loving-tan-deluxe-tan-remover-pimprod2032104?sku=2594885,pimprod2032104
https://www.ulta.com/p/super-restorative-day-moisturizer-pimprod2033883?sku=2598903,pimprod2033883
https://www.ulta.com/p/vitamin-c-facial-serum-sensitive-skin-pimprod2042399?sku=2619673,pimprod2042399
https://www.ulta.com/p/rosewater-refreshing-facial-mist-pimprod2006821?sku=2548789,pimprod2006821
https://www.ulta.com/p/mini-good-genes-all-in-one-lactic-acid-treatment-pimprod2038065?sku=2597808,pimprod2038065
https://www.ulta.com/p/undaria-body-dynamic-duo-pimprod2039710?sku=2612847,pimprod2039710
https://www.ulta.com/p/toleriane-dermallergo-eye-cream-repair-moisturizer-dry-skin-pimprod2002093?sku=2539630,pimprod2002093
https://www.ulta.com/p/moisture-surge-lip-hydro-plump-treatment-lip-balm-pimprod2008736?sku=2549347,pimprod2008736
https://www.ulta.com/p/juicy-bomb-glossy-butter-balm-pimprod2049015?sku=2633172,pimprod2049015
https://www.ulta.com/p/plus-one-tinted-daily-mineral-sunscreen-broad-spectrum-spf-40-pimprod2041039?sku=2616745,pimprod2041039
https://www.ulta.com/p/blemish-begone-acne-prevention-kit-pimprod2049959?sku=2634734,pimprod2049959
https://www.ulta.com/p/dynamic-resurfacing-facial-pads-pimprod2034133?sku=2597478,pimprod2034133
https://www.ulta.com/p/banana-bright-15-vitamin-c-dark-spot-serum-pimprod2042277?sku=2617216,pimprod2042277
https://www.ulta.com/p/amazing-shimmer-browning-formula-pimprod2043253?sku=2619712,pimprod2043253
https://www.ulta.com/p/self-tanning-mist-pimprod2039025?sku=2611575,pimprod2039025
https://www.ulta.com/p/instant-vacation-browning-lotion-spf30-body-sunscreen-pimprod2043686?sku=2620523,pimprod2043686
https://www.ulta.com/p/vitamin-c-23-serum-with-super-vitamin-e-hyaluronic-acid-pimprod2038195?sku=2607694,pimprod2038195
https://www.ulta.com/p/vitamin-c-suspension-23-ha-spheres-2-serum-with-pure-l-ascorbic-acid-pimprod2007129?sku=2551175,pimprod2007129
https://www.ulta.com/p/tonique-confort-hydrating-hyaluronic-acid-toner-pimprod2049567?sku=2632964,pimprod2049567
https://www.ulta.com/p/maximum-strength-acne-foaming-cream-wash-with-10-bpo-face-body-pimprod2039906?sku=2611319,pimprod2039906
https://www.ulta.com/p/hydro-boost-hyaluronic-acid-water-cream-fragrance-free-pimprod2041040?sku=2615560,pimprod2041040
https://www.ulta.com/p/yuzu-blemish-gel-cream-pimprod2050403?sku=2635817,pimprod2050403
https://www.ulta.com/p/anti-wrinkle-peptide-plump-line-filling-bounce-serum-pimprod2036306?sku=2603502,pimprod2036306
https://www.ulta.com/p/retinol-collagen-lifting-pad-pimprod2045860?sku=2626997,pimprod2045860
https://www.ulta.com/p/dew-glow-moisturizer-spf-50-pimprod2045649?sku=2627346,pimprod2045649
https://www.ulta.com/p/kissu-lip-tint-spf-25-tinted-lip-sunscreen-pimprod2049084?sku=2634108,pimprod2049084
https://www.ulta.com/p/granactive-retinoid-2-emulsion-wrinkles-uneven-texture-pimprod2007125?sku=2551170,pimprod2007125
https://www.ulta.com/p/twist-tint-color-shifting-lip-cheek-stick-pimprod2046332?sku=2624304,pimprod2046332
https://www.ulta.com/p/wonder-ceramide-mochi-toner-pimprod2026841?sku=2586399,pimprod2026841
https://www.ulta.com/p/clinique-smart-clinical-repair-wrinkle-correcting-rich-face-cream-pimprod2033121?sku=2598028,pimprod2033121
https://www.ulta.com/p/make-it-matte-sunscreen-spf-45-pimprod2030390?sku=2592310,pimprod2030390
https://www.ulta.com/p/oil-foam-total-cleanser-pimprod2038539?sku=2609327,pimprod2038539
https://www.ulta.com/p/facial-moisturizer-broad-spectrum-mineral-spf-30-pimprod2042402?sku=2619672,pimprod2042402
https://www.ulta.com/p/hydro-boost-gel-cream-fragrance-free-moisturizer-pimprod2041883?sku=2615397,pimprod2041883
https://www.ulta.com/p/instant-glow-face-body-bronzer-makeup-pimprod2031120?sku=2592029,pimprod2031120
https://www.ulta.com/p/clarifying-serum-with-tri-ceramide-complex-pimprod2034806?sku=2601334,pimprod2034806
https://www.ulta.com/p/pure-cleansing-facial-oil-pimprod2045875?sku=2626991,pimprod2045875
https://www.ulta.com/p/travel-b-glossy-smoothing-body-serum-pimprod2042964?sku=2620329,pimprod2042964
https://www.ulta.com/p/travel-size-heartleaf-pore-control-cleansing-oil-pimprod2049598?sku=2635547,pimprod2049598
https://www.ulta.com/p/after-sun-cool-down-gel-pimprod2049518?sku=2635071,pimprod2049518
https://www.ulta.com/p/lip-repair-stick-spf-30-pimprod2032085?sku=2594843,pimprod2032085
https://www.ulta.com/p/age-perfect-cell-renewal-midnight-cream-pimprod2040387?sku=2613663,pimprod2040387
https://www.ulta.com/p/tlc-framboos-glycolic-resurfacing-night-serum-pimprod2028063?sku=2588445,pimprod2028063
https://www.ulta.com/p/go-bed-with-me-complete-anti-aging-night-routine-pimprod2039396?sku=2610063,pimprod2039396
https://www.ulta.com/p/even-better-light-reflecting-primer-pimprod2038787?sku=2607978,pimprod2038787
https://www.ulta.com/p/hyper-real-skincanvas-balm-moisturizing-cream-pimprod2037107?sku=2605398,pimprod2037107
https://www.ulta.com/p/skin-school-supplies-smooth-renew-lab-anti-aging-skincare-set-pimprod2037474?sku=2604495,pimprod2037474
https://www.ulta.com/p/umbra-mineral-cream-spf-30-tinted-face-sunscreen-pimprod2045266?sku=2622999,pimprod2045266
https://www.ulta.com/p/daily-milkfoliant-exfoliator-pimprod2032536?sku=2595547,pimprod2032536
https://www.ulta.com/p/retinal-resculpt-body-lift-treatment-pimprod2049025?sku=2631736,pimprod2049025
https://www.ulta.com/p/acne-foaming-cream-cleanser-with-4-bpo-acne-prone-skin-pimprod2012167?sku=2556948,pimprod2012167
https://www.ulta.com/p/snail-rescue-purifying-cleanser-pimprod2033311?sku=2597526,pimprod2033311
https://www.ulta.com/p/vitamin-c-super-serum-plus-pimprod2045644?sku=2627281,pimprod2045644
https://www.ulta.com/p/ultimate-bundle-hypochlorous-acid-spray-pimprod2048765?sku=2630367,pimprod2048765
https://www.ulta.com/p/plumped-up-pout-lip-balm-pimprod2043299?sku=2612339,pimprod2043299
https://www.ulta.com/p/hydrating-lip-balm-pimprod2050675?sku=2636692,pimprod2050675
https://www.ulta.com/p/sun-shield-on-glow-sheer-stick-sunscreen-spf-40-pimprod2043794?sku=2618936,pimprod2043794
https://www.ulta.com/p/play-antioxidant-body-sunscreen-mist-with-vitamin-c-spf-30-pimprod2030600?sku=2589801,pimprod2030600
https://www.ulta.com/p/age-support-set-with-peptides-pimprod2051260?sku=2637167,pimprod2051260
https://www.ulta.com/p/bestsellers-set-face-body-pimprod2038432?sku=2609119,pimprod2038432
https://www.ulta.com/p/hydro-boost-water-gel-refillable-jar-refill-pod-pimprod2043020?sku=2620419,pimprod2043020
https://www.ulta.com/p/luminous-dewy-skin-mist-2-in-1-hydrator-finishing-spray-pimprod2049098?sku=2634124,pimprod2049098
https://www.ulta.com/p/16-pure-vitamin-c-brightening-serum-pimprod2046283?sku=2625745,pimprod2046283
https://www.ulta.com/p/travel-size-milk-shake-hyaluronic-acid-squalane-facial-toner-mist-pimprod2039548?sku=2611431,pimprod2039548
https://www.ulta.com/p/travel-size-lipikar-wash-ap-gentle-foaming-moisturizing-wash-pimprod2050755?sku=2633771,pimprod2050755
https://www.ulta.com/p/gentle-skin-cleanser-face-wash-sensitive-skin-pimprod2028662?sku=2586968,pimprod2028662
https://www.ulta.com/p/madagascar-centella-hyalu-cica-moisture-cream-pimprod2045883?sku=2626857,pimprod2045883
https://www.ulta.com/p/all-day-hydration-skincare-starter-set-pimprod2047174?sku=2628917,pimprod2047174
https://www.ulta.com/p/hydra-zen-gel-cream-pimprod2048794?sku=2630779,pimprod2048794
https://www.ulta.com/p/retinal-all-renewing-serum-pimprod2036439?sku=2603245,pimprod2036439
https://www.ulta.com/p/transparen-c-pro-brightening-moisturizer-pimprod2046060?sku=2627013,pimprod2046060
https://www.ulta.com/p/super-c-spf-30-vitamin-c-moisturizer-pimprod2022788?sku=2574715,pimprod2022788
https://www.ulta.com/p/cheektone-lip-tone-ph-duo-set-pimprod2050542?sku=2636144,pimprod2050542
https://www.ulta.com/p/vitamin-c-bright-eyes-hydro-gel-patches-pimprod2011618?sku=2556743,pimprod2011618
https://www.ulta.com/p/multi-active-day-moisturizer-lines-glow-with-niacinamide-pimprod2043929?sku=2620943,pimprod2043929
https://www.ulta.com/p/plant-based-hydrating-makeup-removing-face-wipes-all-skin-types-pimprod2030177?sku=2591828,pimprod2030177
https://www.ulta.com/p/protect-go-dewy-glow-sunscreen-stick-spf-50-pimprod2050104?sku=2635493,pimprod2050104
https://www.ulta.com/p/biolumin-c-vitamin-c-gel-moisturizer-pimprod2026418?sku=2583209,pimprod2026418
https://www.ulta.com/p/classic-body-organic-sunscreen-spray-spf-30-tropical-coconut-pimprod2030786?sku=2592674,pimprod2030786
https://www.ulta.com/p/radiant-tone-daily-face-lotion-spf-30-dark-spot-corrector-pimprod2049163?sku=2634616,pimprod2049163
https://www.ulta.com/p/c-luma-hydrabright-gentle-vitamin-c-serum-pimprod2045849?sku=2624748,pimprod2045849
https://www.ulta.com/p/uv-expert-supra-screen-invisible-sunscreen-serum-spf-50-pimprod2051033?sku=2634828,pimprod2051033
https://www.ulta.com/p/true-cream-moisturizing-bomb-pimprod2043261?sku=2619877,pimprod2043261
https://www.ulta.com/p/litlift-led-sculpt-facial-tool-pimprod2049967?sku=2636495,pimprod2049967
https://www.ulta.com/p/take-day-off-facial-cleansing-mousse-cleanser-pimprod2042538?sku=2616986,pimprod2042538
https://www.ulta.com/p/essentials-sonic-dermaplaning-refill-kit-pimprod2033291?sku=2597736,pimprod2033291
https://www.ulta.com/p/orange-gelee-spf-30-sunscreen-gel-pimprod2044868?sku=2623026,pimprod2044868
https://www.ulta.com/p/anthelios-uv-tone-sunscreen-spf-50-with-niacinamide-pimprod2049739?sku=2634598,pimprod2049739
https://www.ulta.com/p/ceo-afterglow-brightening-vitamin-c-cream-pimprod2032040?sku=2596206,pimprod2032040
https://www.ulta.com/p/triple-c-night-cream-pimprod2014586?sku=2564736,pimprod2014586
https://www.ulta.com/p/acne-foaming-cleanser-pimprod2035666?sku=2601250,pimprod2035666
https://www.ulta.com/p/hydro-star-classic-pimple-patches-pimprod2048851?sku=2631428,pimprod2048851
https://www.ulta.com/p/advanced-snail-hydrogel-mask-pimprod2049688?sku=2634737,pimprod2049688
https://www.ulta.com/p/superactive-brightening-moisturizer-spf-50-with-vitamin-c-pimprod2050239?sku=2635515,pimprod2050239
https://www.ulta.com/p/get-cheeky-enriched-cellulite-oil-pimprod2034138?sku=2598136,pimprod2034138
https://www.ulta.com/p/alcohol-free-no-rinse-hydrating-facial-toner-sensitive-dry-skin-pimprod2030178?sku=2591829,pimprod2030178
https://www.ulta.com/p/snail-rescue-all-in-one-deep-moisture-cream-pimprod2033309?sku=2597524,pimprod2033309
https://www.ulta.com/p/cicaplast-b5-soothing-repair-spray-dry-skin-pimprod2049736?sku=2633772,pimprod2049736
https://www.ulta.com/p/madagascar-centella-ampoule-foam-pimprod2045881?sku=2626855,pimprod2045881
https://www.ulta.com/p/moisture-surge-eye-96-hour-hydro-filler-concentrate-pimprod2006273?sku=2544071,pimprod2006273
https://www.ulta.com/p/every-single-face-watery-lotion-spf-50-pimprod2032491?sku=2595519,pimprod2032491
https://www.ulta.com/p/transparen-c-pro-spot-treatment-pimprod2022628?sku=2568436,pimprod2022628
https://www.ulta.com/p/salicylic-acid-2-masque-clarifying-charcoal-clay-mask-blemish-prone-skin-pimprod2009233?sku=2555749,pimprod2009233
https://www.ulta.com/p/mini-water-cream-oil-free-pore-minimizing-moisturizer-pimprod2049112?sku=2634102,pimprod2049112
https://www.ulta.com/p/collagen-cushion-peptide-lip-balm-pimprod2046039?sku=2627014,pimprod2046039
https://www.ulta.com/p/niacinamide-serum-12-plus-zinc-2-pimprod2045637?sku=2627243,pimprod2045637
https://www.ulta.com/p/self-tanning-body-milk-pimprod2046720?sku=2630549,pimprod2046720
https://www.ulta.com/p/dark-spot-microdarts-pimprod2018405?sku=2567107,pimprod2018405
https://www.ulta.com/p/cicaplast-b5-lip-balm-dry-lips-pimprod2040232?sku=2611317,pimprod2040232
https://www.ulta.com/p/moisturizing-lotion-hydrating-body-moisturizer-pimprod2028656?sku=2605916,pimprod2028656
https://www.ulta.com/p/mandelic-acid-serum-pimprod2046095?sku=2625933,pimprod2046095
https://www.ulta.com/p/hope-in-a-jar-smooth-glow-multi-tasking-moisturizer-spf-30-pimprod2037931?sku=2605578,pimprod2037931
https://www.ulta.com/p/golden-hour-essentials-pimprod2052007?sku=2638016,pimprod2052007
https://www.ulta.com/p/toleriane-dermallergo-soothing-repair-moisturizer-sensitive-skin-pimprod2002095?sku=2539629,pimprod2002095
https://www.ulta.com/p/ceo-vitamin-c-rich-hydration-moisturizing-cream-pimprod2007850?sku=2550166,pimprod2007850
https://www.ulta.com/p/multivitamin-power-recovery-cream-pimprod2049101?sku=2633649,pimprod2049101
https://www.ulta.com/p/travel-size-heartleaf-quercetinol-pore-deep-cleansing-foam-pimprod2049599?sku=2635548,pimprod2049599
https://www.ulta.com/p/daywear-moisturizer-anti-oxidant-72h-hydration-sorbet-cream-spf-15-pimprod2003423?sku=2541047,pimprod2003423
https://www.ulta.com/p/double-duty-beauty-base-tape-hydrating-primer-pimprod2002687?sku=2538321,pimprod2002687
https://www.ulta.com/p/confidence-in-a-gel-cream-oil-free-moisturizer-pimprod2042623?sku=2617433,pimprod2042623
https://www.ulta.com/p/cabanaglow-mineral-glow-drops-spf-50-sunscreen-pimprod2046008?sku=2629769,pimprod2046008
https://www.ulta.com/p/holy-hydration-triple-bounce-serum-pimprod2036595?sku=2605492,pimprod2036595
https://www.ulta.com/p/crepe-control-tightening-body-cream-pimprod2014479?sku=2561150,pimprod2014479
https://www.ulta.com/p/acne-banishing-body-spray-pimprod2045744?sku=2625764,pimprod2045744
https://www.ulta.com/p/derm-correxion-lip-volumizer-pimprod2049758?sku=2633391,pimprod2049758
https://www.ulta.com/p/snail-rescue-all-in-one-oil-free-moisturizer-pimprod2018393?sku=2567117,pimprod2018393
https://www.ulta.com/p/bright-icon-vitamin-c-e-ferulic-serum-pimprod2052406?sku=2640211,pimprod2052406
https://www.ulta.com/p/even-tone-cleansing-bar-3-in-1-treatment-pimprod2004077?sku=2542181,pimprod2004077
https://www.ulta.com/p/one-step-gentle-exfoliating-cleanser-pimprod2043935?sku=2620948,pimprod2043935
https://www.ulta.com/p/peptide-plump-collagen-cushion-cream-pimprod2049555?sku=2634607,pimprod2049555
https://www.ulta.com/p/everyday-gradual-tanning-milk-body-moisturizer-pimprod2016571?sku=2569568,pimprod2016571
https://www.ulta.com/p/ultra-hydrating-facial-oil-pimprod2024576?sku=2583062,pimprod2024576
https://www.ulta.com/p/unseen-sunscreen-body-spf-40-invisible-sun-protection-pimprod2038031?sku=2606364,pimprod2038031
https://www.ulta.com/p/overnight-star-night-cream-pimprod2008642?sku=2550582,pimprod2008642
https://www.ulta.com/p/hydrating-foaming-oil-cleanser-water-based-face-wash-dry-skin-pimprod2039907?sku=2611324,pimprod2039907
https://www.ulta.com/p/glow-oil-spf-50-scented-body-oil-limited-edition-pimprod2051640?sku=2639236,pimprod2051640
https://www.ulta.com/p/extra-lip-tint-sheer-oil-infused-lip-balm-pimprod2038348?sku=2606435,pimprod2038348
https://www.ulta.com/p/confidence-in-a-cream-barrier-boost-skin-barrier-repair-daily-moisturizer-pimprod2049032?sku=2633016,pimprod2049032
https://www.ulta.com/p/ingrown-eliminator-serum-rollerball-pimprod2039186?sku=2610554,pimprod2039186
https://www.ulta.com/p/express-self-tan-mousse-pimprod2012407?sku=2560916,pimprod2012407
https://www.ulta.com/p/chardonnay-spf30-lip-oil-pimprod2043687?sku=2620560,pimprod2043687
https://www.ulta.com/p/advanced-genifique-night-cream-pimprod2034810?sku=2601561,pimprod2034810
https://www.ulta.com/p/maracuja-juicy-shift-pimprod2039631?sku=2610359,pimprod2039631
https://www.ulta.com/p/glow-starts-here-bestselling-skin-essentials-kit-pimprod2024933?sku=2580288,pimprod2024933
https://www.ulta.com/p/mini-rice-wash-skin-softening-cleanser-pimprod2049117?sku=2634178,pimprod2049117
https://www.ulta.com/p/hydrating-mineral-sunscreen-lotion-face-spf-50-all-skin-types-pimprod2003660?sku=2540955,pimprod2003660
https://www.ulta.com/p/bright-set-with-glycolic-acid-pimprod2047986?sku=2630451,pimprod2047986
https://www.ulta.com/p/classic-spray-spf-30-sunscreen-pimprod2032500?sku=2595586,pimprod2032500
https://www.ulta.com/p/sugarlips-lip-butter-pimprod2043475?sku=2621334,pimprod2043475
https://www.ulta.com/p/tranexamic-topical-acid-5-pimprod2045655?sku=2627359,pimprod2045655
https://www.ulta.com/p/jelly-lip-melt-treatment-pimprod2032169?sku=2593592,pimprod2032169
https://www.ulta.com/p/ahabha-exfoliating-cleanser-pimprod2049019?sku=2631727,pimprod2049019
https://www.ulta.com/p/salicylic-acid-2-anhydrous-solution-gentle-exfoliating-serum-blemishes-pimprod2029951?sku=2590731,pimprod2029951
https://www.ulta.com/p/glow-into-spring-pimprod2051719?sku=2636257,pimprod2051719
https://www.ulta.com/p/skin-transforming-cocoshea-3-piece-kit-pimprod2025803?sku=2585297,pimprod2025803
https://www.ulta.com/p/cicaplast-balm-b5-uv-soothing-therapeutic-multi-purpose-cream-spf-50-pimprod2046256?sku=2625718,pimprod2046256
https://www.ulta.com/p/clean-it-zero-original-cleansing-balm-pimprod2009043?sku=2555801,pimprod2009043
https://www.ulta.com/p/retinol-youth-renewal-night-cream-pimprod2012954?sku=2556346,pimprod2012954
https://www.ulta.com/p/watermide-moisture-pad-pimprod2045861?sku=2626999,pimprod2045861
https://www.ulta.com/p/chardonnay-oil-spf-30-sunscreen-pimprod2037343?sku=2606802,pimprod2037343
https://www.ulta.com/p/bright-as-day-sheer-mineral-sunscreen-spf-50-pimprod2045118?sku=2623888,pimprod2045118
https://www.ulta.com/p/glow-your-own-way-tan-gel-pimprod2030814?sku=2592304,pimprod2030814
https://www.ulta.com/p/wake-up-call-under-eye-patches-pimprod2046221?sku=2616690,pimprod2046221
https://www.ulta.com/p/daily-oil-free-facial-moisturizer-spf-35-pimprod2028657?sku=2586964,pimprod2028657
https://www.ulta.com/p/on-go-best-sellers-travel-kit-pimprod2034255?sku=2598898,pimprod2034255
https://www.ulta.com/p/24-7-ultra-hydration-triple-hydra-complex-day-night-serum-pimprod2037800?sku=2606765,pimprod2037800
https://www.ulta.com/p/balmy-tint-hydrating-lip-balm-pimprod2047210?sku=2629329,pimprod2047210
https://www.ulta.com/p/benefiance-wrinkle-smoothing-day-cream-spf-23-pimprod2008182?sku=2549750,pimprod2008182
https://www.ulta.com/p/uv-plus-anti-pollution-tinted-face-sunscreen-spf-50-pimprod2046107?sku=2626930,pimprod2046107
https://www.ulta.com/p/firming-cream-with-peptides-niacinamide-collagen-pimprod2048138?sku=2632108,pimprod2048138
https://www.ulta.com/p/hydrating-gel-moisturizer-with-electrolytes-pimprod2049478?sku=2630332,pimprod2049478
https://www.ulta.com/p/glow-stick-sunscreen-spf-50-pa-pimprod2029935?sku=2589383,pimprod2029935
https://www.ulta.com/p/meltdown-oil-acne-prone-skin-pimprod2024300?sku=2579265,pimprod2024300
https://www.ulta.com/p/travel-size-ultra-repair-cream-intense-hydration-pimprod2013850?sku=2559167,pimprod2013850
https://www.ulta.com/p/soft-launch-hydrating-cream-cleanser-pimprod2046687?sku=2626625,pimprod2046687
https://www.ulta.com/p/stainless-steel-non-porous-gua-sha-pimprod2028594?sku=2588695,pimprod2028594
https://www.ulta.com/p/clarify-cleanse-bar-pimprod2025519?sku=2582411,pimprod2025519
https://www.ulta.com/p/porefessional-deep-retreat-pore-clearing-clay-mask-pimprod2038018?sku=2606908,pimprod2038018
https://www.ulta.com/p/hydrating-hyaluronic-acid-face-serum-with-vitamin-b5-dry-skin-pimprod2002096?sku=2540675,pimprod2002096
Link,Product ID
https://www.ulta.com/p/cloud-surf-water-cream-moisturizer-mini-pimprod2047989?sku=2630686,pimprod2047989
https://www.ulta.com/p/pro-plump-hydrating-eye-cream-pimprod2050230?sku=2634938,pimprod2050230
https://www.ulta.com/p/clear-brighten-skincare-kit-pimprod2036370?sku=2603405,pimprod2036370
https://www.ulta.com/p/pore-control-resurfacing-exfoliation-pad-pimprod2045866?sku=2626225,pimprod2045866
https://www.ulta.com/p/a-renewal-advanced-retinal-peptides-serum-pimprod2048836?sku=2631557,pimprod2048836
https://www.ulta.com/p/full-on-plumping-lip-glow-balm-pimprod2045019?sku=2621118,pimprod2045019
https://www.ulta.com/p/ultra-repair-face-moisturizer-with-spf-30-pimprod2037708?sku=2606963,pimprod2037708
https://www.ulta.com/p/swimming-under-eyes-brightening-gel-pads-pimprod2009334?sku=2554829,pimprod2009334
https://www.ulta.com/p/lipikar-eczema-soothing-relief-cream-pimprod2019354?sku=2572921,pimprod2019354
https://www.ulta.com/p/green-tea-superlight-daily-defense-sun-screen-spf-50-pimprod2049609?sku=2635553,pimprod2049609
https://www.ulta.com/p/clear-up-pore-clearing-gel-pimprod2051852?sku=2639776,pimprod2051852
https://www.ulta.com/p/ultra-repair-rescue-barrier-balm-with-1-dimethicone-pimprod2048140?sku=2632110,pimprod2048140
https://www.ulta.com/p/healing-jelly-stick-pimprod2048310?sku=2633481,pimprod2048310
https://www.ulta.com/p/makeup-removing-cleansing-balm-with-jojoba-oil-all-skin-types-pimprod2033425?sku=2597415,pimprod2033425
https://www.ulta.com/p/travel-size-play-everyday-lotion-spf-50-pimprod2044740?sku=2624564,pimprod2044740
https://www.ulta.com/p/spf-30-baby-oil-pimprod2038616?sku=2596248,pimprod2038616
https://www.ulta.com/p/cinnamoroll-macaron-lip-balm-pimprod2005946?sku=2547595,pimprod2005946
https://www.ulta.com/p/rose-hyaluronic-acid-deep-hydration-toner-pimprod2025116?sku=2584153,pimprod2025116
https://www.ulta.com/p/water-drench-broad-spectrum-spf-45-hyaluronic-cloud-moisturizer-pimprod2016323?sku=2564751,pimprod2016323
https://www.ulta.com/p/derm-correxion-fill-treat-serum-pimprod2033483?sku=2597367,pimprod2033483
https://www.ulta.com/p/silk-scrub-pimprod2004292?sku=2545165,pimprod2004292
https://www.ulta.com/p/hyaluronic-acid-lip-booster-pimprod2046541?sku=2626618,pimprod2046541
https://www.ulta.com/p/pure-cleansing-oil-deep-clean-pimprod2045876?sku=2626992,pimprod2045876
https://www.ulta.com/p/bright-start-vitamin-c-antioxidant-brightening-moisturizer-pimprod2030892?sku=2593351,pimprod2030892
https://www.ulta.com/p/rescue-party-barrier-comfort-cream-pimprod2042702?sku=2617478,pimprod2042702
https://www.ulta.com/p/peptide-skinjection-expression-line-hydra-gel-patches-pimprod2049925?sku=2635699,pimprod2049925
https://www.ulta.com/p/force-shield-superlight-sunscreen-broad-spectrum-spf-30-pimprod2030344?sku=2591983,pimprod2030344
https://www.ulta.com/p/mini-ceo-15-vitamin-c-brightening-serum-pimprod2038066?sku=2599035,pimprod2038066
https://www.ulta.com/p/knock-out-18-salicylic-acid-acne-spot-treatment-pimprod2040783?sku=2611776,pimprod2040783
https://www.ulta.com/p/bye-bye-makeup-3-in-1-makeup-melting-cleansing-balm-pimprod2031748?sku=2594127,pimprod2031748
https://www.ulta.com/p/peptide-skinjection-amplified-wrinkle-fix-serum-pimprod2043769?sku=2620530,pimprod2043769
https://www.ulta.com/p/best-sellers-best-skin-travel-set-pimprod2023147?sku=2574884,pimprod2023147
https://www.ulta.com/p/ultimune-power-infusing-concentrate-pimprod2029351?sku=2589230,pimprod2029351
https://www.ulta.com/p/butter-creme-super-balm-pimprod2051642?sku=2639559,pimprod2051642
https://www.ulta.com/p/baeside-self-tanning-sea-mousse-pimprod2049228?sku=2635121,pimprod2049228
https://www.ulta.com/p/acne-solutions-fix-it-kit-pimprod2006265?sku=2546740,pimprod2006265
https://www.ulta.com/p/intense-overnight-sleeping-cream-pimprod2045651?sku=2627351,pimprod2045651
https://www.ulta.com/p/breakout-star-acne-moisturizer-pimprod2014625?sku=2561091,pimprod2014625
https://www.ulta.com/p/holy-hydration-gel-yeah-moisturizer-pimprod2043031?sku=2619632,pimprod2043031
https://www.ulta.com/p/hyper-real-serumizer-eye-treatment-pimprod2049188?sku=2636002,pimprod2049188
https://www.ulta.com/p/oil-control-moisturizing-gel-cream-face-moisturizer-oily-skin-pimprod2046123?sku=2625703,pimprod2046123
https://www.ulta.com/p/insta-glow-illuminating-body-bronzer-pimprod2043677?sku=2620369,pimprod2043677
https://www.ulta.com/p/travel-size-magic-water-cream-gel-moisturizer-with-niacinamide-pimprod2043838?sku=2620076,pimprod2043838
https://www.ulta.com/p/bright-start-retinol-alternative-brightening-eye-cream-pimprod2047202?sku=2629360,pimprod2047202
https://www.ulta.com/p/mini-purity-made-simple-one-step-facial-cleanser-pimprod2038077?sku=2565511,pimprod2038077
https://www.ulta.com/p/sunny-defense-spf-stick-spf-50-pa-pimprod2045563?sku=2625739,pimprod2045563
https://www.ulta.com/p/beauty-sleep-overnight-repair-treatment-pimprod2009323?sku=2549731,pimprod2009323
https://www.ulta.com/p/youth-renewal-retinol-trial-kit-pimprod2021509?sku=2572366,pimprod2021509
https://www.ulta.com/p/future-airbrush-360-self-tan-mist-pimprod2051414?sku=2638524,pimprod2051414
https://www.ulta.com/p/dynamic-skin-strengthening-serum-pimprod2049955?sku=2635782,pimprod2049955
https://www.ulta.com/p/discovery-series-tighten-lift-kit-pimprod2039937?sku=2612176,pimprod2039937
https://www.ulta.com/p/revitalift-vitamin-c-vitamin-e-salicylic-acid-serum-pimprod2034716?sku=2600820,pimprod2034716
https://www.ulta.com/p/sun-drops-bronze-body-glow-pimprod2049221?sku=2633627,pimprod2049221
https://www.ulta.com/p/water-drenchbroad-spectrum-spf-45-hyaluronic-sheer-tint-moisturizer-pimprod2044823?sku=2623408,pimprod2044823
https://www.ulta.com/p/power-cocktail-lactic-acid-repair-serum-pimprod2029784?sku=2589292,pimprod2029784
https://www.ulta.com/p/orange-gelee-spray-oil-spf-30-pimprod2050076?sku=2635063,pimprod2050076
https://www.ulta.com/p/pro-plump-hydrating-cream-pimprod2050231?sku=2634939,pimprod2050231
https://www.ulta.com/p/mini-silk-sunscreen-spf-50-weightless-mineral-sunscreen-pimprod2050716?sku=2638882,pimprod2050716
https://www.ulta.com/p/energizing-eye-kit-pimprod2035358?sku=2601690,pimprod2035358
https://www.ulta.com/p/makeup-removing-cleansing-balm-hyaluronic-acid-pimprod2046713?sku=2626028,pimprod2046713
https://www.ulta.com/p/niacinamide-5-face-body-emulsion-dark-spots-uneven-tone-pimprod2046887?sku=2630449,pimprod2046887
https://www.ulta.com/p/age-reverse-toning-neck-cream-pimprod2046124?sku=2627656,pimprod2046124
https://www.ulta.com/p/hydro-boost-body-gel-cream-pimprod2002078?sku=2534776,pimprod2002078
https://www.ulta.com/p/ageless-phyto-retinol-eye-cream-pimprod2019601?sku=2573361,pimprod2019601
https://www.ulta.com/p/high-potency-hyaluronic-intensive-hydrating-serum-pimprod2032132?sku=2595124,pimprod2032132
https://www.ulta.com/p/tan-remover-prep-maintain-mousse-pimprod2003802?sku=2540910,pimprod2003802
https://www.ulta.com/p/illusion-priming-moisturizer-pimprod2051198?sku=2637720,pimprod2051198
https://www.ulta.com/p/alpha-arbutin-2-discoloration-care-serum-pimprod2047570?sku=2632053,pimprod2047570
https://www.ulta.com/p/le-lift-creme-smooths-firms-illuminates-pimprod2029952?sku=2560172,pimprod2029952
https://www.ulta.com/p/detoxifeye-depuffing-eye-patches-with-caffeine-cucumber-pimprod2013437?sku=2562265,pimprod2013437
https://www.ulta.com/p/glow-oil-spf-50-dry-body-oil-sunscreen-pimprod2042888?sku=2617634,pimprod2042888
https://www.ulta.com/p/micro-derma-roller-pimprod2038262?sku=2607121,pimprod2038262
https://www.ulta.com/p/multi-action-hydration-multiplier-hyaluronic-acid-serum-pimprod2042088?sku=2617144,pimprod2042088
https://www.ulta.com/p/acne-clarifying-cleanser-pimprod2025468?sku=2582042,pimprod2025468
https://www.ulta.com/p/clinique-men-maximum-hydrator-72-hour-auto-replenishing-moisturizer-pimprod2007073?sku=2548424,pimprod2007073
https://www.ulta.com/p/smart-clinical-repair-ampm-retinoid-balm-pimprod2047124?sku=2626903,pimprod2047124
https://www.ulta.com/p/all-about-clean-2-in-1-charcoal-face-mask-scrub-pimprod2022546?sku=2576543,pimprod2022546
https://www.ulta.com/p/luxe-whipped-self-tan-creme-mousse-pimprod2031114?sku=2592011,pimprod2031114
https://www.ulta.com/p/hydrogel-under-eye-patches-pimprod2050153?sku=2636113,pimprod2050153
https://www.ulta.com/p/power-full-plump-lip-balm-pimprod2011829?sku=2557725,pimprod2011829
https://www.ulta.com/p/hydrating-toning-lotion-with-aloe-vera-pimprod2043932?sku=2620945,pimprod2043932
https://www.ulta.com/p/rose-squalane-deep-hydration-oil-infused-serum-pimprod2025058?sku=2584151,pimprod2025058
https://www.ulta.com/p/basics-black-weekender-pimprod2009761?sku=2550337,pimprod2009761
https://www.ulta.com/p/pure-color-revitalizing-crystal-lip-balm-pimprod2030538?sku=2591730,pimprod2030538
https://www.ulta.com/p/madagascar-centella-tea-trica-relief-ampoule-pimprod2045888?sku=2626862,pimprod2045888
https://www.ulta.com/p/dark-spot-solutions-kit-pimprod2024950?sku=2576505,pimprod2024950
https://www.ulta.com/p/firmx-collagen-hydra-gel-face-eye-patches-pimprod2033131?sku=2595692,pimprod2033131
https://www.ulta.com/p/clear-body-spf-50-sunscreen-spray-pimprod2049509?sku=2634859,pimprod2049509
https://www.ulta.com/p/super-clear-acne-treating-serum-pimprod2035463?sku=2600871,pimprod2035463
https://www.ulta.com/p/cc-cream-spf-25-pimprod2005688?sku=2548339,pimprod2005688
https://www.ulta.com/p/anti-aging-cleansing-gel-pimprod2049934?sku=2636247,pimprod2049934
https://www.ulta.com/p/salicylic-acid-acne-healing-dots-pimprod2037879?sku=2606805,pimprod2037879
https://www.ulta.com/p/lipscreen-shine-spf-40-pimprod2037602?sku=2606013,pimprod2037602
https://www.ulta.com/p/rosewater-glycerin-hydrating-facial-mist-pimprod2021739?sku=2576132,pimprod2021739
https://www.ulta.com/p/self-tan-classic-mini-kit-pimprod2043258?sku=2620255,pimprod2043258
https://www.ulta.com/p/bye-bye-dark-spots-niacinamide-serum-pimprod2026351?sku=2581361,pimprod2026351
https://www.ulta.com/p/super-oasis-concentrated-serum-pimprod2043758?sku=2620275,pimprod2043758
https://www.ulta.com/p/skincare-staples-gift-set-pimprod2049134?sku=2632243,pimprod2049134
https://www.ulta.com/p/bye-bye-redness-serum-pimprod2042911?sku=2617434,pimprod2042911
https://www.ulta.com/p/technocolor-self-tanning-face-serum-pimprod2045073?sku=2622854,pimprod2045073
https://www.ulta.com/p/retinaldehyde-cream-serum-005-pimprod2045639?sku=2627245,pimprod2045639
https://www.ulta.com/p/urban-environment-oil-free-sunscreen-broad-spectrum-spf-42-pimprod2030941?sku=2592485,pimprod2030941
https://www.ulta.com/p/instant-firmx-lip-filler-pimprod2040205?sku=2612798,pimprod2040205
https://www.ulta.com/p/age-reverse-starter-set-pimprod2046163?sku=2627332,pimprod2046163
https://www.ulta.com/p/snail-rescue-intensive-serum-pimprod2033310?sku=2597525,pimprod2033310
https://www.ulta.com/p/bio-rice-wine-softening-toner-pimprod2048074?sku=2631276,pimprod2048074
https://www.ulta.com/p/hueguard-mini-3-in-1-mineral-sunscreen-moisturizer-primer-spf-30-pimprod2048853?sku=2631646,pimprod2048853
https://www.ulta.com/p/n1-de-chanel-lip-cheek-balm-pimprod2029892?sku=2589667,pimprod2029892
https://www.ulta.com/p/cellular-hydration-barrier-repair-cream-pimprod2042756?sku=2617753,pimprod2042756
https://www.ulta.com/p/naturally-inspired-lip-repair-lip-balm-stick-with-shea-butter-pimprod2052042?sku=2636728,pimprod2052042
https://www.ulta.com/p/powerbright-dark-spot-system-pimprod2043787?sku=2619703,pimprod2043787
https://www.ulta.com/p/water-slide-hydration-boosting-serum-hyaluronic-acid-peptides-pimprod2042841?sku=2620078,pimprod2042841
https://www.ulta.com/p/age-reverse-total-360-eye-contour-pimprod2046086?sku=2627330,pimprod2046086
https://www.ulta.com/p/eye-recovery-pro-red-light-therapy-mask-pimprod2045328?sku=2624959,pimprod2045328
https://www.ulta.com/p/studio-tone-spf-50-bronzing-drops-face-pimprod2044961?sku=2623028,pimprod2044961
https://www.ulta.com/p/water-drench-hyaluronic-glow-serum-pimprod2021204?sku=2572661,pimprod2021204
https://www.ulta.com/p/glycolic-b5-dark-spot-corrector-pimprod2021599?sku=2575444,pimprod2021599
https://www.ulta.com/p/wrinkle-treatment-drops-retinol-alternative-serum-pimprod2019791?sku=2571062,pimprod2019791
https://www.ulta.com/p/even-better-clinical-brightening-moisturizer-pimprod2037111?sku=2604766,pimprod2037111
https://www.ulta.com/p/seabiotic-water-cream-pimprod2027013?sku=2587124,pimprod2027013
https://www.ulta.com/p/hydrance-aqua-gel-face-moisturizer-pimprod2020807?sku=2577168,pimprod2020807
https://www.ulta.com/p/hypersensitive-skin-starter-kit-pimprod2026571?sku=2586857,pimprod2026571
https://www.ulta.com/p/butter-drench-restorative-rich-cream-pimprod2049159?sku=2632821,pimprod2049159
https://www.ulta.com/p/porescreen-mineral-sunscreen-spf-40-pimprod2039130?sku=2609623,pimprod2039130
https://www.ulta.com/p/hyperlift-eye-instant-eye-fix-bags-lines-crepiness-pimprod2008228?sku=2550146,pimprod2008228
https://www.ulta.com/p/too-tan-give-a-damn-1-hour-self-tan-mousse-pimprod2023114?sku=2579739,pimprod2023114
https://www.ulta.com/p/pure-vitamin-c-anti-wrinkle-firming-moisturizing-filler-pimprod2019700?sku=2574392,pimprod2019700
https://www.ulta.com/p/mighty-patch-forehead-pimple-patches-pimprod2041126?sku=2615335,pimprod2041126
https://www.ulta.com/p/gradual-self-tanning-mousse-pimprod2048134?sku=2631432,pimprod2048134
https://www.ulta.com/p/glycolipid-cream-cleanser-dry-skin-makeup-removal-pimprod2038843?sku=2609861,pimprod2038843
https://www.ulta.com/p/star-dew-hydrating-eye-cream-pimprod2050116?sku=2634732,pimprod2050116
https://www.ulta.com/p/featuring-you-hydrating-skin-enhancing-tint-spf-30-pimprod2044322?sku=2622290,pimprod2044322
https://www.ulta.com/p/viral-preppair-kit-pimprod2045109?sku=2624299,pimprod2045109
https://www.ulta.com/p/cooka-oil-pubic-hair-skin-pimprod2027120?sku=2585402,pimprod2027120
https://www.ulta.com/p/super-multi-corrective-anti-aging-face-neck-cream-pimprod2018365?sku=2589390,pimprod2018365
https://www.ulta.com/p/squishmallows-hydrating-printed-essence-facial-sheet-masks-pimprod2045922?sku=2628133,pimprod2045922
https://www.ulta.com/p/multi-correxion-hydrate-plump-hyaluronic-acid-eye-cream-pimprod2025448?sku=2582469,pimprod2025448
https://www.ulta.com/p/superscreen-rich-hydrating-cream-spf-40-moisturizer-pimprod2042770?sku=2617635,pimprod2042770
https://www.ulta.com/p/falscara-false-eyelash-rosewater-remover-pimprod2014175?sku=2559006,pimprod2014175
https://www.ulta.com/p/resurrection-polypeptide-cream-pimprod2037614?sku=2605570,pimprod2037614
https://www.ulta.com/p/rescue-balm-red-correct-post-blemish-recovery-cream-pimprod2034649?sku=2599903,pimprod2034649
https://www.ulta.com/p/hello-kitty-mattifying-blotting-paper-reusable-mirror-compact-pimprod2040490?sku=2613335,pimprod2040490
https://www.ulta.com/p/gentle-exfoliating-sa-cleanser-pimprod2046866?sku=2629232,pimprod2046866
https://www.ulta.com/p/mini-stabilizing-repair-cream-pimprod2047499?sku=2630027,pimprod2047499
https://www.ulta.com/p/ageless-phyto-retinol-face-cream-pimprod2019600?sku=2573360,pimprod2019600
https://www.ulta.com/p/travel-size-clean-it-zero-original-cleansing-balm-pimprod2011327?sku=2558243,pimprod2011327
https://www.ulta.com/p/filling-good-hyaluronic-acid-plumping-serum-pimprod2049451?sku=2635156,pimprod2049451
https://www.ulta.com/p/plantscription-multi-powered-youth-serum-pimprod2022888?sku=2577261,pimprod2022888
https://www.ulta.com/p/pure-vitamin-c-anti-wrinkle-firming-eye-cream-pimprod2019701?sku=2574393,pimprod2019701
https://www.ulta.com/p/moisturizing-lotion-with-pump-sensitive-skin-pimprod2042405?sku=2619668,pimprod2042405
https://www.ulta.com/p/golden-booster-amla-berry-vitamin-c-brightening-serum-pimprod2023210?sku=2621444,pimprod2023210
https://www.ulta.com/p/sheer-body-lotion-spf-50-pimprod2043668?sku=2621972,pimprod2043668
https://www.ulta.com/p/ginzing-glow-boosting-gel-moisturizer-pimprod2050000?sku=2635521,pimprod2050000
https://www.ulta.com/p/lactic-acid-10-ha-2-high-strength-exfoliating-serum-uneven-texture-pimprod2007103?sku=2551156,pimprod2007103
https://www.ulta.com/p/revitalift-15-pure-hyaluronic-acid-serum-pimprod2001763?sku=2534685,pimprod2001763
https://www.ulta.com/p/honey-grail-ultra-hydrating-face-oil-pimprod2049453?sku=2635158,pimprod2049453
https://www.ulta.com/p/mini-halo-healthy-glow-tinted-moisturizer-broad-spectrum-spf-25-pimprod2033372?sku=2596512,pimprod2033372
https://www.ulta.com/p/miracle-patch-invisible-spot-cover-pimprod2046990?sku=2629923,pimprod2046990
https://www.ulta.com/p/texture-tonic-aha-liquid-exfoliating-treatment-pimprod2049104?sku=2634119,pimprod2049104
https://www.ulta.com/p/salicylic-acid-05-body-serum-exfoliating-treatment-acne-blemishes-pimprod2046892?sku=2630450,pimprod2046892
https://www.ulta.com/p/peptight-tightening-neck-serum-roller-pimprod2030921?sku=2591234,pimprod2030921
https://www.ulta.com/p/soothing-facial-roller-rose-quartz-stone-pimprod2037683?sku=2607690,pimprod2037683
https://www.ulta.com/p/mello-marula-cream-cleanser-pimprod2049049?sku=2630962,pimprod2049049
https://www.ulta.com/p/astro-kitten-peel-off-masks-headband-set-pimprod2049169?sku=2635601,pimprod2049169
https://www.ulta.com/p/lip-exfoliator-pimprod2039892?sku=2613647,pimprod2039892
https://www.ulta.com/p/effaclar-micellar-water-oily-skin-pimprod2019345?sku=2573114,pimprod2019345
https://www.ulta.com/p/head-toe-fab-kit-pimprod2029818?sku=2586285,pimprod2029818
https://www.ulta.com/p/aqua-bomb-depuffing-eye-gel-with-caffeine-hyaluronic-acid-pimprod2048708?sku=2629445,pimprod2048708
https://www.ulta.com/p/after-dark-brightening-gel-dark-spots-pimprod2045738?sku=2627641,pimprod2045738
https://www.ulta.com/p/honey-milk-hydrating-essence-pimprod2049450?sku=2635155,pimprod2049450
https://www.ulta.com/p/vitamin-c-brightening-glow-face-oil-pimprod2028612?sku=2586056,pimprod2028612
https://www.ulta.com/p/retinol-complex-serum-pimprod2045641?sku=2627279,pimprod2045641
https://www.ulta.com/p/clear-start-breakout-clearing-kit-pimprod2026905?sku=2583212,pimprod2026905
https://www.ulta.com/p/awaken-peptide-eye-gel-pimprod2029731?sku=2588994,pimprod2029731
https://www.ulta.com/p/future-renew-damage-reversal-serum-pimprod2039247?sku=2611733,pimprod2039247
https://www.ulta.com/p/corrective-peptide-serum-pimprod2037288?sku=2605572,pimprod2037288
https://www.ulta.com/p/love-at-first-tan-1-hour-self-tan-mousse-pimprod2043684?sku=2620048,pimprod2043684
https://www.ulta.com/p/slaai-makeup-melting-butter-cleanser-pimprod2028072?sku=2588447,pimprod2028072
https://www.ulta.com/p/vita-c-glycolic-serum-pimprod2015241?sku=2562470,pimprod2015241
https://www.ulta.com/p/multi-active-night-moisturizer-lines-pores-glow-with-niacinamide-pimprod2043931?sku=2620944,pimprod2043931
https://www.ulta.com/p/lotus-youth-preserve-radiance-renewal-night-cream-pimprod2042752?sku=2617056,pimprod2042752
https://www.ulta.com/p/repairing-foot-masks-pimprod2043227?sku=2619631,pimprod2043227
https://www.ulta.com/p/retinol-youth-renewal-eye-serum-pimprod2012956?sku=2556345,pimprod2012956
https://www.ulta.com/p/skinactive-micellar-cleansing-water-makeup-remover-with-salicylic-acid-pimprod2049992?sku=2634848,pimprod2049992
https://www.ulta.com/p/im-rice-active-enzyme-exfoliating-cleanser-pimprod2019109?sku=2566861,pimprod2019109
https://www.ulta.com/p/ultra-sheer-face-serum-spf-60-pimprod2030654?sku=2592306,pimprod2030654
https://www.ulta.com/p/retinal-resculpt-eye-treatment-pimprod2042761?sku=2617678,pimprod2042761
https://www.ulta.com/p/morning-rays-brightening-eye-cream-pimprod2042840?sku=2619861,pimprod2042840
https://www.ulta.com/p/bronze-boost-glow-bronzing-drops-pimprod2045111?sku=2624254,pimprod2045111
https://www.ulta.com/p/active-sun-protection-set-pimprod2050465?sku=2635117,pimprod2050465
https://www.ulta.com/p/healthy-skin-barrier-bestsellers-set-pimprod2046253?sku=2626863,pimprod2046253
https://www.ulta.com/p/barrier-build-skin-protectant-cream-pimprod2049508?sku=2632903,pimprod2049508
https://www.ulta.com/p/triple-prep-weightless-multitasking-moisturizer-spf-40-face-sunscreen-pimprod2043911?sku=2620576,pimprod2043911
https://www.ulta.com/p/daily-reveal-exfoliating-pads-pimprod2017661?sku=2568086,pimprod2017661
https://www.ulta.com/p/baeside-sea-spray-self-tan-pimprod2049219?sku=2635120,pimprod2049219
https://www.ulta.com/p/super-stick-spf-45-face-stick-sunscreen-pimprod2044959?sku=2623030,pimprod2044959
https://www.ulta.com/p/powerful-strength-line-reducing-concentrate-pimprod2002968?sku=2536651,pimprod2002968
https://www.ulta.com/p/redermic-r-anti-aging-retinol-serum-pimprod2019904?sku=2575159,pimprod2019904
https://www.ulta.com/p/butter-illuminating-gradual-tanning-cream-pimprod2023605?sku=2579704,pimprod2023605
https://www.ulta.com/p/body-mini-illuminating-self-tan-drops-pimprod2034184?sku=2601145,pimprod2034184
https://www.ulta.com/p/retinol-correxion-max-daily-hydration-creme-pimprod2002111?sku=2534774,pimprod2002111
https://www.ulta.com/p/rouge-coco-baume-shine-hydrating-beautifying-tinted-lip-balm-buildable-color-pimprod2049563?sku=2633751,pimprod2049563
https://www.ulta.com/p/deep-pore-cleansing-soda-foam-pimprod2045873?sku=2626989,pimprod2045873
https://www.ulta.com/p/liquid-peelfoliant-exfoliator-pimprod2039843?sku=2612131,pimprod2039843
https://www.ulta.com/p/travel-size-ultra-facial-cleanser-pimprod2004868?sku=2544321,pimprod2004868
https://www.ulta.com/p/even-tone-super-glow-serum-with-10-l-ascorbic-acid-kojic-acid-pimprod2004074?sku=2542183,pimprod2004074
https://www.ulta.com/p/quadruple-hyaluronic-acid-serum-5-pimprod2045638?sku=2627244,pimprod2045638
https://www.ulta.com/p/travel-size-dew-glow-moisturizer-spf-50-pimprod2048770?sku=2632498,pimprod2048770
https://www.ulta.com/p/luminosity-eye-serum-cucumber-peptide-pimprod2035168?sku=2603237,pimprod2035168
https://www.ulta.com/p/toleriane-dermallergo-night-moisturizer-sensitive-skin-pimprod2002094?sku=2539628,pimprod2002094
https://www.ulta.com/p/miracle-clear-retinol-chin-mask-set-pimprod2046988?sku=2629925,pimprod2046988
https://www.ulta.com/p/stem-cellular-anti-wrinkle-best-sellers-kit-pimprod2014524?sku=2561331,pimprod2014524
https://www.ulta.com/p/multi-peptide-eye-cream-pimprod2045668?sku=2627352,pimprod2045668
https://www.ulta.com/p/a-day-in-sun-travel-kit-pimprod2041506?sku=2614940,pimprod2041506
https://www.ulta.com/p/glow-authorities-skincare-starter-set-pimprod2047173?sku=2628916,pimprod2047173
https://www.ulta.com/p/niacinamide-caffeine-eye-bright-cream-pimprod2036290?sku=2602810,pimprod2036290
https://www.ulta.com/p/daily-glow-tinted-moisturizer-spf-30-pimprod2049274?sku=2634915,pimprod2049274
https://www.ulta.com/p/ultra-repair-hydra-firm-night-cream-pimprod2022822?sku=2575650,pimprod2022822
https://www.ulta.com/p/lippe-balm-lip-moisturizer-pimprod2028076?sku=2588452,pimprod2028076
https://www.ulta.com/p/madagascar-centella-poremizing-fresh-ampoule-pimprod2045885?sku=2626859,pimprod2045885
https://www.ulta.com/p/mini-soy-ph-balanced-hydrating-face-wash-pimprod2046942?sku=2593080,pimprod2046942
https://www.ulta.com/p/redness-relief-azelaic-acid-serum-pimprod2033306?sku=2597522,pimprod2033306
https://www.ulta.com/p/travel-size-vitamin-c-complex-serum-pimprod2045693?sku=2627645,pimprod2045693
https://www.ulta.com/p/101-ointment-strawberry-phone-lip-balm-holder-pimprod2050213?sku=2635714,pimprod2050213
https://www.ulta.com/p/micellar-milk-froth-cleansing-gel-makeup-remover-pimprod2049360?sku=2632622,pimprod2049360
https://www.ulta.com/p/cocoshea-revitalizing-cream-pimprod2025807?sku=2585286,pimprod2025807
https://www.ulta.com/p/5-niacinamide-serum-with-ectoin-pimprod2048494?sku=2630331,pimprod2048494
https://www.ulta.com/p/hydrating-natural-watermelon-tanning-oil-spf15-pimprod2043239?sku=2619272,pimprod2043239
https://www.ulta.com/p/hydrating-dewy-gel-cream-moisturizer-with-hyaluronic-acid-ceramides-pimprod2050470?sku=2635396,pimprod2050470
https://www.ulta.com/p/sunny-honey-deluxe-kabuki-brush-pimprod2014570?sku=2564739,pimprod2014570
https://www.ulta.com/p/retrinal-01-intensive-multi-corrective-cream-pimprod2049602?sku=2635166,pimprod2049602
https://www.ulta.com/p/clarifying-exfoliant-with-2-salicylic-acid-pimprod2041859?sku=2615403,pimprod2041859
https://www.ulta.com/p/eye-want-cake-smoothing-hydrating-eye-patches-pimprod2050746?sku=2639238,pimprod2050746
https://www.ulta.com/p/over-night-hydrating-sleep-mask-pimprod2035928?sku=2600876,pimprod2035928
https://www.ulta.com/p/am-oil-control-moisturizer-with-broad-spectrum-spf-30-mineral-sunscreen-pimprod2041857?sku=2615401,pimprod2041857
https://www.ulta.com/p/classic-body-organic-sunscreen-lotion-spf-50-fragrance-free-pimprod2030631?sku=2591975,pimprod2030631
https://www.ulta.com/p/mini-hyper-real-serumizer-skin-balancing-hydration-serum-pimprod2037184?sku=2603732,pimprod2037184
https://www.ulta.com/p/advanced-night-cleansing-balm-with-lipid-rich-oil-infusion-pimprod2040397?sku=2611279,pimprod2040397
https://www.ulta.com/p/sensibio-micellar-cleansing-oil-face-cleanser-sensitive-skin-pimprod2050009?sku=2636043,pimprod2050009
https://www.ulta.com/p/most-loved-skincare-starter-set-pimprod2049899?sku=2634903,pimprod2049899
https://www.ulta.com/p/original-spf-70-sunscreen-lotion-pimprod2049515?sku=2635069,pimprod2049515
https://www.ulta.com/p/get-sprung-enriched-stretch-mark-oil-pimprod2034139?sku=2598137,pimprod2034139
https://www.ulta.com/p/daily-brightness-boosters-skincare-kit-pimprod2029814?sku=2588995,pimprod2029814
https://www.ulta.com/p/face-body-mitt-duo-pimprod2040083?sku=2614700,pimprod2040083
https://www.ulta.com/p/derm-correxion-contour-cream-face-neck-pimprod2033481?sku=2597365,pimprod2033481
https://www.ulta.com/p/supercharged-cheek-lip-multistick-pimprod2021340?sku=2574037,pimprod2021340
https://www.ulta.com/p/pro-collagen-hydrating-night-cream-pimprod2034312?sku=2599129,pimprod2034312
https://www.ulta.com/p/seaglow-resurfacing-face-scrub-pimprod2040557?sku=2612446,pimprod2040557
https://www.ulta.com/p/luxe-self-tan-tonic-glow-drops-pimprod2031116?sku=2592023,pimprod2031116
https://www.ulta.com/p/mineral-sunscreen-broad-spectrum-spf-50-face-body-lotion-pimprod2039988?sku=2611198,pimprod2039988
https://www.ulta.com/p/lusso-self-tanning-mousse-in-medium-dark-pimprod2039018?sku=2611577,pimprod2039018
https://www.ulta.com/p/poutscreen-lip-treatment-spf50-pimprod2049584?sku=2634952,pimprod2049584
https://www.ulta.com/p/glow-your-own-way-next-level-insanely-dark-clear-self-tan-gel-pimprod2037500?sku=2606148,pimprod2037500
https://www.ulta.com/p/cicalfate-intensive-skin-restorative-serum-pimprod2046264?sku=2625798,pimprod2046264
https://www.ulta.com/p/sensitive-skin-starter-kit-pimprod2040117?sku=2612059,pimprod2040117
https://www.ulta.com/p/acne-exfoliating-toner-pimprod2025469?sku=2582043,pimprod2025469
https://www.ulta.com/p/come-clean-detox-clay-mask-pimprod2035462?sku=2600870,pimprod2035462
https://www.ulta.com/p/multi-active-delivery-essence-hydration-pimprod2050415?sku=2637074,pimprod2050415
https://www.ulta.com/p/cc-red-correct-green-color-corrector-spf25-pimprod2005691?sku=2548341,pimprod2005691
https://www.ulta.com/p/nightcap-kit-gel-edition-pimprod2050169?sku=2635179,pimprod2050169
https://www.ulta.com/p/fade-away-5-benzol-peroxide-acne-spot-treatment-pimprod2041050?sku=2616744,pimprod2041050
https://www.ulta.com/p/retinol-correxion-line-smoothing-night-capsules-pimprod2012772?sku=2560712,pimprod2012772
https://www.ulta.com/p/dreamskin-care-perfect-a-skin-perfecting-filter-effect-pimprod2045585?sku=2625570,pimprod2045585
https://www.ulta.com/p/niacinamide-cleansing-gelee-3-pimprod2045669?sku=2627354,pimprod2045669
https://www.ulta.com/p/stem-cellular-anti-wrinkle-best-sellers-day-night-moisturizers-kit-pimprod2021203?sku=2578070,pimprod2021203
https://www.ulta.com/p/n1-de-chanel-revitalizing-serum-pimprod2029891?sku=2589598,pimprod2029891
https://www.ulta.com/p/peptide-fine-line-eye-gel-pimprod2047683?sku=2629995,pimprod2047683
https://www.ulta.com/p/plant-ceramide-rich-moisture-cream-pimprod2045654?sku=2627356,pimprod2045654
https://www.ulta.com/p/age-bright-clearing-serum-pimprod2006838?sku=2547229,pimprod2006838
https://www.ulta.com/p/pink-drink-firming-resurfacing-essence-pimprod2019470?sku=2573113,pimprod2019470
https://www.ulta.com/p/camellia-oil-2-in-1-makeup-remover-cleanser-pimprod2049179?sku=2634182,pimprod2049179
https://www.ulta.com/p/bright-eyed-100-mineral-eye-cream-spf-40-pimprod2036474?sku=2603505,pimprod2036474
https://www.ulta.com/p/tinted-express-tan-self-tan-mousse-pimprod2037335?sku=2606132,pimprod2037335
https://www.ulta.com/p/uv-reflect-antioxidant-spf-50-pimprod2045643?sku=2627247,pimprod2045643
https://www.ulta.com/p/superactive-wrinkle-fighting-moisturizer-spf-50-with-retinol-pimprod2050235?sku=2635511,pimprod2050235
https://www.ulta.com/p/hydrating-aqua-gel-microcurrent-activator-pimprod2025228?sku=2584630,pimprod2025228
https://www.ulta.com/p/coconut-hyaluronic-acid-sheet-mask-pimprod2046220?sku=2600010,pimprod2046220
https://www.ulta.com/p/banana-bright-instant-glow-moisturizer-with-vitamin-c-niacinamide-pimprod2043986?sku=2621630,pimprod2043986
https://www.ulta.com/p/travel-size-ultimate-sun-protector-lotion-spf-60-pimprod2043992?sku=2622105,pimprod2043992
https://www.ulta.com/p/play-lip-balm-spf-30-pimprod2043481?sku=2620423,pimprod2043481
https://www.ulta.com/p/travel-size-pro-collagen-cleansing-balm-pimprod2004741?sku=2533941,pimprod2004741
https://www.ulta.com/p/sun-balm-spf-30-untinted-pimprod2050840?sku=2636975,pimprod2050840
https://www.ulta.com/p/repairing-facial-spray-with-hypochlorous-acid-pimprod2046940?sku=2627016,pimprod2046940
https://www.ulta.com/p/ultra-facial-oil-free-gel-cream-pimprod2024047?sku=2579729,pimprod2024047
https://www.ulta.com/p/even-tone-essentials-starter-kit-pimprod2016350?sku=2567055,pimprod2016350
https://www.ulta.com/p/lip-mask-pimprod2038373?sku=2609962,pimprod2038373
https://www.ulta.com/p/dark-1-hour-express-aerated-self-tan-foam-pimprod2021804?sku=2572164,pimprod2021804
https://www.ulta.com/p/madagascar-centella-soothing-cream-pimprod2045887?sku=2626861,pimprod2045887
https://www.ulta.com/p/sakura-hyaluronic-acid-boosting-essence-pimprod2051261?sku=2635818,pimprod2051261
https://www.ulta.com/p/hello-results-wrinkle-reducing-daily-retinol-serum-in-cream-pimprod2020623?sku=2571942,pimprod2020623
https://www.ulta.com/p/sugar-advanced-therapy-treatment-lip-balm-pimprod2038301?sku=2609915,pimprod2038301
https://www.ulta.com/p/revitalift-triple-power-anti-aging-moisturizer-fragrance-free-pimprod2009091?sku=2554031,pimprod2009091
https://www.ulta.com/p/glow-your-own-way-shimmer-shimmering-clear-self-tan-gel-pimprod2043683?sku=2620047,pimprod2043683
https://www.ulta.com/p/redermic-r-anti-aging-retinol-eye-cream-pimprod2019703?sku=2574394,pimprod2019703
https://www.ulta.com/p/advanced-snail-mucin-gel-cleanser-pimprod2022892?sku=2577466,pimprod2022892
https://www.ulta.com/p/lip-repair-lip-balm-with-spf-30-pimprod2050544?sku=2636727,pimprod2050544
https://www.ulta.com/p/bakuchiol-oil-blend-dry-skin-pimprod2027917?sku=2589111,pimprod2027917
https://www.ulta.com/p/powerbright-dark-spot-peel-pimprod2043527?sku=2619702,pimprod2043527
https://www.ulta.com/p/clear-start-clarifying-bacne-spray-pimprod2039126?sku=2609624,pimprod2039126
https://www.ulta.com/p/ultimate-sun-protector-lotion-spf-60-pimprod2043993?sku=2622106,pimprod2043993
https://www.ulta.com/p/1-retinol-night-oil-pimprod2033431?sku=2597671,pimprod2033431
https://www.ulta.com/p/advanced-night-repair-moisturizing-overnight-treatment-pimprod2045674?sku=2625265,pimprod2045674
https://www.ulta.com/p/skincare-starting-lineup-travel-size-skincare-discovery-kit-pimprod2045197?sku=2624286,pimprod2045197
https://www.ulta.com/p/hydrating-face-cream-pimprod2024886?sku=2583622,pimprod2024886
https://www.ulta.com/p/essential-energy-hydrating-cream-pimprod2029345?sku=2589232,pimprod2029345
https://www.ulta.com/p/o-bloos-rosi-blush-drops-pimprod2028058?sku=2588472,pimprod2028058
https://www.ulta.com/p/mineral-sunscreen-multi-defense-fluid-tinted-spf-50-pimprod2046267?sku=2625801,pimprod2046267
https://www.ulta.com/p/miracle-patch-retinol-spot-cover-pimprod2046989?sku=2629924,pimprod2046989
https://www.ulta.com/p/confidence-in-your-beauty-sleep-serum-pimprod2036576?sku=2603615,pimprod2036576
https://www.ulta.com/p/travel-size-moisture-surge-face-spray-thirsty-skin-relief-pimprod2021154?sku=2574626,pimprod2021154
https://www.ulta.com/p/mini-honey-halo-ultra-hydrating-ceramide-moisturizer-pimprod2049449?sku=2635154,pimprod2049449
https://www.ulta.com/p/renergie-hcf-triple-serum-eye-pimprod2047154?sku=2626655,pimprod2047154
https://www.ulta.com/p/play-it-cool-freezable-sheet-mask-pimprod2046223?sku=2616692,pimprod2046223
https://www.ulta.com/p/mini-cult-classic-purifying-face-cleanser-pimprod2004441?sku=2541834,pimprod2004441
https://www.ulta.com/p/skin-remedy-soothing-eye-gels-pimprod2050751?sku=2639241,pimprod2050751
https://www.ulta.com/p/hot-shot-sun-drops-pimprod2046131?sku=2627543,pimprod2046131
https://www.ulta.com/p/express-water-hydrating-self-tan-water-pimprod2038619?sku=2607909,pimprod2038619
https://www.ulta.com/p/ginzing-ultra-hydrating-energy-boosting-moisturizer-cream-pimprod2008580?sku=2552852,pimprod2008580
https://www.ulta.com/p/gold-magic-eye-gels-pimprod2046245?sku=2617032,pimprod2046245
https://www.ulta.com/p/je-ne-sais-quoi-hydrating-lip-balm-treatment-pimprod2033408?sku=2603951,pimprod2033408
https://www.ulta.com/p/revitalift-25-hyaluronic-acid-caffeine-under-eye-serum-pimprod2027972?sku=2586906,pimprod2027972
https://www.ulta.com/p/healing-balm-stick-pimprod2043225?sku=2619629,pimprod2043225
https://www.ulta.com/p/unseen-sunscreen-lip-protector-spf-30-pimprod2038032?sku=2606165,pimprod2038032
https://www.ulta.com/p/dew-good-illuminating-body-melt-lotion-spf-40-pimprod2049593?sku=2635103,pimprod2049593
https://www.ulta.com/p/atmosphere-protection-cream-pimprod2017698?sku=2570072,pimprod2017698
https://www.ulta.com/p/glow-even-brighter-set-pimprod2050787?sku=2636744,pimprod2050787
https://www.ulta.com/p/original-face-body-stick-spf-40-pimprod2049275?sku=2634916,pimprod2049275
https://www.ulta.com/p/travel-size-healing-ointment-tube-pimprod2018430?sku=2285366,pimprod2018430
https://www.ulta.com/p/super-lustrous-glass-shine-balm-pimprod2049340?sku=2634303,pimprod2049340
https://www.ulta.com/p/travel-size-play-everyday-lotion-spf-30-with-sunflower-extract-pa-pimprod2030601?sku=2589406,pimprod2030601
https://www.ulta.com/p/newyouth-collagen-cream-moisturizer-pimprod2045565?sku=2625742,pimprod2045565
https://www.ulta.com/p/intensive-eye-concentrate-wrinkles-plus-pimprod2022790?sku=2574717,pimprod2022790
https://www.ulta.com/p/gradual-tan-watermelon-firming-lotion-pimprod2031115?sku=2592022,pimprod2031115
https://www.ulta.com/p/star-bright-vitamin-c-discoloration-correcting-serum-pimprod2045119?sku=2623778,pimprod2045119
https://www.ulta.com/p/hydrating-moisturizing-cream-body-moisturizer-pimprod2028655?sku=2586929,pimprod2028655
https://www.ulta.com/p/peptide-collagen-hydrogel-eye-patch-pimprod2049890?sku=2634736,pimprod2049890
https://www.ulta.com/p/self-tan-supreme-violet-2-piece-kit-pimprod2049732?sku=2635408,pimprod2049732
https://www.ulta.com/p/a-shaba-complex-eye-serum-pimprod2038441?sku=2606314,pimprod2038441
https://www.ulta.com/p/vitamin-c-serum-with-niacinamide-sunflower-seed-oil-pimprod2047603?sku=2629908,pimprod2047603
https://www.ulta.com/p/peptide-skinjection-moisture-infusion-refillable-cream-pimprod2049936?sku=2635917,pimprod2049936
https://www.ulta.com/p/travel-size-hello-sunshine-invisible-face-sunscreen-spf-50-pimprod2051486?sku=2638690,pimprod2051486
https://www.ulta.com/p/magnetic-afterglow-cleanser-pimprod2051672?sku=2638668,pimprod2051672
https://www.ulta.com/p/mini-dynamic-skin-recovery-moisturizer-spf-50-pimprod2045124?sku=2624464,pimprod2045124
https://www.ulta.com/p/tlc-sukari-babyfacial-pimprod2028064?sku=2588437,pimprod2028064
https://www.ulta.com/p/shake-shake-spf-50-mineral-milk-face-sunscreen-pimprod2044960?sku=2623029,pimprod2044960
https://www.ulta.com/p/undaria-cleansing-body-polish-pimprod2039854?sku=2612447,pimprod2039854
https://www.ulta.com/p/midnight-recovery-concentrate-pimprod2002973?sku=2536653,pimprod2002973
https://www.ulta.com/p/vitamin-activ-cg-radiance-serum-pimprod2043844?sku=2620427,pimprod2043844
https://www.ulta.com/p/cryo-flash-instant-lift-effect-glow-boosting-face-mask-pimprod2040118?sku=2612180,pimprod2040118
https://www.ulta.com/p/hydro-boost-hydrating-facial-cleansing-gel-pimprod2035505?sku=2601044,pimprod2035505
https://www.ulta.com/p/pigmentclar-dark-circles-eye-cream-pimprod2043470?sku=2620405,pimprod2043470
https://www.ulta.com/p/self-tan-purity-mini-kit-pimprod2043260?sku=2620256,pimprod2043260
https://www.ulta.com/p/express-tan-1-hour-self-tan-extra-dark-mousse-pimprod2032194?sku=2594873,pimprod2032194
https://www.ulta.com/p/lip-smoothie-vitamin-c-peptide-lip-balm-pimprod2049461?sku=2635161,pimprod2049461
https://www.ulta.com/p/vitamin-enriched-smoothing-serum-with-niacinamide-pimprod2042900?sku=2617705,pimprod2042900
https://www.ulta.com/p/retinol-correxion-deep-wrinkle-targeted-patches-pimprod2037326?sku=2605694,pimprod2037326
https://www.ulta.com/p/cicaplast-hand-repair-cream-dry-hands-pimprod2043465?sku=2620370,pimprod2043465
https://www.ulta.com/p/luminous-skin-set-pimprod2051721?sku=2639782,pimprod2051721
https://www.ulta.com/p/travel-size-niacinamide-cleansing-gelee-3-pimprod2045691?sku=2627643,pimprod2045691
https://www.ulta.com/p/acne-treatment-bar-with-10-benzoyl-peroxide-pimprod2041855?sku=2615479,pimprod2041855
https://www.ulta.com/p/vitamin-e-vitalizing-sunscreen-spf-50-pimprod2038200?sku=2607857,pimprod2038200
https://www.ulta.com/p/skin-renewing-eye-cream-anti-aging-eye-treatment-all-skin-types-pimprod2033426?sku=2597414,pimprod2033426
https://www.ulta.com/p/solar-milk-clear-spf-50-clear-sunscreen-gel-pimprod2049361?sku=2632623,pimprod2049361
https://www.ulta.com/p/snail-rescue-intensive-wash-off-jelly-mask-pimprod2018402?sku=2567115,pimprod2018402
https://www.ulta.com/p/vitamin-bright-illuminating-eye-cream-pimprod2045667?sku=2627349,pimprod2045667
https://www.ulta.com/p/discovery-series-anti-wrinkle-trio-pimprod2043856?sku=2621015,pimprod2043856
https://www.ulta.com/p/high-potency-triple-retinol-renewal-serum-pimprod2049097?sku=2632048,pimprod2049097
https://www.ulta.com/p/dose-of-wisdom-bouncy-skin-reactivating-serum-pimprod2038473?sku=2607981,pimprod2038473
https://www.ulta.com/p/float-on-soothing-facial-oil-pimprod2035459?sku=2600867,pimprod2035459
https://www.ulta.com/p/ultra-light-facial-gel-with-hyaluronic-acid-all-skin-types-pimprod2039910?sku=2611323,pimprod2039910
https://www.ulta.com/p/future-renew-damage-reversal-night-cream-pimprod2039248?sku=2611734,pimprod2039248
https://www.ulta.com/p/mighty-patch-body-acne-pimple-patches-pimprod2049308?sku=2633262,pimprod2049308
https://www.ulta.com/p/clarifique-pro-solution-brightening-dark-spot-reducing-serum-pimprod2038452?sku=2606318,pimprod2038452
https://www.ulta.com/p/radiant-tone-cleansing-gel-pimprod2049161?sku=2634614,pimprod2049161
https://www.ulta.com/p/ascorbyl-glucoside-solution-12-vitamin-c-serum-pimprod2007131?sku=2551178,pimprod2007131
https://www.ulta.com/p/protect-plump-firming-hydrating-face-moisturizer-pimprod2019788?sku=2571139,pimprod2019788
https://www.ulta.com/p/clinique-icons-skincare-makeup-gift-set-pimprod2050157?sku=2635043,pimprod2050157
https://www.ulta.com/p/advanced-total-correct-serum-pimprod2046125?sku=2627331,pimprod2046125
https://www.ulta.com/p/mighty-patch-chin-acne-pimple-patches-pimprod2036974?sku=2605377,pimprod2036974
https://www.ulta.com/p/rice-polish-foaming-enzyme-powder-pimprod2049094?sku=2634118,pimprod2049094
https://www.ulta.com/p/mineral-lotion-spf-30-sunscreen-pimprod2032160?sku=2595583,pimprod2032160
https://www.ulta.com/p/squeeze-tube-lip-balm-pimprod2005414?sku=2545358,pimprod2005414
https://www.ulta.com/p/mighty-patch-micropoint-dark-spot-patches-pimprod2036978?sku=2605381,pimprod2036978
https://www.ulta.com/p/revitalift-triple-power-face-neck-moisturizer-spf-30-pimprod2050303?sku=2634619,pimprod2050303
https://www.ulta.com/p/contour-restore-tightening-sculpting-face-cream-pimprod2029311?sku=2588253,pimprod2029311
https://www.ulta.com/p/wrinkle-recode-moisture-rich-barrier-cream-pimprod2021156?sku=2570069,pimprod2021156
https://www.ulta.com/p/ultra-dark-express-aerated-self-tan-foam-pimprod2043235?sku=2619138,pimprod2043235
https://www.ulta.com/p/pure-retinol-night-repair-cream-pimprod2026902?sku=2586057,pimprod2026902
https://www.ulta.com/p/acne-oil-free-moisturizer-pimprod2025475?sku=2582044,pimprod2025475
https://www.ulta.com/p/hydrating-sheer-sunscreen-face-body-lotion-with-spf-30-pimprod2036753?sku=2606576,pimprod2036753
https://www.ulta.com/p/skincare-starting-lineup-full-size-skincare-discovery-kit-pimprod2045196?sku=2624257,pimprod2045196
https://www.ulta.com/p/beginner-retinol-gel-pimprod2042160?sku=2618406,pimprod2042160
https://www.ulta.com/p/porefessional-deep-retreat-pore-clearing-clay-mask-mini-pimprod2038019?sku=2606913,pimprod2038019
https://www.ulta.com/p/milky-whip-facial-cleanser-pimprod2045566?sku=2625741,pimprod2045566
https://www.ulta.com/p/goodbye-acne-therapeutic-sulfur-mask-pimprod2049939?sku=2636248,pimprod2049939
https://www.ulta.com/p/make-it-glow-continuous-spray-spf30-pimprod2032832?sku=2597427,pimprod2032832
https://www.ulta.com/p/squalane-oil-pimprod2024575?sku=2583063,pimprod2024575
https://www.ulta.com/p/travel-size-gentle-facial-cleanser-sensitive-skin-pimprod2042400?sku=2619670,pimprod2042400
https://www.ulta.com/p/lip-glaze-elixir-pimprod2046096?sku=2640666,pimprod2046096
https://www.ulta.com/p/deep-hydration-healthy-glow-daily-cream-fragrance-free-pimprod2028665?sku=2586971,pimprod2028665
https://www.ulta.com/p/hydrating-eye-cream-pimprod2024885?sku=2583621,pimprod2024885
https://www.ulta.com/p/water-drench-ice-facial-cooling-mist-pimprod2051855?sku=2639130,pimprod2051855
https://www.ulta.com/p/erase-it-all-makeup-cleansing-balm-vitamin-c-pimprod2046712?sku=2626029,pimprod2046712
https://www.ulta.com/p/double-cleanse-travel-size-duo-pimprod2040119?sku=2612397,pimprod2040119
https://www.ulta.com/p/4-in-1-radiant-renewal-skincare-wand-pimprod2037834?sku=2607609,pimprod2037834
https://www.ulta.com/p/pore-release-blackhead-solution-pimprod2036976?sku=2605379,pimprod2036976
https://www.ulta.com/p/play-100-mineral-sunscreen-stick-spf-50-pimprod2037486?sku=2606310,pimprod2037486
https://www.ulta.com/p/porefessional-smooth-sip-lightweight-gel-cream-moisturizer-pimprod2038021?sku=2606914,pimprod2038021
https://www.ulta.com/p/paradise-bound-spf-vault-pimprod2049759?sku=2636126,pimprod2049759
https://www.ulta.com/p/clear-face-oil-free-sunscreen-spf-50-pimprod2021433?sku=2576185,pimprod2021433
https://www.ulta.com/p/travel-size-maracuja-vegan-juicy-lip-balm-pimprod2021639?sku=2566171,pimprod2021639
https://www.ulta.com/p/hydro-boost-caffeine-eye-gel-cream-fragrance-free-pimprod2035834?sku=2601045,pimprod2035834
https://www.ulta.com/p/smiths-strawberry-lip-balm-tube-pimprod2036356?sku=2605918,pimprod2036356
https://www.ulta.com/p/ageless-radiant-kit-pimprod2049233?sku=2631460,pimprod2049233
https://www.ulta.com/p/biolumin-c-vitamin-c-eye-serum-pimprod2012567?sku=2556377,pimprod2012567
https://www.ulta.com/p/ceramic-slip-cleansing-gel-pimprod2007845?sku=2550156,pimprod2007845
https://www.ulta.com/p/retinol-correxion-line-smoothing-max-hydration-cream-pimprod2037330?sku=2605755,pimprod2037330
https://www.ulta.com/p/rose-strawberries-sheet-mask-pimprod2046228?sku=2621881,pimprod2046228
https://www.ulta.com/p/snail-booster-kit-pimprod2046545?sku=2629973,pimprod2046545
https://www.ulta.com/p/essential-c-foaming-gel-cleanser-pimprod2049020?sku=2631728,pimprod2049020
https://www.ulta.com/p/rescue-party-barrier-restore-serum-pimprod2042700?sku=2617477,pimprod2042700
https://www.ulta.com/p/smooth-skin-essentials-body-care-kit-pimprod2045711?sku=2625637,pimprod2045711
https://www.ulta.com/p/ultra-express-self-tanning-foam-pimprod2050217?sku=2634999,pimprod2050217
https://www.ulta.com/p/glass-skin-luminizing-stick-pimprod2049884?sku=2631435,pimprod2049884
https://www.ulta.com/p/essence-skincare-boosting-treatment-pimprod2049176?sku=2634120,pimprod2049176
https://www.ulta.com/p/hope-in-a-jar-water-cream-hyaluronic-glow-moisturizer-pimprod2029778?sku=2589219,pimprod2029778
https://www.ulta.com/p/microdermabrasion-facial-pimprod2021604?sku=2575377,pimprod2021604
https://www.ulta.com/p/restorative-night-cream-ceramide-camellia-pimprod2039424?sku=2612542,pimprod2039424
https://www.ulta.com/p/glow-baby-vitamin-c-booster-serum-pimprod2012333?sku=2556953,pimprod2012333
https://www.ulta.com/p/banana-bright-vitamin-cc-sticks-dark-circles-pimprod2042305?sku=2617229,pimprod2042305
https://www.ulta.com/p/gentle-daily-exfoliating-face-pads-pimprod2033984?sku=2599130,pimprod2033984
https://www.ulta.com/p/mini-rose-hyaluronic-acid-deep-hydration-toner-pimprod2051201?sku=2584154,pimprod2051201
https://www.ulta.com/p/hydra-essentiel-silky-moisturizer-with-double-hyaluronic-acid-pimprod2037565?sku=2606367,pimprod2037565
https://www.ulta.com/p/capture-totale-le-serum-pimprod2049573?sku=2633719,pimprod2049573
https://www.ulta.com/p/jelly-wave-lush-lip-oil-pimprod2050801?sku=2636869,pimprod2050801
https://www.ulta.com/p/unicorn-fruit-skin-brightening-deodorant-pimprod2033779?sku=2598715,pimprod2033779
https://www.ulta.com/p/daily-glow-face-moisturizer-pimprod2050084?sku=2635567,pimprod2050084
https://www.ulta.com/p/cold-plasma-plus-sub-dneck-pimprod2014561?sku=2606424,pimprod2014561
https://www.ulta.com/p/black-tea-anti-aging-eye-cream-with-retinol-alternative-bt-matrix-pimprod2043916?sku=2620775,pimprod2043916
https://www.ulta.com/p/collagen-cushion-lip-trio-pimprod2050697?sku=2638244,pimprod2050697
https://www.ulta.com/p/powerbright-dark-spot-serum-pimprod2022851?sku=2576504,pimprod2022851
https://www.ulta.com/p/miracle-clear-exfoliating-cleanser-pimprod2046980?sku=2629906,pimprod2046980
https://www.ulta.com/p/moon-glow-milky-moisturizing-toning-lotion-pimprod2032522?sku=2597589,pimprod2032522
https://www.ulta.com/p/dewy-lip-gloss-balm-pimprod2045187?sku=2623847,pimprod2045187
https://www.ulta.com/p/cryo-recovery-depuffing-eye-serum-pimprod2043311?sku=2619587,pimprod2043311
https://www.ulta.com/p/hello-kitty-moisture-remedy-body-balm-strawberry-oat-milk-pimprod2044158?sku=2622652,pimprod2044158
https://www.ulta.com/p/gentle-makeup-removing-wipes-fragrance-alcohol-free-pimprod2036470?sku=2605919,pimprod2036470
https://www.ulta.com/p/cicaplast-gel-b5-skin-protectant-repair-gel-pimprod2043458?sku=2620362,pimprod2043458
https://www.ulta.com/p/vitamin-enriched-eye-base-primer-moisturizer-with-hyaluronic-acid-pimprod2025027?sku=2583726,pimprod2025027
https://www.ulta.com/p/banana-aloe-sheet-mask-pimprod2046233?sku=2621773,pimprod2046233
https://www.ulta.com/p/milk-scrub-oat-goat-milk-exfoliating-facial-cleanser-pimprod2036763?sku=2630022,pimprod2036763
https://www.ulta.com/p/daily-spf-32-mineral-facial-sunscreen-pimprod2024049?sku=2582487,pimprod2024049
https://www.ulta.com/p/skin-renewing-vitamin-c-eye-cream-anti-aging-eye-treatment-dark-circles-puffiness-pimprod2050047?sku=2625699,pimprod2050047
https://www.ulta.com/p/glass-skin-renewal-travel-size-duo-pimprod2040121?sku=2612399,pimprod2040121
https://www.ulta.com/p/mineral-sunscreen-multi-defense-fluid-spf-50-pimprod2046266?sku=2625800,pimprod2046266
https://www.ulta.com/p/aquamarine-melt-hydrating-gel-balm-cleanser-pimprod2049358?sku=2632249,pimprod2049358
https://www.ulta.com/p/floating-under-eyes-depuffing-gel-pads-pimprod2032228?sku=2594309,pimprod2032228
https://www.ulta.com/p/plump-kin-retinol-firming-hydrogel-eye-patches-pimprod2034289?sku=2597680,pimprod2034289
https://www.ulta.com/p/radiant-tone-eye-cream-dark-circle-corrector-pimprod2049165?sku=2634618,pimprod2049165
https://www.ulta.com/p/microdelivery-2-step-resurfacing-peel-kit-pimprod2037932?sku=2605579,pimprod2037932
https://www.ulta.com/p/retinol-05-oil-with-super-vitamin-e-squalane-pimprod2038199?sku=2607856,pimprod2038199
https://www.ulta.com/p/best-in-class-spf-starter-kit-pimprod2049445?sku=2632760,pimprod2049445
https://www.ulta.com/p/a-passioni-retinol-cream-pimprod2028055?sku=2588469,pimprod2028055
https://www.ulta.com/p/sensitive-retinol-oil-pimprod2043270?sku=2620411,pimprod2043270
https://www.ulta.com/p/retinol-clearing-oil-pimprod2016392?sku=2565031,pimprod2016392
https://www.ulta.com/p/melting-balm-cleanser-pimprod2039811?sku=2611686,pimprod2039811
https://www.ulta.com/p/moisturizing-cream-with-pump-balanced-dry-skin-pimprod2008820?sku=2541606,pimprod2008820
https://www.ulta.com/p/sensitive-mineral-sunscreen-stick-spf-50-pimprod2043670?sku=2621974,pimprod2043670
https://www.ulta.com/p/play-100-mineral-lotion-spf-50-with-green-algae-pimprod2037485?sku=2606309,pimprod2037485
https://www.ulta.com/p/tanned-af-1-hour-self-tan-mousse-pimprod2023113?sku=2579909,pimprod2023113
https://www.ulta.com/p/multi-correxion-hydration-moisturizer-pimprod2046262?sku=2625751,pimprod2046262
https://www.ulta.com/p/sport-mineral-spf-50-lotion-pimprod2049198?sku=2634998,pimprod2049198
https://www.ulta.com/p/purple-ginseng-cleansing-balm-pimprod2045670?sku=2627357,pimprod2045670
https://www.ulta.com/p/renewing-cleansing-cream-pimprod2049021?sku=2631729,pimprod2049021
https://www.ulta.com/p/lotus-youth-preserve-line-texture-smoothing-moisturizer-pimprod2042751?sku=2617054,pimprod2042751
https://www.ulta.com/p/ahabha-rosewater-toner-pimprod2025805?sku=2585284,pimprod2025805
https://www.ulta.com/p/toleriane-rosaliac-anti-redness-face-moisturizer-sensitive-skin-pimprod2038740?sku=2610275,pimprod2038740
https://www.ulta.com/p/ocean-wave-cleanser-bi-phase-cleansing-oil-makeup-remover-pimprod2051755?sku=2632364,pimprod2051755
https://www.ulta.com/p/hydro-boost-cleansing-towelettes-twin-pack-pimprod2009510?sku=2554018,pimprod2009510
https://www.ulta.com/p/peptight-360-tightening-eye-serum-pimprod2017665?sku=2568088,pimprod2017665
https://www.ulta.com/p/mini-classic-spray-spf-50-pimprod2051595?sku=2639860,pimprod2051595
https://www.ulta.com/p/ultra-facial-cream-sunscreen-spf-30-pimprod2002941?sku=2536655,pimprod2002941
https://www.ulta.com/p/restore-renew-face-neck-multi-action-fragrance-free-cream-spf-30-pimprod2025410?sku=2582678,pimprod2025410
https://www.ulta.com/p/vitamin-c-glow-brightening-serum-pimprod2015172?sku=2566403,pimprod2015172
https://www.ulta.com/p/gold-glow-get-it-cooling-brightening-eye-balm-pimprod2040285?sku=2612356,pimprod2040285
https://www.ulta.com/p/restorative-hydro-hyaluronic-moisture-cream-pimprod2049018?sku=2631726,pimprod2049018
https://www.ulta.com/p/mighty-patch-fine-lines-patches-pimprod2045309?sku=2624661,pimprod2045309
https://www.ulta.com/p/pimple-correct-acne-clearing-gel-pen-pimprod2036977?sku=2605380,pimprod2036977
https://www.ulta.com/p/salicylic-acid-body-spray-2-pimprod2045695?sku=2627368,pimprod2045695
https://www.ulta.com/p/retinaldehyde-cream-serum-010-pimprod2045640?sku=2627246,pimprod2045640
https://www.ulta.com/p/instant-airbrush-tan-wash-off-pimprod2030193?sku=2589458,pimprod2030193
https://www.ulta.com/p/super-multi-corrective-eye-zone-treatment-pimprod2032126?sku=2594299,pimprod2032126
https://www.ulta.com/p/biolumin-c-vitamin-c-night-restore-serum-pimprod2046030?sku=2627113,pimprod2046030
https://www.ulta.com/p/mini-face-body-self-tan-drops-pimprod2030147?sku=2592828,pimprod2030147
https://www.ulta.com/p/madagascar-centella-hyalu-cica-blue-serum-pimprod2045882?sku=2626856,pimprod2045882
https://www.ulta.com/p/mineral-bronze-drops-spf50-pimprod2046953?sku=2629767,pimprod2046953
https://www.ulta.com/p/ultimate-solution-5-multitasking-eye-cream-pimprod2043800?sku=2620557,pimprod2043800
https://www.ulta.com/p/nutritious-2-in-1-foam-cleanser-face-mask-pore-minimizer-pimprod2038327?sku=2607432,pimprod2038327
https://www.ulta.com/p/dew-good-illuminating-serum-sunscreen-with-probiotic-technology-spf-30-pimprod2030633?sku=2591991,pimprod2030633
https://www.ulta.com/p/acqua-hydrating-self-tanning-face-mist-pimprod2040352?sku=2615520,pimprod2040352
https://www.ulta.com/p/benefiance-wrinkle-smoothing-cream-enriched-pimprod2008180?sku=2549744,pimprod2008180
https://www.ulta.com/p/advanced-snail-peptide-eye-cream-pimprod2014439?sku=2561092,pimprod2014439
https://www.ulta.com/p/vitamin-c-complex-cleanser-pimprod2045671?sku=2627358,pimprod2045671
https://www.ulta.com/p/play-body-mousse-spf-50-pimprod2043480?sku=2620421,pimprod2043480
https://www.ulta.com/p/crystal-spf-50-sunscreen-gel-pimprod2050216?sku=2635065,pimprod2050216
https://www.ulta.com/p/gradual-tanning-butter-pimprod2049588?sku=2635097,pimprod2049588
https://www.ulta.com/p/biolumin-c-vitamin-c-heat-aging-protector-spf-50-pimprod2049954?sku=2635497,pimprod2049954
https://www.ulta.com/p/skin-clearing-tool-set-travel-case-pimprod2046407?sku=2621770,pimprod2046407
https://www.ulta.com/p/mini-matcha-cleanse-daily-clarifying-gel-cleanser-pimprod2049114?sku=2634179,pimprod2049114
https://www.ulta.com/p/10-aha-lemonade-smoothing-scrub-pimprod2042283?sku=2636743,pimprod2042283
https://www.ulta.com/p/c-tango-multivitamin-eye-cream-pimprod2028097?sku=2588441,pimprod2028097
https://www.ulta.com/p/rescue-balm-post-blemish-recovery-cream-pimprod2030345?sku=2591984,pimprod2030345
https://www.ulta.com/p/mini-rapid-dark-spot-correcting-serum-pimprod2028641?sku=2587284,pimprod2028641
https://www.ulta.com/p/hello-kitty-plush-spa-headband-with-signature-bow-pink-pimprod2044163?sku=2623290,pimprod2044163
https://www.ulta.com/p/sun-shield-soft-glow-daily-face-spf-30-pimprod2038378?sku=2605239,pimprod2038378
https://www.ulta.com/p/dream-night-serum-with-bio-retinol-pimprod2050298?sku=2636246,pimprod2050298
https://www.ulta.com/p/radiant-reset-toner-pads-dark-spots-ingrown-hairs-pimprod2045737?sku=2627640,pimprod2045737
https://www.ulta.com/p/collagen-bank-daily-face-moisturizer-with-spf-30-pimprod2046251?sku=2625706,pimprod2046251
https://www.ulta.com/p/miracle-clear-barrier-cream-pimprod2046981?sku=2629907,pimprod2046981
https://www.ulta.com/p/body-fit-active-contouring-smoothing-gel-cream-pimprod2043938?sku=2620951,pimprod2043938
https://www.ulta.com/p/sheer-mineral-sunscreen-stick-spf-50-pimprod2049213?sku=2634596,pimprod2049213
https://www.ulta.com/p/hyaluronic-acid-serum-hydrating-plumping-pimprod2041072?sku=2616775,pimprod2041072
https://www.ulta.com/p/oh-mega-milk-fermented-barrier-boosting-facial-oil-pimprod2037793?sku=2606960,pimprod2037793
https://www.ulta.com/p/hello-kitty-advanced-body-cleanser-strawberry-oat-milk-pimprod2044157?sku=2622651,pimprod2044157
https://www.ulta.com/p/salicylic-acid-day-night-duo-pimprod2037844?sku=2606704,pimprod2037844
https://www.ulta.com/p/face-freezie-cooling-hydration-moisturizer-primer-pimprod2038044?sku=2605421,pimprod2038044
https://www.ulta.com/p/lip-repair-stick-pimprod2023023?sku=2578180,pimprod2023023
https://www.ulta.com/p/ginzing-energizing-gel-cream-with-caffeine-niacinamide-pimprod2033869?sku=2598935,pimprod2033869
https://www.ulta.com/p/hydro-boost-fragrance-free-gel-facial-cleanser-pimprod2035754?sku=2601193,pimprod2035754
https://www.ulta.com/p/ultimate-solution-5-multitasking-moisturizer-pimprod2037890?sku=2606103,pimprod2037890
https://www.ulta.com/p/green-clean-cleansing-balm-pimprod2051725?sku=2641201,pimprod2051725
https://www.ulta.com/p/acne-control-gel-blemish-treatment-with-aha-bha-acne-prone-skin-pimprod2028608?sku=2586059,pimprod2028608
https://www.ulta.com/p/revitalizing-supreme-youth-power-anti-aging-eye-balm-pimprod2031030?sku=2591396,pimprod2031030
https://www.ulta.com/p/rare-earth-deep-pore-cleansing-mask-pimprod2002902?sku=2536691,pimprod2002902
https://www.ulta.com/p/hydra-zen-glow-lightweight-liquid-moisturizer-with-hyaluronic-acid-pimprod2016440?sku=2562193,pimprod2016440
https://www.ulta.com/p/intensive-moisture-cleanser-pimprod2003121?sku=2535730,pimprod2003121
https://www.ulta.com/p/hydrating-sunscreen-milk-with-colloidal-oatmeal-broad-spectrum-spf-45-pimprod2050471?sku=2635397,pimprod2050471
https://www.ulta.com/p/dermapore-ultrasonic-pore-extractor-serum-infuser-pimprod2039799?sku=2612165,pimprod2039799
https://www.ulta.com/p/derm-correxion-dual-eye-cream-with-advanced-retinol-peptides-pimprod2039638?sku=2611732,pimprod2039638
https://www.ulta.com/p/03-retinol-complex-face-serum-with-peptides-pimprod2048137?sku=2632071,pimprod2048137
https://www.ulta.com/p/micro-dose-anti-aging-retinol-serum-pimprod2027029?sku=2583214,pimprod2027029
https://www.ulta.com/p/daily-glow-toner-with-niacinamide-pimprod2043312?sku=2619574,pimprod2043312
https://www.ulta.com/p/youth-boosting-blue-ty-sleep-night-oil-pimprod2049552?sku=2631985,pimprod2049552
https://www.ulta.com/p/moisture-boost-hydrogel-eye-patches-pimprod2011882?sku=2559382,pimprod2011882
https://www.ulta.com/p/crystal-butter-lip-balm-pimprod2050826?sku=2636361,pimprod2050826
https://www.ulta.com/p/vitamin-c-serum-pimprod2025806?sku=2585285,pimprod2025806
https://www.ulta.com/p/hueguard-invisible-sunscreen-stick-spf-50-pimprod2039105?sku=2609979,pimprod2039105
https://www.ulta.com/p/keep-it-clear-acne-foam-cleanser-pimprod2009337?sku=2549758,pimprod2009337
https://www.ulta.com/p/shampoo-fragrance-free-pimprod2024626?sku=2584266,pimprod2024626
https://www.ulta.com/p/vitamin-c-dark-circle-correcting-eye-serum-pimprod2014501?sku=2562510,pimprod2014501
https://www.ulta.com/p/niacinamide-15-serum-with-acetyl-glucosamine-zinc-pca-pimprod2038196?sku=2607695,pimprod2038196
https://www.ulta.com/p/anti-wrinkle-miracle-worker-line-correcting-moisturizer-pimprod2002773?sku=2535870,pimprod2002773
https://www.ulta.com/p/wakeup-honey-eye-cream-pimprod2049452?sku=2635157,pimprod2049452
https://www.ulta.com/p/rapid-relief-acne-sulfur-clay-mask-pimprod2040044?sku=2611710,pimprod2040044
https://www.ulta.com/p/black-tea-anti-aging-moisturizer-with-retinol-alternative-bt-matrix-pimprod2036988?sku=2603047,pimprod2036988
https://www.ulta.com/p/bye-bye-lines-hyaluronic-acid-serum-pimprod2026281?sku=2581360,pimprod2026281
https://www.ulta.com/p/application-mitt-pimprod2049217?sku=2635115,pimprod2049217
https://www.ulta.com/p/water-drench-hyaluronic-jelly-moisturizer-pimprod2049941?sku=2636251,pimprod2049941
https://www.ulta.com/p/hydrating-express-self-tan-mousse-pimprod2043285?sku=2620539,pimprod2043285
https://www.ulta.com/p/peach-blossom-classic-body-organic-sunscreen-spray-spf-70-pimprod2012875?sku=2561100,pimprod2012875
https://www.ulta.com/p/redness-relief-calming-cream-pimprod2033305?sku=2597521,pimprod2033305
https://www.ulta.com/p/back-self-tan-applicator-mitt-pimprod2046667?sku=2616631,pimprod2046667
https://www.ulta.com/p/hydra-zen-cream-pimprod2048816?sku=2630780,pimprod2048816
https://www.ulta.com/p/take-day-off-charcoal-cleansing-balm-makeup-remover-pimprod2036304?sku=2604463,pimprod2036304
https://www.ulta.com/p/serum-stick-line-smoothing-treatment-touch-up-balm-pimprod2049174?sku=2634104,pimprod2049174
https://www.ulta.com/p/skin-school-supplies-cleanser-refresher-course-set-combination-oily-pimprod2033959?sku=2598063,pimprod2033959
https://www.ulta.com/p/classic-body-organic-sunscreen-lotion-spf-30-pina-colada-pimprod2012266?sku=2561099,pimprod2012266
https://www.ulta.com/p/travel-size-classic-body-organic-sunscreen-spray-spf-50-pimprod2012273?sku=2561106,pimprod2012273
https://www.ulta.com/p/magic-melt-micellar-milk-pimprod2046688?sku=2626626,pimprod2046688
https://www.ulta.com/p/tolerance-control-skin-recovery-balm-pimprod2026570?sku=2586856,pimprod2026570
https://www.ulta.com/p/madagascar-centella-poremizing-light-gel-cream-pimprod2045886?sku=2626860,pimprod2045886
https://www.ulta.com/p/so-poreless-deep-exfoliating-scrub-pimprod2017781?sku=2567536,pimprod2017781
https://www.ulta.com/p/sunlit-skin-bronzing-tint-self-tan-serum-pimprod2050026?sku=2635404,pimprod2050026
https://www.ulta.com/p/hy-gen-energizing-hydrating-primer-serum-pimprod2037973?sku=2606196,pimprod2037973
https://www.ulta.com/p/deep-acne-invisible-liquid-patch-pimprod2039127?sku=2609310,pimprod2039127
https://www.ulta.com/p/full-size-hydra-gold-stars-2-piece-bestsellers-kit-pimprod2050241?sku=2636249,pimprod2050241
https://www.ulta.com/p/marine-clean-purifying-gel-cleanser-pimprod2040181?sku=2611760,pimprod2040181
https://www.ulta.com/p/mushroom-milk-better-aging-eye-cream-pimprod2042674?sku=2617049,pimprod2042674
https://www.ulta.com/p/pure-cold-pressed-rosehip-seed-oil-pimprod2024574?sku=2583061,pimprod2024574
https://www.ulta.com/p/all-about-snail-kit-dry-skin-dark-spots-pimprod2022891?sku=2577464,pimprod2022891
https://www.ulta.com/p/pure-retinol-1-retinol-night-concentrate-pimprod2033814?sku=2600934,pimprod2033814
https://www.ulta.com/p/blackhead-solutions-7-day-deep-pore-cleanse-face-scrub-pimprod2004197?sku=2541688,pimprod2004197
https://www.ulta.com/p/dewy-day-cream-rosehip-tremella-pimprod2039423?sku=2612541,pimprod2039423
https://www.ulta.com/p/radiance-15-vitamin-c-face-serum-pimprod2020076?sku=2574169,pimprod2020076
https://www.ulta.com/p/tinted-butter-balm-pimprod2039856?sku=2639707,pimprod2039856
https://www.ulta.com/p/protini-powerpeptide-resurfacing-serum-pimprod2028083?sku=2588475,pimprod2028083
https://www.ulta.com/p/effaclar-micro-exfoliating-astringent-toner-oily-skin-pimprod2043468?sku=2620402,pimprod2043468
https://www.ulta.com/p/travel-size-better-screen-uv-serum-sunscreen-spf-50-pimprod2046081?sku=2625271,pimprod2046081
https://www.ulta.com/p/1-2-3-glow-bestsellers-kit-pimprod2037911?sku=2606977,pimprod2037911
https://www.ulta.com/p/baeside-hydrating-sea-mist-tanning-water-pimprod2049227?sku=2635119,pimprod2049227
https://www.ulta.com/p/clearly-corrective-dark-spot-solution-pimprod2002971?sku=2536677,pimprod2002971
https://www.ulta.com/p/potent-c-power-brightening-hydra-gel-eye-patches-pimprod2020789?sku=2572669,pimprod2020789
Link,Product ID
https://www.ulta.com/p/10-benzoyl-peroxide-spot-treatment-pimprod2049187?sku=2634611,pimprod2049187
https://www.ulta.com/p/daily-dose-vitamin-c-spf-40-brightening-serum-pimprod2039693?sku=2613561,pimprod2039693
https://www.ulta.com/p/magic-night-moisturizer-with-retinol-pimprod2043346?sku=2619573,pimprod2043346
https://www.ulta.com/p/black-tea-firming-corset-cream-pimprod2032346?sku=2596055,pimprod2032346
https://www.ulta.com/p/hyaluronic-dew-cream-pimprod2015340?sku=2563774,pimprod2015340
https://www.ulta.com/p/2-aha-exfoliating-smoothing-pore-refining-toner-pimprod2041559?sku=2615539,pimprod2041559
https://www.ulta.com/p/sheer-mineral-face-liquid-drops-spf-50-pimprod2049214?sku=2634597,pimprod2049214
https://www.ulta.com/p/acne-heroes-acne-clearing-routine-pimprod2051854?sku=2639804,pimprod2051854
https://www.ulta.com/p/squishmallows-patty-ronnie-hydrocolloid-blemish-patches-pimprod2045932?sku=2628141,pimprod2045932
https://www.ulta.com/p/24-7-power-swipe-hydrating-day-night-treatment-eye-balm-pimprod2026425?sku=2584397,pimprod2026425
https://www.ulta.com/p/sunrise-smoothie-4-piece-lip-balm-pimprod2050248?sku=2636713,pimprod2050248
https://www.ulta.com/p/skin-renewing-nightly-exfoliating-treatment-anti-aging-face-serum-pimprod2028610?sku=2586061,pimprod2028610
https://www.ulta.com/p/vitamin-c-ester-ccc-ferulic-brightening-under-eye-cream-pimprod2034058?sku=2600838,pimprod2034058
https://www.ulta.com/p/miffy-tone-perfecting-spf-cushion-set-pimprod2050818?sku=2639438,pimprod2050818
https://www.ulta.com/p/be-juicy-skin-animated-corgi-face-mask-pimprod2037779?sku=2605495,pimprod2037779
https://www.ulta.com/p/hyaluronic-acid-ceramide-capsules-hydra-plumping-serum-pimprod2020132?sku=2573997,pimprod2020132
https://www.ulta.com/p/n1-de-chanel-cream-plumps-smooths-protects-pimprod2049560?sku=2633764,pimprod2049560
https://www.ulta.com/p/chill-baby-cooling-cryo-globes-pimprod2037441?sku=2605504,pimprod2037441
https://www.ulta.com/p/even-smoother-glycolic-retinol-hydra-gel-eye-patches-pimprod2039380?sku=2609608,pimprod2039380
https://www.ulta.com/p/moisturizing-shea-butter-sweet-almond-oil-youth-cream-pimprod2045865?sku=2626224,pimprod2045865
https://www.ulta.com/p/shimmer-coconut-oil-skin-moisturizer-pimprod2049209?sku=2634600,pimprod2049209
https://www.ulta.com/p/calm-restore-makeup-remover-wipes-pimprod2028510?sku=2587059,pimprod2028510
https://www.ulta.com/p/pm-balancing-repair-moisturizer-with-niacinamide-pimprod2041858?sku=2615402,pimprod2041858
https://www.ulta.com/p/double-fix-lips-plumping-vertical-line-treatment-pimprod2008231?sku=2550572,pimprod2008231
https://www.ulta.com/p/lippy-pal-pimprod2022968?sku=2578378,pimprod2022968
https://www.ulta.com/p/clarifying-body-spray-with-salicylic-acid-pimprod2045717?sku=2627166,pimprod2045717
https://www.ulta.com/p/clear-face-serum-sunscreen-with-green-tea-spf-60-pimprod2037068?sku=2606097,pimprod2037068
https://www.ulta.com/p/self-tanning-face-booster-drops-pimprod2030013?sku=2588576,pimprod2030013
https://www.ulta.com/p/mini-strength-trainer-peptide-boost-moisturizer-pimprod2042299?sku=2617228,pimprod2042299
https://www.ulta.com/p/pochacco-under-eye-patches-pimprod2050320?sku=2635076,pimprod2050320
https://www.ulta.com/p/clean-it-zero-nourishing-cleansing-balm-pimprod2044010?sku=2555799,pimprod2044010
https://www.ulta.com/p/retrinal-eye-advanced-3-in-1-eye-cream-pimprod2049192?sku=2635458,pimprod2049192
https://www.ulta.com/p/age-perfect-cell-renewal-anti-aging-eye-cream-treatment-pimprod2027966?sku=2586724,pimprod2027966
https://www.ulta.com/p/day-night-serum-travel-size-duo-pimprod2040120?sku=2612398,pimprod2040120
https://www.ulta.com/p/mineral-sheer-stick-spf-30-mineral-sunscreen-pimprod2043901?sku=2620894,pimprod2043901
https://www.ulta.com/p/hello-kitty-10-piece-lip-balm-party-pack-pimprod2038315?sku=2607678,pimprod2038315
https://www.ulta.com/p/dr-weil-origins-mega-mushroom-relief-resilience-soothing-treatment-lotion-pimprod2031368?sku=2593778,pimprod2031368
https://www.ulta.com/p/led-gua-sha-device-pimprod2049976?sku=2636498,pimprod2049976
https://www.ulta.com/p/travel-size-sunscreen-lotion-spf-30-pimprod2014602?sku=2564527,pimprod2014602
https://www.ulta.com/p/anti-wrinkle-miracle-worker-line-correcting-overnight-cream-pimprod2002775?sku=2535869,pimprod2002775
https://www.ulta.com/p/pompompurin-hydrogel-under-eye-patches-pimprod2050322?sku=2635078,pimprod2050322
https://www.ulta.com/p/travel-size-revitalizing-supreme-youth-power-cream-moisturizer-pimprod2030773?sku=2591735,pimprod2030773
https://www.ulta.com/p/glow-cycle-skincare-set-pimprod2042308?sku=2617231,pimprod2042308
https://www.ulta.com/p/deeper-conditioner-fragrance-free-pimprod2024623?sku=2584261,pimprod2024623
https://www.ulta.com/p/targeted-wrinkle-corrector-treatment-pimprod2029913?sku=2589064,pimprod2029913
https://www.ulta.com/p/healing-ointment-help-protect-soothe-dry-very-dry-skin-pimprod2013146?sku=2559622,pimprod2013146
https://www.ulta.com/p/oil-control-mattifying-moisturizer-pimprod2039973?sku=2611404,pimprod2039973
https://www.ulta.com/p/age-perfect-cell-renewal-midnight-hydrating-serum-pimprod2027969?sku=2586726,pimprod2027969
https://www.ulta.com/p/jade-gua-sha-skincare-tool-pimprod2037084?sku=2605590,pimprod2037084
https://www.ulta.com/p/kp-bump-boss-microderm-body-scrub-pimprod2026546?sku=2583373,pimprod2026546
https://www.ulta.com/p/glow-strong-mini-moisturizer-eye-cream-duo-pimprod2042297?sku=2617235,pimprod2042297
https://www.ulta.com/p/baeside-searum-drops-pimprod2049225?sku=2635122,pimprod2049225
https://www.ulta.com/p/clarifique-pore-refining-cleanser-pimprod2050087?sku=2632957,pimprod2050087
https://www.ulta.com/p/rose-hydration-pore-minimizing-mist-pimprod2032349?sku=2595198,pimprod2032349
https://www.ulta.com/p/glow-libre-vitamin-c-brightening-serum-pimprod2036528?sku=2605272,pimprod2036528
https://www.ulta.com/p/serene-soak-bubble-bath-essence-pimprod2050805?sku=2636763,pimprod2050805
https://www.ulta.com/p/high-potency-night-a-mins-resurfacing-cream-pimprod2050072?sku=2635390,pimprod2050072
https://www.ulta.com/p/hello-sunshine-spf-50-pa-pimprod2045017?sku=2624005,pimprod2045017
https://www.ulta.com/p/get-a-lift-firming-facial-cream-pimprod2039303?sku=2606348,pimprod2039303
https://www.ulta.com/p/mini-ultimate-solution-5-multitasking-moisturizer-pimprod2038115?sku=2605478,pimprod2038115
https://www.ulta.com/p/mega-mushroom-dark-spot-brightening-face-serum-pimprod2049997?sku=2635328,pimprod2049997
https://www.ulta.com/p/collagen-hydrogel-mask-pimprod2030920?sku=2594810,pimprod2030920
https://www.ulta.com/p/bifida-biome-ampoule-toner-pimprod2045879?sku=2626874,pimprod2045879
https://www.ulta.com/p/daily-50-face-lotion-pimprod2043279?sku=2619924,pimprod2043279
https://www.ulta.com/p/daily-d-clog-pore-clearing-cleanser-pimprod2051660?sku=2639028,pimprod2051660
https://www.ulta.com/p/clinique-smart-night-clinical-md-multi-dimensional-repair-treatment-retinol-serum-pimprod2021089?sku=2572793,pimprod2021089
https://www.ulta.com/p/lip-smacker-aguas-frescas-lip-balm-pimprod2013884?sku=2563417,pimprod2013884
https://www.ulta.com/p/hydrabio-h2o-micellar-water-face-cleanser-dehydrated-skin-pimprod2050007?sku=2636041,pimprod2050007
https://www.ulta.com/p/advanced-retinol-nightly-multi-correct-serum-pimprod2034080?sku=2598834,pimprod2034080
https://www.ulta.com/p/microdelivery-exfoliating-facial-wash-pimprod2038250?sku=2605879,pimprod2038250
https://www.ulta.com/p/firming-face-oil-spf-30-pimprod2049594?sku=2635102,pimprod2049594
https://www.ulta.com/p/invisible-physical-defense-spf-30-pimprod2014440?sku=2560948,pimprod2014440
https://www.ulta.com/p/skin-barrier-rescue-kit-pimprod2046268?sku=2625802,pimprod2046268
https://www.ulta.com/p/hyaluron-activ-b3-concentrated-plumping-serum-pimprod2036540?sku=2605858,pimprod2036540
https://www.ulta.com/p/glow-getter-instant-bronzing-drops-pimprod2044315?sku=2621605,pimprod2044315
https://www.ulta.com/p/super-shield-face-mist-spf-50-pimprod2050082?sku=2635903,pimprod2050082
https://www.ulta.com/p/master-patch-intensive-hydrocolloid-patches-pimprod2023582?sku=2593350,pimprod2023582
https://www.ulta.com/p/lusso-self-tanning-mousse-travel-size-pimprod2043289?sku=2621971,pimprod2043289
https://www.ulta.com/p/absolue-revitalizing-brightening-soft-cream-pimprod2024436?sku=2606319,pimprod2024436
https://www.ulta.com/p/anti-aging-regenerative-serum-pimprod2008477?sku=2555004,pimprod2008477
https://www.ulta.com/p/n1-de-chanel-revitalizing-rich-cream-pimprod2037763?sku=2605435,pimprod2037763
https://www.ulta.com/p/amino-acids-b5-hydration-serum-pimprod2031531?sku=2595969,pimprod2031531
https://www.ulta.com/p/rich-revitalizing-nourishing-cream-pimprod2020818?sku=2577352,pimprod2020818
https://www.ulta.com/p/good-skin-forever-all-dewy-kit-pimprod2032769?sku=2594704,pimprod2032769
https://www.ulta.com/p/plum-bum-tightening-peptide-body-serum-pimprod2050377?sku=2636827,pimprod2050377
https://www.ulta.com/p/acne-prone-skin-patches-pimprod2048366?sku=2632859,pimprod2048366
https://www.ulta.com/p/superactive-deep-hydration-moisturizer-spf-50-with-hyaluronic-acid-pimprod2050236?sku=2635512,pimprod2050236
https://www.ulta.com/p/healthy-renew-purified-peptides-eye-gel-serum-pimprod2041296?sku=2611321,pimprod2041296
https://www.ulta.com/p/mini-lotus-youth-preserve-radiance-renewal-night-cream-pimprod2051235?sku=2617057,pimprod2051235
https://www.ulta.com/p/multi-action-clear-acne-control-system-pimprod2038156?sku=2606170,pimprod2038156
https://www.ulta.com/p/moisturizing-eye-bomb-eye-cream-pimprod2043262?sku=2619879,pimprod2043262
https://www.ulta.com/p/fix-microwand-starter-kit-pimprod2049687?sku=2627693,pimprod2049687
https://www.ulta.com/p/hydrating-eye-gel-cream-with-hyaluronic-acid-pimprod2036466?sku=2605960,pimprod2036466
https://www.ulta.com/p/hello-fab-coconut-skin-smoothie-priming-moisturizer-pimprod2030928?sku=2589262,pimprod2030928
https://www.ulta.com/p/chafe-cushion-pimprod2050420?sku=2636676,pimprod2050420
https://www.ulta.com/p/post-tan-drying-powder-pimprod2049638?sku=2634630,pimprod2049638
https://www.ulta.com/p/daily-50-face-gel-pimprod2043277?sku=2619923,pimprod2043277
https://www.ulta.com/p/clean-acne-blue-light-therapy-spot-treatment-pimprod2038436?sku=2606014,pimprod2038436
https://www.ulta.com/p/apple-cider-vinegar-kaolin-clay-mask-pimprod2046227?sku=2621878,pimprod2046227
https://www.ulta.com/p/most-loved-minis-pimprod2039935?sku=2612175,pimprod2039935
https://www.ulta.com/p/hyaluron-activ-b3-renewal-firming-cream-pimprod2043828?sku=2620350,pimprod2043828
https://www.ulta.com/p/cicalfate-lips-restorative-lip-cream-pimprod2020804?sku=2577166,pimprod2020804
https://www.ulta.com/p/clean-it-zero-pore-clarifying-cleansing-balm-pimprod2046933?sku=2573118,pimprod2046933
https://www.ulta.com/p/great-skin-starter-set-pimprod2050674?sku=2635206,pimprod2050674
https://www.ulta.com/p/countdown-new-years-pimprod2049072?sku=2631280,pimprod2049072
https://www.ulta.com/p/bleu-cloud-night-recovery-moisturizer-pimprod2036533?sku=2605278,pimprod2036533
https://www.ulta.com/p/future-renew-damage-reversal-eye-serum-pimprod2039249?sku=2611735,pimprod2039249
https://www.ulta.com/p/advanced-retinol-gel-pimprod2047677?sku=2629996,pimprod2047677
https://www.ulta.com/p/hydrating-sheer-tint-lip-balm-pimprod2043745?sku=2619173,pimprod2043745
https://www.ulta.com/p/multi-action-clear-gentle-daily-clarifying-cleanser-pimprod2037929?sku=2606166,pimprod2037929
https://www.ulta.com/p/le-lift-creme-yeux-smooths-firms-pimprod2030003?sku=2560173,pimprod2030003
https://www.ulta.com/p/24-7-moisture-day-night-peptide-lip-mask-pimprod2046127?sku=2626913,pimprod2046127
https://www.ulta.com/p/mineral-89-sunscreen-spf-30-pimprod2046284?sku=2625747,pimprod2046284
https://www.ulta.com/p/banana-bright-mineral-face-sunscreen-spf-30-pimprod2042274?sku=2617219,pimprod2042274
https://www.ulta.com/p/witch-hazel-brightening-ph-balancing-toner-pimprod2021597?sku=2575443,pimprod2021597
https://www.ulta.com/p/high-potency-triple-retinol-renewal-eye-serum-pimprod2049096?sku=2632047,pimprod2049096
https://www.ulta.com/p/limited-edition-dramatically-different-moisturizing-lotion-pimprod2047790?sku=2626888,pimprod2047790
https://www.ulta.com/p/daydream-creme-daily-lightweight-moisturizer-pimprod2036534?sku=2605279,pimprod2036534
https://www.ulta.com/p/superhue-hyperpigmentation-serum-stick-pimprod2030856?sku=2594039,pimprod2030856
https://www.ulta.com/p/hydrating-ceramide-serum-with-cica-allantoin-pimprod2047604?sku=2629909,pimprod2047604
https://www.ulta.com/p/turmeric-cranberry-seed-energizing-radiance-mask-pimprod2002945?sku=2536644,pimprod2002945
https://www.ulta.com/p/gradual-self-tanning-face-serum-pimprod2048135?sku=2631433,pimprod2048135
https://www.ulta.com/p/extra-firming-neck-decollete-moisturizer-pimprod2012805?sku=2556338,pimprod2012805
https://www.ulta.com/p/bifida-biome-complex-ampoule-pimprod2045871?sku=2626987,pimprod2045871
https://www.ulta.com/p/ultra-facial-overnight-hydrating-mask-with-105-squalane-pimprod2029848?sku=2590948,pimprod2029848
https://www.ulta.com/p/toleriane-dermo-cleanser-makeup-remover-pimprod2043463?sku=2620408,pimprod2043463
https://www.ulta.com/p/dream-booster-bakuchiol-better-aging-serum-pimprod2023216?sku=2621445,pimprod2023216
https://www.ulta.com/p/tula-x-krista-horton-moisture-lip-mask-mint-overnight-hydration-treatment-pimprod2050100?sku=2635376,pimprod2050100
https://www.ulta.com/p/super-fraiche-brightening-eye-cream-pimprod2050113?sku=2635604,pimprod2050113
https://www.ulta.com/p/travel-sizehydro-boost-gel-cream-fragrance-free-moisturizer-pimprod2041884?sku=2615485,pimprod2041884
https://www.ulta.com/p/dark-spot-serum-7-pro-niacinamide-treatment-pimprod2046126?sku=2626912,pimprod2046126
https://www.ulta.com/p/shimmer-after-sun-formula-pimprod2049210?sku=2634601,pimprod2049210
https://www.ulta.com/p/heartleaf-calming-cream-moisturizer-pimprod2049024?sku=2631735,pimprod2049024
https://www.ulta.com/p/b-perky-lift-firm-breast-mask-pimprod2012790?sku=2560651,pimprod2012790
https://www.ulta.com/p/magic-serum-fragrance-free-pimprod2030779?sku=2594153,pimprod2030779
https://www.ulta.com/p/plantscription-lifting-firming-cream-pimprod2042708?sku=2617134,pimprod2042708
https://www.ulta.com/p/3-in-1-hydrating-targeted-lip-filler-pimprod2026886?sku=2584510,pimprod2026886
https://www.ulta.com/p/purest-tanning-mousse-pimprod2041107?sku=2614545,pimprod2041107
https://www.ulta.com/p/bouncy-brightfacial-brightening-mask-pimprod2037712?sku=2604050,pimprod2037712
https://www.ulta.com/p/hydrating-serum-with-hyaluronic-acid-pimprod2033318?sku=2593739,pimprod2033318
https://www.ulta.com/p/niacinamide-gel-cream-5-pimprod2045653?sku=2627355,pimprod2045653
https://www.ulta.com/p/super-restorative-anti-aging-day-moisturizer-spf-15-pimprod2043927?sku=2620942,pimprod2043927
https://www.ulta.com/p/b3-nice-10-niacinamide-serum-pimprod2039391?sku=2591230,pimprod2039391
https://www.ulta.com/p/play-100-mineral-lotion-spf-30-with-green-algae-pimprod2037484?sku=2606308,pimprod2037484
https://www.ulta.com/p/day-night-dual-pack-pimprod2014587?sku=2564737,pimprod2014587
https://www.ulta.com/p/pure-goat-milk-facial-cleansing-wipes-pimprod2017588?sku=2569238,pimprod2017588
https://www.ulta.com/p/indigo-cleansing-balm-moisturizing-makeup-remover-pimprod2049100?sku=2634183,pimprod2049100
https://www.ulta.com/p/brighten-glow-face-moisturizer-with-vitamin-c-pimprod2042089?sku=2617637,pimprod2042089
https://www.ulta.com/p/chlorophyll-discoloration-serum-pimprod2042161?sku=2618407,pimprod2042161
https://www.ulta.com/p/pro-collagen-eye-revive-mask-pimprod2015077?sku=2564477,pimprod2015077
https://www.ulta.com/p/miracle-clear-complete-acne-serum-pimprod2046978?sku=2629910,pimprod2046978
https://www.ulta.com/p/mini-protini-polypeptide-firming-moisturizer-pimprod2028059?sku=2588474,pimprod2028059
https://www.ulta.com/p/mineral-blush-serum-sunscreen-spf-50-pimprod2047005?sku=2629793,pimprod2047005
https://www.ulta.com/p/everyday-sunscreen-tinted-face-lotion-spf-40-pimprod2049216?sku=2634613,pimprod2049216
https://www.ulta.com/p/crepe-erase-body-repair-treatment-pimprod2046052?sku=2626413,pimprod2046052
https://www.ulta.com/p/body-dust-top-toe-powder-pimprod2007772?sku=2549044,pimprod2007772
https://www.ulta.com/p/retinol-eye-cream-with-squalane-ceramides-pimprod2042091?sku=2617639,pimprod2042091
https://www.ulta.com/p/facial-shea-butter-pimprod2025813?sku=2585292,pimprod2025813
https://www.ulta.com/p/your-radiance-boosting-best-sellers-skincare-gift-set-pimprod2038996?sku=2607724,pimprod2038996
https://www.ulta.com/p/dew-beaucoup-copper-peptide-plumping-serum-pimprod2050114?sku=2635705,pimprod2050114
https://www.ulta.com/p/charcoal-detox-mask-pimprod2025809?sku=2585289,pimprod2025809
https://www.ulta.com/p/oil-milk-gentle-oat-cleanser-pimprod2015167?sku=2566404,pimprod2015167
https://www.ulta.com/p/ocean-cleansing-mudd-pimprod2043537?sku=2621329,pimprod2043537
https://www.ulta.com/p/fortifeye-toning-eye-patches-with-collagen-peptides-pimprod2013443?sku=2562260,pimprod2013443
https://www.ulta.com/p/tl-advanced-tightening-neck-cream-light-pimprod2039934?sku=2612172,pimprod2039934
https://www.ulta.com/p/hydra-beauty-camellia-water-cream-illuminating-hydrating-fluid-pimprod2029968?sku=2544825,pimprod2029968
https://www.ulta.com/p/uv-essentiel-complete-uv-protection-sunscreen-antioxidant-broad-spectrum-spf-50-pimprod2039894?sku=2611400,pimprod2039894
https://www.ulta.com/p/ultra-sheer-spf-50-zinc-mineral-sunscreen-stick-pimprod2032287?sku=2595047,pimprod2032287
https://www.ulta.com/p/porefessional-try-me-trio-minis-pimprod2049207?sku=2635916,pimprod2049207
https://www.ulta.com/p/mask-blast-off-3-piece-mask-kit-pimprod2050632?sku=2630084,pimprod2050632
https://www.ulta.com/p/multi-correxion-revive-glow-moisturizer-spf-30-pimprod2039636?sku=2611731,pimprod2039636
https://www.ulta.com/p/sweet-pineapple-honey-melon-herbal-lip-balm-spf-15-pimprod2045943?sku=2627338,pimprod2045943
https://www.ulta.com/p/liftactiv-vitamin-b3-face-serum-dark-spots-wrinkles-pimprod2030021?sku=2593347,pimprod2030021
https://www.ulta.com/p/bifida-biome-aqua-barrier-cream-pimprod2045870?sku=2626986,pimprod2045870
https://www.ulta.com/p/purity-made-simple-oil-free-mattifying-moisturizer-pimprod2017775?sku=2565516,pimprod2017775
https://www.ulta.com/p/pure-deep-cleansing-foam-pimprod2045874?sku=2626990,pimprod2045874
https://www.ulta.com/p/bright-plus-brightening-vitamin-c-niacinamide-dark-spot-serum-pimprod2049894?sku=2634900,pimprod2049894
https://www.ulta.com/p/invisiscar-resurfacing-treatment-pimprod2007161?sku=2566522,pimprod2007161
https://www.ulta.com/p/invisible-daily-defense-lotion-spf-60-pimprod2019316?sku=2573916,pimprod2019316
https://www.ulta.com/p/capture-totale-day-creme-pimprod2049572?sku=2633717,pimprod2049572
https://www.ulta.com/p/soak-it-up-80hr-liquid-moisturizer-normal-dry-skin-pimprod2043756?sku=2619953,pimprod2043756
https://www.ulta.com/p/all-about-clean-liquid-facial-soap-cleanser-mild-mini-pimprod2030044?sku=2590259,pimprod2030044
https://www.ulta.com/p/refreshing-water-plumping-gel-serum-sunscreen-spf-30-pimprod2043266?sku=2620583,pimprod2043266
https://www.ulta.com/p/hydro-boost-hyaluronic-acid-serum-pimprod2017009?sku=2570086,pimprod2017009
https://www.ulta.com/p/mini-ocean-wave-cleanser-bi-phase-cleansing-oil-makeup-remover-pimprod2051707?sku=2632363,pimprod2051707
https://www.ulta.com/p/cloud-cream-gel-water-hydrating-essence-moisturizer-pimprod2039302?sku=2631504,pimprod2039302
https://www.ulta.com/p/hyaluronic-acid-hydra-power-essence-pimprod2004958?sku=2542833,pimprod2004958
https://www.ulta.com/p/hello-kitty-rainbow-sherbet-macaron-lip-balm-pimprod2035936?sku=2547596,pimprod2035936
https://www.ulta.com/p/clear-start-clearing-defense-moisturizer-spf-30-pimprod2006536?sku=2547226,pimprod2006536
https://www.ulta.com/p/no-dark-circles-perfecting-eye-cream-pimprod2008015?sku=2552784,pimprod2008015
https://www.ulta.com/p/self-tan-hydrating-brightening-face-mist-pimprod2043679?sku=2620435,pimprod2043679
https://www.ulta.com/p/gimme-glow-down-facial-tan-mist-pimprod2037496?sku=2606145,pimprod2037496
https://www.ulta.com/p/vitamin-c-concentrated-antioxidant-serum-mini-pimprod2045722?sku=2625857,pimprod2045722
https://www.ulta.com/p/5-stars-retinoid-niacinamide-eye-serum-pimprod2027354?sku=2588396,pimprod2027354
https://www.ulta.com/p/milky-toner-with-hyaluronic-acid-pimprod2046249?sku=2623291,pimprod2046249
https://www.ulta.com/p/space-bar-detoxifying-charcoal-underarm-bar-pimprod2023452?sku=2577421,pimprod2023452
https://www.ulta.com/p/tea-tree-exfoliating-scrub-pimprod2027665?sku=2588528,pimprod2027665
https://www.ulta.com/p/midnight-milk-better-aging-sleep-mask-pimprod2036971?sku=2606961,pimprod2036971
https://www.ulta.com/p/love-yourself-kit-pimprod2051709?sku=2640507,pimprod2051709
https://www.ulta.com/p/ultra-facial-advanced-repair-barrier-cream-pimprod2036682?sku=2603779,pimprod2036682
https://www.ulta.com/p/ultra-sheer-lightweight-sunscreen-spray-spf-45-pimprod2032286?sku=2595099,pimprod2032286
https://www.ulta.com/p/hydrating-foaming-cream-cleanser-pimprod2036594?sku=2605917,pimprod2036594
https://www.ulta.com/p/leave-in-conditioner-fragrance-free-pimprod2047374?sku=2628762,pimprod2047374
https://www.ulta.com/p/stem-cellular-supergrape-youth-renew-serum-with-hyaluronic-acid-pimprod2033797?sku=2599037,pimprod2033797
https://www.ulta.com/p/dark-spot-vanish-patch-pimprod2044168?sku=2621519,pimprod2044168
https://www.ulta.com/p/clarifying-face-lotion-2-dry-combination-mini-pimprod2030896?sku=2590257,pimprod2030896
https://www.ulta.com/p/bright-reveal-12-percent-niacinamide-dark-spot-serum-pimprod2040388?sku=2613665,pimprod2040388
https://www.ulta.com/p/brighten-even-tone-with-vitamin-c-trial-kit-pimprod2046055?sku=2627164,pimprod2046055
https://www.ulta.com/p/hello-kitty-jelly-burst-lip-cheek-tint-pimprod2051280?sku=2636958,pimprod2051280
https://www.ulta.com/p/sensitive-skin-rescue-kit-pimprod2014509?sku=2560932,pimprod2014509
https://www.ulta.com/p/targeted-eye-depuffer-pimprod2041161?sku=2614432,pimprod2041161
https://www.ulta.com/p/ultra-pure-high-potency-15-hyaluronic-acid-serum-pimprod2038202?sku=2607903,pimprod2038202
https://www.ulta.com/p/body-breakout-patches-pimprod2045701?sku=2625853,pimprod2045701
https://www.ulta.com/p/hydra-essentiel-night-moisturizer-pimprod2046102?sku=2626924,pimprod2046102
https://www.ulta.com/p/super-c-dark-circle-brightening-eye-serum-pimprod2030922?sku=2591235,pimprod2030922
https://www.ulta.com/p/vitamin-c-ester-citrus-brightening-cleanser-pimprod2014556?sku=2561154,pimprod2014556
https://www.ulta.com/p/rapid-tone-repair-correcting-cream-pimprod2017033?sku=2570177,pimprod2017033
https://www.ulta.com/p/deep-dive-exfoliating-mask-pimprod2035464?sku=2600872,pimprod2035464
https://www.ulta.com/p/milky-fade-spot-scar-serum-pimprod2037889?sku=2608494,pimprod2037889
https://www.ulta.com/p/full-nights-sleep-cooling-blurring-undereye-balm-pimprod2032210?sku=2594977,pimprod2032210
https://www.ulta.com/p/hello-kitty-dessert-delights-blemish-patches-pimprod2050318?sku=2634928,pimprod2050318
https://www.ulta.com/p/comforting-eye-makeup-remover-with-hyaluronic-acid-pimprod2033424?sku=2597413,pimprod2033424
https://www.ulta.com/p/mineral-89-100h-rich-cream-fragrance-free-pimprod2049577?sku=2633769,pimprod2049577
https://www.ulta.com/p/hydro-boost-night-pressed-serum-pimprod2017008?sku=2570085,pimprod2017008
https://www.ulta.com/p/effaclar-cleansing-foaming-facial-cleanser-oily-skin-pimprod2043461?sku=2620401,pimprod2043461
https://www.ulta.com/p/revitalift-micro-hyaluronic-acid-ceramides-plumping-cream-pimprod2034717?sku=2600821,pimprod2034717
https://www.ulta.com/p/bright-skin-essentials-skin-care-kit-pimprod2045716?sku=2625686,pimprod2045716
https://www.ulta.com/p/oil-control-balancing-cleanser-pimprod2039971?sku=2611402,pimprod2039971
https://www.ulta.com/p/body-serum-pimprod2050808?sku=2636876,pimprod2050808
https://www.ulta.com/p/travel-size-hydro-boost-hyaluronic-acid-water-cream-fragrance-free-pimprod2041880?sku=2615511,pimprod2041880
https://www.ulta.com/p/firming-body-oil-mist-spf-30-pimprod2049592?sku=2635443,pimprod2049592
https://www.ulta.com/p/sunscreen-lotion-spf-50-xl-pimprod2043282?sku=2619926,pimprod2043282
https://www.ulta.com/p/goccia-di-sole-hydrating-self-tanning-serum-drops-face-body-pimprod2039022?sku=2611582,pimprod2039022
https://www.ulta.com/p/honey-glow-up-kit-pimprod2049458?sku=2635160,pimprod2049458
https://www.ulta.com/p/all-in-one-cleansing-micellar-milk-makeup-remover-very-drydry-pimprod2016767?sku=2567330,pimprod2016767
https://www.ulta.com/p/instantfirmxglow-filter-priming-serum-pimprod2044822?sku=2623409,pimprod2044822
https://www.ulta.com/p/ageless-10-phyto-procollagen-firming-anti-age-cream-pimprod2038769?sku=2609686,pimprod2038769
https://www.ulta.com/p/magic-powder-stay-dry-lotion-potion-pimprod2023422?sku=2577342,pimprod2023422
https://www.ulta.com/p/radiant-renewal-2-in-1-skincare-mini-pimprod2045327?sku=2624958,pimprod2045327
https://www.ulta.com/p/capture-totale-cell-energy-eye-serum-pimprod2036821?sku=2604542,pimprod2036821
https://www.ulta.com/p/healthy-renew-purified-peptides-face-serum-pimprod2041295?sku=2611320,pimprod2041295
https://www.ulta.com/p/first-class-oil-cleanser-pimprod2046686?sku=2626622,pimprod2046686
https://www.ulta.com/p/pro-collagen-energising-marine-cleanser-pimprod2021097?sku=2570296,pimprod2021097
https://www.ulta.com/p/micellar-skinactive-gentle-peeling-water-with-1-pha-glycolic-acid-pimprod2039920?sku=2611325,pimprod2039920
https://www.ulta.com/p/retinol-line-smoothing-hydro-gel-patches-pimprod2049743?sku=2635046,pimprod2049743
https://www.ulta.com/p/peptide-pro-duo-travel-kit-pimprod2049232?sku=2631353,pimprod2049232
https://www.ulta.com/p/ocean-cleansing-milk-pimprod2039709?sku=2612932,pimprod2039709
https://www.ulta.com/p/bye-acne-3-minute-blue-red-light-acne-treatment-pimprod2037913?sku=2607607,pimprod2037913
https://www.ulta.com/p/eye-bright-undereye-vitamin-c-spot-serum-mask-pimprod2012496?sku=2556962,pimprod2012496
https://www.ulta.com/p/cinnamoroll-under-eye-patches-pimprod2050319?sku=2635035,pimprod2050319
https://www.ulta.com/p/sugar-lip-scrub-stick-pimprod2050832?sku=2635685,pimprod2050832
https://www.ulta.com/p/hope-in-a-jar-biome-balance-glow-serum-pimprod2029783?sku=2589227,pimprod2029783
https://www.ulta.com/p/drying-patch-pimple-patches-pimprod2026876?sku=2584174,pimprod2026876
https://www.ulta.com/p/calm-restore-oat-gel-moisturizer-pimprod2017659?sku=2570004,pimprod2017659
https://www.ulta.com/p/dark-spots-microneedling-brightening-dots-pimprod2037905?sku=2607966,pimprod2037905
https://www.ulta.com/p/watermelon-tanning-oil-spf50-pimprod2051278?sku=2635100,pimprod2051278
https://www.ulta.com/p/clean-it-zero-best-of-balms-trio-pimprod2040970?sku=2615683,pimprod2040970
https://www.ulta.com/p/star-cream-salicylic-acid-pimprod2050151?sku=2632516,pimprod2050151
https://www.ulta.com/p/clear-start-cooling-aqua-jelly-moisturizer-pimprod2020863?sku=2572027,pimprod2020863
https://www.ulta.com/p/hydrate-glow-lip-oil-pimprod2044226?sku=2622757,pimprod2044226
https://www.ulta.com/p/mia-instant-body-glow-pimprod2039019?sku=2611580,pimprod2039019
https://www.ulta.com/p/milk-rx-compress-advanced-better-aging-sheet-mask-pimprod2049359?sku=2632621,pimprod2049359
https://www.ulta.com/p/re-quench-water-cream-hyaluronic-electrolyte-moisturizer-pimprod2014592?sku=2561083,pimprod2014592
https://www.ulta.com/p/porefessional-get-unblocked-makeup-removing-cleansing-oil-pimprod2038024?sku=2606911,pimprod2038024
https://www.ulta.com/p/plz-clarify-facial-oil-pimprod2052493?sku=2640371,pimprod2052493
https://www.ulta.com/p/star-bright-vitamin-c-moisturizer-pimprod2045120?sku=2623889,pimprod2045120
https://www.ulta.com/p/pro-collagen-glow-boost-exfoliator-pimprod2038833?sku=2608376,pimprod2038833
https://www.ulta.com/p/anti-wrinkle-cleanser-with-retinol-pimprod2010753?sku=2556320,pimprod2010753
https://www.ulta.com/p/3-in-1-pore-clarifying-cleanser-pimprod2046165?sku=2627972,pimprod2046165
https://www.ulta.com/p/rescue-c-brightening-vitamin-c-peptide-eye-cream-pimprod2039305?sku=2606350,pimprod2039305
https://www.ulta.com/p/hyper-glow-antioxidant-brighten-serum-pimprod2041073?sku=2616776,pimprod2041073
https://www.ulta.com/p/jelly-cleanser-pimprod2030877?sku=2592669,pimprod2030877
https://www.ulta.com/p/immediate-skin-revival-routine-discovery-set-pimprod2051264?sku=2639199,pimprod2051264
https://www.ulta.com/p/hello-kitty-under-eye-patches-pimprod2050321?sku=2635077,pimprod2050321
https://www.ulta.com/p/travel-size-confidence-in-a-cream-anti-aging-hydrating-moisturizer-pimprod2034362?sku=2598945,pimprod2034362
https://www.ulta.com/p/smart-response-serum-pimprod2024951?sku=2579732,pimprod2024951
https://www.ulta.com/p/extra-firming-energy-radiance-boosting-moisturizer-pimprod2026424?sku=2584395,pimprod2026424
https://www.ulta.com/p/wrinkle-retreat-light-therapy-face-mask-pimprod2049099?sku=2635672,pimprod2049099
https://www.ulta.com/p/deep-blemish-solution-pimprod2043411?sku=2620092,pimprod2043411
https://www.ulta.com/p/there-you-glow-gradual-tan-butter-pimprod2050347?sku=2635401,pimprod2050347
https://www.ulta.com/p/mini-glass-skin-refining-serum-pimprod2013973?sku=2560931,pimprod2013973
https://www.ulta.com/p/101-ointment-fruities-trio-pimprod2008028?sku=2548135,pimprod2008028
https://www.ulta.com/p/makeup-removing-towels-pimprod2037115?sku=2601788,pimprod2037115
https://www.ulta.com/p/plantscription-wrinkle-correction-eye-cream-with-encapsulated-retinol-pimprod2036592?sku=2605306,pimprod2036592
https://www.ulta.com/p/anti-wrinkle-retinol-renewal-cream-pimprod2010723?sku=2556321,pimprod2010723
https://www.ulta.com/p/dose-of-wisdom-dark-circle-brightening-eye-cream-pimprod2044432?sku=2621755,pimprod2044432
https://www.ulta.com/p/pur-mellow-eyes-hemp-hydrogel-eye-patches-pimprod2022419?sku=2576930,pimprod2022419
https://www.ulta.com/p/revitalizing-stick-pimprod2044582?sku=2622754,pimprod2044582
https://www.ulta.com/p/skin-rescue-pure-moisture-serum-with-1-pga-plant-algae-pimprod2045194?sku=2623832,pimprod2045194
https://www.ulta.com/p/niacinamide-5-txa-brightening-pad-pimprod2052160?sku=2641334,pimprod2052160
https://www.ulta.com/p/cherry-crush-lip-treatment-kit-pimprod2046511?sku=2622810,pimprod2046511
https://www.ulta.com/p/hydrance-rich-hydrating-cream-pimprod2020810?sku=2577173,pimprod2020810
https://www.ulta.com/p/best-of-bunch-4-piece-lip-balm-pimprod2044239?sku=2621920,pimprod2044239
https://www.ulta.com/p/velvet-biome-smoothing-silky-ointment-pimprod2049055?sku=2631360,pimprod2049055
https://www.ulta.com/p/full-spectrum-360-sun-silk-drops-organic-sunscreen-spf-30-pimprod2005696?sku=2547505,pimprod2005696
https://www.ulta.com/p/nutritic-lip-balm-very-dry-lips-pimprod2038118?sku=2606627,pimprod2038118
https://www.ulta.com/p/dark-spot-correcting-radiance-recovery-serum-pimprod2051758?sku=2637689,pimprod2051758
https://www.ulta.com/p/postbiotic-acne-serum-clear-balanced-skin-pimprod2032102?sku=2596548,pimprod2032102
https://www.ulta.com/p/pure-retinol-fragrance-free-eye-cream-pimprod2026903?sku=2586058,pimprod2026903
https://www.ulta.com/p/get-that-glow-glopro-facial-microneedling-discovery-set-pimprod2030802?sku=2592882,pimprod2030802
https://www.ulta.com/p/rapid-acne-spot-treatment-with-niacinamide-10-sulfur-pimprod2043754?sku=2619907,pimprod2043754
https://www.ulta.com/p/hope-in-a-jar-eye-revival-serum-in-cream-pimprod2029781?sku=2589223,pimprod2029781
https://www.ulta.com/p/vitamin-c-ester-ccc-ferulic-brightening-complex-20-pimprod2017615?sku=2568107,pimprod2017615
https://www.ulta.com/p/sensibio-foaming-gel-face-cleanser-sensitive-skin-pimprod2050006?sku=2636046,pimprod2050006
https://www.ulta.com/p/honey-orange-blossom-bodycare-minis-discovery-kit-pimprod2050848?sku=2634492,pimprod2050848
https://www.ulta.com/p/salicylic-acid-sheer-acne-day-dots-pimprod2037897?sku=2611382,pimprod2037897
https://www.ulta.com/p/healthy-renew-purified-peptides-night-cream-pimprod2041294?sku=2611318,pimprod2041294
https://www.ulta.com/p/acne-deep-pore-salicylic-acid-cleansing-wash-pimprod2003750?sku=2541152,pimprod2003750
https://www.ulta.com/p/eyelighter-concentrate-serum-depuffing-tool-pimprod2030729?sku=2592881,pimprod2030729
https://www.ulta.com/p/powerful-strength-dark-circle-reducing-vitamin-c-eye-serum-pimprod2014179?sku=2556331,pimprod2014179
https://www.ulta.com/p/azelaic-acid-10-hyaluron-redness-soothing-pad-pimprod2052155?sku=2641335,pimprod2052155
https://www.ulta.com/p/prisma-protect-moisturizer-spf-30-pimprod2004270?sku=2541755,pimprod2004270
https://www.ulta.com/p/7-rice-ceramide-hydrating-barrier-serum-pimprod2048927?sku=2634624,pimprod2048927
https://www.ulta.com/p/clean-it-zero-brightening-cleansing-balm-pimprod2035512?sku=2601149,pimprod2035512
https://www.ulta.com/p/ultimate-sun-protector-lotion-mineral-spf-60-pimprod2050467?sku=2635125,pimprod2050467
https://www.ulta.com/p/laboratories-line-correcting-booster-serum-pimprod2002770?sku=2540868,pimprod2002770
https://www.ulta.com/p/redness-relief-soothing-cleanser-pimprod2033307?sku=2597523,pimprod2033307
https://www.ulta.com/p/resveratrol-3-ferulic-acid-3-antioxidant-serum-brightening-pimprod2007106?sku=2551158,pimprod2007106
https://www.ulta.com/p/potent-c-niacinamide-discoloration-treatment-pimprod2044824?sku=2623411,pimprod2044824
https://www.ulta.com/p/kuromi-bye-bye-blackheads-printed-pore-strips-pimprod2040362?sku=2613334,pimprod2040362
https://www.ulta.com/p/beautiful-skin-island-glow-easy-tanning-drops-pimprod2050871?sku=2637379,pimprod2050871
https://www.ulta.com/p/potent-c-brightening-vitamin-c-moisturizer-pimprod2039378?sku=2609607,pimprod2039378
https://www.ulta.com/p/heartleaf-70-daily-lotion-pimprod2048926?sku=2634281,pimprod2048926
https://www.ulta.com/p/acai-your-boobies-boob-butter-pimprod2017267?sku=2568004,pimprod2017267
https://www.ulta.com/p/hyaluronic-hydrogel-sheet-mask-pimprod2004398?sku=2542037,pimprod2004398
https://www.ulta.com/p/travel-size-true-cream-aqua-bomb-hydrating-moisturizer-pimprod2046453?sku=2625736,pimprod2046453
https://www.ulta.com/p/hydrating-gentle-foaming-face-cleanser-pimprod2046104?sku=2626926,pimprod2046104
https://www.ulta.com/p/hydra-beauty-micro-creme-fortifying-replenishing-hydration-pimprod2029965?sku=2528711,pimprod2029965
https://www.ulta.com/p/bye-bye-breakout-salicylic-acid-acne-serum-pimprod2033095?sku=2598797,pimprod2033095
https://www.ulta.com/p/gentle-jelly-cleanser-lycopene-coconut-extract-pimprod2035161?sku=2603230,pimprod2035161
https://www.ulta.com/p/refreshing-water-cream-spf-50-pimprod2021554?sku=2575597,pimprod2021554
https://www.ulta.com/p/eye-recharge-replenish-pro-ferm-overnight-eye-cream-pimprod2048861?sku=2631558,pimprod2048861
https://www.ulta.com/p/milk-tint-spf-43-tinted-primer-serum-pimprod2044125?sku=2624068,pimprod2044125
https://www.ulta.com/p/tbt-serum-mandelic-acid-peptides-pimprod2035163?sku=2603232,pimprod2035163
https://www.ulta.com/p/skin-rescue-pure-glow-serum-with-10-vitamin-c-complex-rainbow-seaweed-pimprod2045192?sku=2623722,pimprod2045192
https://www.ulta.com/p/contour-restore-firming-moisture-balm-eyes-pimprod2029312?sku=2588254,pimprod2029312
https://www.ulta.com/p/maracuja-vegan-tinted-moisturizer-pimprod2014942?sku=2562231,pimprod2014942
https://www.ulta.com/p/sugar-recovery-lip-mask-advanced-therapy-pimprod2025056?sku=2584168,pimprod2025056
https://www.ulta.com/p/mini-24-7-moisture-hydrating-day-night-cream-pimprod2038064?sku=2577074,pimprod2038064
https://www.ulta.com/p/kombucha-antioxidant-facial-treatment-essence-pimprod2038399?sku=2605475,pimprod2038399
https://www.ulta.com/p/water-drench-hydra-besties-travel-kit-pimprod2051857?sku=2639196,pimprod2051857
https://www.ulta.com/p/acne-solutions-emergency-touch-stick-pimprod2047123?sku=2626902,pimprod2047123
https://www.ulta.com/p/best-of-ole-skincare-essentials-set-pimprod2051662?sku=2639760,pimprod2051662
https://www.ulta.com/p/glofacial-hydro-infusion-pore-cleansing-blue-led-clarifying-tool-pimprod2034125?sku=2598933,pimprod2034125
https://www.ulta.com/p/dual-sided-lip-scrubber-pimprod2014032?sku=2558272,pimprod2014032
https://www.ulta.com/p/mineral-89-eyes-hyaluronic-acid-eye-gel-cream-pimprod2007280?sku=2548794,pimprod2007280
https://www.ulta.com/p/taste-of-space-lip-milk-pimprod2043795?sku=2621774,pimprod2043795
https://www.ulta.com/p/anti-aging-tanning-serum-pimprod2044326?sku=2623611,pimprod2044326
https://www.ulta.com/p/watermelon-101-ointment-multi-balm-pimprod2023900?sku=2577304,pimprod2023900
https://www.ulta.com/p/lift-volumizing-hyaluronic-acid-face-concentrate-pimprod2010410?sku=2554757,pimprod2010410
https://www.ulta.com/p/anti-wrinkle-miracle-worker-line-correcting-eye-cream-pimprod2002778?sku=2535881,pimprod2002778
https://www.ulta.com/p/violet-ice-cold-plunge-pore-mask-pimprod2051658?sku=2639027,pimprod2051658
https://www.ulta.com/p/midnight-recovery-omega-rich-botanical-night-cream-pimprod2033135?sku=2594298,pimprod2033135
https://www.ulta.com/p/pore-purity-cleansing-clay-mask-pimprod2041128?sku=2615341,pimprod2041128
https://www.ulta.com/p/brighten-up-face-serum-pimprod2046224?sku=2620259,pimprod2046224
https://www.ulta.com/p/vitamin-c-cream-with-hyaluronic-acid-pimprod2036438?sku=2603440,pimprod2036438
https://www.ulta.com/p/chill-out-under-eye-balm-pimprod2046247?sku=2623292,pimprod2046247
https://www.ulta.com/p/meltdown-gel-cream-acne-prone-skin-pimprod2042454?sku=2615872,pimprod2042454
https://www.ulta.com/p/superfood-glow-priming-moisturiser-pimprod2022684?sku=2577527,pimprod2022684
https://www.ulta.com/p/exfoliating-lip-scrub-pimprod2044220?sku=2622599,pimprod2044220
https://www.ulta.com/p/purifying-gentle-foaming-face-cleanser-pimprod2046101?sku=2626922,pimprod2046101
https://www.ulta.com/p/clear-glow-sun-stick-spf50-pimprod2046162?sku=2629947,pimprod2046162
https://www.ulta.com/p/facial-radiance-niacinamide-dark-spot-serum-pimprod2043854?sku=2620969,pimprod2043854
https://www.ulta.com/p/hello-kitty-apple-of-my-eye-brightening-hydrogel-under-eye-patches-pimprod2033338?sku=2597453,pimprod2033338
https://www.ulta.com/p/repairing-facial-spray-with-hypochlorous-acid-pimprod2050152?sku=2635907,pimprod2050152
https://www.ulta.com/p/moisture-surge-intense-72h-lipid-replenishing-hydrator-moisturizer-mini-pimprod2026795?sku=2582925,pimprod2026795
https://www.ulta.com/p/tbt-clean-retinol-alternative-cream-pimprod2035164?sku=2603233,pimprod2035164
https://www.ulta.com/p/collagen-bank-daily-face-moisturizer-pimprod2046250?sku=2625705,pimprod2046250
https://www.ulta.com/p/pure-goat-milk-bodycare-minis-discovery-kit-pimprod2050849?sku=2634493,pimprod2050849
https://www.ulta.com/p/detox-drops-2-salicylic-acid-acne-toner-pimprod2051663?sku=2639029,pimprod2051663
https://www.ulta.com/p/clean-it-zero-calming-cleansing-balm-pimprod2044011?sku=2555800,pimprod2044011
https://www.ulta.com/p/moon-walk-gentle-exfoliating-serum-pimprod2042842?sku=2620079,pimprod2042842
https://www.ulta.com/p/dissolve-away-daily-cleansing-balm-pimprod2043269?sku=2620416,pimprod2043269
https://www.ulta.com/p/wrinklit-led-mask-pimprod2028106?sku=2587811,pimprod2028106
https://www.ulta.com/p/regenerist-retinol24-peptide-night-moisturizer-pimprod2007285?sku=2552782,pimprod2007285
https://www.ulta.com/p/clean-fresh-tinted-lip-balm-pimprod2029982?sku=2591372,pimprod2029982
https://www.ulta.com/p/ultimate-miracle-worker-resurfacing-body-serum-pimprod2044433?sku=2621756,pimprod2044433
https://www.ulta.com/p/pink-paradise-minis-3-piece-set-pimprod2050249?sku=2636714,pimprod2050249
https://www.ulta.com/p/mini-ahabha-exfoliating-cleanser-pimprod2026379?sku=2581041,pimprod2026379
https://www.ulta.com/p/rouge-coco-baume-satin-hydrating-beautifying-tinted-lip-balm-buildable-color-pimprod2030616?sku=2591840,pimprod2030616
https://www.ulta.com/p/raspberry-shortcake-101-ointment-multi-balm-pimprod2044336?sku=2621684,pimprod2044336
https://www.ulta.com/p/multi-correxion-hyaluronic-acid-daily-moisturizer-spf-30-pimprod2025449?sku=2582465,pimprod2025449
https://www.ulta.com/p/suncoverup-super-tint-broad-spectrum-spf-50-sunscreen-pimprod2048378?sku=2632217,pimprod2048378
https://www.ulta.com/p/super-c-night-vitamin-c-cream-pimprod2046846?sku=2626910,pimprod2046846
https://www.ulta.com/p/redness-relief-color-correcting-moisturizer-pimprod2037238?sku=2605747,pimprod2037238
https://www.ulta.com/p/skin-rescue-pure-smooth-serum-with-5-niacinamide-chebula-pimprod2045193?sku=2623758,pimprod2045193
https://www.ulta.com/p/porefessional-good-cleanup-foaming-cleanser-pimprod2038022?sku=2606909,pimprod2038022
https://www.ulta.com/p/vitamin-c-triple-exfoliating-facial-pimprod2022773?sku=2578209,pimprod2022773
https://www.ulta.com/p/super-serum-5-in-1-renewing-face-serum-pimprod2041031?sku=2615445,pimprod2041031
https://www.ulta.com/p/hydrating-jojoba-oil-aloe-vera-h2o-double-duty-mist-pimprod2045864?sku=2626223,pimprod2045864
https://www.ulta.com/p/positively-radiant-daily-face-moisturizer-with-spf-30-pimprod2035362?sku=2601075,pimprod2035362
https://www.ulta.com/p/pore-power-you-deep-cleansing-pore-strips-pimprod2043384?sku=2618578,pimprod2043384
https://www.ulta.com/p/mini-24-7-weightless-moisture-day-night-gel-cream-pimprod2049863?sku=2634425,pimprod2049863
https://www.ulta.com/p/classic-lotion-spf-30-sunscreen-pimprod2032164?sku=2595585,pimprod2032164
https://www.ulta.com/p/extra-dark-self-tan-drops-pimprod2032103?sku=2594875,pimprod2032103
https://www.ulta.com/p/revitalift-derm-intensives-night-serum-with-03-pure-retinol-pimprod2017418?sku=2569947,pimprod2017418
https://www.ulta.com/p/ultra-sheer-non-greasy-spf-60-face-sunscreen-stick-pimprod2049510?sku=2634860,pimprod2049510
https://www.ulta.com/p/even-smoother-glycolic-retinol-resurfacing-peel-pads-pimprod2029776?sku=2589203,pimprod2029776
https://www.ulta.com/p/rare-earth-deep-pore-daily-cleanser-pimprod2002897?sku=2536611,pimprod2002897
https://www.ulta.com/p/rice-70-glow-collagen-mask-pimprod2051307?sku=2640384,pimprod2051307
https://www.ulta.com/p/clear-improvement-blackhead-clearing-mask-scrub-pimprod2046033?sku=2626326,pimprod2046033
https://www.ulta.com/p/day-night-derm-duo-skincare-gift-set-pimprod2049137?sku=2632244,pimprod2049137
https://www.ulta.com/p/jade-roller-gua-sha-stone-facial-duo-pimprod2043632?sku=2617961,pimprod2043632
https://www.ulta.com/p/rapid-wrinkle-repair-retinol-pro-night-moisturizer-pimprod2035837?sku=2601053,pimprod2035837
https://www.ulta.com/p/absolue-eye-cream-pimprod2048824?sku=2630545,pimprod2048824
https://www.ulta.com/p/miracle-clear-brightening-triple-acid-exfoliant-pimprod2046979?sku=2629911,pimprod2046979
https://www.ulta.com/p/clear-skin-oil-free-moisturizer-zinc-oxide-sunscreen-spf-30-pimprod2043265?sku=2620330,pimprod2043265
https://www.ulta.com/p/extra-firming-smoothing-night-moisturizer-pimprod2031267?sku=2592833,pimprod2031267
https://www.ulta.com/p/miracle-clear-soothing-spot-gel-pimprod2046987?sku=2629926,pimprod2046987
https://www.ulta.com/p/night-rescue-overnight-brightening-stick-pimprod2040130?sku=2612673,pimprod2040130
https://www.ulta.com/p/cleanser-pimprod2025808?sku=2585288,pimprod2025808
https://www.ulta.com/p/smooth-glowing-skin-favorites-on-go-set-pimprod2043917?sku=2620786,pimprod2043917
https://www.ulta.com/p/24-7-moisture-minis-hydrating-moisturizer-trio-pimprod2046130?sku=2626915,pimprod2046130
https://www.ulta.com/p/cicalfate-hydrating-skin-recovery-emulsion-pimprod2035275?sku=2600371,pimprod2035275
https://www.ulta.com/p/tolerance-extremely-gentle-cleanser-lotion-pimprod2026572?sku=2586858,pimprod2026572
https://www.ulta.com/p/hyper-real-fresh-canvas-cream-foam-face-cleanser-pimprod2042890?sku=2618048,pimprod2042890
https://www.ulta.com/p/bright-eyes-illuminating-eye-cream-pimprod2045306?sku=2624659,pimprod2045306
https://www.ulta.com/p/mini-glass-skin-water-gel-moisturizer-pimprod2022178?sku=2575568,pimprod2022178
https://www.ulta.com/p/reusable-silicone-under-eye-mask-pimprod2030886?sku=2592001,pimprod2030886
https://www.ulta.com/p/pick-me-up-plumping-mask-with-hyaluronic-acid-pimprod2043876?sku=2620521,pimprod2043876
https://www.ulta.com/p/juicy-peptide-lip-balm-pimprod2046091?sku=2625730,pimprod2046091
https://www.ulta.com/p/rose-hyaluronic-acid-lightweight-moisturizer-pimprod2038854?sku=2608278,pimprod2038854
https://www.ulta.com/p/refreshing-remedies-skincare-gift-set-pimprod2049133?sku=2632242,pimprod2049133
https://www.ulta.com/p/calendula-herbal-extract-alcohol-free-toner-pimprod2002922?sku=2536693,pimprod2002922
https://www.ulta.com/p/regenerist-vitamin-c-peptide-24-hydrating-moisturizer-pimprod2027778?sku=2586031,pimprod2027778
https://www.ulta.com/p/hello-kitty-watermelon-macaron-lip-balm-pimprod2035935?sku=2562018,pimprod2035935
https://www.ulta.com/p/blackhead-solutions-self-heating-blackhead-extractor-with-salicylic-acid-pimprod2004196?sku=2541678,pimprod2004196
https://www.ulta.com/p/benefiance-wrinkle-smoothing-contour-serum-pimprod2017637?sku=2568287,pimprod2017637
https://www.ulta.com/p/ultimate-glow-2-piece-kit-pimprod2032755?sku=2598764,pimprod2032755
https://www.ulta.com/p/juicy-jelly-nourishing-lip-oil-pimprod2044227?sku=2622760,pimprod2044227
https://www.ulta.com/p/anti-chafe-stick-with-shea-butter-colloidal-oatmeal-pimprod2039599?sku=2611957,pimprod2039599
https://www.ulta.com/p/lift-luminate-triple-action-fragrance-free-night-cream-pimprod2029309?sku=2590087,pimprod2029309
https://www.ulta.com/p/tea-elixir-niacinamide-hyaluronic-acid-anti-aging-serum-pimprod2034178?sku=2598820,pimprod2034178
https://www.ulta.com/p/glow2oh-7-aha-exfoliating-dark-spot-toner-pimprod2042276?sku=2617147,pimprod2042276
https://www.ulta.com/p/hello-good-stuff-pore-minimizing-serum-pimprod2043695?sku=2618284,pimprod2043695
https://www.ulta.com/p/vegan-collagen-overnight-recovery-cream-pimprod2017152?sku=2566492,pimprod2017152
https://www.ulta.com/p/surfing-under-eyes-hydrating-treatment-gel-pads-pimprod2037134?sku=2604153,pimprod2037134
https://www.ulta.com/p/ultra-sheer-face-liquid-spf-70-mineral-sunscreen-pimprod2049502?sku=2634849,pimprod2049502
https://www.ulta.com/p/atoderm-intensive-balm-very-dry-atopic-skin-pimprod2050010?sku=2636040,pimprod2050010
https://www.ulta.com/p/dynamic-resurfacing-super-c-serum-pimprod2033169?sku=2599128,pimprod2033169
https://www.ulta.com/p/2-salicylic-acid-early-stage-acne-dot-pimprod2044203?sku=2622856,pimprod2044203
https://www.ulta.com/p/vitamin-activ-cg-radiance-intensive-cream-pimprod2049016?sku=2632902,pimprod2049016
https://www.ulta.com/p/cryoroll-ice-roller-mini-pimprod2049969?sku=2636496,pimprod2049969
https://www.ulta.com/p/lip-idole-butterglow-mini-2-piece-lip-balm-gift-set-pimprod2050772?sku=2636227,pimprod2050772
https://www.ulta.com/p/dual-sided-stainless-steel-beauty-roller-pimprod2028595?sku=2588696,pimprod2028595
https://www.ulta.com/p/targeted-tlc-mini-sheet-masks-pimprod2050779?sku=2632246,pimprod2050779
https://www.ulta.com/p/hydrance-boost-concentrated-hydrating-serum-pimprod2037832?sku=2605878,pimprod2037832
https://www.ulta.com/p/multi-correxion-hydration-serum-pimprod2046263?sku=2625752,pimprod2046263
https://www.ulta.com/p/kp-body-scrub-pimprod2035693?sku=2602868,pimprod2035693
https://www.ulta.com/p/universal-c-skin-refiner-20-vitamin-c-brightening-serum-pimprod2050410?sku=2636492,pimprod2050410
https://www.ulta.com/p/pure-retinol-correcting-facial-peel-pimprod2017720?sku=2567529,pimprod2017720
https://www.ulta.com/p/advanced-night-repair-eye-gel-cream-mini-pimprod2033259?sku=2597373,pimprod2033259
https://www.ulta.com/p/drying-duo-two-piece-kit-pimprod2037912?sku=2607951,pimprod2037912
https://www.ulta.com/p/peptide-skinjection-exfoliating-peel-pads-pimprod2043798?sku=2620556,pimprod2043798
https://www.ulta.com/p/redness-relief-soothing-serum-pimprod2037237?sku=2605746,pimprod2037237
https://www.ulta.com/p/seaglow-overnight-serum-aha-treatment-pimprod2033801?sku=2598883,pimprod2033801
https://www.ulta.com/p/retinol-hpr-ceramide-capsules-rapid-skin-renewing-serum-pimprod2046171?sku=2626923,pimprod2046171
https://www.ulta.com/p/moisturizing-shave-cream-pimprod2014470?sku=2561304,pimprod2014470
https://www.ulta.com/p/uv-plus-anti-pollution-antioxidant-face-sunscreen-spf-50-pimprod2043925?sku=2620935,pimprod2043925
https://www.ulta.com/p/no-transfer-self-tan-light-dark-body-mist-pimprod2043241?sku=2619140,pimprod2043241
https://www.ulta.com/p/stubble-cream-pimprod2004290?sku=2545163,pimprod2004290
https://www.ulta.com/p/order-of-eclipse-hyaluronic-cream-pimprod2033460?sku=2597528,pimprod2033460
https://www.ulta.com/p/truth-juice-gentle-glow-daily-cleanser-pimprod2042293?sku=2617234,pimprod2042293
https://www.ulta.com/p/travel-size-pure-skin-face-cleanser-pimprod2013849?sku=2559168,pimprod2013849
https://www.ulta.com/p/multi-action-clear-daily-brightening-retexturizing-toner-pimprod2038154?sku=2606167,pimprod2038154
https://www.ulta.com/p/radiance-vitamin-c-daily-brightening-moisturizer-pimprod2020107?sku=2574176,pimprod2020107
https://www.ulta.com/p/hyper-real-skincanvas-balm-moisturizing-cream-mini-pimprod2037190?sku=2604543,pimprod2037190
https://www.ulta.com/p/essential-energy-hydrating-day-cream-broad-spectrum-spf-20-pimprod2029344?sku=2589233,pimprod2029344
https://www.ulta.com/p/vegan-collagen-hydrate-plump-face-mask-pimprod2037438?sku=2605508,pimprod2037438
https://www.ulta.com/p/hello-kitty-luv-u-so-matcha-printed-essence-sheet-mask-pimprod2041538?sku=2615264,pimprod2041538
https://www.ulta.com/p/hydrating-lip-balm-pimprod2044218?sku=2622558,pimprod2044218
https://www.ulta.com/p/super-peptide-serum-with-advanced-peptide-complex-pimprod2012959?sku=2556666,pimprod2012959
https://www.ulta.com/p/cryo-chill-ice-beaded-face-mask-pimprod2039863?sku=2612550,pimprod2039863
https://www.ulta.com/p/3-step-acne-starter-kit-pimprod2047794?sku=2629903,pimprod2047794
https://www.ulta.com/p/barrier-booster-vitamin-c-milky-toner-essence-with-niacinamide-pimprod2042298?sku=2617227,pimprod2042298
https://www.ulta.com/p/mini-advanced-night-repair-synchronized-multi-recovery-complex-serum-pimprod2016846?sku=2568524,pimprod2016846
https://www.ulta.com/p/goat-milk-moisturizing-cleanser-pimprod2003141?sku=2538071,pimprod2003141
https://www.ulta.com/p/multi-vitamin-clear-coat-spf-50-pimprod2044297?sku=2622108,pimprod2044297
https://www.ulta.com/p/super-sized-clean-it-zero-pore-clarifying-cleansing-balm-pimprod2044008?sku=2625859,pimprod2044008
https://www.ulta.com/p/oil-free-gel-cream-moisturizer-pimprod2026556?sku=2587428,pimprod2026556
https://www.ulta.com/p/clarifying-tonic-alcohol-free-daily-toner-pimprod2045113?sku=2624256,pimprod2045113
https://www.ulta.com/p/future-renew-damage-reversal-day-cream-spf-25-pimprod2043250?sku=2620359,pimprod2043250
https://www.ulta.com/p/hyaluronic-tripeptide-gel-cream-eyes-pimprod2004440?sku=2541816,pimprod2004440
https://www.ulta.com/p/genifique-ultimate-mothers-day-3-piece-gift-set-pimprod2051899?sku=2636224,pimprod2051899
https://www.ulta.com/p/probiotic-yogurt-cream-mask-pimprod2046226?sku=2621877,pimprod2046226
https://www.ulta.com/p/travel-size-cc-red-correct-green-color-corrector-spf25-pimprod2018776?sku=2572682,pimprod2018776
https://www.ulta.com/p/stainless-steel-non-porous-body-gua-sha-pimprod2035142?sku=2602874,pimprod2035142
https://www.ulta.com/p/acai-your-boobies-boob-polish-pimprod2010491?sku=2555595,pimprod2010491
https://www.ulta.com/p/sugar-strawberry-exfoliating-face-wash-pimprod2042773?sku=2617060,pimprod2042773
https://www.ulta.com/p/love-mask-facial-masking-kit-pimprod2017052?sku=2566481,pimprod2017052
https://www.ulta.com/p/keep-it-full-maxxx-balmshell-plumping-lip-balm-pimprod2039313?sku=2610820,pimprod2039313
https://www.ulta.com/p/pore-detox-cleansing-oil-pimprod2045567?sku=2625743,pimprod2045567
https://www.ulta.com/p/mini-glow-oil-spf-50-dry-body-oil-sunscreen-pimprod2042889?sku=2617633,pimprod2042889
https://www.ulta.com/p/travel-size-pina-colada-classic-body-organic-sunscreen-spray-spf-30-pimprod2012271?sku=2561104,pimprod2012271
https://www.ulta.com/p/hello-kitty-ready-glow-printed-essence-sheet-mask-pimprod2030874?sku=2591896,pimprod2030874
https://www.ulta.com/p/kids-moisturizing-broad-spectrum-spf-50-pimprod2038237?sku=2609781,pimprod2038237
https://www.ulta.com/p/ingrown-microdart-patch-pimprod2038874?sku=2607663,pimprod2038874
https://www.ulta.com/p/collagen-superfusion-firming-plumping-facial-oil-pimprod2043310?sku=2619437,pimprod2043310
https://www.ulta.com/p/effaclar-clarifying-clay-face-mask-oily-skin-pimprod2043460?sku=2620366,pimprod2043460
https://www.ulta.com/p/ginzing-spf-30-daily-moisturizer-sunscreen-pimprod2045181?sku=2623404,pimprod2045181
https://www.ulta.com/p/clarifying-face-lotion-3-mini-pimprod2030043?sku=2590258,pimprod2030043
https://www.ulta.com/p/brightening-beyond-3-piece-kit-glowing-skin-pimprod2047913?sku=2630082,pimprod2047913
https://www.ulta.com/p/hello-kitty-brillian-c-boost-printed-essence-sheet-mask-pimprod2041597?sku=2614977,pimprod2041597
https://www.ulta.com/p/super-restorative-rose-radiance-peptide-face-moisturizer-pimprod2046103?sku=2626925,pimprod2046103
https://www.ulta.com/p/original-lanostick-pimprod2008038?sku=2549012,pimprod2008038
https://www.ulta.com/p/pink-gelee-daily-clarifying-cleanser-pimprod2050115?sku=2635706,pimprod2050115
https://www.ulta.com/p/uv-age-daily-sunscreen-pimprod2047247?sku=2626387,pimprod2047247
https://www.ulta.com/p/shimmering-ph-color-changing-lip-balm-pimprod2044225?sku=2622713,pimprod2044225
https://www.ulta.com/p/super-peptide-glossy-lip-treatment-pimprod2049627?sku=2633231,pimprod2049627
https://www.ulta.com/p/mini-intensive-moisture-balance-moisturizer-pimprod2003119?sku=2535729,pimprod2003119
https://www.ulta.com/p/cosmic-dew-gel-foam-water-cleanser-pimprod2032521?sku=2597588,pimprod2032521
https://www.ulta.com/p/fragrance-free-mineral-body-sunscreen-lotion-spf-50-pimprod2003905?sku=2541372,pimprod2003905
https://www.ulta.com/p/high-potency-retinol-recovery-overnight-moisturizer-pimprod2036819?sku=2607370,pimprod2036819
https://www.ulta.com/p/beautifeye-brightening-eye-patches-with-vitamin-c-pimprod2018970?sku=2573222,pimprod2018970
https://www.ulta.com/p/marine-hyaluronic-moisture-lock-serum-pimprod2009236?sku=2552297,pimprod2009236
https://www.ulta.com/p/blemish-clearing-toner-with-2-salicylic-acid-pimprod2012152?sku=2561126,pimprod2012152
https://www.ulta.com/p/face-freezie-reusable-cooling-undereye-patches-pimprod2038045?sku=2605336,pimprod2038045
https://www.ulta.com/p/retrinal-005-multi-corrective-cream-pimprod2049190?sku=2635113,pimprod2049190
https://www.ulta.com/p/kuromi-macaron-lip-balm-pimprod2032337?sku=2593749,pimprod2032337
https://www.ulta.com/p/advanced-retinol-nightly-renewal-moisturizer-pimprod2026692?sku=2582803,pimprod2026692
https://www.ulta.com/p/dark-spot-correcting-starter-set-pimprod2043866?sku=2620520,pimprod2043866
https://www.ulta.com/p/skinactive-micellar-cleansing-eco-pads-reusable-3-pack-pimprod2017636?sku=2570026,pimprod2017636
https://www.ulta.com/p/100-cold-pressed-virgin-marula-oil-with-antioxidants-pimprod2007099?sku=2551160,pimprod2007099
https://www.ulta.com/p/rapid-wrinkle-repair-retinol-pro-5-power-serum-pimprod2028416?sku=2587002,pimprod2028416
https://www.ulta.com/p/pore-amour-clarifying-clay-mask-pimprod2036525?sku=2605269,pimprod2036525
https://www.ulta.com/p/collagen-booster-electric-daisy-peptide-firming-serum-pimprod2038332?sku=2609585,pimprod2038332
https://www.ulta.com/p/supernatural-radiance-serum-broad-spectrum-spf-30-sunscreen-pimprod2048475?sku=2632330,pimprod2048475
https://www.ulta.com/p/juicy-delights-all-stars-kit-pimprod2049986?sku=2635387,pimprod2049986
https://www.ulta.com/p/its-your-customized-face-serum-skincare-kit-pimprod2038811?sku=2607725,pimprod2038811
https://www.ulta.com/p/advanced-repair-eye-cream-pimprod2038423?sku=2610070,pimprod2038423
https://www.ulta.com/p/zenbubble-oil-free-calming-gel-cream-pimprod2019384?sku=2572411,pimprod2019384
https://www.ulta.com/p/daily-facial-cleanser-face-wash-fragrance-free-sensitive-skin-pimprod2042641?sku=2619863,pimprod2042641
https://www.ulta.com/p/phyto-glow-lip-mask-pimprod2045698?sku=2627344,pimprod2045698
https://www.ulta.com/p/charlottes-magic-eye-cream-with-retinol-pimprod2043343?sku=2619438,pimprod2043343
https://www.ulta.com/p/travel-size-daily-glow-toner-with-niacinamide-pimprod2043336?sku=2619483,pimprod2043336
https://www.ulta.com/p/self-reflect-probiotic-moisturizing-sunscreen-spf-32-pimprod2017785?sku=2569946,pimprod2017785
https://www.ulta.com/p/rosewater-facial-toner-pimprod2006828?sku=2548224,pimprod2006828
https://www.ulta.com/p/ginzing-into-glow-brightening-serum-pimprod2018144?sku=2568295,pimprod2018144
https://www.ulta.com/p/heartleaf-70-soothing-collagen-mask-pimprod2051308?sku=2640383,pimprod2051308
https://www.ulta.com/p/12-hour-overnight-lip-mask-pimprod2040382?sku=2612757,pimprod2040382
https://www.ulta.com/p/hyper-real-fresh-canvas-cleansing-oil-face-wash-pimprod2037187?sku=2604240,pimprod2037187
https://www.ulta.com/p/restore-renew-face-neck-multi-action-fragrance-free-night-cream-pimprod2029310?sku=2590088,pimprod2029310
https://www.ulta.com/p/ceramighty-af-eye-balm-pimprod2034188?sku=2598803,pimprod2034188
https://www.ulta.com/p/mini-beste-no-9-jelly-cleanser-pimprod2028053?sku=2588467,pimprod2028053
https://www.ulta.com/p/vitamin-c-broad-spectrum-spf-45-weightless-moisturizer-pimprod2017307?sku=2569861,pimprod2017307
https://www.ulta.com/p/sundae-scoop-ice-cream-inspired-wash-off-masks-headband-set-pimprod2046069?sku=2626234,pimprod2046069
https://www.ulta.com/p/gentle-exfoliating-sa-lotion-pimprod2046867?sku=2629233,pimprod2046867
https://www.ulta.com/p/hello-kitty-supercute-skin-over-makeup-blemish-patches-pimprod2041539?sku=2615265,pimprod2041539
https://www.ulta.com/p/bare-lumiere-barrier-repair-creme-pimprod2045912?sku=2626363,pimprod2045912
https://www.ulta.com/p/sun-protection-mineral-powder-spf-30-pimprod2046206?sku=2625856,pimprod2046206
https://www.ulta.com/p/sheer-mineral-lotion-spf-50-pimprod2049215?sku=2634612,pimprod2049215
https://www.ulta.com/p/redefine-multi-function-eye-cream-undereye-wrinkles-crows-feet-pimprod2050607?sku=2635214,pimprod2050607
https://www.ulta.com/p/youthtopia-plumping-apple-face-moisturizer-with-peptides-pimprod2046035?sku=2626321,pimprod2046035
https://www.ulta.com/p/brighten-glow-eye-cream-with-niacinamide-pimprod2040116?sku=2611956,pimprod2040116
https://www.ulta.com/p/rose-glow-get-it-hydrating-peptide-lip-treatment-pimprod2046128?sku=2626914,pimprod2046128
https://www.ulta.com/p/cellular-hydration-barrier-repair-serum-pimprod2042760?sku=2617677,pimprod2042760
https://www.ulta.com/p/good-skin-forever-clear-kit-pimprod2032187?sku=2594703,pimprod2032187
https://www.ulta.com/p/kp-bump-boss-smoothing-body-lotion-pimprod2037936?sku=2605764,pimprod2037936
https://www.ulta.com/p/soothing-cleansing-oil-pimprod2042956?sku=2621998,pimprod2042956
https://www.ulta.com/p/salicylic-acid-acne-treatment-serum-pimprod2043749?sku=2619957,pimprod2043749
https://www.ulta.com/p/glow-your-own-way-1-hour-express-self-tan-lotion-pimprod2050348?sku=2635096,pimprod2050348
https://www.ulta.com/p/f-balm-electrolyte-waterfacial-pimprod2028089?sku=2588443,pimprod2028089
https://www.ulta.com/p/peptide-plump-collagen-renewal-eye-masks-pimprod2049557?sku=2634608,pimprod2049557
https://www.ulta.com/p/glazed-donut-101-ointment-multi-balm-pimprod2044335?sku=2621683,pimprod2044335
https://www.ulta.com/p/ultra-repair-wild-oat-hydrating-toner-pimprod2026074?sku=2582023,pimprod2026074
https://www.ulta.com/p/super-c-eye-vitamin-c-cream-pimprod2046854?sku=2627033,pimprod2046854
https://www.ulta.com/p/travel-size-clinique-smart-clinical-repair-wrinkle-correcting-cream-pimprod2033122?sku=2598025,pimprod2033122
https://www.ulta.com/p/bye-bye-pores-glycolic-acid-serum-pimprod2026280?sku=2581359,pimprod2026280
https://www.ulta.com/p/mini-skin-smoothing-cream-pimprod2000017?sku=2536767,pimprod2000017
https://www.ulta.com/p/pina-colada-classic-body-organic-sunscreen-spray-spf-30-pimprod2012272?sku=2561103,pimprod2012272
https://www.ulta.com/p/good-skin-forever-bright-kit-pimprod2050160?sku=2636114,pimprod2050160
https://www.ulta.com/p/hello-kitty-strawberry-rose-latte-macaron-lip-balm-pimprod2035934?sku=2593750,pimprod2035934
https://www.ulta.com/p/retinol-rapid-repair-dark-spot-treatment-pimprod2004075?sku=2542184,pimprod2004075
https://www.ulta.com/p/2-in-1-deep-cleansing-pore-strip-pimprod2050161?sku=2634358,pimprod2050161
https://www.ulta.com/p/cleanance-cleansing-gel-pimprod2021596?sku=2586859,pimprod2021596
https://www.ulta.com/p/glycolic-acid-resurfacing-gel-10-pimprod2045650?sku=2627348,pimprod2045650
https://www.ulta.com/p/pro-collagen-renewal-serum-pimprod2026884?sku=2584169,pimprod2026884
https://www.ulta.com/p/ceretin-boost-age-defying-retinol-serum-pimprod2039304?sku=2606349,pimprod2039304
https://www.ulta.com/p/tropical-c-brightening-vitamin-c-peptide-moisturizer-pimprod2039308?sku=2606352,pimprod2039308
https://www.ulta.com/p/immortal-nightmilk-retinol-renewing-serum-pimprod2036527?sku=2605271,pimprod2036527
https://www.ulta.com/p/sugar-lip-polish-exfoliator-pimprod2040318?sku=2613493,pimprod2040318
https://www.ulta.com/p/repairing-hand-masks-pimprod2043226?sku=2619630,pimprod2043226
https://www.ulta.com/p/bakuchiol-oil-blend-oily-skin-pimprod2027918?sku=2589112,pimprod2027918
https://www.ulta.com/p/lotus-aha-resurfacing-gentle-serum-pimprod2042519?sku=2617053,pimprod2042519
https://www.ulta.com/p/redness-expert-soothing-moisturizing-concentrated-cream-pimprod2046265?sku=2625799,pimprod2046265
https://www.ulta.com/p/plump-kin-retinol-neck-cream-pimprod2047088?sku=2629997,pimprod2047088
https://www.ulta.com/p/super-balm-minis-3-piece-set-pimprod2044240?sku=2621919,pimprod2044240
https://www.ulta.com/p/super-shield-body-mist-spf-50-pimprod2050920?sku=2636352,pimprod2050920
https://www.ulta.com/p/regenerist-retinol24-max-night-hydrating-moisturizer-pimprod2017670?sku=2569913,pimprod2017670
https://www.ulta.com/p/porefessional-shrink-wrap-overnight-ahapha-pore-treatment-pimprod2044540?sku=2623693,pimprod2044540
https://www.ulta.com/p/anthelios-kids-gentle-sunscreen-face-body-lotion-spf-50-pimprod2037033?sku=2608258,pimprod2037033
https://www.ulta.com/p/rolly-lip-gloss-pimprod2051281?sku=2636959,pimprod2051281
https://www.ulta.com/p/2-in-1-oil-foam-non-stripping-facial-cleanser-pimprod2045862?sku=2626221,pimprod2045862
https://www.ulta.com/p/hello-kitty-peach-gummy-pimprod2051480?sku=2637004,pimprod2051480
https://www.ulta.com/p/sebium-h2o-micellar-water-face-cleanser-combination-oily-skin-pimprod2050008?sku=2636042,pimprod2050008
https://www.ulta.com/p/pdrn-hyaluronic-acid-capsule-100-serum-pimprod2051435?sku=2640385,pimprod2051435
https://www.ulta.com/p/reedle-shot-100-pimprod2051958?sku=2640409,pimprod2051958
https://www.ulta.com/p/even-smoother-glycolic-retinol-resurfacing-serum-pimprod2029777?sku=2589202,pimprod2029777
https://www.ulta.com/p/mind-glowing-peel-off-mask-pimprod2009331?sku=2554834,pimprod2009331
https://www.ulta.com/p/lotus-youth-preserve-depuffing-eye-cream-pimprod2042750?sku=2617058,pimprod2042750
https://www.ulta.com/p/weightless-liquid-mineral-sunscreen-with-zinc-oxide-spf-30-pimprod2039377?sku=2608375,pimprod2039377
https://www.ulta.com/p/superhue-brightening-eye-cream-pimprod2037105?sku=2606374,pimprod2037105
https://www.ulta.com/p/retinol-eye-jelly-stick-pimprod2051732?sku=2636647,pimprod2051732
https://www.ulta.com/p/hydrating-milky-mist-with-hyaluronic-acid-black-oat-pimprod2013503?sku=2562291,pimprod2013503
https://www.ulta.com/p/curly-creme-fragrance-free-pimprod2024637?sku=2584277,pimprod2024637
https://www.ulta.com/p/revitalift-c-glow-kit-pimprod2041313?sku=2613664,pimprod2041313
https://www.ulta.com/p/insta-glow-illuminating-face-bronzer-pimprod2043676?sku=2620368,pimprod2043676
https://www.ulta.com/p/truly-targeted-acne-clearing-solution-with-salicylic-acid-pimprod2043789?sku=2620208,pimprod2043789
https://www.ulta.com/p/potato-peel-rapid-resurfacing-milk-facial-pimprod2040185?sku=2612425,pimprod2040185
https://www.ulta.com/p/mermaid-milk-nutrient-glow-moisturizer-pimprod2037349?sku=2606109,pimprod2037349
https://www.ulta.com/p/breakout-banisher-body-wash-pimprod2045702?sku=2625854,pimprod2045702
https://www.ulta.com/p/travel-size-rare-earth-deep-pore-cleansing-mask-pimprod2002801?sku=2536620,pimprod2002801
https://www.ulta.com/p/dewy-days-ahead-travel-size-set-pimprod2049364?sku=2632401,pimprod2049364
https://www.ulta.com/p/hope-in-a-jar-instant-glow-peeling-mousse-pimprod2029782?sku=2589224,pimprod2029782
https://www.ulta.com/p/thermal-spring-water-duo-kit-pimprod2046269?sku=2625803,pimprod2046269
https://www.ulta.com/p/ultra-facial-moisturizer-pimprod2002894?sku=2536686,pimprod2002894
https://www.ulta.com/p/birch-juice-moisturizing-uvlock-spf-45-pimprod2049647?sku=2634356,pimprod2049647
https://www.ulta.com/p/clean-it-zero-firming-cleansing-balm-pimprod2044012?sku=2615682,pimprod2044012
https://www.ulta.com/p/le-lift-serum-smooths-firms-pimprod2029988?sku=2550606,pimprod2029988
https://www.ulta.com/p/acai-your-boobies-boob-serum-pimprod2017268?sku=2568005,pimprod2017268
https://www.ulta.com/p/calendula-deep-cleansing-foaming-face-wash-pimprod2002903?sku=2536607,pimprod2002903
https://www.ulta.com/p/checks-balances-polishing-face-scrub-pimprod2024964?sku=2568082,pimprod2024964
https://www.ulta.com/p/nutritious-melting-soft-cream-mask-moisturizer-pimprod2038328?sku=2607433,pimprod2038328
https://www.ulta.com/p/makeup-remover-melting-balm-pimprod2025393?sku=2582619,pimprod2025393
https://www.ulta.com/p/lash-princess-waterproof-eye-make-up-remover-pimprod2049623?sku=2633216,pimprod2049623
https://www.ulta.com/p/a-gloei-marula-retinol-oil-pimprod2030820?sku=2593504,pimprod2030820
https://www.ulta.com/p/hydrance-moisturizing-sunscreen-lotion-spf-30-pimprod2043842?sku=2620352,pimprod2043842
https://www.ulta.com/p/scrub-nourish-pimprod2011993?sku=2559236,pimprod2011993
https://www.ulta.com/p/max-vitamin-d-fense-sunscreen-serum-broad-spectrum-spf-50-pimprod2037937?sku=2606105,pimprod2037937
https://www.ulta.com/p/stem-cellular-anti-wrinkle-retinol-overnight-serum-pimprod2021151?sku=2573235,pimprod2021151
https://www.ulta.com/p/pro-collagen-vitality-eye-cream-pimprod2036289?sku=2605531,pimprod2036289
https://www.ulta.com/p/fermented-camellia-creamy-cleansing-oil-pimprod2045666?sku=2627347,pimprod2045666
https://www.ulta.com/p/mini-lala-retro-whipped-cream-moisturizer-with-ceramides-pimprod2038350?sku=2604051,pimprod2038350
https://www.ulta.com/p/hope-in-a-jar-deep-hydration-glow-overnight-mask-pimprod2051760?sku=2638432,pimprod2051760
https://www.ulta.com/p/lift-luminate-triple-action-fragrance-free-day-cream-spf-30-pimprod2025409?sku=2582677,pimprod2025409
https://www.ulta.com/p/retexturizing-body-pads-with-salicylic-acid-pimprod2045718?sku=2627167,pimprod2045718
https://www.ulta.com/p/glow-baby-brightening-face-wash-pimprod2020687?sku=2573921,pimprod2020687
Link,Product ID
https://www.ulta.com/p/super-shield-face-fluid-spf-50-pimprod2050080?sku=2635901,pimprod2050080
https://www.ulta.com/p/sensitive-skin-soothing-face-cleanser-pimprod2049022?sku=2631730,pimprod2049022
https://www.ulta.com/p/deep-violet-self-tanning-mousse-pimprod2051626?sku=2635101,pimprod2051626
https://www.ulta.com/p/clean-it-zero-enriching-butter-cleansing-balm-pimprod2047052?sku=2630456,pimprod2047052
https://www.ulta.com/p/liftactiv-pure-retinol-serum-deep-wrinkles-pimprod2038553?sku=2609331,pimprod2038553
https://www.ulta.com/p/daily-repair-body-cream-pimprod2050807?sku=2636873,pimprod2050807
https://www.ulta.com/p/advanced-retinol-multi-correct-eye-cream-pimprod2036308?sku=2603504,pimprod2036308
https://www.ulta.com/p/vegan-collagen-every-day-lotion-spf-30-pimprod2017151?sku=2566493,pimprod2017151
https://www.ulta.com/p/bright-balanced-aloe-vera-daily-moisturizer-pimprod2025693?sku=2582795,pimprod2025693
https://www.ulta.com/p/correct-protect-broad-spectrum-spf-45-pa-pimprod2031643?sku=2592791,pimprod2031643
https://www.ulta.com/p/microdelivery-resurfacing-solution-with-4-ahas-cica-vitamin-c-pimprod2026367?sku=2584098,pimprod2026367
https://www.ulta.com/p/cold-cream-nutrition-nourishing-lip-balm-pimprod2032130?sku=2594606,pimprod2032130
https://www.ulta.com/p/blackhead-extractor-skin-clearing-tool-pimprod2046404?sku=2621767,pimprod2046404
https://www.ulta.com/p/super-shield-body-mist-spf-30-pimprod2050083?sku=2635904,pimprod2050083
https://www.ulta.com/p/kuromi-trendy-treats-blemish-patches-pimprod2050315?sku=2634926,pimprod2050315
https://www.ulta.com/p/rapid-wrinkle-repair-retinol-pro-eye-cream-pimprod2035836?sku=2601052,pimprod2035836
https://www.ulta.com/p/tripeptide-lip-nectar-pimprod2050718?sku=2637269,pimprod2050718
https://www.ulta.com/p/expertly-clear-acne-treating-preventing-lotion-pimprod2043788?sku=2620207,pimprod2043788
https://www.ulta.com/p/sun-belt-sampler-pimprod2041082?sku=2616847,pimprod2041082
https://www.ulta.com/p/cryochill-ice-beaded-eye-mask-pimprod2049971?sku=2636497,pimprod2049971
https://www.ulta.com/p/h2oasis-instant-skin-reviving-mask-pimprod2042849?sku=2617146,pimprod2042849
https://www.ulta.com/p/mineral-89-48h-moisture-matte-sorbet-pimprod2046669?sku=2625746,pimprod2046669
https://www.ulta.com/p/hello-kitty-lip-balm-pimprod2038319?sku=2607677,pimprod2038319
https://www.ulta.com/p/oil-absorbing-volcanic-stone-roller-pimprod2021381?sku=2575401,pimprod2021381
https://www.ulta.com/p/travel-size-ultra-repair-rescue-barrier-balm-with-1-dimethicone-pimprod2048139?sku=2632109,pimprod2048139
https://www.ulta.com/p/super-shield-face-fluid-spf-30-pimprod2050079?sku=2635900,pimprod2050079
https://www.ulta.com/p/clear-improvement-acne-clearing-hydrating-lotion-pimprod2046034?sku=2626323,pimprod2046034
https://www.ulta.com/p/porefessional-get-unblocked-makeup-removing-cleansing-oil-mini-pimprod2038025?sku=2606912,pimprod2038025
https://www.ulta.com/p/cotton-candy-skin-hydrocolloid-acne-patches-pimprod2021571?sku=2576341,pimprod2021571
https://www.ulta.com/p/super-restorative-neck-decollete-cream-pimprod2033885?sku=2598906,pimprod2033885
https://www.ulta.com/p/eye-fuel-eye-cream-dark-circles-pimprod2002957?sku=2536743,pimprod2002957
https://www.ulta.com/p/micellar-prebiotic-precleanse-pimprod2036378?sku=2603404,pimprod2036378
https://www.ulta.com/p/wrinkle-smoothing-starter-set-pimprod2050468?sku=2635126,pimprod2050468
https://www.ulta.com/p/lip-wrap-reviving-balm-pimprod2047204?sku=2629362,pimprod2047204
https://www.ulta.com/p/happy-pits-detoxifying-underarm-mask-pimprod2014927?sku=2561313,pimprod2014927
https://www.ulta.com/p/travel-size-midnight-recovery-concentrate-pimprod2004869?sku=2544320,pimprod2004869
https://www.ulta.com/p/even-smoother-instant-reveal-facial-peel-pimprod2046041?sku=2627096,pimprod2046041
https://www.ulta.com/p/vanilla-blossom-microbiome-balancing-mist-intimate-body-spray-pimprod2050841?sku=2637032,pimprod2050841
https://www.ulta.com/p/discovery-series-advanced-retinol-kit-pimprod2041473?sku=2598879,pimprod2041473
https://www.ulta.com/p/lets-neck-neck-decollete-serum-pimprod2032483?sku=2596232,pimprod2032483
https://www.ulta.com/p/plum-bum-korean-body-exfoliating-glove-pimprod2050174?sku=2636963,pimprod2050174
https://www.ulta.com/p/mini-superactive-brightening-moisturizer-spf-50-with-vitamin-c-pimprod2050238?sku=2635461,pimprod2050238
https://www.ulta.com/p/pycnogenol-5-antioxidant-environmental-protection-pimprod2025291?sku=2552289,pimprod2025291
https://www.ulta.com/p/absolue-serum-pimprod2036768?sku=2606378,pimprod2036768
https://www.ulta.com/p/cryoroll-ice-roller-pimprod2039864?sku=2612549,pimprod2039864
https://www.ulta.com/p/mega-mushroom-dark-spot-corrector-face-moisturizer-pimprod2049998?sku=2635329,pimprod2049998
https://www.ulta.com/p/quench-rapid-recovery-face-cream-pimprod2019383?sku=2572410,pimprod2019383
https://www.ulta.com/p/whipped-vanilla-lip-balm-pimprod2045947?sku=2627397,pimprod2045947
https://www.ulta.com/p/rescue-patch-replenishing-cream-patches-pimprod2047689?sku=2630002,pimprod2047689
https://www.ulta.com/p/skincare-minis-travel-pouch-pimprod2047421?sku=2630131,pimprod2047421
https://www.ulta.com/p/acne-biotic-moisturizer-pimprod2051669?sku=2638666,pimprod2051669
https://www.ulta.com/p/mvp-most-versatile-pigment-multifunction-lip-cheek-color-pimprod2044284?sku=2622299,pimprod2044284
https://www.ulta.com/p/clear-mist-facial-acne-spray-pimprod2046694?sku=2625806,pimprod2046694
https://www.ulta.com/p/visible-brightening-clearly-radiant-spot-correcting-capsules-pimprod2050175?sku=2636187,pimprod2050175
https://www.ulta.com/p/porefessional-speedy-smooth-pore-mask-pimprod2038020?sku=2606907,pimprod2038020
https://www.ulta.com/p/proactiv-3-step-acne-treatment-routine-pimprod2046328?sku=2627103,pimprod2046328
https://www.ulta.com/p/re-start-resurfacing-body-serum-pimprod2042535?sku=2619664,pimprod2042535
https://www.ulta.com/p/reedle-shot-starter-stick-kit-pimprod2051955?sku=2640446,pimprod2051955
https://www.ulta.com/p/browning-lotion-spf-15-pimprod2030639?sku=2592175,pimprod2030639
https://www.ulta.com/p/glow-baby-eye-bright-cream-with-vitamin-c-pimprod2025385?sku=2582055,pimprod2025385
https://www.ulta.com/p/active-hydration-face-serum-with-hyaluronic-acid-pimprod2050611?sku=2635797,pimprod2050611
https://www.ulta.com/p/plum-bum-sculpting-body-mask-pimprod2050846?sku=2636964,pimprod2050846
https://www.ulta.com/p/ingrown-bar-pimprod2040779?sku=2616269,pimprod2040779
https://www.ulta.com/p/flik-eraser-makeup-correcting-pen-pimprod2046663?sku=2627956,pimprod2046663
https://www.ulta.com/p/blue-facial-oil-pimprod2035166?sku=2603235,pimprod2035166
https://www.ulta.com/p/clear-skin-starters-travel-size-acne-blemish-fighting-kit-pimprod2051853?sku=2639803,pimprod2051853
https://www.ulta.com/p/travel-size-benefiance-wrinkle-smoothing-cream-enriched-pimprod2046941?sku=2581269,pimprod2046941
https://www.ulta.com/p/hydrakate-illuminating-spf-50-drops-pimprod2044974?sku=2625521,pimprod2044974
https://www.ulta.com/p/redefine-daily-clay-face-cleanser-pimprod2050616?sku=2635801,pimprod2050616
https://www.ulta.com/p/purest-tanning-serum-pimprod2041102?sku=2614543,pimprod2041102
https://www.ulta.com/p/melting-balm-makeup-remover-pimprod2046222?sku=2616691,pimprod2046222
https://www.ulta.com/p/mini-green-clean-cleansing-balm-pimprod2051726?sku=2641200,pimprod2051726
https://www.ulta.com/p/holy-hydration-clean-freak-daily-cleanser-pimprod2052503?sku=2640210,pimprod2052503
https://www.ulta.com/p/mini-rose-deep-hydration-face-cream-pimprod2051233?sku=2584148,pimprod2051233
https://www.ulta.com/p/extra-firming-phyto-serum-pimprod2036784?sku=2603209,pimprod2036784
https://www.ulta.com/p/full-spectrum-360-refreshing-water-mist-sunscreen-spf-18-pimprod2012876?sku=2561098,pimprod2012876
https://www.ulta.com/p/regenerist-niacinamide-peptide-24-hydrating-moisturizer-pimprod2034713?sku=2599699,pimprod2034713
https://www.ulta.com/p/mini-hope-in-a-jar-smooth-glow-multi-tasking-moisturizer-pimprod2038081?sku=2589225,pimprod2038081
https://www.ulta.com/p/mini-biolumin-c-vitamin-c-face-serum-pimprod2051670?sku=2638769,pimprod2051670
https://www.ulta.com/p/lavender-confetti-balm-pimprod2006579?sku=2549404,pimprod2006579
https://www.ulta.com/p/urban-environment-fresh-moisture-sunscreen-broad-spectrum-spf-42-pimprod2030944?sku=2592487,pimprod2030944
https://www.ulta.com/p/3-step-oily-combination-skin-starter-kit-pimprod2042675?sku=2617051,pimprod2042675
https://www.ulta.com/p/coconut-whip-cream-foam-gentle-cleanser-pimprod2046698?sku=2625810,pimprod2046698
https://www.ulta.com/p/glow-forward-glaze-drops-pimprod2048321?sku=2630249,pimprod2048321
https://www.ulta.com/p/calm-restore-redness-relief-cream-face-moisturizer-pimprod2035363?sku=2601078,pimprod2035363
https://www.ulta.com/p/hello-good-stuff-primer-serum-pimprod2030614?sku=2590849,pimprod2030614
https://www.ulta.com/p/mini-gently-off-wipes-micellar-water-makeup-remover-wipes-pimprod2027650?sku=2587733,pimprod2027650
https://www.ulta.com/p/hydration-intense-recovery-cream-pimprod2020540?sku=2572228,pimprod2020540
https://www.ulta.com/p/age-perfect-cell-renewal-midnight-eye-cream-pimprod2049484?sku=2629902,pimprod2049484
https://www.ulta.com/p/blemish-clearing-cleanser-with-15-salicylic-acid-pimprod2043753?sku=2619949,pimprod2043753
https://www.ulta.com/p/re-shine-illuminating-body-serum-pimprod2042524?sku=2619662,pimprod2042524
https://www.ulta.com/p/cow-beauty-routine-spa-headband-pimprod2049168?sku=2635600,pimprod2049168
https://www.ulta.com/p/daily-glow-body-wash-pimprod2050806?sku=2636765,pimprod2050806
https://www.ulta.com/p/superbright-15-vitamin-c-serum-stick-pimprod2042774?sku=2617976,pimprod2042774
https://www.ulta.com/p/alphabet-oil-pimprod2045935?sku=2625860,pimprod2045935
https://www.ulta.com/p/lip-wrap-overnight-mask-pimprod2047203?sku=2629361,pimprod2047203
https://www.ulta.com/p/vegan-collagen-complex-face-serum-with-hyaluronic-acid-pimprod2017154?sku=2566491,pimprod2017154
https://www.ulta.com/p/porefessional-tight-n-toned-pore-refining-ahapha-toner-mini-pimprod2038016?sku=2606905,pimprod2038016
https://www.ulta.com/p/power-full-plump-repair-lip-butter-pimprod2045025?sku=2622753,pimprod2045025
https://www.ulta.com/p/ultra-renewal-retinol-body-cream-pimprod2042533?sku=2616906,pimprod2042533
https://www.ulta.com/p/hydrakate-recharging-water-cream-moisturizer-pimprod2036572?sku=2606980,pimprod2036572
https://www.ulta.com/p/waterproof-eye-lip-makeup-remover-pimprod2033204?sku=2587058,pimprod2033204
https://www.ulta.com/p/star-wash-salicylic-acid-pimprod2050150?sku=2632515,pimprod2050150
https://www.ulta.com/p/la-mousse-offon-foaming-cleanser-pimprod2052323?sku=2639711,pimprod2052323
https://www.ulta.com/p/collagen-moisture-filler-fragrance-free-pimprod2046214?sku=2629901,pimprod2046214
https://www.ulta.com/p/clean-it-zero-revitalizing-cleansing-balm-pimprod2044009?sku=2555802,pimprod2044009
https://www.ulta.com/p/vagus-nerve-travel-set-pimprod2042714?sku=2620148,pimprod2042714
https://www.ulta.com/p/hydra-beauty-micro-creme-yeux-illuminating-hydrating-eye-cream-pimprod2039690?sku=2611399,pimprod2039690
https://www.ulta.com/p/star-dust-shimmer-stick-pimprod2051003?sku=2636858,pimprod2051003
https://www.ulta.com/p/super-drops-niacinamide-vitamin-c-golden-glow-serum-pimprod2050252?sku=2635673,pimprod2050252
https://www.ulta.com/p/even-smoother-microdermabrasion-exfoliating-pore-treatment-pimprod2046042?sku=2627099,pimprod2046042
https://www.ulta.com/p/liftactiv-supreme-ha-wrinkle-corrector-pimprod2021421?sku=2577181,pimprod2021421
https://www.ulta.com/p/dreamy-drops-hydrating-serum-pimprod2032289?sku=2594305,pimprod2032289
https://www.ulta.com/p/peach-101-ointment-multi-balm-pimprod2008029?sku=2548133,pimprod2008029
https://www.ulta.com/p/clear-improvement-active-charcoal-detoxifying-cleanser-pimprod2046037?sku=2626502,pimprod2046037
https://www.ulta.com/p/siren-silk-bio-retinol-hydration-cream-pimprod2046021?sku=2626027,pimprod2046021
https://www.ulta.com/p/acne-solutions-cleansing-foam-face-wash-mini-pimprod2030898?sku=2590262,pimprod2030898
https://www.ulta.com/p/renergie-lift-multi-action-ultra-double-wrapping-cream-face-mask-pimprod2013103?sku=2557041,pimprod2013103
https://www.ulta.com/p/regenerist-collagen-peptide-24-hydrating-moisturizer-pimprod2019980?sku=2573664,pimprod2019980
https://www.ulta.com/p/acne-blemish-control-treatment-serum-pimprod2003748?sku=2540670,pimprod2003748
https://www.ulta.com/p/ultimate-sun-protector-spray-spf-40-pimprod2043994?sku=2622107,pimprod2043994
https://www.ulta.com/p/dayglow-face-oil-sensitive-skin-pimprod2039805?sku=2613099,pimprod2039805
https://www.ulta.com/p/vegan-collagen-recovery-eye-cream-pimprod2017149?sku=2566489,pimprod2017149
https://www.ulta.com/p/porefessional-tight-n-toned-pore-refining-ahapha-toner-pimprod2038017?sku=2606906,pimprod2038017
https://www.ulta.com/p/wonderscreen-broad-spectrum-spf-30-pimprod2035158?sku=2603227,pimprod2035158
https://www.ulta.com/p/no-words-needed-lip-serum-pimprod2044292?sku=2622642,pimprod2044292
https://www.ulta.com/p/pro-collagen-rose-facial-oil-pimprod2011191?sku=2554870,pimprod2011191
https://www.ulta.com/p/whipped-vanilla-hydrating-lip-sleeping-mask-pimprod2045954?sku=2627335,pimprod2045954
https://www.ulta.com/p/hyper-eyes-dark-circles-eye-mask-5-piece-set-pimprod2051906?sku=2639031,pimprod2051906
https://www.ulta.com/p/glow-facial-mist-with-natural-mineral-water-pimprod2043209?sku=2620349,pimprod2043209
https://www.ulta.com/p/plump-it-hydrating-facial-moisturizer-pimprod2037135?sku=2604154,pimprod2037135
https://www.ulta.com/p/facial-fuel-mens-spf-20-moisturizer-pimprod2037101?sku=2603782,pimprod2037101
https://www.ulta.com/p/hot-as-sheet-5-day-eye-face-multi-masking-set-pimprod2046071?sku=2626235,pimprod2046071
https://www.ulta.com/p/hydrating-eye-cream-with-hyaluronic-acid-pimprod2029821?sku=2589260,pimprod2029821
https://www.ulta.com/p/travel-size-clean-it-zero-pore-clarifying-cleansing-balm-pimprod2047082?sku=2630324,pimprod2047082
https://www.ulta.com/p/stem-cellular-vinifera-replenishing-oil-pimprod2007420?sku=2549901,pimprod2007420
https://www.ulta.com/p/facial-fuel-energizing-scrub-men-pimprod2002949?sku=2536646,pimprod2002949
https://www.ulta.com/p/midnight-recovery-botanical-cleansing-oil-pimprod2002937?sku=2536639,pimprod2002937
https://www.ulta.com/p/body-dust-mini-top-toe-powder-pimprod2037888?sku=2608235,pimprod2037888
https://www.ulta.com/p/deep-clear-cleansing-balm-pimprod2045872?sku=2626988,pimprod2045872
https://www.ulta.com/p/bear-smart-microcurrent-facial-toning-device-pimprod2024488?sku=2583441,pimprod2024488
https://www.ulta.com/p/plum-bum-aha-body-buffing-bar-pimprod2050171?sku=2636574,pimprod2050171
https://www.ulta.com/p/plum-bum-aha-body-exfoliating-mitt-pimprod2050172?sku=2636567,pimprod2050172
https://www.ulta.com/p/total-cleansing-oil-makeup-remover-pimprod2043937?sku=2620950,pimprod2043937
https://www.ulta.com/p/mini-mineral-mattescreen-spf-40-pimprod2029940?sku=2589384,pimprod2029940
https://www.ulta.com/p/breakout-banisher-body-spray-pimprod2047795?sku=2629994,pimprod2047795
https://www.ulta.com/p/avas-mini-mighty-essentials-kit-pimprod2038957?sku=2609755,pimprod2038957
https://www.ulta.com/p/dewtopia-20-phaaha-retexturizing-night-serum-pimprod2042296?sku=2617226,pimprod2042296
https://www.ulta.com/p/coq-10-toner-pimprod2014417?sku=2563188,pimprod2014417
https://www.ulta.com/p/happy-days-skincare-set-pimprod2037122?sku=2604152,pimprod2037122
https://www.ulta.com/p/bright-reveal-broad-spectrum-spf-50-daily-uv-pimprod2040389?sku=2613666,pimprod2040389
https://www.ulta.com/p/wonder-milk-buttery-botanical-jelly-pimprod2040111?sku=2612426,pimprod2040111
https://www.ulta.com/p/happy-water-skin-toner-pimprod2050332?sku=2633260,pimprod2050332
https://www.ulta.com/p/purity-made-simple-pore-purifying-foam-cleanser-pimprod2034082?sku=2598909,pimprod2034082
https://www.ulta.com/p/mini-10-aha-lemonade-smoothing-scrub-pimprod2042284?sku=2617223,pimprod2042284
https://www.ulta.com/p/sun-on-run-sunscreen-travel-kit-pimprod2043796?sku=2618937,pimprod2043796
https://www.ulta.com/p/redness-reducing-clarifying-facial-mist-pimprod2046544?sku=2630515,pimprod2046544
https://www.ulta.com/p/broad-spectrum-spf-50-sunscreen-body-cream-pimprod2037471?sku=2604492,pimprod2037471
https://www.ulta.com/p/luna-fast-acting-pimple-patches-pimprod2032492?sku=2597591,pimprod2032492
https://www.ulta.com/p/buttercream-cake-bite-herbal-lip-balm-pimprod2037714?sku=2606342,pimprod2037714
https://www.ulta.com/p/pore-minimizing-facial-toner-pimprod2042672?sku=2617048,pimprod2042672
https://www.ulta.com/p/nightly-renewal-skincare-set-pimprod2049968?sku=2636558,pimprod2049968
https://www.ulta.com/p/plum-bum-hydrating-peptide-body-wash-pimprod2050173?sku=2636865,pimprod2050173
https://www.ulta.com/p/dream-milk-magnesium-body-spray-pimprod2050895?sku=2637026,pimprod2050895
https://www.ulta.com/p/mini-dynamic-resurfacing-facial-pads-pimprod2038079?sku=2604193,pimprod2038079
https://www.ulta.com/p/porefessional-smooth-sip-lightweight-gel-cream-moisturizer-mini-pimprod2044024?sku=2623489,pimprod2044024
https://www.ulta.com/p/we-come-in-peace-microbiome-serum-pimprod2032523?sku=2597590,pimprod2032523
https://www.ulta.com/p/cleansing-oil-with-chamomile-pimprod2024977?sku=2580420,pimprod2024977
https://www.ulta.com/p/nutritious-booster-drops-serum-pimprod2044007?sku=2618893,pimprod2044007
https://www.ulta.com/p/mini-indigo-overnight-repair-redness-reducing-barrier-cream-pimprod2049120?sku=2634117,pimprod2049120
https://www.ulta.com/p/full-nights-sleep-energizing-undereye-balm-pimprod2044811?sku=2622477,pimprod2044811
https://www.ulta.com/p/la-solution-10-de-chanel-sensitive-skin-cream-pimprod2043382?sku=2620417,pimprod2043382
https://www.ulta.com/p/multi-action-super-shrink-pore-minimizing-serum-pimprod2034081?sku=2598835,pimprod2034081
https://www.ulta.com/p/apres-skin-overnight-moisturizer-mask-pimprod2049208?sku=2630177,pimprod2049208
https://www.ulta.com/p/oil-free-ultra-moisturizing-lotion-with-birch-sap-pimprod2035883?sku=2603881,pimprod2035883
https://www.ulta.com/p/charlottes-magic-hydration-revival-cleanser-pimprod2044488?sku=2621968,pimprod2044488
https://www.ulta.com/p/dreamy-skin-hydrocolloid-dark-spot-acne-patches-pimprod2021570?sku=2576346,pimprod2021570
https://www.ulta.com/p/lipmask-tinted-lip-jelly-pimprod2050059?sku=2634263,pimprod2050059
https://www.ulta.com/p/mini-sound-sleep-cocoon-night-gel-cream-pimprod2012855?sku=2561802,pimprod2012855
https://www.ulta.com/p/peach-blossom-classic-body-sunscreen-spf-70-pimprod2021651?sku=2575596,pimprod2021651
https://www.ulta.com/p/bright-reveal-dark-spot-exfoliant-peel-pimprod2045347?sku=2625851,pimprod2045347
https://www.ulta.com/p/hydraluminous-cooling-eye-gel-pimprod2043212?sku=2620357,pimprod2043212
https://www.ulta.com/p/advanced-night-repair-rescue-solution-serum-with-15-bifidus-ferment-pimprod2040263?sku=2611280,pimprod2040263
https://www.ulta.com/p/pink-opal-ph-lip-balm-pimprod2050097?sku=2633473,pimprod2050097
https://www.ulta.com/p/aha-bha-pha-30-day-miracle-true-cica-clear-pad-pimprod2051820?sku=2641688,pimprod2051820
https://www.ulta.com/p/proactiv-smoothing-bha-exfoliating-cleanser-pimprod2046327?sku=2627101,pimprod2046327
https://www.ulta.com/p/hydraluminous-hydrating-day-gel-pimprod2043213?sku=2620549,pimprod2043213
https://www.ulta.com/p/stainless-steel-gua-sha-with-pouch-pimprod2043690?sku=2618377,pimprod2043690
https://www.ulta.com/p/multi-action-trio-kit-pimprod2046864?sku=2627065,pimprod2046864
https://www.ulta.com/p/clarifying-do-over-peel-pimprod2031416?sku=2590280,pimprod2031416
https://www.ulta.com/p/skincare-icons-minis-visibly-transform-your-skin-set-pimprod2044436?sku=2621757,pimprod2044436
https://www.ulta.com/p/marina-biome-brightening-concentrate-pimprod2049900?sku=2636365,pimprod2049900
https://www.ulta.com/p/lookin-porefessional-pore-care-trio-pimprod2046024?sku=2624430,pimprod2046024
https://www.ulta.com/p/ultimune-eye-power-infusing-eye-concentrate-pimprod2038380?sku=2606929,pimprod2038380
https://www.ulta.com/p/absolue-revitalizing-brightening-rich-cream-pimprod2025856?sku=2586923,pimprod2025856
https://www.ulta.com/p/double-your-glow-aha-vitamin-c-serum-duo-pimprod2034813?sku=2601489,pimprod2034813
https://www.ulta.com/p/hello-kitty-ice-cream-cone-lip-balm-pimprod2051282?sku=2637003,pimprod2051282
https://www.ulta.com/p/all-clear-face-serum-pimprod2046230?sku=2620258,pimprod2046230
https://www.ulta.com/p/facial-spray-with-aloe-sage-orange-blossom-pimprod2002478?sku=2540829,pimprod2002478
https://www.ulta.com/p/super-gloss-instant-bronzing-face-drops-with-spf-30-pimprod2039315?sku=2612450,pimprod2039315
https://www.ulta.com/p/juicy-melon-tinted-lip-cheek-balm-pimprod2049622?sku=2633188,pimprod2049622
https://www.ulta.com/p/body-blending-product-application-brush-pimprod2032157?sku=2596767,pimprod2032157
https://www.ulta.com/p/go-glow-lip-oil-with-spf-50-pimprod2046012?sku=2629773,pimprod2046012
https://www.ulta.com/p/ultimate-sun-protector-cream-spf-50-pimprod2050466?sku=2635118,pimprod2050466
https://www.ulta.com/p/peptide-wrinkle-relaxing-moisturizer-pimprod2042397?sku=2618933,pimprod2042397
https://www.ulta.com/p/mini-multivitamin-power-recovery-masque-pimprod2019419?sku=2570333,pimprod2019419
https://www.ulta.com/p/cellular-hydration-repair-face-oil-drops-pimprod2050234?sku=2635369,pimprod2050234
https://www.ulta.com/p/hydrating-face-body-kit-pimprod2041537?sku=2615462,pimprod2041537
https://www.ulta.com/p/hydrating-glow-toner-with-jojoba-pha-pimprod2039884?sku=2612401,pimprod2039884
https://www.ulta.com/p/clear-start-golden-hour-hydrating-spf-30-stick-pimprod2045125?sku=2624466,pimprod2045125
https://www.ulta.com/p/caffeine-eye-cream-depuffing-pimprod2021155?sku=2574033,pimprod2021155
https://www.ulta.com/p/facial-fuel-energizing-face-wash-pimprod2002916?sku=2536675,pimprod2002916
https://www.ulta.com/p/mineral-sunscreen-spf-30-pimprod2032183?sku=2594658,pimprod2032183
https://www.ulta.com/p/retinol-youth-renewal-face-oil-drops-pimprod2050233?sku=2635368,pimprod2050233
https://www.ulta.com/p/miffy-sunny-defense-sun-stick-spf-50-pa-pimprod2050819?sku=2639430,pimprod2050819
https://www.ulta.com/p/porefessional-wow-polish-triple-pore-exfoliating-powder-pimprod2044541?sku=2623692,pimprod2044541
https://www.ulta.com/p/my-melody-sugar-sprinkles-blemish-patches-pimprod2050316?sku=2634927,pimprod2050316
https://www.ulta.com/p/travel-size-eradikate-3-sulfur-daily-foaming-cleanser-acne-treatment-pimprod2050889?sku=2638946,pimprod2050889
https://www.ulta.com/p/unity-balm-ultra-hydrating-lip-balm-pimprod2048250?sku=2630293,pimprod2048250
https://www.ulta.com/p/retinol-intense-triple-action-eye-cream-pimprod2051763?sku=2641337,pimprod2051763
https://www.ulta.com/p/clear-start-micro-pore-mist-pimprod2017984?sku=2568081,pimprod2017984
https://www.ulta.com/p/sweet-pineapple-honey-melon-hydrating-lip-sleeping-mask-pimprod2045955?sku=2627336,pimprod2045955
https://www.ulta.com/p/clear-breakouts-control-oil-trial-kit-pimprod2046056?sku=2627165,pimprod2046056
https://www.ulta.com/p/redefine-triple-defense-moisturizing-cream-broad-spectrum-spf-30-pimprod2050622?sku=2635806,pimprod2050622
https://www.ulta.com/p/go-with-glow-niacinamide-drops-pimprod2031938?sku=2594199,pimprod2031938
https://www.ulta.com/p/hydro-boost-niacinamide-face-serum-fragrance-free-pimprod2035838?sku=2601030,pimprod2035838
https://www.ulta.com/p/brightening-eye-serum-pimprod2029893?sku=2588969,pimprod2029893
https://www.ulta.com/p/goat-butter-lip-mask-pimprod2037694?sku=2607661,pimprod2037694
https://www.ulta.com/p/total-rf-serum-anti-wrinkle-face-serum-pimprod2050604?sku=2635181,pimprod2050604
https://www.ulta.com/p/magic-food-mango-hand-butter-pimprod2049171?sku=2636053,pimprod2049171
https://www.ulta.com/p/greek-yoghurt-foaming-cream-cleanser-pimprod2020740?sku=2573092,pimprod2020740
https://www.ulta.com/p/dewy-eyed-illuminating-depuffing-eye-serum-pimprod2017545?sku=2569241,pimprod2017545
https://www.ulta.com/p/pdrn-essence-100-pimprod2051957?sku=2640416,pimprod2051957
https://www.ulta.com/p/skin-rejuvenating-under-eye-masks-pimprod2021566?sku=2576278,pimprod2021566
https://www.ulta.com/p/oil-eliminating-foaming-gel-cleanser-pimprod2042670?sku=2617045,pimprod2042670
https://www.ulta.com/p/blemish-treatment-acne-heart-patches-pimprod2002230?sku=2555526,pimprod2002230
https://www.ulta.com/p/biome-balancing-clear-prevent-acne-treatment-serum-pimprod2051953?sku=2642507,pimprod2051953
https://www.ulta.com/p/mineral-89-fragrance-free-cream-pimprod2039914?sku=2613655,pimprod2039914
https://www.ulta.com/p/vitamin-c-peptide-24-brightening-serum-pimprod2027779?sku=2586032,pimprod2027779
https://www.ulta.com/p/pm-blemish-aftercare-brightening-patches-pimprod2044427?sku=2625010,pimprod2044427
https://www.ulta.com/p/clear-way-clarifying-face-wash-pimprod2033207?sku=2597331,pimprod2033207
https://www.ulta.com/p/ultra-restore-firming-body-serum-pimprod2042532?sku=2616905,pimprod2042532
https://www.ulta.com/p/hyaluronic-dew-drops-pimprod2017597?sku=2568280,pimprod2017597
https://www.ulta.com/p/restore-scalp-serum-fragrance-free-pimprod2041256?sku=2614446,pimprod2041256
https://www.ulta.com/p/coco-vanilla-musk-shimmer-body-oil-pimprod2050809?sku=2636877,pimprod2050809
https://www.ulta.com/p/triple-moisture-herbal-lip-balm-spf-15-pimprod2045948?sku=2627398,pimprod2045948
https://www.ulta.com/p/vitaleyez-dark-circle-treatment-pimprod2043538?sku=2620431,pimprod2043538
https://www.ulta.com/p/hydro-boost-micellar-water-pimprod2045804?sku=2625707,pimprod2045804
https://www.ulta.com/p/peach-70-niacin-serum-pimprod2048934?sku=2634279,pimprod2048934
https://www.ulta.com/p/24k-snail-moisture-lock-slug-stick-pimprod2041076?sku=2613429,pimprod2041076
https://www.ulta.com/p/triple-hyaluronic-acid-hydrogel-slugging-mask-pimprod2049398?sku=2633475,pimprod2049398
https://www.ulta.com/p/glazed-donut-facial-glow-cream-pimprod2037646?sku=2607953,pimprod2037646
https://www.ulta.com/p/prebiotix-spf-45-glow-daily-multi-tasking-moisturizer-pimprod2037710?sku=2606644,pimprod2037710
https://www.ulta.com/p/future-youth-facial-massage-roller-pimprod2042627?sku=2617978,pimprod2042627
https://www.ulta.com/p/tone-up-niacinamide-firming-eye-serum-pimprod2034303?sku=2596016,pimprod2034303
https://www.ulta.com/p/n1-de-chanel-revitalizing-eye-serum-smooths-restores-refreshes-pimprod2046735?sku=2627470,pimprod2046735
https://www.ulta.com/p/calm-restore-triple-oat-serum-pimprod2017651?sku=2569998,pimprod2017651
https://www.ulta.com/p/sensitive-skin-gentle-resurfacing-serum-pimprod2049023?sku=2631731,pimprod2049023
https://www.ulta.com/p/cryo-reset-calming-mask-pads-pimprod2048073?sku=2631358,pimprod2048073
https://www.ulta.com/p/wonder-ceramide-micellar-foam-cleanser-pimprod2043022?sku=2619654,pimprod2043022
https://www.ulta.com/p/anthelios-spf-30-cooling-water-lotion-sunscreen-pimprod2043471?sku=2620125,pimprod2043471
https://www.ulta.com/p/tea-tree-oil-scalp-relief-treatment-pimprod2023250?sku=2576555,pimprod2023250
https://www.ulta.com/p/pink-bubble-sheet-mask-with-grapefruit-pimprod2045704?sku=2625934,pimprod2045704
https://www.ulta.com/p/shine-control-gel-cream-moisturizer-pimprod2042671?sku=2617046,pimprod2042671
https://www.ulta.com/p/travel-size-cc-cream-spf-25-pimprod2015577?sku=2567074,pimprod2015577
https://www.ulta.com/p/glow-baby-vitaglow-face-lotion-with-vitamin-c-pimprod2020689?sku=2573922,pimprod2020689
https://www.ulta.com/p/alcohol-free-daily-facial-toner-pimprod2037213?sku=2605855,pimprod2037213
https://www.ulta.com/p/balance-ph-balancing-gel-cleanser-pimprod2019388?sku=2572415,pimprod2019388
https://www.ulta.com/p/capture-totale-hyalushot-pimprod2042883?sku=2612413,pimprod2042883
https://www.ulta.com/p/purity-made-simple-pore-minimizing-serum-pimprod2034084?sku=2598910,pimprod2034084
https://www.ulta.com/p/purity-made-simple-cleanse-purify-hydrate-mini-set-pimprod2034086?sku=2598911,pimprod2034086
https://www.ulta.com/p/tint-your-hydration-set-pimprod2049095?sku=2632288,pimprod2049095
https://www.ulta.com/p/e-rase-milki-micellar-water-pimprod2028081?sku=2588459,pimprod2028081
https://www.ulta.com/p/travel-size-confidence-in-a-cream-barrier-boost-skin-barrier-repair-daily-moisturizer-pimprod2049033?sku=2633017,pimprod2049033
https://www.ulta.com/p/all-about-clean-rinse-off-foaming-cleanser-mini-pimprod2030045?sku=2590261,pimprod2030045
https://www.ulta.com/p/good-skin-forever-ageless-pimprod2032186?sku=2594702,pimprod2032186
https://www.ulta.com/p/honey-kojic-cleanser-pimprod2050122?sku=2634868,pimprod2050122
https://www.ulta.com/p/demaquillant-yeux-intense-gentle-bi-phase-eye-makeup-remover-pimprod2039952?sku=2607864,pimprod2039952
https://www.ulta.com/p/mia-instant-body-glow-travel-size-pimprod2043288?sku=2621973,pimprod2043288
https://www.ulta.com/p/honey-butter-beeswax-lip-balm-pimprod2049454?sku=2635159,pimprod2049454
https://www.ulta.com/p/lovebalm-hydrating-lip-balm-pimprod2042772?sku=2620657,pimprod2042772
https://www.ulta.com/p/classic-organic-suncare-travel-set-pimprod2037943?sku=2609328,pimprod2037943
https://www.ulta.com/p/serozinc-mattifying-facial-toner-spray-pimprod2043469?sku=2620403,pimprod2043469
https://www.ulta.com/p/super-multi-corrective-soft-cream-pimprod2039844?sku=2612392,pimprod2039844
https://www.ulta.com/p/starlit-kitten-brightening-hydrogel-eye-patch-pimprod2037607?sku=2605292,pimprod2037607
https://www.ulta.com/p/pure-cleansing-water-sensitive-pimprod2045877?sku=2626993,pimprod2045877
https://www.ulta.com/p/super-fluid-daily-uv-defense-spf-50-pimprod2002969?sku=2536726,pimprod2002969
https://www.ulta.com/p/2-salicylic-acid-acne-gel-cleanser-pimprod2046059?sku=2626353,pimprod2046059
https://www.ulta.com/p/luxe-body-self-tan-serum-pimprod2036779?sku=2606143,pimprod2036779
https://www.ulta.com/p/super-balm-glossy-lip-treatment-pimprod2045825?sku=2625442,pimprod2045825
https://www.ulta.com/p/mini-power-calm-hydrating-gel-cleanser-pimprod2017868?sku=2601273,pimprod2017868
https://www.ulta.com/p/le-tush-clarifying-butt-mask-pimprod2014929?sku=2561319,pimprod2014929
https://www.ulta.com/p/lightboost-wand-activating-serum-pimprod2050182?sku=2636482,pimprod2050182
https://www.ulta.com/p/urban-environment-vita-clear-sunscreen-spf-42-pimprod2039504?sku=2612331,pimprod2039504
https://www.ulta.com/p/teatree-trouble-pad-pimprod2049270?sku=2634871,pimprod2049270
https://www.ulta.com/p/cleanse-soft-foaming-cleanser-makeup-remover-pimprod2047205?sku=2629448,pimprod2047205
https://www.ulta.com/p/ultra-gentle-daily-facial-moisturizer-sunscreen-broad-spectrum-spf-30-pimprod2046248?sku=2625708,pimprod2046248
https://www.ulta.com/p/c-rush-brightening-vitamin-c-gel-creme-pimprod2042315?sku=2617265,pimprod2042315
https://www.ulta.com/p/advanced-peptides-flora-collagen-night-moisturizer-pimprod2029611?sku=2589430,pimprod2029611
https://www.ulta.com/p/le-tonique-anti-pollution-invigorating-toner-pimprod2030002?sku=2531905,pimprod2030002
https://www.ulta.com/p/hyaluronic-omega-moisture-lip-mask-pimprod2022789?sku=2574716,pimprod2022789
https://www.ulta.com/p/true-hue-ph-adjusting-lip-cheek-balm-pimprod2037136?sku=2604155,pimprod2037136
https://www.ulta.com/p/daily-nourish-lotion-with-12-lactic-acid-aha-pimprod2043815?sku=2623394,pimprod2043815
https://www.ulta.com/p/wonderwild-miracle-butter-pimprod2031365?sku=2594301,pimprod2031365
https://www.ulta.com/p/plump-kin-retinol-all-over-body-serum-pimprod2045913?sku=2625765,pimprod2045913
https://www.ulta.com/p/icon-fan-favorites-mini-set-pimprod2034088?sku=2598912,pimprod2034088
https://www.ulta.com/p/dr-andrew-weil-mega-mushroom-fortifying-emulsion-pimprod2040283?sku=2612782,pimprod2040283
https://www.ulta.com/p/glow-balm-radiant-skin-stick-pimprod2043247?sku=2622460,pimprod2043247
https://www.ulta.com/p/cest-clear-gentle-exfoliating-toner-pimprod2036531?sku=2605276,pimprod2036531
https://www.ulta.com/p/travel-size-collagen-superfusion-firming-plumping-facial-oil-pimprod2043340?sku=2619487,pimprod2043340
https://www.ulta.com/p/double-rewind-pro-grade-03-retinol-fine-lines-wrinkles-pimprod2043858?sku=2619655,pimprod2043858
https://www.ulta.com/p/pout-protector-spf-20-lip-balm-pimprod2049628?sku=2633471,pimprod2049628
https://www.ulta.com/p/hydrance-light-emulsion-pimprod2020813?sku=2577174,pimprod2020813
https://www.ulta.com/p/acne-gel-moisturizer-pimprod2046062?sku=2626354,pimprod2046062
https://www.ulta.com/p/hydro-plumping-serum-concentrate-pimprod2021444?sku=2571701,pimprod2021444
https://www.ulta.com/p/wake-up-beautiful-overnight-retinoid-cream-pimprod2021669?sku=2575572,pimprod2021669
https://www.ulta.com/p/hydrabarrier-nourishing-peptide-face-oil-pimprod2042278?sku=2617217,pimprod2042278
https://www.ulta.com/p/plump-c-tripeptide-lippe-mask-pimprod2052140?sku=2637802,pimprod2052140
https://www.ulta.com/p/bye-bye-bloat-lymphatic-massage-roller-pimprod2044174?sku=2622682,pimprod2044174
https://www.ulta.com/p/kp-bumps-be-gone-cream-with-15-lactic-acid-aha-pimprod2043813?sku=2623397,pimprod2043813
https://www.ulta.com/p/pink-lemonade-balm-pimprod2050107?sku=2633472,pimprod2050107
https://www.ulta.com/p/future-collection-future-airbrush-360-self-tan-mist-luxe-mitt-pimprod2044870?sku=2623025,pimprod2044870
https://www.ulta.com/p/swipe-glow-peel-pads-with-aha-bha-pha-niacinamide-pimprod2032776?sku=2595125,pimprod2032776
https://www.ulta.com/p/calm-facial-mist-with-natural-mineral-water-pimprod2043208?sku=2620348,pimprod2043208
https://www.ulta.com/p/radiance-bright-eye-roll-on-eye-cream-pimprod2020100?sku=2574171,pimprod2020100
https://www.ulta.com/p/strawberry-mint-jelly-foot-peel-pimprod2049401?sku=2633476,pimprod2049401
https://www.ulta.com/p/slick-skin-essential-lipid-serum-pimprod2028596?sku=2588697,pimprod2028596
https://www.ulta.com/p/terracotta-recycled-plastic-ice-roller-pimprod2040955?sku=2614971,pimprod2040955
https://www.ulta.com/p/glow-baby-enzyme-face-scrub-with-vitamin-c-glycolic-acid-pimprod2036801?sku=2605503,pimprod2036801
https://www.ulta.com/p/hydrogel-vajacial-mask-post-hair-removal-redness-pimprod2040510?sku=2615695,pimprod2040510
https://www.ulta.com/p/contour-self-tanning-sculpt-glow-pimprod2045280?sku=2627653,pimprod2045280
https://www.ulta.com/p/instant-oil-control-roller-with-halloysite-clay-pimprod2050935?sku=2636646,pimprod2050935
https://www.ulta.com/p/daily-facial-moisturizer-fragrance-free-pimprod2041038?sku=2615354,pimprod2041038
https://www.ulta.com/p/hydra-burst-face-serum-pimprod2046231?sku=2618433,pimprod2046231
https://www.ulta.com/p/mini-mask-multiverse-4-piece-mask-kit-pimprod2047914?sku=2630083,pimprod2047914
https://www.ulta.com/p/juno-antioxidant-superfood-face-oil-pimprod2007851?sku=2550155,pimprod2007851
https://www.ulta.com/p/original-101-ointment-duo-pimprod2023456?sku=2577426,pimprod2023456
https://www.ulta.com/p/discovery-kit-on-glow-minis-pimprod2046209?sku=2625858,pimprod2046209
https://www.ulta.com/p/night-off-face-wash-green-tea-deep-cleanser-pimprod2037014?sku=2607891,pimprod2037014
https://www.ulta.com/p/mini-unseen-sunscreen-spf-50-invisible-sun-protection-face-pimprod2049446?sku=2632709,pimprod2049446
https://www.ulta.com/p/hyaluron-activ-b3-triple-action-eye-cream-pimprod2041777?sku=2615680,pimprod2041777
https://www.ulta.com/p/power-elasticity-boosting-plump-pad-pimprod2045867?sku=2626226,pimprod2045867
https://www.ulta.com/p/cold-plasma-plus-daily-defense-moisturizer-broad-spectrum-spf-35-pimprod2044454?sku=2621470,pimprod2044454
https://www.ulta.com/p/sugar-mint-rush-freshening-lip-treatment-pimprod2038300?sku=2609914,pimprod2038300
https://www.ulta.com/p/baeside-sea-sculpt-contour-pimprod2049220?sku=2635116,pimprod2049220
https://www.ulta.com/p/clear-improvement-pore-purifying-toner-pimprod2046038?sku=2626503,pimprod2046038
https://www.ulta.com/p/all-in-one-mask-wand-mask-applicator-cleansing-tool-pimprod2038027?sku=2606916,pimprod2038027
https://www.ulta.com/p/after-sun-gel-pimprod2038622?sku=2596245,pimprod2038622
https://www.ulta.com/p/prebiotix-c-boost-72-hydrating-whipped-cream-pimprod2046031?sku=2626324,pimprod2046031
https://www.ulta.com/p/complete-cleansing-microfoam-pimprod2014582?sku=2561220,pimprod2014582
https://www.ulta.com/p/super-skin-toner-pimprod2035162?sku=2603231,pimprod2035162
https://www.ulta.com/p/hydraluminous-hydrating-whipped-day-cream-pimprod2043252?sku=2620551,pimprod2043252
https://www.ulta.com/p/advanced-night-repair-synchronized-multi-recovery-complex-serum-duo-pimprod2016820?sku=2568947,pimprod2016820
https://www.ulta.com/p/hydro-boost-ultra-hydrating-hyaluronic-acid-serum-pimprod2041881?sku=2615489,pimprod2041881
https://www.ulta.com/p/ultra-facial-barrier-hydrating-cleanser-pimprod2051651?sku=2638429,pimprod2051651
https://www.ulta.com/p/soft-bisous-plumping-lip-balm-pimprod2050112?sku=2635605,pimprod2050112
https://www.ulta.com/p/pore-minimizer-kaolin-clay-powder-mask-pimprod2037909?sku=2606964,pimprod2037909
https://www.ulta.com/p/clean-fresh-blurring-skin-tint-spf-30-pimprod2051963?sku=2641573,pimprod2051963
https://www.ulta.com/p/pore-perfecting-aha-blackhead-exfoliator-stick-pimprod2042540?sku=2613520,pimprod2042540
https://www.ulta.com/p/checks-balances-milky-oil-cleanser-makeup-melter-pimprod2038871?sku=2609438,pimprod2038871
https://www.ulta.com/p/facial-spray-with-aloe-adaptogens-coconut-water-pimprod2026877?sku=2584394,pimprod2026877
https://www.ulta.com/p/glow-tonic-5-glycolic-acid-exfoliating-toner-pimprod2013446?sku=2562261,pimprod2013446
https://www.ulta.com/p/hydra-essentiel-bi-phase-face-serum-with-double-hyaluronic-acid-pimprod2043933?sku=2620946,pimprod2043933
https://www.ulta.com/p/toy-story-sour-candy-lip-mask-pimprod2050626?sku=2638722,pimprod2050626
https://www.ulta.com/p/stress-rehab-redness-pore-clarifying-mask-pimprod2046696?sku=2625808,pimprod2046696
https://www.ulta.com/p/oh-whale-tinted-vegan-lip-balm-pimprod2024265?sku=2580617,pimprod2024265
https://www.ulta.com/p/hydrating-face-self-tan-mist-ultra-dark-pimprod2043236?sku=2619141,pimprod2043236
https://www.ulta.com/p/bedtime-bright-vita-charge-overnight-brightening-treatment-pimprod2042851?sku=2618463,pimprod2042851
https://www.ulta.com/p/super-shield-face-mist-spf-30-pimprod2050081?sku=2635902,pimprod2050081
https://www.ulta.com/p/lotus-youth-preserve-exfoliating-face-toner-pimprod2049056?sku=2632010,pimprod2049056
https://www.ulta.com/p/ultra-pure-high-potency-50-niacinamide-serum-pimprod2038221?sku=2607983,pimprod2038221
https://www.ulta.com/p/nudescreen-daily-mineral-veil-spf-30-pimprod2031256?sku=2605942,pimprod2031256
https://www.ulta.com/p/minty-101-ointment-balm-pimprod2014789?sku=2561289,pimprod2014789
https://www.ulta.com/p/blemish-balm-with-plant-based-salicylic-acid-pimprod2042762?sku=2621049,pimprod2042762
https://www.ulta.com/p/your-everything-shower-3-step-body-routine-pimprod2051656?sku=2638930,pimprod2051656
https://www.ulta.com/p/anti-wrinkle-miracle-worker-line-correcting-mini-moisturizer-pimprod2002776?sku=2535883,pimprod2002776
https://www.ulta.com/p/stainless-steel-face-roller-pimprod2045976?sku=2616541,pimprod2045976
https://www.ulta.com/p/glow-baby-vitamin-c-brightening-facial-mask-pimprod2036799?sku=2605509,pimprod2036799
https://www.ulta.com/p/bright-balanced-aloe-vera-leaf-face-wash-pimprod2025692?sku=2582558,pimprod2025692
https://www.ulta.com/p/reusable-silicone-brow-mask-pimprod2030881?sku=2591998,pimprod2030881
https://www.ulta.com/p/mini-retinol-youth-renewal-serum-pimprod2001766?sku=2535855,pimprod2001766
https://www.ulta.com/p/auto-tone-discoloration-uv-solution-spf-30-pimprod2046082?sku=2626738,pimprod2046082
https://www.ulta.com/p/stem-cellular-sleepwrinkle-retinol-overnight-eye-cream-pimprod2040055?sku=2612283,pimprod2040055
https://www.ulta.com/p/kids-spf-50-face-stick-pimprod2036901?sku=2606182,pimprod2036901
https://www.ulta.com/p/proactivmd-3-step-acne-treatment-system-pimprod2024085?sku=2580427,pimprod2024085
https://www.ulta.com/p/bod-guard-invisible-gel-spf-30-pimprod2039103?sku=2609031,pimprod2039103
https://www.ulta.com/p/needles-no-more-no-more-baggage-eye-de-puffing-gel-pimprod2044120?sku=2624297,pimprod2044120
https://www.ulta.com/p/sonicsmooth-clear-replacement-kit-pimprod2049875?sku=2633687,pimprod2049875
https://www.ulta.com/p/kids-spf-50-clear-sunscreen-spray-pimprod2036899?sku=2606179,pimprod2036899
https://www.ulta.com/p/balancing-5xha-gromwell-root-bubble-burst-serum-pimprod2045863?sku=2626222,pimprod2045863
https://www.ulta.com/p/beauty-flash-balm-mask-primer-radiance-booster-pimprod2033790?sku=2598882,pimprod2033790
https://www.ulta.com/p/glass-skin-facial-serum-pimprod2037840?sku=2607955,pimprod2037840
https://www.ulta.com/p/super-serum-night-repair-5-in-1-face-serum-pimprod2041036?sku=2615447,pimprod2041036
https://www.ulta.com/p/proactivmd-ultra-hydrating-moisturizer-pimprod2024083?sku=2580425,pimprod2024083
https://www.ulta.com/p/calm-restore-nourishing-oat-facial-cleanser-pimprod2017040?sku=2569999,pimprod2017040
https://www.ulta.com/p/breakout-banisher-body-lotion-pimprod2045700?sku=2625852,pimprod2045700
https://www.ulta.com/p/hidden-gems-hydrocolloid-pimple-patches-with-salicylic-acid-pimprod2049861?sku=2636256,pimprod2049861
https://www.ulta.com/p/divine-skin-rose-001-essence-pimprod2040526?sku=2613928,pimprod2040526
https://www.ulta.com/p/n1-de-chanel-revitalizing-eye-cream-pimprod2029888?sku=2589594,pimprod2029888
https://www.ulta.com/p/mini-essential-c-cleanser-pimprod2015653?sku=2563921,pimprod2015653
https://www.ulta.com/p/hydro-boost-soothing-milk-facial-cleanser-pimprod2035755?sku=2601048,pimprod2035755
https://www.ulta.com/p/advanced-retinol-daily-repair-moisturizer-broad-spectrum-spf-30-pimprod2030923?sku=2591236,pimprod2030923
https://www.ulta.com/p/antioxidant-face-shield-mineral-spf-30-pimprod2031646?sku=2594644,pimprod2031646
https://www.ulta.com/p/redefine-30-day-regimen-fine-lines-wrinkles-pimprod2050631?sku=2635940,pimprod2050631
https://www.ulta.com/p/skincare-solutions-gift-set-pimprod2049140?sku=2632245,pimprod2049140
https://www.ulta.com/p/dreamy-dew-oil-free-moisturizer-pimprod2009326?sku=2554822,pimprod2009326
https://www.ulta.com/p/variety-hydrogel-face-mask-5-piece-set-pimprod2042776?sku=2621208,pimprod2042776
https://www.ulta.com/p/estee-lauder-x-laduree-revitalizing-supreme-skincare-set-pimprod2051039?sku=2639563,pimprod2051039
https://www.ulta.com/p/r45-reversal-3-phase-retinol-booster-system-pimprod2019385?sku=2572412,pimprod2019385
https://www.ulta.com/p/glazed-donut-facial-serum-pimprod2037647?sku=2607954,pimprod2037647
https://www.ulta.com/p/bunny-beauty-routine-spa-headband-pimprod2049167?sku=2635599,pimprod2049167
https://www.ulta.com/p/gentle-foaming-cleanser-pimprod2024975?sku=2580419,pimprod2024975
https://www.ulta.com/p/skin-grumpy-get-glowy-mini-skin-care-gift-set-pimprod2047178?sku=2628920,pimprod2047178
https://www.ulta.com/p/extra-firming-smoothing-day-moisturizer-pimprod2031264?sku=2592832,pimprod2031264
https://www.ulta.com/p/hydraluminous-hydrating-night-gel-cream-pimprod2043248?sku=2620550,pimprod2043248
https://www.ulta.com/p/mini-ultra-facial-barrier-hydrating-cleanser-pimprod2051650?sku=2638428,pimprod2051650
https://www.ulta.com/p/performance-peel-ap25-starter-set-pimprod2046160?sku=2627481,pimprod2046160
https://www.ulta.com/p/retinol-intense-reactivating-serum-pimprod2051779?sku=2641331,pimprod2051779
https://www.ulta.com/p/glow-baby-super-lit-spf-30-face-lotion-uvauvb-mineral-sunscreen-pimprod2036803?sku=2605501,pimprod2036803
https://www.ulta.com/p/lip-desserts-sunscreen-lip-balm-spf-30-pimprod2037344?sku=2606427,pimprod2037344
https://www.ulta.com/p/anti-wrinkle-retinol-concentrated-serum-pimprod2036462?sku=2605665,pimprod2036462
https://www.ulta.com/p/crepey-skin-repair-treatment-with-resveratrol-pimprod2020185?sku=2573854,pimprod2020185
https://www.ulta.com/p/back-tan-applicator-pimprod2037881?sku=2609312,pimprod2037881
https://www.ulta.com/p/ingrown-deodorant-pimprod2042230?sku=2616662,pimprod2042230
https://www.ulta.com/p/mini-24-7-moisture-intense-ultra-hydrating-day-night-cream-pimprod2049862?sku=2634424,pimprod2049862
https://www.ulta.com/p/daily-corrector-spf-35-face-moisturizer-pimprod2010411?sku=2554760,pimprod2010411
https://www.ulta.com/p/mini-vita-c-glycolic-serum-pimprod2027251?sku=2587301,pimprod2027251
https://www.ulta.com/p/travel-size-magic-night-moisturizer-with-retinol-pimprod2043335?sku=2619482,pimprod2043335
https://www.ulta.com/p/dual-defense-face-moisturizer-spf-30-pimprod2038430?sku=2609339,pimprod2038430
https://www.ulta.com/p/bb-cream-spf-20-pimprod2005693?sku=2548338,pimprod2005693
https://www.ulta.com/p/healing-petroleum-jelly-pimprod2048309?sku=2633478,pimprod2048309
https://www.ulta.com/p/miffy-lip-serum-jelly-pimprod2050813?sku=2639433,pimprod2050813
https://www.ulta.com/p/moisture-rich-balm-pimprod2048542?sku=2631909,pimprod2048542
https://www.ulta.com/p/ceramide-retinol-hpr-rapid-skin-renewing-water-cream-pimprod2041999?sku=2618234,pimprod2041999
https://www.ulta.com/p/kojic-acid-brightening-bar-pimprod2032667?sku=2609982,pimprod2032667
https://www.ulta.com/p/youthtopia-liquid-exfoliating-apple-face-peel-pimprod2046036?sku=2626322,pimprod2046036
https://www.ulta.com/p/purity-made-simple-2-piece-set-pimprod2040094?sku=2612333,pimprod2040094
https://www.ulta.com/p/ultra-facial-alcohol-free-toner-pimprod2002890?sku=2536606,pimprod2002890
https://www.ulta.com/p/hydraluminous-hydrating-2-hyaluronic-acid-serum-pimprod2043256?sku=2620356,pimprod2043256
https://www.ulta.com/p/neck-chest-rejuvenating-red-light-therapy-mask-pimprod2045329?sku=2624960,pimprod2045329
https://www.ulta.com/p/black-tea-firming-overnight-mask-pimprod2025111?sku=2584167,pimprod2025111
https://www.ulta.com/p/organic-sunless-tan-anti-aging-daily-moisturizer-pimprod2021556?sku=2576790,pimprod2021556
https://www.ulta.com/p/redefine-overnight-restoritive-moisturizing-cream-pimprod2050625?sku=2635807,pimprod2050625
https://www.ulta.com/p/plantscription-active-wrinkle-correction-serum-pimprod2042707?sku=2617133,pimprod2042707
https://www.ulta.com/p/toleriane-purifying-foaming-cream-cleanser-pimprod2043462?sku=2620407,pimprod2043462
Link,Product ID
https://www.ulta.com/p/mineral-tinted-compact-spf-50-pimprod2020808?sku=2577170,pimprod2020808
https://www.ulta.com/p/age-defender-power-serum-pimprod2002931?sku=2536623,pimprod2002931
https://www.ulta.com/p/protect-facial-mist-with-natural-mineral-water-pimprod2043207?sku=2620347,pimprod2043207
https://www.ulta.com/p/glow-essence-hydrating-facial-mist-pimprod2015173?sku=2566409,pimprod2015173
https://www.ulta.com/p/cleanancehydra-soothing-cream-pimprod2020800?sku=2577347,pimprod2020800
https://www.ulta.com/p/pro-collagen-rose-marine-cream-pimprod2036813?sku=2605532,pimprod2036813
https://www.ulta.com/p/mini-tlc-sukari-babyfacial-pimprod2032618?sku=2597964,pimprod2032618
https://www.ulta.com/p/santal-soothing-hydrating-face-treatment-oil-pimprod2014298?sku=2559206,pimprod2014298
https://www.ulta.com/p/super-drops-5-niacinamide-vitamin-c-brightening-serum-pimprod2050255?sku=2635920,pimprod2050255
https://www.ulta.com/p/miffy-sunny-bright-hydration-serum-pimprod2050812?sku=2639435,pimprod2050812
https://www.ulta.com/p/mini-clear-improvement-active-charcoal-face-mask-clear-pores-pimprod2038072?sku=2568294,pimprod2038072
https://www.ulta.com/p/plumping-booster-hyaluronic-acid-supercharged-complex-pimprod2046079?sku=2626475,pimprod2046079
https://www.ulta.com/p/bikini-body-bump-eraser-targeted-spot-treatment-pimprod2031307?sku=2593275,pimprod2031307
https://www.ulta.com/p/1025-dokdo-cleanser-pimprod2052238?sku=2643238,pimprod2052238
https://www.ulta.com/p/revitalift-pressed-night-moisturizer-with-retinol-pimprod2027534?sku=2586902,pimprod2027534
https://www.ulta.com/p/retinol-vita-c-power-serum-firming-brightening-treatment-pimprod2003139?sku=2538075,pimprod2003139
https://www.ulta.com/p/everything-nice-lip-balm-pimprod2033260?sku=2596969,pimprod2033260
https://www.ulta.com/p/rice-70-intensive-moisturizing-milk-pimprod2052156?sku=2641339,pimprod2052156
https://www.ulta.com/p/hydration-radiance-kit-pimprod2047582?sku=2629845,pimprod2047582
https://www.ulta.com/p/luna-4-smart-facial-cleansing-firming-device-sensitive-skin-pimprod2038128?sku=2606007,pimprod2038128
https://www.ulta.com/p/mini-biolumin-c-vitamin-c-gel-moisturizer-pimprod2050931?sku=2593435,pimprod2050931
https://www.ulta.com/p/bronzed-boujee-spf-15-bronzing-spray-lotion-pimprod2050353?sku=2634629,pimprod2050353
https://www.ulta.com/p/acid-patch-salicylic-acid-pimple-patches-pimprod2043050?sku=2619046,pimprod2043050
https://www.ulta.com/p/multi-acid-enzyme-peel-dark-spot-corrector-exfoliator-pimprod2050613?sku=2635798,pimprod2050613
https://www.ulta.com/p/rainbow-ph-tinted-lip-balm-pimprod2006935?sku=2550862,pimprod2006935
https://www.ulta.com/p/nightmode-lip-treatment-with-hyaluronic-acid-manuka-honey-pimprod2026688?sku=2586974,pimprod2026688
https://www.ulta.com/p/firming-plant-peptide-serum-pimprod2050288?sku=2636050,pimprod2050288
https://www.ulta.com/p/baby-bar-travel-duo-with-case-pimprod2028051?sku=2588463,pimprod2028051
https://www.ulta.com/p/reedle-shot-300-pimprod2051960?sku=2640418,pimprod2051960
https://www.ulta.com/p/mini-circular-hydration-serum-pimprod2051673?sku=2638770,pimprod2051673
https://www.ulta.com/p/le-baume-all-in-one-repairing-balm-extremely-dry-skin-eczema-pimprod2045267?sku=2626466,pimprod2045267
https://www.ulta.com/p/aqua-bomb-hydrating-jelly-cleanser-pimprod2013171?sku=2557465,pimprod2013171
https://www.ulta.com/p/nourishing-cleansing-milk-pimprod2048760?sku=2631910,pimprod2048760
https://www.ulta.com/p/triple-moisture-fresh-citrus-hydrating-lip-sleeping-mask-pimprod2045942?sku=2627337,pimprod2045942
https://www.ulta.com/p/radiant-skin-brightening-serum-skin-tint-spf-30-pimprod2032850?sku=2598972,pimprod2032850
https://www.ulta.com/p/mini-dynamic-skin-retinol-serum-pimprod2046548?sku=2630025,pimprod2046548
https://www.ulta.com/p/hello-kitty-moisturizing-hand-creme-chocolate-covered-strawberry-pimprod2044145?sku=2622607,pimprod2044145
https://www.ulta.com/p/peach-77-niacin-conditioning-milk-pimprod2048925?sku=2634277,pimprod2048925
https://www.ulta.com/p/trinity-advanced-microcurrent-kit-wrinkle-reducer-attachment-pimprod2038435?sku=2600840,pimprod2038435
https://www.ulta.com/p/100-niacinamide-high-potency-powder-oily-skin-pimprod2020970?sku=2577566,pimprod2020970
https://www.ulta.com/p/deep-conditioning-black-castor-oil-pimprod2006817?sku=2548799,pimprod2006817
https://www.ulta.com/p/oh-whale-vegan-lip-balm-pimprod2018888?sku=2571762,pimprod2018888
https://www.ulta.com/p/mini-water-drench-hyaluronic-cloud-cream-hydrating-moisturizer-pimprod2051935?sku=2515463,pimprod2051935
https://www.ulta.com/p/aqua-bomb-brightening-vitamin-c-cream-pimprod2043263?sku=2619878,pimprod2043263
https://www.ulta.com/p/dream-yeye-replenishing-pm-patches-pimprod2043189?sku=2617762,pimprod2043189
https://www.ulta.com/p/rose-glow-mist-pimprod2013445?sku=2562263,pimprod2013445
https://www.ulta.com/p/nudeskin-hydrating-peptide-lip-butter-pimprod2024594?sku=2580964,pimprod2024594
https://www.ulta.com/p/skin-hero-bare-skin-perfecter-pimprod2022423?sku=2577748,pimprod2022423
https://www.ulta.com/p/spotless-30-day-regimen-teen-acne-pimprod2050634?sku=2635942,pimprod2050634
https://www.ulta.com/p/collagen-facial-sheet-mask-pimprod2046991?sku=2629917,pimprod2046991
https://www.ulta.com/p/retinol-eye-stick-with-encapsulated-retinol-peptides-pimprod2037900?sku=2606809,pimprod2037900
https://www.ulta.com/p/foaming-face-wash-pimprod2032896?sku=2595368,pimprod2032896
https://www.ulta.com/p/mini-deep-cleansing-oil-facial-cleanser-pimprod2007904?sku=2549594,pimprod2007904
https://www.ulta.com/p/face-wash-powder-facial-cleanser-pimprod2004253?sku=2544294,pimprod2004253
https://www.ulta.com/p/serum-set-two-in-one-hyper-glow-hyaluronic-acid-pimprod2037113?sku=2608436,pimprod2037113
https://www.ulta.com/p/proactiv-pore-targeting-treatment-pimprod2026715?sku=2585150,pimprod2026715
https://www.ulta.com/p/floral-recovery-overnight-mask-with-squalane-pimprod2029820?sku=2602979,pimprod2029820
https://www.ulta.com/p/miracle-clear-pore-purifying-clay-mask-pimprod2046995?sku=2629919,pimprod2046995
https://www.ulta.com/p/ascorbyl-tetraisopalmitate-solution-20-in-vitamin-f-hydration-brightening-pimprod2010251?sku=2552305,pimprod2010251
https://www.ulta.com/p/power-of-peptides-set-pimprod2048495?sku=2633387,pimprod2048495
https://www.ulta.com/p/supercharged-lip-scrub-pimprod2032120?sku=2590662,pimprod2032120
https://www.ulta.com/p/smile-perfector-duo-pimprod2044029?sku=2621682,pimprod2044029
https://www.ulta.com/p/blooming-youth-peach-collagen-multi-stick-balm-pimprod2041997?sku=2618230,pimprod2041997
https://www.ulta.com/p/celestine-hydra-plumping-peptide-serum-pimprod2037350?sku=2606110,pimprod2037350
https://www.ulta.com/p/new-moon-repairing-moisturizing-balm-pimprod2033459?sku=2597527,pimprod2033459
https://www.ulta.com/p/advanced-snail-mucin-power-sheet-mask-pimprod2041027?sku=2616566,pimprod2041027
https://www.ulta.com/p/active-hydration-bright-eye-complex-pimprod2050615?sku=2635800,pimprod2050615
https://www.ulta.com/p/booty-drops-firming-body-oil-pimprod2014529?sku=2561279,pimprod2014529
https://www.ulta.com/p/sunrise-sunset-natural-skincare-kit-pimprod2049898?sku=2635710,pimprod2049898
https://www.ulta.com/p/travel-size-calendula-deep-cleansing-foaming-face-wash-pimprod2002800?sku=2536622,pimprod2002800
https://www.ulta.com/p/hy-gen-tinted-lip-mask-pimprod2047548?sku=2629184,pimprod2047548
https://www.ulta.com/p/perfectionist-pro-rapid-brightening-serum-pimprod2042764?sku=2619152,pimprod2042764
https://www.ulta.com/p/honey-kojic-moisturizer-pimprod2050123?sku=2634869,pimprod2050123
https://www.ulta.com/p/nutrifeye-nourishing-eye-patches-with-rose-chamomile-pimprod2043188?sku=2617763,pimprod2043188
https://www.ulta.com/p/hand-cream-favorites-collection-pimprod2016147?sku=2567639,pimprod2016147
https://www.ulta.com/p/supercharged-lip-balm-pimprod2025493?sku=2581810,pimprod2025493
https://www.ulta.com/p/dreamy-drops-clarifying-serum-pimprod2033209?sku=2597329,pimprod2033209
https://www.ulta.com/p/travel-size-bb-cream-spf-20-pimprod2015578?sku=2566318,pimprod2015578
https://www.ulta.com/p/nudeskin-citrus-c-mask-daily-moisturizer-pimprod2019568?sku=2571981,pimprod2019568
https://www.ulta.com/p/nudeskin-lemon-aid-detox-glow-micro-peel-pimprod2019448?sku=2571979,pimprod2019448
https://www.ulta.com/p/aurora-balm-pimprod2042121?sku=2611557,pimprod2042121
https://www.ulta.com/p/anti-wrinkle-retinol-scrub-with-glycolic-acid-pimprod2008476?sku=2555005,pimprod2008476
https://www.ulta.com/p/capture-totale-retishot-retinol-night-treatment-pimprod2048731?sku=2629090,pimprod2048731
https://www.ulta.com/p/on-glow-kit-pimprod2044690?sku=2625430,pimprod2044690
https://www.ulta.com/p/redefine-triple-defense-lotion-broad-spectrum-spf-30-pimprod2050619?sku=2635804,pimprod2050619
https://www.ulta.com/p/road-tripper-pimprod2049521?sku=2635409,pimprod2049521
https://www.ulta.com/p/24k-snail-hydrating-serum-mist-pimprod2041075?sku=2613428,pimprod2041075
https://www.ulta.com/p/absolue-soft-cream-home-away-set-pimprod2043834?sku=2621146,pimprod2043834
https://www.ulta.com/p/daily-glow-brightening-gradual-tan-lotion-pimprod2037336?sku=2606137,pimprod2037336
https://www.ulta.com/p/mineral-liquid-face-spf-30-pimprod2049276?sku=2635066,pimprod2049276
https://www.ulta.com/p/detoxifeye-serum-depuffing-eye-serum-with-caffeine-peptides-pimprod2025189?sku=2583922,pimprod2025189
https://www.ulta.com/p/hydrating-mineral-sunscreen-lotion-body-spf-30-all-skin-types-pimprod2003658?sku=2540956,pimprod2003658
https://www.ulta.com/p/n1-de-chanel-revitalizing-mask-pimprod2043254?sku=2611611,pimprod2043254
https://www.ulta.com/p/bronzed-like-a-boss-bronzing-spray-lotion-pimprod2050351?sku=2634627,pimprod2050351
https://www.ulta.com/p/break-out-spot-treatment-large-bumps-breakouts-pimprod2030788?sku=2592177,pimprod2030788
https://www.ulta.com/p/face-moisturizer-pimprod2009643?sku=2548220,pimprod2009643
https://www.ulta.com/p/peach-77-niacin-enriched-cream-pimprod2049125?sku=2634265,pimprod2049125
https://www.ulta.com/p/blue-sea-kale-niacinamide-smoothing-facial-serum-pimprod2028599?sku=2586253,pimprod2028599
https://www.ulta.com/p/self-tan-eraser-gentle-foaming-cleanser-pimprod2016573?sku=2569564,pimprod2016573
https://www.ulta.com/p/bha-2-gentle-exfoliating-toner-pimprod2049126?sku=2634271,pimprod2049126
https://www.ulta.com/p/mini-lotus-youth-preserve-line-texture-smoothing-moisturizer-pimprod2051202?sku=2617055,pimprod2051202
https://www.ulta.com/p/hydra-beauty-micro-serum-levres-intense-replenishing-hydration-pimprod2046736?sku=2627472,pimprod2046736
https://www.ulta.com/p/travel-size-salicylic-acid-acne-healing-dots-pimprod2043750?sku=2624331,pimprod2043750
https://www.ulta.com/p/heartleaf-80-moisture-soothing-ampoule-pimprod2049127?sku=2634259,pimprod2049127
https://www.ulta.com/p/intensive-healing-cream-with-15-lactic-acid-aha-pimprod2043814?sku=2623396,pimprod2043814
https://www.ulta.com/p/travel-size-bb-blur-tinted-moisturizer-broad-spectrum-spf-30-sunscreen-pimprod2021638?sku=2578610,pimprod2021638
https://www.ulta.com/p/dr-microdermabrasion-renewing-face-exfoliator-pimprod2043988?sku=2623903,pimprod2043988
https://www.ulta.com/p/ageless-firm-smooth-cream-pimprod2047083?sku=2630125,pimprod2047083
https://www.ulta.com/p/balm-glow-pimprod2037691?sku=2607164,pimprod2037691
https://www.ulta.com/p/triple-plump-coconut-milk-serum-pimprod2046977?sku=2631416,pimprod2046977
https://www.ulta.com/p/retinol-vitamin-c-moisturizer-pimprod2005754?sku=2547441,pimprod2005754
https://www.ulta.com/p/lippie-stix-primer-pimprod2025755?sku=2585023,pimprod2025755
https://www.ulta.com/p/reusable-silicone-smile-line-mask-pimprod2030883?sku=2591999,pimprod2030883
https://www.ulta.com/p/hello-kitty-aromatherapy-spa-bath-crystals-pimprod2044156?sku=2622650,pimprod2044156
https://www.ulta.com/p/bright-eyes-depuffing-brightening-eye-gels-pimprod2019381?sku=2572408,pimprod2019381
https://www.ulta.com/p/universal-microbiome-barrier-balancing-cleanser-pimprod2050413?sku=2636494,pimprod2050413
https://www.ulta.com/p/mini-green-clean-gentle-creamy-cleanser-pimprod2051728?sku=2641308,pimprod2051728
https://www.ulta.com/p/salicylic-acid-shea-butter-exfoliating-cleansing-bar-pimprod2033454?sku=2597447,pimprod2033454
https://www.ulta.com/p/freshly-juiced-vitamin-e-mask-pimprod2005168?sku=2546687,pimprod2005168
https://www.ulta.com/p/happy-skin-enzymic-facial-exfoliator-pimprod2047678?sku=2631723,pimprod2047678
https://www.ulta.com/p/ultimate-tan-face-brush-pimprod2050027?sku=2635405,pimprod2050027
https://www.ulta.com/p/citrine-balm-ph-lip-balm-pimprod2046192?sku=2625601,pimprod2046192
https://www.ulta.com/p/clean-pro-rq-smart-facial-cleansing-device-pimprod2006876?sku=2551078,pimprod2006876
https://www.ulta.com/p/sunprise-mild-airy-finish-sun-milk-pimprod2049649?sku=2634694,pimprod2049649
https://www.ulta.com/p/100-organic-cold-pressed-moroccan-argan-oil-skin-hair-pimprod2007101?sku=2551161,pimprod2007101
https://www.ulta.com/p/panthetoin-essence-toner-pimprod2049269?sku=2635110,pimprod2049269
https://www.ulta.com/p/comfort-mist-daily-calming-spray-pimprod2050331?sku=2633258,pimprod2050331
https://www.ulta.com/p/brightening-booster-vitamin-c-serum-pimprod2038431?sku=2609338,pimprod2038431
https://www.ulta.com/p/concentrated-eye-cream-eye-moisturizer-pimprod2004252?sku=2544327,pimprod2004252
https://www.ulta.com/p/hydra-liptreat-tinted-lip-balm-pimprod2046321?sku=2625611,pimprod2046321
https://www.ulta.com/p/balancing-mist-pimprod2048512?sku=2631903,pimprod2048512
https://www.ulta.com/p/onion-newpair-sunscreen-spf-40-pimprod2049646?sku=2634355,pimprod2049646
https://www.ulta.com/p/v-facial-instant-depuffing-face-mask-pimprod2046106?sku=2622442,pimprod2046106
https://www.ulta.com/p/gift-of-pro-collagen-icons-pimprod2042363?sku=2619259,pimprod2042363
https://www.ulta.com/p/call-it-a-night-revitalizing-nourishing-ufo-activated-sheet-masks-pimprod2001866?sku=2531883,pimprod2001866
https://www.ulta.com/p/afterglow-luminous-serum-pimprod2037244?sku=2607231,pimprod2037244
https://www.ulta.com/p/baby-bum-spf-50-sunscreen-face-stick-pimprod2049292?sku=2635072,pimprod2049292
https://www.ulta.com/p/your-ultimate-cleanse-hydrate-duo-pimprod2045275?sku=2626171,pimprod2045275
https://www.ulta.com/p/travel-size-advanced-snail-96-mucin-power-essence-pimprod2022212?sku=2577440,pimprod2022212
https://www.ulta.com/p/ultra-pure-high-potency-98-glycolic-acid-serum-pimprod2038246?sku=2607984,pimprod2038246
https://www.ulta.com/p/shea-butter-ultra-rich-lip-balm-pimprod2049374?sku=2636213,pimprod2049374
https://www.ulta.com/p/amethyst-ph-lip-balm-pimprod2035486?sku=2600601,pimprod2035486
https://www.ulta.com/p/vegan-collagen-hydro-treatment-eye-smile-line-patches-pimprod2037437?sku=2605490,pimprod2037437
https://www.ulta.com/p/miffy-multipurpose-cosmetics-bag-pimprod2050817?sku=2639427,pimprod2050817
https://www.ulta.com/p/bronze-in-a-bottle-spf-7-bronzing-spray-lotion-pimprod2050352?sku=2634628,pimprod2050352
https://www.ulta.com/p/dream-sleep-nighttime-slugging-face-mask-5-piece-set-pimprod2042799?sku=2599932,pimprod2042799
https://www.ulta.com/p/smooth-bright-resurfacing-mask-pimprod2049897?sku=2634783,pimprod2049897
https://www.ulta.com/p/umbrian-clay-pore-purifying-face-mask-pimprod2032347?sku=2596056,pimprod2032347
https://www.ulta.com/p/line-smoothing-fix-serum-with-triple-peptide-complex-pimprod2028010?sku=2584840,pimprod2028010
https://www.ulta.com/p/revitalizing-supreme-bright-radiance-power-soft-cream-moisturizer-pimprod2049788?sku=2636556,pimprod2049788
https://www.ulta.com/p/jetsetter-3-piece-gelly-pack-pimprod2039107?sku=2609159,pimprod2039107
https://www.ulta.com/p/brightwave-vitamin-c-energizing-brightening-eye-cream-pimprod2027047?sku=2585708,pimprod2027047
https://www.ulta.com/p/universal-triple-action-peel-pads-pimprod2049471?sku=2636741,pimprod2049471
https://www.ulta.com/p/1025-dokdo-toner-pimprod2052236?sku=2643237,pimprod2052236
https://www.ulta.com/p/advanced-night-repair-eye-creme-skincare-set-pimprod2045810?sku=2629117,pimprod2045810
https://www.ulta.com/p/anti-aging-regenerative-serum-mini-pimprod2049474?sku=2635047,pimprod2049474
https://www.ulta.com/p/future-renew-damage-reversal-skincare-system-pimprod2043251?sku=2620360,pimprod2043251
https://www.ulta.com/p/kissu-lip-scrub-moisturizing-lip-exfoliant-pimprod2049105?sku=2634111,pimprod2049105
https://www.ulta.com/p/cloud-facial-cleanser-pimprod2046232?sku=2618434,pimprod2046232
https://www.ulta.com/p/weekly-reset-rejuvenating-eye-mask-pimprod2038074?sku=2590410,pimprod2038074
https://www.ulta.com/p/le-cleanser-gel-milk-fragrance-free-cleanser-sensitive-skin-pimprod2045270?sku=2626467,pimprod2045270
https://www.ulta.com/p/future-youth-time-shift-hydrogel-facial-mask-pimprod2042628?sku=2617979,pimprod2042628
https://www.ulta.com/p/resurfacing-acne-scar-spot-treatment-gel-pimprod2017642?sku=2570166,pimprod2017642
https://www.ulta.com/p/regenerist-collagen-peptide-24-max-hydrating-moisturizer-pimprod2027781?sku=2586191,pimprod2027781
https://www.ulta.com/p/sea-acne-gone-algae-moisturizing-gel-pimprod2041910?sku=2611645,pimprod2041910
https://www.ulta.com/p/wake-up-beautiful-retinoid-serum-pimprod2030687?sku=2591996,pimprod2030687
https://www.ulta.com/p/illuminate-me-whipped-body-butter-pimprod2048308?sku=2633488,pimprod2048308
https://www.ulta.com/p/hydra-eye-balm-pimprod2048535?sku=2631907,pimprod2048535
https://www.ulta.com/p/sea-acne-gone-sea-glow-algae-face-wash-pimprod2041909?sku=2611644,pimprod2041909
https://www.ulta.com/p/collagen-moisture-filler-facial-day-night-cream-pimprod2000650?sku=2537733,pimprod2000650
https://www.ulta.com/p/mugwort-essence-pimprod2051772?sku=2642150,pimprod2051772
https://www.ulta.com/p/rescue-balm-rich-repairing-cream-pimprod2014875?sku=2561938,pimprod2014875
https://www.ulta.com/p/santorini-grape-velvet-skin-drink-pimprod2020746?sku=2573098,pimprod2020746
https://www.ulta.com/p/sea-kale-hyaluronic-acid-complex-rejuvenating-skin-serum-pimprod2006291?sku=2549337,pimprod2006291
https://www.ulta.com/p/pure-gel-cleanser-pimprod2048544?sku=2631912,pimprod2048544
https://www.ulta.com/p/r-r-broad-spectrum-spf-50-sun-serum-pimprod2035000?sku=2616920,pimprod2035000
https://www.ulta.com/p/face-lotion-spf-70-pimprod2021611?sku=2575582,pimprod2021611
https://www.ulta.com/p/zitlit-led-acne-fighting-stick-pimprod2039866?sku=2612551,pimprod2039866
https://www.ulta.com/p/2-piece-gift-pack-pimprod2038347?sku=2609649,pimprod2038347
https://www.ulta.com/p/redness-correcting-treatment-pimprod2049962?sku=2634784,pimprod2049962
https://www.ulta.com/p/coconut-clean-cleansing-balm-pimprod2050538?sku=2636700,pimprod2050538
https://www.ulta.com/p/3-ceramide-panthenol-moisture-barrier-cream-pimprod2052161?sku=2641341,pimprod2052161
https://www.ulta.com/p/kateceuticals-total-repair-cream-pimprod2022944?sku=2579673,pimprod2022944
https://www.ulta.com/p/glofacial-collagen-concentrate-pimprod2040042?sku=2612182,pimprod2040042
https://www.ulta.com/p/makeup-remover-cleansing-towelette-singles-pimprod2002068?sku=2534782,pimprod2002068
https://www.ulta.com/p/pixi-hello-kitty-anywhere-rejuvenating-face-patches-pimprod2033213?sku=2598124,pimprod2033213
https://www.ulta.com/p/multivitamin-day-cream-spf-30-pimprod2049789?sku=2634778,pimprod2049789
https://www.ulta.com/p/chest-o-presto-clarifying-body-acne-mist-pimprod2023617?sku=2577422,pimprod2023617
https://www.ulta.com/p/sugar-face-polish-exfoliator-pimprod2049182?sku=2631848,pimprod2049182
https://www.ulta.com/p/hello-good-stuff-bi-phase-oil-serum-pimprod2043698?sku=2618293,pimprod2043698
https://www.ulta.com/p/kissu-lip-treatment-volume-restoring-lip-serum-pimprod2049110?sku=2634112,pimprod2049110
https://www.ulta.com/p/dew-guard-glow-boost-serum-spf-40-pimprod2051467?sku=2635923,pimprod2051467
https://www.ulta.com/p/mineral-89-prebiotic-face-serum-pimprod2026550?sku=2585865,pimprod2026550
https://www.ulta.com/p/future-renew-damage-reversal-night-serum-pimprod2051929?sku=2640144,pimprod2051929
https://www.ulta.com/p/exfoliating-toner-biodegradable-skincare-pads-pimprod2044739?sku=2624833,pimprod2044739
https://www.ulta.com/p/super-smoothie-cleanser-preventing-dark-spots-minor-breakouts-pimprod2030792?sku=2592181,pimprod2030792
https://www.ulta.com/p/cold-plasma-plus-lip-therapy-pimprod2037922?sku=2607361,pimprod2037922
https://www.ulta.com/p/all-about-clean-liquid-facial-soap-cleanser-oily-mini-pimprod2030897?sku=2590260,pimprod2030897
https://www.ulta.com/p/clean-it-zero-green-peel-toner-pads-pimprod2044761?sku=2625863,pimprod2044761
https://www.ulta.com/p/nutritious-2-in-1-foam-cleanser-mini-pimprod2047181?sku=2628970,pimprod2047181
https://www.ulta.com/p/feed-your-soul-berry-in-love-pore-mask-pimprod2024267?sku=2580619,pimprod2024267
https://www.ulta.com/p/pm-overnight-spot-patches-pimprod2049554?sku=2634919,pimprod2049554
https://www.ulta.com/p/mineral-melt-broad-spectrum-spf-30-pimprod2039397?sku=2609322,pimprod2039397
https://www.ulta.com/p/mini-vitamin-nectar-glow-juice-antioxidant-face-serum-pimprod2025063?sku=2584163,pimprod2025063
https://www.ulta.com/p/wonder-ceramide-mochi-water-cream-pimprod2040801?sku=2622137,pimprod2040801
https://www.ulta.com/p/travel-size-charlottes-magic-hydration-revival-cleanser-pimprod2044487?sku=2621969,pimprod2044487
https://www.ulta.com/p/perfectionist-pro-rapid-firm-lift-serum-pimprod2042766?sku=2619151,pimprod2042766
https://www.ulta.com/p/full-fit-propolis-lip-sleeping-mask-pimprod2049027?sku=2634976,pimprod2049027
https://www.ulta.com/p/dark-instant-tan-cream-pimprod2046721?sku=2630552,pimprod2046721
https://www.ulta.com/p/mini-resetting-refreshing-mist-sunscreen-spf-40-pimprod2030972?sku=2593506,pimprod2030972
https://www.ulta.com/p/dead-sea-minerals-vitamin-c-complex-toning-skin-serum-pimprod2006286?sku=2549335,pimprod2006286
https://www.ulta.com/p/soonjung-ph-55-relief-toner-pimprod2049662?sku=2636341,pimprod2049662
https://www.ulta.com/p/mini-intensive-eye-concentrate-wrinkles-plus-pimprod2038086?sku=2579995,pimprod2038086
https://www.ulta.com/p/beauty-flash-peel-with-bha-aha-pimprod2033789?sku=2598880,pimprod2033789
https://www.ulta.com/p/vitamin-c-glow-powder-cleanser-pimprod2017106?sku=2568281,pimprod2017106
https://www.ulta.com/p/squishmallows-bennys-pedi-hydrating-shea-butter-foot-mask-pimprod2045933?sku=2628180,pimprod2045933
https://www.ulta.com/p/kakadu-luxe-cream-pimprod2048367?sku=2632199,pimprod2048367
https://www.ulta.com/p/clear-start-breakout-clearing-liquid-peel-pimprod2033917?sku=2599036,pimprod2033917
https://www.ulta.com/p/getaway-glow-gradual-tan-firming-serum-pimprod2042853?sku=2619874,pimprod2042853
https://www.ulta.com/p/mini-water-drench-hyaluronic-cloud-sheer-tint-moisturizer-spf-45-pimprod2051031?sku=2640019,pimprod2051031
https://www.ulta.com/p/cleansing-bar-sensitive-skin-pimprod2047535?sku=2631933,pimprod2047535
https://www.ulta.com/p/ageless-10-phyto-procollagen-firming-sleeping-mask-pimprod2038770?sku=2609687,pimprod2038770
https://www.ulta.com/p/brightening-dual-phase-body-serum-mist-with-niacinamide-squalane-pimprod2052248?sku=2640504,pimprod2052248
https://www.ulta.com/p/comfort-space-skinflammation-mask-pimprod2046697?sku=2625809,pimprod2046697
https://www.ulta.com/p/cleansing-balm-pimprod2048514?sku=2631904,pimprod2048514
https://www.ulta.com/p/treasure-barrier-boost-glazing-milk-pimprod2049892?sku=2635708,pimprod2049892
https://www.ulta.com/p/age-perfect-collagen-expert-day-moisturizer-with-spf-30-pimprod2027965?sku=2586904,pimprod2027965
https://www.ulta.com/p/koolsol-ultra-light-invisible-mineral-sunscreen-broad-spectrum-spf50-pimprod2051532?sku=2637350,pimprod2051532
https://www.ulta.com/p/travel-size-milk-primer-spf-35-sunscreen-makeup-perfecter-pimprod2038071?sku=2582535,pimprod2038071
https://www.ulta.com/p/blume-buds-power-patches-acne-prone-skin-pimprod2042537?sku=2615876,pimprod2042537
https://www.ulta.com/p/multivitamin-c-firming-serum-pimprod2049786?sku=2634777,pimprod2049786
https://www.ulta.com/p/peach-77-niacin-essence-toner-pimprod2048933?sku=2634267,pimprod2048933
https://www.ulta.com/p/mini-super-rich-repair-moisturizer-pimprod2046550?sku=2630026,pimprod2046550
https://www.ulta.com/p/anchor-bio-retinol-vitality-serum-pimprod2046022?sku=2626024,pimprod2046022
https://www.ulta.com/p/kiwi-blackhead-remover-pore-vacuum-pimprod2043526?sku=2619181,pimprod2043526
https://www.ulta.com/p/vitamin-nectar-moisture-glow-face-cream-pimprod2024905?sku=2584162,pimprod2024905
https://www.ulta.com/p/multi-action-clear-acne-clearing-treatment-lotion-pimprod2038155?sku=2606168,pimprod2038155
https://www.ulta.com/p/le-serum-superfruit-vitamin-c-serum-sensitive-skin-pimprod2049675?sku=2634426,pimprod2049675
https://www.ulta.com/p/slick-skin-body-lipid-rich-oil-serum-pimprod2050106?sku=2636387,pimprod2050106
https://www.ulta.com/p/mini-green-clean-whipped-foaming-cleanser-pimprod2051747?sku=2641310,pimprod2051747
https://www.ulta.com/p/eye-love-3-piece-kit-pimprod2047685?sku=2631369,pimprod2047685
https://www.ulta.com/p/travel-size-super-serum-night-repair-5-in-1-face-serum-pimprod2041037?sku=2615448,pimprod2041037
https://www.ulta.com/p/hello-kitty-chic-reusable-jar-with-cotton-swabs-matte-gold-pimprod2044162?sku=2623289,pimprod2044162
https://www.ulta.com/p/flower-fix-oil-serum-pimprod2046695?sku=2625807,pimprod2046695
https://www.ulta.com/p/mini-biolumin-c-vitamin-c-heat-aging-protector-spf-50-pimprod2049956?sku=2635492,pimprod2049956
https://www.ulta.com/p/travel-size-essential-energy-hydrating-cream-pimprod2033686?sku=2595123,pimprod2033686
https://www.ulta.com/p/ahoy-love-nourishing-milky-cleanser-pimprod2046023?sku=2626023,pimprod2046023
https://www.ulta.com/p/after-sun-soothing-body-gelato-pimprod2050896?sku=2637027,pimprod2050896
https://www.ulta.com/p/ultra-facial-oil-free-toner-pimprod2002908?sku=2536669,pimprod2002908
https://www.ulta.com/p/nourishing-cleansing-oil-pimprod2051077?sku=2637752,pimprod2051077
https://www.ulta.com/p/daily-dose-hydra-ceramide-boost-spf-40-face-oil-pimprod2039694?sku=2613563,pimprod2039694
https://www.ulta.com/p/charlottes-magic-hydrator-mist-pimprod2045410?sku=2628225,pimprod2045410
https://www.ulta.com/p/coloured-balm-lip-balm-pimprod2031689?sku=2595762,pimprod2031689
https://www.ulta.com/p/super-drops-retinol-peptide-barrier-serum-pimprod2050254?sku=2635919,pimprod2050254
https://www.ulta.com/p/cc-water-with-hyaluronic-acid-pimprod2025143?sku=2579206,pimprod2025143
https://www.ulta.com/p/sunrise-service-brightening-face-mask-5-piece-set-pimprod2034355?sku=2599936,pimprod2034355
https://www.ulta.com/p/retinol-360-eye-lift-patches-lift-firm-revitalize-eyes-pimprod2042966?sku=2613521,pimprod2042966
https://www.ulta.com/p/cloud-balm-hydrating-lip-treatment-pimprod2050900?sku=2635091,pimprod2050900
https://www.ulta.com/p/boba-bears-deep-moisture-bubble-bath-white-peach-bliss-pimprod2044161?sku=2623288,pimprod2044161
https://www.ulta.com/p/koolsol-ultra-light-invisible-sunscreen-broad-spectrum-spf50-pimprod2050835?sku=2637349,pimprod2050835
https://www.ulta.com/p/glow-tonic-go-5-glycolic-acid-exfoliating-toner-pads-pimprod2025191?sku=2576881,pimprod2025191
https://www.ulta.com/p/vitamin-c-serum-brightening-concentrate-pimprod2013504?sku=2562293,pimprod2013504
https://www.ulta.com/p/daily-vitamin-c-lotion-with-7-lactic-acid-aha-pimprod2043811?sku=2623399,pimprod2043811
https://www.ulta.com/p/travel-size-milk-drops-ceramide-serum-pimprod2020104?sku=2571447,pimprod2020104
https://www.ulta.com/p/skin-therapy-multi-perfecting-night-oil-serum-pimprod2041462?sku=2614901,pimprod2041462
https://www.ulta.com/p/lymphatic-body-blaster-pimprod2050847?sku=2636962,pimprod2050847
https://www.ulta.com/p/ultra-facial-oil-free-cleanser-pimprod2002912?sku=2536665,pimprod2002912
https://www.ulta.com/p/2025-limited-edition-pride-bloom-cream-daily-moisturizer-pimprod2052195?sku=2639780,pimprod2052195
https://www.ulta.com/p/supercharged-revitalizing-facial-mist-pimprod2021186?sku=2574045,pimprod2021186
https://www.ulta.com/p/perfectionist-pro-multi-zone-wrinkle-concentrate-with-niacinamide-pimprod2030606?sku=2592153,pimprod2030606
https://www.ulta.com/p/rays-copper-peptide-eye-masks-pimprod2028581?sku=2599508,pimprod2028581
https://www.ulta.com/p/miffy-blemish-bunny-hydrocolloid-patches-pimprod2050811?sku=2639436,pimprod2050811
https://www.ulta.com/p/extra-nighttime-moisture-facial-moisturizer-pimprod2004246?sku=2544326,pimprod2004246
https://www.ulta.com/p/nightly-retinol-repair-serum-pimprod2019386?sku=2572413,pimprod2019386
https://www.ulta.com/p/glass-skin-cleansing-balm-pimprod2037648?sku=2607956,pimprod2037648
https://www.ulta.com/p/daily-vitamin-c-serum-pimprod2048532?sku=2631906,pimprod2048532
https://www.ulta.com/p/clearly-corrective-daily-re-texturizing-triple-acid-peel-pimprod2043790?sku=2620209,pimprod2043790
https://www.ulta.com/p/aloe-vera-jelly-patch-pimprod2049402?sku=2634853,pimprod2049402
https://www.ulta.com/p/absolue-rose-80-essence-in-lotion-pimprod2048822?sku=2630581,pimprod2048822
https://www.ulta.com/p/mini-ceo-afterglow-brightening-vitamin-c-cream-pimprod2038068?sku=2605477,pimprod2038068
https://www.ulta.com/p/pixi-hello-kitty-glow-tonic-5-glycolic-acid-exfoliating-toner-pimprod2033216?sku=2598120,pimprod2033216
https://www.ulta.com/p/peptide-skinjection-stars-2-piece-line-smoothing-kit-pimprod2049942?sku=2636250,pimprod2049942
https://www.ulta.com/p/gentle-body-wash-sensitive-skin-pimprod2047536?sku=2631932,pimprod2047536
https://www.ulta.com/p/ultimate-quench-hydration-kit-pimprod2042534?sku=2616907,pimprod2042534
https://www.ulta.com/p/birch-juice-moisturizing-sun-cushion-spf-50-pimprod2052319?sku=2644756,pimprod2052319
https://www.ulta.com/p/fountain-of-glow-vitamin-c-face-serum-pimprod2032630?sku=2598148,pimprod2032630
https://www.ulta.com/p/travel-size-lash-clean-oil-free-makeup-remover-pimprod2018009?sku=2568309,pimprod2018009
https://www.ulta.com/p/illuminate-me-shimmering-body-oil-pimprod2048306?sku=2633485,pimprod2048306
https://www.ulta.com/p/petal-pout-lip-mask-pimprod2003450?sku=2539668,pimprod2003450
https://www.ulta.com/p/exfoliating-clarifying-mitt-trio-pimprod2023407?sku=2577095,pimprod2023407
https://www.ulta.com/p/travel-size-crepe-control-tightening-body-cream-pimprod2038425?sku=2609007,pimprod2038425
https://www.ulta.com/p/restorative-mask-pimprod2048546?sku=2631914,pimprod2048546
https://www.ulta.com/p/butter-glow-body-bronzer-pimprod2050057?sku=2635005,pimprod2050057
https://www.ulta.com/p/hello-kitty-hello-fizzy-aromatherapy-bath-bomb-pimprod2044116?sku=2622606,pimprod2044116
https://www.ulta.com/p/miffy-curiously-cute-no-crease-styling-plush-hair-clips-pimprod2050815?sku=2639429,pimprod2050815
https://www.ulta.com/p/aha-bha-pha-lha-35-peel-with-vitamins-b5-b12-pimprod2043768?sku=2621866,pimprod2043768
https://www.ulta.com/p/hydrating-mineral-sunscreen-lotion-body-spf-50-all-skin-types-pimprod2003659?sku=2540957,pimprod2003659
https://www.ulta.com/p/pore-routine-roundup-mini-pore-care-essentials-set-pimprod2040011?sku=2609747,pimprod2040011
https://www.ulta.com/p/silky-smooth-towels-pimprod2051475?sku=2641786,pimprod2051475
https://www.ulta.com/p/sun-dreams-spf-30-illuminating-foam-pimprod2050334?sku=2636245,pimprod2050334
https://www.ulta.com/p/blue-sea-kale-grapefruit-deep-pore-exfoliating-face-mask-pimprod2006292?sku=2549340,pimprod2006292
https://www.ulta.com/p/dream-tint-tinted-moisturizer-pimprod2004093?sku=2544951,pimprod2004093
https://www.ulta.com/p/sugar-hydrating-lip-balm-pimprod2025105?sku=2584137,pimprod2025105
https://www.ulta.com/p/absolue-revitalizing-anti-aging-eye-serum-pimprod2036886?sku=2606377,pimprod2036886
https://www.ulta.com/p/changing-u-magic-heel-peeling-shoes-pimprod2037768?sku=2605275,pimprod2037768
https://www.ulta.com/p/melt-you-moisturizing-oil-cleanser-pimprod2046700?sku=2625812,pimprod2046700
https://www.ulta.com/p/redifine-intensive-renewing-serum-with-retinal-pimprod2050610?sku=2635778,pimprod2050610
https://www.ulta.com/p/greek-yoghurt-wide-awake-eye-gel-pimprod2038127?sku=2609196,pimprod2038127
https://www.ulta.com/p/daily-glow-firming-gradual-tanning-lotion-pimprod2037338?sku=2608690,pimprod2037338
https://www.ulta.com/p/hydrodew-slime-barrier-care-gel-pimprod2046693?sku=2625805,pimprod2046693
https://www.ulta.com/p/vitamin-c-caffeine-facial-cleansing-bar-pimprod2043204?sku=2620552,pimprod2043204
https://www.ulta.com/p/horizon-ceramide-recovery-serum-pimprod2046003?sku=2626026,pimprod2046003
https://www.ulta.com/p/advanced-night-cleansing-gel-with-15-amino-acids-pimprod2040996?sku=2611421,pimprod2040996
https://www.ulta.com/p/super-food-bowl-sheet-mask-set-pimprod2020918?sku=2577468,pimprod2020918
https://www.ulta.com/p/tinted-bronzing-super-serum-spf-30-pimprod2046723?sku=2630687,pimprod2046723
https://www.ulta.com/p/le-disque-cleansing-exfoliating-tool-all-skin-types-pimprod2048168?sku=2631866,pimprod2048168
https://www.ulta.com/p/green-clean-whipped-foaming-cleanser-pimprod2051748?sku=2641248,pimprod2051748
https://www.ulta.com/p/salon-quality-self-tanning-foam-liquid-gold-pimprod2016934?sku=2569560,pimprod2016934
https://www.ulta.com/p/clarifying-water-gel-moisturizer-pimprod2034185?sku=2601022,pimprod2034185
https://www.ulta.com/p/calm-renew-melting-eye-balm-pimprod2030783?sku=2594189,pimprod2030783
https://www.ulta.com/p/birch-juice-moisturizing-cream-pimprod2049659?sku=2636338,pimprod2049659
https://www.ulta.com/p/botanical-collagen-tonic-volumizing-toner-with-peptides-pimprod2027379?sku=2583917,pimprod2027379
https://www.ulta.com/p/low-ph-niacinamide-micellar-cleansing-water-pimprod2042953?sku=2621868,pimprod2042953
https://www.ulta.com/p/lactic-acid-5-ha-2-gentle-facial-exfoliating-serum-uneven-texture-pimprod2009266?sku=2552292,pimprod2009266
https://www.ulta.com/p/birch-juice-mild-up-uvlock-spf-50-pimprod2049648?sku=2634357,pimprod2049648
https://www.ulta.com/p/green-clean-gentle-creamy-cleanser-pimprod2051727?sku=2641247,pimprod2051727
https://www.ulta.com/p/so-cherry-happy-peptide-lipgloss-pimprod2052020?sku=2642931,pimprod2052020
https://www.ulta.com/p/pro-collagen-future-restore-serum-pimprod2046881?sku=2630774,pimprod2046881
https://www.ulta.com/p/feed-your-soul-love-u-a-latte-coffee-glow-mask-pimprod2032225?sku=2594306,pimprod2032225
https://www.ulta.com/p/deep-cleansing-facial-brush-pimprod2017184?sku=2567801,pimprod2017184
https://www.ulta.com/p/pusheen-5-piece-makeup-brushes-sweet-strawberry-pimprod2045316?sku=2625338,pimprod2045316
https://www.ulta.com/p/after-sun-cool-down-lotion-pimprod2049516?sku=2635070,pimprod2049516
https://www.ulta.com/p/greek-yoghurt-nourishing-probiotic-gel-cream-pimprod2020741?sku=2573093,pimprod2020741
https://www.ulta.com/p/universal-c-eye-perfector-pimprod2050412?sku=2636493,pimprod2050412
https://www.ulta.com/p/midnight-blue-calming-cream-pimprod2023583?sku=2580263,pimprod2023583
https://www.ulta.com/p/ultra-repair-lip-balm-pimprod2043449?sku=2620890,pimprod2043449
https://www.ulta.com/p/goat-sugar-smoothing-lip-polish-pimprod2050795?sku=2636762,pimprod2050795
https://www.ulta.com/p/hydra-bright-travel-size-duo-pimprod2044531?sku=2622996,pimprod2044531
https://www.ulta.com/p/clear-canvas-milky-oil-cleansing-balm-pimprod2048319?sku=2630198,pimprod2048319
https://www.ulta.com/p/liquid-exfolikate-triple-acid-resurfacing-treatment-pimprod2003142?sku=2540578,pimprod2003142
https://www.ulta.com/p/redefine-daily-foaming-face-cleanser-pimprod2050617?sku=2635802,pimprod2050617
https://www.ulta.com/p/mini-hyper-real-fresh-canvas-cream-foam-face-cleanser-pimprod2042891?sku=2618049,pimprod2042891
https://www.ulta.com/p/beary-merry-silky-skin-set-pimprod2044160?sku=2623287,pimprod2044160
https://www.ulta.com/p/swimming-under-eyes-gel-pads-3-pack-pimprod2024362?sku=2580614,pimprod2024362
https://www.ulta.com/p/absolue-skincare-discovery-4-piece-gift-set-pimprod2050343?sku=2636170,pimprod2050343
https://www.ulta.com/p/prebiotix-coconut-aloe-cleansing-cream-pimprod2026421?sku=2584165,pimprod2026421
https://www.ulta.com/p/rosewater-post-cleansing-toner-spray-pimprod2015171?sku=2566401,pimprod2015171
https://www.ulta.com/p/normaderm-bha-exfoliating-serum-pimprod2039946?sku=2613654,pimprod2039946
https://www.ulta.com/p/mini-sugar-face-polish-exfoliator-pimprod2049181?sku=2631875,pimprod2049181
https://www.ulta.com/p/rice-toner-pimprod2051769?sku=2642147,pimprod2051769
https://www.ulta.com/p/sorbet-balm-pimprod2030869?sku=2591333,pimprod2030869
https://www.ulta.com/p/sea-acne-gone-sea-glow-algae-face-mask-stick-pimprod2041911?sku=2611646,pimprod2041911
https://www.ulta.com/p/ultra-facial-barrier-balm-stick-with-squalane-pimprod2042681?sku=2617289,pimprod2042681
https://www.ulta.com/p/mini-routine-pimprod2048540?sku=2631908,pimprod2048540
https://www.ulta.com/p/dark-spot-corrector-pimprod2042976?sku=2621051,pimprod2042976
https://www.ulta.com/p/jelly-balm-hydrating-lip-color-pimprod2049932?sku=2638227,pimprod2049932
https://www.ulta.com/p/microneedling-anti-wrinkle-retinol-patches-pimprod2037906?sku=2607967,pimprod2037906
https://www.ulta.com/p/organic-neem-tea-tree-purifying-face-wash-pimprod2023637?sku=2580900,pimprod2023637
https://www.ulta.com/p/ageless-firm-even-serum-pimprod2047087?sku=2630124,pimprod2047087
https://www.ulta.com/p/dreamlit-illuminating-lotion-pimprod2046692?sku=2625804,pimprod2046692
https://www.ulta.com/p/kabuki-brush-pimprod2039020?sku=2611581,pimprod2039020
https://www.ulta.com/p/baby-bum-mineral-spf-50-sunscreen-lotion-pimprod2049291?sku=2635073,pimprod2049291
https://www.ulta.com/p/brightwave-10-vitamin-c-peptide-brightening-serum-pimprod2039618?sku=2612934,pimprod2039618
https://www.ulta.com/p/aqua-bomb-hydrating-sleeping-mask-with-panthenol-pimprod2013175?sku=2557477,pimprod2013175
https://www.ulta.com/p/affogato-lip-balm-pimprod2037225?sku=2603955,pimprod2037225
https://www.ulta.com/p/normaderm-phytoaction-acne-control-daily-face-moisturizer-pimprod2021423?sku=2577182,pimprod2021423
https://www.ulta.com/p/hyaluronic-acid-daily-sun-gel-spf-30-pimprod2049645?sku=2634354,pimprod2049645
https://www.ulta.com/p/earth-cleanser-active-breakouts-pimprod2037451?sku=2605670,pimprod2037451
https://www.ulta.com/p/daygleamer-mineral-sunscreen-serum-broad-spectrum-spf-34-pimprod2050500?sku=2637756,pimprod2050500
https://www.ulta.com/p/nutritious-melting-soft-crememask-moisturizer-mini-pimprod2038329?sku=2607596,pimprod2038329
https://www.ulta.com/p/ultra-facial-moisturizer-spf-30-pimprod2002927?sku=2536697,pimprod2002927
https://www.ulta.com/p/daily-acid-free-vitamin-c-brightening-serum-pimprod2019387?sku=2572414,pimprod2019387
https://www.ulta.com/p/aloe-vera-leaf-micellar-water-pimprod2041908?sku=2611643,pimprod2041908
https://www.ulta.com/p/triple-acid-body-mist-pimprod2045963?sku=2627209,pimprod2045963
https://www.ulta.com/p/mini-secret-solution-pro-glycolic-10-resurfacing-treatment-toner-pimprod2038067?sku=2579224,pimprod2038067
https://www.ulta.com/p/skincare-essentials-travel-size-kit-balanced-dry-skin-pimprod2042720?sku=2620440,pimprod2042720
https://www.ulta.com/p/kakadu-beauty-oil-pimprod2048403?sku=2632203,pimprod2048403
https://www.ulta.com/p/hyaluronic-acid-3-serum-with-amino-acids-ceramide-np-pimprod2038197?sku=2607855,pimprod2038197
https://www.ulta.com/p/neovadiol-serum-peri-post-menopause-pimprod2035521?sku=2600277,pimprod2035521
https://www.ulta.com/p/travel-size-base-face-milk-pimprod2047207?sku=2629364,pimprod2047207
https://www.ulta.com/p/dew-cloud-ultra-hydrating-face-mask-5-piece-set-pimprod2050665?sku=2639032,pimprod2050665
https://www.ulta.com/p/whoopsie-eye-liner-corrector-pimprod2043303?sku=2615838,pimprod2043303
https://www.ulta.com/p/im-lovely-peach-hydrating-body-mask-pimprod2019398?sku=2572237,pimprod2019398
https://www.ulta.com/p/serve-chilled-rose-hydrating-eye-gels-pimprod2023283?sku=2581196,pimprod2023283
https://www.ulta.com/p/hydration-heroes-kit-pimprod2051952?sku=2640372,pimprod2051952
https://www.ulta.com/p/clear-way-clarifying-mud-mask-pimprod2033208?sku=2597330,pimprod2033208
https://www.ulta.com/p/daily-dose-bioretinol-mineral-spf-40-pimprod2039695?sku=2613564,pimprod2039695
https://www.ulta.com/p/aero-aerated-self-tanning-foam-pimprod2016564?sku=2569557,pimprod2016564
https://www.ulta.com/p/clearly-corrective-brightening-exfoliating-daily-cleanser-pimprod2002958?sku=2536744,pimprod2002958
https://www.ulta.com/p/oasis-deep-pore-gel-cleanser-pimprod2037354?sku=2606114,pimprod2037354
https://www.ulta.com/p/pdrn-100-hyaluronic-acid-glow-pad-pimprod2052157?sku=2641338,pimprod2052157
https://www.ulta.com/p/daily-doux-bha-exfoliating-serum-pimprod2036526?sku=2605270,pimprod2036526
https://www.ulta.com/p/tako-pore-blackhead-scrub-stick-pimprod2034311?sku=2601777,pimprod2034311
https://www.ulta.com/p/supple-preparation-facial-toner-pimprod2005169?sku=2546686,pimprod2005169
https://www.ulta.com/p/squalane-facial-oil-pimprod2014423?sku=2563192,pimprod2014423
https://www.ulta.com/p/kids-spray-play-spf-50-sunscreen-pimprod2038242?sku=2609780,pimprod2038242
https://www.ulta.com/p/la-micellaire-fragrance-free-micellar-water-all-skin-types-pimprod2045269?sku=2626468,pimprod2045269
https://www.ulta.com/p/weekly-reset-rejuvenating-face-mask-5-piece-set-pimprod2034354?sku=2599935,pimprod2034354
https://www.ulta.com/p/post-blemish-10-vitamin-c-serum-pimprod2049896?sku=2634782,pimprod2049896
https://www.ulta.com/p/make-it-pop-sungloss-shades-lips-spf-50-pimprod2049158?sku=2635403,pimprod2049158
https://www.ulta.com/p/black-tea-firming-overnight-mask-pimprod2051894?sku=2641150,pimprod2051894
https://www.ulta.com/p/cooling-water-under-eye-gel-stick-pimprod2050537?sku=2635585,pimprod2050537
https://www.ulta.com/p/spot-a-spot-acne-clearing-treatment-serum-pimprod2043386?sku=2618580,pimprod2043386
https://www.ulta.com/p/power-full-lip-scrub-pimprod2011838?sku=2589567,pimprod2011838
https://www.ulta.com/p/soonjung-ph-65-whip-cleanser-pimprod2049665?sku=2636343,pimprod2049665
https://www.ulta.com/p/travel-size-confidence-in-your-beauty-sleep-night-cream-pimprod2020911?sku=2562773,pimprod2020911
https://www.ulta.com/p/supercharged-brightening-prep-mask-pimprod2021185?sku=2574044,pimprod2021185
https://www.ulta.com/p/overnight-magic-nighttime-repair-cream-pimprod2034907?sku=2602623,pimprod2034907
https://www.ulta.com/p/new-year-new-you-skincare-edition-pimprod2051303?sku=2637030,pimprod2051303
https://www.ulta.com/p/re-usable-eye-patches-pimprod2028140?sku=2589200,pimprod2028140
https://www.ulta.com/p/glow-mist-pimprod2013448?sku=2562264,pimprod2013448
https://www.ulta.com/p/oil-control-pore-serum-pimprod2039974?sku=2611405,pimprod2039974
https://www.ulta.com/p/zinc-oxide-liplux-sunscreen-trio-pimprod2013049?sku=2562546,pimprod2013049
https://www.ulta.com/p/vitamin-c-tonic-brightening-toner-with-ferulic-acid-pimprod2013442?sku=2562257,pimprod2013442
https://www.ulta.com/p/n1-de-chanel-revitalizing-essence-lotion-pimprod2035081?sku=2600331,pimprod2035081
https://www.ulta.com/p/pout-sparkling-rose-volumizing-lip-serum-pimprod2019382?sku=2572409,pimprod2019382
https://www.ulta.com/p/make-my-day-hydrating-ufo-activated-sheet-masks-pimprod2001865?sku=2531884,pimprod2001865
https://www.ulta.com/p/creamy-foam-cleanser-glycolic-salicylic-acid-pimprod2041074?sku=2616777,pimprod2041074
https://www.ulta.com/p/skin-therapy-eye-cream-pimprod2051624?sku=2641793,pimprod2051624
https://www.ulta.com/p/spot-a-spot-exfoliating-acne-solution-pimprod2043387?sku=2618592,pimprod2043387
https://www.ulta.com/p/advanced-snail-hydrogel-eye-patch-pimprod2040760?sku=2616456,pimprod2040760
https://www.ulta.com/p/bright-balanced-aloe-vera-spot-cream-pimprod2025694?sku=2582559,pimprod2025694
https://www.ulta.com/p/8-hyaluronic-acid-moisturizing-gentle-gel-cleanser-pimprod2048924?sku=2634276,pimprod2048924
https://www.ulta.com/p/peace-of-mind-moisturizing-hand-cream-pimprod2040411?sku=2615299,pimprod2040411
https://www.ulta.com/p/santorini-grape-poreless-skin-cream-pimprod2029625?sku=2588999,pimprod2029625
https://www.ulta.com/p/mini-a-high-dose-retinoid-serum-pimprod2038061?sku=2599034,pimprod2038061
https://www.ulta.com/p/24k-snail-everywhere-repair-gel-pimprod2040800?sku=2613433,pimprod2040800
https://www.ulta.com/p/mug-guard-broad-spectrum-spf-30-pimprod2039109?sku=2608975,pimprod2039109
https://www.ulta.com/p/goat-milk-lip-balm-pimprod2037706?sku=2607660,pimprod2037706
https://www.ulta.com/p/strawberry-rose-lip-balm-pimprod2046191?sku=2624768,pimprod2046191
https://www.ulta.com/p/hyaluronic-acid-247-cream-pimprod2036726?sku=2606022,pimprod2036726
https://www.ulta.com/p/freshly-juiced-vitamin-c-drop-pimprod2005170?sku=2546685,pimprod2005170
https://www.ulta.com/p/tinted-glow-wonderscreen-spf-30-pimprod2043028?sku=2621467,pimprod2043028
https://www.ulta.com/p/black-tea-firming-corset-serum-pimprod2031611?sku=2594182,pimprod2031611
https://www.ulta.com/p/avocado-nourishing-hydration-mask-pimprod2008782?sku=2551266,pimprod2008782
https://www.ulta.com/p/minnie-chic-reusable-jar-exfoliating-cotton-pads-pimprod2045909?sku=2629277,pimprod2045909
https://www.ulta.com/p/retinol-correxion-deep-wrinkle-daily-moisturizer-spf-30-pimprod2037327?sku=2605742,pimprod2037327
https://www.ulta.com/p/heartleaf-lha-moisture-peeling-gel-pimprod2049128?sku=2634257,pimprod2049128
https://www.ulta.com/p/skin-therapy-milky-multi-perfecting-night-serum-pimprod2051622?sku=2641791,pimprod2051622
https://www.ulta.com/p/soothing-gentle-foaming-face-cleanser-pimprod2046105?sku=2626927,pimprod2046105
https://www.ulta.com/p/wakey-wakey-under-eye-patches-pimprod2031971?sku=2590009,pimprod2031971
https://www.ulta.com/p/glow-set-with-glycolic-acid-pimprod2050641?sku=2638459,pimprod2050641
https://www.ulta.com/p/super-tight-lift-firm-serum-pimprod2035165?sku=2603234,pimprod2035165
https://www.ulta.com/p/lip-balm-spf-30-pimprod2046168?sku=2627029,pimprod2046168
https://www.ulta.com/p/hydropure-tinted-serum-pimprod2036344?sku=2605098,pimprod2036344
https://www.ulta.com/p/superfood-facial-cleansing-bar-pimprod2043206?sku=2620554,pimprod2043206
https://www.ulta.com/p/trinity-advanced-facial-toning-microcurrent-kit-ele-attachment-pimprod2036662?sku=2600799,pimprod2036662
https://www.ulta.com/p/chok-chok-green-tea-watery-cream-pimprod2008473?sku=2554534,pimprod2008473
https://www.ulta.com/p/hydro-star-clear-pimple-patches-pimprod2048682?sku=2631426,pimprod2048682
https://www.ulta.com/p/extra-repair-eye-cream-intense-pimprod2041945?sku=2617552,pimprod2041945
https://www.ulta.com/p/self-tanning-foam-dark-1-hour-express-pimprod2028195?sku=2589197,pimprod2028195
https://www.ulta.com/p/essential-hydrating-oil-pimprod2017701?sku=2570074,pimprod2017701
https://www.ulta.com/p/pure-vitamin-c-15-marigold-brightening-serum-pimprod2050101?sku=2634831,pimprod2050101
https://www.ulta.com/p/coco-bliss-external-vaginal-all-over-moisturizer-pimprod2032487?sku=2596234,pimprod2032487
https://www.ulta.com/p/skin-transforming-kit-with-facial-shea-butter-pimprod2025801?sku=2585283,pimprod2025801
https://www.ulta.com/p/la-creme-daily-fragrance-free-moisturizer-sensitive-skin-pimprod2045268?sku=2626469,pimprod2045268
https://www.ulta.com/p/clean-mini-smart-facial-cleansing-device-pimprod2051524?sku=2640279,pimprod2051524
https://www.ulta.com/p/1025-dokdo-cleansing-oil-pimprod2052234?sku=2643235,pimprod2052234
https://www.ulta.com/p/mini-sugar-strawberry-exfoliating-face-wash-pimprod2051237?sku=2617061,pimprod2051237
https://www.ulta.com/p/double-take-glow-face-mask-5-piece-set-pimprod2034353?sku=2599939,pimprod2034353
https://www.ulta.com/p/self-tan-glow-go-2-piece-kit-pimprod2038594?sku=2608189,pimprod2038594
https://www.ulta.com/p/hydro-boost-glow-primer-serum-pimprod2017020?sku=2570097,pimprod2017020
https://www.ulta.com/p/renew-face-polish-pimprod2048545?sku=2631913,pimprod2048545
Link,Product ID
https://www.ulta.com/p/salicylic-acid-20-willowherb-clarifying-toner-pimprod2050111?sku=2634837,pimprod2050111
https://www.ulta.com/p/double-cleanse-checks-balances-double-cleansing-duo-pimprod2041641?sku=2615221,pimprod2041641
https://www.ulta.com/p/dew-glow-lip-hydrator-pimprod2038615?sku=2610131,pimprod2038615
https://www.ulta.com/p/bear-mini-smart-microcurrent-facial-toning-device-pimprod2019399?sku=2570434,pimprod2019399
https://www.ulta.com/p/stressed-skin-recovery-system-pimprod2049102?sku=2633651,pimprod2049102
https://www.ulta.com/p/rose-soothing-face-mask-pimprod2025118?sku=2584155,pimprod2025118
https://www.ulta.com/p/pure-retinol-03-bakuchiol-renewing-serum-pimprod2050105?sku=2634833,pimprod2050105
https://www.ulta.com/p/rouge-dior-lip-balm-pimprod2047287?sku=2629087,pimprod2047287
https://www.ulta.com/p/id-stress-fatigue-fighting-eye-gel-pimprod2039697?sku=2613324,pimprod2039697
https://www.ulta.com/p/plumping-firming-eye-cream-pimprod2051329?sku=2640415,pimprod2051329
https://www.ulta.com/p/creamy-gentle-exfoliating-pore-perfecting-cleanser-pimprod2041155?sku=2615472,pimprod2041155
https://www.ulta.com/p/hyaluronic-acid-serum-pimprod2019292?sku=2573683,pimprod2019292
https://www.ulta.com/p/daily-nourish-lotion-with-5-lactic-acid-aha-pimprod2043812?sku=2623398,pimprod2043812
https://www.ulta.com/p/daymask-peptide-lip-balm-pimprod2042273?sku=2629276,pimprod2042273
https://www.ulta.com/p/soft-clean-infusion-hydrating-essence-lotion-with-amino-acid-pimprod2033278?sku=2597409,pimprod2033278
https://www.ulta.com/p/honey-glow-kit-rough-dry-skin-pimprod2023590?sku=2580511,pimprod2023590
https://www.ulta.com/p/dreamlit-glow-undereye-brightener-pimprod2030675?sku=2591370,pimprod2030675
https://www.ulta.com/p/nudescreen-lip-primer-spf-30-pimprod2040687?sku=2613364,pimprod2040687
https://www.ulta.com/p/sun-dreams-glowy-radiant-drops-pimprod2049684?sku=2633527,pimprod2049684
https://www.ulta.com/p/ionplex-hydra-gel-power-patches-pimprod2050869?sku=2639610,pimprod2050869
https://www.ulta.com/p/nude-love-lip-palette-pimprod2050750?sku=2639251,pimprod2050750
https://www.ulta.com/p/aloe-vera-leaf-face-body-bar-soap-pimprod2041906?sku=2611641,pimprod2041906
https://www.ulta.com/p/original-3-step-acne-system-minis-pimprod2049964?sku=2634785,pimprod2049964
https://www.ulta.com/p/travel-size-skin-hero-bare-skin-perfector-pimprod2022424?sku=2577749,pimprod2022424
https://www.ulta.com/p/lip-fix-lip-primer-pimprod2042902?sku=2616419,pimprod2042902
https://www.ulta.com/p/cold-plasma-plus-power-duo-pimprod2030711?sku=2594712,pimprod2030711
https://www.ulta.com/p/radiance-brightening-face-scrub-pimprod2023646?sku=2580905,pimprod2023646
https://www.ulta.com/p/rice-mask-pimprod2051766?sku=2642144,pimprod2051766
https://www.ulta.com/p/no-makeup-instant-blur-priming-moisturizer-pimprod2040765?sku=2614701,pimprod2040765
https://www.ulta.com/p/equilibrium-intensive-hydrating-eye-balm-pimprod2043773?sku=2623376,pimprod2043773
https://www.ulta.com/p/drop-of-strength-all-day-strengthening-serum-pimprod2039699?sku=2613318,pimprod2039699
https://www.ulta.com/p/liftactiv-ha-anti-wrinkle-firming-fragrance-free-cream-pimprod2043666?sku=2622132,pimprod2043666
https://www.ulta.com/p/all-eyes-on-you-eye-perfecting-trio-pimprod2002393?sku=2541632,pimprod2002393
https://www.ulta.com/p/skin-hero-eye-under-eye-perfector-pimprod2050642?sku=2636755,pimprod2050642
https://www.ulta.com/p/plum-bum-body-exfoliating-3-piece-set-pimprod2051596?sku=2637005,pimprod2051596
https://www.ulta.com/p/self-smooth-10-glycolic-resurfacing-serum-pimprod2034310?sku=2598994,pimprod2034310
https://www.ulta.com/p/cloud-9-essential-oil-period-cramps-pimprod2024299?sku=2579264,pimprod2024299
https://www.ulta.com/p/matte-cream-mattifying-blurring-primer-pimprod2044585?sku=2624329,pimprod2044585
https://www.ulta.com/p/getaway-glow-gradual-tan-firming-body-moisturizer-pimprod2031439?sku=2595100,pimprod2031439
https://www.ulta.com/p/hormone-balance-supplement-pimprod2051239?sku=2641033,pimprod2051239
https://www.ulta.com/p/anti-aging-organic-rose-reviving-facial-oil-pimprod2023655?sku=2580911,pimprod2023655
https://www.ulta.com/p/clean-slate-detoxifying-face-mask-5-piece-set-pimprod2034351?sku=2599937,pimprod2034351
https://www.ulta.com/p/creme-advanced-hydration-gradual-self-tan-facial-cream-pimprod2030819?sku=2592132,pimprod2030819
https://www.ulta.com/p/mini-black-tea-firming-overnight-mask-pimprod2051895?sku=2641151,pimprod2051895
https://www.ulta.com/p/brighten-up-3-txa-dark-spot-toner-pimprod2051793?sku=2641202,pimprod2051793
https://www.ulta.com/p/rose-oil-blend-nourishing-face-oil-pimprod2013455?sku=2562276,pimprod2013455
https://www.ulta.com/p/retinol-reface-skin-resurfacer-cream-pimprod2006514?sku=2550371,pimprod2006514
https://www.ulta.com/p/mini-original-skin-retexturizing-face-mask-with-rose-clay-pimprod2038073?sku=2598957,pimprod2038073
https://www.ulta.com/p/hydro18-triple-lipid-20-linoleic-acid-hydrating-moisturizer-pimprod2050108?sku=2634835,pimprod2050108
https://www.ulta.com/p/tone-it-up-propolis-echinacea-herbal-toner-pimprod2014044?sku=2563935,pimprod2014044
https://www.ulta.com/p/insta-swipe-lemon-honey-aha-exfoliating-pads-pimprod2017742?sku=2569974,pimprod2017742
https://www.ulta.com/p/aqua-bomb-hydrating-toner-with-hyaluronic-acid-pimprod2031358?sku=2593508,pimprod2031358
https://www.ulta.com/p/arizona-iced-tea-lip-balms-pimprod2041080?sku=2616709,pimprod2041080
https://www.ulta.com/p/centella-cream-soothing-moisturizer-pimprod2044584?sku=2624032,pimprod2044584
https://www.ulta.com/p/skin-fetish-glass-001-artistry-mask-pimprod2051675?sku=2642345,pimprod2051675
https://www.ulta.com/p/firm-glow-glopro-set-pimprod2048981?sku=2634940,pimprod2048981
https://www.ulta.com/p/regenerist-retinol24-max-night-serum-pimprod2018845?sku=2572625,pimprod2018845
https://www.ulta.com/p/essential-fx-starter-collection-pimprod2044028?sku=2624086,pimprod2044028
https://www.ulta.com/p/nutritious-radiant-essence-treatment-lotion-pimprod2038330?sku=2607434,pimprod2038330
https://www.ulta.com/p/r-r-sun-elixir-spf-30-glow-oil-pimprod2045033?sku=2626500,pimprod2045033
https://www.ulta.com/p/snow-mushroom-water-serum-with-peptides-vitamin-c-pimprod2035903?sku=2602217,pimprod2035903
https://www.ulta.com/p/superserum-hydrating-mist-pimprod2048396?sku=2632200,pimprod2048396
https://www.ulta.com/p/ginseng-eucalyptus-under-eye-masks-pimprod2024918?sku=2583228,pimprod2024918
https://www.ulta.com/p/v10-hyal-lip-sun-protector-pimprod2051829?sku=2641837,pimprod2051829
https://www.ulta.com/p/gentle-foaming-feminine-wash-pimprod2051249?sku=2641040,pimprod2051249
https://www.ulta.com/p/glow-drops-radiance-boosting-serum-pimprod2021056?sku=2573975,pimprod2021056
https://www.ulta.com/p/aluminum-free-24-hour-dry-touch-deodorant-pimprod2013156?sku=2559392,pimprod2013156
https://www.ulta.com/p/energy-bright-eye-serum-pimprod2049643?sku=2634911,pimprod2049643
https://www.ulta.com/p/superbalm-tripeptide-1-hydrating-lip-balm-pimprod2049993?sku=2635905,pimprod2049993
https://www.ulta.com/p/addicted-glow-gradual-tan-face-cream-pimprod2050349?sku=2635402,pimprod2050349
https://www.ulta.com/p/slip-stick-pimprod2052316?sku=2640822,pimprod2052316
https://www.ulta.com/p/hydration-on-go-travel-kit-pimprod2048707?sku=2628439,pimprod2048707
https://www.ulta.com/p/proactivclean-2-step-beginner-breakouts-bundle-pimprod2035266?sku=2602528,pimprod2035266
https://www.ulta.com/p/proactivmd-ultra-gentle-cleanser-pimprod2024082?sku=2580423,pimprod2024082
https://www.ulta.com/p/hyaluronic-acid-leave-on-mask-pimprod2036728?sku=2606024,pimprod2036728
https://www.ulta.com/p/strawberry-c-brightening-serum-with-vitamin-c-hyaluronic-acid-pimprod2036047?sku=2604483,pimprod2036047
https://www.ulta.com/p/disney-minnie-luxury-shower-cap-pimprod2044159?sku=2623286,pimprod2044159
https://www.ulta.com/p/perfectly-clean-infusion-balancing-essence-treatment-lotion-pimprod2033277?sku=2597408,pimprod2033277
https://www.ulta.com/p/masking-essentials-5-piece-set-pimprod2050086?sku=2635522,pimprod2050086
https://www.ulta.com/p/liftactiv-b3-tone-correcting-cream-night-with-retinol-pimprod2046670?sku=2626180,pimprod2046670
https://www.ulta.com/p/travel-size-cc-water-with-hyaluronic-acid-pimprod2025144?sku=2579783,pimprod2025144
https://www.ulta.com/p/sanrio-hello-kitty-klean-beauty-intensive-overnight-moisture-gelee-mask-pimprod2037783?sku=2605507,pimprod2037783
https://www.ulta.com/p/lipnights-overnight-lip-mask-pimprod2048360?sku=2632154,pimprod2048360
https://www.ulta.com/p/eysilix-ii-multi-action-eye-treatment-pimprod2006894?sku=2551499,pimprod2006894
https://www.ulta.com/p/giraffe-headband-pimprod2043531?sku=2619903,pimprod2043531
https://www.ulta.com/p/miffy-hi-def-duo-compact-mirror-pimprod2050814?sku=2639432,pimprod2050814
https://www.ulta.com/p/pdrn-cream-100-pimprod2051956?sku=2640417,pimprod2051956
https://www.ulta.com/p/travel-size-greek-yoghurt-foaming-cream-cleanser-pimprod2020739?sku=2573091,pimprod2020739
https://www.ulta.com/p/naked-papaya-gentle-enzyme-milky-cleanser-pimprod2017787?sku=2569960,pimprod2017787
https://www.ulta.com/p/high-frequency-wand-pimprod2052133?sku=2643087,pimprod2052133
https://www.ulta.com/p/creamy-jelly-cleanser-mini-pimprod2049854?sku=2635554,pimprod2049854
https://www.ulta.com/p/tea-tree-facial-sheet-mask-pimprod2046982?sku=2629912,pimprod2046982
https://www.ulta.com/p/antioxidant-tonic-preserving-serum-toner-pimprod2046316?sku=2625609,pimprod2046316
https://www.ulta.com/p/retinol-reface-eye-cream-with-retinol-ester-ribose-pimprod2024973?sku=2583886,pimprod2024973
https://www.ulta.com/p/bye-bye-blackhead-green-tea-tox-bubble-cleanser-pimprod2051822?sku=2641774,pimprod2051822
https://www.ulta.com/p/on-fly-travel-facial-kit-pimprod2045246?sku=2625997,pimprod2045246
https://www.ulta.com/p/smooth-booster-willow-bark-exfoliating-serum-pimprod2031343?sku=2593736,pimprod2031343
https://www.ulta.com/p/water-friendly-face-cleansing-oil-pimprod2050259?sku=2638839,pimprod2050259
https://www.ulta.com/p/power-of-three-anti-wrinkle-dream-team-kit-pimprod2046159?sku=2626325,pimprod2046159
https://www.ulta.com/p/hyaluron-exfoliating-aha-treatment-pimprod2017104?sku=2568278,pimprod2017104
https://www.ulta.com/p/purifying-neem-tea-tree-exfoliating-facial-polish-pimprod2023647?sku=2580906,pimprod2023647
https://www.ulta.com/p/dream-sleep-nighttime-slugging-face-mask-pimprod2042800?sku=2599940,pimprod2042800
https://www.ulta.com/p/10-waterless-vitamin-c-serum-pimprod2051803?sku=2641251,pimprod2051803
https://www.ulta.com/p/color-shift-lip-smoothie-pimprod2031858?sku=2596260,pimprod2031858
https://www.ulta.com/p/zincscreen-100-mineral-lotion-spf-40-pimprod2042924?sku=2621275,pimprod2042924
https://www.ulta.com/p/pain-relief-roll-on-cramps-pimprod2051246?sku=2641037,pimprod2051246
https://www.ulta.com/p/chill-mo-mint-soothing-cooling-wash-off-mask-pimprod2046066?sku=2626233,pimprod2046066
https://www.ulta.com/p/overnight-organic-cotton-cover-pads-with-wings-pimprod2051247?sku=2641038,pimprod2051247
https://www.ulta.com/p/glowy-glass-face-cupping-set-pimprod2028183?sku=2587994,pimprod2028183
https://www.ulta.com/p/conditioning-lip-balm-pimprod2048529?sku=2631905,pimprod2048529
https://www.ulta.com/p/kateceuticals-lifting-eye-cream-pimprod2022960?sku=2579677,pimprod2022960
https://www.ulta.com/p/clear-skin-spf-30-face-sunscreen-pimprod2033282?sku=2595005,pimprod2033282
https://www.ulta.com/p/pore-cleansing-balm-aha-pimprod2007168?sku=2550230,pimprod2007168
https://www.ulta.com/p/tea-tree-water-toner-water-pimprod2047326?sku=2631540,pimprod2047326
https://www.ulta.com/p/eye-cream-pimprod2009647?sku=2548219,pimprod2009647
https://www.ulta.com/p/oil-absorbing-pore-treatment-strips-pimprod2037903?sku=2607964,pimprod2037903
https://www.ulta.com/p/salicylic-acid-045-willowherb-clarifying-cleanser-pimprod2050110?sku=2634834,pimprod2050110
https://www.ulta.com/p/chocolate-macadamia-hydrating-mask-with-hyaluronic-acid-vegan-collagen-pimprod2038306?sku=2609788,pimprod2038306
https://www.ulta.com/p/self-tan-sculpting-contour-kit-pimprod2042779?sku=2619935,pimprod2042779
https://www.ulta.com/p/soonjung-hydro-barrier-cream-pimprod2049667?sku=2636350,pimprod2049667
https://www.ulta.com/p/aha-bha-pha-30-days-miracle-cream-pimprod2051761?sku=2641260,pimprod2051761
https://www.ulta.com/p/gold-kitten-revitalizing-golden-peel-off-mask-pimprod2042845?sku=2618243,pimprod2042845
https://www.ulta.com/p/rose-ceramide-cream-intensive-moisturizer-pimprod2013450?sku=2562272,pimprod2013450
https://www.ulta.com/p/cicalfate-hands-restorative-hand-cream-pimprod2020803?sku=2577165,pimprod2020803
https://www.ulta.com/p/micellar-water-pimprod2036841?sku=2604185,pimprod2036841
https://www.ulta.com/p/chok-chok-green-tea-cleansing-water-pimprod2008472?sku=2554533,pimprod2008472
https://www.ulta.com/p/mint-mud-deep-pore-detox-clay-mask-pimprod2021805?sku=2574439,pimprod2021805
https://www.ulta.com/p/brighten-help-protect-2-piece-duo-pimprod2045736?sku=2625767,pimprod2045736
https://www.ulta.com/p/bamboo-super-serum-pimprod2033110?sku=2598498,pimprod2033110
https://www.ulta.com/p/baby-wash-shampoo-2-in-1-gentle-tear-free-cleanser-sensitive-skin-hair-pimprod2048031?sku=2632445,pimprod2048031
https://www.ulta.com/p/pump-up-tan-ten-bronzing-glow-drops-pimprod2037502?sku=2606225,pimprod2037502
https://www.ulta.com/p/zits-happen-hydrocolloid-patches-pimprod2039900?sku=2612930,pimprod2039900
https://www.ulta.com/p/kids-spf-50-clear-sunscreen-lotion-pimprod2036900?sku=2606181,pimprod2036900
https://www.ulta.com/p/3-in-1-facial-roller-set-pimprod2049867?sku=2631243,pimprod2049867
https://www.ulta.com/p/breakout-box-3-in-1-acne-treatment-kit-pimprod2001371?sku=2538968,pimprod2001371
https://www.ulta.com/p/yuza-super-serum-vitamin-c-face-serum-pimprod2027696?sku=2587608,pimprod2027696
https://www.ulta.com/p/refreshing-cleansing-gel-pimprod2049775?sku=2634775,pimprod2049775
https://www.ulta.com/p/tinted-daily-lip-balm-pimprod2048422?sku=2632294,pimprod2048422
https://www.ulta.com/p/ginzing-glow-boosting-brightening-face-mask-pimprod2032321?sku=2595283,pimprod2032321
https://www.ulta.com/p/flash-fix-good-genes-ceramic-slip-2-piece-kit-pimprod2007858?sku=2550157,pimprod2007858
https://www.ulta.com/p/sci-tech-sunscreen-photoadaptive-marine-body-mist-spf-50-pimprod2051418?sku=2637916,pimprod2051418
https://www.ulta.com/p/sci-tech-sunscreen-photoadaptive-marine-body-mist-spf-30-pimprod2051417?sku=2637915,pimprod2051417
https://www.ulta.com/p/miracle-patch-overnight-spot-cover-pimprod2046993?sku=2629921,pimprod2046993
https://www.ulta.com/p/squishmallows-malcolms-mallow-exfoliating-strawberry-sugar-scrub-pimprod2045930?sku=2628137,pimprod2045930
https://www.ulta.com/p/aqua-kitten-hydrating-hyaluronic-acid-peel-off-mask-pimprod2049166?sku=2635602,pimprod2049166
https://www.ulta.com/p/nightly-retinol-serum-pimprod2048543?sku=2631911,pimprod2048543
https://www.ulta.com/p/bright-citrus-serum-dark-spots-pimprod2030789?sku=2592178,pimprod2030789
https://www.ulta.com/p/solabiome-plumping-peptide-serum-pimprod2037918?sku=2608660,pimprod2037918
https://www.ulta.com/p/nutritious-airy-lotion-moisturizer-pimprod2038331?sku=2607435,pimprod2038331
https://www.ulta.com/p/brightening-cream-pimprod2027530?sku=2586077,pimprod2027530
https://www.ulta.com/p/hydration-facial-sheet-mask-pimprod2046983?sku=2629913,pimprod2046983
https://www.ulta.com/p/rose-jasmine-reviving-facial-wash-anti-aging-pimprod2023638?sku=2580866,pimprod2023638
https://www.ulta.com/p/tinted-mineral-sunscreen-spf-30-pimprod2029216?sku=2590116,pimprod2029216
https://www.ulta.com/p/omega-rich-oat-lipids-ceramide-booster-pimprod2042729?sku=2620788,pimprod2042729
https://www.ulta.com/p/pure-goat-milk-lip-balm-dry-chapped-lips-pimprod2026729?sku=2585206,pimprod2026729
https://www.ulta.com/p/hyaluronic-acid-moist-cream-pimprod2049958?sku=2636333,pimprod2049958
https://www.ulta.com/p/hello-kitty-spa-plush-headband-red-gingham-pimprod2045908?sku=2629313,pimprod2045908
https://www.ulta.com/p/clean-it-zero-foam-cleanser-pimprod2009191?sku=2556099,pimprod2009191
https://www.ulta.com/p/rose-deep-hydration-sleeping-mask-pimprod2032181?sku=2596769,pimprod2032181
https://www.ulta.com/p/snoxin-ii-under-eye-patches-pimprod2046001?sku=2629443,pimprod2046001
https://www.ulta.com/p/pekee-face-cleansing-bar-pimprod2028052?sku=2588464,pimprod2028052
https://www.ulta.com/p/dark-spots-supercharged-brightening-serum-pimprod2037904?sku=2607965,pimprod2037904
https://www.ulta.com/p/detox-starter-kit-excess-odor-pimprod2032665?sku=2609981,pimprod2032665
https://www.ulta.com/p/lightboost-eye-cream-pimprod2049498?sku=2636715,pimprod2049498
https://www.ulta.com/p/baby-bum-mineral-spf-50-sunscreen-spray-pimprod2049290?sku=2635074,pimprod2049290
https://www.ulta.com/p/normaderm-sos-acne-rescue-spot-corrector-pimprod2021424?sku=2577183,pimprod2021424
https://www.ulta.com/p/lychee-clean-vitamin-c-face-mask-pimprod2034182?sku=2597752,pimprod2034182
https://www.ulta.com/p/triple-acid-spot-care-microdart-patch-pimprod2052159?sku=2641344,pimprod2052159
https://www.ulta.com/p/travel-size-dewy-eyed-illuminating-depuffing-eye-serum-pimprod2019542?sku=2571496,pimprod2019542
https://www.ulta.com/p/3-piece-headband-wristband-set-pimprod2041812?sku=2617901,pimprod2041812
https://www.ulta.com/p/aha-2-bha-2-blemish-treatment-serum-pimprod2047941?sku=2632040,pimprod2047941
https://www.ulta.com/p/sci-tech-sunscreen-photoadaptive-hydra-gel-face-spf-50-pimprod2051416?sku=2637914,pimprod2051416
https://www.ulta.com/p/c-vit-undereye-brightener-with-ferulic-acid-caffeine-pimprod2021694?sku=2576879,pimprod2021694
https://www.ulta.com/p/moodpatch-chill-mode-soothing-eye-gels-pimprod2014649?sku=2562993,pimprod2014649
https://www.ulta.com/p/personal-microderm-elite-pro-microdermabrasion-tool-pimprod2020137?sku=2574398,pimprod2020137
https://www.ulta.com/p/miffy-friends-face-body-temporary-tattoos-pimprod2050816?sku=2639428,pimprod2050816
https://www.ulta.com/p/lipdrink-lip-balm-pimprod2004094?sku=2544974,pimprod2004094
https://www.ulta.com/p/pink-primer-care-pimprod2019024?sku=2572838,pimprod2019024
https://www.ulta.com/p/everyday-gradual-tanning-milk-face-lotion-pimprod2042780?sku=2620146,pimprod2042780
https://www.ulta.com/p/oil-control-neem-tea-tree-purifying-day-cream-pimprod2023643?sku=2580903,pimprod2023643
https://www.ulta.com/p/proactivclean-mild-acne-fighting-treatment-routine-pimprod2039899?sku=2600522,pimprod2039899
https://www.ulta.com/p/rice-whip-facial-cleanser-set-pimprod2051775?sku=2642153,pimprod2051775
https://www.ulta.com/p/nipple-lip-rescue-balm-pimprod2051976?sku=2642418,pimprod2051976
https://www.ulta.com/p/moisture-replenishing-mist-intimate-body-spray-pimprod2050842?sku=2637013,pimprod2050842
https://www.ulta.com/p/limited-edition-single-sided-self-tan-applicator-mitt-pimprod2044477?sku=2615350,pimprod2044477
https://www.ulta.com/p/n1-de-chanel-massage-accessory-strengthens-stimulates-smooths-pimprod2049559?sku=2633766,pimprod2049559
https://www.ulta.com/p/absolue-rose-80-cleansing-balm-foam-pimprod2050128?sku=2632955,pimprod2050128
https://www.ulta.com/p/california-kissin-colorbalm-moisturizing-lip-balm-pimprod2024791?sku=2581274,pimprod2024791
https://www.ulta.com/p/wrapping-mask-with-niacinamide-hyaluronic-acid-pimprod2044506?sku=2624836,pimprod2044506
https://www.ulta.com/p/perfectionist-pro-rapid-brightening-serum-duo-pimprod2042765?sku=2619154,pimprod2042765
https://www.ulta.com/p/dear-sun-perfecting-spf-cushion-pimprod2049641?sku=2634908,pimprod2049641
https://www.ulta.com/p/bt21-brilliant-skin-hydrocolloid-acne-patches-pimprod2027800?sku=2588200,pimprod2027800
https://www.ulta.com/p/deluxe-gradual-tan-dark-rose-pimprod2037555?sku=2608534,pimprod2037555
https://www.ulta.com/p/cooling-hydra-de-puffer-stick-eyes-face-pimprod2043771?sku=2620745,pimprod2043771
https://www.ulta.com/p/mini-pro-collagen-energising-marine-cleanser-pimprod2038091?sku=2604242,pimprod2038091
https://www.ulta.com/p/eradikate-acne-mark-fading-gel-pimprod2029976?sku=2593460,pimprod2029976
https://www.ulta.com/p/space-kitten-exfoliating-charcoal-peel-off-mask-pimprod2025372?sku=2582554,pimprod2025372
https://www.ulta.com/p/discovery-kit-pimprod2014433?sku=2563187,pimprod2014433
https://www.ulta.com/p/dew-crew-hydrogel-face-eye-mask-3-piece-set-pimprod2052241?sku=2643886,pimprod2052241
https://www.ulta.com/p/miracle-patch-3-step-pore-melting-pack-pimprod2046994?sku=2629918,pimprod2046994
https://www.ulta.com/p/tinted-lip-balm-ultra-hydrating-pimprod2041142?sku=2616846,pimprod2041142
https://www.ulta.com/p/glo-matte-one-day-tan-face-body-pimprod2033567?sku=2600654,pimprod2033567
https://www.ulta.com/p/hyaluronic-acid-eye-cream-pimprod2049774?sku=2634774,pimprod2049774
https://www.ulta.com/p/nudeglow-lip-set-hydrating-peptide-lip-butter-pimprod2047586?sku=2630219,pimprod2047586
https://www.ulta.com/p/how-do-eye-look-fresh-hydrogel-under-eye-patches-pimprod2021584?sku=2576342,pimprod2021584
https://www.ulta.com/p/deep-sweep-2-bha-pore-cleaning-toner-pimprod2051753?sku=2641627,pimprod2051753
https://www.ulta.com/p/vibe-facial-cleansing-brush-pimprod2025802?sku=2585287,pimprod2025802
https://www.ulta.com/p/anti-aging-rose-reviving-night-cream-pimprod2046906?sku=2631192,pimprod2046906
https://www.ulta.com/p/p-hyaluronic-acid-51-sunflower-hydrating-serum-pimprod2050103?sku=2634832,pimprod2050103
https://www.ulta.com/p/travel-size-bali-bronzing-foam-pimprod2045896?sku=2629180,pimprod2045896
https://www.ulta.com/p/erase-tan-repeat-2-in-1-body-wash-scrub-pimprod2037443?sku=2606142,pimprod2037443
https://www.ulta.com/p/rose-tonic-nourishing-toner-with-rose-elderflower-pimprod2013506?sku=2562284,pimprod2013506
https://www.ulta.com/p/mini-killa-kit-deep-zit-microdart-patch-pimprod2038082?sku=2562314,pimprod2038082
https://www.ulta.com/p/calendula-petal-infused-calming-mask-with-aloe-vera-pimprod2018366?sku=2536641,pimprod2018366
https://www.ulta.com/p/yuza-sorbet-day-cream-vitamin-c-pimprod2017860?sku=2571594,pimprod2017860
https://www.ulta.com/p/proactivclean-azelaic-pore-perfector-pimprod2035542?sku=2600523,pimprod2035542
https://www.ulta.com/p/le-glacon-soothing-facial-ice-roller-pimprod2045271?sku=2626465,pimprod2045271
https://www.ulta.com/p/lip-butter-spf-15-tinted-balm-pimprod2008573?sku=2553301,pimprod2008573
https://www.ulta.com/p/disposable-period-underwear-pimprod2051252?sku=2641043,pimprod2051252
https://www.ulta.com/p/squishmallows-archie-hyaluronic-acid-lip-treatment-stick-pimprod2050838?sku=2637299,pimprod2050838
https://www.ulta.com/p/skincare-secrets-kit-pimprod2049574?sku=2637214,pimprod2049574
https://www.ulta.com/p/regenerist-vitamin-c-peptide-24-max-hydrating-moisturizer-pimprod2034715?sku=2599701,pimprod2034715
https://www.ulta.com/p/1025-dokdo-lotion-pimprod2052240?sku=2643240,pimprod2052240
https://www.ulta.com/p/brightening-mask-with-vitamin-c-pimprod2017595?sku=2568277,pimprod2017595
https://www.ulta.com/p/soothing-ayurvedic-sandalwood-botanics-exfoliating-facial-polish-pimprod2023645?sku=2580904,pimprod2023645
https://www.ulta.com/p/wild-rose-night-brightening-sleeping-facial-pimprod2020738?sku=2573090,pimprod2020738
https://www.ulta.com/p/lightboost-face-neck-rich-cream-pimprod2049499?sku=2636716,pimprod2049499
https://www.ulta.com/p/10-niacinamide-night-mask-pimprod2051805?sku=2641252,pimprod2051805
https://www.ulta.com/p/super-drops-multi-7-hyaluronic-hydrating-serum-pimprod2050256?sku=2635921,pimprod2050256
https://www.ulta.com/p/hyaluron-bubble-pop-cleanser-pimprod2014510?sku=2561096,pimprod2014510
https://www.ulta.com/p/chia-omega-3-facial-oil-pimprod2015183?sku=2566455,pimprod2015183
https://www.ulta.com/p/soothing-essence-foam-toner-pimprod2049636?sku=2636142,pimprod2049636
https://www.ulta.com/p/protect-perfect-intense-advanced-nourishing-hand-nail-treatment-pimprod2020794?sku=2576787,pimprod2020794
https://www.ulta.com/p/sanrio-kuromi-klean-beauty-intensive-overnight-moisture-gelee-mask-pimprod2037784?sku=2605506,pimprod2037784
https://www.ulta.com/p/osmoter-skin-responsive-night-cream-pimprod2049785?sku=2634776,pimprod2049785
https://www.ulta.com/p/hydrakate-recharging-serum-with-hyaluronic-acid-pimprod2036571?sku=2606979,pimprod2036571
https://www.ulta.com/p/how-do-eye-look-rested-hydrogel-under-eye-patches-pimprod2021587?sku=2576344,pimprod2021587
https://www.ulta.com/p/lightboost-face-neck-serum-pimprod2049497?sku=2636712,pimprod2049497
https://www.ulta.com/p/purete-thermale-mineral-micellar-water-sensitive-skin-pimprod2004937?sku=2546401,pimprod2004937
https://www.ulta.com/p/grenache-retinol-eye-cream-with-peptides-hyaluronic-acid-pimprod2039463?sku=2612117,pimprod2039463
https://www.ulta.com/p/pore-cleansing-balm-bha-pimprod2007170?sku=2551560,pimprod2007170
https://www.ulta.com/p/goo-getter-surface-zit-hydrocolloid-patch-pimprod2021454?sku=2573990,pimprod2021454
https://www.ulta.com/p/squishmallows-eye-mask-pimprod2045926?sku=2628135,pimprod2045926
https://www.ulta.com/p/mini-play-body-mousse-spf-50-pimprod2042925?sku=2621294,pimprod2042925
https://www.ulta.com/p/nanobronze-bronzing-drops-with-cacao-seed-extract-pimprod2017432?sku=2624576,pimprod2017432
https://www.ulta.com/p/black-tea-instant-perfecting-mask-pimprod2025062?sku=2584247,pimprod2025062
https://www.ulta.com/p/easy-reach-back-applicator-self-tanning-pimprod2000716?sku=2537378,pimprod2000716
https://www.ulta.com/p/fresh-face-trio-hydrogel-face-eye-mask-3-piece-set-pimprod2052242?sku=2643888,pimprod2052242
https://www.ulta.com/p/nanoblur-instant-skin-perfector-cream-pimprod2006515?sku=2550376,pimprod2006515
https://www.ulta.com/p/miracle-clear-brightening-carotene-pads-pimprod2046984?sku=2629914,pimprod2046984
https://www.ulta.com/p/brightening-turmeric-papaya-radiance-day-cream-pimprod2023642?sku=2580902,pimprod2023642
https://www.ulta.com/p/honey-mask-pimprod2051883?sku=2643216,pimprod2051883
https://www.ulta.com/p/sci-tech-sunscreen-photoadaptive-hydra-gel-face-spf-30-pimprod2051413?sku=2637913,pimprod2051413
https://www.ulta.com/p/black-rice-toner-pimprod2051768?sku=2642146,pimprod2051768
https://www.ulta.com/p/osmoter-concentrate-illuminating-eye-serum-pimprod2049794?sku=2634895,pimprod2049794
https://www.ulta.com/p/hydrogel-cream-pimprod2015205?sku=2600719,pimprod2015205
https://www.ulta.com/p/hyaluronic-acid-aqua-gel-cream-pimprod2049654?sku=2636332,pimprod2049654
https://www.ulta.com/p/cucumber-herbal-alcohol-free-toner-pimprod2002926?sku=2536666,pimprod2002926
https://www.ulta.com/p/bloom-with-pride-skincare-set-pimprod2045163?sku=2620604,pimprod2045163
https://www.ulta.com/p/xeracalm-nutrition-moisturizing-balm-pimprod2043845?sku=2623482,pimprod2043845
https://www.ulta.com/p/forever-ever-self-tan-mousse-pimprod2023120?sku=2580510,pimprod2023120
https://www.ulta.com/p/liftactiv-supreme-firming-anti-aging-face-moisturizer-pimprod2019865?sku=2575158,pimprod2019865
https://www.ulta.com/p/soonjung-10-free-moist-emulsion-pimprod2049664?sku=2636342,pimprod2049664
https://www.ulta.com/p/hyaluron-moisture-cream-pimprod2007171?sku=2550229,pimprod2007171
https://www.ulta.com/p/nudeskin-3-step-citrus-renew-set-pimprod2020064?sku=2574186,pimprod2020064
https://www.ulta.com/p/moodflick-holo-stick-lip-balm-pimprod2002007?sku=2540764,pimprod2002007
https://www.ulta.com/p/retinol-intense-trial-kit-pimprod2051762?sku=2641336,pimprod2051762
https://www.ulta.com/p/velvet-hydrating-cleansing-milk-pimprod2043936?sku=2620949,pimprod2043936
https://www.ulta.com/p/hydrogel-eye-mask-with-multi-hyaluronic-acid-pimprod2040375?sku=2612744,pimprod2040375
https://www.ulta.com/p/skin-remedy-soothing-eye-gels-pimprod2052451?sku=2643195,pimprod2052451
https://www.ulta.com/p/timeless-ferment-snail-lip-sleeping-mask-pimprod2040799?sku=2613430,pimprod2040799
https://www.ulta.com/p/santorini-grape-volcanic-skin-reset-mask-pimprod2048146?sku=2631941,pimprod2048146
https://www.ulta.com/p/botanical-collagen-retinol-volumizing-serum-pimprod2033210?sku=2598114,pimprod2033210
https://www.ulta.com/p/redefine-overnight-reparative-moisturizing-lotion-pimprod2050620?sku=2635805,pimprod2050620
https://www.ulta.com/p/high-potency-night-a-mins-resurfacing-gel-pimprod2050074?sku=2635393,pimprod2050074
https://www.ulta.com/p/high-potency-intensive-smoothing-serum-pimprod2044444?sku=2621313,pimprod2044444
https://www.ulta.com/p/super-smoothie-moisturizer-pimprod2050121?sku=2634867,pimprod2050121
https://www.ulta.com/p/urban-environment-oil-free-mineral-sunscreen-spf-42-pimprod2038381?sku=2606930,pimprod2038381
https://www.ulta.com/p/2-in-1-silicone-mask-brush-pimprod2043530?sku=2619905,pimprod2043530
https://www.ulta.com/p/vitamin-c-facial-sheet-mask-pimprod2046986?sku=2629916,pimprod2046986
https://www.ulta.com/p/bloom-cream-daily-moisturizer-tube-mini-pimprod2020103?sku=2571446,pimprod2020103
https://www.ulta.com/p/cake-my-day-hydrating-sprinkle-wash-off-mask-pimprod2002779?sku=2540912,pimprod2002779
https://www.ulta.com/p/away-you-glow-travel-skincare-set-pimprod2047346?sku=2628148,pimprod2047346
https://www.ulta.com/p/gentle-black-deep-cleansing-oil-pimprod2005172?sku=2546689,pimprod2005172
https://www.ulta.com/p/ufo-2-swedish-beauty-tech-power-mask-pimprod2032793?sku=2598283,pimprod2032793
https://www.ulta.com/p/hydra-mask-gel-cream-with-peptides-overnight-barrier-repair-pimprod2050629?sku=2635810,pimprod2050629
https://www.ulta.com/p/birch-juice-moisturizing-mask-set-pimprod2049660?sku=2636339,pimprod2049660
https://www.ulta.com/p/pore-cleansing-oil-aha-pimprod2007169?sku=2551557,pimprod2007169
https://www.ulta.com/p/encapsulated-retinol-005-bakuchi-renewing-moisturizer-pimprod2050109?sku=2634836,pimprod2050109
https://www.ulta.com/p/trinity-effective-lip-eye-attachment-pimprod2051029?sku=2640322,pimprod2051029
https://www.ulta.com/p/clarity-tonic-clarifying-toner-with-salicylic-acid-pimprod2021686?sku=2576872,pimprod2021686
https://www.ulta.com/p/bloom-baume-makeup-cleansing-balm-pimprod2036535?sku=2605280,pimprod2036535
https://www.ulta.com/p/body-balm-broad-spectrum-spf-50-suncreen-pimprod2052434?sku=2644431,pimprod2052434
https://www.ulta.com/p/neem-tea-tree-skin-purifying-overnight-hydrator-pimprod2023651?sku=2580909,pimprod2023651
https://www.ulta.com/p/best-of-blue-paradise-kit-pimprod2049784?sku=2637758,pimprod2049784
https://www.ulta.com/p/multi-miracle-glow-cleansing-balm-pimprod2043323?sku=2619538,pimprod2043323
https://www.ulta.com/p/organic-collection-essential-beauty-masks-pimprod2017190?sku=2567836,pimprod2017190
https://www.ulta.com/p/overnight-retinol-oil-smoothing-night-oil-pimprod2013457?sku=2562279,pimprod2013457
https://www.ulta.com/p/vitamin-c-glow-serum-pimprod2017107?sku=2568282,pimprod2017107
https://www.ulta.com/p/gentle-enzyme-peel-with-licorice-root-milk-thistle-pimprod2021437?sku=2577567,pimprod2021437
https://www.ulta.com/p/purifying-face-wash-pimprod2014419?sku=2563190,pimprod2014419
https://www.ulta.com/p/boost-brighten-vitamin-c-cleanser-pimprod2036488?sku=2606285,pimprod2036488
https://www.ulta.com/p/beauty-lifter-vibrating-t-bar-roller-pimprod2014204?sku=2564079,pimprod2014204
https://www.ulta.com/p/mugwort-mask-pimprod2051777?sku=2642155,pimprod2051777
https://www.ulta.com/p/aqua-bomb-pha-exfoliating-toner-pads-pimprod2039603?sku=2607786,pimprod2039603
https://www.ulta.com/p/milk-peel-mask-pimprod2013643?sku=2563426,pimprod2013643
https://www.ulta.com/p/ultra-low-molecular-hyaluronic-acid-toner-pimprod2049651?sku=2636345,pimprod2049651
https://www.ulta.com/p/juju-exfoliating-face-cleansing-bar-pimprod2028054?sku=2588465,pimprod2028054
https://www.ulta.com/p/apple-of-sodom-advanced-deep-wrinkle-cream-pimprod2010023?sku=2555649,pimprod2010023
https://www.ulta.com/p/neovadiol-post-menopause-day-cream-pimprod2037118?sku=2608260,pimprod2037118
https://www.ulta.com/p/rice-glow-peel-off-mask-pimprod2051765?sku=2642143,pimprod2051765
https://www.ulta.com/p/tan-buff-blending-brush-pimprod2033658?sku=2599193,pimprod2033658
https://www.ulta.com/p/n1-de-chanel-revitalizing-lotion-pimprod2029889?sku=2589596,pimprod2029889
https://www.ulta.com/p/birch-juice-moisturizing-cleanser-pimprod2049655?sku=2636334,pimprod2049655
https://www.ulta.com/p/1-vitamin-a-retinol-serum-pimprod2051802?sku=2641250,pimprod2051802
https://www.ulta.com/p/aha-bha-pha-30-days-miracle-toner-pimprod2051778?sku=2641258,pimprod2051778
https://www.ulta.com/p/hello-kitty-50-plushie-sleep-mask-pimprod2045520?sku=2625796,pimprod2045520
https://www.ulta.com/p/retinol-capsulecare-smoothing-face-serum-pimprod2040259?sku=2612351,pimprod2040259
https://www.ulta.com/p/lip-balm-1-moisturizing-lip-treatment-with-squalane-pimprod2002918?sku=2536692,pimprod2002918
https://www.ulta.com/p/reusable-makeup-remover-pads-pimprod2037628?sku=2605766,pimprod2037628
https://www.ulta.com/p/mini-water-drench-hyaluronic-cloud-moisturizer-broad-spectrum-spf-45-pimprod2051858?sku=2640020,pimprod2051858
https://www.ulta.com/p/kind-tint-tinted-serum-pimprod2030679?sku=2596536,pimprod2030679
https://www.ulta.com/p/clarifying-booster-salicylic-acid-treatment-serum-pimprod2046080?sku=2626477,pimprod2046080
https://www.ulta.com/p/ginzing-glow-boosting-gel-moisturizer-pimprod2015697?sku=2566152,pimprod2015697
https://www.ulta.com/p/solabiome-nourishing-moisturizer-pimprod2037919?sku=2608840,pimprod2037919
https://www.ulta.com/p/party-peel-at-home-chemical-peel-pimprod2011280?sku=2605886,pimprod2011280
https://www.ulta.com/p/cycle-synced-facial-mask-kit-pimprod2046985?sku=2629915,pimprod2046985
https://www.ulta.com/p/bubble-sheet-mask-pimprod2024901?sku=2583227,pimprod2024901
https://www.ulta.com/p/serve-chilled-bubbly-brightening-eye-gels-pimprod2027803?sku=2589107,pimprod2027803
https://www.ulta.com/p/travel-size-sunny-honey-bali-bronzing-foam-pimprod2045897?sku=2629204,pimprod2045897
https://www.ulta.com/p/daily-vitamin-infusion-pimprod2014428?sku=2565235,pimprod2014428
https://www.ulta.com/p/birch-juice-moisturizing-sun-stick-spf-50-pimprod2052318?sku=2644755,pimprod2052318
https://www.ulta.com/p/bright-this-way-liquid-sun-shield-spf-50-pimprod2039665?sku=2613316,pimprod2039665
https://www.ulta.com/p/dreamwave-2-bio-retinoid-complex-overnight-renewal-serum-pimprod2044746?sku=2624081,pimprod2044746
https://www.ulta.com/p/vaginal-health-probiotic-pimprod2051242?sku=2641034,pimprod2051242
https://www.ulta.com/p/clean-fresh-tinted-lip-balm-spf-15-pimprod2052405?sku=2641560,pimprod2052405
https://www.ulta.com/p/vitamin-c-capsulecare-brightening-face-serum-pimprod2040257?sku=2612350,pimprod2040257
https://www.ulta.com/p/nudeskin-citrus-clean-balm-make-up-melt-pimprod2019407?sku=2571976,pimprod2019407
https://www.ulta.com/p/1025-dokdo-cream-pimprod2052239?sku=2643239,pimprod2052239
https://www.ulta.com/p/collagen-reedle-shot-100-pimprod2051961?sku=2640444,pimprod2051961
https://www.ulta.com/p/balmade-hydrating-tinted-lip-balm-with-electrolytes-pimprod2052702?sku=2640025,pimprod2052702
https://www.ulta.com/p/yaupon-tea-glow-awakening-moisturizer-pimprod2027242?sku=2587699,pimprod2027242
https://www.ulta.com/p/travel-size-oh-mega-milk-fermented-barrier-boosting-facial-oil-pimprod2041703?sku=2617559,pimprod2041703
https://www.ulta.com/p/hydro-star-recovery-patches-pimprod2048678?sku=2631421,pimprod2048678
https://www.ulta.com/p/rice-cream-pimprod2051770?sku=2642148,pimprod2051770
https://www.ulta.com/p/microcellular-moisturizer-biodegradable-skincare-pads-pimprod2044505?sku=2624835,pimprod2044505
https://www.ulta.com/p/rose-quartz-crystal-sculpty-heart-gua-sha-tool-pimprod2022903?sku=2577395,pimprod2022903
https://www.ulta.com/p/soonjung-55-foam-cleanser-pimprod2049661?sku=2636340,pimprod2049661
https://www.ulta.com/p/skin-hero-glow-non-tinted-perfecter-pimprod2050698?sku=2636754,pimprod2050698
https://www.ulta.com/p/kateceuticals-supercell-rejuvenation-serum-pimprod2043855?sku=2623627,pimprod2043855
https://www.ulta.com/p/pore-cleansing-balm-pha-pimprod2007173?sku=2551559,pimprod2007173
https://www.ulta.com/p/bright-side-vitamin-c-hyaluronic-acid-serum-pimprod2036486?sku=2606283,pimprod2036486
https://www.ulta.com/p/skin-rhythm-balancing-clearing-cleanser-pimprod2045126?sku=2625782,pimprod2045126
https://www.ulta.com/p/anti-wrinkle-retinol-eye-treatment-pimprod2017301?sku=2569277,pimprod2017301
https://www.ulta.com/p/cleanse-glow-travel-duo-gift-set-pimprod2047943?sku=2632143,pimprod2047943
https://www.ulta.com/p/acne-jumbo-holiday-value-pack-pimprod2048835?sku=2634857,pimprod2048835
https://www.ulta.com/p/vitamin-c-booster-powder-pimprod2027919?sku=2589113,pimprod2027919
https://www.ulta.com/p/blemish-breakthrough-stick-it-zits-pimple-patches-pimprod2052506?sku=2642299,pimprod2052506
https://www.ulta.com/p/light-reflecting-eye-lash-gel-pimprod2030391?sku=2591152,pimprod2030391
https://www.ulta.com/p/miracle-patch-spot-control-cover-pimprod2046996?sku=2630029,pimprod2046996
https://www.ulta.com/p/8-hyaluronic-acid-hydrating-gentle-foaming-cleanser-pimprod2048928?sku=2634625,pimprod2048928
https://www.ulta.com/p/greek-yoghurt-probiotic-superdose-face-mask-pimprod2020737?sku=2573089,pimprod2020737
https://www.ulta.com/p/proactivclean-mineral-acne-cleanser-pimprod2035541?sku=2600525,pimprod2035541
https://www.ulta.com/p/heating-patch-menstrual-cramps-pimprod2051245?sku=2641036,pimprod2051245
https://www.ulta.com/p/trinity-wrinkle-reducer-attachment-pimprod2051030?sku=2640323,pimprod2051030
https://www.ulta.com/p/pro-collagen-rose-micro-serum-pimprod2041278?sku=2613724,pimprod2041278
https://www.ulta.com/p/rainbow-face-mask-pimprod2021577?sku=2576339,pimprod2021577
https://www.ulta.com/p/travel-size-rapid-wrinkle-repair-regenerating-cream-pimprod2009569?sku=2554021,pimprod2009569
https://www.ulta.com/p/balancium-comfort-ceramide-cream-pimprod2043767?sku=2621865,pimprod2043767
https://www.ulta.com/p/led-light-energy-mask-pimprod2035510?sku=2602890,pimprod2035510
https://www.ulta.com/p/travel-size-one-step-gentle-exfoliating-cleanser-pimprod2044938?sku=2624075,pimprod2044938
https://www.ulta.com/p/megashade-breakout-proof-spf-50-serum-pimprod2025207?sku=2584617,pimprod2025207
https://www.ulta.com/p/3d-teddy-headyband-mush-love-pimprod2044144?sku=2622608,pimprod2044144
https://www.ulta.com/p/be-gentle-be-kind-aloe-oat-milk-ultra-soothing-3-in-1-cleansing-bar-pimprod2036248?sku=2601787,pimprod2036248
https://www.ulta.com/p/skin-rhythm-balancing-clearing-serum-pimprod2027245?sku=2587701,pimprod2027245
https://www.ulta.com/p/baby-moisturizing-lotion-lightweight-moisturizer-sensitive-skin-eczema-prone-skin-pimprod2048030?sku=2632443,pimprod2048030
https://www.ulta.com/p/skin-firming-antioxidant-cleanser-pimprod2021438?sku=2577568,pimprod2021438
https://www.ulta.com/p/bronzing-instant-tanning-mousse-pimprod2050333?sku=2635099,pimprod2050333
https://www.ulta.com/p/needles-no-more-neck-tightening-cream-pimprod2039704?sku=2613321,pimprod2039704
https://www.ulta.com/p/on-go-oopsies-waterproof-makeup-remover-pimprod2020028?sku=2574475,pimprod2020028
https://www.ulta.com/p/eye-bright-eye-moisturizer-with-caffeine-pimprod2004341?sku=2544303,pimprod2004341
https://www.ulta.com/p/sugared-watermelon-lip-scrub-pimprod2026642?sku=2586049,pimprod2026642
https://www.ulta.com/p/superfood-aha-glow-cleansing-butter-pimprod2021098?sku=2570297,pimprod2021098
https://www.ulta.com/p/tintfix-satin-lip-tint-pimprod2033225?sku=2598109,pimprod2033225
https://www.ulta.com/p/calendula-serum-infused-water-cream-pimprod2006354?sku=2545850,pimprod2006354
https://www.ulta.com/p/juicy-delights-7-piece-gift-set-pimprod2036024?sku=2602496,pimprod2036024
https://www.ulta.com/p/milky-cleanser-biodegradable-skincare-pads-pimprod2044491?sku=2624832,pimprod2044491
https://www.ulta.com/p/kateceuticals-firming-serum-pimprod2022953?sku=2579674,pimprod2022953
https://www.ulta.com/p/travel-size-shape-tape-24-hr-hydrating-eye-cream-pimprod2023786?sku=2566182,pimprod2023786
https://www.ulta.com/p/travel-size-drink-up-intensive-overnight-hydrating-mask-pimprod2007605?sku=2549729,pimprod2007605
https://www.ulta.com/p/nudeskin-tight-bright-face-mask-pimprod2032284?sku=2596479,pimprod2032284
https://www.ulta.com/p/vitamin-c-serum-pimprod2009648?sku=2548218,pimprod2009648
https://www.ulta.com/p/mineral-sunscreen-stick-spf-50-pimprod2045140?sku=2625870,pimprod2045140
https://www.ulta.com/p/dramatically-different-moisturizing-lotion-spf35-face-pimprod2052756?sku=2640697,pimprod2052756
https://www.ulta.com/p/retinol-intense-daily-mask-pimprod2051832?sku=2641702,pimprod2051832
https://www.ulta.com/p/pure-greek-olive-3-in-1-nourishing-oil-pimprod2038126?sku=2609195,pimprod2038126
https://www.ulta.com/p/skin-firming-rose-reviving-day-cream-pimprod2046905?sku=2631191,pimprod2046905
https://www.ulta.com/p/retinol-tonic-smoothing-toner-with-jasmine-flower-pimprod2013502?sku=2562290,pimprod2013502
https://www.ulta.com/p/future-renew-damage-reversal-peptide-cleanser-pimprod2051930?sku=2640145,pimprod2051930
https://www.ulta.com/p/hydraluminous-hydrating-dual-phase-mask-pimprod2043249?sku=2620358,pimprod2043249
https://www.ulta.com/p/delikate-recovery-cream-pimprod2015832?sku=2566765,pimprod2015832
https://www.ulta.com/p/peptide-serum-biodegradable-skincare-pads-pimprod2044504?sku=2624834,pimprod2044504
https://www.ulta.com/p/that-next-level-bronze-bronzing-glow-drops-pimprod2036820?sku=2606224,pimprod2036820
https://www.ulta.com/p/super-glow-vitamin-c-niacinamide-gel-moisturizer-pimprod2036484?sku=2606271,pimprod2036484
https://www.ulta.com/p/moisture-surge-hydrating-lotion-pimprod2015394?sku=2565558,pimprod2015394
https://www.ulta.com/p/centella-cleansing-oil-pimprod2034069?sku=2599504,pimprod2034069
https://www.ulta.com/p/absolue-rose-80-micro-diffusion-in-emulsion-pimprod2048730?sku=2630546,pimprod2048730
https://www.ulta.com/p/squishmallows-hydrating-hand-cream-pimprod2045934?sku=2628232,pimprod2045934
https://www.ulta.com/p/capital-soleil-tinted-face-mineral-sunscreen-spf-60-pimprod2013306?sku=2559390,pimprod2013306
https://www.ulta.com/p/4-in-1-red-light-therapy-skincare-wand-kit-pimprod2037915?sku=2608583,pimprod2037915
https://www.ulta.com/p/light-reflecting-moisturizer-pimprod2030388?sku=2591151,pimprod2030388
https://www.ulta.com/p/puffy-eyes-biocellulose-under-eye-patches-pimprod2037908?sku=2607989,pimprod2037908
https://www.ulta.com/p/bulgarian-rose-farm-face-sheet-masks-pimprod2032637?sku=2598139,pimprod2032637
Link,Product ID
https://www.ulta.com/p/kakao-friends-creme-eyeshadow-pimprod2037825?sku=2608221,pimprod2037825
https://www.ulta.com/p/magic-mitt-pimprod2004104?sku=2545039,pimprod2004104
https://www.ulta.com/p/dreamwave-2-bio-retinoid-complex-overnight-renewal-serum-pimprod2044746?sku=2624081,pimprod2044746
https://www.ulta.com/p/nudeskin-blemish-clarifying-gel-moisturizer-pimprod2040686?sku=2613624,pimprod2040686
https://www.ulta.com/p/clean-fresh-prime-refresh-spray-nourishing-milk-pimprod2052165?sku=2641562,pimprod2052165
https://www.ulta.com/p/targeted-hydration-patches-acne-prone-skin-sweet-treats-pimprod2041582?sku=2615535,pimprod2041582
https://www.ulta.com/p/jewel-box-3-piece-kit-pimprod2014069?sku=2561049,pimprod2014069
https://www.ulta.com/p/signature-collection-kelley-ohara-line-reducer-super-peptide-serum-pimprod2025014?sku=2583253,pimprod2025014
https://www.ulta.com/p/soothing-cleanser-pimprod2023589?sku=2580595,pimprod2023589
https://www.ulta.com/p/routine-pimprod2048740?sku=2631916,pimprod2048740
https://www.ulta.com/p/nudeskin-vegan-bamboo-cleansing-cloths-pimprod2019588?sku=2571978,pimprod2019588
https://www.ulta.com/p/tinted-glace-hydrating-lip-oil-pimprod2038343?sku=2606637,pimprod2038343
https://www.ulta.com/p/travel-size-le-cleanser-gel-milk-daily-gentle-cleanser-pimprod2045764?sku=2628679,pimprod2045764
https://www.ulta.com/p/charlottes-magic-lip-oil-crystal-elixir-pimprod2043309?sku=2619472,pimprod2043309
https://www.ulta.com/p/hyaluronic-acid-leave-on-mask-pimprod2036728?sku=2606024,pimprod2036728
https://www.ulta.com/p/skin-booster-vitamin-shot-pimprod2003286?sku=2538695,pimprod2003286
https://www.ulta.com/p/take-it-all-off-longwear-makeup-remover-pimprod2043331?sku=2619518,pimprod2043331
https://www.ulta.com/p/clear-eyesurance-anti-fatigue-cooling-under-eye-balm-shea-butter-extract-pimprod2014268?sku=2564797,pimprod2014268
https://www.ulta.com/p/pdrn-cream-100-pimprod2051956?sku=2640417,pimprod2051956
https://www.ulta.com/p/glofacial-antimicrobial-treatment-replacement-tips-pimprod2034691?sku=2598943,pimprod2034691
https://www.ulta.com/p/forever-ever-self-tan-mousse-pimprod2023120?sku=2580510,pimprod2023120
https://www.ulta.com/p/serums-pimprod2048759?sku=2633153,pimprod2048759
https://www.ulta.com/p/p-hyaluronic-acid-51-sunflower-hydrating-serum-pimprod2050103?sku=2634832,pimprod2050103
https://www.ulta.com/p/brightening-cleanser-pimprod2014422?sku=2563191,pimprod2014422
https://www.ulta.com/p/cleansing-balm-pimprod2039296?sku=2612289,pimprod2039296
https://www.ulta.com/p/glow-tonic-serum-exfoliating-radiance-serum-pimprod2013505?sku=2562285,pimprod2013505
https://www.ulta.com/p/reparative-styling-hair-repair-oil-pimprod2023249?sku=2576554,pimprod2023249
https://www.ulta.com/p/nudeskin-gentle-hydra-gel-face-cleanser-pimprod2019450?sku=2571977,pimprod2019450
https://www.ulta.com/p/nude-love-lip-palette-pimprod2050750?sku=2639251,pimprod2050750
https://www.ulta.com/p/xeracalm-nutrition-shower-cream-pimprod2043846?sku=2623483,pimprod2043846
https://www.ulta.com/p/r-r-hydro-jelly-pimprod2040635?sku=2615860,pimprod2040635
https://www.ulta.com/p/heres-clearing-clay-exfoliating-sheet-mask-pimprod2037609?sku=2605513,pimprod2037609
https://www.ulta.com/p/clean-fresh-lip-tint-pimprod2022031?sku=2573434,pimprod2022031
https://www.ulta.com/p/golden-rule-retinoidretinol-serum-pimprod2011283?sku=2558179,pimprod2011283
https://www.ulta.com/p/greek-yoghurt-hydration-boost-trio-pimprod2047564?sku=2631939,pimprod2047564
https://www.ulta.com/p/apeach-call-me-smooth-printed-essence-sheet-mask-pimprod2037821?sku=2608218,pimprod2037821
https://www.ulta.com/p/vitamin-c-resurfacing-toner-pimprod2036487?sku=2606284,pimprod2036487
https://www.ulta.com/p/le-petit-remede-cosmetic-balm-pimprod2042547?sku=2619257,pimprod2042547
https://www.ulta.com/p/all-in-one-nourishing-face-cream-pimprod2052201?sku=2642499,pimprod2052201
https://www.ulta.com/p/pretinol-serum-smoothing-fine-lines-pimprod2036725?sku=2606021,pimprod2036725
https://www.ulta.com/p/mugwort-mask-pimprod2051777?sku=2642155,pimprod2051777
https://www.ulta.com/p/heartleaf-low-ph-deep-cleansing-water-pimprod2048922?sku=2634246,pimprod2048922
https://www.ulta.com/p/tiger-headband-pimprod2043532?sku=2619904,pimprod2043532
https://www.ulta.com/p/glowgetter-deep-collagen-hydrogel-mask-pimprod2050845?sku=2633031,pimprod2050845
https://www.ulta.com/p/rainbow-face-mask-pimprod2021577?sku=2576339,pimprod2021577
https://www.ulta.com/p/aqua-cure-24h-multi-balm-pimprod2037781?sku=2605498,pimprod2037781
https://www.ulta.com/p/goat-milk-beauty-balm-pimprod2014761?sku=2561847,pimprod2014761
https://www.ulta.com/p/sheer-mineral-sunscreen-lotion-face-spf-50-pimprod2049200?sku=2634996,pimprod2049200
https://www.ulta.com/p/retinol-intense-trial-kit-pimprod2051762?sku=2641336,pimprod2051762
https://www.ulta.com/p/snoxin-ii-facial-line-fighter-serum-pimprod2006512?sku=2550377,pimprod2006512
https://www.ulta.com/p/mini-hyaluronic-peptide-24-hydrating-gel-pimprod2038408?sku=2607757,pimprod2038408
https://www.ulta.com/p/bright-this-way-c-scription-brightening-serum-pimprod2039663?sku=2613250,pimprod2039663
https://www.ulta.com/p/vitamin-c-glow-serum-pimprod2017107?sku=2568282,pimprod2017107
https://www.ulta.com/p/smoothing-retinol-booster-pimprod2050201?sku=2635177,pimprod2050201
https://www.ulta.com/p/golden-guard-browning-radiance-gel-suncare-body-pimprod2047354?sku=2631734,pimprod2047354
https://www.ulta.com/p/glow-drops-radiance-boosting-serum-pimprod2021056?sku=2573975,pimprod2021056
https://www.ulta.com/p/retinol-jasmine-smoothing-cleanser-pimprod2013438?sku=2562270,pimprod2013438
https://www.ulta.com/p/travel-size-glycolic-foaming-cleanser-pimprod2004777?sku=2278151,pimprod2004777
https://www.ulta.com/p/glow-your-own-way-og-glow-mousse-pimprod2050350?sku=2634626,pimprod2050350
https://www.ulta.com/p/future-youth-foaming-cleansing-gel-pimprod2039830?sku=2611408,pimprod2039830
https://www.ulta.com/p/aqua-bomb-pha-exfoliating-toner-pads-pimprod2039603?sku=2607786,pimprod2039603
https://www.ulta.com/p/daily-vitamin-infusion-pimprod2014428?sku=2565235,pimprod2014428
https://www.ulta.com/p/fast-release-wrinkle-reducing-03-retinol-night-serum-pimprod2034042?sku=2598133,pimprod2034042
https://www.ulta.com/p/id-stress-icy-gel-moisturizer-pimprod2039701?sku=2613323,pimprod2039701
https://www.ulta.com/p/skin-remedy-calm-protect-mist-pimprod2052453?sku=2643197,pimprod2052453
https://www.ulta.com/p/eight-hour-hydraplay-daily-defense-nourishing-fluid-spf-40-pimprod2051468?sku=2636190,pimprod2051468
https://www.ulta.com/p/pout-balm-pimprod2037696?sku=2607160,pimprod2037696
https://www.ulta.com/p/crystal-osmoter-x6-smoothing-cream-pimprod2034256?sku=2598145,pimprod2034256
https://www.ulta.com/p/cocoon-set-pimprod2047584?sku=2631945,pimprod2047584
https://www.ulta.com/p/lipglow-tinted-lip-balm-pimprod2044625?sku=2624769,pimprod2044625
https://www.ulta.com/p/pusheen-plush-spa-headband-pimprod2045315?sku=2625337,pimprod2045315
https://www.ulta.com/p/vibe-cleanse-2-piece-kit-pimprod2025814?sku=2585291,pimprod2025814
https://www.ulta.com/p/10balm-soothing-cream-dry-sensitive-skin-pimprod2006897?sku=2551503,pimprod2006897
https://www.ulta.com/p/lash-purify-eye-makeup-remover-lash-cleanser-pimprod2030245?sku=2588757,pimprod2030245
https://www.ulta.com/p/marine-algae-blue-tansy-multipurpose-treatment-pimprod2043544?sku=2620434,pimprod2043544
https://www.ulta.com/p/brightening-cream-pimprod2027530?sku=2586077,pimprod2027530
https://www.ulta.com/p/semillon-overnight-retinol-serum-with-niacinamide-hyaluronic-acid-pimprod2037842?sku=2608842,pimprod2037842
https://www.ulta.com/p/freshly-juiced-vitamin-charging-serum-pimprod2042852?sku=2617569,pimprod2042852
https://www.ulta.com/p/ace-it-vitamin-blend-hydration-enhancer-pimprod2023585?sku=2580298,pimprod2023585
https://www.ulta.com/p/celery-green-cream-with-hyaluronic-acid-peptides-pimprod2032961?sku=2599024,pimprod2032961
https://www.ulta.com/p/gold-kitten-revitalizing-golden-peel-off-mask-pimprod2042845?sku=2618243,pimprod2042845
https://www.ulta.com/p/3-piece-skin-transforming-set-pimprod2052108?sku=2643624,pimprod2052108
https://www.ulta.com/p/mugwort-serum-pimprod2051773?sku=2642151,pimprod2051773
https://www.ulta.com/p/birch-juice-moisturizing-pad-pimprod2049656?sku=2636335,pimprod2049656
https://www.ulta.com/p/quench-eye-pro-strength-brightening-balm-pimprod2019610?sku=2600085,pimprod2019610
https://www.ulta.com/p/pusheen-hydrogel-under-eye-patches-pimprod2045311?sku=2625334,pimprod2045311
https://www.ulta.com/p/bamboo-super-serum-pimprod2033110?sku=2598498,pimprod2033110
https://www.ulta.com/p/eysilix-ii-multi-action-eye-treatment-pimprod2006894?sku=2551499,pimprod2006894
https://www.ulta.com/p/rose-renewal-tri-peptide-ceramide-cleanser-pimprod2036490?sku=2606287,pimprod2036490
https://www.ulta.com/p/hello-kitty-50-star-of-my-eye-under-eye-patches-pimprod2045526?sku=2625790,pimprod2045526
https://www.ulta.com/p/calm-restore-sandalwood-aloe-vera-soothing-night-cream-pimprod2023648?sku=2580907,pimprod2023648
https://www.ulta.com/p/mini-play-body-mousse-spf-50-pimprod2042925?sku=2621294,pimprod2042925
https://www.ulta.com/p/visible-brightening-clearly-radiant-bounce-cream-pimprod2050170?sku=2636189,pimprod2050170
https://www.ulta.com/p/supercharged-serum-20-electrolyte-enriched-activated-treatment-pimprod2043886?sku=2623626,pimprod2043886
https://www.ulta.com/p/reusable-under-eye-brow-mask-set-pimprod2034727?sku=2601473,pimprod2034727
https://www.ulta.com/p/no-makeup-instant-blur-priming-moisturizer-pimprod2040765?sku=2614701,pimprod2040765
https://www.ulta.com/p/travel-size-tantalizer-body-bronzing-luminizer-light-medium-pimprod2025537?sku=2585299,pimprod2025537
https://www.ulta.com/p/rainbow-confetti-lip-balm-pimprod2008674?sku=2555561,pimprod2008674
https://www.ulta.com/p/travel-size-advanced-night-cleansing-gelee-with-15-amino-acids-pimprod2040997?sku=2611766,pimprod2040997
https://www.ulta.com/p/osmoter-concentrate-smoothing-lotion-pimprod2036731?sku=2606027,pimprod2036731
https://www.ulta.com/p/ph-balancing-daily-cleanser-with-aloe-vera-pimprod2043755?sku=2619951,pimprod2043755
https://www.ulta.com/p/blemish-clearing-best-sellers-oil-control-kit-pimprod2014536?sku=2561333,pimprod2014536
https://www.ulta.com/p/restorative-eye-cream-pimprod2032389?sku=2596764,pimprod2032389
https://www.ulta.com/p/pretinol-eye-cream-smoothing-fine-lines-pimprod2036723?sku=2606019,pimprod2036723
https://www.ulta.com/p/mini-hyperfade-dark-spot-microdart-patch-pimprod2038093?sku=2599589,pimprod2038093
https://www.ulta.com/p/lip-scrub-pimprod2032257?sku=2595775,pimprod2032257
https://www.ulta.com/p/rose-gold-101-ointment-balm-tint-pimprod2008041?sku=2549008,pimprod2008041
https://www.ulta.com/p/mega-mushroom-barrier-rescue-concentrated-serum-pimprod2039871?sku=2613728,pimprod2039871
https://www.ulta.com/p/kind-tint-spf-30-tinted-serum-broad-spectrum-mineral-sunscreen-pimprod2037577?sku=2604656,pimprod2037577
https://www.ulta.com/p/moisture-rich-clarifying-peeling-gel-pimprod2013780?sku=2563423,pimprod2013780
https://www.ulta.com/p/equilibrium-instant-plumping-eye-mask-pimprod2043775?sku=2623378,pimprod2043775
https://www.ulta.com/p/beautyprep-face-cleanser-pimprod2004105?sku=2545040,pimprod2004105
https://www.ulta.com/p/decolletage-defining-serum-pimprod2046455?sku=2630223,pimprod2046455
https://www.ulta.com/p/rice-serum-pimprod2051767?sku=2642145,pimprod2051767
https://www.ulta.com/p/glopro-face-microtip-attachment-pimprod2019391?sku=2572418,pimprod2019391
https://www.ulta.com/p/exfoliator-ii-facial-powder-exfoliator-pimprod2009937?sku=2556595,pimprod2009937
https://www.ulta.com/p/hello-kitty-50-macaron-lip-balm-duo-pimprod2045527?sku=2625789,pimprod2045527
https://www.ulta.com/p/bulgarian-rose-farm-face-sheet-masks-pimprod2032637?sku=2598139,pimprod2032637
https://www.ulta.com/p/beta-panthenol-repair-serum-pimprod2051827?sku=2641835,pimprod2051827
https://www.ulta.com/p/matte-touch-up-oil-control-roller-pimprod2043766?sku=2618595,pimprod2043766
https://www.ulta.com/p/aha-bha-pha-14-days-super-miracle-spot-all-kill-cream-pimprod2051825?sku=2641775,pimprod2051825
https://www.ulta.com/p/little-twin-stars-angel-baby-skin-hydrocolloid-blemish-patches-pimprod2039078?sku=2609570,pimprod2039078
https://www.ulta.com/p/pore-cleansing-balm-pha-pimprod2007173?sku=2551559,pimprod2007173
https://www.ulta.com/p/house-of-glow-at-home-facial-gift-set-pimprod2047117?sku=2630153,pimprod2047117
https://www.ulta.com/p/buns-of-glowry-tighten-glow-butt-serum-pimprod2004162?sku=2555588,pimprod2004162
https://www.ulta.com/p/travel-size-multi-miracle-glow-cleansing-balm-pimprod2043338?sku=2619485,pimprod2043338
https://www.ulta.com/p/ultra-thin-spot-cover-patch-pimprod2052158?sku=2641340,pimprod2052158
https://www.ulta.com/p/mini-regenerist-collagen-peptide-24-hydrating-moisturizer-pimprod2038409?sku=2607758,pimprod2038409
https://www.ulta.com/p/ready-set-refresh-3pc-facial-mist-set-pimprod2012304?sku=2559784,pimprod2012304
https://www.ulta.com/p/mini-honey-milk-hydrating-essence-pimprod2051806?sku=2641204,pimprod2051806
https://www.ulta.com/p/plantfusion-softening-hand-body-lotion-with-phyto-powered-complex-pimprod2043952?sku=2620959,pimprod2043952
https://www.ulta.com/p/pain-relief-roll-on-cramps-pimprod2051246?sku=2641037,pimprod2051246
https://www.ulta.com/p/clean-pro-smart-facial-cleansing-device-pimprod2007134?sku=2551077,pimprod2007134
https://www.ulta.com/p/hypoallergenic-clean-correction-barrier-repair-nourishing-moisturizer-pimprod2042846?sku=2621314,pimprod2042846
https://www.ulta.com/p/original-skin-retexturizing-mask-pimprod2050075?sku=2635391,pimprod2050075
https://www.ulta.com/p/pink-eyesurance-anti-fatigue-cooling-under-eye-balm-rosa-canina-fruit-oil-extract-pimprod2014269?sku=2564798,pimprod2014269
https://www.ulta.com/p/glow-up-skin-animated-unicorn-face-mask-pimprod2037786?sku=2608210,pimprod2037786
https://www.ulta.com/p/pretinol-cream-smoothing-fine-lines-pimprod2036724?sku=2606020,pimprod2036724
https://www.ulta.com/p/even-true-pha-bha-exfoliating-toner-pimprod2037507?sku=2608007,pimprod2037507
https://www.ulta.com/p/black-tea-instant-perfecting-mask-pimprod2051896?sku=2641152,pimprod2051896
https://www.ulta.com/p/even-true-pore-refining-gel-cleanser-pimprod2037511?sku=2608011,pimprod2037511
https://www.ulta.com/p/party-peel-at-home-chemical-peel-pimprod2011280?sku=2605886,pimprod2011280
https://www.ulta.com/p/vanishing-cream-moisturizer-pimprod2047327?sku=2631541,pimprod2047327
https://www.ulta.com/p/cooling-hydra-de-puffer-stick-eyes-face-pimprod2043771?sku=2620745,pimprod2043771
https://www.ulta.com/p/eight-hour-hydraplay-skin-perfecting-daily-moisturizer-pimprod2043991?sku=2623966,pimprod2043991
https://www.ulta.com/p/ryan-call-me-bright-printed-essence-sheet-mask-pimprod2037820?sku=2608217,pimprod2037820
https://www.ulta.com/p/r-r-gel-creme-pimprod2035002?sku=2601918,pimprod2035002
https://www.ulta.com/p/eye-want-it-all-face-eye-rejuvenation-set-pimprod2027270?sku=2587691,pimprod2027270
https://www.ulta.com/p/wrinkle-smooth-topical-peptide-face-treatment-pimprod2010409?sku=2554734,pimprod2010409
https://www.ulta.com/p/stand-firm-argireline-nemeko-mushroom-ageless-revitalizing-firming-cream-pimprod2035914?sku=2602893,pimprod2035914
https://www.ulta.com/p/color-reedle-shot-starter-stick-kit-pimprod2052090?sku=2640447,pimprod2052090
https://www.ulta.com/p/rose-cream-cleanser-with-rose-chamomile-flower-pimprod2013444?sku=2562262,pimprod2013444
https://www.ulta.com/p/saturn-sulfur-spot-treatment-mask-pimprod2017719?sku=2568352,pimprod2017719
https://www.ulta.com/p/acne-solutions-clinical-advanced-clearing-gel-with-salicylic-acid-pimprod2052757?sku=2640495,pimprod2052757
https://www.ulta.com/p/work-hard-rest-hard-bt21-chimmy-hydrogel-under-eye-patches-pimprod2030875?sku=2591897,pimprod2030875
https://www.ulta.com/p/24k-gold-mineral-mud-mask-pimprod2004002?sku=2542484,pimprod2004002
https://www.ulta.com/p/protect-perfect-intense-advanced-dual-action-cleansing-water-pimprod2026472?sku=2584194,pimprod2026472
https://www.ulta.com/p/post-acne-dark-mark-relief-treatment-pimprod2035543?sku=2580424,pimprod2035543
https://www.ulta.com/p/birch-juice-moisturizing-serum-pimprod2049658?sku=2636337,pimprod2049658
https://www.ulta.com/p/clarity-blemish-stickers-with-salicylic-acid-cica-pimprod2040256?sku=2612371,pimprod2040256
https://www.ulta.com/p/sea-minerals-hydration-happy-moisturizing-face-mist-pimprod2012298?sku=2559726,pimprod2012298
https://www.ulta.com/p/olive-virgin-oil-facial-moisturizer-pimprod2004244?sku=2544324,pimprod2004244
https://www.ulta.com/p/your-anti-aging-moisturizing-face-eye-cream-duo-pimprod2045274?sku=2626170,pimprod2045274
https://www.ulta.com/p/even-true-deep-treatment-brightening-scrub-pimprod2037505?sku=2608005,pimprod2037505
https://www.ulta.com/p/be-clear-skin-purifying-propolis-drops-pimprod2023586?sku=2580299,pimprod2023586
https://www.ulta.com/p/3d-teddy-headyband-be-hoppy-pimprod2044155?sku=2622609,pimprod2044155
https://www.ulta.com/p/lovezit-anytime-acne-pimple-patches-pimprod2037884?sku=2609507,pimprod2037884
https://www.ulta.com/p/brightening-booster-vitamin-c-pimprod2051859?sku=2641198,pimprod2051859
https://www.ulta.com/p/bubble-sheet-mask-pimprod2024901?sku=2583227,pimprod2024901
https://www.ulta.com/p/mega-c-30-vitamin-c-brightening-facial-pimprod2038899?sku=2611345,pimprod2038899
https://www.ulta.com/p/n-28-lip-treatment-oil-pimprod2020466?sku=2576212,pimprod2020466
https://www.ulta.com/p/ocean-salt-face-body-scrub-pimprod2047347?sku=2631588,pimprod2047347
https://www.ulta.com/p/mini-santorini-grape-velvet-skin-drink-pimprod2048143?sku=2631886,pimprod2048143
https://www.ulta.com/p/daily-dew-instant-hydration-serum-pimprod2027525?sku=2587355,pimprod2027525
https://www.ulta.com/p/beta-panthenol-repair-toner-pimprod2051821?sku=2641785,pimprod2051821
https://www.ulta.com/p/baby-moisturizing-cream-gentle-moisturizer-sensitive-skin-eczema-prone-skin-pimprod2048029?sku=2632440,pimprod2048029
https://www.ulta.com/p/ultra-low-molecular-hyalutonic-acid-serum-pimprod2049652?sku=2636346,pimprod2049652
https://www.ulta.com/p/brillianc-c-glow-24h-multi-balm-pimprod2037782?sku=2605499,pimprod2037782
https://www.ulta.com/p/proactivclean-acne-clearing-hydrator-pimprod2039656?sku=2600524,pimprod2039656
https://www.ulta.com/p/kuromi-hydrogel-under-eye-patches-pimprod2043045?sku=2619626,pimprod2043045
https://www.ulta.com/p/turmeric-brightening-polish-with-oatmeal-vitamin-e-pimprod2042539?sku=2619020,pimprod2042539
https://www.ulta.com/p/glycolic-perfecting-night-moisturizer-pimprod2010407?sku=2554733,pimprod2010407
https://www.ulta.com/p/collagen-moisture-filler-moisturizer-broad-spectrum-spf-30-pimprod2047682?sku=2631560,pimprod2047682
https://www.ulta.com/p/aha-bha-pha-30-days-miracle-acne-cleansing-foam-pimprod2051831?sku=2641549,pimprod2051831
https://www.ulta.com/p/clear-days-ahead-trial-set-pimprod2006449?sku=2544316,pimprod2006449
https://www.ulta.com/p/milk-peel-cleansing-balm-pimprod2013642?sku=2563425,pimprod2013642
https://www.ulta.com/p/beautyprep-hyaluronic-serum-pimprod2004115?sku=2545151,pimprod2004115
https://www.ulta.com/p/plantscription-youth-boosting-face-essence-with-anogeissus-peptide-pimprod2049904?sku=2635327,pimprod2049904
https://www.ulta.com/p/hydration-heroes-pimprod2048758?sku=2633152,pimprod2048758
https://www.ulta.com/p/equilibrium-restoring-essence-pimprod2043777?sku=2623380,pimprod2043777
https://www.ulta.com/p/travel-size-stem-cellular-anti-wrinkle-moisturizer-pimprod2044146?sku=2624244,pimprod2044146
https://www.ulta.com/p/bright-this-way-247-retinol-eye-cream-pimprod2039717?sku=2613727,pimprod2039717
https://www.ulta.com/p/72-hour-supercharged-hydrating-water-cream-pimprod2052197?sku=2642496,pimprod2052197
https://www.ulta.com/p/olive-virgin-oil-essential-cream-pimprod2011586?sku=2558430,pimprod2011586
https://www.ulta.com/p/c-vit-undereye-brightener-with-ferulic-acid-caffeine-pimprod2021694?sku=2576879,pimprod2021694
https://www.ulta.com/p/peptide-30-radiance-recovery-night-cream-pimprod2023649?sku=2580908,pimprod2023649
https://www.ulta.com/p/soothing-sandalwood-aloe-vera-skincare-heroes-set-pimprod2024271?sku=2582523,pimprod2024271
https://www.ulta.com/p/brightening-plumping-skin-serum-pimprod2037508?sku=2608008,pimprod2037508
https://www.ulta.com/p/green-apple-101-ointment-multi-balm-pimprod2020611?sku=2575143,pimprod2020611
https://www.ulta.com/p/lifeguard-cooling-aloe-gel-pimprod2048764?sku=2632405,pimprod2048764
https://www.ulta.com/p/daily-blemish-repairing-moisturizer-pimprod2037902?sku=2607988,pimprod2037902
https://www.ulta.com/p/mini-black-tea-instant-perfecting-mask-pimprod2051897?sku=2641153,pimprod2051897
https://www.ulta.com/p/mini-superfood-glow-priming-moisturiser-pimprod2038088?sku=2604194,pimprod2038088
https://www.ulta.com/p/instant-magic-facial-dry-sheet-mask-pimprod2043317?sku=2619469,pimprod2043317
https://www.ulta.com/p/smoothing-resurfacing-mask-pimprod2040373?sku=2612734,pimprod2040373
https://www.ulta.com/p/equilibrium-rebalancing-cream-cleanser-pimprod2043776?sku=2623379,pimprod2043776
https://www.ulta.com/p/bright-this-way-triple-active-retinol-cream-pimprod2039708?sku=2613317,pimprod2039708
https://www.ulta.com/p/travel-size-potato-peel-rapid-resurfacing-milk-facial-pimprod2040186?sku=2613247,pimprod2040186
https://www.ulta.com/p/all-body-butter-pimprod2036957?sku=2607874,pimprod2036957
https://www.ulta.com/p/yaupon-tea-glow-awakening-moisturizer-pimprod2027242?sku=2587699,pimprod2027242
https://www.ulta.com/p/miracle-patch-microcrystal-spot-cover-pimprod2046992?sku=2629922,pimprod2046992
https://www.ulta.com/p/pro-vitab3-serum-burst-lotion-pimprod2048305?sku=2633483,pimprod2048305
https://www.ulta.com/p/grandebuff-moisturizing-lip-scrub-pimprod2031805?sku=2596475,pimprod2031805
https://www.ulta.com/p/berry-oxygen-mask-with-glycolic-acid-pimprod2036485?sku=2606282,pimprod2036485
https://www.ulta.com/p/hydra-vibes-10-hyaluronic-acid-serum-pimprod2042843?sku=2618241,pimprod2042843
https://www.ulta.com/p/perfect-nights-sleep-intensive-skin-treatment-candle-pimprod2048906?sku=2632860,pimprod2048906
https://www.ulta.com/p/microderm-instant-glow-exfoliator-pimprod2052198?sku=2642497,pimprod2052198
https://www.ulta.com/p/we-occlusive-intense-overnight-moisturizer-pimprod2031847?sku=2596508,pimprod2031847
https://www.ulta.com/p/delikate-recovery-serum-pimprod2015716?sku=2566768,pimprod2015716
https://www.ulta.com/p/i-do-crew-bridesmaid-self-care-facial-kit-pimprod2052465?sku=2643198,pimprod2052465
https://www.ulta.com/p/reusable-silicone-lip-line-mask-pimprod2030885?sku=2592000,pimprod2030885
https://www.ulta.com/p/treat-my-lips-sugar-melting-exfoliating-balm-pimprod2017298?sku=2567659,pimprod2017298
https://www.ulta.com/p/dewy-canvas-prep-moisturizer-primer-pimprod2022754?sku=2579579,pimprod2022754
https://www.ulta.com/p/retinol-youth-renewal-eye-mask-single-pimprod2032434?sku=2594976,pimprod2032434
https://www.ulta.com/p/vital-perfection-uplifting-firming-advanced-cream-pimprod2044271?sku=2624758,pimprod2044271
https://www.ulta.com/p/watermelon-melting-balm-facial-cleanser-pimprod2012660?sku=2561579,pimprod2012660
https://www.ulta.com/p/snow-mushroom-water-serum-with-peptides-vitamin-c-pimprod2035903?sku=2602217,pimprod2035903
https://www.ulta.com/p/acai-your-boobies-boob-serum-pimprod2017268?sku=2568005,pimprod2017268
https://www.ulta.com/p/kakadu-clean-cleansing-gel-pimprod2050535?sku=2636701,pimprod2050535
https://www.ulta.com/p/luminous-aqua-sun-mist-spf-30-pimprod2049640?sku=2634912,pimprod2049640
https://www.ulta.com/p/rice-toner-pad-pimprod2051776?sku=2642154,pimprod2051776
https://www.ulta.com/p/mugwort-cream-pimprod2051774?sku=2642152,pimprod2051774
https://www.ulta.com/p/travel-essentials-kit-pimprod2048482?sku=2632259,pimprod2048482
https://www.ulta.com/p/skin-hero-peeling-pimprod2044588?sku=2624328,pimprod2044588
https://www.ulta.com/p/bt21-universtars-world-printed-essence-sheet-mask-pimprod2023964?sku=2581085,pimprod2023964
https://www.ulta.com/p/lip-nurture-hydrating-balm-pimprod2032230?sku=2596582,pimprod2032230
https://www.ulta.com/p/equilibrium-restorative-hydrating-cream-pimprod2043778?sku=2623381,pimprod2043778
https://www.ulta.com/p/equilibrium-biomimetic-skin-active-serum-pimprod2043779?sku=2623382,pimprod2043779
https://www.ulta.com/p/rice-whip-facial-cleanser-pimprod2051764?sku=2642142,pimprod2051764
https://www.ulta.com/p/bright-this-way-dark-spots-no-more-triple-acid-spot-minimizing-concentrate-pimprod2039664?sku=2613315,pimprod2039664
https://www.ulta.com/p/reti-a-reedle-shot-100-pimprod2051962?sku=2640445,pimprod2051962
https://www.ulta.com/p/aha-bha-pha-30-days-miracle-serum-pimprod2051780?sku=2641259,pimprod2051780
https://www.ulta.com/p/heating-patch-menstrual-cramps-pimprod2051245?sku=2641036,pimprod2051245
https://www.ulta.com/p/aloe-vera-leaf-face-body-bar-soap-pimprod2041906?sku=2611641,pimprod2041906
https://www.ulta.com/p/1000-roses-biome-balancing-day-cream-pimprod2038721?sku=2610079,pimprod2038721
https://www.ulta.com/p/soonjung-panthensoside-sheet-mask-pimprod2049668?sku=2636351,pimprod2049668
https://www.ulta.com/p/brightwave-vitamin-c-face-serum-eye-cream-duo-pimprod2043862?sku=2621050,pimprod2043862
https://www.ulta.com/p/retinol-intense-reactivating-mask-pimprod2051823?sku=2641701,pimprod2051823
https://www.ulta.com/p/regular-organic-cotton-cover-pads-with-wings-pimprod2051248?sku=2641039,pimprod2051248
https://www.ulta.com/p/pear-101-ointment-multi-balm-pimprod2020612?sku=2575144,pimprod2020612
https://www.ulta.com/p/travel-size-face-lotion-pouch-pimprod2025077?sku=2583248,pimprod2025077
https://www.ulta.com/p/lip-scrub-coconutter-pimprod2044423?sku=2621732,pimprod2044423
https://www.ulta.com/p/panda-headband-pimprod2042844?sku=2618242,pimprod2042844
https://www.ulta.com/p/travel-size-maracuja-c-brighter-eye-treatment-pimprod2009766?sku=2554636,pimprod2009766
https://www.ulta.com/p/dark-spot-correcting-gel-cream-pimprod2049792?sku=2634781,pimprod2049792
https://www.ulta.com/p/face-sculptor-beauty-roller-pimprod2011671?sku=2558208,pimprod2011671
https://www.ulta.com/p/retinol-jasmine-lotion-smoothing-moistuizer-pimprod2013451?sku=2562268,pimprod2013451
https://www.ulta.com/p/neovadiol-peri-menopause-day-cream-pimprod2037117?sku=2608259,pimprod2037117
https://www.ulta.com/p/cats-purrfect-brightening-eye-mask-pimprod2011736?sku=2559578,pimprod2011736
https://www.ulta.com/p/hit-reset-moisturizing-mask-pearls-pimprod2021172?sku=2576336,pimprod2021172
https://www.ulta.com/p/yuza-sorbet-night-vitamin-c-night-cream-pimprod2017861?sku=2571595,pimprod2017861
https://www.ulta.com/p/9021-glow-fresh-start-moisturizer-pimprod2022595?sku=2580046,pimprod2022595
https://www.ulta.com/p/look-into-my-eyes-retinol-propolis-eye-mask-pimprod2001979?sku=2538769,pimprod2001979
https://www.ulta.com/p/ginseng-eucalyptus-under-eye-masks-pimprod2024918?sku=2583228,pimprod2024918
https://www.ulta.com/p/hello-kitty-klean-beauty-pink-water-creme-pimprod2037819?sku=2608215,pimprod2037819
https://www.ulta.com/p/vitamin-c-brightening-drops-pimprod2017430?sku=2569062,pimprod2017430
https://www.ulta.com/p/bio-tint-spf-30-tinted-moisturizer-pimprod2008564?sku=2553283,pimprod2008564
https://www.ulta.com/p/cannon-balm-140-degrees-tactical-lip-protectant-pimprod2002326?sku=2540511,pimprod2002326
https://www.ulta.com/p/soothing-toning-lotion-with-chamomile-pimprod2043939?sku=2620961,pimprod2043939
https://www.ulta.com/p/pore-cleansing-oil-bha-pimprod2007172?sku=2551558,pimprod2007172
https://www.ulta.com/p/baby-bum-mineral-spf-50-roll-on-sunscreen-pimprod2049289?sku=2635075,pimprod2049289
https://www.ulta.com/p/milk-peel-shot-mask-pimprod2022422?sku=2579204,pimprod2022422
https://www.ulta.com/p/absolue-rose-80-micro-diffusion-in-emulsion-pimprod2048730?sku=2630546,pimprod2048730
https://www.ulta.com/p/hydropure-color-correcting-serum-with-hyaluronic-acid-coq10-pimprod2040030?sku=2614127,pimprod2040030
https://www.ulta.com/p/pampered-porefessional-unwind-gift-set-pimprod2051511?sku=2637385,pimprod2051511
https://www.ulta.com/p/hydra-vibes-8-hyaluroinc-acid-moisturizer-pimprod2043529?sku=2619902,pimprod2043529
https://www.ulta.com/p/goat-milk-toner-pimprod2050474?sku=2637165,pimprod2050474
https://www.ulta.com/p/eod-cleansing-oil-pimprod2052044?sku=2641676,pimprod2052044
https://www.ulta.com/p/rose-renewal-tri-peptide-ceramide-moisturizer-pimprod2036489?sku=2606286,pimprod2036489
https://www.ulta.com/p/plum-peptide-booster-2000s-pimprod2052317?sku=2643245,pimprod2052317
https://www.ulta.com/p/id-stress-fatigue-fighting-eye-gel-pimprod2039697?sku=2613324,pimprod2039697
https://www.ulta.com/p/beekman-1802-x-wicked-thank-oz-blemish-patches-pimprod2047899?sku=2629712,pimprod2047899
https://www.ulta.com/p/squalane-lightweight-facial-oil-pimprod2006510?sku=2550372,pimprod2006510
https://www.ulta.com/p/eczema-therapy-skin-relief-cream-pimprod2041048?sku=2612730,pimprod2041048
https://www.ulta.com/p/light-reflecting-moisturizer-pimprod2030388?sku=2591151,pimprod2030388
https://www.ulta.com/p/find-light-set-pimprod2047583?sku=2631944,pimprod2047583
https://www.ulta.com/p/sandalwood-sage-soothing-face-wash-pimprod2023636?sku=2580899,pimprod2023636
https://www.ulta.com/p/travel-size-everyday-gradual-tanning-milk-pimprod2019959?sku=2572268,pimprod2019959
https://www.ulta.com/p/vita-c-brightening-eye-cream-pimprod2052203?sku=2642501,pimprod2052203
https://www.ulta.com/p/travel-size-cc-water-with-hyaluronic-acid-pimprod2025144?sku=2579783,pimprod2025144
https://www.ulta.com/p/prep-n-glow-facial-towelettes-pimprod2051856?sku=2642253,pimprod2051856
https://www.ulta.com/p/hydra-beauty-micro-serum-rebalancing-replenishing-hydration-pimprod2051972?sku=2639345,pimprod2051972
https://www.ulta.com/p/eye-lip-makeup-remover-purifying-nymphea-bi-phase-makeup-remover-pimprod2045584?sku=2625454,pimprod2045584
https://www.ulta.com/p/needles-no-more-neck-tightening-cream-pimprod2039704?sku=2613321,pimprod2039704
https://www.ulta.com/p/centella-cleansing-balm-pimprod2034067?sku=2599502,pimprod2034067
https://www.ulta.com/p/boost-it-up-honey-hyaluronic-acid-rich-moisturizer-pimprod2028101?sku=2589104,pimprod2028101
https://www.ulta.com/p/dewy-barrier-hydrating-stick-pimprod2043594?sku=2620590,pimprod2043594
https://www.ulta.com/p/in-ceramide-daily-moisture-cream-pimprod2025521?sku=2583934,pimprod2025521
https://www.ulta.com/p/retinol-ceramide-line-erasing-eye-cream-pimprod2030132?sku=2589793,pimprod2030132
https://www.ulta.com/p/plant-elixir-replenishing-botanical-facial-oil-pimprod2029177?sku=2589348,pimprod2029177
https://www.ulta.com/p/overnight-organic-cotton-cover-pads-with-wings-pimprod2051247?sku=2641038,pimprod2051247
https://www.ulta.com/p/osmoter-concentrate-hydrating-cream-pimprod2014604?sku=2561203,pimprod2014604
https://www.ulta.com/p/r-r-cleanser-pimprod2035003?sku=2601919,pimprod2035003
https://www.ulta.com/p/hydraluron-moisture-serum-dehydrated-skin-pimprod2006513?sku=2550378,pimprod2006513
https://www.ulta.com/p/wrinkle-blur-bakuchiol-eye-gel-creme-pimprod2042316?sku=2617562,pimprod2042316
https://www.ulta.com/p/beta-panthenol-repair-gel-cleanser-pimprod2051826?sku=2641834,pimprod2051826
https://www.ulta.com/p/sweet-berry-lip-mask-pimprod2030841?sku=2591311,pimprod2030841
https://www.ulta.com/p/hydra-vibes-3-hyaluronic-acid-cleanser-pimprod2043528?sku=2619901,pimprod2043528
https://www.ulta.com/p/bamboo-matte-lotion-pimprod2031665?sku=2593539,pimprod2031665
https://www.ulta.com/p/max-mineral-tinted-sunscreen-broad-spectrum-spf-45-pimprod2024035?sku=2579755,pimprod2024035
https://www.ulta.com/p/n1-de-chanel-serum-in-mist-pimprod2029939?sku=2589595,pimprod2029939
https://www.ulta.com/p/skin-firming-antioxidant-cleanser-pimprod2021438?sku=2577568,pimprod2021438
https://www.ulta.com/p/solabiome-hydrating-gel-cleanser-pimprod2037916?sku=2608658,pimprod2037916
https://www.ulta.com/p/cloudberry-exfoliating-jelly-cleanser-pimprod2052202?sku=2642500,pimprod2052202
https://www.ulta.com/p/hydra-beauty-nourishing-lip-care-pimprod2029967?sku=2565362,pimprod2029967
https://www.ulta.com/p/pepta-bright-ii-even-skin-tone-enhancer-pimprod2045022?sku=2625674,pimprod2045022
https://www.ulta.com/p/hydraluron-volumising-lip-treatment-pimprod2006901?sku=2551507,pimprod2006901
https://www.ulta.com/p/body-glaze-essence-sunscreen-spf-30-pimprod2049639?sku=2634910,pimprod2049639
https://www.ulta.com/p/cold-plasma-plus-intensive-hydrating-complex-pimprod2022860?sku=2589106,pimprod2022860
https://www.ulta.com/p/sculptor-firming-body-cream-pimprod2028745?sku=2590391,pimprod2028745
https://www.ulta.com/p/cold-plasma-plus-daily-detox-cleanser-pimprod2049779?sku=2637276,pimprod2049779
https://www.ulta.com/p/fab-pharma-bha-acne-spot-treatment-pimprod2017302?sku=2569407,pimprod2017302
https://www.ulta.com/p/kakao-friends-call-me-youthful-printed-essence-sheet-mask-pimprod2037822?sku=2608219,pimprod2037822
https://www.ulta.com/p/hydraluron-moisture-jelly-with-hyaluronic-acid-patch2o-pimprod2026893?sku=2577890,pimprod2026893
https://www.ulta.com/p/regenerist-retinol24-max-night-serum-pimprod2018845?sku=2572625,pimprod2018845
https://www.ulta.com/p/super-smoothie-serum-pimprod2050120?sku=2634866,pimprod2050120
https://www.ulta.com/p/gentle-gel-cleanser-pimprod2015199?sku=2600718,pimprod2015199
https://www.ulta.com/p/1-vitamin-a-retinol-serum-pimprod2051802?sku=2641250,pimprod2051802
https://www.ulta.com/p/pout-pleaser-lip-mask-pimprod2043051?sku=2619043,pimprod2043051
https://www.ulta.com/p/hello-kitty-50-plumping-hydrogel-lip-patch-pimprod2045525?sku=2625791,pimprod2045525
https://www.ulta.com/p/travel-size-la-creme-fragrance-free-all-in-one-daily-moisturizer-pimprod2045766?sku=2628681,pimprod2045766
https://www.ulta.com/p/vegan-ceramide-hydration-under-eye-smile-line-jelly-patches-pimprod2029806?sku=2590090,pimprod2029806
https://www.ulta.com/p/super-collagen-cream-moisturizer-pimprod2007565?sku=2553314,pimprod2007565
https://www.ulta.com/p/kateceuticals-firming-serum-pimprod2022953?sku=2579674,pimprod2022953
https://www.ulta.com/p/soothing-feminine-wipes-pimprod2051250?sku=2641041,pimprod2051250
https://www.ulta.com/p/beige-eyesurance-anti-fatigue-cooling-under-eye-balm-persea-avocado-oil-extract-pimprod2014396?sku=2565312,pimprod2014396
https://www.ulta.com/p/moodpatch-chill-mode-soothing-eye-gels-pimprod2014649?sku=2562993,pimprod2014649
https://www.ulta.com/p/acne-body-wash-with-salicylic-acid-pimprod2024081?sku=2580421,pimprod2024081
https://www.ulta.com/p/hydrogel-eye-mask-with-multi-hyaluronic-acid-pimprod2040375?sku=2612744,pimprod2040375
https://www.ulta.com/p/milk-peel-gentle-exfoliating-toner-pimprod2042677?sku=2617286,pimprod2042677
https://www.ulta.com/p/australian-blue-cypress-face-nectar-pimprod2029273?sku=2588772,pimprod2029273
https://www.ulta.com/p/delikate-soothing-cleanser-pimprod2015720?sku=2566770,pimprod2015720
https://www.ulta.com/p/ferulic-brew-antioxidant-facial-treatment-with-lactic-acid-pimprod2036538?sku=2606201,pimprod2036538
https://www.ulta.com/p/sailor-moon-guardian-cutie-hydrogel-under-eye-patches-pimprod2046974?sku=2629545,pimprod2046974
https://www.ulta.com/p/mini-icons-cult-classic-travel-bundle-pimprod2043983?sku=2623459,pimprod2043983
https://www.ulta.com/p/ccc-clean-corrective-with-vitamin-c-tinted-moisturizer-spf-30-pimprod2017865?sku=2587582,pimprod2017865
https://www.ulta.com/p/mini-black-tea-instant-perfecting-mask-pimprod2039118?sku=2610221,pimprod2039118
https://www.ulta.com/p/cold-plasma-plus-power-duo-pimprod2030711?sku=2594712,pimprod2030711
https://www.ulta.com/p/mini-hope-in-a-jar-water-cream-hyaluronic-glow-moisturizer-pimprod2038084?sku=2589226,pimprod2038084
https://www.ulta.com/p/r-r-sun-creme-spf-50-moisturizer-pimprod2040636?sku=2615857,pimprod2040636
https://www.ulta.com/p/glopro-eye-microtip-attachment-pimprod2019612?sku=2574112,pimprod2019612
https://www.ulta.com/p/tbt-reviving-set-pimprod2050326?sku=2637750,pimprod2050326
https://www.ulta.com/p/glopro-cryo-roller-attachment-duo-pimprod2019614?sku=2574113,pimprod2019614
https://www.ulta.com/p/lit-skin-prep-serum-pimprod2050475?sku=2637166,pimprod2050475
https://www.ulta.com/p/mini-superfood-facial-wash-pimprod2038090?sku=2604241,pimprod2038090
https://www.ulta.com/p/nudeskin-5-citrus-fruit-glycolic-glow-toner-pimprod2019587?sku=2571980,pimprod2019587
https://www.ulta.com/p/hyaluronic-acid-water-essense-pimprod2049653?sku=2636331,pimprod2049653
https://www.ulta.com/p/skin-rhythm-balancing-clearing-cleanser-pimprod2045126?sku=2625782,pimprod2045126
https://www.ulta.com/p/brightening-turmeric-radiance-facial-wash-pimprod2023639?sku=2580867,pimprod2023639
https://www.ulta.com/p/clean-pro-ob-smart-facial-cleansing-device-pimprod2014159?sku=2564712,pimprod2014159
https://www.ulta.com/p/skin-nutrition-detoxifying-power-mask-pimprod2038098?sku=2607192,pimprod2038098
https://www.ulta.com/p/95-aloe-vera-soothing-gel-pimprod2014782?sku=2561891,pimprod2014782
https://www.ulta.com/p/body-trio-kit-black-gold-pimprod2025815?sku=2585294,pimprod2025815
https://www.ulta.com/p/simply-ageless-skin-eye-lift-serum-pimprod2016935?sku=2566116,pimprod2016935
https://www.ulta.com/p/liftactiv-ha-anti-wrinkle-firming-fragrance-free-cream-pimprod2043666?sku=2622132,pimprod2043666
https://www.ulta.com/p/glow-up-bubbles-illuminating-bubbling-sheet-mask-pimprod2036128?sku=2605512,pimprod2036128
https://www.ulta.com/p/simply-ageless-blurring-serum-pimprod2016932?sku=2566113,pimprod2016932
https://www.ulta.com/p/bear-essential-facial-cleansing-firming-massager-pimprod2037816?sku=2608214,pimprod2037816
https://www.ulta.com/p/hyaluron-skin-essence-pimprod2007174?sku=2550228,pimprod2007174
https://www.ulta.com/p/pms-cramp-bloat-supplement-pimprod2051243?sku=2641035,pimprod2051243
https://www.ulta.com/p/divine-skin-rose-001-hydrating-glow-cream-pimprod2051256?sku=2639548,pimprod2051256
https://www.ulta.com/p/sensitive-mineral-sunscreen-spray-spf-50-pimprod2043671?sku=2621975,pimprod2043671
https://www.ulta.com/p/hydrating-ceramide-booster-pimprod2050240?sku=2635178,pimprod2050240
https://www.ulta.com/p/how-do-eye-look-bright-galaxy-hydrogel-under-eye-patches-pimprod2037780?sku=2605497,pimprod2037780
https://www.ulta.com/p/calm-restore-sandalwood-aloe-vera-soothing-day-cream-pimprod2023640?sku=2580901,pimprod2023640
https://www.ulta.com/p/xo-kissy-lip-set-pimprod2049422?sku=2632904,pimprod2049422
https://www.ulta.com/p/puffy-eyes-biocellulose-under-eye-patches-pimprod2037908?sku=2607989,pimprod2037908
https://www.ulta.com/p/wake-up-glo-revitalizing-face-mist-pimprod2012318?sku=2559729,pimprod2012318
https://www.ulta.com/p/power-up-skin-animated-alien-face-mask-power-of-greens-pimprod2037815?sku=2608213,pimprod2037815
https://www.ulta.com/p/eight-hour-hydraplay-gift-set-pimprod2048739?sku=2632914,pimprod2048739
https://www.ulta.com/p/melt-moisturize-kit-pimprod2051796?sku=2641311,pimprod2051796
https://www.ulta.com/p/real-luxury-intensive-skin-treatment-candle-pimprod2048910?sku=2633269,pimprod2048910
https://www.ulta.com/p/solabiome-refreshing-jelly-mist-toner-pimprod2037917?sku=2608659,pimprod2037917
https://www.ulta.com/p/daily-detox-foaming-cleanser-pimprod2052204?sku=2642502,pimprod2052204
https://www.ulta.com/p/granderevive-brightening-eye-cream-with-wrinkle-defense-pimprod2028137?sku=2587555,pimprod2028137
https://www.ulta.com/p/beautyprep-face-toner-pimprod2004106?sku=2545043,pimprod2004106
https://www.ulta.com/p/hyaluronic-acid-serum-pimprod2019292?sku=2573683,pimprod2019292
https://www.ulta.com/p/you-make-my-day-lip-butter-pimprod2051389?sku=2635683,pimprod2051389
https://www.ulta.com/p/clarifying-gel-cream-pimprod2032590?sku=2595373,pimprod2032590
https://www.ulta.com/p/apothecary-wild-rose-spotless-serum-with-15-vitamin-super-c-pimprod2039614?sku=2613129,pimprod2039614
https://www.ulta.com/p/clear-spot-patch-pimprod2051824?sku=2641703,pimprod2051824
https://www.ulta.com/p/nourishing-sleep-mask-pimprod2040374?sku=2612735,pimprod2040374
https://www.ulta.com/p/calendula-serum-infused-water-cream-pimprod2006354?sku=2545850,pimprod2006354
https://www.ulta.com/p/cosmetic-lad-moisturizer-pimprod2047328?sku=2631542,pimprod2047328
https://www.ulta.com/p/purete-thermale-mineral-micellar-water-sensitive-skin-pimprod2004937?sku=2546401,pimprod2004937
https://www.ulta.com/p/glow-baby-brightening-peel-pads-10-aha-bha-pimprod2020688?sku=2573850,pimprod2020688
https://www.ulta.com/p/rice-whip-facial-cleanser-set-pimprod2051775?sku=2642153,pimprod2051775
https://www.ulta.com/p/yuza-sorbet-eye-radiance-eye-serum-pimprod2044590?sku=2624410,pimprod2044590
https://www.ulta.com/p/melting-touch-lip-balm-pimprod2040390?sku=2614656,pimprod2040390
https://www.ulta.com/p/clear-skin-spf-30-face-sunscreen-pimprod2033282?sku=2595005,pimprod2033282
https://www.ulta.com/p/pink-peptide-boost-growth-factor-serum-pimprod2038421?sku=2610167,pimprod2038421
https://www.ulta.com/p/lip-scrub-strawberry-pimprod2044424?sku=2621733,pimprod2044424
https://www.ulta.com/p/mini-brighten-up-3-txa-dark-spot-toner-pimprod2052137?sku=2641203,pimprod2052137
https://www.ulta.com/p/sensitive-soothing-moisturizer-cream-pimprod2041043?sku=2612729,pimprod2041043
https://www.ulta.com/p/vitamin-c-glow-capsule-lotion-pimprod2022906?sku=2577465,pimprod2022906
https://www.ulta.com/p/anti-wrinkle-retinol-eye-treatment-pimprod2017301?sku=2569277,pimprod2017301
https://www.ulta.com/p/leau-de-mousse-anti-pollution-water-foam-cleanser-pimprod2033949?sku=2585258,pimprod2033949
https://www.ulta.com/p/hydraluron-cream-cleanser-all-skin-types-pimprod2017431?sku=2569066,pimprod2017431
https://www.ulta.com/p/beta-panthenol-repair-cream-pimprod2051828?sku=2641833,pimprod2051828
https://www.ulta.com/p/vitamin-c24-22-2-vitamin-c-cream-pimprod2006509?sku=2550375,pimprod2006509
https://www.ulta.com/p/chill-mo-mint-soothing-cooling-wash-off-mask-pimprod2046066?sku=2626233,pimprod2046066
https://www.ulta.com/p/r-r-exfoliator-pimprod2035001?sku=2601917,pimprod2035001
https://www.ulta.com/p/besame-mucho-lip-balm-pimprod2045198?sku=2626385,pimprod2045198
https://www.ulta.com/p/hyaluronic-acid-low-ph-cleansing-foam-pimprod2049650?sku=2636344,pimprod2049650
https://www.ulta.com/p/clarifique-double-treatment-essence-pimprod2047187?sku=2625266,pimprod2047187
https://www.ulta.com/p/travel-size-la-micellaire-botanical-micellar-cleansing-water-pimprod2045765?sku=2628680,pimprod2045765
https://www.ulta.com/p/ultimune-power-infusing-concentrate-mini-pimprod2029350?sku=2589228,pimprod2029350
https://www.ulta.com/p/herbal-face-tonic-pimprod2029272?sku=2588771,pimprod2029272
https://www.ulta.com/p/cleansing-brush-replacement-heads-pimprod2022905?sku=2577397,pimprod2022905
https://www.ulta.com/p/kale-detox-pore-strips-nose-blackheads-pimprod2037885?sku=2609506,pimprod2037885
https://www.ulta.com/p/ultra-facial-oil-free-lotion-pimprod2045807?sku=2628910,pimprod2045807
https://www.ulta.com/p/mini-ginzing-energizing-gel-cream-with-caffeine-niacinamide-pimprod2038069?sku=2599127,pimprod2038069
https://www.ulta.com/p/soonjung-55-foam-cleanser-pimprod2049661?sku=2636340,pimprod2049661
https://www.ulta.com/p/honestly-bright-eyes-tinted-eye-cream-pimprod2017385?sku=2570958,pimprod2017385
https://www.ulta.com/p/original-witch-hazel-astringent-pads-pimprod2006049?sku=2549561,pimprod2006049
https://www.ulta.com/p/peace-of-mind-essentials-3-piece-set-pimprod2050102?sku=2635325,pimprod2050102
https://www.ulta.com/p/bio-organic-moringa-oil-oil-balancing-booster-pimprod2042728?sku=2620787,pimprod2042728
https://www.ulta.com/p/reedle-shot-50-pimprod2051959?sku=2640413,pimprod2051959
https://www.ulta.com/p/equilibrium-resurfacing-retinoid-treatment-pimprod2043774?sku=2623377,pimprod2043774
https://www.ulta.com/p/red-pepper-pulp-gel-moisturizer-pimprod2044586?sku=2624330,pimprod2044586
https://www.ulta.com/p/green-apple-best-sellers-brightening-solutions-kit-pimprod2014531?sku=2561332,pimprod2014531
https://www.ulta.com/p/vita-cica-pore-clarity-toner-pads-pimprod2049642?sku=2634907,pimprod2049642
https://www.ulta.com/p/travel-size-brightening-cleanser-pimprod2014416?sku=2562994,pimprod2014416
https://www.ulta.com/p/skin-remedy-barrier-boosting-sheet-mask-pimprod2052452?sku=2643196,pimprod2052452
https://www.ulta.com/p/self-tanning-mist-travel-size-pimprod2043291?sku=2621970,pimprod2043291
https://www.ulta.com/p/glow-nourish-radiance-facial-oil-with-turmeric-jojoba-pimprod2023656?sku=2580868,pimprod2023656
https://www.ulta.com/p/purete-thermale-fresh-cleansing-gel-pimprod2043665?sku=2622130,pimprod2043665
https://www.ulta.com/p/green-apple-best-sellers-brightening-day-night-moisturizers-kit-pimprod2040062?sku=2612937,pimprod2040062
https://www.ulta.com/p/lighten-up-skin-animated-narwhal-face-mask-brightening-vitamin-c-pimprod2037797?sku=2608211,pimprod2037797
https://www.ulta.com/p/hibiscus-unspottable-correcting-oil-pimprod2027244?sku=2587700,pimprod2027244
https://www.ulta.com/p/rice-glow-set-pimprod2051974?sku=2643625,pimprod2051974
https://www.ulta.com/p/slip-stick-pimprod2052316?sku=2640822,pimprod2052316
https://www.ulta.com/p/even-true-blemish-control-bar-pimprod2037510?sku=2608010,pimprod2037510
https://www.ulta.com/p/birch-juice-moisturizing-toner-pimprod2049657?sku=2636336,pimprod2049657
https://www.ulta.com/p/tantalizer-body-bronzing-luminizer-pimprod2025330?sku=2585298,pimprod2025330
https://www.ulta.com/p/advanced-smoothing-serum-pimprod2049790?sku=2634779,pimprod2049790
https://www.ulta.com/p/giraffe-headband-pimprod2043531?sku=2619903,pimprod2043531
https://www.ulta.com/p/im-charcoal-all-over-blemish-patch-pimprod2037775?sku=2605854,pimprod2037775
https://www.ulta.com/p/squishmallows-keina-spicy-wasabi-key-chain-lip-plumper-pimprod2045949?sku=2627108,pimprod2045949
https://www.ulta.com/p/dark-spot-correcting-serum-pimprod2049791?sku=2634780,pimprod2049791
https://www.ulta.com/p/bamboo-cream-frappee-pimprod2031664?sku=2593538,pimprod2031664
https://www.ulta.com/p/even-true-skin-brightening-bar-pimprod2037509?sku=2608009,pimprod2037509
https://www.ulta.com/p/grandevanish-bi-phase-makeup-remover-pimprod2039443?sku=2612159,pimprod2039443
https://www.ulta.com/p/beautyprep-face-moisturizer-pimprod2004084?sku=2545041,pimprod2004084
https://www.ulta.com/p/color-shift-lip-smoothie-pimprod2031858?sku=2596260,pimprod2031858
https://www.ulta.com/p/trick-treat-tinted-lip-balm-pimprod2045199?sku=2626066,pimprod2045199
https://www.ulta.com/p/needles-no-more-hyaluronic-face-cream-pimprod2039705?sku=2613320,pimprod2039705
https://www.ulta.com/p/mermaid-moon-line-filling-balm-cream-pimprod2049893?sku=2635709,pimprod2049893
https://www.ulta.com/p/i-waken-eye-serum-pimprod2037962?sku=2604496,pimprod2037962
https://www.ulta.com/p/derm-remedies-blemish-solutions-set-pimprod2042878?sku=2620632,pimprod2042878
https://www.ulta.com/p/cookie-o-glow-pimprod2041215?sku=2615066,pimprod2041215
https://www.ulta.com/p/youth-boost-peptide-serum-pimprod2052199?sku=2642498,pimprod2052199
https://www.ulta.com/p/plant-power-skincare-starter-set-pimprod2030487?sku=2589346,pimprod2030487
https://www.ulta.com/p/body-trio-kit-oatmeal-pimprod2025811?sku=2585295,pimprod2025811
https://www.ulta.com/p/reviving-roller-pimprod2031282?sku=2590539,pimprod2031282
https://www.ulta.com/p/v10-hyal-air-fit-sunscreen-pimprod2051830?sku=2641700,pimprod2051830
https://www.ulta.com/p/lip-fetish-sheer-colour-lip-balm-pimprod2042379?sku=2619695,pimprod2042379
https://www.ulta.com/p/hydraluron-tinted-lip-treatment-pimprod2023743?sku=2569061,pimprod2023743
https://www.ulta.com/p/cleansing-balm-hydrating-makeup-melting-pimprod2041141?sku=2616845,pimprod2041141
https://www.ulta.com/p/clean-body-smart-body-cleansing-device-pimprod2023299?sku=2580986,pimprod2023299
https://www.ulta.com/p/exfoliating-face-wash-pimprod2025012?sku=2583251,pimprod2025012
https://www.ulta.com/p/centella-comfort-soothe-3-piece-set-pimprod2044587?sku=2624033,pimprod2044587
https://www.ulta.com/p/360-spray-tan-mister-pimprod2028811?sku=2589415,pimprod2028811
https://www.ulta.com/p/uv-aqua-rich-daily-hydrating-facial-moisturizer-spf-50-pimprod2051862?sku=2642994,pimprod2051862
https://www.ulta.com/p/everything-oil-roll-on-pimprod2015253?sku=2564743,pimprod2015253
https://www.ulta.com/p/something-blue-bride-self-care-facial-kit-pimprod2052457?sku=2643199,pimprod2052457
https://www.ulta.com/p/radiance-shimmer-oil-pimprod2016144?sku=2562898,pimprod2016144
https://www.ulta.com/p/prep-set-tan-tanning-mousse-pimprod2044440?sku=2623453,pimprod2044440
https://www.ulta.com/p/clean-start-prep-step-hypochlorous-acid-facial-mist-pimprod2052470?sku=2641494,pimprod2052470
https://www.ulta.com/p/1025-dokdo-ampule-pimprod2052235?sku=2643236,pimprod2052235
https://www.ulta.com/p/vitamin-c-peptide-24-max-brightening-serum-pimprod2034720?sku=2599703,pimprod2034720
https://www.ulta.com/p/mini-deep-sweep-2-bha-pore-cleaning-toner-pimprod2051752?sku=2640998,pimprod2051752
https://www.ulta.com/p/mugwort-gel-cleanser-pimprod2051771?sku=2642149,pimprod2051771
https://www.ulta.com/p/dewtopia-5-aha-firming-night-creme-pimprod2042313?sku=2617563,pimprod2042313
https://www.ulta.com/p/solabiome-nourishing-moisturizer-pimprod2037919?sku=2608840,pimprod2037919
https://www.ulta.com/p/super-drops-multi-7-hyaluronic-frozen-serum-pimprod2051465?sku=2635922,pimprod2051465
https://www.ulta.com/p/centella-cleansing-gel-pimprod2034068?sku=2599503,pimprod2034068
https://www.ulta.com/p/r-r-day-serum-pimprod2035004?sku=2601920,pimprod2035004
https://www.ulta.com/p/how-do-eye-look-youthful-hydrogel-under-eye-patches-pimprod2021586?sku=2576343,pimprod2021586
https://www.ulta.com/p/natural-dead-sea-mud-packet-pimprod2004000?sku=2542210,pimprod2004000
https://www.ulta.com/p/ocean-glow-body-trio-pimprod2051657?sku=2638931,pimprod2051657
https://www.ulta.com/p/sea-minerals-ready-set-renew-refreshing-face-mist-pimprod2012314?sku=2559727,pimprod2012314
https://www.ulta.com/p/farmacy-favorites-kit-pimprod2051800?sku=2641249,pimprod2051800
https://www.ulta.com/p/make-a-splash-intense-hydrating-aqua-serum-pimprod2039160?sku=2611680,pimprod2039160
https://www.ulta.com/p/regenerist-vitamin-c-peptide-24-max-hydrating-moisturizer-pimprod2034715?sku=2599701,pimprod2034715
https://www.ulta.com/p/ufo-ultra-clarifying-acne-treatment-face-oil-pimprod2007865?sku=2550154,pimprod2007865
https://www.ulta.com/p/kiss-tell-hydrating-plumping-lip-kit-pimprod2047500?sku=2631281,pimprod2047500
https://www.ulta.com/p/unseen-pimple-patch-pimprod2052473?sku=2645612,pimprod2052473
https://www.ulta.com/p/pusheen-macaron-lip-balm-pimprod2045314?sku=2625336,pimprod2045314
https://www.ulta.com/p/1025-dokdo-lotion-pimprod2052240?sku=2643240,pimprod2052240
https://www.ulta.com/p/gentle-feminine-wipes-pimprod2051251?sku=2641042,pimprod2051251
https://www.ulta.com/p/neem-tea-tree-purifying-skincare-heroes-pimprod2024273?sku=2582525,pimprod2024273
https://www.ulta.com/p/microdermabrasion-smoothing-lip-scrub-pimprod2039706?sku=2613319,pimprod2039706
https://www.ulta.com/p/gentle-af-makeup-removing-foam-cleanser-pimprod2050473?sku=2637164,pimprod2050473
https://www.ulta.com/p/astaxanthin-all-in-one-collagen-gel-pimprod2004250?sku=2544325,pimprod2004250
https://www.ulta.com/p/cica-mend-animated-tiger-face-mask-pimprod2037814?sku=2608212,pimprod2037814
https://www.ulta.com/p/3d-teddy-headyband-mush-love-pimprod2044144?sku=2622608,pimprod2044144
https://www.ulta.com/p/kakao-friends-hydrocolloid-acne-patches-dark-spots-pimprod2037824?sku=2608220,pimprod2037824
https://www.ulta.com/p/lip-balm-pimprod2022186?sku=2578451,pimprod2022186
https://www.ulta.com/p/baby-healing-ointment-diaper-rash-cream-pimprod2048027?sku=2632439,pimprod2048027
https://www.ulta.com/p/hello-kitty-klean-beauty-pure-cure-strawberry-milk-toner-pimprod2037817?sku=2608216,pimprod2037817
https://www.ulta.com/p/bb-shot-mask-pimprod2018777?sku=2572683,pimprod2018777
https://www.ulta.com/p/disco-candy-tan-1-hour-self-tan-mousse-pimprod2023116?sku=2580509,pimprod2023116
https://www.ulta.com/p/rouge-coco-baume-hydrating-conditioning-lip-balm-pimprod2030101?sku=2528519,pimprod2030101
Link,Product ID
https://www.ulta.com/p/extra-repair-moisture-cream-intense-pimprod2041946?sku=2617551,pimprod2041946
https://www.ulta.com/p/egg-white-pore-mask-pimprod2040804?sku=2615836,pimprod2040804
https://www.ulta.com/p/pore-cleansing-oil-pha-pimprod2007175?sku=2550232,pimprod2007175
https://www.ulta.com/p/hello-kitty-mattifying-blotting-paper-reusable-mirror-compact-pimprod2043047?sku=2619627,pimprod2043047
https://www.ulta.com/p/peach-sake-pore-serum-pimprod2040805?sku=2616243,pimprod2040805
https://www.ulta.com/p/citrus-renew-set-sensitive-skin-pimprod2023517?sku=2580833,pimprod2023517
https://www.ulta.com/p/cannabis-sativa-skin-rescue-face-oil-pimprod2011721?sku=2559680,pimprod2011721
https://www.ulta.com/p/mint-spa-foot-peeling-socks-pimprod2040802?sku=2615834,pimprod2040802
https://www.ulta.com/p/xeracalm-eczema-calming-relief-balm-pimprod2049191?sku=2635167,pimprod2049191
https://www.ulta.com/p/travel-size-matte-cream-mattifying-blurring-primer-pimprod2044589?sku=2624580,pimprod2044589
https://www.ulta.com/p/regenerist-collagen-peptide-24-cream-cleanser-pimprod2018847?sku=2572626,pimprod2018847
https://www.ulta.com/p/travel-size-take-it-all-off-pimprod2043333?sku=2619519,pimprod2043333
https://www.ulta.com/p/peach-sake-toner-pimprod2040806?sku=2616244,pimprod2040806
https://www.ulta.com/p/hello-kitty-mattifying-blotting-paper-refills-pimprod2043048?sku=2619628,pimprod2043048
https://www.ulta.com/p/soothing-radiance-mask-pimprod2020824?sku=2577355,pimprod2020824
https://www.ulta.com/p/supple-preparation-unscented-toner-pimprod2023584?sku=2580264,pimprod2023584
https://www.ulta.com/p/total-eye-revive-eye-cream-pimprod2050003?sku=2632367,pimprod2050003
https://www.ulta.com/p/glopro-skin-prep-pads-clarifying-skin-cleansing-wipes-with-peptides-pimprod2019394?sku=2572403,pimprod2019394
https://www.ulta.com/p/glopro-lip-microtip-attachment-pimprod2019390?sku=2572417,pimprod2019390
https://www.ulta.com/p/dew-your-makeup-mist-3-in-1-setting-spray-pimprod2023682?sku=2580257,pimprod2023682
https://www.ulta.com/p/mini-press-refresh-exfoliating-hydro-mask-pimprod2038094?sku=2599590,pimprod2038094
https://www.ulta.com/p/breakout-busters-gift-set-pimprod2047135?sku=2631096,pimprod2047135
https://www.ulta.com/p/take-your-vitamins-super-nutrient-face-mist-pimprod2030778?sku=2589839,pimprod2030778
https://www.ulta.com/p/killa-kit-deep-zit-microdart-patch-pimprod2013453?sku=2586697,pimprod2013453
https://www.ulta.com/p/microfusion-dissolving-hyaluronic-roller-pimprod2033397?sku=2599585,pimprod2033397
https://www.ulta.com/p/regenerist-retinol24-max-night-eye-cream-pimprod2018870?sku=2572624,pimprod2018870
