pimprod2043254,CHANEL,N°1 DE CHANEL Revitalizing Mask,Treatment & Serums,Face Masks,$100.00,1.7 oz,https://media.ulta.com/i/ulta/2611611?w=100&h=100&fmt=auto,1 Review,"Features
Red Camellia Extract helps address the appearance of the 5 signs of aging. Red Camellia Oil provides comfort.
The formula also features 3 types of alpha hydroxy acids: citric acid, tartaric acid and acids derived from hibiscus flowers. Together, these ingredients help refine the look of pores, smooth the appearance of surface irregularities and minimize the look of fine lines.
Item 2611611","Camellia Japonica Flower Water, Glycerin, Alcohol, Aqua (Water), Citric Acid, Ammonium Acryloyldimethyltaurate/VP Copolymer, Pentylene Glycol, Sodium Hydroxide, Polysorbate 20, Tartaric Acid, Camellia Japonica Seed Oil, Faex (Yeast Extract), Camellia Japonica Flower Extract, Polyacrylate Crosspolymer-6, Parfum (Fragrance), Caprylyl Glycol, Chlorphenesin, Propanediol, Hibiscus Sabdariffa Flower Extract, 1,2-Hexanediol, Sodium Hyaluronate, Arginine, Carbomer, T-Butyl Alcohol, Phytic Acid, Sodium Citrate, Sodium Benzoate, IL74C.","As part of the line's eco-responsible approach, N°1 DE CHANEL REVITALIZING MASK can be refilled as many times as desired. Refilling just twice reduces the mask's greenhouse gas emissions by approximately one-third*****.
Once or twice a week, apply a thin layer of the mask to clean, dry skin. Avoid the eye area. Gently massage into skin and leave on for 5 minutes. Rinse off with lukewarm water.
*****32% reduction in the carbon footprint of N°1 DE CHANEL REVITALIZING MASK and N°1 DE CHANEL REVITALIZING MASK - REFILL is based on carbon footprint estimates calculated in June 2023 using the method published by the IPCC in 2023 and in compliance with ISO 14067. Scope of analysis: manufacturing of cosmetic ingredients and packaging components, production, distribution, use and end of life. Methodology verified by Bureau Veritas."
pimprod2050351,b.tan,Bronzed Like A Boss Bronzing Spray Lotion,Suncare,Self-Tanning & Bronzing,$14.99,8.45 oz,https://media.ulta.com/i/ulta/2634627?w=100&h=100&fmt=auto,4 Reviews,"Benefits
Tinted lotion boosted with tan intensifiers
Get a hint of color and a touch of tan that develops as the day goes on
Skin loving ingredients for a smooth, moisturized glow
Key Ingredients
Coconut Oil
Peptides
Vitamin E
Item 2634627","Water (Aqua, Eau), C12-15 Alkyl Benzoate, Caprylic/Capric Triglyceride, Helianthus Annuus (Sunflower) Seed Oil, Cocos Nucifera (Coconut) Oil, Palmitoyl Tripeptide-1, Palmitoyl Tetrapeptide-7, C14-22 Alcohols, Cetearyl Alcohol, Caramel, Coco-Glucoside, Hydroxyethyl Acrylate/Sodium Acryloyldimethyl Taurate Copolymer, C12-20 Alkyl Glucoside, Isohexadecane, Phenoxyethanol, Ethylhexylglycerin, Polysorbate 60, Tocopheryl Acetate (Vitamin E), Glycerin, Butylene Glycol, Carbomer, Polysorbate 20, Fragrance (Parfum).","Make sure your skin is clean, exfoliated and dry. Shake well before use. Apply liberally and evenly to your whole body. Re-apply as necessary."
pimprod2030788,ROSEN,Break-Out Spot Treatment for Large Bumps and Breakouts,Treatment & Serums,Acne & Blemish Treatments,$15.00,0.3 oz,https://media.ulta.com/i/ulta/2592177?w=100&h=100&fmt=auto,100 Reviews,"Benefits
Spot treatment for preventing and shrinking breakouts
Zinc Oxide, Apple Cider Vinegar and Peppermint fight acne causing bacteria
Best for moderate-severe bumps or breakouts
Features
Easy-to-use applicator
Easy addition to our Breakout Routine
Black Owned
US Manufactured
Woman Owned
Key Ingredients
Zinc Oxide, Apple Cider Vinegar and Peppermint Oil all have the ability to help prevent the spread and severity of large bumps and breakouts
Item 2592177","Zinc Oxide, Water (Aqua), Apple Cider Vinegar, Arborcide (Leuconostoc Ferment Filtrate), Peppermint (Mentha Piperita) Oil.",Use the applicator tip to apply a small amount of the spot treatment directly to bump.
pimprod2009643,KYLIE COSMETICS,Face Moisturizer,Moisturizers,Face Moisturizer,$25.00,1.75 oz,https://media.ulta.com/i/ulta/2548220?w=100&h=100&fmt=auto,"11,142 Reviews","Benefits
This formula conditions the skin for a soft-to-the touch finish, without any excess oil.
Oat and orange-peel extracts help soothe and soften the skin, while shea butter helps moisturize.
Use in the morning to create the perfect base for your makeup or before bed for continuous hydration while you sleep.
It is suitable for all skin types.
Key Ingredients
Shea Butter: Provides excellent moisturization
Sodium Hyaluronate: A derivative of Hyaluronic Acid that helps hydrate and plump the skin
Banana Leaf Extract, Oat Bran Extract and Orange Peel Extract: A combination of extracts that help soften, leaving the skin feeling smooth
Glycerin: A humectant that helps balance the moisture in your skin. If your skin is dry, it will draw in moisture and if your skin is oily, it will help decrease the oily appearance of your skin
Non-Comedogenic
Formulated Without
Fragrance Free
Paraben Free
Sulfate Free
Gluten Free
Vegan
Dermatologist Tested
Item 2548220","Water/Aqua/Eau, Isopropyl Palmitate, Propanediol, Dicaprylyl Carbonate, Jojoba Esters, Glycerin, Butyrospermum Parkii (Shea) Butter, Dimethicone, Sorbitan Stearate, Stearic Acid, Glyceryl Stearate, PEG-100 Stearate, Coco-Caprylate/Caprate, Prunus Amygdalus Dulcis (Sweet Almond) Oil, Phenoxyethanol, Cetyl Alcohol, Hydroxyethyl Acrylate/Sodium Acryloyldimethyl Taurate Copolymer, Polysorbate 40, Chlorphenesin, Avena Sativa (Oat) Bran Extract, Carbomer, Musa Paradisiaca (Banana) Leaf Extract, Trisodium Ethylenediamine Disuccinate, Fructose, Ethylhexylglycerin, Aminomethyl Propanol, Citrus Aurantium Dulcis (Orange) Peel Extract, Polysorbate 60, Sorbitan Isostearate, Withania Somnifera Root Extract, Backhousia Citriodora Leaf Extract, Sodium Hyaluronate, Aloe Barbadensis Leaf Juice, Tocopherol, Potassium Sorbate, Citric Acid, Actinidia Chinensis (Kiwi) Seed Oil.",Apply to face and neck as desired.
pimprod2049125,ANUA,Peach 77 Niacin Enriched Cream,K-Beauty,,$28.00,1.69 oz,https://media.ulta.com/i/ulta/2634265?w=100&h=100&fmt=auto,1 Review,"Benefits
Moisturizer with bouncy pudding texture for plump glowing skin
For radiant skin
Free Of: Parabens / Mineral Oil
Key Ingredients
PEACHNIA+: Hydrates and helps skin look radiant with gentle fermented ingredients
Collagen and Pectin: Protein and dietary fiber components support the skin and keep it hydrated
Ceramide and Panthenol: Helps keep the skin's moisture barrier and nourishes the skin with hydration
Research Results
Skin irritation test completed
Item 2634265","Prunus Persica (Peach) Fruit Water, Glycerin, Methylpropanediol, Niacinamide, 1,2-Hexanediol, Isododecane, Lactobacillus Ferment, Propanediol, Panthenol, Polyglyceryl-3 Methylglucose Distearate, Polymethylsilsesquioxane, Hydrogenated Polydecene, Coptis Japonica Root Extract, Prunus Persica (Peach) Fruit Extract, Prunus Persica (Peach) Flower Extract, Sodium Hyaluronate, Soluble Collagen, Jojoba Esters, Vinyl Dimethicone, Ammonium Acryloyldimethyltaurate/VP Copolymer, Water, Dimethiconol, Acrylates/C10-30 Alkyl Acrylate Crosspolymer, Hydroxyacetophenone, Tromethamine, Ethylhexylglycerin, Butylene Glycol, Adenosine, Disodium EDTA, Cyanocobalamin, Saccharomyces Ferment Filtrate, Tocopherol, Ceramide NP, Pectin, Maltodextrin, Hydrolyzed Vegetable Protein, Galactomyces Ferment Filtrate, Bifida Ferment Lysate, Fragrance.","Take an appropriate amount after applying serum/ampoule.
Apply over the face and neck, and gently pat over the entire face.
Layer the cream on multiple times during dry winter seasons for extra moisturizing effect.
Can be used every day, AM & PM."
pimprod2028599,Vitamins and Sea beauty,Blue Sea Kale & Niacinamide Smoothing Facial Serum,Treatment & Serums,Face Serums,$11.99,2.0 oz,https://media.ulta.com/i/ulta/2586253?w=100&h=100&fmt=auto,39 Reviews,"Benefits
Smoothes rough skin texture
Minimizes the appearance of pores
Helps control oil production
Key Ingredients
Blue Sea Kale is a marine plant with antioxidant powers that release your skin from harmful agents, leaving it healthier and more resilient
Niacinamide is a form of vitamin B3 and offers a multitude of benefits for improved skin texture
Item 2586253","Purified Water, Propanediol, Glycereth-26, Crambe Maritima (Sea Kale) Extract, Niacinamide (Vitamin B3), Glycerin, Hydroxyethylcellulose, Polysorbate 20, Carbomer, Aminomethyl Propanol, Phenoxyethanol, Dehydroacetic Acid, Benzyl Alcohol, FD&C Blue No.1 Cl 42090, D&C Violet No.2 Cl 60725.","Apply to dry or damp skin and massage over desired areas until absorbed. Avoid contact with eyes.
Packaging may vary."
pimprod2016573,Bondi Sands,Self Tan Eraser Gentle Foaming Cleanser,Suncare,Self-Tanning & Bronzing,$27.00,6.76 oz,https://media.ulta.com/i/ulta/2569564?w=100&h=100&fmt=auto,911 Reviews,"Benefits
Soothing aloe vera formula to effectively remove self-tan and leaves skin feeling soft and smooth post-removal
Perfect for removing stubborn tan and preparing your skin for a fresh layer of new tan
Free from Sulfates, Parabens, and Silicones
Key Ingredients
Soothing Aloe Vera that leaves skin feeling soft and smooth
Item 2569564","Water/Aqua/Eau, Urea, Ethoxydiglycol, Sodium Bicarbonate, Cocamidopropyl Betaine, PEG-40 Hydrogenated Castor Oil, Glycerin, Tetrasodium EDTA, Sodium Chloride, Fragrance (Parfum), Linalool, Sodium Hydroxide, Sodium Benzoate.","Step 1: For best results, apply Bondi Sands Self Tan Eraser to dry skin after at least 3 days of applying self tan.
Step 2: Pump foam applicator firmly and apply Bondi Sands Self Tan Eraser liberally to the skin. Leave the Self Tan Eraser on the skin for at least 5 minutes.
Step 3: Shower with warm water using a wet face cloth to wipe away the tan. For more stubborn areas or dry skin, use the Bondi Sands Exfoliating Mitt to gently remove the tan.
Precautions: This product does not contain a sunscreen and does not protect against sunburn. Repeated exposure of unprotected skin while tanning may increase the risk of skin aging, skin cancer and other harmful effects to the skin even if you do not burn. Keep out of the sight and reach of children. If swallowed, get medical attention or contact the poison control center right away. Keep away from eyes. If material accidentally enters the eye, rinse well with plenty of clean water. Stop using this product if you develop redness or itching. Seek medical attention if irritation persists. Do not apply to damaged, inflamed or sensitive skin. Store below 86 degrees F."
pimprod2049126,ANUA,BHA 2% Gentle Exfoliating Toner,Cleansers,Toner,$20.00,5.07 oz,https://media.ulta.com/i/ulta/2634271?w=100&h=100&fmt=auto,2 Reviews,"Benefits
Ultimate exfoliant for a radiant & smooth complexion
Free Of: Denatured Alcohols / Parabens / Artificial Color / Oil / Silicones / Sulfates / Mineral Oil / Methylchloroisothiazolinone / Methylisothiazolinone / Animal Oils / Coal Tar Dyes
Key Ingredients
2% BHA (Salicylic Acid): Unclogs and clears pores by exfoliating dead skin cells
Panthenol & 6 Ceramides: Help maintain the skin's moisture barrier by delivering hydration
Teatree Leaf Extracts & Hyaluronic Acid: Helps soothe and calm irritation caused by redness
Research Results
Skin irritation test completed
AFTER 2 WEEKS:
38.38% reduction in pore area
24.98% reduction in the number of pores
Item 2634271","Aqua (Water), Dipropylene Glycol, 1,2-Hexanediol, Salicylic Acid, Pentylene Glycol, C12-14 Pareth-12, Octyldodeceth-16, Salix Alba (Willow) Bark Extract, Sodium Citrate, Butylene Glycol, Glycerin, Ethylhexylglycerin, Citric Acid, Xanthan Gum, Hydrogenated Lecithin, Disodium EDTA, Melaleuca Alternifolia (Tea Tree) Extract, Panthenol, Ficus Carica (Fig) Fruit Extract, Centella Asiatica Extract, Tocopherol, Pueraria Lobata Root Extract, Ulmus Davidiana Root Extract, Pinus Palustris Leaf Extract, Oenothera Biennis (Evening Primrose) Flower Extract, Ceramide NP, Zinc Sulfate, Triethylhexanoin, Cholesterol, Hydrogenated Polydecene, Glyceryl Stearate, Potassium C11-15 Alkyl Phosphate, Cetearyl Alcohol, Ceramide NG, Phytosphingosine, Ceramide AP, Ceramide AS, Dimethicone, Ceramide NS, Hydrolyzed Hyaluronic Acid, Dimethylsilanol Hyaluronate, Hydrolyzed Sodium Hyaluronate, Sodium Hyaluronate, Potassium Hyaluronate, Hyaluronic Acid, Sodium Hyaluronate Crosspolymer, Hydroxypropyltrimonium Hyaluronate, Sodium Hyaluronate Dimethylsilanol, Sodium Acetylated Hyaluronate, Citrulline, Ornithine, Taurine, Tryptophan, Asparagine, Glycine, Glutamic Acid, Glutamine, Leucine, Lysine, Methionine, Valine, Serine, Cysteine, Aspartic Acid, Alanine, Arginine, Isoleucine, Histidine, Proline, Phenylalanine, Tyrosine, Threonine, Ceramide EOP.","Apply with your hands or a cotton pad, gently covering the face and neck.
The product can also be used on affected areas of the body.
At first, apply once every 2-3 days monitoring the skin's response, and adjust the usage period accordingly.
When used in the mornings, be sure to apply sunscreen with SPF 30 or higher."
pimprod2051202,fresh,Mini Lotus Youth Preserve Line & Texture Smoothing Moisturizer,Travel Size Skin Care,,$24.00,0.5 oz,https://media.ulta.com/i/ulta/2617055?w=100&h=100&fmt=auto,"2,843 Reviews","Benefits
Smoothes texture & the look of fine lines
Boosts radiance for a youthful look
Delivers 24hr hydration** & preps for makeup
**instrumental test, 30 subjects
Key Ingredients
Super Lotus smoothes lines & helps to boost radiance
Star fruit leaf extract smoothes while helping to reduce visible wrinkles
Polyglutamic acid works to lock in moisture & comfort
Vitamin E helps protect & soothe
Research Results
Clinically proven to smooth texture & fine lines*
+19% radiance observed**
97% agreed it created a smooth canvas for makeup***
+14% smoother skin after 1 application****
24hr hydration****
+17% smoother skin observed after 4 weeks**
*clinical assessment by dermatologist, 30 subjects, 4 weeks
**self-assessment by scoring, 30 subjects, 4 weeks
***self-assessment, 104 subjects, 4 weeks
****instrumental test, 30 subjects
Item 2617055","Aqua (water), Glycerin, Propylene Glycol Dicaprylate/dicaprate, Cetearyl Alcohol, Pentylene Glycol, Caprylic/capric Triglyceride, Ethylhexyl Palmitate, C10-18 Triglycerides, Betaine, Polyglycerin-3, Nelumbo Nucifera Extract, Citrus Limon (lemon) Peel Oil, Averrhoa Carambola Leaf Extract, Cucumis Sativus (cucumber) Fruit Extract, Helianthus Annuus (sunflower) Seed Oil, Tocopherol, Cetearyl Glucoside, Sorbitol, Caprylyl Glycol, Potassium Cetyl Phosphate, Behenyl Alcohol, Carbomer, Silica, Sodium Pca, Cetyl Alcohol, Stearyl Alcohol, Butylene Glycol, Pentaerythrityl Tetraisostearate, Sodium Hydroxide, Xanthan Gum, Adenosine, Sodium Polyglutamate, Sodium Phytate, Propanediol, Caramel, Chlorphenesin, Sodium Metabisulfite, Potassium Sorbate, Sodium Benzoate, Limonene, Citral \<18907\>.","Apply to clean skin twice a day, morning and night."
pimprod2046736,CHANEL,HYDRA BEAUTY MICRO SÉRUM LÈVRES Intense Replenishing Hydration,Treatment & Serums,Face Serums,$60.00,0.37 oz,https://media.ulta.com/i/ulta/2627472?w=100&h=100&fmt=auto,470 Reviews,"Key Ingredients
HYDRA BEAUTY MICRO SÉRUM LÈVRES features microfluidic technology, a unique process that encapsulates the power of the White Camellia flower in micro-droplets, preserving its purity until the moment of application.
Composed of 95%** naturally derived ingredients, the formula is enriched with hyaluronic acid, which is able to hold 1,000 times its weight in water to help skin retain moisture.
White Camellia OFA*** plumps and boosts hydration, White Camellia Glycoextract soothes and polyfractioned White Camellia helps reinforce barrier function.
Item 2627472","Aqua (Water), Diglycerin, Dimer Dilinoleyl Dimer Dilinoleate, Caprylic/Capric Triglyceride, Glycerin, Sorbitol, Betaine, Butyrospermum Parkii (Shea) Butter, Squalane, Limnanthes Alba (Meadowfoam) Seed Oil, Castor Oil/Ipdi Copolymer, Camellia Oleifera Seed Oil, 1,2-Hexanediol, Camellia Japonica Flower Extract, Faex (Yeast Extract), Zingiber Officinale (Ginger) Root Extract, Phenoxyethanol, Carbomer, Ammonium Glycyrrhizate, Sodium Hydroxide, Sodium Hyaluronate, Dipropylene Glycol, Parfum (Fragrance), Propanediol, Trisodium Ethylenediamine Disuccinate, Caprylyl Glycol, Tocopherol, Ricinus Communis (Castor) Seed Oil, CI 42090 (Blue 1 Lake), BS000426A.","1 lip serum, multiple application tips tailored to your needs: Swipe on a thin layer to soothe and plump lips. Place HYDRA BEAUTY MICRO SÉRUM LÈVRES in the refrigerator for a cooling sensation. Apply the lip serum and let it fully absorb to create a smooth base for lipstick. Enhance the moisturizing effect of lipstick by applying HYDRA BEAUTY MICRO SÉRUM LÈVRES as a final touch."
pimprod2043750,Peace Out,Travel Size Salicylic Acid Acne Healing Dots,Treatment & Serums,Acne & Blemish Treatments,$11.00,10 ct,https://media.ulta.com/i/ulta/2624331?w=100&h=100&fmt=auto,270 Reviews,"Benefits
The over-the-counter acne treatment you know and love is formulated with a NEW, clean hydrocolloid polymer technology. Combined with anti-acne healing ingredients, a NEW encapsulated Salicylic Acid, boosts efficacy and reduces risk of irritation to minimize your breakouts in as little as 6 hours
Includes 2 free Day Dots
Key Ingredients
ENCAPSULATED SALICYLIC ACID - Penetrates pores to target acne blemishes an
ALOE VERA LEAF EXTRACT - Gently soothes while minimizing the appearance of redness
RETINOL - Helps promote clear-looking skin in the form of retinyl acetate, Vitamin A
Research Results
91% of participants said that after using the product, their blemish was less red, less uncomfortable, and significantly less annoying in 6 hours*
91% of participants said that the product healed the acne that it was applied to
95% of participants said the product helped soothe their skin where it was applied*
*Based on a consumer study
Item 2624331","Salicylic Acid 0.5%, Aloe Barbadensis (Aloe Vera) Leaf Extract, Retinyl Acetate (Vitamin A), Hydrocolloid Polymer Technology.","After cleansing, apply a dot, tacky side down, directly on your blemish. For best results, wear for at least six hours.
Precautions: If you're experiencing any areas of excessive dryness, open skin, or went a little heavy handed with peels, chemical exfoliation, or actives, give your skin a little resting time before using Peace Out's dots or patches.
Precautions: If you're experiencing any areas of excessive dryness, open skin, or went a little heavy handed with peels, chemical exfoliation, or actives, give your skin a little resting time before using Peace Out's dots or patches."
pimprod2049127,ANUA,Heartleaf 80 Moisture Soothing Ampoule,Treatment & Serums,Face Serums,$25.00,1.01 oz,https://media.ulta.com/i/ulta/2634259?w=100&h=100&fmt=auto,,"Benefits
Deeply soothing glass skin serum
For normal skin
Fragrance-free
Free Of: Denatured Alcohols / Parabens / Artificial Color / Oil / Silicones / Sulfates / Mineral Oil / Methylchloroisothiazolinone / Methylisothiazolinone / Animal Oils / Coal Tar Dyes
Key Ingredients
HEARTLEAF+: Soothes sensitive skin irritations caused by dryness and helps maintain the skin's moisture
Panthenol and Hyaluronic acid and Betaine: Provides powerful moisturizing effects from inside out
Research Results
Non-comedogenic test completed
Skin irritation test completed
AFTER 24 HOURS: 125% increase in skin hydration after 24 hours
AFTER 2 WEEKS: 49% reduction in sebum levels
Item 2634259","Houttuynia Cordata Flower/Leaf/Stem Water, Butylene Glycol, Glycerin, 1,2-Hexanediol, Sodium Hyaluronate, Bifida Ferment Lysate, Theobroma Cacao (Cocoa) Extract, Phellinus Linteus Extract, Water, Betaine, Panthenol, Hydroxyethylcellulose, Ethylhexylglycerin, Tromethamine, Dextrin, Beta-Glucan, Tocopherol, Carbomer.","Smooth 2-3 drops over your face and neck, avoiding eyes.
Mix and apply together with foundation for glass skin.
Can be used every day, AM & PM."
pimprod2043814,AmLactin,Intensive Healing Cream with 15% Lactic Acid AHA,Body Moisturizers,Body Lotion & Creams,$29.99,12.0 oz,https://media.ulta.com/i/ulta/2623396?w=100&h=100&fmt=auto,26 Reviews,"Benefits
24-hour rich, yet non-greasy moisturization
Rapid relief for even the toughest dry skin, yet gentle enough for daily use
Formulated with a blend of 3 rejuvenating exfoliants and 3 plumping ceramides that deeply hydrate and lock in moisture
Made for your skin. Suitable for: Flaky/Ashy/Dry Skin, Rough Skin, Split/Cracked Skin, Rough & Bumpy Skin
AmLactin is the #1 Dermatologist Recommended Moisturizer Brand with Lactic Acid
Key Ingredients
15% Lactic Acid - only AmLactin is formulated with Ultraplex, a propriertary blend of Lactic Acid salts, including Ammonium Lactate, Potassium Lactate, and Sodium Lactate. This powerful blend results in gentle, yet effective exfoliation that boosts cell turnover and deeply hydrates skin
3 Ceramides - retains moisture and supports the skin barrier to restore natural radiance
Formulated Without
Fragrance
Dyes
Parabens
Phthalates
Note: Smells Like Results - AmLactin does not add a drop of skin-irritating fragrances to its products, but there is a naturally occurring scent from Lactic Acid salts that dissipates shortly after application
Item 2623396","Water, Ammonium Lactate, Potassium Lactate, Sodium Lactate, Cetearyl Alcohol, Cetyl Alcohol, Glyceryl Stearate, Dimethicone, Propanediol, Glycerin, Isostearyl Isostearate, White Mineral Oil, Hydroxyethyl Acrylate/Sodium Acryloyldimethyl Taurate Copolymer, Polysorbate 60, Petrolatum, PEG-75 Stearate, Caprylyl Glycol, 1,2-Hexanediol, Polyisobutene, Ceteth-20, Steareth-20, Tocopherol Acetate, PEG-7 Trimethylolpropane Coconut Ether, Sodium Lauroyl Lactylate, Ceramide NP, Ceramide AP, Phytosphingosine, Cholesterol, Xanthan Gum, Carbomer, Ceramide EOP.","Apply 1-2 times daily or as directed by a physician. Mild stinging or irritation may occur on sensitive or broken skin. If this persists, discontinue use.
Precautions: For external use only. Keep out of reach of children. Avoid contact with the eyes. Sunburn Alert: This product contains an alpha hydroxy acid (AHA) that may increase your skin's sensitivity to the sun and particularly the possibility of sunburn. Use sunscreen, wear protective clothing, and limit sun exposure while using this product and for a week afterwards."
pimprod2021638,Tarte,Travel Size BB Blur Tinted Moisturizer Broad Spectrum SPF 30 Sunscreen,Moisturizers,Tinted Moisturizer,$18.00,Fair,https://media.ulta.com/i/ulta/2578610?w=100&h=100&fmt=auto,17 Reviews,"Benefits
Doubles as your daily moisturizer with SPF 30
Medium coverage with blurred soft-matte finish for a fresh-faced look
Triple-B complex with diamond powder, plants & lipoamino acids helps diffuse light & minimize the look of fine lines & pores while hydrating & brightening
Research Results
12-hour makeup**
Dermatologist tested
Vegan
Broad Spectrum SPF 30 Sunscreen (non-chemical ingredients: titanium dioxide & zinc oxide)
100% agree it doesn't crease*
100% said it blurs the appearance of my pores*
100% said it evened out my textured skin*
100% said it made my skin look less oily*
100% would recommend to a friend*
97% said it feels moisturizing*
97% said it made it look like I have great skin, naturally*
97% said it made my skin look smoother*
97% said it doesn’t look cakey*
**Based on a clinical study of 32 subjects
*Based on a consumer panel study of 30 subjects
Key Ingredients
Triple-B complex: proprietary blend of natural diamond powder, plants & lipoamino acids that helps to diffuse light & minimize the appearance of fine lines, wrinkles & pores while improving the appearance of skin's luminosity
Item 2578610","Fair: Active: Titanium Dioxide 4.55%, Zinc Oxide 3.5%. Inactive: Cyclopentasiloxane, Isododecane, Mica, Polysilicone-11, Polymethylsilsesquioxane, Hexyl Laurate, Peg-10 Dimethicone, Polyglyceryl-4 Isostearate, Stearic Acid, Cetyl Peg/Ppg-10/1 Dimethicone, Alumina, Triethoxycaprylylsilane, Dipalmitoyl Hydroxyproline, Diamond Powder, Iron Oxides.","Apply with fingertips to clean skin starting at the outer portion of your face & working in towards your nose. If you can apply moisturizer, you can apply this!"
pimprod2043988,Dr. Brandt,Dr. Microdermabrasion Renewing Face Exfoliator,Treatment & Serums,Face Peels & Exfoliators,$79.00,2.1 oz,https://media.ulta.com/i/ulta/2623903?w=100&h=100&fmt=auto,164 Reviews,"Benefits
Physical exfoliation with biodegradable microgranules made from renewable wood cellulose refined to different particle grades to provide safe, effective exfoliation across all areas of the face.
Chemical exfoliation thanks to AHAs glycolic and lactic acid that resurface textural irregularities and diminish the appearance of fine lines and wrinkles.
Key Ingredients
Biocellulose microgranules: Physical exfoliation, produced from cellulose pulp originated from wood
Glycolic and lactic acid (AHAs): Chemical exfoliation
Vegetable wax: Nourishes, moisturizes and softens the skin
Item 2623903","Water/Aqua/Eau, Cellulose, Caprylic/Capric Triglyceride, Cetearyl Alcohol, Glycerin, Hydrogenated Vegetable Glycerides, Stearyl Stearate, Cetearyl Glucoside, Glycolic Acid, Lactic Acid, Sodium Benzoate, Xanthan Gum, Sodium Hydroxide, Copernicia Cerifera (Carnauba) Wax/ Cire De Carnauba, Rhus Verniciflua Peel Wax, Menthol, Citral, Citrus Limon (Lemon) Peel Oil, Allantoin, Levulinic Acid, Citral, Sodium Levulinate, Sodium Phytate, Citrus Aurantifolia (Lime) Oil, Punica Granatum Pericarp Extract.",Apply twice a week on damp skin and gently massage for about 2 minutes avoiding the eye area. Rinse well.
pimprod2047083,Honest Beauty,Ageless Firm + Smooth Cream,Moisturizers,Face Moisturizer,$30.00,1.7 oz,https://media.ulta.com/i/ulta/2630125?w=100&h=100&fmt=auto,73 Reviews,"Benefits
FIRM
SMOOTH
PLUMP: See firmer-looking skin in just 2 weeks* with this fragrance-free serum. Powered by Collagen and Elastin Polypeptides**, this formula is clinically tested to improve the look of fine lines and wrinkles, and provides firmer, plumper-looking skin.
COLLAGEN AND ELASTIN POLYPEPTIDES** Biomimetic actives that ""mimic"" skin’s natural supporting elements of collagen + elastin to help deliver firmness and elasticity.
Dermatologist Tested, EWG Verified.
*In a clinical study of 46 women. ** Made by a fermentation process free of any animal inputs.
Key Ingredients
Collagen & Elastin Polypeptides**: Biomimetic actives that “mimic” skin’s natural supporting elements of collagen + elastin to help deliver firmness and elasticity
2 Types of Hyaluronic Acid: provide deep and lasting hydration.
Shea Butter: nourishes skin
Formulated Without
PEGs
Fragrance
Parabens
Mineral Oil
Item 2630125","Water, Helianthus Annuus (Sunflower) Seed Oil, Brassica Alcohol, Glycerin, Isostearyl Hydroxystearate, Caprylic/Capric Triglyceride, Butyrospermum Parkii (Shea) Butter, Cetyl Alcohol, Cetearyl Olivate, Sorbitan Olivate, Propanediol, Dimethicone, Magnesium Aluminum Silicate, sh-Polypeptide-121, sh-Polypeptide-50, Hydrolyzed Sodium Hyaluronate, Sodium Acetylated Hyaluronate, Saccharomyces/Sugarcane Juice Extract Ferment Extract, Thymus Vulgaris (Thyme) Flower/Leaf Extract, Xanthan Gum, Lecithin, Tocopherol, Xylitol, Cetyl Palmitate, Sorbitan Palmitate, Caprylic Acid, Myristyl Alcohol, Stearyl Alcohol, Lauryl Alcohol, 1,2-Hexanediol, Caprylhydroxamic Acid, Isostearyl Alcohol, Hydroxystearic Acid, Citric Acid, Trisodium Ethylenediamine Disuccinate, Potassium Sorbate, Sodium Benzoate.","AM/PM. Massage onto cleansed face + neck.
Precautions: Use as directed. Avoid contact with eyes. If any adverse reaction develops, discontinue use."
pimprod2037691,Revolution Beauty,Balm Glow,Lips,Lip Balms & Treatments,$12.00,Natural Nude,https://media.ulta.com/i/ulta/2607164?w=100&h=100&fmt=auto,146 Reviews,"Features
Multi use balm - perfect for eyes, lips, or face
Creamy formula blends perfectly into skin and other makeup
Buildable color
Item 2607164","Natural Nude: Triethylhexanoin, Polybutene, Polyglyceryl-2 Triisostearate, Cera Microcristallina (Microcrystalline Wax, Cire Microcristalline), Diisostearyl Malate, Pentaerythrityl Tetraethylhexanoate, Silica, Bis-Diglyceryl Polyacyladipate-2, Mica, Dipentaerythrityl Hexahydroxystearate/Hexastearate/Hexarosinate, Polyethylene, Dicalcium Phosphate Dihydrate, Macadamia Ternifolia Seed Oil, Limnanthes Alba (Meadowfoam) Seed Oil, Simmondsia Chinensis (Jojoba) Seed Oil, Ethylhexyl Palmitate, Aqua (Water, Eau), Silica Dimethyl Silylate, Tocopheryl Acetate, Caprylyl Glycol, Paraffinum Liquidum (Mineral Oil, Huile Minérale), Ethylhexylglycerin, Isopropyl Myristate, Petrolatum, Bis- Diglyceryl Polyacyladipate-1, Parfum (Fragrance), Citral, Linalool, Limonene, Geraniol, CI 77891 (Titanium Dioxide), CI 77491 (Iron Oxides), CI 77499 (Iron Oxides), CI 19140 (Yellow 5 Lake).","Gently push the surface of the solid balm formula with your fingers, a brush or sponge, warm up the formula on the back of your hand and apply to the desired areas for a sheer flush of colour"
pimprod2046977,BeautyStat Cosmetics,Triple-Plump Coconut Milk Serum,Treatment & Serums,Face Serums,$42.00,1.7 oz,https://media.ulta.com/i/ulta/2631416?w=100&h=100&fmt=auto,267 Reviews,"Benefits
Instant burst of Moisture plumping and revitalizes the most parched complexions
Drenches your skin with deep, long-lasting hydration, filling out fine lines & wrinkles
Visibly smoother, more rejuvenated appearance
Polyglutamic Acid, locking in moisture for an unparallel dewy radiance
Microsilver supports the microbiome, promoting a balanced appearance that leads to clearer, more radiant skin
Key Ingredients
Hyaluronic Acid
Polyglutamic Acid
Coconut Complex
Microsilver
Research Results
+350% increase in moisture immediately after use.
100% increase in skin glow immediately and after 28 days of application
Clinical instrumental testing by Novameter after single application
Clinical instrumental testing using Skin-Glossymeter: 30 people using the product after one day and 28 days.
Item 2631416","Water, Glycerin, Dimethicone, Butylene Glycol, Isoamyl Laurate, Potassium Cetyl Phosphate, Isononyl Isononanoate, Hydrogenated Lecithin, Propanediol, Coconut Alkanes, Dicaprylyl Ether, Polyglyceryl-4 Stearate, N-Acetyl-D-Glucosamine, Squalane, Punica Granatum (Pomegranate) Sterols, Linoleic Acid, Sodium Hyaluronate, Monarda Didyma Callus Extract, Oryza Sativa (Purple Rice) Hull Extract, Silver, Polyglutamic Acid, Cetearyl Olivate, Sodium Citrate, Sodium Stearoyl Glutamate, Cocos Nucifera (Coconut) Oil, Ipamoea Batatas (Purple Sweet Potato) Root Extract, Amaranthus Caudatus Seed Oil, Hordeum Distichon (Barley) Extract, Triticum Vulgare (Wheat) Germ Oil, Camellia Sinensis (Purple Tea) Leaf Extract, Betula Alba (White Birch) Bark Extract, Lactobacillus Ferment Lysate, Saccharomyces Lysate, Decyl Oleate, Sorbitan Olivate, Sorbic Acid, Hydroxyethylcellulose, Glyceryl Polyacrylate, Citric Acid, Polyacrylate Crosspolymer-11, Cocos Nucifera (Coconut) Fruit Juice, Cocos Nucifera (Coconut) Water, Coco-Caprylate/Caprate, Caprylyl Glycol, Lecithin, 1,2-Hexanediol, Salvia Officinalis (Sage) Oil, Sodium Benzoate, Pentylene Glycol, Linalool, Trisodium Ethylenediamine Disuccinate, Hydroxyacetophenone, Glyceryl Undecylenate, Glyceryl Caprylate, Xanthan Gum.","Smooth onto cleansed skin in the morning and at night. Depress dropper bulb fully, so fingers almost meet. Release slowly, to allow product to fill into dropper applicator. Be sure to distribute a generous amount onto your hands, gently patting and pressing it onto your face, neck, and décolleté."
pimprod2005754,Kate Somerville,+Retinol Vitamin C Moisturizer,Moisturizers,Face Moisturizer,$115.00,1.7 oz,https://media.ulta.com/i/ulta/2547441?w=100&h=100&fmt=auto,"1,187 Reviews","Benefits
Clinical-grade Retinol + Vitamin C
Firm + smooth + hydrate overnight
Brighten + soften the look of fine lines
Key Ingredients
Retinol - Helps diminish the appearance of lines and wrinkles while improving skin firmness.
Hyaluronic Acid - Deeply hydrates skin, instantly smoothing fine lines and wrinkles.
Ascorbic Acid (Pure Vitamin C) - Is wrapped in volcanic soil from Jeju Island in South Korea and helps reduces the appearance of lines and wrinkles while visibly brightening and evening skin tone.
Wild Gooseberry Extract - Defends skin against free radicals that can cause premature aging while helping to soothe any potential sensitivity to Retinol or Vitamin C.
Formulated Without
Parabens
Sulfates
Phthalates
Item 2547441","Aqua/Water/Eau, Neopentyl Glycol Diheptanoate, Caprylic/Capric Triglyceride, Propanediol, Cetearyl Alcohol, Cocoglycerides, Cetyl Esters, Parfum/Fragrance, Stearyl Alcohol, Glyceryl Stearate, Dimethicone, Tridecyl Neopentanoate, PPG-26-Buteth-26, Glycerin, Bis-Stearyl Dimethicone, Retinol, Ascorbic Acid, Tocopheryl Acetate, Panthenol, Physalis Angulata Extract, Volcanic Soil, Tocopherol, Adenosine, Hyaluronic Acid, Ethylhexylglycerin, Amylopectin, PEG-40 Stearate, PEG-40 Hydrogenated Castor Oil, 1,2-Hexanediol, Polyacrylate Crosspolymer-6, Polysorbate 20, Ceteareth-20, Polysilicone-11, Caprylhydroxamic Acid, Arachidyl Alcohol, T-butyl Alcohol, BHA, Citric Acid, Disodium EDTA, Cetyl Alcohol, BHT, Linalool, Limonene.","Good for: Evening
How often: Nightly
Application: After cleansing, apply a thin, even layer to face and neck. Reduce the frequency of use if sensitivity occurs.
Our Skin Health Experts' Approach To Retinol: Because Retinol is such an effective and active ingredient, only use one product containing it on any given day. Monitor any skin sensitivity and adjust product use accordingly."
pimprod2025755,ColourPop,Lippie Stix Primer,Lips,Lip Balms & Treatments,$8.00,,https://media.ulta.com/i/ulta/2585023?w=100&h=100&fmt=auto,155 Reviews,"Benefits
Contains itty-bitty spherical beads that fill in lines, making lips instantly smooth & plump
Contains mango, avocado & shea butter for moisture and vitamin E to soothe your lips
Item 2585023","Isododecane, Polyethylene, Glyceryl Hydrogenated Rosinate, Pentaerythrityl Tetraisostearate, Isononyl Isononanoate, Polymethylsilsesquioxane, Microcrystalline Wax, Zeolite, Silica, Ethyl Vanillin, Flavor, Butyrospermum Parkii (Shea Butter), Mangifera Indica (Mango) Seed Butter, Allantoin, Glycerin, Tocopherol, Persea Gratissima (Avocado) Oil, Hydrogenated Vegetable Oil, Glycine Soja (Soybean) Oil, C12-16 Alcohol, Hydrogenated Lecithin, Palmitic Acid, Betaine, Momordica Grosvenori Fruit Extract.","Apply the lippie primer onto bare lips. Don't forget the outer edge of the lip line- this will prevent feathering! lips will instantly feel smooth and moisturized, creating a perfect base for any lipstick without diluting the pigmentation of your lip product!"
pimprod2030883,Pacifica,Reusable Silicone Smile Line Mask,Treatment & Serums,Face Masks,$15.00,2 ct,https://media.ulta.com/i/ulta/2591999?w=100&h=100&fmt=auto,55 Reviews,"Benefits
Reusable smile line masks to be paired with your favorite serum or moisturizer
100% silicone masks create a vacuum-like seal between your favorite serum or cream and your skin, helping to ""seal"" in the ingredients and boost hydration
Perfectly sticky texture also allow you to gently lift and flatten skin, helping to minimize the appearance of smile lines
Easy to wash, store and reuse over and over - with proper care, these masks should last several uses
Switching to reusable masks helps reduce single use waste
100% Vegan
Cruelty-free
Breathable tin for easy storage
Formulated Without
Parabens
Phthalates
Petroleum
SLS
Mineral Oil
Includes
Breathable tin for easy storage
Item 2591999",100% Silicone.,"On clean skin, apply a few drops of your favorite serum or cream to the area to be covered. Be careful to just use a small amount of product. Gently pull skin flat in desired area and apply masks. Add light pressure with your fingers to press them into place. Wait for the desired amount of time (10-20 minutes or overnight if desired!).
Remove masks and immediately wash the silicone masks with light soap and water. For best results, let air dry print side down (sticky side up). Return to their tin for storage."
pimprod2044156,The Crème Shop,Hello Kitty Aromatherapy Spa Bath Crystals,Bath & Shower,Bubble Bath & Soaks,$9.00,37.0 oz,https://media.ulta.com/i/ulta/2622650?w=800&h=800&fmt=auto,5 Reviews,"Benefits
Jojoba Oil helps soothe & hydrate the skin
Comes with ultra-chic reusable jar
Features
Chic Reusable Jar
Item 2622650","Sodium Chloride, Glycerin, Simmondsia Chinensis (Jojoba) Seed Oil, Fragrance, CI 19140, CI 15985, CI 45410.","Dissolve one cup of crystals under warm running water to transform any bath into a soothing spa.
Precautions: For external use only. Do not ingest. Effectiveness may vary per skin type. Stop use immediately and consult a physician if problems occur after use."
pimprod2019381,BeautyBio,Bright Eyes Depuffing and Brightening Eye Gels,Eye Treatments,Eye Masks,$40.00,15 pair,https://media.ulta.com/i/ulta/2572408?w=100&h=100&fmt=auto,193 Reviews,"Research Results
97% felt under-eye puffiness was reduced
93% agreed the under-eye area felt firmer
100% agreed eyes appeared brighter
93% noticed the under-eye area looked younger
93% noticed a reduction in the apperance of dark circles
100% said under-eye skin felt smoother
In a Consumer Perception Survey
Key Ingredients
Pure Colloidal Silver - Encourages skin rejuvenation to give the look of 10 hours of rest after just 10 minutes of application
Illuminating Pearl - Helps eyes instantly appear brighter
Natural Collagen - Firms and tightens skin to hide lack of sleep from the night before
Aloe Vera - A true superhero ingredient chock-full of vitamins, minerals and detoxing agents that promote healthy looking skin
Formulated Without
Parabens
Phthalates
Sulfates
Formaldehyde
Triclosan
Hydroquinone
Triclocarban
Oxybenzone
Item 2572408","Water/aqua/eau, Glycerin, Colloidal Silver, Propylene Glycol, Betaine, Hamamelis Virginiana (witch Hazel) Extract, Chondrus Crispus Powder, Mica, Aloe Barbadensis Leaf Juice, Hydrolyzed Collagen, Sodium Hyaluronate, Glucomannan, Algin, Niacinamide, Pearl Powder, Fragrance/parfum, Xanthan Gum, Chlorphenesin, Phenoxyethanol, Potassium Chloride, Citric Acid, Potassium Citrate.","Apply to clean, dry skin. May be used under the eyes and on nose-to-mouth lines. Allow key ingredients to soak into application area for at least 10 minutes, may be worn longer. Discard patches after each use.
Precautions: Avoid direct eye contact. Discontinue use if irritation occurs. This product contains silver and/or silver salts. Avoid contact with broken or abraded skin."
pimprod2050413,BeautyStat Cosmetics,Universal Microbiome Barrier Balancing Cleanser,Cleansers,Face Wash,$26.00,4.0 oz,https://media.ulta.com/i/ulta/2636494?w=100&h=100&fmt=auto,456 Reviews,"Benefits
A one-step cleanser that removes makeup, sunscreen, grime, dirt, impurities and environmental hazards
Promotes a healthy skin microbiome to prevent irritations, minimize oxidative skin damage and keeps skin hydrated
Provides antimicrobial and antibacterial protection to help reduce signs of aging
Formulated for all skin tones, textures and types, including sensitive skin and blemish prone
Clinically and Dermatologist-Tested
Packaging may vary
Key Ingredients
Microsilver
Vegan Ceramides
Vitamins
Amino Acids
Proteins
Research Results
100% of subjects showed improvement in skin moisture
94% of subjects showed improvement in skin barrier function
74% of subjects showed improvement in skin brightness
Clinically proven to improve skin moisture by 113% immediately after use and 118% after 1 week
Item 2636494","Water, Stearic Acid, Glycerin, Propanediol, Potassium Hydroxide, Myristic Acid, Cocamidopropyl Hydroxysultaine, Bismuth Oxychloride, Carbomer, Sodium Cocoyl Isethionate, Ethylhexyl Hydroxystearate, Sucrose, Silver, Punica Granatum (Pomegranate) Sterols, Cocos Nucifera (Coconut) Oil, Linoleic Acid, Squalane, Caffeine, Cocos Nucifera (Coconut) Fruit Juice, Cocos Nucifera (Coconut) Water, Amaranthus Caudatus Seed Oil, Hordeum Distichon (Barley) Extract, Triticum Vulgare (Wheat) Germ Oil, Sodium Hyaluronate, Mica, Coconut Alkanes, Coco-Caprylate/Caprate, Sodium Chloride, Dicaprylyl Ether, Titanium Dioxide (Ci 77891), Calcium Aluminum Borosilicate, Polyquaternium-39, Lecithin, Sodium Benzoate, Ferric Ferrocyanide (Ci 77510), Glyceryl Undecylenate, Trisodium Ethylenediamine Disuccinate, Citric Acid, Glyceryl Caprylate.","Lather a nickel-size amount on wet palms, working up a creamy, soft foam.
Massage onto wet face, removing makeup and grime. Rinse thoroughly with warm water and pat dry.
Use AM to brighten, refresh and arm your defenses to protect skin against environmental hazards. Use PM to remove makeup and dirt.
Follow with C Refiner Vitamin C Serum and Pro-Bio Moisture Boost Cream for best results.
Packaging may vary"
pimprod2051728,FARMACY,Mini Green Clean Gentle Creamy Cleanser,Cleansers,Face Wash,$14.00,1.7 oz,https://media.ulta.com/i/ulta/2641308?w=100&h=100&fmt=auto,,"Benefits
Dissolves makeup and buildup
Designed for normal to sensitive skin and gentle enough for daily use
Fragrance-free formula is packed with a blend of upcycled moringa, oat, and vitamin F to support your moisture barrier and leave your skin looking healthy and refreshed
Key Ingredients
Moringa: packed with antioxidants that gently cleanse, soften, and hydrate
Upcycled Apple and Oats: lock in moisture to soothe and nourish skin
Vitamin F: supports your skin barrier with essential fatty acids
Research Results
In a consumer panel on 30 subjects, immediately after use, 100% agreed:
Skin felt hydrated post-wash
Signs of sensitivity/dryness looked reduced
The creamy texture nourished skin
The product provided a gentle yet effective cleanse
The product removed dirt, makeup, and impurities
Item 2641308","Water/Aqua/Eau, Glycerin, Cocamidopropyl Hydroxysultaine, Sodium Cocoyl Isethionate, Magnesium Aluminum Silicate, Polyglyceryl-3 Methylglucose Distearate, Sodium Methyl Cocoyl Taurate, Avena Sativa (Oat) Kernel Oil, PCA Glyceryl Oleate, Saccharide Isomerate, Butyrospermum Parkii (Shea) Butter, Cetearyl Alcohol, Glyceryl Stearate, Moringa Oleifera Seed Oil, Aloe Barbadensis Leaf Juice, Linoleic Acid, Pyrus Malus (Apple) Fruit Extract, Coco-Glucoside, Glyceryl Oleate, Sodium Chloride, Coconut Acid, Sodium Polyacryloyldimethyl Taurate, Hydroxyacetophenone, 1,2-Hexanediol, Caprylyl Glycol, Sodium Isethionate, Palmitic Acid, Linolenic Acid, Sodium Citrate, Stearic Acid, Tocopherol, Sodium Methyltaurate, Oleic Acid, Quartz, Xanthan Gum, Hydrogenated Palm Glycerides Citrate, Potassium Sorbate, Sodium Benzoate, Citric Acid.
The list of ingredients is subject to change. Please consult the packaging of the product purchased.","Start with your favorite Farmacy Cleansing Balm (sold separately) to remove makeup.
-Then apply Whipped Foaming Cleanser daily AM/PM to wet skin.
-Rinse and pat dry.
-Avoid direct contact with eyes."
pimprod2033454,Carbon Theory.,Salicylic Acid & Shea Butter Exfoliating Cleansing Bar,Cleansers,Face Wash,$10.99,3.5 oz,https://media.ulta.com/i/ulta/2597447?w=100&h=100&fmt=auto,10 Reviews,"Benefits
Nourishes & hydrates skin
Cleanses & Exfoliates complexion without clogging pores
Key Ingredients
Salycilic Acid (1.8%): exfoliates, smoothes the skin and is known to reduce breakouts by keeping pores clear without affecting the skins natural barrier
Shea Butter: keeps skin nourished and hydrated
Item 2597447","Sodium Palmate, Sodium Palm Kernelate, Aqua (Water), Glycerin, Salicylic Acid, Butyrospermum Parkii (Shea) Butter, Sodium Citrate, Tetrasodium Glutamate Diacetate, Citric Acid, Sodium Chloride, Cl 77891 (Titanium Dioxide).","Activate Cleansing bar with warm water, apply salicylic foam to a wet face and massage into the complexion for 30 seconds before rinsing thoroughly, use daily.
Precautions: Avoid contact with eyes, if product enters eyes rinse well with warm water."
pimprod2005168,Klairs,Freshly Juiced Vitamin E Mask,Treatment & Serums,Face Masks,$27.00,3.04 oz,https://media.ulta.com/i/ulta/2546687?w=100&h=100&fmt=auto,312 Reviews,"Benefits
Boosts skin's radiance and brightness
Softens the appearance of fine lines and wrinkles
Quenches and locks in hydration for plump and supple skin
Nourishes skin with antioxidants and vitamins
Bouncy, pudding-like mask promotes healthy skin
pH: 5.5
Key Ingredients
Vitamin E: Helps skin bounce back from sun damage and strengthens the skin's protective barrier
Niacinamide/Vitamin B3: Brightens, minimizes the appearance of pores and softens the look of wrinkles
Adenosine: A yeast-derived ingredient that smooths the appearance of wrinkles
Centella Asiatica Extract: A plant extract with powerful soothing properties that calms irritation and breakouts
Ceramide: A naturally occurring component in skin that supports water-retention and improves skin's texture and softness
Formulated Without
Ethanol
Silicone
Artificial dyes
Artificial fragrances
Item 2546687","Water, Glycerin, Butylene Glycol, Tocopheryl Acetate, Niacinamide, Sodium Hyaluronate, Carrageenan, Gellan Gum, Betaine, Algin, Mannan, Ceramide NP, PEG-60 Hydrogenated Castor Oil, Acrylates/C10-30 Alkyl Acrylate Crosspolymer, Chlorphenesin, Arginine, Ethylhexylglycerin, Centella Asiatica Extract, Rubus Fruticosus (Blackberry) Fruit Extract, Salicornia Herbacea Extract, Phragmites Communis Extract, Adenosine, Lavandula Angustifolia (Lavender) Oil, Eucalyptus Globulus Leaf Oil, Pelargonium Graveolens Flower Oil, Citrus Limon (Lemon) Peel Oil, Citrus Aurantium Dulcis (Orange) Peel Oil, Cananga Odorata Flower Oil.","Apply a thin layer to clean, dry skin. Use in the morning as a daily moisturizer or apply a thicker layer before bed to use it as an overnight mask.
Tip 1: Mix a small amount into an essence or cream and use as a sleeping pack when your skin feels extra dry.
Tip 2 : Use with the Klairs Freshly Juiced Vitamin Drop to enhance the brightening benefits of your mask
Precautions: For external use only. Do not get into eyes."
pimprod2047678,LUSH,Happy Skin Enzymic Facial Exfoliator,Treatment & Serums,Face Peels & Exfoliators,$26.00,3.5 oz,https://media.ulta.com/i/ulta/2631723?w=100&h=100&fmt=auto,6 Reviews,"Benefits
Gentle physical exfoliation cleanses and brightens skin
Fresh fruit juices leave dull skin looking radiant
Key Ingredients
Fresh pineapple and jackfruit juices perk up dull, tired skin
Bamboo stem extract and tagua nut powder add a gentle physical exfoliation to reveal bright, radiant skin
Argan oil is hydrating and soothing
Item 2631723","Water, Safflower Petal Infusion, Stearic Acid, Sodium Cocoamphoacetate, Glyceryl Stearate & PEG-100 Stearate, Bamboo Stem Extract, Tagua Nut Powder, Glycerine, Triethanolamine, Cetearyl Alcohol, Argan Oil, Organic Extra Virgin Olive Oil, Fresh Pineapple Juice, Organic Rose Hip Oil, Jackfruit Juice, Sesame seed absolute, Vanilla Absolute, Tonka Absolute, Fair Trade Shea Butter, Coumarin, Fragrance, Methylparaben, Propylparaben.","Apply this polish to wet skin using a circular motion to reveal smooth, stunning skin. Rinse and glow."
pimprod2050027,St. Tropez,Ultimate Tan Face Brush,Suncare,Self-Tanning & Bronzing,$22.00,1 ct,https://media.ulta.com/i/ulta/2635405?w=100&h=100&fmt=auto,45 Reviews,"Benefits
Curved profile
Flawless streak-free application
Soft bristles
Item 2635405","Handle: 100% ABS Plastic.
Bristle: 100% Nylon.
Ferrule: 100% Aluminum.","Apply tanning product to brush.
Blend across cheekbones, forehead and jawline.
Use on hands and feet for streak-free results."
pimprod2046192,Winky Lux,Citrine Balm pH Lip Balm,Lips,Lip Balms & Treatments,$17.00,0.13 oz,https://media.ulta.com/i/ulta/2625601?w=100&h=100&fmt=auto,23 Reviews,"Features
pH technology adapts to skin for your most flattering shade
Infused with ceramides for hydration
Provides a subtle shimmer
Texture: Balm
Scent: Pink Coconut
Finish: Stain
Expected Result: Personalized warm-toned pink with a subtle shimmer
Benefits
pH matching lip balm that transforms to your skin's most flattering warm-toned pink
Provides a subtle shimmer
Infused with ceramides to enhance hydration
Inspired by citrine, a yellow-toned gem believed to carry the power of the sun
Item 2625601","C12-15 Alkyl Benzoate, Polyisobutene, Diisostearyl Malate, Octyldodecanol, Dibutyl Lauroyl Glutamide, Dibutyl Ethylhexanoyl Glutamide, Simmondsia Chinensis (Jojoba/jojoba) Seed Oil, Glycosphingolipids, Glycolipids, Aroma/Flavor, Synthetic Fluorphlogopite, Tin Oxide, Limonene. May Contain/Peut Contenir (±): CI 77891 (Titanium Dioxide/dioxyde de titane), CI 45410 (Red 27 Lake/laque rouge27), CI 77491, CI 77492, CI 77499 (Iron Oxides/oxydes de fer).",Apply Citrine Balm to bare lips and watch the pH technology magically transform into your skin's most flattering shade of warm-toned pink every time.
pimprod2006876,PMD,Clean Pro RQ Smart Facial Cleansing Device,Skincare Tools,Cleansing Brushes,$179.00,Blush,https://media.ulta.com/i/ulta/2551078?w=100&h=100&fmt=auto,208 Reviews,"Features
SonicGlow Technology: With 7000 vibrations per minute, PMD Clean deeply removes the skin's impurities by breaking down dirt and oil from within the pores
ActiveWarmth Facial Massage: ActiveWarmth technology featured on the PMD Clean Pro uses heat therapy combined with SonicGlow to activate your skincare by assisting with deeper absorption and effectiveness
Rose Quartz: Consisting of elements including magnesium, iron and oxygen, the stone aids in reducing inflammation and tension
Benefits
Deep daily cleansing
Minimize the appearance of blackheads
Deeper absorption of skincare products
Includes
PMD Clean Pro
Travel Case
USB Charging Cord
Item 2551078",,"Step 1: Rinse and Apply Cleanser-Rinse face with warm water and gently rub in cleanser.
Step 2: Wet and Power on Device-Rinse clean under water and power on device. We recommend modes 1 and 2 for optimum cleansing results.
Step 3: Smart Cleansing-Move brush head in circular motions, cleansing entire face. It is safe to spend more time in areas that may be of a personal concern.
Step 4: Rinse and Pat Dry-Rinse face and clean of any excess cleanser then pat dry.
Step 5: Massaging-Press the button on the back side to use ActiveWarmth. We recommend using mode 3 or 4 for massaging. Use the massager daily for anti-aging benefits."
pimprod2049649,ETUDE,Sunprise Mild Airy Finish Sun Milk,Suncare,Sunscreen,$18.00,1.85 oz,https://media.ulta.com/i/ulta/2634694?w=100&h=100&fmt=auto,11 Reviews,"Benefits
MINERAL SUNSCREEN WITH ZINC OXIDE: Provides instant UV protection with superior zinc oxide that soothes skin and controls excess sebum
LIGHTWEIGHT LIQUID FORMULA: Spreads thinly and lightly, providing a non-sticky, matte finish
BRIGHTENS SKIN FOR MAKEUP PREP: Prepares the skin with a radiant base, ideal for makeup application
PLANT-BASED GENTLE PROTECTION: Provides mild, soothing UV protection with natural extracts while effectively blocking UV rays for strong, long-lasting defense
DERMATOLOGICALLY TESTED: Passed the Human Skin Primary Irritation Test
SUBTLE, FRESH SCENT: Lightly scented for a refreshing feel
Key Ingredients
Sunflower seed oil
Baobab seed oil
Opuntia ficus-indica extract
Cares humillis root extract
Aloe vera leaf extract
Barbados cherry extract
Acai palm fruit extract
Item 2634694","Water / Aqua / Eau, Zinc Oxide (Nano), Disiloxane, Cyclohexasiloxane, Butyloctyl Salicylate, Propylene Glycol Dicaprylate, Propanediol, Methyl Trimethicone, Methyl Methacrylate Crosspolymer, Triethoxycaprylylsilane, Lauryl Polyglyceryl-3 Polydimethylsiloxyethyl Dimethicone, Sodium Chloride, 1,2-Hexanediol, Polymethylsilsesquioxane, Polyglyceryl-3 Polydimethylsiloxyethyl Dimethicone, Fragrance / Parfum, Caprylyl Glycol, Glyceryl Caprylate, Ethylhexylglycerin, Sodium Hyaluronate, Helianthus Annuus (Sunflower) Seed Oil, Adansonia Digitata Seed Oil, Butylene Glycol, Tocopherol, Opuntia Ficus-Indica Extract, Phenoxyethanol, Aloe Barbadensis Leaf Juice, Citric Acid, Potassium Sorbate, Carex Humillis Root Extract, Sodium Benzoate, Malpighia Emarginata (Acerola) Fruit Extract, Euterpe Oleracea Fruit Extract, Terminalia Ferdinandiana Fruit Extract.","Shake well before use. At the final step of your skincare routine, apply an even layer to areas exposed to UV rays, such as the face and neck.
For external use only. Do not use on damaged or broken skin. Keep out of eyes. If contact occurs, rinse thoroughly with water. Stop use and consult a doctor if a rash occurs. Keep out of reach of children. If swallowed, seek medical help or contact a Poison Center immediately."
pimprod2007101,The Ordinary,100% Organic Cold-Pressed Moroccan Argan Oil for Skin & Hair,Moisturizers,Face Oils,$7.80,1.0 oz,https://media.ulta.com/i/ulta/2551161?w=100&h=100&fmt=auto,282 Reviews,"Benefits
Moisturizes the skin
Smooths over dry patches
Softens and strengthens hair
Formulated Without
Water
Alcohol
Silicone
Gluten
Item 2551161",Argania Spinosa Kernel Oil.,"The Ordinary recommends performing a patch test prior to incorporating a new product into your skin care routine.
Skin Application: Apply a few drops to the entire face once daily or as needed. Hair Application: Work through clean hair daily or as needed."
pimprod2049269,ma:nyo,Panthetoin Essence Toner,Cleansers,Toner,$22.00,6.76 oz,https://media.ulta.com/i/ulta/2635110?w=100&h=100&fmt=auto,155 Reviews,"Features
A patented ingredient that helps to provide long-lasting hydration immediately.
Loaded with moisturizing factors, skin barrier reparing ingredients.
It is suitable for all skin types, especially for sensitive skin.
Key Ingredients
Panthetoin - Unique formulation of Panthenol (B5, 20,000 ppm) and Ectoin (5,000 ppm). It helps provide and retain moisture, keeping the skin moisturized all day.
Ceramides - with smaller-than-pore particles, it helps to provide deep moisture and protect the skin barrier.
Allantoin - helps soothe and soften rough skin, leaving it dead skin cells-free.
Formulated Without
Fragrances
Artificial colors
Paraben
Item 2635110","Water, Dipropylene Glycol, Glycerin, 1,2-Hexanediol, Methylpropanediol, Candida Bombicola/Glucose/Methyl Rapeseedate Ferment, Cynanchum Atratum Extract, Althea Rosea Flower Extract, Panthenol(4,000pm), Macadamia Integrifolia Seed Oil, Hellanthus Annuus (Sunflower) Seed Oil, Hydrolyzed Hyaluronic Acid, Squalane, Allantoin, Ectoin(1,000pm), Ceramide NP, Hydroxyphenyl Propamidobenzoic Acid, Sodium Chloride, Butylene Glycol, Sodium Bicarbonate, Calcium Chloride, Potassium Chloride, Phytosphingosine, Neopentyl Glycol Diethylhexanoate, Pentylene Glycol, Polyglyceryl-3 Methylglucose Distearate, Betaine, Hydroxyethyl Acrylate/Sodium Acryloyldimethyl Taurate Copolymer, Polyglyceryl-10 Laurate, Polyglyceryl-10 Myristate, Caprylyl Glycol, Diphenyl Dimethicone, Acrylates/C10-30 Alkyl Acrylate Crosspolymer, Triethylhexanoin, Tromethamine, Propanediol, Sorbitan Isostearate, Hydrogenated Lecithin, Ascorbyl Palmitate, Ethylhexylglycerin.","Pour into palm and pat gently into the skin until fully absorbed.
Apply two to three more layers for more moisture."
pimprod2050331,Pacifica,Comfort Mist Daily Calming Spray,Moisturizers,Face Mists & Essences,$12.00,4 oz,https://media.ulta.com/i/ulta/2633258?w=100&h=100&fmt=auto,10 Reviews,"Benefits
Who: all skin types, especially dry, irritated, sensitive skin
Action: hydrate + soothe anytime
Power Players: red seaweed + green tea + sea water + glycerin + chamomile flower
100% PCR PET Bottle, 30% PCR Pump
Made in USA
Key Ingredients
Red Seaweed
Green Tea
Sea Water
Glycerin
Chamomile Flower
Formulated Without
Parabens
Phthalates
Mineral Oil
Other ingredients you don't want
Item 2633258","Aqua, Aloe Barbadensis Leaf Juice, Sorbitan Oleate Decylglucoside Crosspolymer, Phenoxyethanol, Ethylhexylglycerin, Glycerin, Pentapeptide-59, Hydrogenated Lecithin, Butyrospermum Parkii (Shea) Butter, Phenethyl Alcohol, Maltodextrin, Sarcothalia Circumcincta (Red Seaweed), Camellia Sinensis (Green Tea) Leaf Extract, Cyathea Medullaris (Black Tree Fern) Leaf Extract, Ribes Nigrum (Black Currant) Fruit, Pentylene Glycol, Allantoin, Sepiolite Extract, Chamomilla Recutita (Matricaria) Flower Extract, Sodium Hyaluronate, Tocopherol, Parfum (Natural).","Shake well befor use to ensure all ingredients are properly mixed. Close your eyes and gently mist your face and neck with 2-3 sprays allowing the mist to settle. Can be used throughout the day or whenever you need a moment of calm, or a refreshing pick me up.
Pro tip: Keep your face hydrated and refreshed throughout the day by misting a calming spray from arm's length, then gently patting it into your skin for an instant boost of moisture and relaxation.
Avoid contact with eyes. If irritation occurs, discontinue use.Keep out of reach of children. External use only."
pimprod2038431,Jack Black,Brightening Booster Vitamin C Serum,Treatment & Serums,Face Serums,$45.00,1.0 oz,https://media.ulta.com/i/ulta/2609338?w=100&h=100&fmt=auto,345 Reviews,"Benefits
Paraben-free
Fragrance-free
Sulfate-free
Dermatologist-tested
Cruelty-free
Made in the USA
Key Ingredients
Tetrahexyldecyl Ascorbate (THD-Ascorbate): A very stable, oil-soluble Vitamin C ester that has been shown to improve skin brightness and skin pigmentation with continued use
Green Microalgae: Sustainably farmed; helps protect against the effects of blue light
Black Myrobalan: Used in Ayurveda and revered for its purifying and nourishing properties. A powerful antioxidant that protects against free radical damage and has been shown to improve skin's brightness with continued use
Acetyl Zingerone: A super-antioxidant that helps protect against free radical damage
Research Results
In a Consumer Perception Study, after 4 weeks of use:*
A significant number of participants reported that skin looked brighter and revitalized
They said Brightening Booster Vitamin C Serum is hydrating and moisturizing
A significant number of participants said their skin looked firmer, with a reduction in fine lines and wrinkles
A majority of participants reported improved overall appearance of the skin
*Based on a consumer perception study of 30 subjects after 4 weeks of use two times per day, morning and evening, after cleansing
Item 2609338","Aqua/Water/Eau, Tetrahexyldecyl Ascorbate, Propanediol, Glycerin, Caprylic/Capric Triglyceride, Dimethicone, Helianthus Annuus (Sunflower) Seed Oil, Arachidyl Alcohol, Terminalia Chebula Fruit Extract, Cetearyl Alcohol, Bis-PEG-18 Methyl Ether Dimethyl Silane, Phenoxyethanol, Behenyl Alcohol, Acetyl Zingerone, Arachidyl Glucoside, Acrylates/C10-30 Alkyl Acrylate Crosspolymer, Caprylyl Glycol, Dipropylene Glycol, Polyethylene Glycol Monomethyl Ether, Hydroxyethyl Acrylate/Sodium Acryloyldimethyl Taurate Copolymer, Sodium Hydroxide, Tocopherol, Scenedesmus Rubescens Extract, Dimethiconol, Panthenol, Ethylhexylglycerin, Hydrogenated Lecithin, Sorbitan Olivate, Cetearyl Olivate, Disodium EDTA, Camellia Sinensis Leaf Extract, Olea Europaea (Olive) Fruit Oil, Linum Usitatissimum (Linseed) Seed Extract, Laminaria Digitata Extract, Punica Granatum Fruit Extract, Polysorbate 60, Sorbitan Isostearate
As part of Jack Black's commitment to always offer the highest quality products, some of the ingredients in their formulations may be updated from time to time. The ingredient list shown here may vary from product packaging, depending on the location and timing of purchase. In addition, packaging may have also been updated from what appears on this website.","After cleansing, use fingertips to apply 1-2 pumps to face and neck. Can be used twice daily for added benefits. Apply sunscreen before going outdoors."
pimprod2004252,DHC,Concentrated Eye Cream Eye Moisturizer,Eye Treatments,Eye Cream,$37.00,0.7 oz,https://media.ulta.com/i/ulta/2544327?w=100&h=100&fmt=auto,279 Reviews,"Benefits
Provides moisture relief and targets fine lines, crow's feet and dark circles
Botanical antioxidants help protect against free radicals and environmental stressors
Offers soothing relief with cucumber and ginseng extracts
Fast-absorbing and non-greasy formula
Fragrance-free and colorant-free
Ideal for all skin types, including dry and sensitive
Key Ingredients
Organic Olive Oil: Rich in antioxidants, it maintains the skin's moisture barrier and helps protect against free radicals.
Tocopherol (vitamin E): Natural skin conditioner and antioxidant that protects against free radical damage
Sodium Hyaluronate: A derivative of hyaluronic acid, acts as an excellent skin conditioner and humectant to promote hydrated skin.
Squalane: Antioxidant-rich, olive-derived squalane moisturizes and helps skin feel soft.
Item 2544327","Water/Aqua/Eau, Butylene Glycol, Cucumis Sativus (Cucumber) Juice, Caprylic/Capric Triglyceride, Olea Europaea (Olive) Fruit Oil, Stearic Acid, Hydrogenated Palm Oil, Squalane, Glycerin, Pentylene Glycol, Polysorbate 60, Cetyl Alcohol, Sorbitan Stearate, Carthamus Tinctorius (Safflower) Seed Oil, Alcohol, Potassium Hydroxide, Rosmarinus Officinalis (Rosemary) Leaf Extract, Carbomer, Leuconostoc/Radish Root Ferment Filtrate, Salix Alba (Willow) Bark Extract, Magnesium Aluminum Silicate, Dipotassium Glycyrrhizate, Tocopherol, Biosaccharide Gum-1, Aesculus Hippocastanum (Horse Chestnut) Extract, Sodium Hyaluronate, Sasa Veitchii Leaf Extract, Panax Ginseng Root Extract, Citric Acid , Royal Jelly Extract, Phenoxyethanol.","After applying liquid lotion, use the tip of your finger to lightly pat cream under and around eyes. Follow with facial moisturizer."
pimprod2046321,Pixi,+HYDRA LipTreat Tinted Lip Balm,Lips,Lip Balms & Treatments,$8.00,Nectar,https://media.ulta.com/i/ulta/2625611?w=100&h=100&fmt=auto,31 Reviews,"Benefits
Ensures lips are cocooned with moisture and a lush veil of colour.
A fusion of a moisturizing lip treat and luxurious colour, in seven shades.
Key Ingredients
Hyaluronic Acid ensures plumpness and hydrates
Avocado Oil boosts antioxidants and rejuvenates
Shea Butter smooths and conditions
Item 2625611","Tridecyl Trimellitate, Octyldodecanol, Polyisobutene, Polyglyceryl-3 Diisostearate, Candelilla Cera/Euphorbia Cerifera (Candelilla) Wax/Cire de Candelilla, Cera Carnauba/Copernicia Cerifera (Carnauba) Wax/Cire de Carnauba, Behenyl Behenate, Polyhydroxystearic Acid, Mentha Arvensis Leaf Oil, Persea Gratissima (Avocado) Oil, Butyrospermum Parkii (Shea) Butter, Helianthus Annuus (Sunflower) Seed Oil, Simmondsia Chinensis (Jojoba) Seed Oil, Plukenetia Volubilis Seed Oil, Ricinus Communis (Castor) Seed Oil, Sodium Hyaluronate, Hydrogenated Castor Oil, Pentaerythrityl Tetra-di-t-butyl Hydroxyhydrocinnamate, Tocopheryl Acetate, Ethylhexyl Palmitate, Tribehenin, Sorbitan Isostearate, Lactic Acid, Palmitoyl Tripeptide-1, Tocopherol, Phenoxyethanol, Limonene, Aluminum Hydroxide, Titanium Dioxide (CI 77891), Iron Oxides (CI 77491, CI 77492, CI 77499), Red 7 (CI 15850).",Smooth onto clean lips.
pimprod2048512,Oak Essentials,Balancing Mist,Moisturizers,Face Mists & Essences,$44.00,3.4 oz,https://media.ulta.com/i/ulta/2631903?w=100&h=100&fmt=auto,410 Reviews,"Benefits
Instantly refreshes skin
Aromatic oils provide a spa-like experience
Balances and helps soothe skin
Great for face and body
Locks in moisture
Use as a toner, to set makeup or refresh skin throughout the day
Recyclable glass bottle
Key Ingredients
Rose Water: Naturally rich in antioxidants, it helps skin retain moisture
Aloe Leaf Juice: Refreshing yet soothing, it is packed with antioxidants and antimicrobial compounds
Glycerin: A humectant that draws moisture from the environment and locks it in
Aromatherapy Oil Blend: Lavender, Frankincense, and Cedarwood Oil nourish and soothe skin while providing a calming, spa-like experience.
Formulated Without
Made simply and without compromise, their skincare formulas are non-GMO and organic whenever possible, and always formulated without synthetic fragrances, silicones, colorants, sulfates, phthalates, parabens, PEGs, petrolatum, mineral oil, and nanoparticles.
Item 2631903","Water (Aqua, Eau), Rosa Damascena Flower Water, Helianthus Annuus (Sunflower) Seed Oil, Glycerin, Lavandula Angustifolia (Lavender) Oil, Abies Balsamea (Balsam Canada) Needle Oil, Juniperus Virginiana Wood Oil, Boswellia Carterii Oil, Aloe Barbadensis Leaf Juice, Beta-Sitosterol, Squalene, Tocopherol, Xanthan Gum, Ethylhexylglycerin, Phenoxyethanol, Potassium Sorbate, Lactic Acid, Limonene, Linalool.
Ingredients are subject to change at the manufacturer's discretion. For the most complete and up-to-date list of ingredients, refer to the product packaging","Use AM and PM daily. Gently shake before each use to emulsify the ingredients. Hold bottle 3-4 inches away from face and body and mist generously to prep skin, set makeup, and hydrate throughout the day. For best results, use on damp skin prior to Ritual Oil and Moisture Rich Balm.
Warning: For external use only. Keep out of reach of children. Avoid contact with eyes. If contact occurs, rinse well with water immediately. Do not ingest. Do not store at elevated temperatures."
pimprod2049646,Isntree,Onion Newpair Sunscreen SPF 40,Suncare,Sunscreen,$22.30,1.69 oz,https://media.ulta.com/i/ulta/2634355?w=100&h=100&fmt=auto,8 Reviews,"Benefits
Natural Correction: Covers dark spots and blemishes for an even complexion.
Pore Blurring Effect: Smoothens uneven skin texture, leaving pores less visible.
Light & Moist Formula: Creamy texture with a unique purple tint that feels lightweight and provides long-lasting hydration.
No White Cast, Silky Finish: Seamlessly absorbs, leaving skin smooth without any white residue.
Fragrance-Free: A naturally derived scent, ideal for sensitive skin.
Features
Purple Protector with Skin Evening Benefits: This unique purple formula balances and brightens skin tone while providing SPF 40 PA++ broad-spectrum sun protection against harmful UV rays.
Onion Extract & Multi-Vitamin Complex: A potent blend of onion extract and vitamins B, E, and K, working together to reduce dark spots, boost radiance, and provide antioxidant protection for healthy, nourished skin.
Non-Comedogenic & Sensitive Skin-Friendly: Minimizes irritation and won’t clog pores, making it perfect for sensitive skin.
Key Ingredients
Onion Extract (5%): Sourced from the mineral-rich, germanium-enriched soil of Nuan Mountain in Korea, this extract harnesses the powerful nutrients of Nuan Mountain Red Onion to soothe troubled spots and blemishes.
Multi-Vitamin Complex: A blend of Vitamins B, E, and K that work together to enhance skin radiance, provide antioxidant protection, and support overall skin nutrition and health.
Glycoprotein: Derived from pine leaves, this plant-based protein helps protect the skin from external pollutants and smoothens its texture, aiding in maintaining skin health.
Item 2634355","Water, Butyloctyl Salicylate, Butylene Glycol, Acrylates Copolymer, Niacinamide, Polymethylsilsesquioxane, C20-22 Alkyl Phosphate, C20-22 Alcohols, 1,2-Hexanediol, Glycerin, Pentylene Glycol, Caprylyl Methicone, Cetyl Alcohol, Dicaprylyl Carbonate, Glyceryl Stearate, Tromethamine, Poly C10-30 Alkyl Acrylate, Silica, Coco-Caprylate/Caprate, Dimethicone/Vinyl Dimethicone Crosspolymer, Dimethiconol, Trisiloxane, Polyacrylate Crosspolymer-6, Sodium Acrylate/Sodium Acryloyldimethyl Taurate Copolymer, Polyisobutene, Allium Cepa (Onion) Bulb Extract, Ethylhexylglycerin, Kaolin, Adenosine, Polyhydroxystearic Acid, Xanthan Gum, Triethoxycaprylylsilane, Alumina, Sorbitan Oleate, Caprylyl/Capryl Glucoside, Tocopherol, Allantoin, Panthenol, Houttuynia Cordata Extract, Caprylic/Capric Triglyceride, Hydrogenated Lecithin, Polyglycery-10 Disostearate, Glycoproteins, Menadione, Ultramarines(Cl77007), Titanium Dioxide(CI 77891), Avobenzone, Homosalate, Octinoxate, Octisalate, Octocrylene.","At the final stage of your skincare routine, apply an appropriate amount to your face and gently pat until absorbed.
For external use only. Do not use on damaged or broken skin. When using this product keep out of eyes. Rinse with water to remove. Stop use and ask a doctor if rash or irritation develops and lasts. Keep out of reach of children. If swallowed, get medical help or contact a Poison Control Center right away."
pimprod2046106,Clarins,V-Facial Instant Depuffing Face Mask,Treatment & Serums,Face Masks,$70.00,2.5 oz,https://media.ulta.com/i/ulta/2622442?w=100&h=100&fmt=auto,163 Reviews,"Benefits
Visibly reduces puffiness
Refines facial contours
Promotes even skin tone
Contains Clarins' Anti-Pollution Complex
Key Ingredients
Beautyberry, Zerumbet Ginger, and Horse Chestnut Escin: Visibly minimize facial puffiness.
White Clay: Mattifies and visibly refines the complexion.
Lady's Mantle: Boosts skin’s radiance.
Research Results
Say goodbye to visible puffiness and swelling, which can be brought about by late nights out, stress, heat, and hormonal changes.
82% experienced visibly relieved facial heaviness*
70% experienced visibly reduced facial puffiness*
*In a 4-week satisfaction test with 100 women
Item 2622442","Water, Glycerin, Kaolin, Alcohol, Cetearyl Ethylhexanoate, Cetearyl Alcohol, Betaine, Cetyl Alcohol, Polymethyl Methacrylate, Butylene Glycol, Caffeine, Glyceryl Stearate, Ci 77891/Titanium Dioxide, Gellan Gum, Dimethicone, Phenoxyisopropanol, Escin, Ethylhexylglycerin, Sodium Cetearyl Sulfate, Sodium Lauryl Sulfate, Sodium Acrylates Copolymer, Hydrogenated Polyisobutene, Disodium Edta, Zingiber Zerumbet Extract, Parfum/Fragrance, Phospholipids, Polyglyceryl-10 Stearate, Helianthus Annuus (Sunflower) Seed Oil, Tromethamine, Alumina, Ethylene Brassylate, Xylitol, Alchemilla Vulgaris Extract, Callicarpa Japonica Fruit Extract.","Apply to clean, dry skin.
Smooth a thick layer over your face and neck, avoiding eye contours.
Leave on for 10 minutes.
Optimize the visibly refining effect with Clarins's exclusive Manual Auto-Lifting Method:
Place your left elbow in palm of your right hand, and rest your chin in the left palm.
Gently move your head to the left.
Completely relax the weight of your head in your palm for a few seconds.
Repeat four times.
Perform the same movements for the right side of your face.
Rinse with cool water."
pimprod2042363,ELEMIS,The Gift of Pro-Collagen Icons,By Category,Skin Gifts,$125.00,,https://media.ulta.com/i/ulta/2619259?w=100&h=100&fmt=auto,4 Reviews,"Benefits
Deeply cleanses, nourishes, and smooths
98% agreed the Pro-Collagen Cleansing balm quickly and easily removes makeup, daily grime, and visible pollutants*
Pro-Collagen Marine Cream SPF 30 clinically proven to significantly reduce the appearance of fine lines and wrinkles in 14 days**
*Independent User trials 2021. Results based on 120 people over 2 weeks
**Independent Clinical Trials 2021. Results based on 37 people over 4 weeks
Key Ingredients
Padina Pavonica (Both Products): A brown algae found on the Mediterranean coast that is known to support the feeling of hydration
Elderberry Oil (Pro-Collagen Cleansing Balm): Contains high levels of essential Fatty Acids and other micronutrients that are key to keeping skin healthy
Includes
Pro-Collagen Cleansing Balm (1.7 oz)
Pro-Collagen Marine Cream SPF 30 (1.69 oz)
Item 2619259","PRO-COLLAGEN CLEANSING BALM: Prunus Amygdalus Dulcis (Sweet Almond) Oil, Caprylic/Capric Triglyceride, PEG-6 Caprylic/Capric Glycerides, PEG-8 Beeswax, Cetearyl Alcohol, Sorbitan Stearate, Sambucus Nigra Oil, PEG-60 Almond Glycerides, Silica, Avena Sativa (Oat) Kernel Oil, Triticum Vulgare (Wheat) Germ Oil, Butyrospermum Parkii (Shea Butter), Citrus Aurantium Dulcis (Orange) Peel Wax, Glycerin, Lecithin, Borago Officinalis Seed Oil, Lavandula Angustifolia (Lavender) Oil, Phenoxyethanol, Cocos Nucifera (Coconut) Oil, Linalool, Lavandula Hybrida Oil, Pelargonium Graveolens Flower Oil, Eucalyptus Globulus Leaf Oil, Geraniol, Acacia Decurrens Flower Wax, Rosa Multiflora Flower Wax, Tocopherol, Anthemis Nobilis Flower Oil, Cocoyl Hydrolyzed Collagen, Limonene, Mentha Arvensis Leaf Oil, Simmondsia Chinensis (Jojoba) Seed Oil, Citrus Aurantium Dulcis (Orange) Oil, Fragrance (Parfum), Vitis Vinifera (Grape) Seed Oil, Menthol, Eugenia Caryophyllus (Clove) Leaf Oil, Citral, Padina Pavonica Thallus Extract.
PRO-COLLAGEN MARINE CREAM SPF 30: Aqua/Water/Eau, Glycerin, Caprylic/Capric Triglyceride, Glyceryl Stearate SE, Isononyl Isononanoate, Dicaprylyl Carbonate, Dimethicone, Butyl Methoxydibenzoylmethane, Ethylhexyl Methoxycinnamate, Phenoxyethanol, Polyacrylate-13, Butylene Glycol, Cetyl Alcohol hydroxyacetophenone, Octocrylene, Stearic Acid, Tocopheryl Acetate, Coco-Caprylate, Xanthan Gum, Chlorphenesin, Polyisobutene, Fragrance (Parfum), Disodium EDTA, Tocopherol, Butyrospermum Parkii (Shea) Butter, Triticum Vulgare (Wheat) Germ Oil, Chlorella Vulgaris Extract, Glyceryl Polyacrylate, Daucus Carota Sativa (Carrot) Root Extract, Glyceryl Acrylate/Acrylic Acid Copolymer, Lecithin, Padina Pavonica Thallus Extract, Sodium Dehydroacetate, Polysorbate 20, Sorbitan Isostearate, Ginkgo Biloba Leaf Extract, Porphyridium Cruentum Extract, Mimosa Tenuiflora Bark Extract, Rosa Damascena Flower Extract, Collagen Amino Acids, Linalool, Citronellol,Leuconostoc/Radish Root Ferment Filtrate, Potassium Sorbate, Limonene, Geraniol, Sodium Benzoate, Citric Acid.","Use Pro-Collagen Cleansing Balm daily as a cleanser: Warm a pea-sized amount of Pro-Collagen Cleansing Balm between palms and then massage over face, neck and décolleté with light circular massage movements. Moisten fingertips and continue to massage. Remove with a warm, damp cleansing cloth.
Use Pro-Collagen Marine Cream SPF 30 every morning after cleansing: Warm a pea-sized amount of Pro-Collagen Marine Cream SPF 30 between palms. Gently smooth over face, neck and décolleté in upward strokes."
pimprod2001866,FOREO,Call It A Night Revitalizing & Nourishing UFO Activated Sheet Masks,Treatment & Serums,Face Masks,$10.99,,https://media.ulta.com/i/ulta/2531883?w=100&h=100&fmt=auto,20 Reviews,"Benefits
Fresh & Flora Scent: Indulge your senses with this soothing combination of earthy florals and fresh fruit. As the mask notes arrive at your palette, you'll feel completely relaxed, and so will your skin
Smooth Plush Microfiber: This soft, ultra-fine fabric has a high capacity for moisture retention, allowing each mask to be super concentrated. Its smooth texture glides effortlessly across the skin
Suitable for All Skin types: This formula is designed to replenish and beautify all skin types at the end of each day, especially those experiencing dryness or skin fatigue
Key Ingredients
Ginseng instantly revitalizes skin, revealing a luminous complexion
Olive oil deeply nourishes skin while you sleep, so you wake up with a healthy glow
Item 2531883",Ginseng and olive oil.,"Recommended to use every morning and evening when skin is dry and fatigued. Secure the mask on UFO device. Press button to turn on & activate Make My Day Treatment. Glide across clean, dry face and massage with device until 3 quick pulses indicate the end of your treatment. Pat any remaining essence into our skin, until completely absorbed.
Precautions: For external use only. Avoid contact with eyes. Keep out of reach of children. Discontinue use if signs of irritation and/or rash appear."
pimprod2037244,,,,,,,,,,,
pimprod2049292,Sun Bum,Baby Bum SPF 50 Sunscreen Face Stick,Suncare,Sunscreen,$12.49,0.45 oz,https://media.ulta.com/i/ulta/2635072?w=100&h=100&fmt=auto,1 Review,"Benefits
Broad spectrum, lightweight, moisturizing sunscreen stick is made of minerals to protect the skin from UVA/UVB rays. Smooth glide stick rubs in easily and is great for face, lips, nose, and ears.
100% Mineral Based Protection:Applies and absorbs easily with a non-oily feel.
Features
Fragrance Free for Sensitive Skin
Mineral Sunscreen
Pediatrician Tested
Water Resistant (80 minutes)
Formulated Without
Parabens
Oxybenzone & Octinoxate
Item 2635072","Zinc Oxide (19.2%), Cocos Nucifera (Coconut) Oil, Persea Gratissima (Avocado) Oil, Limnanthes Alba (Meadowfoam) Seed Oil, Linum Usitatissimum (Linseed) Seed Oil, Oryza Sativa (Rice Bran) Wax, Butyloctyl Salicylate, Ozokerite, Copernicia Cerifera (Carnauba) Wax, Butyrospermum Parkii (Shea Butter), Oryzanol, Euphorbia Cerifera (Candelilla) Wax, Theobroma Cacao (Cocoa) Seed Butter, Carthamus Tinctorius (Safflower) Seed Oil, Jojoba Esters, Tocopherol, Bisabolol.","Chase them down and get their face. Swipe across forehead starting at the hairline and work your way down careful not to miss a spot. Be liberal and be sure to get their little ears. Apply 15 minutes before exposure to the sun. Reapply after 80 minutes of sweating or swimming, and immediately after a towel dry. At least every two hours is a great rule to live by.
Precautions: For external use only. Do not use on damaged or broken skin. When using this product keep out of eyes. Rinse with water to remove. Stop use and ask a doctor if rash occurs. Keep out of reach of children. If swallowed, get medical help or contact a Poison Control Center immediately."
pimprod2045275,IT Cosmetics,Your Ultimate Cleanse & Hydrate Duo,By Category,Skin Gifts,$62.00,,https://media.ulta.com/i/ulta/2626171?w=100&h=100&fmt=auto,3 Reviews,"Includes
Confidence in a Cleanser Hydrating Facial Cleanser Serum: 5 US fl. oz/148 ml
Confidence in a Cream Anti-Aging Hydrating Moisturizer: 2 US fl. oz/60 ml
Benefits
Confidence in a Cream Hydrating Moisturizer transforms the look of your skin for a supple, healthier, younger-looking appearance
Confidence in a Cleanser gently removes all traces of makeup and leaves your skin feeling soft, refreshed and perfectly balanced
Item 2626171","Confidence in a Cleanser Hydrating Facial Cleanser Serum: Aqua / Water / Eau, Glycerin, Sodium Methyl Cocoyl Taurate, Coco-Betaine, Sodium Cocoyl Isethionate, Sodium Chloride, Ppg-5-Ceteth-20, Glycol Distearate, Sodium Hydroxide, Acrylates/C10-30 Alkyl Acrylate Crosspolymer, Phenoxyethanol, Glyceryl Stearate, Citric Acid, Peg-100 Stearate, Coconut Acid, Coco-Glucoside, Caprylyl Glycol, Tocopherol, Peg-55 Propylene Glycol Oleate, Propylene Glycol, Squalane, Parfum / Fragrance, Salicylic Acid, Chlorphenesin, Glyceryl Oleate, Trisodium Ethylenediamine Disuccinate, Polyquaternium-53, Butyrospermum Parkii Butter / Shea Butter, Limonene, Peg-30 Dipolyhydroxystearate, Trideceth-6, Adenosine, Colloidal Oatmeal, Butylene Glycol, Benzoic Acid, Linalool, Geraniol, Ceramide Np, Sodium Hyaluronate, Hydroxypalmitoyl Sphinganine, Citronellol, Carbomer, Sodium Lactate, Ci 19140 / Yellow 5, Polysorbate 20, Palmitoyl Tripeptide-1, Palmitoyl Tetrapeptide-7
Confidence in a Cream Anti-Aging Hydrating Moisturizer: Aqua / Water / Eau, Glycerin, Niacinamide, Cetearyl Alcohol, Squalane, Hydroxyethylpiperazine Ethane Sulfonic Acid, Glyceryl Stearate, Dimethicone, Butyrospermum Parkii Butter / Shea Butter, Myristyl Myristate, Ethylhexyl Palmitate, Phenoxyethanol, Peg-100 Stearate, Caprylic/Capric Triglyceride, Caprylyl Glycol, Pentylene Glycol, Sodium Polyacrylate, Tocopherol, Hydrolyzed Rice Protein, Citric Acid, Sodium Hyaluronate, Pentaerythrityl Tetra-Di-T-Butyl Hydroxyhydrocinnamate, Ceramide Np, Adenosine, Trisodium Ethylenediamine Disuccinate, Colloidal Oatmeal, Linalool, Hydroxypalmitoyl Sphinganine, Butylene Glycol, Caramel, Limonene, Benzyl Benzoate, Carbomer, Sodium Lactate, Citral, Polysorbate 20, Palmitoyl Tripeptide-1, Palmitoyl Tetrapeptide-7, Parfum / Fragrance. N285722/2","Morning and Night:
• Gently massage Confidence in a Cleanser onto wet skin every morning and evening, avioding eye area, then rinse and pat dry.
• Massage Confidence in a Cream Anti-Aging Hydrating Moisturizer onto face, neck, décolleté, avoiding eye area, and anywhere your skin needs moisture and rejuvenation."
pimprod2022212,COSRX,Travel Size Advanced Snail 96 Mucin Power Essence,Travel Size Skin Care,,$8.50,1.01 oz,https://media.ulta.com/i/ulta/2577440?w=100&h=100&fmt=auto,"4,004 Reviews","Benefits
Improves overall skin radiance by targeting dullness and brightening the skin
Provides long-lasting hydration without leaving a greasy residue
Plumps the skin and supports healthy elasticity
Minimizes the look of fine lines and wrinkles
Enhances skin's natural glow
Highly concentrated formula contains 96% snail mucin
For all skin types, especially dehydrated and aging skin
Dermatologist-tested
Hypoallergenic
pH: 6.5-7.5
Key Ingredients
Snail Secretion Filtrate: A snail extract that brightens, hydrates, and supports healthy skin repair.
Sodium Hyaluronate: A form of hyaluronic acid that dramatically boosts skin moisture.
Arginine: An amino acid with antioxidant properties that supports elasticity.
Formulated Without
Parabens
Sulfates
Phthalates
Alcohol
Item 2577440","Snail Secretion Filtrate, Betaine, Butylene Glycol, 1,2-hexanediol, Sodium Hyaluronate, Panthenol, Arginine, Allantoin, Ethyl Hexanediol, Sodium Polyacrylate, Carbomer, Phenoxyethanol.","After cleansing and toning, apply a small amount on your hands and gently pat the product onto the face, using fingertips to aid absorption. Follow with moisturizer.
Precautions: For external use only."
pimprod2038246,Kiehl's Since 1851,Ultra Pure High-Potency 9.8% Glycolic Acid Serum,Treatment & Serums,Face Serums,$36.00,1.0 oz,https://media.ulta.com/i/ulta/2607984?w=100&h=100&fmt=auto,399 Reviews,"Benefits
Free of fragrance and colorants, this concentrated serum is minimally formulated for skin absorption and smoothing effect
Key Ingredients
Glycolic Acid: a naturally occurring fruit acid derived from sugar cane known to help smooth skin
Research Results
After 1 Week, 98% Agree Skin Feels Softer* Instantly, 83% Felt Refined Texture* Smoother Skin in 1 Week**
*Reported by consumers in a 4-week study **Expert grading in a 4-week clinical study
Item 2607984","Aqua/Water, Glycolic Acid, Glycerin, Alcohol Denat., Sodium Hydroxide, Sodium Hyaluronate, Hydroxyethylcellulose.","In the evening, apply 2 - 3 drops to clean, dry skin.
Try out Kiehl's Glycolic Acid serum skin hacks: Zone treat your face by applying Glycolic Acid Serum to areas prone to roughness. Follow with your favorite moisturizer where needed. Use as an exfoliating treatment for cracked heels. Layer with Kiehl's Hyaluronic Acid Serum to hydrate & rebalance skin's moisture. Layer with Kiehl's Niacinamide Serum to to reduce oil & sooth skin."
pimprod2049374,L'Occitane,Shea Butter Ultra Rich Lip Balm,Lips,Lip Balms & Treatments,$11.00,,https://media.ulta.com/i/ulta/2636213?w=100&h=100&fmt=auto,153 Reviews,"Benefits
Nourishes lips
Softens
Key Ingredients
Shea Butter: Rich in Omega 6, Shea Butter moisturizes and comforts the skin
Candelilla Wax: Known to help skin retain moisture.
Beeswax: Known to help to nourish, soften and protect skin from dryness.
Formulated Without
Silicones
Parabens
PEG
Phtalates
Item 2636213","Octyldodecanol, Butyrospermum Parkii (Shea) Butter, C10-18 Triglycerides, Euphorbia Cerifera Cera/Euphorbia Cerifera (Candelilla) Wax, Hydrogenated Coco-Glycerides, Hydrogenated Castor Oil, Cera Alba/Beeswax, C18-36 Acid Glycol Ester, C18-36 Acid Triglyceride, Ricinus Communis (Castor) Seed Oil, Simmondsia Chinensis (Jojoba) Seed Oil, Sucrose Tetrastearate Triacetate, Tocopheryl Acetate, Parfum/Fragrance, Benzyl Benzoate, Alpha-Isomethyl Ionone.",Apply on lips as often as desired.
pimprod2035486,Winky Lux,Amethyst pH Lip Balm,Lips,Lip Balms & Treatments,$17.00,0.13 oz,https://media.ulta.com/i/ulta/2600601?w=100&h=100&fmt=auto,23 Reviews,"Benefits
Infused with ceramides for hydration
Adds a subtle shimmer
Features a delicious sweet flavor
Item 2600601","C12-15 Alkyl Benzoate, Polyisobutene, Diisostearyl Malate, Octyldodecanol, Dibutyl Lauroyl Glutamide, Dibutyl Ethylhexanoyl Glutamide, Aroma/Flavor, Glycolipids, Glycosphingolipids, Simmondsia Chinensis (Jojoba) Seed Oil, Calcium Sodium Borosilicate, Tin Oxide, Limonene. May Contain/Peut Contenir (+/-): CI 77891 (Titanium Dioxide), CI 45410 (Red 28).",Apply to bare lips for hydrated pout or layer over your favorite lipstick for added glimmer.
pimprod2037437,Pacifica,Vegan Collagen Hydro-Treatment Eye & Smile Line Patches,Treatment & Serums,Sheet Masks,$8.00,4 ct,https://media.ulta.com/i/ulta/2605490?w=100&h=100&fmt=auto,9 Reviews,"Benefits
Targeted treatment to help address the signs of aging, smile lines, tired skin and dark circles
Great for combination, dry & aging skin types
Use with Vegan Collagen Overnight Recovery Cream
Formulated without parabens, phthalates, SLS or mineral oil
100% Vegan and Cruelty Free
Features
4 individual single use undereye & smile lines spot masks
Biodegradable biocellulose eye patches
Unscented
Key Ingredients
Vegan Collagen: Pacifica uses real collagen proteins produced through a plant-sourced fermentation process that uses zero animal inputs while demonstrating its equivalence to animal-derived collagens through structural, biochemical, physical and biological properties
Hyaluronic acid: Super hydrating skin plumper. This beloved ingredient that has been shown to hold 1000 times its weight in moisture
Item 2605490","Aqua, Glycerin, Sr-Hydrozoan Polypeptide 1 (Vegan Collagen), Cucumis Sativus (Cucumber) Fruit Extract, Sodium Ascorbyl Phosphate (Vitamin C), Sodium Hyaluronate, Aloe Barbadensis Leaf Juice, Albizia Julibrissin Bark Extract, Chamomilla Recutita (Matricaria) Flower Extract, Laminaria Japonica Extract, Macrocystis Pyrifera (Kelp) Extract, Betaine, Polyglyceryl-10 Laurate, Xanthan Gum, Sodium Citrate, Phenoxyethanol, Ethylhexylglycerin.","Apply to dry, clean skin.
Gently remove eye patch from mesh protective layer on both sides, apply one under each eye or smile lines.
Place patches sachet side down onto undereye area along the orbital bone, being careful to avoid direct contact with the eye.
Leave on for 10 to 15 minutes to allow product to fully absorb before gently removing.
Use immediately after opening and discard patches after each use.
No need to rinse your pretty face. Gently pat remaining serum on targeted undereye area.
Use one to two times a week for best results.
Precautions: Do not use directly in the eye. If irritation occurs, discontinue use. Patch test recommended before use."
pimprod2050817,dearcloud,Miffy Multipurpose Cosmetics Bag,K-Beauty,,$30.00,1 ct,https://media.ulta.com/i/ulta/2639427?w=100&h=100&fmt=auto,11 Reviews,"Benefits
Easy-to-clean faux leather
Use as a travel case or unique purse
Item 2639427",,
pimprod2050352,b.tan,Bronze In A Bottle SPF 7 Bronzing Spray Lotion,Suncare,Sunscreen,$14.99,8.45 oz,https://media.ulta.com/i/ulta/2634628?w=100&h=100&fmt=auto,3 Reviews,"Benefits
Tinted for an instant touch of tan
SPF 7 for a sun safe time
Key Ingredients
Argan Oil
Electrolytes
Vitamin C
Item 2634628","Active: Avobenzone 2%, Homosalate 6%, Octisalate 5%, Octocrylene 8%.
Inactive: Water (Aqua, Eau), C12-15 Alkyl Benzoate, Diethylhexyl 2,6-Naphthalate, C14-22 Alcohols, Cetearyl Alcohol, Caramel, Coco-Glucoside, Hydroxyethyl Acrylate/Sodium Acryloyldimethyl Taurate Copolymer, Argania Spinosa (Argan) Kernel Oil, Sodium Chloride, Potassium Chloride, Magnesium Chloride, Ascorbic Acid (Vitamin C), C12-20 Alkyl Glucoside, Isohexadecane, Phenoxyethanol, Ethylhexylglycerin, Polysorbate 60, Fragrance (Parfum).","Shake well before use. Apply liberally 15 minutes before sun exposure. Reapply: after 80 minutes of swimming or sweating, immediately after towel drying, at least every 2 hours. Children under 6 months of age, ask a doctor."
pimprod2042799,LOOPS,Dream Sleep Nighttime Slugging Face Mask 5 Piece Set,Treatment & Serums,Face Masks,$35.00,5 ct,https://media.ulta.com/i/ulta/2599932?w=100&h=100&fmt=auto,148 Reviews,"Benefits
Before bed when you need to restore, tone, plump and hydrate your face overnight in just 10 minutes.
Can be used as needed, or as part of your weekly face care routine.
Each set includes 5 face masks.
Won’t clog pores.
For All Skin Types.
Dermatologist Tested.
Cruelty Free
Formulated without: Parabens, Sulfates, Phthalates, Synthetic Fragrances, Drying Alcohol, Mineral Oil
Hydrogel mask material is eco-friendly.
Features
Innovative hydrogel technology allows the mask to adhere to your skin, while simultaneously helping our ingredients absorb more effectively. Our masks won’t slip or drip, because your face care routine shouldn’t have to slow you down.
5 Piece Set
Key Ingredients
Slugging Complex - a proprietary blend of plant-based oils that forms a protective antioxidant barrier for absorption
Bakuchiol - an anti-aging antioxidant that stimulates cell turnover and smooths fine lines and improves skin tone
Ceramides - a powerful fatty acid that fortifies the skin barrier, helping to boost hydration, firmness, and elasticity
Niacinamide - a regenerative vitamin that strengthens and protects the skin barrier from free-radical damage
Item 2599932","Water (Aqua/Eau), Glycerin, Butylene Glycol, 1,2-Hexanediol, Ceratonia Siliqua (Carob) Gum, Chondrus Crispus Powder, Hydroxyethyl Urea, Allantoin, Cellulose Gum, Glucomannan, Xanthan Gum, Potassium Chloride, Caprylyl Glycol, Sodium Polyacrylate, Dextrin, Ethylhexylglycerin, Absorbic Acid, Bakuchiol, Butyrospermum Parkii (Shea) Butter, Ceramide NP, Niacinamide, Oenothera Biennis (Evening Primose) Oil, Persea Gratissima (Avocado) Oil, Tocopheryl Acetate, Hyaluronic Acid, Camellia Senesis Leaf Extract, Sucrose Palmitate, Hydrogenated Lecithin, Centella Asiatica Extract, Macademia Integrifolia Seef Oil, Olea Europaea (Olive) Fruit Oil, Simmondsia Chinesis (Jojoba) Seed Oil, Vitis Vinifera (Grape) Seed Oil, Aloe Barbadensis Leaf Extract, Tocopherol, Hydrolyzed Hyaluronic Acid, Sodium Hyaluronate.","Start by cleansing skin and gently patting dry. Apply your nightly skincare routine. Tear package at notch to open and remove film from mask. Apply the textured side of the mask to face, starting with the top half and then bottom. Leave on for a LOOP (10 minutes), then peel off. Tap remaining serum into skin for full ingredient absorption. Incorporate LOOPS into your regular face care routine for best results. Please note: face masks will not stick to facial hair."
pimprod2049897,Proactiv,Smooth & Bright Resurfacing Mask,Treatment & Serums,Face Masks,$24.00,1.7 oz,https://media.ulta.com/i/ulta/2634783?w=100&h=100&fmt=auto,9 Reviews,"Benefits
Skin-loving ingredients: vitamin C, tranexamic acid, & gluconolactone
Suitable for all skin types: oily, dry, combination, normal, & sensitive
Non-greasy, non-comedogenic formula
Dermatologist-developed
Key Ingredients
Vitamin C: Antioxidant to help brighten and improve skin tone
Gluconolactone: A PHA designed to work as a chemical exfoliant to help resurface the skin
Tranexamic Acid: Designed to help reduce the appearance of dark marks and spots
Turmeric Root Extract: Helps reduce the appearance of redness and irritation
Item 2634783","Glycerin, Carthamus Tinctorius (Safflower) Seed Oil, Helianthus Annuus (Sunflower) Seed Oil, Limnanthes Alba (Meadowfoam) Seed Oil, Glycolic Acid, Gluconolactone, Polyglyceryl-10 Behenate/Eicosadioate, 3-O-Ethyl Ascorbic Acid, Aminomethyl Propanol, Glyceryl Behenate/Eicosadioate, Oleth-5, Citric Acid, Glyceryl Stearate SE, Phenoxyethanol, Sodium Citrate, Euphorbia Cerifera (Candelilla) Wax, Lactobacillus/Papaya Fruit Ferment Extract, Tocopheryl Acetate, Behenyl Alcohol, Water, Caprylic/Capric Triglyceride, Polyglyceryl-3 Stearate, Dipotassium Glycyrrhizate, Ananas Sativus (Pineapple) Fruit Extract, Tranexamic Acid, Carica Papaya (Papaya) Seed Oil, Ethylhexylglycerin, Curcuma Longa (Turmeric) Root Extract, Tocopherol, Annatto, Ascorbic Acid, Sodium Hyaluronate, Lithospermum Erythrorhizon Root Extract, Ascorbyl Palmitate.","Use 1-3 times a week, morning or night. Apply to the whole face, avoiding the eye area. Leave on for up to 10 minutes, then wipe off with tissue or damp cloth. Follow with cleanser. If going outside, wear SPF.
When using this product keep out of eyes. Rinse with water to remove. Stop use and ask a doctor if rash or irritation develops and lasts. Keep out of reach of children. If swallowed get medical help or contact a poison Control Center right away. Sunburn Alert: This product contains an alpha hydroxy acid (AHA) that may increase your skin's sensitivity to the sun and particularly the possibility of sunburn. Use a sunscreen, wear protective clothing, and limit sun exposure while using this product and for a week afterwards."
pimprod2032347,fresh,Umbrian Clay Pore-Purifying Face Mask,Treatment & Serums,Face Masks,$62.00,3.3 oz,https://media.ulta.com/i/ulta/2596056?w=100&h=100&fmt=auto,439 Reviews,"Benefits
Need a skin detox? This 3-in-1 face mask can be used to instantly remove impurities that could clog pores as well as a daily deep cleanser or to spot treat imperfections
The life-changing ingredient is centuries-old Umbrian clay, exclusive to fresh, that balances and clarifies without over-drying
94% felt their skin was softer and more supple*
90% noticed the texture of their skin was smoother*
90% reported it balanced and soothed their skin*
87% said it was purifying and their skin looked healthier*
84% reported the appearance of their pores was minimized*
*self-assessment, 31 subjects, 4 weeks
Key Ingredients
Umbrian clay, fresh's proprietary ingredient, has a high mineral content that works to help balance, purify, and clarify the complexion
Sandalwood oil is known for its astringent properties and helps to calm the skin
Chamomile flower and lavender water are notable for their soothing properties
Item 2596056","Solum Fullonum (fuller's Earth), Aqua (water), Glycerin, Butylene Glycol, Pentylene Glycol, Cocamidopropyl Betaine, Vitis Vinifera (grape) Seed Oil, Fusanus Spicatus Wood Oil, Lavandula Angustifolia (lavender) Flower Water, Anthemis Nobilis Flower Oil, Xanthan Gum, Sodium Chloride, Sodium Acrylate/sodium Acryloyldimethyl Taurate Copolymer, C15-19 Alkane, Coconut Acid, Polyglyceryl-6 Laurate, Polyglycerin-6, Sorbitan Oleate, Sorbitan Isostearate, Chlorphenesin, Linalool, Farnesol.","3 Ways to Clay:
To use as a face mask, apply an even coat on damp skin after cleansing with Soy Face Cleanser, leave on for 3-5 minutes, and rinse. Follow with Kombucha Treatment Essence for smooth, luminous skin.
To use as a face wash, massage a small amount onto damp skin for 30 seconds, avoiding your eyes, and rinse.
To use as a spot treatment, dab on the affected area, allow to fully dry, and rinse."
pimprod2028010,NuFACE,Line Smoothing FIX Serum with Triple Peptide Complex,Treatment & Serums,Face Serums,$49.00,0.5 oz,https://media.ulta.com/i/ulta/2584840?w=100&h=100&fmt=auto,66 Reviews,"Benefits
Formulated with additional powerful ingredients, this line smoothing serum helps diminish the look of fine lines and wrinkles, while instantly brightening the look of skin
Item 2584840","Water/Aqua/Eau, Propanediol, Glycerin, Ethylene/Acrylic Acid Copolymer, Sea Silt Extract, Palmitoyl Hexapeptide-52, Palmitoyl Heptapeptide-18, N-Prolyl Palmitoyl Tripeptide-56 Acetate, Hydrolyzed Hyaluronic Acid, Adenosine, Olivine Extract, Tremella Fuciformis Sporocarp Extract, Betaine, Pentylene Glycol, Carbomer, Xanthan Gum, Poloxamer 338, Tocopherol, Sodium Citrate, Silica, Mica, Caprylyl Glycol, Glyceryl Caprylate, Glyceryl Undecylenate, Ethylhexylglycerin, Benzyl Alcohol, Potassium Sorbate, 1,2-Hexanediol, Lactic Acid/Glycolic Acid Copolymer, Polyvinyl Alcohol, Phenoxyethanol, Sodium Hydroxide, Sodium Metabisulfite, Bismuth Oxychloride (CI 77163), Iron Oxides (CI 77491, CI 77492).","PREP: Cleanse skin and apply NuFACE FIX Serum.
APPLY: Smooth a thin mask-like layer onto targeted areas focusing on lines and wrinkles around eyes, mouth and on forehead.
TREAT: Use a 'feathering' movement or quick earing motion with your NuFACE FIX Line Smoothing Device over the area where you applied the serum.
FINISH: Tap in remaining NuFACE FIX Line Smoothing Serum for lasting skincare benefits. May be used twice a day with your NuFACE FIX Line Smoothing Device.
Without your device: This line smoothing serum can be used morning and night under your favorite eye cream or on its own. This formula with the triple peptide complex and hyaluronic acid hydrates and smooths skin while locking in moisture for a more radiant appearance.
Precautions: For external use only. Discontinue use if irritation develops."
pimprod2049788,Estée Lauder,Revitalizing Supreme+ Bright Radiance Power Soft Cream Moisturizer,Moisturizers,Face Moisturizer,$120.00,1.7 oz,https://media.ulta.com/i/ulta/2636556?w=100&h=100&fmt=auto,"1,563 Reviews","Benefits
Reveals 7-dimensional brightening
Targets key causes of visible dullness & discoloration
Powered by brightening research
Ultra-soft moisturizer cream, fast-absorbing & fast-acting
Key Ingredients
Vitamin C for proven glow action
Pome Berry extract helps improve the look of age spots
Exclusive Moringa extract, created through an exclusive, patented technology, it helps skin empower multiple anti-aging pathways
Siegesbeckia helps address glycation that can impact proteins and lead to visible signs of aging
Pro-Collagen technology, a synergistic combination of some of the most effective collagen supporting ingredients to help firm skin & improve the look of lines
Research Results
After 1 use:
+99% moisture*
+31% radiance*
Starting in just 14 days:
Skin tone looks more even**
Dark spots look improved**
Skin firmness starts to improve**
Lines, wrinkles & neck lines look reduced**
*Clinical testing on 33 women.
**Clinical testing on 38 women.
Item 2636556","Water\Aqua\Eau, Isononyl Isononanoate, Glycerin, C12-20 Acid Peg-8 Ester, Ascorbyl Glucoside, Dimethicone, Butyrospermum Parkii (Shea) Butter, Butylene Glycol, Cetyl Alcohol, Cetearyl Alcohol, Peg-100 Stearate, Ammonium Acryloyldimethyltaurate/VP Copolymer, Moringa Oleifera Seed Extract, Pyracantha Fortuneana Fruit Extract, Sodium Hyaluronate, Acetyl Hexapeptide-8, Whey Protein\Lactis Protein\Protéine Du Petit-Lait, Opuntia Tuna Extract, Acetyl Glucosamine, Trametes Versicolor Extract, Tocopheryl Acetate, Algae Extract, Laminaria Digitata Extract, Narcissus Tazetta Bulb Extract, Pyrus Malus (Apple) Fruit Extract, Cucumis Sativus (Cucumber) Fruit Extract, Lens Esculenta (Lentil) Fruit Extract, Citrullus Lanatus (Watermelon) Fruit Extract, Laminaria Saccharina Extract, Helianthus Annuus (Sunflower) Seed Extract, Sigesbeckia Orientalis (St. Paul'S Wort) Extract, Caffeine, Hordeum Vulgare Extract\Extrait D'Orge, Sodium Lactate, Sodium Polyaspartate, Sorbitol, Ethylhexylglycerin, Propylene Glycol Dicaprate, Caprylyl Glycol, Cetearyl Glucoside, Sodium PCA, Hydroxyethyl Urea, Sucrose (Organic Brown Sugar), Citric Acid, Xanthan Gum, Polyacrylate Crosspolymer-6, Pentylene Glycol, Isoceteth-20, Potassium Cetyl Phosphate, Sodium Hydroxide, Maltodextrin, Decarboxy Carnosine Hcl, Fragrance (Parfum), BHT, Sodium Citrate, Disodium Edta, Phenoxyethanol, Sodium Dehydroacetate, Potassium Sorbate, Sodium Benzoate.","Apply this Vitamin C moisturizer AM and PM, all over face and neck. Ideal after your repair serum as part of your daily skincare routine."
pimprod2039107,DUNE SUNCARE,The Jetsetter 3 Piece Gelly Pack,By Category,Skin Gifts,$29.95,,https://media.ulta.com/i/ulta/2609159?w=100&h=100&fmt=auto,36 Reviews,"Benefits
The Mug Guard. UVA / UVB Broad Spectrum SPF 30. 40 Minute Water Resistance. Oxybenzone & Octinoxate Free. Invisible on all skin tones, no white cast. Weightless mint gel texture. Vegan & Cruelty Free. Non-GMO. Reef Friendly. Non-Nano. Paraben Free. Fragrance Free.
The Lifeguard. Weightless mint gel cream texture. Absorbs immediately upon application and dries instantly with no sticky residue. Offers instant cooling & relief. Vegan & Cruelty Free. Non-GMO. Paraben Free. Fragrance Free.
Research Results
The Mug Guard. Intense 72 Hour Hydration. Fine Line and Wrinkle Reducing. Diminishes Redness and Dark Spots. Won’t clog pores. Doubles as your most effective daily moisturizer. Dermatologist Tested.
The Bod Guard. Intense 72 Hour Hydration. Improves skin’s elasticity, tone, and texture. Won’t clog pores. Doubles as your most effective daily moisturizer. Dermatologist Tested.
The Lifeguard. Intense 72 Hour Hydration. Helps to immediately restore, revitalize, and soothe sun exposed skin. Cooling. Antioxidant rich. Helps to maintain a longer-lasting tan. Won’t clog pores. Doubles as your most effective daily moisturizer. Dermatologist Tested.
Includes
The Mug Guard. Revolutionary invisible gel SPF protection, packed with clinically proven skincare benefits, for every mug, every day. Put your best mug forward (1.0 oz)
The Bod Guard. Revolutionary invisible gel SPF protection, packed with clinically proven skincare benefits, for every bod, every day. Put your best bod forward (2.0 oz)
The Lifeguard. Miracle rescue aloe gel, packed with clinically proven skincare benefits, for all-over, post-sun and to use as your most hydrating daily moisturizer (2.0 oz)
Item 2609159","The Mug Guard: Active: Avobenzone 2.0%, Homosalate,5.5%, Octisalate,4.5%, Octocrylene 4.0%.
Inactive: Water, Dimethicone, Propanediol, Alcohol Denat, Capryloyl Glycerin/Sebacic Acid Copolymer, Glycerin, 1,2-Hexanediol, Sodium Polyacryloyldimethyl Taurate, Brassica Glycerides, Acrylates/C10-30 Alkyl Acrylate Crosspolymer, Caprylhydroxamic Acid, Polysilicone-11, Aminomethyl Propanol, Disodium Edta, Erythritol, Tocopheryl Acetate, Butylene Glycol, Melia Azadirachta (Neem) Leaf Extract, Polygonum Aviculare Extract, Melia Azadirachta (Neem) Flower Extract, Hibiscus Sabdariffa Fruit Extract, Bisabolol, Decyl Glucoside, Zingiber Officinale (Ginger) Root Extract.
The Bod Guard: Active: Avobenzone 2.0%, Homosalate 5.5%, Octisalate 4.5%, Octocrylene 4.0%.
Inactive: Water Dimethicone, Propanediol, Alcohol Denat, Capryloyl Glycerin/Sebacic Acid Copolymer, 1,2-Hexanediol, Glycerin, Sodium Polyacryloyldimethyl Taurate, Brassica Glycerides, Acrylates/C10-30 Alkyl Acrylate Crosspolymer, Aminomethyl Propanol, Caprylhydroxamic Acid, Polysilicone-11, Disodium Edta, Erythritol, Fragrance, Tocopheryl Acetate, Butylene Glycol, Melia Azadirachta (Neem) Leaf Extract, Melia Azadirachta (Neem) Flower Extract, Hibiscus Sabdariffa Fruit Extract, Decyl Glucoside.
The Lifeguard: Water/Aqua/Eau, Hydrogenated Ethylhexyl Olivate Propanediol, Menthyl Ethylamido Oxalate, Glycerin, Potassium Cetyl Phosphate, 1,2-Hexanediol, Hydrogenated Olive Oil Unsaponifiables Persea, Gratissima (Avocado) Oil Acrylates/C10-30 Alkyl Acrylate, Crosspolymer Aminomethyl Propanol, Melia Azadirachta Leaf Extract, Erythritol, Bisabolol, Caprylhydroxamic Acid, Cetearyl Olivate, Polyacrylate Crosspolymer-6, Brassica Glycerides, Cocos Nucifera (Coconut) Oil, Sorbitan Olivate, Theobroma Grandiflorum Seed Butter, Melia Azadirachta Flower Extract, Disodium Edta, Tocopheryl Acetate, Hibiscus Sabdariffa Fruit Extract, Tasmannia Lanceolata Fruit/Leaf Extract Aloe, Barbadensis Leaf, T-Butyl Alcohol, Actinidia Chinensis, (Kiwi) Seed Oil Hippophae Rhamnoides Fruit Oil, Prunus Avium (Sweet Cherry) Seed Oil, Punica Granatum Seed Oil, Pyrus Malus (Apple) Seed Oil, Rubus Fruticosus (Blackberry) Seed, Vaccinium Macrocarpon (Cranberry) Seed Oil, Zingiber Officinale (Ginger) Root Extract.","The Mug Guard: Use as your best daily moisturizer with SPF protection. For best use and increased absorbency, apply directly after your morning shower and before any exposure to the sun. Continue to apply throughout the day for sheer protection that absorbs immediately and provides long-lasting hydration for healthy, radiant skin. Apply liberally and evenly 15 minutes before sun exposure. Reapply after 40 minutes of swimming or sweating, at least every 2 hours. Children under 6 months of age, ask a doctor. Sun protection measures: spending time in the sun increases your risk of skin cancer and early skin aging. To decrease this risk, regularly use a sunscreen with a broad spectrum SPF value of 15 or higher and other sun protection measures including: limit time in the sun, especially from 10 am - 2 pm, wear long-sleeved shirts, pants, hats, and sunglasses.
The Bod Guard: Use as your best daily moisturizer with SPF protection. For best use and increased absorbency, apply directly after your morning shower and before any exposure to the sun. Continue to apply throughout the day for sheer protection that absorbs immediately and provides long-lasting hydration for healthy, radiant skin. Apply liberally and evenly 15 minutes before sun exposure. Reapply after 40 minutes of swimming or sweating, at least every 2 hours. Children under 6 months of age, ask a doctor. Sun protection measures: spending time in the sun increases your risk of skin cancer and early skin aging. To decrease this risk, regularly use a sunscreen with a broad spectrum SPF value of 15 or higher and other sun protection measures including: limit time in the sun, especially from 10 am - 2 pm, wear long-sleeved shirts, pants, hats, and sunglasses.
The Lifeguard: For best use and increased absorbency, apply directly after a shower and after skin has been exposed to the sun. Doubles as your best, antioxidant-rich daily moisturizer to use throughout the day and year-round.
Precautions: For external use only. Do not use on damaged or broken skin. When using this product, keep out of eyes. Rinse with water to remove. Stop use and ask a doctor if rash occurs. Keep out of reach of children. If swallowed, get medical help or contact a poison control center right away.
To recycle packaging: Twist off cap, rinse, toss into recycling bin."
pimprod2027047,,,,,,,,,,,
pimprod2049471,BeautyStat Cosmetics,Universal Triple Action Peel Pads,Treatment & Serums,Face Peels & Exfoliators,$29.00,10 ct,https://media.ulta.com/i/ulta/2636741?w=100&h=100&fmt=auto,317 Reviews,"Benefits
One quick step (no neutralizer needed) for a quick one-swipe removal of dry skin and dead surface cells, revealing a brighter, more even toned complexion
Visibly reduces appearance of dull skin and dark spots
Reduces the appearance of pores, evens skin tone and texture over time
Biodegradable pads individually packaged for easy application and travel-ready
Clinically and Dermatologist-Tested
Key Ingredients
Glucosamine
Alpha/Beta Acids
Research Results
100% showed significant improvement in lines and wrinkles immediately and after 4 weeks use
100% showed significant improvement in skin softness immediately and after 4 weeks use
93% showed significant improvement in the appearance of facial pores immediately and after 4 weeks use
91% showed significant improvement in skin density after 4 weeks use
91% showed significant improvement in skin exfoliation after 4 weeks use
Item 2636741","Water, Denatured Alcohol, Lactic Acid, N-Acetyl-D-Glucosamine, Glycerin, Salicylic Acid, Sodium Polyacrylate, Niacinamide, Caffeien, Oryza Sativa (Purple Rice) Hull Extract, Ipamoea Batatas (Purple Sweet Potato) Root Extract, Betula Alba (White Birch) Bark Extract, Polyglutamic Acid, Coleus Barbatus Root Extract, Camellia Sinensis (Purple Tea) Leaf Extract, Saccharomyces Lysate, Lactobacillus Ferment Lysate, Propanediol, Polydextrose, Potassium Hydroxide, Butylene Glycol, 1,2-Hexanediol, Caprylyl Glycol, Hydroxyacetophenone, Sodium Benzoate.","Use once a day after cleansing.
Massage biodegradable pad onto clean, dry skin for 20 seconds.
Wait 2 minutes until dry. Follow with C Refiner SPF in AM, C Refiner Vitamin C Serum in PM and Probiotic 24HR Moisture Boost Cream for best results.
You may feel a tingle. This is normal for this powerful product. First time users and users with sensitive skin may apply every other day until skin becomes acclimated.
Given this product contains an alpha hydroxy acid (AHA) that may increase your skin's sensitivity to the sun and particularly the possibility of sunburn you should use a sunscreen daily. We recommend C Refiner Vitamin C Serum with SPF50 as your serum step in the AM to both correct and protect your skin from harmful UVA/B rays."
pimprod2052236,ROUND LAB,1025 Dokdo Toner,K-Beauty,,$16.99,6.76 oz,https://media.ulta.com/i/ulta/2643237?w=100&h=100&fmt=auto,3 Reviews,"Benefits
Gently refines skin texture by removing dead skin cells with a hypoallergenic exfoliant
Clinically proven to smooth skin texture, remove excess dead skin cells, balance sebum, and improve overall oil-moisture balance
Lightweight water texture absorbs fast without any sticky residue
Mineral-rich deep sea water helps balance oil and moisture for fresh, healthy-looking skin
Panthenol, Allantoin, and Betaine form a soothing moisture barrier to protect against environmental stress
Clinically tested and rated “EXCELLENT” by Germany’s Dermatest for skin safety
Key Ingredients
HATCHING EX-07 – A patented, low-irritation exfoliant that gently removes dead skin cells and excess sebum to refine skin texture
Ulleungdo Deep-Sea Water – Rich in minerals like calcium, magnesium, and zinc to deeply hydrate and support moisture balance
Panthenol, Allantoin & Betaine – Work together to soothe, protect, and reinforce the skin barrier
Item 2643237","Water(Aqua), Butylene Glycol, Glycerin, Pentylene Glycol, Propanediol, Chondrus Crispus Extract, Saccharum Officinarum (Sugarcane) Extract, Sea Water(Maris Aqua), 1,2-Hexanediol, Protease, Betaine, Panthenol, Ethylhexylglycerin, Allantoin, Xanthan Gum, Disodium EDTA.","After cleansing, soak a cotton pad and gently sweep over the face along skin texture. Or dispense into hands and lightly pat into skin until absorbed."
pimprod2045810,Estée Lauder,Advanced Night Repair Eye Creme Skincare Set,By Price,$100 and Under,$74.00,,https://media.ulta.com/i/ulta/2629117?w=100&h=100&fmt=auto,9 Reviews,"Benefits
Brighter eyes start here. Discover these high-performance formulas to renew, hydrate and reignite your radiance.
Advanced Night Repair Serum helps skin look smoother and less lined, younger, more radiant and even toned with continued use.
Advanced Night Repair Eye Supercharged Gel-Creme reveals a smoother, more well-rested look. Dark circles look brighter - fast. Lines look diminished. Lightweight and fast-absorbing, with plumping, hydrating Hyaluronic Acid. Give your eyes a bright future.
Includes
Travel Size Advanced Night Repair Synchronized Multi-Recovery Complex (0.24 oz)
Full Size Advanced Night Repair Eye Supercharged Gel-Creme Synchronized Multi-Recovery (0.5 oz)
Travel Size Advanced Night Repair Eye Supercharged Gel-Creme Synchronized Multi-Recovery (0.17 oz)
Item 2629117","Advanced Night Repair Synchronized Multi-Recovery Complex: Water\Aqua\Eau, Bifida Ferment Lysate, Peg-8, Propanediol, Bis-Peg-18 Methyl Ether Dimethyl Silane, Methyl Gluceth-20, Glycereth-26, Peg-75, Butylene Glycol, Adansonia Digitata Seed Extract, Tripeptide-32, Sodium Hyaluronate, Yeast Extract\Faex\Extrait De Levure, Lactobacillus Ferment, Cola Acuminata (Kola) Seed Extract, Anthemis Nobilis (Chamomile) Flower Extract, Hydrolyzed Algin, Pantethine, Caffeine, Lecithin, Sodium Rna, Bisabolol, Squalane, Glycerin, Oleth-3 Phosphate, Caprylyl Glycol, Oleth-3, Oleth-5, Choleth-24, Hydrogenated Lecithin, Jojoba Wax Peg-120 Esters, Ceteth-24, Tocopheryl Acetate, Carbomer, Triethanolamine, Tetrasodium Edta, Bht, Xanthan Gum, Potassium Sorbate, Disodium Edta, Phenoxyethanol, Red 4 (CI 14700), Yellow 5 (CI 19140).
Advanced Night Repair Eye Supercharged Gel-Creme Synchronized Multi-Recovery: Water\Aqua\Eau, Butyrospermum Parkii (Shea) Butter, Theobroma Cacao (Cocoa) Seed Butter, Coco-Caprylate/Caprate, Caprylic/Capric/Myristic/Stearic Triglyceride, Butylene Glycol, Glyceryl Stearate, Cetyl Alcohol, Glycerin, C9-12 Alkane, Dimethicone, Cetearyl Alcohol, Peg-100 Stearate, Tripeptide-32, Sodium Hyaluronate, Sodium Polyglutamate, Succinic Acid, Artemia Extract, Squalane, Lactobacillus Ferment, Tocopheryl Acetate, Caffeine, Algae Extract, Lavandula Angustifolia (Lavender) Flower Extract, Hydrolyzed Rice Extract, Yeast Extract\Faex\Extrait De Levure, Hordeum Vulgare Extract\Extrait D'Orge, Anthemis Nobilis (Chamomile) Flower Extract, Cucumis Sativus (Cucumber) Fruit Extract, Helianthus Annuus (Sunflower) Seed Extract, Sorbitol, Potassium Palmitoyl Hydrolyzed Wheat Protein, Propylene Glycol Dicaprate, Maltodextrin, Steareth-21, Dimethicone Crosspolymer-3, Steareth-2, Hexylene Glycol, Xanthan Gum, Caprylyl Glycol, Ethylhexylglycerin, Glucose, Bht, Disodium Edta, Phenoxyethanol, Sodium Dehydroacetate, Potassium Sorbate, Yellow 5 (CI 19140), Red 4 (CI 14700).
Please be aware that ingredient lists may change or vary from time to time. Please refer to the ingredient list on the product package you receive for the most up to date list of ingredients.","Step 1: Apply Advanced Night Repair Serum AM and PM on clean skin before your moisturizer.
Step 2: Apply Advanced Night Repair Eye Supercharged Gel-Creme AM and PM around eye area."
pimprod2049474,DERMA E,Anti-Aging Regenerative Serum Mini,Travel Size Skin Care,,$20.00,1.0 oz,https://media.ulta.com/i/ulta/2635047?w=100&h=100&fmt=auto,1 Review,"Benefits
Gently exfoliates and promotes healthy cell renewal to help diminish the appearance of fine lines, wrinkles, and dull skin without visible irritation or redness
Fights signs of premature aging
Helps keep skin soft and smooth for a younger, radiant, and healthier-looking complexion
Features
Recyclable & wind energy certified
Formulated without GMOs, gluten, or soy
Key Ingredients
Retinol: helps minimize the appearance of fine lines and wrinkles for a fresher, younger appearance
Bakuchiol: boosts Retinol’s effectiveness; helps reduce visible signs of irritation and redness
Glycolic Acid: helps exfoliate to safely remove dead surface skin cells
Vitamin E: an antioxidant that helps nourish and improve the appearance of skin's texture
Green Tea Extract: protects against everyday stressors
Avocado, Sesame & Sunflower Seed Oils: leave skin soft, smooth, and supple
Choosing between DERMA E's Retinol Concentrated Serum or Anti-Aging Regenerative Serum? Both include a non-irritating Retinol+Bakuchiol. For added barrier protection with Pomegranate Extract, choose the Concentrated Serum. For added exfoliation, choose the Regenerative Serum with Glycolic Acid
Item 2635047","Purified Water, Glycerin (Vegetable Derived), Coco-Caprylate (Coconut Derived), Xanthan Gum, Capryloyl Glycerin/Sebacic Acid Copolymer, Diheptyl Succinate, Camellia Sinensis (Green Tea) CO Leaf Extract, Tocopheryl Acetate (Vitamin E), Retinol, Bakuchiol, Panthenol (Provitamin B5), Glyceryl Stearate (Vegetable Derived), Glyceryl Stearate Citrate (Vegetable Derived), Potassium Cetyl Phosphate, Glycolic Acid, Sodium Hydroxide, Lavandula Angustifolia (Lavender) Oil, Helianthus Annuus (Sunflower) Seed Oil, Persea Gratissima (Avocado) Oil, Sesamum Indicum (Sesame) Seed Oil, Polysorbate 20, Salvia Officinalis (Sage) Oil, Beta-Caryophyllene, Eucalyptol, Orange Terpenes, Alpha Pinene, Camphor, Citral, Geranyl Acetate, Mentha Viridis (Spearmint) Leaf Oil, Citronellal, Phenoxyethanol, Ethylhexylglycerin.","Start by using 1 to 2 times a week, then gradually increase frequency to daily use. Recommended for use in nighttime routines. After cleansing, apply a small amount of serum to your dry face and neck and allow it to absorb. Use alone or with your favorite DERMA E moisturizer."
pimprod2043251,No7,Future Renew Damage Reversal Skincare System,By Category,Skin Gifts,$79.99,,https://media.ulta.com/i/ulta/2620360?w=100&h=100&fmt=auto,6 Reviews,"Benefits
No7 Future Renew Damage Reversal Serum reverses visible signs of skin damage in just 4 weeks**
From the first use of No7 Future Renew serum, skin looks brighter and feels less dry, renewed and firmer **
Fast-absorbing and non-greasy, this skin care serum has a lightweight texture and works well under makeup*
No7 Future Renew Day Cream reverses visible signs of skin damage including the feel of skin's lost elasticity and dryness whilst providing high daily UV protection.
Skin feels deeply moisturized for 72 hours, melting into the skin, leaving no white cast.
No7 Future Renew Night Cream is proven to reverse visible signs of skin damage and the appearance of uneven tone and texture, dry skin and the feeling of lost elasticity**
With the night cream, skin is moisturized for 72 hours***; 96% of women said they experienced a reversal in the feeling of skin dryness*
From the first use of No7 Future Renew Night Cream, skin feels nourished, softer and smoother**
Research Results
*Consumer studies on U.K. women over 8 weeks
**Consumer study. Users saw a reversal in: appearance of fine lines and wrinkles, uneven tone and texture, dryness; feel of lost firmness
***Based on instrumental measures
**Consumer study
Includes
Future Renew Damage Reversal Serum (0.84 oz)
Future Renew Damage Reversal SPF 25 Day Cream (1.69 oz)
Future Renew Damage Reversal Night Cream (1.69 oz)
Item 2620360","Future Renew Damage Reversal Serum: Aqua (Water), Dimethicone, Butylene Glycol, Glycerin, Methyl Gluceth-20, Isononyl Isononanoate, Polysilicone-11, Niacinamide, Phenoxyethanol, Acrylates/Beheneth-25 Methacrylate Copolymer, Tocopheryl Acetate, Silica, Panthenol, Polysorbate 20, Caprylyl Glycol, Ammonium Acryloyldimethyltaurate/VP Copolymer, Potassium Hydroxide, Xanthan Gum, Sodium Hyaluronate, Hydrolyzed Rice Protein, Decyl Glucoside, Propylene Glycol, Ethylhexylglycerin, Ascorbyl Glucoside, Propanediol, Pentylene Glycol, Tetrasodium EDTA, Hexylene Glycol, T-Butyl Alcohol, Sodium Benzoate, Morus Alba Leaf Extract, Palmitoyl Tetrapeptide-94, Palmitoyl Tetrapeptide-95. \< Br\> Future Renew Damage Reversal SPF 25 Day Cream: Active: Avobenzone 3%, Octinoxate 0.5%,Octisalate 5%, Octocrylene 7.5%. Inactive: Aqua (Water), Dibutyl Adipate, Glycerin, Polyglyceryl-3 Methylglucose Distearate, VP/Eicosene Copolymer, Capryloyl Glycerin/Sebacic Acid Copolymer, Tribehenin, Niacinamide, Dimethicone, Ammonium Acryloyldimethyltaurate/VP Copolymer, Butyrospermum Parkii (Shea) Butter, Tocopheryl Acetate, Phenoxyethanol, Panthenol, Potassium Cetyl Phosphate, Caprylyl Glycol, Parfum (Fragrance), Dimethiconol, Sodium Benzoate, Sodium Hyaluronate, Ethylhexylglycerin, Hydrolyzed Rice Protein, Propylene Glycol, Dipropylene Glycol, Ascorbyl Glucoside, Citric Acid, Tetrasodium EDTA, T-Butyl Alcohol, Propanediol, Pentylene Glycol, Decyl Glucoside, Morus Alba Leaf Extract, BHT, Palmitoyl Tetrapeptide-94, Palmitoyl Tetrapeptide-95. Future Renew Damage Reversal Night Cream: Aqua (Water), Glycerin, Butyrospermum Parkii (Shea) Butter, Sorbitan Stearate, Dimethicone, Cetearyl Alcohol, Caprylic/Capric Triglyceride, Niacinamide, Ethylhexyl Stearate, Polyacrylamide, C13-14 Isoparaffin, Tocopheryl Acetate, Panthenol, Phenoxyethanol, Dimethiconol, Parfum (Fragrance), Tribehenin, Dipropylene Glycol, Sucrose Cocoate, Methylparaben, Laureth-7, Carbomer, Sodium Hyaluronate, Ethylparaben, Hydrolyzed Rice Protein, Propylene Glycol, Ascorbyl Glucoside, Xanthan Gum, Tetrasodium EDTA, Potassium Hydroxide, Propanediol, Pentylene Glycol, Decyl Glucoside, Sodium Benzoate, Morus Alba Leaf Extract, Lindera Strychnifolia Root Extract, Ethylhexylglycerin, Palmitoyl Tetrapeptide-94, Palmitoyl Tetrapeptide-95.","Every morning and evening apply the Future Renew Serum evenly over your face and neck after cleansing.; Dot Future Renew Eye Serum around the eyes and gently blend around their contours every morning and evening.; In the morning, finish your regimen by massaging the Future Renew Day Cream in small upward circles over your face and neck.
Avoid contact with eyes. If product gets into the eyes, rinse well with water immediately."
pimprod2049105,TATCHA,The Kissu Lip Scrub Moisturizing Lip Exfoliant,Lips,Lip Balms & Treatments,$28.00,0.42 oz,https://media.ulta.com/i/ulta/2634111?w=100&h=100&fmt=auto,114 Reviews,"Benefits
Exfoliates without stripping for smooth lips
Deeply nourishes lips to soften
Preps lips for color, treatment & SPF
Dermatologist tested
Formulated Without: mineral oil, synthetic fragrance, sulfates, detergents, parabens, urea, DEA, TEA, phthalates
Key Ingredients
Konjac Scrub: gently refines & smooths for brighter look
Peach Seed Scrub: removes flakiness for smooth, refined lips
Japanese Camellia Oil: helps seal in moisture
Research Results
100% showed an immediate improvement in lip flakiness & rough texture*
100% showed an immediate improvement in lip moisturization**
97% agreed their lips felt soft and supple immediately***
*Based on an expert grading clinical study on 44 panelists
**Based on bio-instrumentation (novameter) clinical study on 44 panelists
***Based on self-assessment
Item 2634111","Diisostearyl Malate, Polybutene, Sucrose, Triethylhexanoin, Maltitol, Dextrin Palmitate, Polyglyceryl-2 Triisostearate, Prunus Persica (Peach) Seed Powder, Glucomannan, Glyceryl Diisostearate/Hydrogenated Rosinate, Camellia Japonica Seed Oil, Caprylyl Glycol, Tocopherol, Glyceryl Diisostearate, Ethylhexylglycerin, Silica, Simethicone, Phenoxyethanol, Yellow 5 Lake (Ci 19140), Red 7 Lake (Ci 15850), Iron Oxides (Ci 77499).","Massage a small, pearl-sized amount onto clean, dry lips with the applicator. Remove with a damp cloth."
pimprod2046232,ULTA Beauty Collection,Cloud Facial Cleanser,Cleansers,Face Wash,$12.00,4.0 oz,https://media.ulta.com/i/ulta/2618434?w=800&h=800&fmt=auto,516 Reviews,"Benefits
Gentle formula softens skin with Aloe vera leaf juice
Skin is left feeling soothed from Cucumber extract
Cream-gel formula
Dermatologist tested
Features
Proudly cruelty free with clean ingredients
Tube sleeve made from 100% bioplastic
Formulated without parabens, sulfates, and phthalates
Key Ingredients
Aloe vera leaf juice: helps to condition and soften the skin
Cucumber extract: helps to soothe the skin
Ginseng extract: helps to even out the complexion
Item 2618434","Water/Aqua/Eau, Decyl Glucoside, Glycerin, Butylene Glycol, Coco-Glucoside, Glyceryl Oleate, Xanthan Gum, Rosa Damascena Flower Water, Aloe Barbadensis Leaf Juice, Cucumis Sativus (Cucumber) Fruit Extract, Caprylic/Capric Triglyceride, Sclerotium Gum, Panax Ginseng Root Extract, Lysolecithin, Caprylyl Glycol, Disodium EDTA, Glyceryl Stearate, Carthamus Tinctorius (Safflower) Oleosomes, Pullulan, PEG-120 Methyl Glucose Dioleate, Polysorbate 20, Fragrance/Parfum, Phenoxyethanol, Ethylhexylglycerin.","Apply a little bit of this gentle cleanser to a damp face in the AM and PM, gently massaging in circular motions. Rinse thoroughly and follow with your favorite Ulta Beauty Collection moisturizer---a perfect addition to your treatments & serums routine."
pimprod2038074,LOOPS,Weekly Reset Rejuvenating Eye Mask,Treatment & Serums,Face Masks,$5.00,1 ct,https://media.ulta.com/i/ulta/2590410?w=100&h=100&fmt=auto,548 Reviews,"Benefits
Brightening, hydrating, nourishing, helps reduce appearance of wrinkles in just 10 minutes
Can be used as needed, or as part of your weekly face care routine
Hydrogel mask material is eco-friendly
Won't clog pores
For all skin types
Dermatologist tested
Formulated without: Parabens, Sulfates, Phthalates, Synthetic Fragrances, Drying Alcohol, Mineral Oil.
Features
Innovative hydrogel technology allows the mask to adhere to your skin, while simultaneously helping Loops ingredients absorb more effectively
Loops masks won't slip or drip, because your face care routine shouldn't have to slow you down
Like a multi-vitamin for your eye area, these masks help to quickly alleviate the look of lackluster, puffy skin.
Key Ingredients
Niacinamide - smooths fine lines and wrinkles by strengthening the skin
Retinol 50C - increases cell turnover for smoother skin and natural collagen production
Pearl Extract - instantly boosts luminosity and moisture
Geranium Flower - soothes and tones the skin
Item 2590410","Water (Aqua/Eau), Glycerin, Butylene Glycol, Propanediol, Ceratonia Siliqua (Carob) Gum, Polyglycerin-3, Chondrus Crispus Powder, Panthenol, Hydroxyacetophenone, Allantoin, Betaine, Xanthan Gum, Chlorphenesin, Hydroxyethyl Urea, Cellulose Gum, Glucomannan, Disodium EDTA, Potassium Chloride, Dextrin, Dipotassium Glycyrrhizate, Ethylhexylglycerin, Niacinamide, Tocopherol, 1,2-Hexanediol, Caprylyl Glycol, Pearl Extract, Caprylic/Capric Triglyceride, Polysorbate 20, Retinol, Calendula Officinalis Flower Extract, Impatiens Balsamina Flower Extract, Pelargonium Graveolens Extract, Tropaeolum Majus Flower/Leaf/Stem Extract, Iron Oxides (CI 77491).","Start by cleansing skin and gently patting dry.
Tear package at notch to open, pull out tray, and remove film from mask.
Apply the textured side of each mask under your eyes.
Leave on for a LOOP (10 minutes), then peel off.
Tap remaining serum into skin for full ingredient absorbtion.
Incorporate LOOPS into your regular face care routine for best results."
pimprod2045270,Doré,Le Cleanser Gel To Milk Fragrance-Free Cleanser for Sensitive Skin,Cleansers,Face Wash,$26.00,5.0 oz,https://media.ulta.com/i/ulta/2626467?w=100&h=100&fmt=auto,88 Reviews,"Benefits
Non-foaming
Leaves your skin cleansed, nourished and hydrated
Safe to use around the eyes without any irritation
Formulated to cleanse and prep your skin before treatment and moisturizing
Tested under dermatological control
Suitable for all skin types including sensitive skin
EWG VERIFIED™
Plastic Neutral through Doré’s partnership with rePurpose Global
Le Cleanser’s tube is made with 50% post consumer recycled plastic (PCR) and can be recycled through any recycling program in partnership with Pact
Fragrance-free
Non-comedogenic
Made in France
Key Ingredients
Witch Hazel Extract: Acts as an anti-inflammatory and gentle astringent
Goji Berry Extract: Brightens and improves skin tone
White Lily: Repairs skin from UV damage and oxidative stress
Research Results
Le Cleanser has been clinically tested under dermatological control with a diverse group of participants, with ages spanning 20s to 70s, over 28 days of use:
82% agreed makeup, sebum and impurities were removed after use, including eye makeup, without discomfort
82% agreed the tightness sensation of dry skin was soothed
+20% increase in hydration of dry areas
Item 2626467","Caprylic/Capric Triglyceride, Glycerin, Helianthus Annuus (Sunflower) Seed Oil, Aqua (Water/Eau), Sucrose Laurate, Sucrose Palmitate, Benzyl Alcohol, Centaurea Cyanus Flower Water, Hamamelis Virginiana (Witch Hazel) Leaf Water, Dehydroacetic Acid, Lilium Candidum Flower Extract, Citric Acid, Lycium Barbarum Fruit Extract, Sodium Benzoate, Potassium Sorbate
All Doré products are EWG VERIFIED™, which means they meet EWG's strict, scientific standards for transparency and health. Their team of toxicologists, chemists, and epidemiologists scrutinizes every product, empowering you to purchase safer skincare.","Massage a quarter size amount of cleanser onto a damp face and neck. Rinse with lukewarm water. Suitable for use on eyes. Use within 6 months of opening.
Pro tip:
Use as a cleansing mask when applied to dry skin and left to sit for a few minutes before rinsing.
Four simple steps, one skincare routine. Suitable for both AM and PM:
Step 1: Cleanse with La Micellaire Botanical Cleansing Water and/or Le Cleanser Gel to Milk Cleanser
Step 2: Reduce puffiness, tighten skin and calm redness with Le Glaçon Facial Ice Roller
Step 3: Hydrate, soften and brighten the skin with La Crème All-in-One Daily Moisturizer
Step 4: Add extra moisture and repair dry skin with Le Baume All-in-One Balm."
pimprod2042628,Pacifica,Future Youth Time Shift Hydrogel Facial Mask,Treatment & Serums,Sheet Masks,$5.00,0.6 oz,https://media.ulta.com/i/ulta/2617979?w=100&h=100&fmt=auto,34 Reviews,"Benefits
Smells Like: Strawberries
Aromapower: Calming
Makes Skin Look: Hydrated + bouncy
Makes Skin Feel: Resilient + supple
Deeply hydrates for a healthier appearance
Boosts radiance + texture with a filling effect
100% Vegan
Certified Cruelty-Free
Key Ingredients
Pacifica's exclusive Flora+peptide-11 complex:
5 Vegan Multi-Peptides: Help skin look + feel more youthful
Functional Flowers: Including Edelweiss, a mountain flower known for its resilience + self-repairing ability, as well as passionflower extract, a powerful antioxidant which helps skin feel plump + hydrated
Formulated Without
Parabens
Phthalates
Mineral Oil
Silicone
Item 2617979","Aqua (Eau), Glycerin, Butylene Glycol*, Agar, Cellulose Gum, Chondrus Crispus Extract, Glucomannan, 1,2-Hexanediol, Ceratonia Siliqua (Carob) Gum, Phenoxyethanol, Propanediol, Sucrose, Saccharomyces/Xylinum/Black Tea Ferment, Illicium Verum (Anise) Fruit Extract, Sodium Hyaluronate, Calcium Lactate, Maltodextrin, Tetrasodium Glutamate Diacetate, Cynanchum Atratum Extract, Scutellaria Baicalensis Root Extract, Passiflora Incarnata Extract, Passiflora Edulis Flower Extract, Ethylhexylglycerin, Phaseolus Angularis Seed Extract, Rubus Chamaemorus Seed Oil, Potassium Sorbate, Sodium Benzoate, Dextran, Caprooyl Tetrapeptide-3, Parfum.
*Plant Derived.","Apply mask over clean face. Gently remove outer paper, then pat to smooth over your face. Leave on for 15 minutes and remove. Do not rinse. Rub extra serum onto neck and decolletage.
Precautions: Do not use directly in the eye. If irritation occurs, discontinue use. Keep out of reach of children. External use only. As with any mask, patch test recommended before use."
pimprod2017642,Differin,Resurfacing Acne Scar Spot Treatment Gel,Treatment & Serums,Acne & Blemish Treatments,$26.99,1.0 oz,https://media.ulta.com/i/ulta/2570166?w=100&h=100&fmt=auto,187 Reviews,"Benefits
Minimizes the appearance of post-acne scars, while visibly improving the appearance of rough, textured skin
Promotes surface cell turnover to visibly improve uneven skin
Delivers peptides to leave skin looking firm
Hydrates to soften the appearance of scars and surface imperfections
Non-irritating
Fragrance-free
Non-comedogenic
Paraben-free
Dermatologist-tested
Item 2570166","Water, Dimethicone, Dimethicone Crosspolymer, Caprlic/Capric Triglyceride, BIS-PEG-12 Dimethicone, Glycerly Oleate Citrate, Ethoxydiglycol, Bakuchiol, Dextran;Hippophae Rhamnoides (Sea Buckthorn) Fruit Oil, Hippophae Rhamnoides (Sea Buckthorn) Seed Oil, Asiatic Acid, Asiaticoside, Rosa Rubiginosa Seed Oil, Butylene Glycol, Hydrogenated Ethylhexyl Olivate, Phenoxyethanol, Acrylates/C10-30 Alkyl Acrylate Crosspolymer, Citric Acd, Sodium Hydroxide, Tocopheryl Acetate, Ethylhexylglycerin, Disodium EDTA, Squalane, Madecassic Acid, Tripeptide-1.","After cleansing skin, apply to the affected area. Use daily as needed. Do not rinse off. Use after applying Differin Gel. If going outside use a sunscreen, SPF 30 or higher."
pimprod2027781,Olay,Regenerist Collagen Peptide 24 MAX Hydrating Moisturizer,Moisturizers,Face Moisturizer,$43.99,1.7 oz,https://media.ulta.com/i/ulta/2586191?w=100&h=100&fmt=auto,"5,251 Reviews","Benefits
Collagen Peptide to the MAX: Olay's expertly formulated Collagen Peptide 24 hydrating moisturizer is now available in MAX concentration with 2X* the Collagen Peptide (*vs base Collagen Peptide 24)
MAX Out Your Moisture: Use as your daily moisturizer to provide 24 hours of hydration Smooth evenly over cleansed face and neck both morning and night
Instant Results: This facial moisturizer instantly hydrates better than the $100, $200, and a $400 cream to visibly firm skin
Benefits Increase Over Time: On day 1, your skin's texture will look smooth With 2 weeks of use, your skin will look and feel visibly firmer and your fine lines and wrinkles will be less noticeable
Fragrance-Free & Creamy: A classic smooth and non-sticky texture that absorbs quickly with no greasy residue and can be worn under makeup
Key Ingredients
Expert Formulation: Unlike most Collagen molecules in skincare that sit on the top of your skin, Olay's expert formulation delivers powerful ingredients like Collagen Peptide and Vitamin B3 deep into skin's surface
Formulated Without
Fragrance
Parabens
Phthalates
Mineral oil
Synthetic dyes
Item 2586191","Water, Glycerin, Isohexadecane, Niacinamide, Distarch Phosphate, Isopropyl Isostearate, Dimethicone, Panthenol, Palmitoyl Pentapeptide-4*, Palmitoyl Dipeptide-7*, Tremella Fuciformis Sporocarp, Extract, Caprylic/capric Triglyceride, Ethylhexylglycerin, Hydroxyacetophenone, Dimethiconol, Cetearyl Glucoside, Cetearyl Alcohol, Stearic Acid, Palmitic Acid, Stearyl Alcohol, Cetyl Alcohol, Behenyl Alcohol, Disodium EDTA, Sodium Acrylates Copolymer, PEG-100 Stearate, Titanium Dioxide, Mica, Phenoxyethanol *peptide.","Smooth evenly over cleansed face and neck, morning and night.
Precautions: Avoid contact with eyes. If contact occurs, rinse eyes with water."
pimprod2041910,Urban Hydration,Sea Acne Gone Algae Moisturizing Gel,Moisturizers,Face Moisturizer,$14.99,2.5 oz,https://media.ulta.com/i/ulta/2611645?w=100&h=100&fmt=auto,117 Reviews,"Benefits
Combats Acne
Reduces Redness and Inflammation
Item 2611645","Water (Aqua), Glycerin, Propanediol, Niacinamide, Gentiana Scabra Root Extract, Sophora Flavescens Root Extract, Glycyrrhiza Uralensis (Licorice) Root Extract, Centella Asiatica Extract, Butylene Glycol, Polysorbate 20, Carbomer, Algae Oligosaccharides, Panthenol, Allantoin, Aloe Barbadensis Leaf Juice, Acrylates/C10-30 Alkyl Acrylate Crosspolymer, Tetrasodium Glutamate Diacetate, Sodium Hyaluronate, Propylene Glycol, O-Cymen-5-OL, Ethylhexylglycerin, 1,2-Hexanediol, Sodium Hydroxide.","Apply pea size drop to fingertips. Using upward strokes, work in to moisturize face and neck. For best results use every morning following your Algae face wash."
pimprod2030687,Pacifica,Wake Up Beautiful Retinoid Serum,Treatment & Serums,Face Serums,$20.00,1.0 oz,https://media.ulta.com/i/ulta/2591996?w=100&h=100&fmt=auto,100 Reviews,"Benefits
Recharge your skin while you sleep with this multi-tasking serum
Power packed formula helps fight signs of aging while leaving skin moisturized and supple
No-fragrance added
Great for all skin types, especially aging skin
This pretty bottle is made from glass. Recycle it again!
100% Vegan
Cruelty free
Key Ingredients
Petroleum-free Retinoid
Mushrooms
Melatonin
Quinoa
Formulated Without
Parabens
Phthalates
Petroleum
SLS
Mineral Oil
Fragrance
Item 2591996","Aqua (Eau), Propanediol, Helianthus Annuus (Sunflower) Seed Oil, Cetearyl Olivate, Sorbitan Olivate, Hydroxypinacolone Retinoate, Rosa Centifolia Flower Extract, Calendula Officinalis Flower Extract, Chamomilla Recutita (Matricaria) Flower Extract, Ganoderma Lucidum (Mushroom) Extract, Trametes Versicolor Extract, Chenopodium Quinoa Seed Extract, Melatonin, Oryza Sativa (Rice) Bran Extract, Helianthus Annuus (Sunflower) Extract, Rosmarinus Officinalis (Rosemary) Leaf Extract, Tocopherol, Glycerin, Linoleic Acid, Phytosterols, Phospholipids, Jojoba Esters, Caprylic/Capric Triglyceride, Sodium Hyaluronate, Xanthan Gum, Acacia Senegal Gum, Sodium Gluconate, Dimethyl Isosorbide, Methylheptylglycerin, Caprylhydroxamic Acid, Caprylyl Glycol, Citric Acid.","Apply 1-2 dropper full to clean skin after cleansing. Do not use with other retinoid products. Always start with a patch test before using any new skincare product. Use sunscreen daily and limit sun exposure while using this product.
Precautions: While Granactive Retinoid is less irritating than retinol, if irritation occurs, discontinue use. For external use only. Avoid contact with eyes. Keep out of reach of children. If pregnant or nursing, consult your doctor before use. Use sunscreen daily as retinol can increase sun sensitivity. Store in a cool, dry place."
pimprod2048308,Vaseline,Illuminate Me Whipped Body Butter,Body Moisturizers,Body Butters,$13.99,11.0 oz,https://media.ulta.com/i/ulta/2633488?w=100&h=100&fmt=auto,6 Reviews,"Features
No need to reapply! Provides all day 24 Hour Moisturization for dry skin
A light to touch whipped body butter with rich moisturization to achieve a luminous glow with a fragrance that says ""I've Arrived.""
Key Ingredients
Glycerin, Responsibly Sourced Shea Butter, and Vaseline Jelly
Formulated Without
Paraben
Item 2633488","Water (Aqua), Glycerin, Cyclopentasiloxane, Cetyl Alcohol, Butyrospermum Parkii (Shea) Butter, Caprylic/Capric Triglyceride, Dipropylene Glycol, Cetyl Palmitate, Dimethicone, Sodium Acrylate/Sodium Acryloyldimethyl Taurate Copolymer, Isohexadecane, Caprylyl Glycol, Ceteth-20, Glyceryl Stearate, Fragrance (Parfum), Phenoxyethanol, Petrolatum, Polysorbate 80, Carbomer, Disodium Edta, Caramel, Hydroxystearic Acid, Benzyl Alcohol, Benzyl Salicylate, Coumarin, Hexyl Cinnamal, Limonene, Linalool.","Apply before Vaseline Shimmering Body Oil for a hydrated, shimmering glow"
pimprod2048535,Oak Essentials,Hydra Eye Balm,Eye Treatments,Eye Cream,$55.00,.35 oz,https://media.ulta.com/i/ulta/2631907?w=100&h=100&fmt=auto,358 Reviews,"Key Ingredients
Moringa Seed Oil: Packed with nutrients and antioxidants, it is known to help boost cell renewal and prevent moisture loss.
Shea Butter: Nourishes and hydrates the delicate eye area and helps reduce the appearance of fine lines and dark circles.
Mango Seed Butter: A natural emollient and rich in vitamin E, it helps moisturize, soften and soothe skin for a naturally radiant under-eye area.
Formulated Without
Made simply and without compromise, their skincare formulas are non-GMO and organic whenever possible, and always formulated without silicones, colorants, sulfates, phthalates, parabens, PEGs, petrolatum, mineral oil, and nanoparticles.
Item 2631907","Butyrospermum Parkii (Shea) Butter, Punica Granatum Seed Oil, Borago Officinalis Seed Oil, Argania Spinosa Kernel Oil, Cocos Nucifera (Coconut) Oil, Moringa Oleifera Seed Oil, Simmondsia Chinensis (Jojoba) Seed Oil, Mangifera Indica (Mango) Seed Butter, Olea Europaea (Olive) Fruit Oil, Helianthus Annuus Seed Cera/Helianthus Annuus (Sunflower) Seed Wax, Tribehenin, Oryza Sativa (Rice) Bran Extract, Rosmarinus Officinalis (Rosemary) Leaf Extract, Helianthus Annuus (Sunflower) Extract, Tocopherol.","Use AM and PM after serum. Apply to the eye area, focusing on the under-eye and brow bone, avoiding eyelids. Gently massage in for increased microcirculation.
Warning: For external use only. Keep out of reach of children. Avoid direct contact with eyes. If contact occurs, rinse with water immediately. Do not ingest. Do not store at elevated temperatures."
pimprod2041909,Urban Hydration,Sea Acne Gone & Sea The Glow Algae Face Wash,Cleansers,Face Wash,$14.99,4.0 oz,https://media.ulta.com/i/ulta/2611644?w=100&h=100&fmt=auto,112 Reviews,"Benefits
Combats Acne
Reduces Redness and Inflammation
Item 2611644","Water, Cocamidopropyl Betaine, Sodium Lauroyl Sarcosinate, Sodium Cocoyl Glycinate, Sodium Methyl Cocoyl Taurate, Glycerin, PEG-120 Methyl Glucose Dioleate, Hydrolyzed Corn Starch, Sodium Chloride, Phenoxyethanol, Salicylic Acid, Propylene Glycol, Polysorbate 80, Pentylene Glycol, Sodium Salicylate, Caprylic/Capric Triglyceride, Tocopheryl Acetate, Butyrospermum Parkii (Shea Butter), Simmondsia Chinensis (Jojoba) Seed Oil, Caprylyl Glycol, Azelaic Acid, Aloe Barbadensis Leaf Juice, Citric Acid, Tetrasodium Glutamate Diacetate, Algae Oligosaccharides, Mentha Piperita (Peppermint) Oil, Cocos Nucifera (Coconut) Oil.","Wet face and hands with lukewarm water. Add a pea size drop to fingertips and work into a lather. Massage onto skin with a gentle, circular motion. Rinse with lukewarm water and pat dry with a soft towel."
pimprod2000650,L'Oréal,Collagen Moisture Filler Facial Day Night Cream,Moisturizers,Night Cream,$11.49,1.7 oz,https://media.ulta.com/i/ulta/2537733?w=100&h=100&fmt=auto,225 Reviews,"Benefits
Daily face cream with Collagen restores moisture, skin's cushion and bounce
Intense Hydration helps fill in lines and wrinkles
Smooths wrinkles and lines for plumper skin
Dermatologist-tested for gentleness
Key Ingredients
Collagen
Item 2537733","Aqua / Water, Cyclohexasiloxane, Glycerin, Butyrospermum Parkii Butter / Shea Butter, Isohexadecane, Pentaerythrityl Tetraethylhexanoate, Dipropylene Glycol, Cera Alba / Beeswax, Stearic Acid, Palmitic Acid, Cyclopentasiloxane, Acrylamide/Sodium Acryloyldimethyltaurate Copolymer, Peg-100 Stearate, Stearyl Alcohol, Glyceryl Stearate, Peg-20 Stearate, Boswelia Serrata Extract / Boswellia Serrata Extract, Manganese Gluconate, Soluble Collagen, Atelocollagen, Dimethiconol, Polysorbate 80, Pentaerythrityl Tetraisostearate, Tocopherol, Disodium Edta, Sodium Hydroxide, Silica Dimethyl Silylate, Sodium Chondroitin Sulfate, Phenoxyethanol, Methylparaben, Imidazolidinyl Urea, Potassium Sorbate, Parfum / Fragrance, Alpha-Isomethyl Ionone, Butylphenyl Methylpropional, Benzyl Salicylate, Linalool, Hexyl Cinnamal, Hydroxyisohexyl 3-Cyclohexene Carboxaldehyde, Citronellol FiL# B29287/1.","Every night, smooth gently over the entire face after cleansing.
Precautions: For external use only. Avoid contact with eyes. Discontinue use if signs of irritation or rash appear. Keep out of sight of children."
pimprod2051772,I'm From,Mugwort Essence,Cleansers,Toner,$40.00,5.64 oz,https://media.ulta.com/i/ulta/2642150?w=100&h=100&fmt=auto,4 Reviews,"Benefits
Prevents premature aging by combating damage from environmental aggressors
Stimulates collagen production, which plumps up skin and helps reduce the appearance of fine lines
Key Ingredients
Mugwort Extract - contains antimicrobial properties that can help fight off bacteria and fungi that cause skin infections, such as acne and eczema
Item 2642150",Artemisia Princeps Extract.,"After cleansing, prep the skin with the toner. Dispense an appropriate amount of the essence and gently pat over the face for better absorption, especially concentrating on the most sensitive areas."
pimprod2014875,SweetSpot Labs,Rescue Balm Rich Repairing Cream,Treatment & Serums,Body Treatments,$25.00,2.0 oz,https://media.ulta.com/i/ulta/2561938?w=100&h=100&fmt=auto,258 Reviews,"Benefits
Instantly soothes menopausal skin for a restful night's sleep
Relieves dry, itchy, dermatitis-prone skin
Gynecologist-recommended to manage symptoms of lichen sclerosus
Helps soothe itching, irritation and discomfort after a yeast infection or bacterial vaginosis
Relieves razor burn and discomfort after shaving or waxing
Tested and recommended by unbiased gynecologists and dermatologists
92% naturally-derived and pH-neutral
Cruelty-Free
Packaging made from recycled and biodegradable materials
Hypoallergenic and free from preservatives, estrogen, steroids, fragrance, silicones, alcohol, glycerin, parabens, phthalates, propylene glycol, PEGs, and common comedogenics like coconut oil
Key Ingredients
Barrier Repair Complex: The ideal blend of humectant (Shea Butter), emollients (Sweet Almond Oil + Avocado Oil), and occlusives (Colloidal Oatmeal + Zinc Oxide) to moisturize, relieve and protect intimate skin.
Features
0% intimate skin irritation*
94% agreed Rescue Balm was soothing**
90% agreed it reduced discomfort**
87% would recommend Rescue Balm for external vaginal itching**
*Based on a dermatological examination of the vulva (labia minora, majora, vestibule/perineum) on 35 women aged 21 – 63 by a board-certified gynecologist
**In a consumer panel of 34 women after 4 weeks of daily use on the vulva
Item 2561938","Ricinus Communis (Castor) Seed Oil, Helianthus Annuus (Sunflower) Seed Oil, Butyrospermum Parkii (Shea) Butter, Prunus Amygdalus Dulcis (Sweet Almond) Oil, Zinc Oxide, Beeswax (Cera Alba), Euphorbia Cerifera (Candelilla Wax) Cera, Hydrogenated Castor Oil, Avena Sativa (Oat) Kernel Flour, Squalane, Allantoin, Persea Gratissima (Avocado) Oil, Copernicia Cerifera (Carnauba) Wax, Aloe Barbadensis Leaf Extract, Bisabolol, Tocopherol.","HOW: Squeeze a pea-sized amount onto clean fingertips and apply directly to clean, dry intimate skin. Wash hands after each use and repeat as often as needed.
WHERE: This external vaginal moisturizer can be used on any skin including the labia, vulva, under breasts, inner thighs, and more.
WHEN: Anytime you experience dryness and the itch or irritation that comes with it - throughout menopause, after a yeast infection, or in adjunct to prescription based medications such as HRT. Safe for daily and long-term use.
SSL TIP: Pair with Moisture Restoring Cleanser and Hydrate Ever After to complete the routine.
Precautions: For external use only. Discontinue use if rash or discomfort develops."
pimprod2020746,KORRES,Santorini Grape Velvet Skin Drink,Moisturizers,Face Oils,$54.00,1.1 oz,https://media.ulta.com/i/ulta/2573098?w=100&h=100&fmt=auto,536 Reviews,"Benefits
Leaves skin velvet soft
Gives you a no-shine glow
Blurs imperfections
Hydrates thirsty skin
Key Ingredients
Santorini Grape Extract: Energizes
Santorini Grape Seed Oil: Softens
Esveratrol: Improves texture + tone
Research Results
100% of users said this product immediately makes their skin feel baby soft
100% of users saw more supple, brighter and resilient skin after 3 days
100% of users saw and improvement in their skin imperfections after 7 days
Item 2573098","Alkane, Cocoglycerides, Octyldodecananol, Isoamyl Laurate, Coco-Caprylate, Hydrogenated Ethylexyl Olivate, Alcohol Denat, Crambe Abyssinica Seed Oil, Olea Europaea (Olive) Fruit Oil, Aqua/Water/Eau, Ascorbyl Tetraisopalmitate, Ethyl Linoleate, Ethyl Linolenate, Ethyl Oleate, Ethyl Palmitate, Ethyl Stearate, Glycerin, Glyceryl Caprylate, Glyceryl Citrate/Lactate/Linoleate/Oleate, Helianthus Annuus (Sunflower) Seed Oil, Hydrogenated Olive Oil Unsaponifiables, Lactic Acid, Lecithin, Polyglyceryl-3 Caprate, Polyglyceryl-4 Cocoate, Resveratrol, Tocopherol, Tocopheryl Actate, Vitis Vinifera (Grape) Seed Oil, Vitis Vinifera (Grape) Fruit Extract, Potassium Sorbate, Sodium Benzoate, Parfum/Fragrance.",Apply morning and evening on top of any skincare routine as your last step to lock in moisture.
pimprod2006291,Vitamins and Sea beauty,Sea Kale & Hyaluronic Acid Complex Rejuvenating Skin Serum,Treatment & Serums,Face Serums,$11.99,2.0 oz,https://media.ulta.com/i/ulta/2549337?w=100&h=100&fmt=auto,95 Reviews,"Benefits
Firms and tones
Softens and smoothes
Calms stressed skin
Key Ingredients
Sea Kale helps tone your complexion
Hylauronic Acid increases skin moisture and reduces the appearance of fine lines and wrinkles
Item 2549337","Purified Water (Aqua), Propanediol (Zemea), Glycereth-26, Polysorbate 20, Glycerin, Hydroxyethylcellulose, Aminomethyl Propanol, Fragrance (Parfum), Niacinamide (Vitamin B3), Panthenol (Vitamin B5), Retinyl Palmitate (Vitamin A), Hyaluronic Acid, Tocopheryl Acetate (Vitamin C), Crambe Maritima (Blue Sea Kale) Leaf Extract, Argania Spinosa (Argan) Kernel Oil, Linum Usitatissimum (Linseed) Seed Oil, Phenoxyethanol, Dehydroacetic Acid, Benzyl Alcohol, Yellow No.5 CI 19140.","Drop small amount of oil onto fingertips and massage onto desired area of skin, such as face, neck, chest, hands, feet, knees, or elbows. For external use only.
Packaging may vary."
pimprod2048544,Oak Essentials,Pure Gel Cleanser,Cleansers,Face Wash,$42.00,8 oz,https://media.ulta.com/i/ulta/2631912?w=100&h=100&fmt=auto,255 Reviews,"Key Ingredients
Aloe Leaf Juice: Refreshing yet soothing, it is packed with antioxidants and antimicrobial compounds, and helps moisturize and calm dry, sensitive skin.
Verbena Officinalis Extract: Derived from the leaves of a verbena plant, it is packed with nutrients and skin-soothing emollients that won’t strip skin or cause over-drying, instead softening, hydrating, and conditioning skin for a balanced moisture barrier.
Glycerin: A humectant that draws moisture from the environment and locks it in for naturally supple and plump skin.
Formulated Without
Made simply and without compromise, their skincare formulas are non-GMO and organic whenever possible, and always formulated without silicones, colorants, sulfates, phthalates, parabens, PEGs, petrolatum, mineral oil, and nanoparticles.
Item 2631912","Water (Aqua, Eau), Glycerin, Sodium Cocoamphoacetate, Lauryl Glucoside, Caprylyl/Capryl Glucoside, Sodium Lauryl Glucose Carboxylate, Sodium Cocoyl Glutamate, Acrylates Copolymer, Sodium C14-16 Olefin Sulfonate, Niacinamide, Sodium Phytate, Glyceryl Laurate, Glyceryl Undecylenate, Lavandula Hybrida Oil, Aloe Barbadensis Leaf Juice, Abies Balsamea (Balsam Canada) Needle Oil, Boswellia Serrata Oil, Juniperus Virginiana Oil, Caprylyl Glycol, Sodium Hydroxide, Linalyl Acetate, Triethyl Citrate, Isopropyl Alcohol, Panthenol, Citric Acid, Sodium Sulfate, Sodium Chloride, Sodium Benzoate, Linalool.","Use AM and PM daily. Apply 2-3 pumps to damp skin and massage using circular motions. Rinse off with water and pat skin dry. TIP: For a double cleanse, use after Cleansing Balm.
Warning: For external use only. Keep out of reach of children. Avoid direct contact with eyes. If contact occurs, rinse well with water immediately. Do not ingest. Do not store at elevated temperatures."
pimprod2035000,Undefined Beauty,R&R Broad Spectrum SPF 50 Sun Serum,Suncare,Sunscreen,$28.00,Light,https://media.ulta.com/i/ulta/2616920?w=100&h=100&fmt=auto,217 Reviews,"Benefits
Protecting + Nourishing Mineral Sunscreen SPF 50
No white cast and absorbs quickly across skin tones
Silicone Free, Fragrance Free, Non-Nano and Water Resistan
Antioxidant rich formula contains powerful plant-based antioxidants that may help fight against free radical aggressors
Formulated with adaptogens which help your skin adapt to modern stress
Fragrance Free
Key Ingredients
Zinc Oxide 12%: protects skin barrier
Tremella Mushroom: hydrates
Niacinamide: refines pores
Rosemary: soothes
Jojoba: nourishes
Vitamin E: strengthens
Allantoin: protects
Sunflower: softens texture
Item 2616920","Active: Zinc Oxide: 12%.
Inactive: Allantoin, Bisabolol, C12-15 Alkyl Benzoate, Caprylic/Capric Triglyceride, Caprylyl Glycol,
Coco-Caprylate, Helianthus Annuus (Sunflower) Extract, Hydrogenated Lecithin, Iron Oxides, Jojoba Esters, Lecithin, Methylpropanediol , Niacinamide, Nylon-12, Oryza Sativa (Rice) Bran Extract, Phenylpropanol, Polyglyceryl-2 Dipolyhydroxystearate, Polyglyceryl-3
Diisostearate, Polyglyceryl-3 Polyricinoleate, Polyglyceryl-4 Diisostearate/Polyhydroxystearate/Sebacate, Propanediol, Rosmarinus Officinalis (Rosemary) Leaf Extract, Silica, Sodium Chloride, Sodium Hydroxide, Stearalkonium Hectorite, Tetrasodium Glutamate Diacetate, Tocopherol, Tremella Fuciformis Sporocarp Extract, Tridecyl Salicylate, Water.","Given this hybrid formula is water-resistant, best used on dry skin applying directly and massaging in well until fully absorbed. Can be used as the final step in your skincare routine (aka post moisturizer) or as a standalone on clean/dry skin for a bright, hydrated glow.
Tip: It's a shake well formula, best to turn bottle upside down (to allow gravity to help mix emulsifiers), shake well and tap on the edge of a hard surface.
Precautions: For external use only. Do not use on damaged or broken skin. When using this product keep out of eyes. Rinse with water to remove. Stop use and ask a doctor if skin rash occurs. Keep out of reach of children. If swallowed, get medical help or contact a Poison Control Center right away."
pimprod2021611,Sun Bum,Face Lotion SPF 70,Suncare,Sunscreen,$15.49,3.0 oz,https://media.ulta.com/i/ulta/2575582?w=800&h=800&fmt=auto,62 Reviews,"Benefits
Daily broad spectrum protection
Keep skin balanced and hydrated
Easily absorbs into skin for sheer look and feel
Reef Friendly (Octinoxate & Oxybenzone Free)
Item 2575582","Active: Avobenzone 3.0%, Homosalate 15.0%, Octisalate 5.0%, Octocrylene 10.0%.","Apply liberally 15 minutes before sun exposure. Reapply: After 80 minutes of swimming or sweating. Immediately after towel drying. At least every 2 hours.
Precautions: Keep out of eyes."
pimprod2039866,Skin Gym,ZitLit LED Acne Fighting Stick,Treatment & Serums,Acne & Blemish Treatments,$35.00,,https://media.ulta.com/i/ulta/2612551?w=100&h=100&fmt=auto,18 Reviews,"Benefits
Blue light: Targets blemish-causing bacteria at the source, working to accelerate the healing of current breakouts and helping to prevent future eruptions.
Red light: Soothes redness and inflammation associated with acne while also addressing early signs of aging for a fresher, more radiant appearance.
Features
Compact & portable: This lightweight, pocket-sized design allows you to target blemishes anytime, anywhere. Perfect for on-the-go spot treatment.
Item 2612551",,"Cleanse & target: Wash your face and pat it dry. Hold the ZitLit directly over your blemish ( a few inches from the face ) Light it up: Power on the device and relax for 3 minutes while the light therapy works its magic. The device will automatically shut off after the suggested treatment time is complete.
Precautions: This is not a medical device. If you have any medical concern or conditions consult with your medical provider before using this beauty device. This beauty device is solely intended for cosmetic use on the face. Stop using if broken. Any injury resulting from this tool, including but not limited to, misuse or application to other body areas, not following instructions or any other improper applications is neither the responsibility of Skin Gym Inc or its affiliates. The above statements have not been evaluated by the Food and Drug administration. This item is not intended to diagnose, treat, cure, or prevent any disease. Keep out of reach of children.
WARNING: CA Residents Prop 65 Repeat & rejuvenate: Use ZitLit as needed, targeted on blemishes, to maintain clearer skin."
pimprod2038347,Maui Babe,2 Piece Gift Pack,By Category,Skin Gifts,$29.99,,https://media.ulta.com/i/ulta/2609649?w=100&h=100&fmt=auto,5 Reviews,"Benefits
Browning Lotion for your natural tan and After Sun lotion to secure that tan and keep your skin moist
Includes
Maui Babe Browning Lotion (8.0 oz)
After Sun (8.0 oz)
Item 2609649","Purified Hawaiian Water, Aloe Vera Gel, Macadamia Nut Oil, Glycerin, Stearic Acid, Cetyl Alcohol, Propylene Glycol, TEA, Fine Fragrance.",Apply to entire body. Reapply as often as necessary to maintain protection after swimming. Use daily after shower for smoother softer skin year around.
pimprod2049962,Proactiv,Redness Correcting Treatment,Treatment & Serums,Acne & Blemish Treatments,$22.00,0.33 oz,https://media.ulta.com/i/ulta/2634784?w=100&h=100&fmt=auto,,"Benefits
A multi-targeted pimple spot treatment that helps neutralize the appearance of redness while treating acne blemishes.
Formulated with acne-fighting Salicylic Acid
Non-comedogenic (won’t clog your pores!)
Dermatologist-developed for acne-prone skin
Key Ingredients
Salicylic Acid: Helps clear blemishes and prevent new ones from forming
Cica (Centella Asiatica): Known for its antioxidant properties and helps reduce the appearance of redness
Glycerin: A humectant that helps relieve dryness and increases hydration by allowing the skin to retain moisture
Bisabolol: Helps soothe and calm irritated skin
Item 2634784","Active: Salicylic Acid 1.5%<. Inactive: Water, Coco-Caprylate, Caprylic/Capric Triglyceride, C9-12 Alkane, Glycerin, Ethoxydiglycol, Titanium Dioxide (CI 77891), Octyldodecyl Oleate, Stearalkonium Hectorite, Magnesium Aluminum Silicate (Argilla), Polyglyceryl-6 Polyricinoleate, Xanthan Gum, Polyglyceryl-3 Diisostearate, Octyldodecyl Stearoyl Stearate, Magnesium Chloride, Phenoxyethanol, Coco-Caprylate/Caprate, Isopropyl Myristate, Chromium Oxide Greens (CI 77288), Polyhydroxystearic Acid, Octyldodecanol, Bisabolol, Ethylhexylglycerin, Sodium Hydroxide, Trihydroxystearin, Stearoyl Glutamic Acid, Propylene Carbonate, Triethoxycaprylylsilane, Tocopherol, Sodium Benzoate, Centella Asiatica Extract.","Cleanse the skin thoroughly before applying. Apply a small amount of Redness Correcting Treatment with a cotton swab or fingertip (a little goes a long way). Cover the entire affected area with a thin layer and blend to neutralize the appearance of redness. Can be used alone or under makeup. If bothersome dryness or peeling occurs, reduce application to once a day or every other day. If going outside, use a sunscreen of SPF 30 or higher."
pimprod2050538,RMS Beauty,Coconut Clean Cleansing Balm,Cleansers,Cleansing Balms & Oils,$45.00,3.4 oz,https://media.ulta.com/i/ulta/2636700?w=100&h=100&fmt=auto,314 Reviews,"Benefits
Ultra-nourishing, 3-in-1 cleanser
Leaves skin soft, clean, & conditioned - never greasy
Melts away makeup & dissolves daily buildup
100% naturally derived formula
Kind to Biome Certified
The KIND TO BIOME mark recognizes products that are skin microbiome-gentle, supporting the most relevant skin microbiome-related claims available today
Does not interfere with the skin microbiome
Key Ingredients
Organic Coconut Oil: RMS' 100% Organic Coconut Oil is high in natural vitamin E, lauric & caprylic acids that work together to moisturize, soothe, and soften the skin
Kakadu Plum Seed Oil: One of the most natural & stable forms of vitamin C, this superfruit has a great source of antioxidants to help plump and brighten the skin
Organic RMS Adaptogenic Herbal Blend: A proprietary blend of adaptogenic herbs infused in organic jojoba oil that help to protect, balance & hydrate the skin
Research Results
Dermatologist tested*
Hypoallergenic*
Suitable for sensitive skin*
Based on a clinical measurement study with 52 individuals.
Item 2636700","Caprylic/Capric Triglyceride**, Oryza Sativa (Rice) Bran Wax, Octyldodecyl Myristate, Octyldodecyl Erucate, Polyglyceryl-2 Laurate, Polyglyceryl-6 Caprylate, Polyglyceryl-10 Pentaoleate, Dextrin Palmitate, *Cocos Nucifera (Coconut) Oil, Propanediol, Benzyl Alcohol, Pentylene Glycol, *Simmondsia Chinensis (Jojoba) Seed Oil, Citrus Aurantium Bergamia (Bergamot) Peel Oil, *Terminalia Ferdinandiana (Kakadu Plum) Seed Oil, Citrus Aurantium Dulcis (Orange) Peel Oil, Juniperus Virginiana (Cedarwood) Oil, Lavandula Angustifolia (Lavender) Oil, Pelargonium Graveolens (Geranium) Flower Oil, Copaifera Officinalis (Balsam Copaiba) Resin, *Glycyrrhiza Glabra (Licorice) Root Extract, *Smilax Aristolochiifolia (Sarsaparilla) Root Extract, *Withania Somnifera (Ashwagandha) Root Extract, Artemisia Vulgaris (Mugwort) Oil, Myrtus Communis (Myrtle) Oil, Rosa Damascena Flower Oil, Tocopherol (non-GMO), *Calendula Officinalis (Marigold) Flower Extract, *Curcuma Longa (Turmeric) Root Extract, *Equisetum Arvense (Horsetail) Extract, *Hypericum Perforatum (St. John's Wort) Leaf Extract, Ferula Galbaniflua (Galbanum) Resin Oil, Linalool, Limonene.
*Certified Organic/Certifié Biologique
**Derived from Coconut/Issu de la Noix de Coco","Scoop out product with the included spatula and warm between palms. Using fingertips, apply to dry skin gently massaging over face, neck, and décolleté until the balm has transformed into an oil. For eye-makeup removal, apply to closed eyes. Wet hands and continue massaging in circular motions until the oil emulsifies into a milky lather. Rinse with warm water or wipe off with a damp washcloth. Can be used alone or as the first step of your double cleanse, morning and night.
Avoid direct contact with eyes; if contact occurs, rinse thoroughly with water."
pimprod2052161,ANUA,3 Ceramide Panthenol Moisture Barrier Cream,Moisturizers,Face Moisturizer,$20.00,3.38 oz,https://media.ulta.com/i/ulta/2641341?w=100&h=100&fmt=auto,4 Reviews,"Benefits
Daily moisturizer for deep hydration
Moisture barrier strengthening & skin smoothing
Suitable for sensitive skin
Key Ingredients
3 Types of Ceramide Capsules: Improve skin's moisture barrier by replenishing the lipid layer
Centella Extract & Soothing Complex: Soothes redness and irritated skin
Panthenol, Ceramides, Hyaluronic Acid: Helps fill hydration and retain moisture
Research Results
Skin irritation test completed
Non-comedogenic test completed
Comparisons with the test group: After one use, the skin color redness
(Redness average) significantly decreased to 19.94%
Comparisons with the control group: After one use, the skin color
redness (Redness average) significantly decreased to 4.42%
After one-time use, after 48 hour the average dielectric constant (ε)
significantly increased to 404.26%, 180.20% respectively
Improvement of the skin barrier damaged after external irritation
Item 2641341","Water, Panthenol, Butylene Glycol, Propanediol, Caprylic/Capric Triglyceride, Glycerin, Cetyl Ethylhexanoate, Behenyl Alcohol, Octyldodecanol, Phenyl Trimethicone, Vinyl Dimethicone, 1,2-Hexanediol, Bis-Diglyceryl Polyacyladipate-2, Pentylene Glycol, Betaine, Centella Asiatica Extract, Caprylyl Methicone, Polyglyceryl-3 Methylglucose Distearate, C14-22 Alcohols, Ceramide NP, Phytosterols, Hydroxyethyl Acrylate/Sodium Acryloyldimethyl Taurate Copolymer, Hydrogenated Rice Bran Oil, C12-20 Alkyl Glucoside, Glyceryl Stearate, Ammonium Acryloyldimethyltaurate/VP Copolymer, Glyceryl Caprylate, Dimethiconol, Sodium Stearoyl Glutamate, Hydrogenated Lecithin, Glyceryl Glucoside, Acrylates/C10-30 Alkyl Acrylate Crosspolymer, Tromethamine, Sodium Phytate, Polyglyceryl-10 Stearate, Ethylhexylglycerin, Sodium Hyaluronate, Ethylhexyl Olivate, Dipropylene Glycol, Sodium Acrylates Copolymer, Polyglyceryl-4 Oleate, Linolenic Acid, Polyglyceryl-10 Laurate, Sphingolipids, Phosphatidylcholine, Squalane, Allantoin, Ectoin, 4-Terpineol, Hyaluronic Acid, Lecithin, Asiaticoside, Escin, Madecassic Acid, Asiatic Acid, Beta-Sitosterol, Tremella Fuciformis (Mushroom) Extract, Ceramide EOP, Ceramide AP, Glycine, Glutamic Acid, Serine, Lysine, Alanine, Arginine, Threonine, Proline.","Use after toner and serum.
Pat gently over the entire face for better absorption.
Use after cleansing as both AM & PM skincare regimen.
It helps to protect the skin moisture barrier."
pimprod2022944,Kate Somerville,KateCeuticals Total Repair Cream,Moisturizers,Night Cream,$145.00,1.0 oz,https://media.ulta.com/i/ulta/2579673?w=100&h=100&fmt=auto,407 Reviews,"Benefits
Replenishes dull + dry skin
Improves skin elasticity + suppleness
Relaxes the look of wrinkles + fine lines
Key Ingredients
Peptide-Infused Ceramide Complex: Increases skin hydration, reduces visible redness, evens skin texture, helps with firmness, and works to repair the skin barrier, while smoothing the look of fine lines + wrinkles.
Squalane : Seals in moisture + maximizes water retention.
Hemp, Macadamia, Babassu + Jojoba Seed Oils : Provides essential moisture replenishment and strengthens the skin barrier.
Hyaluronic Acid : Delivers immediate and long-term hydration, enhances skin moisture + retention, and supports a healthy skin barrier while plumping skin to visibly smooth fine lines + wrinkles.
Vitamin E : Provides antioxidant benefits to nourish, soothe, and moisturize skin while defending against free radical damage.
Research Results
After just 1 use*
100% reported softer and more supple skin
96% reported smoother-feeling skin.
91% saw improvement in the appearance of skin elasticity around the eye area.
After 2 weeks*
93% reported improved skin firmness.
87% reported improved appearance of fine lines.
Clinically-proven results based on independent clinical study.
Item 2579673","Aqua/Water/Eau, Cetearyl Alcohol, Dimethicone, Stearic Acid, Ceteareth-20, Glycerin, Isocetyl Stearoyl Stearate, Isopropyl Myristate, C12-15 Alkyl Benzoate, Cannabis Sativa Seed Oil, Caprylic/Capric Triglyceride, Orbignya Oleifera Seed Oil, Ceramide NG, Cholesterol, Adenosine, Squalane, Macadamia Ternifolia Seed Oil, Copper PCA, Serica/Silk Powder/Poudre de Soie, Sodium Hyaluronate, Palmitoyl Hexapeptide-12, Allantoin, Simmondsia Chinensis (Jojoba) Seed Oil, Citrus Paradisi (Grapefruit) Peel Oil, Ascorbyl Palmitate, Triacetin, PEG-10 Phytosterol, Sodium PCA, Tribehenin, Urea, Polyquaternium-51, Butylene Glycol, Trehalose, Potassium Sorbate, Sodium Benzoate, Disodium EDTA, Tocopheryl Acetate, Parfum/Fragrance, Hexylene Glycol, Lactic Acid, Aminomethyl Propanol, Xanthan Gum, BHT, Caprylyl Glycol, Chlorphenesin, Geraniol, Hexyl Cinnamal, Limonene.","Good for: Morning + Evening
How often: Daily
Application: Apply a thin, even layer to the face and neck. Use alone or layer over a targeted treatment or serum."
pimprod2040042,BeautyBio,GLOfacial Collagen Concentrate,Treatment & Serums,Face Serums,$45.00,1.7 oz,https://media.ulta.com/i/ulta/2612182?w=100&h=100&fmt=auto,47 Reviews,"Benefits
Smooths the appearance of fine lines and wrinkles
Helps firm skin
Hydrates the skin
Plumps the skin
Non-Comedogenic
Key Ingredients
Firming Collagen
Smoothing Peptides
Plumping Hyaluronic Acid
Youth Boosting Proteins
Formulated Without
Alcohol
Parabens
Silicones
Sulfates
Gluten
Item 2612182","Water/aqua/eau, Butylene Glycol, Hydrolyzed Collagen, Hydroxyacetophenone, Sodium Hyaluronate, Oligopeptide-1, 1,2-hexanediol, PEG-40 Hydrogenated Castor Oil, Fragrance/parfum, Linalool.","Use with GLOfacial Tool. Pour Concentrate to fill line in GLOfacial Treatment Chamber as indicated and fill balance of chamber with water to dilute.
Avoid direct eye contact. Discontinue use if irritation occurs.
Precautions: Avoid direct eye contact. Discontinue use if irritation occurs."
pimprod2002068,Neutrogena,Makeup Remover Cleansing Towelette Singles,Cleansers,Makeup Remover,$10.49,20 ct,https://media.ulta.com/i/ulta/2534782?w=100&h=100&fmt=auto,"34,026 Reviews","Benefits
Great for on the go!
Ultra soft, pre-moistened Neutrogena Makeup Remover Face Wipes to gently cleanse skin
Remove makeup and effectively cleanse skin in one easy step with these facial cleansing towelettes
Makeup remover wet wipes cleanse & remove dirt, oil, makeup, sweat, sunscreen & pollution on skin
Individually wrapped wipes for effective cleansing & makeup removal anywhere with no need to rinse
Ophthalmologist, dermatologist & allergy tested, and hypoallergenic
Designed with the earth in mind, the face wipes are made with 100% plant-based fibers
Research Results
Removes up to 99% of makeup even stubborn waterproof mascara with these makeup remover wipes
Formulated Without
Phthalates
Parabens
Sulfates
Alcohols
Soaps
Dyes
Item 2534782","Water, Decyl Isostearate, Isopropyl Isostearate, Dimethicone, Isohexadecane, Hexylene Glycol, PEG-6 Caprylic/Capric Glycerides, Trisiloxane, Phenoxyethanol, Sucrose Cocoate, Chlorphenesin, Polysorbate 20, Acrylates/C10-30 Alkyl Acrylate Crosspolymer, Fragrance, Sodium Hydroxide.","Gently wipe over eyelids, face, lips, and neck. No rinsing required. Dispose of towelette in trash receptacle (do not flush).
Precautions: Keep out of reach of children. Do not eat/swallow."
pimprod2033213,Pixi,Pixi + Hello Kitty AnyWhere Rejuvenating Face Patches,Treatment & Serums,Face Masks,$24.00,90 ct,https://media.ulta.com/i/ulta/2598124?w=100&h=100&fmt=auto,16 Reviews,"Benefits
Instantly infuses the complexion with a surge of hydration
Cooling, calming & refreshing
Multipurpose patches
Paraben-free
Item 2598124","Aqua/Water/Eau, Glycerin, Calcium Chloride, Ceratonia Siliqua (Carob) Gum, Xanthan Gum, Niacinamide, Butyrospermum Parkii (Shea) Butter, Chondrus Crispus Powder, Caffeine, Acacia Seyal Gum Extract, Camellia Sinensis Leaf Extract, Camellia Japonica Flower Extract, Retinol, Ceramide NP, Sodium Hyaluronate, Acetyl Hexapeptide-8, Adenosine, 1,2-Hexanediol, Pentylene Glycol, Hydroxyacetophenone, Polyglyceryl-10 Laurate, Ethylhexylglycerin, Cellulose Gum, Sodium Phytate, Caprylic/Capric Triglyceride, Hydrogenated Lecithin, Synthetic Fluorphlogopite, Phenoxyethanol, Titanium Dioxide (CI 77891), Chromium Oxide Greens (CI 77288).","Use daily, or as needed. Apply patches anywhere you need moisture or soothing. Use spatula to gently lift and separate each patch. Leave on for 10 minutes. Gently pat remaining serum into skin."
pimprod2049789,Ahava,MultiVitamin Day Cream SPF 30,Moisturizers,Face Moisturizer,$80.00,1.7 oz,https://media.ulta.com/i/ulta/2634778?w=100&h=100&fmt=auto,,"Benefits
Reinforced with UVA\B superior protection to help prevent accelerated aging signs.
Firming
Light but firm-textured cream for easy absorption and lasting firmness
Daily Protection against discoloration and premature aging signs
Features
Formulated with antiaging C, Pro B5, B3 and vitamin D precursor, together with Osmoter™- our exclusive naturally hydrating Dead Sea mineral composition.
Reinforced with UVA\B superior protection to help prevent accelerated aging signs.
Key Ingredients
Vitamin C’s antioxidant property helps shield the skin from damaging effects of free radicals and help brighten photoaging signs like hyperpigmentation
Vitamin B will improve your skin’s texture and moisture retention. It reduces the appearance of fine lines and wrinkles
Vitamin D provides antioxidative protection, helps lessen fine lines and wrinkles, and supports skin barrier recovery.
Niacinamide extraordinary brightening, even tone and anti dark spot properties
Osmoter™ - AHAVA's exclusive blend of natural hydrating Dead Sea minerals proven to elevate skin’s moisture from within.
Item 2634778","Aqua (Mineral Spring Water), Octocrylene, Ethylhexyl Salicylate, Butyloctyl Salicylate, Glycerin, Phenylbenzimidazole Sulfonic Acid, Butyl Methoxydibenzoylmethane, Stearyl Alcohol, Methyl Methacrylate Crosspolymer, Dimethyl Capramide, C12-15 Alkyl Benzoate, Dimethicone, Potassium Cetyl Phosphate, Cellulose Acetate, PEG-100 Stearate, Hydrogenated Palm Glycerides, Glyceryl Stearate, Aminomethyl Propanol, Phenoxyethanol, Sodium Citrate, Propanediol, Erythritol, Dimethicone/Vinyl Dimethicone Crosspolymer, Squalane (Phytosqualane), Hydrolyzed Wheat Protein/PVP Crosspolymer, Caprylic/Capric Triglyceride, Parfum (Fragrance), Hexyl Cinnamal, Limonene, Linalool, Citral, Geraniol, Xanthan Gum, Niacinamide, Disodium EDTA, Chlorphenesin, Hydrogenated Polydecene, Behenyl Behenate, Tribehenin, Citric Acid, Caprylyl Glycol, Didecyldimonium Chloride, Sodium Benzoate, Potassium Sorbate, Ethylhexylglycerin, Homarine HCl, Hydrolyzed Yeast Protein, Usnea Barbata (Lichen) Extract, Acmella Oleracea Extract, Allantoin, Panthenol (Pro Vitamin B5), Ascorbyl Glucoside (Vitamin C derivative), Phoenix Dactylifera (Date) Fruit Extract, Dunaliella Salina (Dead Sea Alga) Extract, Maris Aqua (Dead Sea Water/Osmoter).",Apply on clean face and neck every morning.
pimprod2023617,megababe,Chest-O Presto Clarifying Body Acne Mist,Treatment & Serums,Body Treatments,$18.00,3.8 oz,https://media.ulta.com/i/ulta/2577422?w=100&h=100&fmt=auto,59 Reviews,"Benefits
Chestne, backne, buttne... use anywhere body breakouts are a concern!
No-rub clarifying mist is made with 2% salicylic acid
Use to effectively treat existing body acne and/or to maintain clear skin
Dries quickly without any sticky residue
Potent botanicals clarify, soothe and hydrate
Tea tree oil, a natural anti-inflammatory, lends a light scent
Key Ingredients
2% Salicylic acid treats existing acne and prevents new breakouts
Blue tansy oil clears pores and kills pimple-causing bacteria
Niacinamide locks in moisture to protect against dryness and irritation
Chamomile extract soothes
Witch hazel and tea tree clarify
Formulated Without
Synthetic fragrance
Talc
Aluminum
Parabens
Phthalates
Sulfates
Item 2577422","Active Ingredient: 2% Salicylic Acid. Inactive Ingredients: Alcohol Denat., Chamomilla Recutita (Matricaria) Flower Extract, Glycerin, Hamamelis Virginiana (Witch Hazel) Water, Melaleuca Alternifolia (Tea Tree) Leaf Oil, Niacinamide, Propanediol, Sodium Hydroxide, Tanacetum Annum (Blue Tansy) Flower Oil, Water.","Mist a thin layer onto clean, dry skin daily or as needed. Let dry for 30 seconds. Start with one application daily, then gradually increase to two or three times daily if needed or as directed by a doctor. If bothersome dryness or peeling occurs, reduce application to once a day or every other day.
For external use only. Do not use in or near the eyes. In case of contact, rinse eyes thoroughly with water. Stop use and ask doctor if irritation or rash appears and lasts. Keep out of reach of children. If swallowed, get medical help or contact a Poison Control Center (1-800-222-1221) right away. Do not store above 100 degrees. When using this product, skin irritation and dryness is more likely to occur if you use another topical acne medication at the same time. If irritation occurs, only use one topical acne medication at a time."
pimprod2049182,fresh,Sugar Face Polish Exfoliator,Treatment & Serums,Face Peels & Exfoliators,$67.00,4.4 oz,https://media.ulta.com/i/ulta/2631848?w=100&h=100&fmt=auto,1 Review,"Benefits
Refines and gently buffs
Softens skin's texture
Smoothes and nourishes
Key Ingredients
Brown sugar, a natural humectant that seals in moisture, gently buffs away dry, dull skin.
Plum seed oil and grapeseed oil are notable for their hydrating and nourishing properties.
Research Results
97% reported smoother skin texture and softer, more supple skin
85% said it immediately improved radiance
*self-assessment, 32 subjects, 4 weeks
Item 2631848","Sucrose, Propylene, Glycol Dicaprylate/dicaprate, Stearalkonium Hectorite, Caprylic/capric Glyceries Polyglyceryl-10 Ester Parfum (fragrance), Fragaria Vesca (strawberry) Fruit Extract, Candelilla Cera (euphorbia Cerifera(candelilla) Wax), Mangifera Indica (mango) Seed Butter, Propylene Carbonate, Limonene, Limnanthes Alba (meadowfoam) Seed Oil, Vitis Vinifera (grape) Seed Oil, Prunus Domestica Seed Oil, Tocopherol, Tocopheryl Acetate, Glycerin, Fructose, Glucose, Aqua (water), Caramel, Potassium Sorbate, Citral, Linalool","After cleansing with Soy Face Cleanser, apply a generous amount to damp skin and gently massage using circular motions. Let it work for 5-10 minutes and rinse with warm water. Use 3-4 times a week. Follow with Kombucha Treatment Essence for smooth, luminous skin."
pimprod2043698,Essence,"Hello, Good Stuff! Bi-Phase Oil Serum",Treatment & Serums,Face Serums,$5.99,1.01 oz,https://media.ulta.com/i/ulta/2618293?w=100&h=100&fmt=auto,16 Reviews,"Features
Bi-Phase Oil Serum
Enhances skin complexion
Lightweight serum formula
Made with peach water and peptides
Refines and evens out skin tone
Made with 98% natural ingredients
Can be applied alone or under makeup
Cruelty free
Key Ingredients
Peach water helps to neutralize free radicals and reduce inflammation, which results in an even complexion and glowing skin.
Peptides has anti-aging benefits that reduce fine lines and wrinkles.
Formulated Without
Animal by-product
Alcohol
Fragrance
Microplastic particles
Parabens
Item 2618293","Aqua (Water), Caprylic/Capric Triglyceride, Glycine Soja (Soybean) Oil, Octyldodecanol, Glycerin, Prunus Persica (Peach) Fruit Water, Tocopherol, Helianthus Annuus (Sunflower) Seed Oil, Carnosine, Xanthan Gum, Beta-Carotene, Daucus Carota Sativa (Carrot) Root Extract, Sodium Chloride, Sodium Sulfate, Lactic Acid, Citric Acid, Phenoxyethanol, Sodium Benzoate, Parfum (Fragrance), Limonene, Linalool, CI 14700 (Red 4), CI 15510 (Orange 4).","Shake bottle well, then press 3 drops of the essence Hello, Good Stuff! Bi-Phase Oil Serum into clean, dry skin. Let it sink in for two minutes before your next skincare move."
pimprod2049110,TATCHA,The Kissu Lip Treatment Volume-Restoring Lip Serum,Lips,Lip Plumpers,$40.00,0.33 oz,https://media.ulta.com/i/ulta/2634112?w=100&h=100&fmt=auto,134 Reviews,"Benefits
Instantly plumps & restores volume with every use
Revives lips’ natural flush for a healthier look
Smooths lip lines & strengthens barrier
Dermatologist tested
Formulated Without: mineral oil, synthetic fragrance, sulfates, detergents, parabens, urea, DEA, TEA, phthalates
Key Ingredients
Sea Fern + Hadasei-3:iInstantly plumps & restores volume over time
Sea Kelp (Wakame): revives lips’ natural flush and definition
Peptide-Like Carob Fruit Extract: helps build stronger skin barrier + smooths lip lines
Research Results
100% showed an immediate improvement in lip moisturization**
95% of the panelists demonstrated an improvement in visible lip volume after 1 week*
95% of panelists agreed that their lips deeply repaired after 4 weeks***
92% showed improvement in lip color after 2 weeks*
90% showed improvement in lip lines after 2 weeks*
*Based on an expert grading clinical study on 40 panelists
**Based on bio-instrumentation (Novameter) clinical study on 40 panelists
***Based on self assessment questions within a clinical study on 40 panelists
Item 2634112","Caprylic/Capric Triglyceride, Aqua/Water/Eau, Polyglyceryl-6 Polyricinoleate, Dipentaerythrityl Tri-Polyhydroxystearate, Saccharomyces/Rice Ferment Filtrate, Dipentaerythrityl Hexahydroxystearate, Dipropylene Glycol, Glycerin, Polyglyceryl-4 Oleate, Disteardimonium Hectorite, Pentylene Glycol, Polyglyceryl-6 Oleate, Polyhydroxystearic Acid, Sodium Citrate, Propanediol, Hydrolyzed Silk, Ceratonia Siliqua (Carob) Fruit Extract, Sodium Hyaluronate, Camellia Sinensis Leaf Extract, Dictyopteris Polypodioides Extract, Undaria Pinnatifida Extract, Cladosiphon Okamuranus Extract, Tocopherol, Glyceryl Diisostearate/Hydrogenated Rosinate, Citric Acid, Diisostearyl Malate, Caprylyl Glycol, Glyceryl Diisostearate, Ethylhexylglycerin, 1,2-Hexanediol, Phenoxyethanol, Iron Oxides (Ci 77491), Iron Oxides (Ci 77492), Red 30 Lake (Ci 73360).",Twist cap to unlock. Squeeze tube to dispense formula and massage generously as needed. Replace cap and twist to lock closed.
pimprod2051467,belif,Dew Guard Glow Boost Serum SPF 40,Treatment & Serums,Face Serums,$30.00,1.69 oz,https://media.ulta.com/i/ulta/2635923?w=100&h=100&fmt=auto,25 Reviews,"Benefits
Serum, sunscreen, and glow booster in one featherlight formula
Helps brighten, hydrate, and smooth skin
Creates a 촉촉 (chok chok) effect, the look and feel of hydrated, bouncy, and plump skin
Provides SPF 40
Delivers sheer sun-kissed illumination
Flattering on all skin tones
No heaviness, stickiness, or white cast
Non-comedogenic
Dermatologically tested
Key Ingredients
Multi-7 Hyaluronic Acid: Hydrates, locks in moisture, and helps firm skin
Niacinamide: Known to help brighten the skin and smooth its texture
Vitamin C: Known to help skin look brighter and more vibrant
Research Results
Clinically tested to help even skin tone immediately
Item 2635923","Active: Avobenzone 2.7% (sunscreen), Homosalate 9% (sunscreen), Octisalate 4.5% (sunscreen), Octocrylene 9% (sunscreen). Inactive: Water, Glycerin, Dimethicone, Cetearyl Alcohol, Synthetic Fluorphlogopite, 1,2-Hexanediol, Benzotriazolyl Dodecyl P-Cresol, Panthenol, Potassium Cetyl Phosphate, Titanium Dioxide(CI 77891), Glyceryl Caprylate, Isododecane, Glyceryl Stearate, Niacinamide, Caprylic/Capric Triglyceride, Acrylates/Polytrimethylsiloxymethacrylate Copolymer, Fragrance++, Cetearyl Olivate, Inulin Lauryl Carbamate, Iron Oxides(CI 77491), Sorbitan Olivate, Sodium Polyacryloyldimethyl Taurate, Magnesium Aluminum Silicate, Xanthan Gum, Tromethamine, Sodium Hyaluronate+, Trisodium EDTA, Iron Oxides(CI 77499), Tin Oxide, Myristica Fragrans (Nutmeg) Extract, Hydrolyzed Hyaluronic Acid+, Melissa Officinalis Flower/Leaf/Stem Water*, Rosmarinus Officinalis (Rosemary) Leaf Water*, Butylene Glycol, Ascorbic Acid, Hyaluronic Acid+, Hydrolyzed Sodium Hyaluronate+, Hydroxypropyltrimonium Hyaluronate+, Sodium Acetylated Hyaluronate+, Triethoxycaprylylsilane, Eucalyptus Globulus Leaf Extract*, Mentha Rotundifolia Leaf Extract*, Rosa Canina Fruit Extract*, Pentylene Glycol, Thymus Vulgaris (Thyme) Leaf Extract*, Ecklonia Cava Extract**, Hizikia Fusiforme Extract**, Laminaria Japonica Extract**, Ethylhexylglycerin, Sodium Hyaluronate Crosspolymer+, Limonene, Citronellol, Geraniol, Linalool, Citral.
* belif original formula + multi7-Hyaluron ** Jeju-Haeyun Complex ++ : Fragrance of botanical origin","Gently smooth a nickel-sized amount evenly over skin.Apply generously 15 minutes before sun exposure. Reapply at least every 2 hours. Use a water resistant sunscreen if swimming or sweating.
For external use only.
Do not use on damaged or broken skin.
When using this product, keep out of eyes. Rinse with water to remove.
Stop use and ask a doctor if rash occurs.
Keep out of reach of children. If product is swallowed, get medical help or contact a Poison Control Center right away.
Sun Protection Measures: Spending time in the sun increases your risk of skin cancer and early skin aging. To decrease this risk, regularly use a sunscreen with a Broad Spectrum SPF value or 15 or higher and other sun protection measures including:
Limit time in the sun, especially from 10 a.m - 2 p.m.
Wear long-sleeved shirts, pants, hats, and sunglasses."
pimprod2026550,Vichy,Mineral 89 Prebiotic Face Serum,Treatment & Serums,Face Serums,$34.99,1.0 oz,https://media.ulta.com/i/ulta/2585865?w=100&h=100&fmt=auto,"2,487 Reviews","Benefits
Face serum helps recover healthy looking skin and defend against the visible signs of stress
Serum for face helps accelerate skin barrier repair
Skin elasticity is boosted
Skin appears more radiant, skin texture looks improved, and fine lines appear reduced in 4 weeks
Face moisturizer hydrates and reinforces the skin's natural defense barrier
Day after day, the skin looks healthier, smoother and more radiant
Fast-absorbing, non-greasy, non-sticky milky serum texture
Facial serum is dermatologist, opthamologist and allergy-tested
Visible results after 4 weeks*: +45% enhanced radiance, +28% improved texture, -23% fine lines
*Results based on expert grading in a 4 week clinical test
Key Ingredients
Niacinamide (Vitamin B3) and Vitamin E- antioxidant properties known to help defend against environmental aggressors and help to visibly even skin tone
Vitreoscilla Ferment - a nutrient rich component of non-living bacteria grown in the presence of Vichy Volcanic Water, known to have skin barrier recovery properties
Vichy Volcanic Water sourced from French volcanoes features 15 essential minerals to help strengthen the skin's barrier and protect skin from damaging environmental factors like pollution
Natural scent is a result of ingredients within the formula
Formulated Without
Fragrance
Parabens
Phenoxyethanol
Colorants
Silicon
Item 2585865","Aqua / Water / Eau, Niacinamide Propanediol, Peg/Ppg, Polybutylene Glycol-8/5/3 Glycerin, Glycerin, Methyl Gluceth-20, Peg-60 Hydrogenated Castor Oil, Carbomer, Sodium Hyaluronate, Tocopherol, Hydroxyacetophenone, Citric Acid, Vitreoscilla Ferment, Caprylyl Glycol, Biosaccharide Gum-1, Maltodextrin, Butylene Glycol.","Morning and evening, apply 2-3 drops on cleansed skin as the first step in your skincare routine. Layer on any chosen serums and finish with a moisturizer."
pimprod2051929,No7,Future Renew Damage Reversal Night Serum,Treatment & Serums,Face Serums,$39.99,0.84 oz,https://media.ulta.com/i/ulta/2640144?w=100&h=100&fmt=auto,,"Benefits
TARGETS MULTIPLE SIGNS OF SKIN DAMAGE: Reverses the appearance of fine lines, wrinkles, uneven tone and texture, dry skin and the feeling of lost elasticity/firmness.
CUTTING-EDGE TECHNOLOGY: Powered by No7's World First Peptide technology, now expertly crafted for night-time use.
LIGHTWEIGHT TEXTURE: Luxurious, non-greasy formula that absorbs quickly into the skin.
EXPERT BACKING: Dermatologist-approved and clinically proven.
Research Results
POWERFUL DAMAGE REVERSAL: 100% had clinically proven results**
INSTANT RESULTS: Skin feels softer, instantly hydrated after the very first use**
PROVEN RESULTS IN ONE WEEK: After one week, skin looks smoother, firmer and more radiant**
**Consumer Study
Item 2640144","Aqua (Water), Dimethicone, Glycerin, Butylene Glycol, Methyl Gluceth-20, Niacinamide, Caprylic/Capric Triglyceride, Polysilicone-11, Phenoxyethanol, Acrylates/Beheneth-25 Methacrylate Copolymer, Tocopheryl Acetate, Silica, Polysorbate 20, Panthenol, Caprylyl Glycol, Ammonium Acryloyldimethyltaurate/Vp Copolymer, Propylene Glycol, Potassium Hydroxide, Xanthan Gum, Bisabolol, Sodium Hyaluronate, Decyl Glucoside, Ethylhexylglycerin, Parfum (Fragrance), Ascorbyl Glucoside, Dipropylene Glycol, Propanediol, Pentylene Glycol, Tetrasodium Edta, Panax Ginseng Root Extract, Lindera Strychnifolia Root Extract, Hexylene Glycol, Morus Alba Leaf Extract, T-Butyl Alcohol, Palmitoyl Tetrapeptide-94, Palmitoyl Tetrapeptide-95.","Step 1: Cleanse with No7 Future Renew Peptide cleanser and gently pat skin dry.
Step 2: Apply No7 Future Renew Damage Reversal Night Serum evenly over your face and neck.
Step 3: Follow with No7 Future Renew Night Cream for the best results possible.
For even better results, use with No7 Future Renew Day Serum; over 90% of users saw better results when used together*** ***Consumer study on 73 users of the Future Renew Day Serum introducing the night serum over 8 weeks.
Precautions: Avoid contact with eyes. If product gets into the eyes rinse well with water."
pimprod2044739,LOOPS,Exfoliating Toner Biodegradable Skincare Pads,Treatment & Serums,Face Peels & Exfoliators,$30.00,60 ct,https://media.ulta.com/i/ulta/2624833?w=100&h=100&fmt=auto,41 Reviews,"Benefits
Exfoliating
Brightening
Barrier Repairing
Dermatologist Approved
Key Ingredients
Gluconolactone: a polyhydroxy acid that effectively breaks down the sticky bonds between dead skin cells while it hydrates and boosts your skin's epidermal renewal process.
Acetyl Hexapeptide-8: a sophisticated chain of amino acids that acts as a neuro-transinhibitor to specifically target the look of expression lines and has been dubbed an ""injectable in a bottle.""
Bakuchiol: a botanical source of Vitamin A that refines the look of pores, stimulates collagen production, and promotes firmer, stronger, younger-looking skin..
Centella Asiatica Extract: a soothing, barrier-fortifying botanical extract that instantly reduces the look of sensitivity by soothing and calming the skin.
Formulated Without
Parabens
Sulfates
Phthalates
Synthetic Fragrances
Drying Alcohol
Mineral Oil
Item 2624833","Water (Aqua/Eau), Butylene Glycol, Glycerin, 1,2-Hexanediol, Betaine, Polyglyceryl-10 Laurate, Niacinamide, Sodium Citrate, Ethylhexylglycerin, Caprylyl Glycol, Disodium EDTA, Citric Acid, Allantoin, Panthenol, Sodium Hyaluronate, Squalane, Polyglutamic Acid, Caprylic/Capric Triglyceride, Rosa Damascena Flower Water, Gluconolactone, Salicylic Acid, Avena Sativa (Oat) Meal Extract, Bakuchiol, Anthemis Nobilis Flower Extract, Calendula Officinalis Extract, Mannitol, Centella Asiatica Extract, Aloe Barbadensis Leaf Extract, Pentylene Glycol, Bromelain, Papain, Copper Tripeptide-1, Acetyl Hexapeptide-8, Palmitoyl Pentapeptide-4, Phosphatidylcholine, Palmitoyl Tetrapeptide-7, Palmitoyl Tripeptide-1, sh-Polypeptide-1","AM/PM: After cleansing, swipe one pre-soaked Bamboo pad across your face and neck to exfoliate, tighten, and soothe your skin. 1. Use After Cleansing 2. Sweep Pad Across Face & Neck 3. Do Not Rinse 4. Follow with Serum"
pimprod2030792,ROSEN,Super Smoothie Cleanser for Preventing Dark Spots and Minor Breakouts,Cleansers,Face Wash,$22.00,4.3 oz,https://media.ulta.com/i/ulta/2592181?w=100&h=100&fmt=auto,105 Reviews,"Benefits
Gentle physical exfoliation helps to smooth textured skin by removing dead skin
Powerful antioxidant benefits from the Strawberry Powder
Exfoliating properties help to remove current dark spots from past breakouts
Features
Gentle physical exfoliation
Natural fruity scent from pure fruit powders
Black Owned
US Manufactured
Woman Owned
Key Ingredients
Raspberry Powder has high antioxidant benefits for a healthier skin barrier
Strawberry Powder and Lemon Powder both have incredible antioxidant benefits, high natural levels of vitamin c, and can help prevent the severity of current bumps and breakouts
Item 2592181","Water (Aqua), Decyl Glucoside, Glycerin, Lemon Peel (Citrus Limon Peel) Powder, Raspberry (Rubus Idaeus) Powder, Strawberry (Fragaria X Ananassa) Powder, Arborcide (Leuconostoc Ferment Filtrate), Sodium Citrate (Trisodium Citrate), Lambda Carrageenan.",Apply a quarter sized amount of the cleanser to damp skin and gently work up to a lather for 60 seconds and rinse off.
pimprod2037922,Perricone MD,Cold Plasma Plus+ Lip Therapy,Lips,Lip Balms & Treatments,$24.00,0.15 oz,https://media.ulta.com/i/ulta/2607361?w=100&h=100&fmt=auto,967 Reviews,"Features
One lip treatment that does it all.
This multi-tasking powerhouse targets and dramatically improves the appearance of vertical lip lines, loss of volume, lipstick feathering, lip discoloration and dry, rough texture.
Deeply nourishing and hydrating, it uses a proprietary liquid crystal delivery system for faster absorption of key ingredients into skin’s surface for visibly softer, fuller and more supple lips
Key Ingredients
HYALURONIC ACID (HA): All-Day Hydration
OMEGAS 3, 6 & 9: Moisture Barrier Protection
PEPTIDES: Fights Visible Collagen Depletion
Research Results
92% showed improvement in hydration and lip texture after 30 minutes*
84% showed improvement in skin barrier function after 30 minutes*
81% showed improvement in skin hydration for 8 hours*
*In a clinical study of 27 women
Item 2607361","Cocos Nucifera (Coconut) Oil, Beeswax, Simmondsia Chinensis (Jojoba) Seed Oil, Ricinus Communis (Castor) Seed Oil, Helianthus Annuus (Sunflower) Seed Oil, Polyethylene, Polyhydroxystearic Acid, Acrylates Copolymer, Ethylhexyl Palmitate, Vanillin, Argania Spinosa Kernel Oil, Astrocaryum Murumuru Seed Butter, Butyrospermum Parkii (Shea) Butter, Oryza Sativa (Rice) Bran Extract, 1,2-Hexanediol, Caprylyl Glycol, Phosphatidylcholine, Tocopherol, Glycine Soja (Soybean) Oil, Tribehenin, Rosmarinus Officinalis (Rosemary) Leaf Extract, Octyldodecanol, Sorbitan Isostearate, Helianthus Annuus (Sunflower) Extract, Silica Dimethyl Silylate, Quaternium-90 Bentonite, Butylene Glycol, Pentylene Glycol, Lactic Acid, Methyl Nicotinate, Propylene Carbonate, Sodium Hyaluronate, Palmitoyl Tripeptide-1, Caffeine, Niacin, Ascorbyl Palmitate, Citric Acid.",Apply generously and evenly over the lip area. Reapply throughout the day as desired.
pimprod2030897,Clinique,All About Clean Liquid Facial Soap Cleanser - Oily Mini,Cleansers,Face Wash,$8.00,1.0 oz,https://media.ulta.com/i/ulta/2590260?w=100&h=100&fmt=auto,"7,770 Reviews","Benefits
Oily - Combination Oily to Very Oily Skin (Type 3 & 4)
Soft, non-drying lather loosens surface flakes, removes dirt and debris, and protects skin's natural moisture balance.
Quick-rinsing formula leaves skin clean, comfortable, refreshed - never taut or dry.
Formulated with sucrose, known to calm and soothe skin.
Dermatologist tested.
Create great skin with Clinique's twice-daily 3-Step Skincare System developed by a celebrated dermatologist.
It's simple: cleanse with Facial Soap, exfoliate with Clarifying Lotion, moisturize with Dramatically Different Moisturizing Lotion+ or oil-free Gel. Each step is customized for your skin type.
More sustainable packaging: Bottle is 96% plant-derived plastic. Cap is 25% post-consumer recycled material.
How to recycle: This bottle is widely recyclable. Rinse the bottle, reattach the cap, then place in a recycling bin.
Non-acnegenic.
Allergy tested
Built on Dermatological Science: As a dermatologist-guided brand, Clinique's commitment to safety starts with skincare science. Clinique partners with the best minds in dermatology and formulate for all skin types, tones, concerns - in service of all skin.
Formulated Without
Parabens
Phthalates
Oil-free
Denatured alcohol
Synthetic colors
SLS
Gluten
Fragrance
Item 2590260","Water / Aqua / Eau, Sodium Laureth Sulfate, Lauramidopropyl Betaine, Cocamidopropyl Hydroxysultaine, Sodium Chloride, Sodium Cocoyl Sarcosinate, Tea-Cocoyl Glutamate, Butylene Glycol, Aloe Barbadensis Leaf Juice, PEG-120 Methyl Glucose Dioleate, Sucrose, Menthol, Hexylene Glycol, Polyquaternium-7, Laureth-2, Caprylyl Glycol, Sodium Sulfate, EDTA, Disodium EDTA, Phenoxyethanol. Please be aware that ingredient lists may change or vary from time to time. Please refer to the ingredient list on the product package you receive for the most up to date list of ingredients.","Use face cleanser twice a day, morning and night.
Lather between palms with lukewarm water.
Massage over makeup-free face and neck.
Rinse thoroughly; pat skin dry.
Follow with Clarifying Lotion to clear the way for smoother, brighter skin."
pimprod2044761,Banila Co,Clean it Zero Green Peel Toner Pads,Cleansers,Toner,$27.00,70 pads ct,https://media.ulta.com/i/ulta/2625863?w=100&h=100&fmt=auto,68 Reviews,"Benefits
Dermatologist Tested
Hypoallergenic
Non-Comedogenic
Features
Features a blend of LHA and Kale to help gently exfoliate skin while Green Apple soothes, tones, and tighten pores for a clear and congested free complexion.
Highly concentrated dual sided toner pads packed with a powerful blend of skin clearing ingredients and exfoliants to gently remove dead skin cells.
Unclogs pores while balancing oil production and strengthening your skin's natural barrier.
Formulated Without
Parabens
Sulfates
Phthalates
Mineral Oil
Artificial Coloring
Item 2625863","Water, Dipropylene Glycol, Butylene Glycol, Propanediol, Panthenol, Polyglyceryl-10 Laurate, Hydroxyacetophenone, Caprylyl Glycol, Ethylhexylglycerin, Glycerin, 1,2-Hexanediol, Dipotassium Glycyrrhizate, Allantoin, Sodium Hyaluronate, Mentha Viridis (Spearmint) Leaf Oil, Mentha Viridis (Spearmint) Extract, Pantolactone, Citrus Nobilis (Mandarin Orange) Peel Extract, Pelargonium Graveolens Extract, Eucalyptus Globulus Leaf Oil, Thymus Vulgaris (Thyme) Oil, Glyceryl Acrylate/Acrylic Acid Copolymer, Barosma Betulina Leaf Extract, PVM/MA Copolymer, Pyrus Malus (Apple) Fruit Extract, Hydrogenated Lecithin, Brassica Oleracea Acephala Leaf Extract, Melaleuca Alternifolia (Tea Tree) Extract, Vitis Vinifera (Grape) Fruit Extract, Diospyros Kaki Leaf Extract, Coffea Arabica (Coffee) Seed Extract, Polygonum Cuspidatum Root Extract, Carthamus Tinctorius (Safflower) Flower Extract, Camellia Sinensis Leaf Extract, Castanea Crenata (Chestnut) Shell Extract, Zanthoxylum Piperitum Fruit Extract, Capryloyl Salicylic Acid, Disodium EDTA.","Cleanse and rinse your face thoroughly before applying. Pull one multi-functional toner pad and gently swipe your face, avoiding eye area. Lightly tap the remaining toner until absorbed. Follow up with the rest of your skincare routine."
pimprod2047181,Estée Lauder,Nutritious 2-in-1 Foam Cleanser Mini,Cleansers,Face Wash,$16.00,,https://media.ulta.com/i/ulta/2628970?w=100&h=100&fmt=auto,"2,025 Reviews","Benefits
If your skin is grumpy, dull and irritable, this collection is what you need.
Ingeniously calibrated, nutrient-rich formulas feature naturally derived ingredients.
Skincare that will help skin flourish and flaunt its natural vibrancy. It's as simple as that.
Cleanses + Deeply Purifies. Kicks off regimen.
Healthier-looking. Blissful-feeling. Vitality-loving skin
Purifies skin.
Minimizes the look of pores.
Boosts skin's glow.
Proof positive. After just 1 application:
Pores appear minimized: -17%*
96% said it removed excess oil**
97% naturally derived formula.***
Key Ingredients
Infused with Estée Lauder's Nutri-9 Complex, which includes:
Sweet Kelp (responsibly sourced)
Red Algae Ferment (responsibly sourced)
Coconut Water Ferment (Estée Lauder's proprietary ferment)
Suitable for acne- prone, sensitive- prone, grumpy ski
EWG Verified
EWG Verified: Nutritious collection is EWG VERIFIED by Environmental Working Group (EWG), a third-party non-profit organization. This verification means that Estée Lauder's formulas meet some of the strictest formulation standards, transparency requirements, and use good manufacturing processes.
*Clinical testing on 33 women.
**Consumer testing on 103 women.
***Per ISO Standard 16128. From plant sources, non-petroleum mineral sources, and/or water.
Formulated Without
Parabens
Phthalates
Sulfite
Sulfates
Triclosan
Triclocarbon
Formaldehyde and donors
Silicones
Drying alcohol
Mineral oil
Paraffin
Petrolatum
Gluten
Synthetic fragrance or color
Animal-derived ingredients
Item 2628970","Water\Aqua\Eau, Myristic Acid, Glycerin, Behenic Acid, Palmitic Acid, Potassium Hydroxide, Sodium Methyl Cocoyl Taurate, Lauric Acid, Stearic Acid, Montmorillonite, Laminaria Saccharina Extract, Porphyridium Cruentum Extract, Lactobacillus Ferment, Niacinamide, Hydrolyzed Rice Extract, Punica Granatum (Pomegranate) Extract, Zinc Pca, Dipotassium Glycyrrhizate, Camellia Sinensis (Green Tea) Leaf Extract, Sodium Hyaluronate, Cucumis Sativus (Cucumber) Fruit Extract, Sodium Phytate, Potassium Sorbate, Glycol Distearate, Butylene Glycol, Disodium EDTA, Sodium Benzoate, Polyquaternium-7, Phenoxyethanol. ILN99168.","Show your skin some love AM and PM:
Start fresh with Nutritious 2-in-1 Foam Cleanser. Lather and massage over damp face. Rinse. Repeat AM and PM.
As a weekly mask: Massage a thin layer onto skin. Focus on the T-Zone. Leave 1 minute. Rinse. Avoid the eye area.
Apply Nutritious Radiant Essence Lotion.
Apply Nutritious Booster Drops all over face.
Hydrate with the Nutritious moisturizer right for you."
pimprod2024267,florence by mills,Feed Your Soul Berry in Love Pore Mask,Treatment & Serums,Face Masks,$23.00,3.4 oz,https://media.ulta.com/i/ulta/2580619?w=100&h=100&fmt=auto,"1,028 Reviews","Benefits
Revitalize, soften, and brighten skin
Antioxidant-rich
Cooling effect helps refresh and soothe skin
Protects against environmental stressors
Vegan
Cruelty-free
Suitable for all skin types
Dermatologist tested
Key Ingredients
Blackberry, Cranberry, Blueberry, Pomegranate, Black Currant and Sweet Cherry Extract: A blend of antioxidant-rich fruits that help fight and protect against the early visible signs of aging caused by environmental stressors.
Acai Fruit Extract: A fruit extract containing natural ellagic acid that helps visibly brighten skin.
Watermelon Extract: A fruit extract that helps moisturize the skin.
Willow Bark Extract: A natural astringent that helps clarify skin.
Ginseng Root Extract: A plant extract that helps rejuvenate and visibly brighten skin.
Niacinamide: Helps moisturize and visibly brighten skin.
Formulated Without
Parabens
Sulfates
Item 2580619","Vaccinium Angustifolium (Blueberry) Fruit Juice, Water/Aqua, Glycerin, Vaccinium Macrocarpon (Cranberry) Fruit Extract, Propylene Glycol, Caprylic/Capric Triglyceride, Anthemis Nobilis Flowerwater, Prunus Avium (Sweet Cherry) Fruit Extract, Hydroxyethylcellulose, Agastache Mexicana Flower/Leaf/Stem Extract, Apium Graveolens (Celery) Seed Extract, Camellia Sinensis Leaf Extract, Caprylyl Glycol, Citric Acid, Citrullus Lanatus (Watermelon) Fruit Extract, Disodium Phosphate, Euterpe Oleracea Fruit Extract, Fragrance/Parfum, Hexylene Glycol, Linum Usitatissimum (Linseed) Seed Extract, Menthoxypropanediol, Niacinamide, Panax Ginseng Root Extract, Phenoxyethanol, Polysorbate 60, Potassium Sorbate, Propanediol, Punica Granatum Fruit Extract, Ribes Nigrum (Black Currant) Fruit Extract, Rubus Fruticosus (Blackberry) Fruit Extract, Salix Alba (Willow) Bark Extract, Sodium Benzoate, Sodium Phosphate, Solanum Lycopersicum (Tomato)O Fruit Extract, Sorbitantrioleate, Xanthum Gum, Limonene.","Apply an even layer to clean, dry skin. Leave on for 15 minutes and rinse with cool water.
Precautions: Avoid contact with eyes."
pimprod2049554,PanOxyl,PM Overnight Spot Patches,Treatment & Serums,Acne & Blemish Treatments,$9.59,40 ct,https://media.ulta.com/i/ulta/2634919?w=100&h=100&fmt=auto,"5,546 Reviews","Formulated Without
Parabens
Fragrance
Dye
Lates
Item 2634919",Hydrocolloid.,"Cleanse and dry skin before applying. Apply patch to affected area. Leave on overnight. Slowly remove patch. Cleanse and dry affected area for best results.
Precautions: For external use only. Avoid contact with eyes. Keep out of reach of children. If irritation occurs, discontinue use and consult a physician."
pimprod2039397,DUNE SUNCARE,The Mineral Melt Broad Spectrum SPF 30,Suncare,Sunscreen,$29.95,1.7 oz,https://media.ulta.com/i/ulta/2609322?w=100&h=100&fmt=auto,51 Reviews,"Features
Sheerest and fastest absorbing mineral SPF protection
UVA / UVB Broad Spectrum SPF 30
Invisible on all skin tones, no white cast
Proprietary formula developed by a group of Board Certified Plastic Surgeons
100% clean ingredients
Ultra-Smooth and thin to the touch
Offers weightless hydration
Vegan & Cruelty Free
Non-GMO
Reef Friendly
Non-Nano
Paraben Free
Non-Comedogenic
Made In USA
Fragrance Free
Benefits
Micro dispersion technology that allows oil and water to disperse among each other in microscopic particles, allowing for the sheerest, fastest absorbing application in a mineral sunscreen, on all skin tones
Infused with Youth Botanicals to protect and support skin’s suppleness and elasticity
Multi-skin defender against UV rays, pollution, and HEV light
Key Ingredients
Vitamin E: Powerful antioxidant, effective at reducing the appearance of sun damage, and helpful in nourishing & protecting skin from free radicals. Strong moisturizing agent to improve skin’s overall bounce & suppleness.
Carrot Root & Carrot Seed Extract: Known for increasing cell turnover, brightening skin, and reducing inflammation.
Sunflower Extract: Strengthens the skin barrier and keeps the skin looking smooth and supple. Rich in vitamin E.
Rock Rose Extract: Potent antioxidant, known for helping with cell turnover and improving skin elasticity.
Item 2609322","Active: Zinc Oxide 4.80%, Titanium Dioxide 2.34%.
Inactive: Alumina, Benzyl Alcohol, Beta-Carotene, C15-19 Alkane, Caesalpinia Spinosa Fruit Pot Extract/Caesalpinia Spinosa Fruit Extract, Canola Oil, Caprylhydroxamic Acid, Caprylic/Capric Triglyceride, Carnosine, Cistus Monspeliensis Extract, Daucus Carota Sativa (Carrot) Root Extract, Daucus Carota Sativa (Carrot) Seed Oil, Dimethicone, Glycerin, Glyceryl Caprylate, Helianthus Annuus (Sunflower) Seed Oil, Helianthus Annuus (Sunflower) Sprout Extract, Hydrogenated Lecithin, Maltodextrin, Phenoxyethanol, Polyester-8, Polyglycerin-6, Polyglyceryl-6 Laurate, Polyhydroxystearic Acid, Propylene Glycol, Silica, Sodium Acrylate/Sodium Acryloyldimethyl Taurate Copolymer, Sodium Benzoate, Sodium Hydroxide, Sorbitan Isostearate, Sorbitan Oleate, Stearic Acid, Tocopheryl Acetate, Triethoxycaprylylsilane, Water, Xanthan Gum.","Apply liberally and evenly 15 minutes before sun exposure. Reapply after 40 minutes of swimming or sweating, at least every 2 hours. Children under 6 months of age: ask a doctor.
Sun protection measures: Spending time in the sun increases your risk of skin cancer and early skin aging. To decrease this risk, regularly use a sunscreen with a broad spectrum spf value of 15 or higher and other sun protection measures including limiting time in the sun, especially from 10 am - 2 pm, wearing long-sleeved shirts, pants, hats, and sunglasses.
To recycle packaging: Twist off cap, rinse, toss into recycling bin."
pimprod2025063,fresh,Mini Vitamin Nectar Glow Juice Antioxidant Face Serum,Travel Size Skin Care,,$32.00,0.5 oz,https://media.ulta.com/i/ulta/2584163?w=100&h=100&fmt=auto,309 Reviews,"Benefits
Clinically proven to improve 4 key dimensions of healthy-looking skin - brightness, smoothness, signs of tiredness & hydration - instantly & over time.
480,000+ microbubbles* burst on the skin delivering nutrition with a light, fast-absorbing texture. *at a minimum per 15ml bottle
Immediately brightens skin and by +16% after just 1 week*
Immediately smoothes skin and by +11% after 4 weeks*
Immediately reduces signs of tiredness and by -6% after 4 weeks*
Immediately hydrates skin and by +32% after 24 hours**
98% noticed their skin was immediately healthy looking**
95% felt their skin was immediately energized and smooth**
93% noticed their skin was immediately nourished and recharged**
97% said the skincare applied after absorbed better**
*instrumental test, 10 subjects
**self-assessment on 60 subjects, 4 weeks
Key Ingredients
A scientifically designed skin nutrition complex of vitamins C, E, and B5; lemon and orange fruit extracts; and minerals helps revitalize dull skin for a vibrant, healthy-looking complexion.
Jicama root juice, obtained by cold-pressing jicama tubers, helps to hydrate and revitalize skin.
Chicory root juice has a vitamin D-like effect to help moisturize and protect.
Ginger water helps to hydrate.
Beta-carotene is a precursor to vitamin A, a powerful antioxidant that helps ward off damaging free radicals.
Item 2584163","Aqua (water), Isononyl Isononanoate, Glycerin, Pentylene Glycol, Propanediol, Cocos Nucifera (coconut) Oil, Zingiber Officinale (ginger) Water, Polymnia Sonchifolia Root Juice, Cichorium Intybus (chicory) Root Extract, Vaccinium Myrtillus Fruit Extract, Helianthus Annuus (sunflower) Seed Oil, Saccharum Officinarum (sugar Cane) Extract, Citrus Aurantium Dulcis (orange) Fruit Extract, Citrus Limon (lemon) Fruit Extract, Acer Saccharum (sugar Maple) Extract, Tocopheryl Acetate, Ascorbyl Tetraisopalmitate, Tocopherol, Carbomer, Parfum (fragrance), Sodium Hydroxide, Disodium EDTA, Alcaligenes Polysaccharides, Amodimethicone, Panthenol, Magnesium Aspartate, Zinc Gluconate, Ethylhexylglycerin, Beta-carotene, Copper Gluconate, Chlorphenesin, Potassium Sorbate, Phenoxyethanol, Limonene, Linalool, Citral, Benzyl Salicylate.","Apply to cleansed skin daily, in the morning and evening, as the base of your routine for healthy-looking skin. Follow with a targeted serum to address specific skin concerns."
pimprod2040801,TONYMOLY,Wonder Ceramide Mochi Water Cream,K-Beauty,,$13.00,3.5 oz,https://media.ulta.com/i/ulta/2622137?w=100&h=100&fmt=auto,138 Reviews,"Benefits
Mochi Wonder line is designed to revive dry skin, leaving it soft, smooth, and bouncy like a mochi!
This nourishing gel moisturizer is packed with 5,000 ppb Ceramide, plus Centella Asiatica Extract and Aloe Leaf Extract to soften, nourish and deeply hydrate.
Key Ingredients
5,000 ppb Ceramide - Hydrates, softens, and strengthens the skin barrier to protect from external irritants.
Centella Asiatica Extract (Cica) - Calms irritation and promotes youthful skin by encouraging collagen promotion and deeply hydrating.
Aloe Leaf Extract - Highly anti-inflammatory and soothing. Packed with antioxidants and enzymes, as well as Vitamins A and C.
Formulated Without
Sulfates
Parabens
Phlates
Item 2622137","Water, Glycerin, Diglycerin, Behenyl Alcohol, Ethylhexyl Palmitate, Phytosteryl/Octyldodecyl Lauroyl Glutamate, Butylene Glycol, Stearyl Alcohol, Dimethicone, Ethylhexyl Stearate, Polyglyceryl-10 Laurate, 1,2-Hexanediol, Aloe Barbadensis Leaf Extract), Betula Alba Juice, Euterpe Oleracea Fruit Extract, Opuntia Ficus-Indica Stem Extract, Ceramide NP(5,000 ppb), Psidium Guajava Leaf Extract, Sodium Hyaluronate, Centella Asiatica Extract, Hydrogenated Lecithin, Portulaca Oleracea Extract, Vitex Agnus-Castus Extract, Chamomilla Recutita (Matricaria) Flower Extract, Polyglycerin-3, Citrus Limon (Lemon) Peel Oil, Aniba Rosodora (Rosewood) Wood Oil, Xanthan Gum, Sodium Polyacrylate, Trideceth-6, Carbomer, Tocopherol, Ethylhexylglycerin, Disodium EDTA, Tromethamine, Hydroxyacetophenone.","Apply an adequate amount to the face and neck as the last step of your skincare routine.
Gently massage until fully absorbed into the skin."
pimprod2044487,Charlotte Tilbury,Travel Size Charlotte's Magic Hydration Revival Cleanser,Cleansers,Face Wash,$15.00,1.0 oz,https://media.ulta.com/i/ulta/2621969?w=100&h=100&fmt=auto,,"Benefits
3-in-1 cleanser
Reduces the look of pores
Improves the appearance of tone and texture
Plumps skin with hydration that continues post-cleanse, even after rinsing
Research Results
Instant results: Skin is immediately 2x more hydrated + stays hydrated for up to 24 hours*
In just 1 week: Skin feels instantly revived and appears 97% clearer + smoother in 7 days*
In just 2 weeks: Skin looks glowing + radiant in 7 days and pores appear reduced by 4x in 14 days*
*Tested on 33 people
Key Ingredients
Hydrating Hyaluronic Acid: Powerful hydration for smoother, plumper looking skin
Skin-Smoothing Peptide Complex: Reduces the apperance of pores and refines skin tone appearance
Biomimetic Barrier Shield Technology: Protects and replenishes the skin barrier to prevent water loss
Item 2621969","Aqua/Water/Eau, Glycerin, Sodium Cocoyl Glycinate, Disodium Cocoyl Glutamate, Citric Acid, Decyl Glucoside, Glyceryl Stearate Se, Sodium Cocoyl Glutamate, Sodium Benzoate, Glycol Distearate, Pentylene Glycol, Cetyl Hydroxyethylcellulose, Hydrolyzed Cottonseed Protein, Fructose, Sodium Hydroxide, Urea, Parfum (Fragrance), Opuntia Ficus-Indica Stem Extract, Tetrasodium Glutamate Diacetate, Allantoin, Maltose, Sodium Chloride, Sodium Lactate, Sodium PCA, Trehalose, Sodium Hyaluronate, Phenoxyethanol, Aloe Barbadensis Leaf Juice Powder, Butyrospermum Parkii (Shea) Butter, Sodium Ascorbyl Phosphate, Tocopheryl Acetate, Camellia Oleifera (Camellia) Seed Oil, Rosa Canina Fruit Oil, Helianthus Annuus (Sunflower) Seed Oil, Disodium EDTA, Potassium Sorbate, Disodium Phosphate, Hydrated Silica, Glucose, Silica Dimethyl Silylate, Sodium Phosphate, Plumeria Rubra Flower Extract, Tocopherol, Hexyl Cinnamal, Benzyl Benzoate.","As a cleanser:
Apply a small amount to the palm of the hand.
Add a couple of drops of water then gently rub hands together.
Apply evenly across the face and massage into skin.
Use AM + PM to deeply cleanse, purify and melt away all makeup + impurities.
For best results, use Charlotte's Magic Cream or Magic Water Cream after Charlotte's Magic Hydration Revival Cleanser for immediate skin revival and the perfect base for makeup."
pimprod2042766,Estée Lauder,Perfectionist Pro Rapid Firm + Lift Serum,Treatment & Serums,Face Serums,$95.00,1.0 oz,https://media.ulta.com/i/ulta/2619151?w=100&h=100&fmt=auto,671 Reviews,"Benefits
The power to self-lift. From Perfectionist Pro and You.
This next-generation serum delivers lifting, firming, line-smoothing power to reach new heights of beauty.
It helps strengthen skin's support network so skin feels firmer, looks smoother and more sculpted. Elasticity and bounce are improved. Skin looks tighter and more volumized. Lines and wrinkles appear reduced.
And to help defend skin's youthful look, the serum delivers anti-oxidant protection in just 1 hour. (8)
Derm-inspired. Clinically tested.
Key Ingredients
DOUBLE COMPOUND POWER: HEXAPEPTIDES 8 + 9
Engineered with Estée Lauder's Double Hexapeptide+ Compound, Rapid Firm + Lift Serum includes Hexapeptides 8 + 9. It helps skin rapidly rebuild its own youth network to firm and visibly lift skin.
Research Results
Skin looks more lifted in 5 key zones* (1):
Upper Face +17%
Nasolabial Folds +24%
Cheeks +18%
Jawline +12%
Neck +19%
RAPID FIRMING + LIFTING
With just 1 application, 100% of panelists experienced +28% more elastic skin.(2)
In just 3 days, 84% of women said skin felt firmer overall. (3)
In just 4 weeks, 83% of women said neck felt firmer. (4)
RAPID REDUCTION IN THE LOOK OF LINES
In just 3 days, lines start to appear reduced. (5)
In 1 week, forehead lines and wrinkles appear reduced. (6)
In 2 weeks, neck lines look reduced. (7)
(1) Clinical testing on 32 women, after using product for 12 weeks.
(2) Clinical testing on 31 women measured 4 hours after 1 product application.
(3) Consumer testing on 164 women after using product for 3 days.
(4) Consumer testing on 155 women after using product for 4 weeks.
(5) Clinical testing on 29 women, after using product for 3 days.
(6) Clinical testing on 29 women, after using product for 1 week.
(7) Clinical testing on 32 women, after using product for 2 weeks.
(8) Clinical testing on 15 women, after a single product application.
Item 2619151","Water\Aqua\Eau, Dimethicone, Glycerin, Butylene Glycol, Bis-PEG-18 Methyl Ether Dimethyl Silane, Caprylic/Capric Triglyceride, Polysorbate 20, Lauryl PEG-9 Polydimethylsiloxyethyl Dimethicone, Polysilicone-11, Acetyl Hexapeptide-8, Hexapeptide-9, Palmitoyl Hexapeptide-12, Hydrolyzed Yeast Protein, Sigesbeckia Orientalis (St. Paul's Wort) Extract, Sodium Hyaluronate, Aminopropyl Ascorbyl Phosphate, Tocopheryl Acetate, Laminaria Digitata Extract, Phoenix Dactylifera (Date) Fruit Extract, Hydrolyzed Algin, Bambusa Vulgaris (Bamboo) Extract, Coffea Arabica (Coffee) Seed Oil, Spinacia Oleracea (Spinach) Leaf Extract, Brassica Oleracea Italica (Broccoli) Extract, Vaccinium Angustifolium (Blueberry) Fruit Extract, Daucus Carota Sativa (Carrot) Root Extract, Crithmum Maritimum Callus Culture Filtrate, Pisum Sativum (Pea) Extract, Mangifera Indica (Mango) Seed Butter, Citrullus Lanatus (Watermelon) Fruit Extract, Pyrus Malus (Apple) Fruit Extract, Lens Esculenta (Lentil) Fruit Extract, Acetyl Glucosamine, Caffeine, Algae Extract, Squalane, Glycine Soja (Soybean) Protein, Chlorella Vulgaris Extract, Triticum Vulgare (Wheat) Germ Extract, Nymphaea Alba (Water Lily) Flower Extract, Zea Mays (Corn) Kernel Extract, Hordeum Distichon (Barley) Extract\Extrait D'Orge À Deux Rangs, Cucumis Sativus (Cucumber) Fruit Extract, Coffea Arabica (Coffee) Seed Extract, Helianthus Annuus (Sunflower) Seed Extract, Hordeum Vulgare Extract\Extrait D'Orge, Hypnea Musciformis Extract, Brassica Campestris (Rapeseed) Sterols, Glucosamine Hcl, Potassium Gluconate, Caprylyl Glycol, Ethylhexylglycerin, Sodium Lactate, Whey Protein\Lactis Protein\Protéine Du Petit-Lait, Propylene Glycol Dicaprate, Methyl Gluceth-20, Isohexadecane, Sodium Pca, Phospholipids, Triolein, Trehalose, Sodium Polyacrylate Starch, Urea, Polysorbate 80, Hydrogenated Lecithin, Sorbitan Oleate, Triacetin, Acrylates/C10-30 Alkyl Acrylate Crosspolymer, Acrylamide/Sodium Acryloyldimethyltaurate Copolymer, Glyceryl Polymethacrylate, Polyquaternium-51, Dipropylene Glycol, PEG-8, Phytosteryl Canola Glycerides, Pentylene Glycol, Linoleic Acid, Oleic Acid, Palmitic Acid, Xanthan Gum, Fragrance (Parfum), Sodium Hydroxide, Silica, Calcium Chloride, Tocopherol, Stearic Acid, Sodium Palmitoyl Proline, Disodium Edta, BHT, Chlorphenesin, Sodium Benzoate, Potassium Sorbate, Phenoxyethanol, Mica, Titanium Dioxide (CI 77891).","Apply on clean skin, all over face and neck, AM and PM. Follow with your moisturizer. Since UV exposure can lead to the appearance of lines and loss of firmness, it is essential to follow Perfectionist Pro Rapid Firm + Lift Serum with UV protection. When finished, please rinse and recycle the glass bottle."
pimprod2049027,COSRX,Full Fit Propolis Lip Sleeping Mask,Lips,Lip Balms & Treatments,$19.00,0.70 oz,https://media.ulta.com/i/ulta/2634976?w=100&h=100&fmt=auto,4 Reviews,"Benefits
Effortlessly absorbs into the lips and replenishes lost moisture.
Leaves lips feeling smooth and looking more plump
Starts off by refining the skin allowing ampoules and creams that follow to be better absorbed.
Key Ingredients
Honey-6 Complex - nourishing, intense hydration, glow
Formulated Without
Silicone
Parabens
Artificial Fragrances
Item 2634976","Petrolatum, Hydrogenated Polyisobutene, Diisostearyl Malate, Polyisobutene, Phytosteryl/Isostearyl/Cetyl/Stearyl/Behenyl Dimer Dilinoleate, Butyrospermum Parkii (Shea) Butter, Microcrystalline Wax, Sorbitan Sesquioleate, Ethylene/Propylene/Styrene Copolymer, Euphorbia Cerifera (Candelilla) Wax, Helianthus Annuus (Sunflower) Seed Oil, Butylene/Ethylene/Styrene Copolymer, Ethylhexylglycerin,Glycine Soja (Soybean) Oil,Eclipta Prostrata Extract, Beeswax, Water, Butylene Glycol, Pentaerythrityl Tetra-di-t-butyl Hydroxyhydrocinnamate, Honey Extract, Melia Azadirachta Leaf Extract, Bixa Orellana Seed Oil, Royal Jelly Extract, Glycerin, Moringa Oleifera Seed Oil, Propolis Extract, 1,2-Hexanediol, Tocopherol, Saccharomyces Ferment, Honey.",Use applicator and apply a generous amount to lip before going to sleep. Gently cleanse with lukewarm water in the morning.
pimprod2046721,Bali Body,Dark Instant Tan Cream,Suncare,Self-Tanning & Bronzing,$24.00,5.07 oz,https://media.ulta.com/i/ulta/2630552?w=100&h=100&fmt=auto,107 Reviews,"Benefits
Enriched with hydrating skincare ingredients
Made in Australia
Instantly achieves non-orange, streak-free results
Quick drying with minimal transfer
True-to-tone matching formula to closely match your natural skin tone
Effortlessly blends into your skin
Washes off with soap and water
Suitable for all skin types, including sensitive skin
Key Ingredients
Vitamin E: promotes skin cell renewal for smoother skin
Lactic Acid: lightens dark spots and improves the appearance of fine lines
Jojoba Oil: aids in soothing, hydrating and repairing skin
Item 2630552","Water (Aqua), Dicaprylyl Ether, Glyceryl Stearate, Coco-Caprylate/Caprate, Titanium Dioxide (CI77891), Iron Oxides (CI 77492), Benzyl Alcohol, Polyacrylamide, Sodium Stearoyl Glutamate, C13-14 Isoparaffin,Polyglyceryl-6 Polyricinoleate, Polyhydroxystearic Acid, Dilinoleic Acid/Butanediol Copolymer, Laureth-7, CastorOil/Ipdi Copolymer, Simmondsia Chinensis (Jojoba) Seed Oil, Tocopherol, Ethyl Acetate, Cyclohexane, Fragrance(Parfum), Acrylates/C10-30 Alkyl Acrylate Crosspolymer, Sodium Hydroxide, Lactic Acid, Phenoxyethanol,Ethylhexylglycerin, Limonene, Linalool, Citronellol, Geraniol, Citral, Iron Oxides (CI 77499), Iron Oxides (CI 77491).","Step 1: Shake the bottle.
Step 2: Apply the product to either your hands or directly onto your body in small sections.
Step 3: Blend in using your hands, a blending brush or mitt to achieve a smooth finish. Apply until you achieve your desired fake tan.
Precautions: Patch test before use. Do not use on damaged or broken skin. Discontinue use if irritation occurs. For external use only. Wash palms after use. May stain clothing. Avoid contact with eyes. This product does not contain sunscreen and does not protect against sunburn. Repeated exposure of unprotected skin while tanning may increase the risk of skin ageing, skin cancer and other harmful effects to the skin even if you do not burn. Store in a cool, dark place."
pimprod2030972,Supergoop!,Mini (Re)Setting Refreshing Mist Sunscreen SPF 40,Moisturizers,Face Mists & Essences,$20.00,1.0 oz,https://media.ulta.com/i/ulta/2593506?w=100&h=100&fmt=auto,329 Reviews,"Benefits
Weightless, multitasking face mist that sets makeup
Water-resistant for 80 minutes
For all skin types
the perfect midday SPF pick-me-up
Key Ingredients
Optical-Diffusing Silica Silylate: Helps absorb oil to reduce shine and deliver a matte finish
English Field Mustard & Chinawood Oil: Creates a flexible and breathable film on the skin to help filter pollution
Polyvinylpyrrolidone (PVP): A water-soluble polymer that helps lock makeup in place and extend its wear
Antioxidant-Rich Rosemary & Mint: Deliver an invigorating aromatic experience & help improve complexion
Active Ingredients: Avobenzone 2.9%, Homosalate 9.8%, Octisalate 4.9%, Octocrylene 9.5%
Formulated Without
At Supergoop!, they thoughtfully choose ingredients based on global regulations and the latest scientific research. Their ""No List"" includes 1600+ ingredients that we never add in our products, including oxybenzone, octinoxate, parabens, phthalates, sulfates and synthetic fragrances
Item 2593506","Active: Avobenzone 2.9%, Homosalate 9.8%, Octisalate 4.9%, Octocrylene 9.5%.
Inactive: Alcohol Denat., Bisabolol, Brassica Campestris/Aleurites Fordi Oil Copolymer, Butyloctyl Salicylate, Caprylic/Capric Triglyceride, Capryloyl Glycerin/Sebacic Acid Copolymer, Dicaprylyl Carbonate, Diethylhexyl Syringylidenemalonate, Diheptyl Succinate, Diisooctyl Succinate, Ethyl Ferulate, Isododecane, Lauroyl Lysine, Mentha Piperita (Peppermint) Oil, Mentha Viridis (Spearmint) Leaf Oil, Nylon-12, PVP, Rosmarinus Officinalis (Rosemary) Leaf Oil, Silica Caprylyl Silylate.","Shake well before use to mix the bi-phase formula and provide even distribution of makeup-setting and UV-protecting ingredients. Using a circular motion, spray generously and evenly to the face from 8-10 inches away, keeping eyes and mouth closed. Keep eyes closed for about 3 seconds after application and you're all ""set""! Apply generously and evenly 15 minutes before sun exposure. Reapply at least every 2 hours, and after 40 minutes of swimming or sweating or immediately after towel drying. Avoid contact with eyes.
Precautions: For external use only. Do not use on damaged or broken skin. When using this product keep out of eyes. Rinse with water to remove. Stop use and ask a doctor if rash occurs."
pimprod2006286,Vitamins and Sea beauty,Dead Sea Minerals & Vitamin C Complex Toning Skin Serum,Treatment & Serums,Face Serums,$11.99,2.0 oz,https://media.ulta.com/i/ulta/2549335?w=100&h=100&fmt=auto,128 Reviews,"Benefits
Balances all skin types
Brightens complexion
Minimizes dark spots
Key Ingredients
Dead Sea Minerals helps strengthen and protect skin
Vitamin C brightens skin and helps prevent premature aging by stimulating collagen production
Item 2549335","Purified Water (Aqua), Propanediol (Zemea), Glycereth-26, Polysorbate 20, Glycerin, Hydroxyethylcellulose, Aminomethyl Propanol, Fragrance (Parfum), Tocopheryl Acetate (Vitamin C), Retinyl Palmitate (Vitamin A), Niacinamide (Vitamin B3), Panthenol (Vitamin B5), Dead Sea Minerals, Simmondsia Chinensis (Jojoba) Seed Oil, Persea Gratissima (Avocado) Oil, Rosa Canina (Rosehip) Fruit Oil, Phenoxyethanol, Dehydroacetic Acid, Benzyl Alcohol, Yellow No. 6 CI 15985.","Drop small amount of oil onto fingertips and massage onto desired area of skin, such as face, neck, chest, hands, feet, knees, or elbows. For external use only.
Packaging may vary."
pimprod2049662,ETUDE,Soonjung pH 5.5 Relief Toner,Cleansers,Toner,$27.00,11.83 oz,https://media.ulta.com/i/ulta/2636341?w=100&h=100&fmt=auto,1 Review,"Benefits
PH BALANCED FORMULA: Balanced at pH5.5 for healthier skin
98.3% MOISTURIZING INGREDIENTS: A deeply hydrating toner composed of 98.3% moisturizing ingredients, featuring a refreshing, quick-absorbing water-based formula
FRAGRANCE-FREE: Unscented, ideal for sensitive skin
Key Ingredients
Panthensoside™: Panthenol (Protection of skin barrier & retains moisture, and soothes dry skin) + Madecassoside (Soothing effect for irritated skin)
Formulated Without
Free from 10 additives (Free of animal-derived ingredients, mineral oil, polyacrylamide, imidazolidinyl urea, triethanolamine, synthetic pigment, silicone oil, paraben, fragrance, PEG surfactant)
Item 2636341","Water, Propanediol, Glycerin, Betaine, Panthenol, 1,2-Hexanediol, Polyglycerin-3, Ethylhexylglycerin, Disodium Edta, Carbomer, Madecassoside, Butylene Glycol, Scutellaria Baicalensis Root Extract, Tocopherol, Camellia Sinensis Leaf Extract.","After cleansing, pour an adequate amount of toner on your hand and gently pat it in."
pimprod2038086,StriVectin,Mini Intensive Eye Concentrate For Wrinkles PLUS,Travel Size Skin Care,,$15.00,0.25 oz,https://media.ulta.com/i/ulta/2579995?w=100&h=100&fmt=auto,280 Reviews,"Benefits
Visibly reduces fine lines and deep-set wrinkles
Diminishes the appearance of dark circles and puffiness
Ophthalmologist tested and fragrance free
Hydrates and strengthens delicate skin around the eye
Key Ingredients
Horse Chestnut Flower Extract, this moisturizing yet fast-absorbing formula targets all types of wrinkles around eyes - crow's feet (squint lines), under-eye lines and ""eleven"" vertical lines between brows (frown lines)
Micro-Algae Extract diminishes the look of puffiness and dark circles
Arctic Marine Ferment neutralizes the visible effects of blue light exposure to skin
Research Results
100% showed improvement in overall appearance of the eye area*
93% showed visible improvement in skin firmness*
90% showed visible improvement in crow's feet, ""eleven lines"" & under-eye puffiness*
*Based on expert grading on 32 subjects at 4 weeks
Item 2579995","Aqua/Water/Eau, Dimethicone, Glycerin, Caprylic/Capric Triglyceride, Myristyl Nicotinate, C12-15 Alkyl Benzoate, Glyceryl Stearate, PEG-100 Stearate, Propanediol, Myristyl Myristate, Isocetyl Stearate, Pentylene Glycol, Ethylene/Acrylic Acid Copolymer, Stearyl Alcohol, Arachidyl Alcohol, Hydrogenated Ethylhexyl Olivate, Bis-Stearyl Dimethicone, Bacillus/Sea Salt Ferment Filtrate, Palmitoyl Tripeptide-5, Pseudoalteromonas Ferment Extract, Oryza Sativa (Rice) Bran Extract, Coffea Arabica (Coffee) Seed Extract, Helianthus Annuus (Sunflower) Extract, Aesculus Hippocastanum (Horse Chestnut) Extract, Rosmarinus Officinalis Leaf Extract, Zingiber Officinale (Ginger) Root Extract, Dunaliella Salina Extract, Caffeine, Sodium Hyaluronate, Hydrolyzed Hyaluronic Acid, Bisabolol, Adenosine, Hydrogenated Olive Oil Unsaponifiables, Lecithin, Panthenol, 1,2-Hexanediol, Fructose, Tocopherol, Glyceryl Caprylate, Behenyl Alcohol, Arachidyl Glucoside, Polysorbate 80, Cetyl Alcohol, Ethylhexylglycerin, Acrylamide/Sodium Acryloyldimethyltaurate Copolymer, Polysilicone-11, Isohexadecane, Disodium EDTA, Pantolactone, Polymethyl Methacrylate, Caprylhydroxamic Acid, Resveratrol, Sorbitan Oleate, Xanthan Gum, Poloxamer 338, Aminomethyl Propanol, Silica, Mica, Tin Oxide, Phenoxyethanol, Citric Acid, Potassium Sorbate, Sodium Benzoate, CI 77891 (Titanium Dioxide) [ILN 20225].","Use morning and evening on clean skin. Gently pat around orbital bone and on the ""eleven"" vertical lines between the brows."
pimprod2033789,Clarins,Beauty Flash Peel with BHA & AHA,Treatment & Serums,Face Peels & Exfoliators,$58.00,1.7 oz,https://media.ulta.com/i/ulta/2598880?w=100&h=100&fmt=auto,"1,339 Reviews","Benefits
Spa-inspired face exfoliator for an at-home facial
Revives radiance
Visibly tightens pores
Eliminates dead skin cells
Refines skin texture
Softens and smoothes
Gentle, no-rinse formula
Dermatologist-tested. Non-comedogenic.
Key Ingredients
Glycolic Acid (AHA) gently exfoliates dead cells
Salicylic Acid (BHA) purifies and soothes
Research Results
93% ""New skin"" effect*
90% Skin is visibly clearer*
86% Pores are visibly tightened*
84% Skin texture is refined*
*Consumer tests - 103 women ages 25-45 - after 14 days.
Item 2598880","Aqua/Water/Eau, Alcohol, Butylene Glycol, Glycolic Acid, Hydroxyethylcellulose, Sodium Hydroxide, Salicylic Acid, Ppg-26-Buteth-26, Peg-40 Hydrogenated Castor Oil, Parfum/Fragrance, Sodium Glycolate, Ethylene Brassylate [V4219A].","EVENING: 2-3 TIMES A WEEK*
Using the brush applicator, apply to clean skin, avoiding the eye area.
Leave on for 5 to 10 minutes.
Do not rinse.
Follow with your regular serum and night cream.
*Use sun protection the following day.
Precautions: This product contains an alpha hydroxy acid (AHA) that may increase your skin's sensitivity to the sun and the possibility of sunburn. Use a sunscreen, wear protective clothing, and limit sun exposure while using this product and for a week afterwards. Use only as directed. Avoid contact with the eyes, if irritation persists, discontinue use and consult a physician."
pimprod2017106,Hanskin,Vitamin C Glow Powder Cleanser,Cleansers,Face Wash,$28.00,2.46 oz,https://media.ulta.com/i/ulta/2568281?w=100&h=100&fmt=auto,73 Reviews,"Benefits
Two-in-one exfoliator and cleanser is safe to use on sensitive skin types
Deeply cleanses pores and dissolves impurities
Softens and smooths out uneven skin texture
Boosts skin brightness and glow
Key Ingredients
Vitamin C (Ascorbic Acid): A potent antioxidant that improves the appearance of fine lines, dark spots and uneven skin tone
Papaya Enzyme: Rejuvenates, softens and brightens skin by exfoliating dead cells
Formulated Without
Talc
Sulfates
Silicones
Artificial Fragrances
Item 2568281","Zea Mays (Corn) Starch, Sodium Cocoyl Isethionate, Sodium Lauroyl Glutamate, Diglycerin, Maltodextrin, Papain, Ascorbic Acid.","Dispense a quarter-sized amount of powder into wet hands. Rub hands together to create a lather and massage onto the face for one minute, avoiding the eye area. Rinse thoroughly with warm water.
Precautions: For external use only. Avoid contact with eyes. If any adverse reaction occurs, discontinue use and consult a doctor if symptoms persist. Do not use on burned or broken skin. Keep out of reach of children. Store in a cool, dry place. Replace cap after use."
pimprod2045933,TONYMOLY,Squishmallows Benny's Pedi Hydrating Shea Butter Foot Mask,Hand & Foot Care,Hand & Foot Treatment,$5.50,0.71 oz,https://media.ulta.com/i/ulta/2628180?w=100&h=100&fmt=auto,2 Reviews,,,
pimprod2048367,RMS Beauty,Kakadu Luxe Cream,Moisturizers,Face Moisturizer,$55.00,1.7 oz,https://media.ulta.com/i/ulta/2632199?w=100&h=100&fmt=auto,581 Reviews,,,
pimprod2033917,Dermalogica,Clear Start Breakout Clearing Liquid Peel,Treatment & Serums,Face Peels & Exfoliators,$29.50,1.0 oz,https://media.ulta.com/i/ulta/2599036?w=100&h=100&fmt=auto,471 Reviews,,,
pimprod2042853,VOLITION,Getaway Glow Gradual Tan Firming Serum,Suncare,Self-Tanning & Bronzing,$47.00,1.0 oz,https://media.ulta.com/i/ulta/2619874?w=100&h=100&fmt=auto,29 Reviews,,,
pimprod2051031,Peter Thomas Roth,Mini Water Drench Hyaluronic Cloud Sheer Tint Moisturizer SPF 45,Moisturizers,Tinted Moisturizer,$25.00,0.67 oz,https://media.ulta.com/i/ulta/2640019?w=100&h=100&fmt=auto,,,,
pimprod2047535,VANICREAM,Cleansing Bar for Sensitive Skin,Cleansers,Face Wash,$6.99,3.9 oz,https://media.ulta.com/i/ulta/2631933?w=100&h=100&fmt=auto,3 Reviews,,,
pimprod2038770,bareMinerals,Ageless 10% Phyto ProCollagen Firming Sleeping Mask,Treatment & Serums,Face Masks,$55.00,2.5 oz,https://media.ulta.com/i/ulta/2609687?w=100&h=100&fmt=auto,199 Reviews,,,
pimprod2052248,bdy.,Brightening Dual Phase Body Serum Mist with Niacinamide + Squalane,Treatment & Serums,Body Treatments,$26.00,8 oz,https://media.ulta.com/i/ulta/2640504?w=100&h=100&fmt=auto,28 Reviews,,,
pimprod2046697,Pacifica,Comfort Space Skinflammation Mask,Treatment & Serums,Face Masks,$15.00,2.0 oz,https://media.ulta.com/i/ulta/2625809?w=100&h=100&fmt=auto,8 Reviews,,,
pimprod2048514,Oak Essentials,Cleansing Balm,Cleansers,Cleansing Balms & Oils,$48.00,1.4 oz,https://media.ulta.com/i/ulta/2631904?w=100&h=100&fmt=auto,414 Reviews,,,
pimprod2049892,Earth Harbor,Treasure Barrier Boost Glazing Milk,Moisturizers,Face Moisturizer,$22.00,2.0 oz,https://media.ulta.com/i/ulta/2635708?w=100&h=100&fmt=auto,7 Reviews,,,
pimprod2027965,L'Oréal,Age Perfect Collagen Expert Day Moisturizer with SPF 30,Moisturizers,Face Moisturizer,$20.99,2.5 oz,https://media.ulta.com/i/ulta/2586904?w=100&h=100&fmt=auto,"1,041 Reviews",,,
pimprod2051532,Knours.,Koolsol Ultra Light Invisible Mineral Sunscreen Broad Spectrum SPF50,Suncare,Sunscreen,$22.00,1.69 oz,https://media.ulta.com/i/ulta/2637350?w=100&h=100&fmt=auto,44 Reviews,,,
pimprod2038071,Beekman 1802,Milk Primer SPF 35 Sunscreen & Makeup Perfecter,Travel Size Skin Care,,$18.00,0.5 oz,https://media.ulta.com/i/ulta/2582535?w=100&h=100&fmt=auto,480 Reviews,,,
pimprod2042537,BLUME,Blume Buds Power Patches for Acne-Prone Skin,Everyday Care,,$15.00,24 ct,https://media.ulta.com/i/ulta/2615876?w=100&h=100&fmt=auto,50 Reviews,,,
pimprod2049786,Ahava,MultiVitamin C+ Firming Serum,Treatment & Serums,Face Serums,$84.00,1.0 oz,https://media.ulta.com/i/ulta/2634777?w=100&h=100&fmt=auto,3 Reviews,,,
pimprod2048933,ANUA,Peach 77 Niacin Essence Toner,Cleansers,Toner,$25.00,8.45 oz,https://media.ulta.com/i/ulta/2634267?w=100&h=100&fmt=auto,2 Reviews,,,
pimprod2046550,Dermalogica,Mini Super Rich Repair Moisturizer,Travel Size Skin Care,,$36.00,0.5 oz,https://media.ulta.com/i/ulta/2630026?w=100&h=100&fmt=auto,"1,233 Reviews",,,
pimprod2046022,Earth Harbor,Anchor Bio-Retinol Vitality Serum,Treatment & Serums,Face Serums,$27.00,0.67 oz,https://media.ulta.com/i/ulta/2626024?w=100&h=100&fmt=auto,36 Reviews,,,
pimprod2043526,FOREO,KIWI Blackhead Remover Pore Vacuum,Treatment & Serums,Acne & Blemish Treatments,$129.00,,https://media.ulta.com/i/ulta/2619181?w=100&h=100&fmt=auto,29 Reviews,,,
pimprod2024905,fresh,Vitamin Nectar Moisture Glow Face Cream,Moisturizers,Face Moisturizer,$54.00,1.6 oz,https://media.ulta.com/i/ulta/2584162?w=100&h=100&fmt=auto,320 Reviews,,,
pimprod2038155,StriVectin,Multi-Action Clear: Acne Clearing Treatment Lotion,Treatment & Serums,Acne & Blemish Treatments,$49.00,1.7 oz,https://media.ulta.com/i/ulta/2606168?w=100&h=100&fmt=auto,49 Reviews,,,
pimprod2049675,Doré,Le Sérum Superfruit Vitamin C Serum for Sensitive Skin,Treatment & Serums,Face Serums,$40.00,,https://media.ulta.com/i/ulta/2634426?w=100&h=100&fmt=auto,22 Reviews,,,
pimprod2050106,SACHEU,Slick Skin Body Lipid Rich Oil Serum,Treatment & Serums,Face Serums,$28.00,5.0 oz,https://media.ulta.com/i/ulta/2636387?w=100&h=100&fmt=auto,3 Reviews,,,
pimprod2051747,FARMACY,Mini Green Clean Whipped Foaming Cleanser,Cleansers,Face Wash,$14.00,1.7 oz,https://media.ulta.com/i/ulta/2641310?w=100&h=100&fmt=auto,,,,
pimprod2047685,cocokind,Eye Love 3 Piece Kit,By Category,Skin Gifts,$44.99,Each ct,https://media.ulta.com/i/ulta/2631369?w=100&h=100&fmt=auto,31 Reviews,,,
pimprod2041037,Olay,Travel Size Super Serum Night Repair 5-in-1 Face Serum,Travel Size Skin Care,,$24.99,,https://media.ulta.com/i/ulta/2615448?w=100&h=100&fmt=auto,"1,098 Reviews",,,
pimprod2044162,The Crème Shop,Hello Kitty Chic Reusable Jar with Cotton Swabs - Matte Gold,K-Beauty,,$12.00,1 ct,https://media.ulta.com/i/ulta/2623289?w=800&h=800&fmt=auto,14 Reviews,,,
pimprod2046695,Pacifica,Flower Fix Oil Serum,Treatment & Serums,Face Serums,$18.00,1.0 oz,https://media.ulta.com/i/ulta/2625807?w=100&h=100&fmt=auto,7 Reviews,,,
pimprod2049956,Dermalogica,Mini Biolumin-C Vitamin C Heat Aging Protector SPF 50,Travel Size Skin Care,,$28.50,0.5 oz,https://media.ulta.com/i/ulta/2635492?w=100&h=100&fmt=auto,147 Reviews,,,
pimprod2033686,Shiseido,Travel Size Essential Energy Hydrating Cream,Travel Size Skin Care,,$30.00,1.0 oz,https://media.ulta.com/i/ulta/2595123?w=100&h=100&fmt=auto,736 Reviews,,,
pimprod2046023,Earth Harbor,Ahoy Love Nourishing Milky Cleanser,Cleansers,Face Wash,$15.00,2.0 oz,https://media.ulta.com/i/ulta/2626023?w=100&h=100&fmt=auto,23 Reviews,,,
pimprod2050896,Pacifica,After Sun Soothing Body Gelato,Suncare,After Sun Care,$16.00,5.4 oz,https://media.ulta.com/i/ulta/2637027?w=100&h=100&fmt=auto,2 Reviews,,,
pimprod2002908,Kiehl's Since 1851,Ultra Facial Oil-Free Toner,Cleansers,Toner,$26.00,8.5 oz,https://media.ulta.com/i/ulta/2536669?w=100&h=100&fmt=auto,61 Reviews,,,
pimprod2051077,DIME,Nourishing Cleansing Oil,Cleansers,Cleansing Balms & Oils,$36.00,4 oz,https://media.ulta.com/i/ulta/2637752?w=100&h=100&fmt=auto,,,,
pimprod2039694,Supergoop!,Daily Dose Hydra-Ceramide Boost + SPF 40 Face Oil,Moisturizers,Face Oils,$50.00,1.0 oz,https://media.ulta.com/i/ulta/2613563?w=100&h=100&fmt=auto,7 Reviews,,,
pimprod2045410,Charlotte Tilbury,Charlotte's Magic Hydrator Mist,Moisturizers,Face Mists & Essences,$47.00,2.5 oz,https://media.ulta.com/i/ulta/2628225?w=100&h=100&fmt=auto,5 Reviews,,,
pimprod2031689,KIKO Milano,Coloured Balm Lip Balm,Lips,Lip Balms & Treatments,$9.00,02,https://media.ulta.com/i/ulta/2595762?w=100&h=100&fmt=auto,18 Reviews,,,
pimprod2050254,belif,Super Drops Retinol and Peptide Barrier Serum,Treatment & Serums,Face Serums,$34.00,1.01 oz,https://media.ulta.com/i/ulta/2635919?w=100&h=100&fmt=auto,69 Reviews,"Benefits
Helps restore and strengthen skin's natural moisture barrier
Boosts skin elasticity
Helps minimize the appearance of pores
Dermatologically tested
Safe for sensitive skin
Key Ingredients
Argireline Peptides: Water-binding abilities and skin-strengthening properties help restore the skin barrier, support skin's collagen, and interrupt expression lines for a firmer, healthier-looking appearance.
RE-Complex™: Helps enhance skin tone, texture, resiliency and diminishes appearance of fine lines and wrinkles.
Hyaluronic Acid: Helps boost skin's moisture content, soothe skin, and defend against moisture loss.
Research Results
A 4-week clinical test on 31 women ages, 33-51 showed:
Improves skin elasticity within four weeks (including the nasolabial folds, cheeks, and the area around the eyes)
Improves the appearance of pores up to 29% within four weeks
Reduces the density of pores up to 15% within four weeks
Item 2635919","Water, Glycerin, Dipropylene Glycol, Niacinamide, Triethylhexanoin, Pentaerythrityl Tetraethylhexanoate, 1,2-Hexanediol, Panthenol, Caprylic/Capric Triglyceride, Polymethylsilsesquioxane, Betaine, Methyl Glucose Sesquistearate, Serine, Arginine, Tromethamine, Acrylates/C10-30 Alkyl Acrylate Crosspolymer, Citric Acid, Carbomer, Dipotassium Glycyrrhizate, Trehalose, Adenosine, Myristica Fragrans (Nutmeg) Extract, Sclerotium Gum, Sodium Gluconate, Succinoglycan, Beta-Glucan, Hydrolyzed Hyaluronic Acid, Sodium Hyaluronate, Glycine Soja (Soybean) Oil, Melissa Officinalis Flower/Leaf/Stem Water, Rosmarinus Officinalis (Rosemary) Leaf Water, Thymus Vulgaris (Thyme) Leaf Extract, Eucalyptus Globulus Leaf Extract, Mentha Rotundifolia Leaf Extract, Rosa Canina Fruit Extract, Dextrin, Theobroma Cacao (Cocoa) Seed Extract, Retinol, Butylene Glycol, Macadamia Ternifolia Seed Oil, Hydrogenated Lecithin, Cholesterol, Polyglyceryl-10 Laurate, Brassica Campestris (Rapeseed) Sterols, Caprylyl Glycol, Phytosteryl/Behenyl/Octyldodecyl Lauroyl Glutamate, Retinal, Silica, Potassium Cetyl Phosphate, Ceramide NP, Pentaerythrityl Tetra-di-t-Butyl Hydroxyhydrocinnamate, Acetyl Hexapeptide-8, Disodium EDTA, Citrus Aurantium Dulcis (Orange) Peel Oil, Citrus Aurantifolia (Lime) Oil, Pelargonium Graveolens Flower Oil, Rosmarinus Officinalis (Rosemary) Leaf Oil, Limonene, Citronellol, Geraniol, Citral, Linalool.",
pimprod2025143,Erborian,CC Water with Hyaluronic Acid,Face,BB & CC Creams,$46.00,Clair,https://media.ulta.com/i/ulta/2579206?w=100&h=100&fmt=auto,924 Reviews,,,
pimprod2034355,LOOPS,Sunrise Service Brightening Face Mask 5 Piece Set,Treatment & Serums,Face Masks,$30.00,5 ct,https://media.ulta.com/i/ulta/2599936?w=100&h=100&fmt=auto,87 Reviews,,,
pimprod2042966,Peace Out,"Retinol 360° Eye Lift Patches to Lift, Firm and Revitalize Eyes",Eye Treatments,Eye Masks,$29.00,5 pair,https://media.ulta.com/i/ulta/2613521?w=100&h=100&fmt=auto,77 Reviews,,,
pimprod2050900,PÜR,Cloud Balm Hydrating Lip Treatment,Lips,Lip Balms & Treatments,$20.00,0.5 oz,https://media.ulta.com/i/ulta/2635091?w=100&h=100&fmt=auto,4 Reviews,,,
pimprod2044161,The Crème Shop,Boba Bears Deep Moisture Bubble Bath - White Peach Bliss,K-Beauty,,$14.00,16.9 oz,https://media.ulta.com/i/ulta/2623288?w=800&h=800&fmt=auto,14 Reviews,,,
pimprod2050835,Knours.,Koolsol Ultra Light Invisible Sunscreen Broad Spectrum SPF50,Suncare,Sunscreen,$18.00,1.69 oz,https://media.ulta.com/i/ulta/2637349?w=100&h=100&fmt=auto,85 Reviews,,,
pimprod2025191,Pixi,Glow Tonic To-Go 5% Glycolic Acid Exfoliating Toner Pads,Cleansers,Toner,$18.00,60 ct,https://media.ulta.com/i/ulta/2576881?w=100&h=100&fmt=auto,"1,768 Reviews",,,
pimprod2013504,Pixi,Vitamin-C Serum Brightening Concentrate,Treatment & Serums,Face Serums,$24.00,1.01 oz,https://media.ulta.com/i/ulta/2562293?w=100&h=100&fmt=auto,64 Reviews,,,
pimprod2043811,AmLactin,Daily Vitamin C Lotion with 7% Lactic Acid AHA,Body Moisturizers,Body Lotion & Creams,$19.99,7.9 oz,https://media.ulta.com/i/ulta/2623399?w=100&h=100&fmt=auto,25 Reviews,,,
pimprod2020104,,,,,,,,,,,
pimprod2041462,Erborian,Skin Therapy Multi-Perfecting Night Oil-Serum,Moisturizers,Face Oils,$49.00,1.01 oz,https://media.ulta.com/i/ulta/2614901?w=100&h=100&fmt=auto,357 Reviews,,,
pimprod2050847,TONYMOLY,Lymphatic Body Blaster,Treatment & Serums,Body Treatments,$14.00,1 ct,https://media.ulta.com/i/ulta/2636962?w=100&h=100&fmt=auto,7 Reviews,,,
pimprod2002912,Kiehl's Since 1851,Ultra Facial Oil-Free Cleanser,Cleansers,Face Wash,$26.00,5.1 oz,https://media.ulta.com/i/ulta/2536665?w=100&h=100&fmt=auto,153 Reviews,,,
pimprod2052195,Beekman 1802,2025 Limited-Edition Pride Bloom Cream Daily Moisturizer,Moisturizers,Face Moisturizer,$56.00,1.69 oz,https://media.ulta.com/i/ulta/2639780?w=100&h=100&fmt=auto,"2,810 Reviews",,,
pimprod2021186,Milani,Supercharged Revitalizing Facial Mist,Moisturizers,Face Mists & Essences,$10.99,2.0 oz,https://media.ulta.com/i/ulta/2574045?w=100&h=100&fmt=auto,55 Reviews,,,
pimprod2030606,Estée Lauder,Perfectionist Pro Multi-Zone Wrinkle Concentrate with Niacinamide,Treatment & Serums,Face Serums,$94.00,0.85 oz,https://media.ulta.com/i/ulta/2592153?w=100&h=100&fmt=auto,16 Reviews,,,
pimprod2028581,Live Tinted,Rays Copper Peptide Eye Masks,Eye Treatments,Eye Masks,$22.00,5 ct,https://media.ulta.com/i/ulta/2599508?w=100&h=100&fmt=auto,28 Reviews,,,
pimprod2050811,dearcloud,Miffy Blemish Bunny Hydrocolloid Patches,K-Beauty,,$17.00,36 ct,https://media.ulta.com/i/ulta/2639436?w=100&h=100&fmt=auto,12 Reviews,,,
pimprod2004246,DHC,Extra Nighttime Moisture Facial Moisturizer,Moisturizers,Night Cream,$39.00,1.5 oz,https://media.ulta.com/i/ulta/2544326?w=100&h=100&fmt=auto,429 Reviews,,,
pimprod2019386,BeautyBio,The Nightly Retinol Repair Serum,Treatment & Serums,Face Serums,$95.00,1.0 oz,https://media.ulta.com/i/ulta/2572413?w=100&h=100&fmt=auto,102 Reviews,,,
pimprod2037648,Truly,Glass Skin Cleansing Balm,Cleansers,Cleansing Balms & Oils,$8.00,3.0 oz,https://media.ulta.com/i/ulta/2607956?w=100&h=100&fmt=auto,101 Reviews,,,
pimprod2048532,Oak Essentials,Daily Vitamin C Serum,Treatment & Serums,Face Serums,$92.00,1 oz,https://media.ulta.com/i/ulta/2631906?w=100&h=100&fmt=auto,130 Reviews,,,
pimprod2043790,Kiehl's Since 1851,Clearly Corrective Daily Re-Texturizing Triple Acid Peel,Treatment & Serums,Face Peels & Exfoliators,$50.00,,https://media.ulta.com/i/ulta/2620209?w=100&h=100&fmt=auto,245 Reviews,,,
pimprod2049402,Oh K!,Aloe Vera Jelly Patch,Treatment & Serums,Sheet Masks,$4.00,2 pair,https://media.ulta.com/i/ulta/2634853?w=800&h=800&fmt=auto,1 Review,,,
pimprod2048822,Lancôme,Absolue Rose 80 Essence-in-Lotion,Moisturizers,Face Moisturizer,$155.00,5.0 oz,https://media.ulta.com/i/ulta/2630581?w=100&h=100&fmt=auto,1 Review,,,
pimprod2038068,SUNDAY RILEY,Mini C.E.O. Afterglow Brightening Vitamin C Cream,Travel Size Skin Care,,$22.00,0.5 oz,https://media.ulta.com/i/ulta/2605477?w=100&h=100&fmt=auto,682 Reviews,,,
pimprod2033216,Pixi,Pixi + Hello Kitty Glow Tonic 5% Glycolic Acid Exfoliating Toner,Cleansers,Toner,$18.00,4.2 oz,https://media.ulta.com/i/ulta/2598120?w=100&h=100&fmt=auto,78 Reviews,,,
pimprod2049942,Peter Thomas Roth,Peptide Skinjection Stars 2-Piece Line-Smoothing Kit,By Category,Skin Gifts,$65.00,,https://media.ulta.com/i/ulta/2636250?w=100&h=100&fmt=auto,9 Reviews,,,
pimprod2047536,VANICREAM,Gentle Body Wash for Sensitive Skin,Bath & Shower,Shower Gel & Body Wash,$16.99,12.0 oz,https://media.ulta.com/i/ulta/2631932?w=100&h=100&fmt=auto,1 Review,,,
pimprod2042534,Kopari Beauty,Ultimate Quench Hydration Kit,By Category,Skin Gifts,$40.00,,https://media.ulta.com/i/ulta/2616907?w=100&h=100&fmt=auto,8 Reviews,,,
pimprod2052319,ROUND LAB,Birch Juice Moisturizing Sun Cushion SPF 50,K-Beauty,,$27.00,0.52 oz,https://media.ulta.com/i/ulta/2644756?w=100&h=100&fmt=auto,3 Reviews,,,
pimprod2032630,Womaness,Fountain of Glow Vitamin C Face Serum,Treatment & Serums,Face Serums,$29.99,1.5 oz,https://media.ulta.com/i/ulta/2598148?w=100&h=100&fmt=auto,53 Reviews,,,
pimprod2018009,Velour Lashes,Travel Size Lash Clean Oil-Free Makeup Remover,Eyes,Eyelashes,$13.00,1.69 oz,https://media.ulta.com/i/ulta/2568309?w=800&h=800&fmt=auto,498 Reviews,,,
pimprod2048306,Vaseline,Illuminate Me Shimmering Body Oil,Body Moisturizers,Body Serums & Oils,$13.99,3.3 oz,https://media.ulta.com/i/ulta/2633485?w=100&h=100&fmt=auto,,,,
pimprod2003450,FLOWER Beauty,Petal Pout Lip Mask,Lips,Lip Balms & Treatments,$11.50,Starlit,https://media.ulta.com/i/ulta/2539668?w=100&h=100&fmt=auto,545 Reviews,,,
pimprod2023407,Fur,Exfoliating & Clarifying Mitt Trio,Treatment & Serums,Body Treatments,$20.00,3 ct,https://media.ulta.com/i/ulta/2577095?w=100&h=100&fmt=auto,65 Reviews,,,
pimprod2038425,,,,,,,,,,,
pimprod2048546,Oak Essentials,Restorative Mask,Treatment & Serums,Face Masks,$68.00,1.9 oz,https://media.ulta.com/i/ulta/2631914?w=100&h=100&fmt=auto,318 Reviews,,,
pimprod2050057,Physicians Formula,Butter Glow Body Bronzer,Suncare,Self-Tanning & Bronzing,$24.99,Light/Medium,https://media.ulta.com/i/ulta/2635005?w=800&h=800&fmt=auto,31 Reviews,,,
pimprod2044116,The Crème Shop,Hello Kitty Hello Fizzy! Aromatherapy Bath Bomb,Bath & Shower,Bath Bombs & Shower Steamers,$7.00,Strawberry Skies,https://media.ulta.com/i/ulta/2622606?w=800&h=800&fmt=auto,6 Reviews,,,
pimprod2050815,dearcloud,Miffy Curiously Cute No Crease Styling Plush Hair Clips,Accessories,Clips & Bobby Pins,$18.00,2 ct,https://media.ulta.com/i/ulta/2639429?w=100&h=100&fmt=auto,6 Reviews,,,
pimprod2043768,COSRX,The AHA BHA PHA LHA 35 Peel with Vitamins B5 & B12,K-Beauty,,$19.00,1.01 oz,https://media.ulta.com/i/ulta/2621866?w=100&h=100&fmt=auto,76 Reviews,,,
pimprod2003659,CeraVe,Hydrating Mineral Sunscreen SPF 50 Body Lotion,Suncare,Sunscreen,$17.99,5.0 oz,https://media.ulta.com/i/ulta/2540957?w=100&h=100&fmt=auto,279 Reviews,,,
pimprod2040011,Benefit Cosmetics,Pore Routine Roundup Mini Pore Care Essentials Set,By Category,Skin Gifts,$39.00,,https://media.ulta.com/i/ulta/2609747?w=100&h=100&fmt=auto,7 Reviews,,,
pimprod2051475,Buttah Skin,Silky Smooth Towels,Cleansers,Makeup Remover,$18.00,50 ct,https://media.ulta.com/i/ulta/2641786?w=100&h=100&fmt=auto,77 Reviews,,,
pimprod2050334,Pacifica,Sun Dreams SPF 30 Illuminating Foam,Suncare,Sunscreen,$16.00,1.35 oz,https://media.ulta.com/i/ulta/2636245?w=100&h=100&fmt=auto,6 Reviews,,,
pimprod2006292,Vitamins and Sea beauty,Blue Sea Kale Grapefruit Deep Pore Exfoliating Face Mask,Treatment & Serums,Face Masks,$10.99,6.0 oz,https://media.ulta.com/i/ulta/2549340?w=100&h=100&fmt=auto,118 Reviews,,,
pimprod2004093,jane iredale,Dream Tint Tinted Moisturizer,Moisturizers,Tinted Moisturizer,$50.00,Dark,https://media.ulta.com/i/ulta/2544951?w=100&h=100&fmt=auto,956 Reviews,,,
pimprod2025105,fresh,Sugar Hydrating Lip Balm,Lips,Lip Balms & Treatments,$21.00,Watermelon,https://media.ulta.com/i/ulta/2584137?w=100&h=100&fmt=auto,"4,295 Reviews",,,
pimprod2036886,Lancôme,Absolue Revitalizing Anti-Aging Eye Serum,Eye Treatments,Eye Serums,$165.00,0.5 oz,https://media.ulta.com/i/ulta/2606377?w=100&h=100&fmt=auto,79 Reviews,,,
pimprod2037768,TONYMOLY,Changing U Magic Heel Peeling Shoes,Hand & Foot Care,Hand & Foot Treatment,$6.50,1 pair,https://media.ulta.com/i/ulta/2605275?w=100&h=100&fmt=auto,146 Reviews,,,
pimprod2046700,Pacifica,Melt For You Moisturizing Oil Cleanser,Cleansers,Face Wash,$14.00,8.0 oz,https://media.ulta.com/i/ulta/2625812?w=100&h=100&fmt=auto,20 Reviews,,,
pimprod2050610,RODAN + FIELDS,Redefine Intensive Renewing Serum With Retinal,Treatment & Serums,Face Serums,$99.00,60 ct,https://media.ulta.com/i/ulta/2635778?w=100&h=100&fmt=auto,"5,325 Reviews",,,
pimprod2038127,KORRES,Greek Yoghurt Wide Awake Eye Gel,Eye Treatments,Eye Cream,$32.00,.51 oz,https://media.ulta.com/i/ulta/2609196?w=100&h=100&fmt=auto,26 Reviews,,,
pimprod2037338,,,,,,,,,,,
pimprod2046693,Pacifica,Hydrodew Slime Barrier Care Gel,Moisturizers,Face Moisturizer,$16.00,1.7 oz,https://media.ulta.com/i/ulta/2625805?w=100&h=100&fmt=auto,13 Reviews,,,
pimprod2043204,Carbon Theory.,Vitamin C & Caffeine Facial Cleansing Bar,Cleansers,Face Wash,$9.99,3.5 oz,https://media.ulta.com/i/ulta/2620552?w=100&h=100&fmt=auto,44 Reviews,,,
pimprod2046003,Earth Harbor,Horizon Ceramide Recovery Serum,Treatment & Serums,Face Serums,$25.00,0.67 oz,https://media.ulta.com/i/ulta/2626026?w=100&h=100&fmt=auto,60 Reviews,,,
pimprod2040996,Estée Lauder,Advanced Night Cleansing Gel with 15 Amino Acids,Moisturizers,Night Cream,$34.00,3.4 oz,https://media.ulta.com/i/ulta/2611421?w=100&h=100&fmt=auto,13 Reviews,,,
pimprod2020918,TONYMOLY,Super Food Bowl Sheet Mask Set,K-Beauty,,$16.00,,https://media.ulta.com/i/ulta/2577468?w=100&h=100&fmt=auto,16 Reviews,,,
pimprod2046723,Bali Body,Tinted Bronzing Super Serum SPF 30,Suncare,Sunscreen,$33.00,Natural,https://media.ulta.com/i/ulta/2630687?w=100&h=100&fmt=auto,236 Reviews,,,
pimprod2048168,Doré,Le Disque Cleansing and Exfoliating Tool for All Skin Types,Skincare Tools,Cleansing Brushes,$22.00,,https://media.ulta.com/i/ulta/2631866?w=100&h=100&fmt=auto,21 Reviews,,,
pimprod2051748,FARMACY,Green Clean Whipped Foaming Cleanser,Cleansers,Face Wash,$32.00,5.0 oz,https://media.ulta.com/i/ulta/2641248?w=100&h=100&fmt=auto,,,,
pimprod2016934,Bondi Sands,Salon Quality Self Tanning Foam Liquid Gold,Suncare,Self-Tanning & Bronzing,$29.00,6.76 oz,https://media.ulta.com/i/ulta/2569560?w=100&h=100&fmt=auto,387 Reviews,,,
pimprod2034185,Murad,Clarifying Water Gel Moisturizer,Cleansers,Face Wash,$49.00,1.6 oz,https://media.ulta.com/i/ulta/2601022?w=100&h=100&fmt=auto,10 Reviews,,,
pimprod2030783,Honest Beauty,Calm & Renew Melting Eye Balm,Eye Treatments,Eye Cream,$28.00,0.5 oz,https://media.ulta.com/i/ulta/2594189?w=100&h=100&fmt=auto,82 Reviews,,,
pimprod2049659,ROUND LAB,Birch Juice Moisturizing Cream,Moisturizers,Face Moisturizer,$35.99,2.7 oz,https://media.ulta.com/i/ulta/2636338?w=100&h=100&fmt=auto,2 Reviews,,,
pimprod2027379,Pixi,Botanical Collagen Tonic Volumizing Toner with Peptides,Cleansers,Toner,$18.00,4.2 oz,https://media.ulta.com/i/ulta/2583917?w=100&h=100&fmt=auto,4 Reviews,,,
pimprod2042953,COSRX,Low pH Niacinamide Micellar Cleansing Water,Cleansers,Face Wash,$15.00,13.52 oz,https://media.ulta.com/i/ulta/2621868?w=100&h=100&fmt=auto,158 Reviews,,,
pimprod2009266,The Ordinary,Lactic Acid 5% + HA 2% Gentle Facial Exfoliating Serum for Uneven Texture,Treatment & Serums,Face Peels & Exfoliators,$8.10,1.0 oz,https://media.ulta.com/i/ulta/2552292?w=100&h=100&fmt=auto,216 Reviews,,,
pimprod2049648,ROUND LAB,Birch Juice Mild-Up UVLOCK SPF 50,Suncare,Sunscreen,$24.99,1.69 oz,https://media.ulta.com/i/ulta/2634357?w=100&h=100&fmt=auto,4 Reviews,,,
pimprod2051727,FARMACY,Green Clean Gentle Creamy Cleanser,Cleansers,Face Wash,$32.00,5.0 oz,https://media.ulta.com/i/ulta/2641247?w=100&h=100&fmt=auto,1 Review,,,
pimprod2052020,Essence,So Cherry Happy Peptide Lipgloss,Lips,Lip Balms & Treatments,$6.99,01 Cherry On Top (dark pink),https://media.ulta.com/i/ulta/2642931?w=100&h=100&fmt=auto,4 Reviews,,,
pimprod2046881,ELEMIS,Pro-Collagen Future Restore Serum,Treatment & Serums,Face Serums,$99.00,0.5 oz,https://media.ulta.com/i/ulta/2630774?w=100&h=100&fmt=auto,4 Reviews,,,
pimprod2032225,florence by mills,Feed Your Soul Love U A Latte Coffee Glow Mask,Treatment & Serums,Face Masks,$23.00,3.4 oz,https://media.ulta.com/i/ulta/2594306?w=100&h=100&fmt=auto,452 Reviews,,,
pimprod2017184,EcoTools,Deep Cleansing Facial Brush,Skincare Tools,Cleansing Brushes,$6.99,1 ct,https://media.ulta.com/i/ulta/2567801?w=100&h=100&fmt=auto,125 Reviews,,,
pimprod2045316,The Crème Shop,Pusheen 5 Piece Makeup Brushes Sweet Strawberry,K-Beauty,,$18.00,,https://media.ulta.com/i/ulta/2625338?w=100&h=100&fmt=auto,6 Reviews,,,
pimprod2049516,Sun Bum,After Sun Cool Down Lotion,Suncare,After Sun Care,$13.49,6.0 oz,https://media.ulta.com/i/ulta/2635070?w=100&h=100&fmt=auto,5 Reviews,,,
pimprod2020741,KORRES,Greek Yoghurt Nourishing Probiotic Gel-Cream,Moisturizers,Face Moisturizer,$42.00,1.35 oz,https://media.ulta.com/i/ulta/2573093?w=100&h=100&fmt=auto,"2,539 Reviews",,,
pimprod2050412,BeautyStat Cosmetics,Universal C Eye Perfector,Eye Treatments,Eye Cream,$52.00,0.50 oz,https://media.ulta.com/i/ulta/2636493?w=100&h=100&fmt=auto,"1,661 Reviews",,,
pimprod2023583,Klairs,Midnight Blue Calming Cream,Moisturizers,Night Cream,$31.00,2.0 oz,https://media.ulta.com/i/ulta/2580263?w=100&h=100&fmt=auto,572 Reviews,,,
pimprod2043449,First Aid Beauty,Ultra Repair Lip Balm,Lips,Lip Balms & Treatments,$14.00,0.25 oz,https://media.ulta.com/i/ulta/2620890?w=100&h=100&fmt=auto,115 Reviews,,,
pimprod2050795,Dionis,Goat Sugar Smoothing Lip Polish,Lips,Lip Balms & Treatments,$22.00,0.5 oz oz,https://media.ulta.com/i/ulta/2636762?w=100&h=100&fmt=auto,,,,
pimprod2044531,Drunk Elephant,Hydra and the Bright Travel Size Duo,By Category,Skin Gifts,$29.00,,https://media.ulta.com/i/ulta/2622996?w=100&h=100&fmt=auto,14 Reviews,,,
pimprod2048319,florence by mills,Clear Canvas Milky Oil Cleansing Balm,Cleansers,Cleansing Balms & Oils,$22.00,3.2 oz,https://media.ulta.com/i/ulta/2630198?w=100&h=100&fmt=auto,85 Reviews,,,
pimprod2003142,Kate Somerville,Liquid ExfoliKate Triple Acid Resurfacing Treatment,Treatment & Serums,Face Peels & Exfoliators,$69.00,4.0 oz,https://media.ulta.com/i/ulta/2540578?w=100&h=100&fmt=auto,777 Reviews,,,
pimprod2050617,RODAN + FIELDS,Redefine Daily Foaming Face Cleanser,Cleansers,Face Wash,$45.00,4.2 oz,https://media.ulta.com/i/ulta/2635802?w=100&h=100&fmt=auto,"1,935 Reviews",,,
pimprod2042891,MAC,Mini Hyper Real Fresh Canvas Cream-To-Foam Face Cleanser,Cleansers,Face Wash,$18.00,1.0 oz,https://media.ulta.com/i/ulta/2618049?w=100&h=100&fmt=auto,594 Reviews,,,
pimprod2044160,The Crème Shop,Beary Merry Silky Skin Set,K-Beauty,,$14.00,,https://media.ulta.com/i/ulta/2623287?w=800&h=800&fmt=auto,5 Reviews,,,
pimprod2024362,,,,,,,,,,,
pimprod2050343,Lancôme,Absolue Skincare Discovery 4-Piece Gift Set,By Category,Skin Gifts,$99.00,,https://media.ulta.com/i/ulta/2636170?w=100&h=100&fmt=auto,,,,
pimprod2026421,,,,,$599.99,,,,,,
pimprod2015171,cocokind,Rosewater Post Cleansing Toner Spray,Cleansers,Toner,$17.99,4.0 oz,https://media.ulta.com/i/ulta/2566401?w=100&h=100&fmt=auto,"1,223 Reviews",,,
pimprod2039946,Vichy,Normaderm BHA Exfoliating Serum,Treatment & Serums,Face Peels & Exfoliators,$44.99,0.67 oz,https://media.ulta.com/i/ulta/2613654?w=100&h=100&fmt=auto,383 Reviews,,,
pimprod2049181,fresh,Mini Sugar Face Polish Exfoliator,Treatment & Serums,Face Peels & Exfoliators,$27.00,1.0 oz,https://media.ulta.com/i/ulta/2631875?w=100&h=100&fmt=auto,,,,
pimprod2051769,I'm From,Rice Toner,Cleansers,Toner,$28.00,5.07 oz,https://media.ulta.com/i/ulta/2642147?w=100&h=100&fmt=auto,1 Review,,,
pimprod2030869,Winky Lux,Sorbet Balm,Lips,Lip Balms & Treatments,$18.00,0.12 oz,https://media.ulta.com/i/ulta/2591333?w=100&h=100&fmt=auto,55 Reviews,,,
pimprod2041911,Urban Hydration,Sea Acne Gone & Sea The Glow Algae Face Mask Stick,Treatment & Serums,Face Masks,$14.99,1.7 oz,https://media.ulta.com/i/ulta/2611646?w=100&h=100&fmt=auto,114 Reviews,,,
pimprod2042681,Kiehl's Since 1851,Ultra Facial Barrier Balm Stick with Squalane,Moisturizers,Face Moisturizer,$32.00,0.3 oz,https://media.ulta.com/i/ulta/2617289?w=100&h=100&fmt=auto,445 Reviews,,,
pimprod2048540,Oak Essentials,Mini Routine,By Price,$100 and Under,$68.00,,https://media.ulta.com/i/ulta/2631908?w=100&h=100&fmt=auto,689 Reviews,,,
pimprod2042976,DIME,Dark Spot Corrector,Treatment & Serums,Face Serums,$58.00,1.7 oz,https://media.ulta.com/i/ulta/2621051?w=100&h=100&fmt=auto,2 Reviews,,,
pimprod2049932,LAURA GELLER,Jelly Balm Hydrating Lip Color,Lips,Lip Balms & Treatments,$24.00,Brick House,https://media.ulta.com/i/ulta/2638227?w=100&h=100&fmt=auto,4 Reviews,,,
pimprod2037906,Peace Out,Microneedling Anti-Wrinkle Retinol Patches,Eye Treatments,Eye Masks,$28.00,6 ct,https://media.ulta.com/i/ulta/2607967?w=100&h=100&fmt=auto,40 Reviews,,,
pimprod2023637,Urban Veda,Organic Neem and Tea Tree Purifying Face Wash,Cleansers,Face Wash,$20.00,5.0 oz,https://media.ulta.com/i/ulta/2580900?w=100&h=100&fmt=auto,27 Reviews,,,
pimprod2047087,Honest Beauty,Ageless Firm + Even Serum,Treatment & Serums,Face Serums,$30.00,1.0 oz,https://media.ulta.com/i/ulta/2630124?w=100&h=100&fmt=auto,69 Reviews,,,
pimprod2046692,Pacifica,Dreamlit Illuminating Lotion,Moisturizers,Face Moisturizer,$16.00,1.7 oz,https://media.ulta.com/i/ulta/2625804?w=100&h=100&fmt=auto,7 Reviews,,,
pimprod2039020,Dolce Glow,Kabuki Brush,Suncare,Self-Tanning & Bronzing,$13.00,1 ct,https://media.ulta.com/i/ulta/2611581?w=100&h=100&fmt=auto,2 Reviews,,,
pimprod2049291,Sun Bum,Baby Bum Mineral SPF 50 Sunscreen Lotion,Suncare,Sunscreen,$16.49,3.0 oz,https://media.ulta.com/i/ulta/2635073?w=100&h=100&fmt=auto,,,,
pimprod2039618,Kinship,Brightwave 10% Vitamin C + Peptide Brightening Serum,Treatment & Serums,Face Serums,$45.00,1.0 oz,https://media.ulta.com/i/ulta/2612934?w=100&h=100&fmt=auto,24 Reviews,,,
pimprod2013175,belif,Aqua Bomb Hydrating Sleeping Mask with Panthenol,Treatment & Serums,Face Masks,$38.00,2.53 oz,https://media.ulta.com/i/ulta/2557477?w=100&h=100&fmt=auto,"1,153 Reviews",,,
pimprod2037225,Winky Lux,Affogato Lip Balm,Lips,Lip Balms & Treatments,$18.00,0.12 oz,https://media.ulta.com/i/ulta/2603955?w=100&h=100&fmt=auto,11 Reviews,,,
pimprod2021423,Vichy,Normaderm PhytoAction Acne Control Daily Face Moisturizer,Moisturizers,Face Moisturizer,$34.99,1.6 oz,https://media.ulta.com/i/ulta/2577182?w=100&h=100&fmt=auto,248 Reviews,,,
pimprod2049645,Isntree,Hyaluronic Acid Daily Sun Gel SPF 30,Suncare,Sunscreen,$20.00,1.69 oz,https://media.ulta.com/i/ulta/2634354?w=100&h=100&fmt=auto,6 Reviews,,,
pimprod2037451,ROSEN,Earth Cleanser for Active Breakouts,Cleansers,Face Wash,$22.00,4.3 oz,https://media.ulta.com/i/ulta/2605670?w=100&h=100&fmt=auto,34 Reviews,,,
pimprod2050500,Well People,Daygleamer Mineral Sunscreen Serum Broad Spectrum SPF 34,Suncare,Sunscreen,$26.00,1.7 oz,https://media.ulta.com/i/ulta/2637756?w=100&h=100&fmt=auto,"1,211 Reviews",,,
pimprod2038329,Estée Lauder,Nutritious Melting Soft Creme/Mask Moisturizer Mini,Travel Size Skin Care,,$16.00,0.5 oz,https://media.ulta.com/i/ulta/2607596?w=100&h=100&fmt=auto,"2,915 Reviews",,,
pimprod2002927,Kiehl's Since 1851,Ultra Facial Moisturizer SPF 30,Moisturizers,Face Moisturizer,$42.00,4.2 oz,https://media.ulta.com/i/ulta/2536697?w=100&h=100&fmt=auto,199 Reviews,,,
pimprod2019387,BeautyBio,The Daily Acid-Free Vitamin C Brightening Serum,Treatment & Serums,Face Serums,$75.00,1.0 oz,https://media.ulta.com/i/ulta/2572414?w=100&h=100&fmt=auto,89 Reviews,,,
pimprod2041908,Urban Hydration,Aloe Vera Leaf Micellar Water,Cleansers,Face Wash,$7.99,10.0 oz,https://media.ulta.com/i/ulta/2611643?w=100&h=100&fmt=auto,28 Reviews,,,
pimprod2045963,frank body,Triple Acid Body Mist,Treatment & Serums,Body Treatments,$19.95,3.38 oz,https://media.ulta.com/i/ulta/2627209?w=100&h=100&fmt=auto,21 Reviews,,,
pimprod2038067,TULA,Mini Secret Solution Pro-Glycolic 10% Resurfacing Treatment Toner,Travel Size Skin Care,,$14.00,0.5 oz,https://media.ulta.com/i/ulta/2579224?w=100&h=100&fmt=auto,"1,523 Reviews",,,
pimprod2042720,CeraVe,Skincare Essentials Travel Size Kit,Cleansers,Face Wash,$31.99,,https://media.ulta.com/i/ulta/2620440?w=100&h=100&fmt=auto,2 Reviews,,,
pimprod2048403,RMS Beauty,Kakadu Beauty Oil,Treatment & Serums,Face Serums,$65.00,1.0 oz,https://media.ulta.com/i/ulta/2632203?w=100&h=100&fmt=auto,691 Reviews,,,
pimprod2038197,COSRX,The Hyaluronic Acid 3 Serum with Amino Acids + Ceramide NP,Treatment & Serums,Face Serums,$25.00,0.67 oz,https://media.ulta.com/i/ulta/2607855?w=100&h=100&fmt=auto,96 Reviews,,,
pimprod2035521,Vichy,Neovadiol Serum for Peri and Post Menopause,Treatment & Serums,Face Serums,$39.00,1.0 oz,https://media.ulta.com/i/ulta/2600277?w=100&h=100&fmt=auto,"1,469 Reviews",,,
pimprod2047207,ILIA,Travel Size The Base Face Milk,Moisturizers,Face Moisturizer,$28.00,1.0 oz,https://media.ulta.com/i/ulta/2629364?w=100&h=100&fmt=auto,592 Reviews,,,
pimprod2050665,LOOPS,Dew Cloud Ultra Hydrating Face Mask 5 Piece Set,Treatment & Serums,Sheet Masks,$35.00,5 ct,https://media.ulta.com/i/ulta/2639032?w=100&h=100&fmt=auto,,,,
pimprod2043303,ULTA Beauty Collection,Whoopsie Eye Liner Corrector,Cleansers,Makeup Remover,$10.00,clear,https://media.ulta.com/i/ulta/2615838?w=800&h=800&fmt=auto,13 Reviews,,,
pimprod2019398,TONYMOLY,I'm Lovely Peach Hydrating Body Mask,Hand & Foot Care,Hand & Foot Treatment,$5.50,Foot,https://media.ulta.com/i/ulta/2572237?w=100&h=100&fmt=auto,26 Reviews,,,
pimprod2023283,Patchology,Serve Chilled Rosé Hydrating Eye Gels,Relax & Renew,Spa Essentials,$15.00,5 pair,https://media.ulta.com/i/ulta/2581196?w=100&h=100&fmt=auto,257 Reviews,,,
pimprod2051952,cocokind,Hydration Heroes Kit,By Category,Skin Gifts,$26.99,,https://media.ulta.com/i/ulta/2640372?w=100&h=100&fmt=auto,1 Review,,,
pimprod2033208,florence by mills,Clear The Way Clarifying Mud Mask,Treatment & Serums,Face Masks,$23.00,3.4 oz,https://media.ulta.com/i/ulta/2597330?w=100&h=100&fmt=auto,271 Reviews,,,
pimprod2039695,Supergoop!,Daily Dose Bioretinol + Mineral SPF 40,Treatment & Serums,Face Serums,$50.00,1.0 oz,https://media.ulta.com/i/ulta/2613564?w=100&h=100&fmt=auto,21 Reviews,,,
pimprod2016564,Bondi Sands,Aero Aerated Self Tanning Foam,Suncare,Self-Tanning & Bronzing,$32.00,Ultra Dark,https://media.ulta.com/i/ulta/2569557?w=100&h=100&fmt=auto,"3,413 Reviews",,,
pimprod2002958,Kiehl's Since 1851,Clearly Corrective Brightening Exfoliating Daily Cleanser,Cleansers,Cleansing Exfoliators,$37.00,5.1 oz,https://media.ulta.com/i/ulta/2536744?w=100&h=100&fmt=auto,137 Reviews,,,
pimprod2037354,Earth Harbor,Oasis Deep Pore Gel Cleanser,Cleansers,Face Wash,$14.00,2.0 oz,https://media.ulta.com/i/ulta/2606114?w=100&h=100&fmt=auto,136 Reviews,,,
pimprod2052157,ANUA,PDRN 100 Hyaluronic Acid Glow Pad,Cleansers,Toner,$22.00,60 ct,https://media.ulta.com/i/ulta/2641338?w=100&h=100&fmt=auto,1 Review,,,
pimprod2036526,PROVENCE Beauty,Daily Doux BHA Exfoliating Serum,Treatment & Serums,Face Serums,$21.99,1.0 oz,https://media.ulta.com/i/ulta/2605270?w=100&h=100&fmt=auto,66 Reviews,,,
