pimprod2034311,TONYMOLY,Tako Pore Blackhead Scrub Stick,K-Beauty,,$12.50,0.35 oz,https://media.ulta.com/i/ulta/2601777?w=100&h=100&fmt=auto,115 Reviews,"Benefits
The powerful blend of marine plant extracts, black mud, and charcoal in an adorable and convenient scrub container easily extracts pore-clogging skin impurities to reveal a more clarified complexion!
Key Ingredients
Marine Root-Up Complex Taurine - Hydrates and firms skin for a pore-tightening effect
Dead Sea Salt - Natural minerals provide soothing after-care
Black Peat Water - Purifies skin by absorbing waste and toxins
Formulated Without
Sulfates
Parabens
Phthalates
Item 2601777",Cetyl Ethylhexanoate Octyldodecanol C12-15 Alkyl Benzoate PEG-20 Glyceryl Triisostearate Silica Ozokerite Ceresin PEG-8 Isostearate Microcrystalline Cellulose Synthetic Wax Butyrospermum Parkii (Shea) Butter Water Ethylene/Propylene Copolymer Quaternium-18 Bentonite Fragrance Charcoal Powder Lactose Phenoxyethanol Tocopheryl Acetate Ethylhexylglycerin Caprylyl Glycol Cellulose Hydroxypropyl Methylcellulose Citric Acid Montmorillonite Sea Salt Sea Water Glycerin Acacia Senegal Gum Butylene Glycol Peat Water Taurine Chlorella Vulgaris/Lupinus Albus Protein Ferment Acanthopanax Senticosus (Eleuthero) Root Extract Potassium Sorbate.,"After cleansing, while skin is still wet, gently massage the stick over problem areas. Rinse off with warm water. For more effective cleansing, open up pores with a steam towel before use. Recommended use is 3-4 times a week (but may vary depending on skin condition.)"
pimprod2005169,Klairs,Supple Preparation Facial Toner,Cleansers,Toner,$22.00,6.08 oz,https://media.ulta.com/i/ulta/2546686?w=100&h=100&fmt=auto,811 Reviews,"Benefits
Non-irritating daily toner
Deeply moisturizing and nourishing
Balances pH level of skin
Boosts efficacy of other skincare products
Key Ingredients
Beta Glucan: A sugar-derived ingredient that soothes irritation and redness
Hyaluronic Acid: Boosts skin's moisture content by holding up to 1000 times its weight in water
Centella Asiatica Extract: A plant extract with powerful soothing properties that calms irritation and breakouts
Licorice root: A plant extract with antioxidant properties that improves the look of uneven skin tone
Formulated Without
Ethanol
Silicone
Artificial dyes
Artificial fragrances
Item 2546686","Water, Butylene Glycol, Dimethyl Sulfone, Betaine, Caprylic/Capric Triglyceride, Natto Gum, Sodium Hyaluronate, Disodium EDTA, Centella Asiatica Extract, Glycyrrhiza Glabra (Licorice) Root Extract, Polyquaternium-51, Chlorphenesin, Tocopheryl Acetate, Carbomer, Panthenol, Arginine, Luffa Cylindrica Fruit/Leaf/Stem Extract, Beta-Glucan, Althaea Rosea Flower Extract, Aloe Barbadensis Leaf Extract, Hydroxyethylcellulose, Portulaca Oleracea Extract, Lysine HCL, Proline, Sodium Ascorbyl Phosphate, Acetyl Methionine, Theanine, Lavandula Angustifolia (Lavender) Oil, Eucalyptus Globulus Leaf Oil, Pelargonium Graveolens Flower Oil, Citrus Limon (Lemon) Peel Oil, Citrus Aurantium Dulcis (Orange) Peel Oil, Cananga Odorata Flower Oil, Copper Tripeptide-1.","After cleansing, gently pat a small amount of toner onto dry skin with the palms of hands. Continue patting, using the heat of your palms to promote full absorption.
Precautions: For external use only. Do not get into eyes."
pimprod2014423,INDIE LEE,Squalane Facial Oil,Moisturizers,Face Oils,$38.00,1.0 oz,https://media.ulta.com/i/ulta/2563192?w=100&h=100&fmt=auto,301 Reviews,"Benefits
Non-pore clogging and non-greasy
Provides deep hydration and diminishes the appearance of fine lines
Easily absorbs into skin for rapid dry time
Great for all skin types, including oily, dry, and sensitive skin
Key Ingredients
Single-ingredient vegan formula is made from 100% olive-derived squalane
Formulated without essential oils
100% natural: COSMOS Natural
Features
Leaping Bunny Certified, cruelty-free, and printed on FSC certified paper
Always formulated without 1,300+ banned ingredients, including: Parabens, Mineral Oil, Sulfate-based detergents, Synthetic Fragrance, Petroleum-based ingredients, Phthalates, Phenoxyethanol, Formaldehyde and GMO ingredients
Vegan
Great for all skin
Item 2563192",Squalane Oil (Olive derived).,"Apply squalane oil to freshly cleansed face, morning and evening. Mix a few drops with your favorite foundation for a dewy glow. Is squalane oil for skin on other parts of the body? Yes! It can be used on the ends of hair for added moisture.
Precautions: For external use only. This product is packaged glass. Glass is fragile which may break if dropped."
pimprod2038242,Black Girl Sunscreen,Kids Spray & Play SPF 50 Sunscreen,Suncare,Sunscreen,$11.99,6.0 oz,https://media.ulta.com/i/ulta/2609780?w=100&h=100&fmt=auto,4 Reviews,"Benefits
Dry touch finish
Water resistant (80 minutes)
Reef Friendly
Hydrating & smooth touch to the skin
Features
Fragrance Free
Parabens Free
Leaves no white cast
Key Ingredients
Chamomile is used for fighting inflammation, chamomilla extracts soothes the skin.
Carrot Seed Oil contains vitamins A and E which enables it to promote healing.
Sunflower Seed Oil is rich in nutrients and antioxidants, also effective in combating redness.
Item 2609780","Alcohol Denat. Acrylates/Octylacrylamide Copolymer, Aloe Barbadensis Leaf Extract, Chamomilla Recutita (Matricaria) Flower Extract, Tocopherol, Helianthus Annuus (Sunflower) Seed Oil, Glycerin, Caprylic/Capric Triglyceride, Diethylhexyl Syringylidenemalonate.","Apply liberally 15 minutes before sun exposure. Hold container 4 to 6 inches from skin to apply. Do not spray directly into face. Spray on hands then apply to face. Do not apply in windy conditions. Use in a well-ventilated area and avoid inhalation. Reapply after 80 minutes of swimming or sweating or immediately after towel drying, at least every 2 hours.
Precautions: For external use only. Flammable. Do not use while smoking or near heat or flame. Do not use on damaged or broken skin. When using this product keep out of eyes. Rinse with water. Contents under pressure. Do not puncture or incinerate. Do not store at temperatures above 120 degrees Fahrenheit. top use and ask a doctor if rash or irritation develops and lasts. Keep out of reach of children. If product gets swallowed, get medical help or contact a poison control center right away."
pimprod2045269,Doré,La Micellaire Fragrance-Free Micellar Water for All Skin Types,Cleansers,Face Wash,$24.00,14.3 oz,https://media.ulta.com/i/ulta/2626468?w=100&h=100&fmt=auto,54 Reviews,"Benefits
Effectively cleanses and reinforces the skin barrier
Leaves your skin feeling hydrated with no stickiness
Formulated to cleanse and prep your skin before treatment and moisturizing
Tested under dermatological and ophthalmological control
Suitable for all skin types and for use around the eyes
EWG VERIFIED™
Certified Plastic Neutral through Doré’s partnership with rePurpose Global
La Micellaire’s bottle is made with 30% post consumer recycled plastic (PCR) and can be recycled through curbside recycling programs
Fragrance-free
Non-comedogenic
Made in France
Key Ingredients
Cornflower Water: Effectively cleanses the skin with a mild decongesting and astringent effect
Damascena Rose Water: Hydrates and soothes irritated skin
Aloe Vera: Soothes the skin and reinforces the skin barrier
Research Results
La Micellaire has been clinically tested under dermatological control with a diverse group of participants, with ages spanning 20s to 70s, over 28 days of use:
86% said skin is perfectly cleansed of sebum and impurities
86% said skin is clear
82% said skin is soft
82% said La Micellaire is a hydrating cleansing micellar water, and is not drying
Item 2626468","Aqua (water/eau), Glycerin, Centaurea Cyanus Flower Water, Xylitylglucoside, Levulinic Acid, Sodium Benzoate, Anhydroxylitol, Sodium Levulinate, Xylitol, Rosa Damascena Flower Water, Sodium Hydroxide, Caprylyl/Capryl Glucoside, Aloe Barbadensis Leaf Extract, Citric Acid, Potassium Sorbate
All Doré products are EWG VERIFIED™, which means they meet EWG's strict, scientific standards for transparency and health. Their team of toxicologists, chemists, and epidemiologists scrutinizes every product, empowering you to purchase safer skincare.","Soak a cotton round with La Micellaire, swipe across the skin to cleanse and remove makeup as needed. No rinsing required. Suitable to use on eyes. Use within 6 months of opening.
Pro tip:
Use as a solo cleanser, a makeup remover or as your first cleansing step in a double cleanse. Use instead of water and harsh soap to clean your makeup brushes.
Four simple steps, one skincare routine. Suitable for both AM and PM:
Step 1: Cleanse with La Micellaire botanical cleansing water and/or Le Cleanser Gel to Milk Cleanser
Step 2: Reduce puffiness, tighten skin and calm redness with Le Glaçon Facial Ice Roller
Step 3: Hydrate, soften and brighten the skin with La Crème All-in-One Daily Moisturizer
Step 4: Add extra moisture and repair dry skin with Le Baume All-in-One Balm"
pimprod2034354,LOOPS,Weekly Reset Rejuvenating Face Mask 5 Piece Set,Treatment & Serums,Face Masks,$30.00,5 ct,https://media.ulta.com/i/ulta/2599935?w=100&h=100&fmt=auto,548 Reviews,"Benefits
Super hydrating, pore refining, rejuvenating in just 10 minutes
Can be used as needed, or as part of your weekly face care routine
Each set includes 5 face masks
Hydrogel mask material is eco-friendly
Won't clog pores
For all skin types
Dermatologist tested
Formulated without: Parabens, Sulfates, Phthalates, Synthetic Fragrances, Drying Alcohol, Mineral Oil.
Features
Innovative hydrogel technology allows the mask to adhere to your skin, while simultaneously helping Loops ingredients absorb more effectively
LOOPS masks won't slip or drip, because your face care routine shouldn't have to slow you down
A comprehensive approach to preventing and treating the signs of aging
Key Ingredients
Adenosine - energizes skin cells and boosts collagen production Honey Extract - binds moisture and refines skin's texture
Rice Water Extract - boosts cell regeneration and replenishes the skin with vitamins and minerals.
Anti-Sebum Complex - helps maintain a balanced complexion by refining pores and removing excess oil
Item 2599935","Water (Aqua/Eau), Glycerin, Butylene Glycol, Propanediol, Ceratonia Siliqua (Carob) Gum, Polyglycerin-3, Chondrus Crispus Powder, Panthenol, Hydroxyacetophenone, Allantoin, Betaine, Xanthan Gum, Chlorphenesin, Hydroxyethyl Urea, Cellulose Gum, Glucomannan, Disodium EDTA, Potassium Chloride, Dextrin, Dipotassium Glycyrrhizate, Ethylhexylglycerin, Adenosine, Tocopherol, 1,2-Hexanediol, Honey Extract, Oryza Sativa (Rice) Extract, Oenothera Biennis (Evening Primrose) Flower Extract, Pinus Palustris Leaf Extract, Pueraria Thunbergiana Root Extract, Ulmus Davidiana Root Extract, Iron Oxides (CI 77491).","The Moment It's For: At the end of the week or a long day to rejuvenate and prevent aging. Use for 10 minutes, 2-3 times a week for best results
Start by cleansing skin and gently patting dry.
Tear package at notch to open, pull out tray, and remove film from mask.
Apply the textured side of the mask to face, starting with the top half and then bottom.
Leave on for a LOOP (10 minutes), then peel off.
Tap remaining serum into skin for full ingredient absorption.
Incorporate LOOPS into your regular face care routine for best results.
Please note: face masks will not stick to facial hair."
pimprod2049896,Proactiv,Post Blemish 10% Vitamin C Serum,Treatment & Serums,Acne & Blemish Treatments,$28.00,1.0 oz,https://media.ulta.com/i/ulta/2634782?w=100&h=100&fmt=auto,48 Reviews,"Benefits
Helps reduce the look of post-acne dark marks and spots
Rich with antioxidants to protect against external stressors
Lightweight, non-greasy serum that absorbs quickly
Non-comedogenic: doesn't clog pores
Skin-loving ingredients: licorice root extract, hyaluronic acid, centella asiatica, & vitamin E
Dermatologist-developed
Key Ingredients
Vitamin C: Antioxidant to help brighten and improve skin tone
Licorice Extract: Skin-brightening complex that helps fade post-acne dark marks
Centella Asiatica: An antioxidant that's designed to help brighten and condition the skin
Hyaluronic Acid: Helps hydrate, nourish, and soothe skin
Vitamin E: An antioxidant that enhances moisturization and helps strengthen skin’s moisture barrier
Item 2634782","Water, 3-O-Ethyl Ascorbic Acid, Butylene Glycol, Ethoxydiglycol, Sodium Citrate, Polysorbate 20, Citric Acid, Pentylene Glycol, Polyacrylate Crosspolymer-6, Propanediol, Glycerin, Caprylyl Glycol, Ethylhexylglycerin, Tocopherol, Sodium Metabisulfite, Glycyrrhiza Glabra (Licorice) Root Extract, Tetrasodium Glutamate Diacetate, Phenoxyethanol, Hydrolyzed Sodium Hyaluronate, Sodium Benzoate, Centella Asiatica Extract.","Apply after cleansing skin. Use 4-5 drops each morning after cleanser & toner, before moisturizer & sunscreen. After skin has dried, apply to entire face avoiding the eye area. Do not rinse off."
pimprod2049158,Black Girl Sunscreen,Make It Pop Sungloss Shades for Lips SPF 50,Lips,Lip Gloss,$13.99,French Kiss,https://media.ulta.com/i/ulta/2635403?w=100&h=100&fmt=auto,5 Reviews,"Benefits
Broad Spectrum SPF 50 - Protects against UVA & UVB rays
Features
This formula features notes of mixed berry and a pointed and curved doe-foot applicator designed to hug the lips with precise application for a kissable pout!
Argan Oil has hydrating, moisturizing and anti-bacterial properties
Tripeptides help to maintain moisture while providing a subtle plump to the lips.
Hyaluronic Acid helps to provide moisture to the lips for a smooth and hydrating feel.
Item 2635403","Hydrogenated Poly (C6-14 Olefin), Caprylic/Capric Triglyceride, Butyloctyl Salicylate, Butyrospermum Parkii (Shea) Butter, Aluminum Hydroxide, Red 40, Ethylene/Propylene/Styrene Copolymer, Water, Tridecyl Salicylate, Triacetin, Red 7, Iron Oxides (CI 77492), Silica, Polyglyceryl-4 Diisostearate/Polyhydroxystearate/Sebacate, C12-15 Alkyl Benzoate, Squalane, Rosin, Calcium Sulfate, Phenylpropanol, Lecithin, Propanediol, Glycerin, Sodium Chloride, Ricinus Communis (Castor) Seed Oil, Sodium Sulfate, Butylene/Ethylene/Styrene Copolymer, Caprylyl Glycol, Natural Flavor, Sodium Hyaluronate, Red 28, Aloe Barbadensis Leaf Juice Powder, Argania Spinosa (Argan) Kernel Oil, Helianthus Annuus (Sunflower) Seed Oil, Rosa Rubiginosa Seed Oil, Butylene Glycol, Cetearyl Dimethicone, Hydrogenated Castor Oil, Hydrogenated Lecithin, Pentaerythrityl Tetra-Di-t-Butyl Hydroxyhydrocinnamate, Carbomer, Sodium Lactate, Polysorbate 20, Tocopherol, Palmitoyl Tripeptide-1, Palmitoyl Tetrapeptide-7.","Apply liberally: 15 minutes before sun exposure reapply: after 80 minutes of swimming or sweat immediately after towel drying, at least every 2 hours Sun Protection Measures. Spending time in the sun increases your risk of skin cancer and early skin aging. To decrease this risk, regularly use a sunscreen with a Broad Spectrum SPF value of 15 or higher and other sun protection measures, including: Limit time in the sun, especially from 10 a.m. - 2 p.m.
Precautions: For External Use Only. Do not use on damaged or broken skin. When using this product out of eyes. Rinse with water to remove. Stop use and ask doctor if rash occurs. Keep out of reach of children. If product is swallowed, get medical help or contact a Poison Control center right away."
pimprod2051894,fresh,Black Tea Firming Overnight Mask,Moisturizers,Night Cream,$98.00,3.3 oz,https://media.ulta.com/i/ulta/2641150?w=100&h=100&fmt=auto,969 Reviews,"Benefits
Visibly firms and lifts overnight sculpts & defines the look of 7 facial zones, including jawline & neck
Improves the appearance of lines, wrinkles, and crepiness
Energizing
Boosting
Key Ingredients
Mauritius Black Tea Extract: works to visibly smooth fine lines & wrinkles and boost firmness
Verbena Density Peptides: help improve the look of skin laxity for a firmer, smoother look
Elasticity peptide (acetyl dipeptide-1 cetyl ester): works to improve elasticity & fight skin sagging for a more lifted, sculpted look
Ceramide NP: mimics a lipid naturally produced in the skin using biotechnology to help maintain moisture
Research Results
5x visibly smoother forehead wrinkles observed after 8 weeks*
5x visibly smoother frown lines observed after 8 weeks*
5x visibly smoother smile lines observed after 8 weeks*
98% said neck crepiness looks smoother**
95% said their temples appear fuller**
100% said their cheekbones appear more defined**
91% said their jawline is visibly more defined***
*observed results, self-assessment by scoring, 32 subjects, comparing results from immediately after 1 use to after 8 weeks
**self-assessment by questionnaire, 66 subjects, after 8 weeks
***self-assessment by questionnaire, 67 subjects, after 4 weeks
Item 2641150","Aqua (Water), Butylene Glycol, Glycerin, Pentylene Glycol, Jojoba Esters, Cetearyl Alcohol, Squalane, Propanediol, Dicaprylyl Carbonate, Ammonium Acryloyldimethyltaurate/VP Copolymer, Caprylic/Capric Triglyceride, Sodium Carboxymethyl Starch, Sorbitol, Butyrospermum Parkii (Shea) Butter, Cera Alba (Beeswax), Camellia Sinensis Leaf Extract, Verbena Officinalis Extract, Kigelia Africana Fruit Extract, Nephelium Lappaceum Leaf Extract, Rosa Damascena Flower Oil, Tocopheryl Acetate, Tocopherol, Cetearyl Glucoside, Potassium Cetyl Phosphate, Behenyl Alcohol, Parfum (Fragrance), Sodium Citrate, Sodium Polyacrylate, Ceramide NP, Maltodextrin, Citric Acid, Adenosine, Acetyl Dipeptide-1 Cetyl Ester, Chlorphenesin, Linalool, Citronellol, Geraniol.","Massage a generous layer onto the face and neck after cleansing. Leave on overnight. Can be used nightly as the final step of your skincare ritual with Soy Face Cleanser, Kombucha Treatment Essence & Tea Elixir Serum."
pimprod2050537,MILK MAKEUP,Cooling Water Under Eye Gel Stick,Eye Treatments,Eye Serums,$28.00,1.0 oz,https://media.ulta.com/i/ulta/2635585?w=100&h=100&fmt=auto,101 Reviews,"Benefits
Unique cooling gel stick is infused with caffeine to visibly reduce puffiness and seawater to soothe and refresh skin
Can be used under eyes, all over face, and body
Pro tip: Store in the fridge for extra chill
Key Ingredients
Caffeine reduces the appearance of puffiness
Seawater soothes and hydrates
Formulated Without
Parabens
Silicones
Oils
Alcohol
Gluten
Talc
Soy
Item 2635585","Aqua/Water/Eau, Propanediol, Bis-PEG-18 Methyl Ether Dimethyl Silane, Sodium Stearate, Aloe Barbadensis Leaf Juice, Kappaphycus Alvarezii Extract, Maris Aqua/Sea Water/Eau de Mer, Caffeine, Glycerin, Stearic Acid, Nylon-12, Sodium Sulfate, Sodium Chloride, Citric Acid, Potassium Sorbate, Sodium Benzoate, Chlorphenesin, Phenoxyethanol, Blue 1 (CI 42090).","Swipe onto under-eye area, face, neck, and body to cool and refresh."
pimprod2043386,florence by mills,Spot A Spot Acne Clearing Treatment Serum,Treatment & Serums,Acne & Blemish Treatments,$25.00,1.0 oz,https://media.ulta.com/i/ulta/2618580?w=100&h=100&fmt=auto,117 Reviews,"Benefits
Helps treat & prevent acne & blackheads
Helps balance oil
Supports a healthy skin barrier
Fragrance free & safe for all skin types – even sensitive skin
Key Ingredients
2% Salicylic Acid (BHA): targets & prevents breakouts & blackheads by exfoliating deep within pores
Algae Extract: Helps balance oil & support overall skin health
Water-Binding Sugars: Reinforces the skin barrier & help support skin hydration
Sugar Derivative: Helps comfort & calm to support an overall healthy skin tone
Item 2618580","Water, Arginine, Propanediol, C13-15 Alkane, Isopentyldiol, Hydroxyethyl Acrylate/Sodium Acryloyldimethyl Taurate Copolymer, Sclerotium Gum, C13-14 Alkane, Pentylene Glycol, Citric Acid, Xylitylglucoside, Sodium Benzoate, Anhydroxylitol, C15-23 Alkane, Decyl Glucoside, Glycerin, Potassium Sorbate, Fucus Spiralis Extract, Xylitol, Tetraselmis Chui Extract, Sodium Phytate, Piperonyl Glucoside, Sodium Acetylated Hyaluronate, Sodium Hyaluronate, Sodium Hyaluronate Crosspolymer, Potassium Hydroxide, Hydrolyzed Sodium Hyaluronate, Ethylhexylglycerin.","Prior to using the Spot A Spot Acne Clearing Treatment Serum, prepare skin first with Spot A Spot Exfoliating Acne Solution(sold separately). After use, make sure to finish off with Sunny Skies SPF30 Facial Moisturizer(sold separately) to help protect your skin from sun damage."
pimprod2011838,Buxom,Power-full Lip Scrub,Lips,Lip Balms & Treatments,$20.00,Sweet Guava,https://media.ulta.com/i/ulta/2589567?w=100&h=100&fmt=auto,682 Reviews,"Benefits
Sugar-infused scrub stick gently buffs away dry skin patches
Mess-free
Guava-inspired
Tropical-scented
Key Ingredients
Tomato seed oil: Known to help nourish lips
Vitamin C & E: Known to help condition lips
Formulated Without
Parabens
Petroleum
Mineral oil
Item 2589567","Octyldodecanol, Pentaerythrityl Tetraisostearate, Diisostearyl Malate, Beeswax (Cera Alba/Cire D'abeille), Trehalose, Microcrystalline Wax (Cera Microcristallina/Cire Microcristalline), Polyethylene, Silica, Cellulose, Microcrystalline Cellulose, Psidium Guajava Fruit Extract, Propylene Carbonate, Disteardimonium Hectorite, Flavor (Aroma), Pentaerythrityl Tetra-Di-T-Butyl Hydroxyhydrocinnamate, Caprylic/Capric Triglyceride, Ascorbyl Tetraisopalmitate, Tocopheryl Acetate, Solanum Lycopersicum (Tomato) Seed Oil. May Contain/Peut Contenir (+/-): Iron Oxides (Ci 77491, Ci 77492, Ci 77499), Red 7 Lake (Ci 15850), Titanium Dioxide (Ci 77891).","Exfoliating and conditioning lips is key to creating the ultimate fullness and getting the best application before any lip look. Start by gliding the Power-full Lip Scrub generously on your lips. The granules will help gently remove the dry skin from your lips. Buff in circular motions to ensure that the entire lip is exfoliated. Wipe off with a dry tissue. Upon first use, buff away the outer layer of product until the scrub granules are revealed."
pimprod2049665,ETUDE,Soonjung pH 6.5 Whip Cleanser,Cleansers,Face Wash,$18.50,5.07 oz,https://media.ulta.com/i/ulta/2636343?w=100&h=100&fmt=auto,8 Reviews,"Benefits
WHIP CLEANSER WITH RICH MICRO BUBBLES: Soft and rich lather that minimizes skin friction and gently cleanses the skin
SOOTHING BUBBLES FOR SENSITIVE SKIN: Infused with Panthenol and Madecassoside to calm and protect sensitive skin
HYPOALLERGENIC & SLIGHTLY ACIDIC PH FORMULA: Specially formulated to address the causes of sensitive skin, such as dryness, a weakened skin barrier, and irritation. As the first step in your skincare routine, it helps promote healthier, more balanced skin
FRAGRANCE-FREE: Unscented, ideal for sensitive skin
Key Ingredients
Panthensoside™: Panthenol (Protection of skin barrier & retains moisture, and soothes dry skin) + Madecassoside (Soothing effect for irritated skin)
Formulated Without
Free from 10 additives (Free of animal-derived ingredients, mineral oil, synthetic pigment, fragrance, polyacrylamide,silicone oil, imidazolidinyl urea, triethanolamine, PEG surfactant, paraben)
Item 2636343","Water, Glycerin, Sorbitol, Propanediol, Lauryl Glucoside, Disodium Cocoyl Glutamate, Panthenol, Citric Acid, Glyceryl Caprylate, Ethylhexylglycerin, Madecassoside, Butylene Glycol, Tocopherol, Camellia Sinensis Leaf Extract.","Pump 2-3 times and gently massage foam onto damp skin. Rinse off with lukewarm water.
As this product is free from synthetic fragrances, exposure to direct sunlight or extreme temperatures may cause a natural scent. The product itself remains safe and effective."
pimprod2020911,IT Cosmetics,Travel Size Confidence in Your Beauty Sleep Night Cream,Moisturizers,Night Cream,$19.00,0.47 oz,https://media.ulta.com/i/ulta/2562773?w=100&h=100&fmt=auto,"2,883 Reviews","Features
Confidence in Your Beauty Sleep Night Cream helps you wake up to more beautiful, younger-looking skin!
This moisturizer works overnight - when your skin cell turnover peaks - to improve surface cell renewal through exfoliation.
Featuring Rest & Restore Technology, it visibly improves 5 of the top signs of aging skin: fine lines, wrinkles, dryness, dullness and loss of firmness.
After just 1 sleep, your skin will feel hydrated, smooth and supple. And after 7 sleeps, your fine lines will diminish in appearance and your skin will feel firmer and look plumper!
Suitable for all skin types and made with skin-loving ceramides and hyaluronic acid, Confidence in Your Beauty Sleep's unique texture, called MemoryBounce Technology, is rich and enveloping for luxurious application experience.
With a soothing lavender scent, this luxurious night cream makes the perfect last step in your skincare routine!
IT Cosmetics partners with plastic surgeons and dermatologists to develop skin-loving solutions and clinically tested formulas.
Benefits
Proprietary Rest & Restore Technology works to visibly improve five of the top signs of aging skin in just 7 sleeps!
The formula's texture also prevents visible product transfer on your pillow.
Non-comedogenic, hydrating formula is suitable for all skin types and infused with hyaluronic acid and adenosine, plus ceramides to help repair and restore the natural skin barrier.
Research Results
In 7 sleeps visibly improves 5 top signs on aging skin:
Fine Lines
Dryness
Loss of Firmness
Dullness
Tired-looking Skin
Item 2562773","Aqua/Water/Eau, Dimethicone, Glycerin, Simmondsia Chinensis Seed Oil/jojoba Seed Oil, Hydrogenated Castor Oil Dimer Dilinoleate, Propanediol, Alcohol Denat., Caprylic/capric Triglyceride, Cetyl Alcohol, Cetyl Hydroxyethylcellulose, Octyldodecanol, Silica, Phenoxyethanol, Albizia Julibrissin Bark Extract, Caprylyl Glycol, Parfum/fragrance, Poloxamer 338, Capryloyl Salicylic Acid, Limonene, Adenosine, Tocopherol, Xanthan Gum, Disodium EDTA, Linalool, Ceramide Np, Hydroxypalmitoyl Sphinganine, Silica Dimethyl Silylate, Hydrated Silica, Sodium Hyaluronate, Polysorbate 60, Citronellol, Sodium Benzoate, CI 16035/red 40, Geraniol, Cereus Grandiflorus Flower Extract/cactus Flower Extract, Citral, Darutoside, CI 42090/blue 1, Glucose, Lactic Acid, Potassium Sorbate.","Every night, apply generously onto face using upward sweeping motions. Do not rinse.
Beauty Tip: Make Confidence in Your Beauty Sleep Night Cream your last skincare step before going to bed! This transforming moisturizer locks in any previously applied skincare, ensuring throughout the night that your skincare stays on your face - not your pillow!"
pimprod2021185,Milani,Supercharged Brightening Prep Mask,Treatment & Serums,Face Masks,$14.99,2.0 oz,https://media.ulta.com/i/ulta/2574044?w=100&h=100&fmt=auto,44 Reviews,"Features
Rinse away dull, fatigued skin and gently exfoliate to bring that post-facial glow at home
Dermatologist Tested
Vegan
Made in the U.S.A.
Cruelty-Free
Benefits
Infused with invigorating Turmeric, Ginseng and citrus extracts
Reveals radiant, smooth, reenergized skin
Item 2574044","Water / Aqua / Eau, Kaolin, Bentonite, Butylene Glycol, Pyrus Malus (Apple) Fiber, Silica, Perlite, Biosaccharide Gum-1, Acrylamide/Sodium Acryloyldimethyltaurate Copolymer, Isohexadecane, Polysorbate 80, Sorbitan Oleate, Citrus Aurantium Dulcis (Orange) Peel Oil, Simmondsia Chinensis (Jojoba) Seed Oil, Caprylyl/Capryl Glucoside, Polyglyceryl-10 Laurate, Polyglyceryl-10 Oleate, Menthone Glycerin Acetal, Vaccinium Myrtillus Fruit/Leaf Extract, Saccharum Officinarum (Sugarcane) Extract, Citrus Aurantium Dulcis (Orange) Fruit Extract, Citrus Limon (Lemon) Fruit Extract, Acer Saccharum (Sugar Maple) Extract, Xanthan Gum, Panax Quinquefolius Root Extract, Curcuma Longa (Turmeric) Root Extract, 1,2-Hexanediol, Caprylyl Glycol, Hydroxyacetophenone, Saccharomyces/Xylinum/Black Tea Ferment, Glycerin, Hydrated Silica, Sodium Hydroxide, Potassium Sorbate, Sodium Benzoate, Phenoxyethanol, Titanium Dioxide (CI 77891), Iron Oxides (CI 77492).","Apple to clean, dry skin, let dry for 10-15 minutes. Massage skin with wet hands to activate exfoliants. Rinse and repeat 1-2 times per week."
pimprod2034907,Womaness,Overnight Magic Nighttime Repair Cream,Moisturizers,Night Cream,$29.99,1.7 oz,https://media.ulta.com/i/ulta/2602623?w=100&h=100&fmt=auto,56 Reviews,"Benefits
A lightweight, luxe moisturizer for your face
Absolutely no estrogen, phytoestrogen, or added hormones
Vegan, dermatologist- and allergy-tested, and made without soy, gluten, and nuts
Key Ingredients
BAKUCHIOL: A plant-derived, gentler alternative to retinol that promotes supple skin and brightens its appearance
HYACLEAR® 7: An advanced form of hyaluronic acid that holds 1,000 times its weight in water. Optimizes moisturization, elasticity, and firmness, preserving skin’s youth from the inside out
Research Results
98% said it was “supremely rich, yet not greasy” (based on a 2021 independent study)
Item 2602623","Water (Aqua), Di-C12-15 Alkyl Fumarate, Myristyl Myristate, Propanediol, C15-19 Alkane, Cetyl Palmitate, Hydrogenated Palm Oil, Theobroma Cacao (Cocoa) Seed Butter, Sodium Acrylate / Sodium Acryloyldimethyl Taurate Copolymer, Bakuchiol, Sodium Hyaluronate, Panthenol, Caprylyl Glycol, Chlorphenesin, Ethylhexylglycerin, Parfum (Fragrance), Magnesium Aluminum Silicate, Pentylene Glycol, Polyglycerin-6, Polyglyceryl-6 Laurate, Sodium Phytate, Steareth-2, Steareth-21.","Before bed, apply to a cleansed face, massaging in gently."
pimprod2051303,Beauty Finds by ULTA Beauty,"New Year, New You: Skincare Edition",By Category,Skin Gifts,$30.00,,https://media.ulta.com/i/ulta/2637030?w=100&h=100&fmt=auto,1 Review,"Includes
Beautystat, Universal C Skin Refiner 20% Vitamin C Brightening Serum (0.17 oz)
Belif, Moisturizing Eye Bomb (0.16 oz)
Clinique, Take The Day Off Cleansing Balm (0.5 oz)
COSRX, The 6 Peptide Skin Booster (1.01 oz)
Dime Beauty, Decolletage Defining Serum (0.1 oz)
Elemis, Pro Collagen Marine Cream (0.1 oz)
Exuviance, Lift Volumizing Concentrate (0.35 oz)
Juice Beauty, Stem Cellular Exfoliating Peel Spray (0.5 oz)
Lancome, Renergie H.P.N. 300-Peptide Cream (0.16 oz)
Peter Thomas Roth, Peptide Skinjection Amplified Wrinkle-Fix Serum (0.17 oz)
PÜR, Mellow Eyes Hemp Hydrogel Rejuvenating Eye Patches (1 Pair)
Item 2637030",,
pimprod2028140,Skin Gym,Re-Usable Eye Patches,Eye Treatments,Eye Masks,$20.00,,https://media.ulta.com/i/ulta/2589200?w=100&h=100&fmt=auto,71 Reviews,"Benefits
These eye patches help combat the appearance of puffiness and signs of fatigue, leaving you with a bright, well-rested appearance.
The patches create a gentle barrier, allowing your favorite eye creams and serums to penetrate deeply for maximized benefits.
Hydrates the delicate under-eye area, promoting a smoother, plumper appearance.
Experience a refreshing sensation thanks to the medical-grade silicone material.
Features
Reusable & eco-friendly: These eye patches can be washed and reused, reducing waste and minimizing your environmental footprint.
Customizable comfort: The patches conform to your unique under-eye area for a comfortable, secure fit.
Hygienic & easy to clean: Simply wash the patches with warm, soapy water and store them in the included container. For an extra cooling boost, store them in the refrigerator.
Made from medical-grade silicone. These gentle eye patches are designed to be suitable for all skin types, even sensitive skin.
Item 2589200",,"Apply a thin layer of your favorite eye serum or cream and wait 10 seconds to allow for absorption. Wet the application side of the eye patches with water and wait 5 seconds before placing patches under the eyes. Apply eye patches and wear for 10-20 minutes. Remove the patches and gently massage excess product into the skin. Wash with warm, soapy water after use and dry thoroughly. Return the patches to the included container until next use, storing in the refrigerator for an extra cooling boost if desired."
pimprod2013448,Pixi,Glow Mist,Moisturizers,Face Mists & Essences,$15.00,2.7 oz,https://media.ulta.com/i/ulta/2562264?w=100&h=100&fmt=auto,212 Reviews,"Benefits
Instantly boosts skin's moisture levels
Rejuvenates and uplifts
Great for refreshing while traveling or in hot weather
Paraben-free
Suitable for all skin types
Key Ingredients
Propolis Extract has antiseptic and antioxidant properties
Rose Flower Oil soothes and hydrates
Lavender Oil calms and soothes
Item 2562264","Water, Olea Europaea (Olive) Fruit Oil, Dipropylene Glycol, Butylene Glycol, Propolis Extract, Niacinamide, Argania Spinosa Kernel Oil, Aloe Barbadensis Leaf Extract, Betaine, Sodium Hyaluronate, PEG/PPG-17/6 Copolymer, Panthenol, Carthamus Tinctorius (Safflower) Seed Oil, Persea Gratissima (Avocado) Oil, Oenothera Biennis (Evening Primrose) Oil, Rosa Canina Fruit Oil, Simmondsia Chinensis (Jojoba) Seed Oil, Macadamia Integrifolia Seed Oil, 1,2-Hexanediol, Caprylyl Glycol, Illicium Verum (Anise) Fruit Extract, Adenosine, Rose Flower Oil, Tagetes Minuta Flower Oil, Mentha Arvensis Leaf Oil, Elettaria Cardamomum Seed Oil, Thymus Vulgaris (Thyme) Oil, Eugenia Caryophyllus (Clove) Leaf Oil, Melaleuca Alternifolia (Tea Tree) Leaf Oil, Vetiveria Zizanoides Root Oil, Cymbopogon Schoenanthus Oil, Pelargonium Graveolens Flower Oil, Lavandula Angustifolia (Lavender) Oil, Citrus Limon (Lemon) Peel Oil, Citrus Aurantium Dulcis (Orange) Peel Oil.",Use as needed. Shake to mix. Close eyes and mist over face & neck.
pimprod2039974,,,,,$37.00 - $90.00,,,,,,
pimprod2013049,COOLA,Zinc Oxide Liplux Sunscreen Trio,Suncare,Sunscreen,$45.00,,https://media.ulta.com/i/ulta/2562546?w=100&h=100&fmt=auto,109 Reviews,"Benefits
70%+ certified organic ingredients
Broad Spectrum SPF 30 UVA/UVB protection
40 minute water resistance
Non-nano mineral protection
Ultra creamy texture glides on smoothly
Sheer, yet buildable formulas
Gluten Free, Hawaii Reef Compliant (Act 104)
Key Ingredients
Titanium Dioxide 3.6%, Zinc Oxide 3.0% - provides broad spectrum UVA/UVB protection
Cupuacu Butter- offers optimum creaminess and smoothness to boost your lip’s natural moisture and helps improve the appearance of aging and thinning skin
Mongongo Oil- an exotic, rich oil with lip smoothing, anti-aging and nutrient dense properties
Includes
Coral Reef (0.15 oz)
Firecracker (0.15 oz)
Summer Crush (0.15 oz)
Item 2562546","Firecracker:
Active: Titanium Dioxide 3.6%, Zinc Oxide 3.0%.
Inactive: Acacia Decurrens Flower Wax, Butyrospermum Parkii (ORGANIC Shea Butter), C18-38 Alkyl Hydroxystearoyl Stearate, Cocos Nucifera (ORGANIC Coconut) Oil, Copernicia Cerifera (ORGANIC Carnauba) Wax, Flavor, Helianthus Annuus (ORGANIC Sunflower) Seed Oil, Helianthus Annuus (Sunflower) Seed Wax, Hydrogenated Castor Oil, Iron Oxides, Jojoba Esters, Octyldodecyl Oleate, Octyldodecyl PCA, Olea Europaea (ORGANIC Olive) Fruit Oil, Persea Gratissima (ORGANIC Avocado) Oil, Polyglycerin-3, Polyhydroxystearic Acid, Red 33 Lake, Red 7, Red 7 Lake, Rosmarinus Officinalis (ORGANIC Rosemary) Leaf Extract, Schinziophyton Rautanenii Kernel Oil (ORGANIC)*, Silica, Stevia Rebaudiana Extract, Theobroma Cacao (ORGANIC Cocoa) Seed Butter, Theobroma Grandiflorum Seed Butter (ORGANIC), Triethoxycaprylylsilane.
Nude Beach:
Active: Titanium Dioxide 3.6%, Zinc Oxide 3.0%.
Inactive: Acacia Decurrens Flower Wax, Butyrospermum Parkii (ORGANIC Shea Butter), C18-38 Alkyl Hydroxystearoyl Stearate, Cocos Nucifera (ORGANIC Coconut) Oil, Copernicia Cerifera (ORGANIC Carnauba) Wax, Flavor, Helianthus Annuus (ORGANIC Sunflower) Seed Oil, Helianthus Annuus (Sunflower) Seed Wax, Hydrogenated Castor Oil, Iron Oxides, Jojoba Esters, Mica, Octyldodecyl Oleate, Octyldodecyl PCA, Olea Europaea (ORGANIC Olive) Fruit Oil, Persea Gratissima (ORGANIC Avocado) Oil, Polyglycerin-3, Polyhydroxystearic Acid, Rosmarinus Officinalis (ORGANIC Rosemary) Leaf Extract, Schinziophyton Rautanenii Kernel Oil (ORGANIC)*, Silica, Stevia Rebaudiana Extract, Theobroma Cacao (ORGANIC Cocoa) Seed Butter, Theobroma Grandiflorum Seed Butter (ORGANIC).
Summer Crush:
Active: Titanium Dioxide 3.6%, Zinc Oxide 3.0%.
Inactive: Acacia Decurrens Flower Wax, Butyrospermum Parkii (ORGANIC Shea Butter), C18-38 Alkyl Hydroxystearoyl Stearate, Caesalpinia Sappan Bark Extract, Cocos Nucifera (ORGANIC Coconut) Oil, Copernicia Cerifera (ORGANIC Carnauba) Wax, Flavor, Helianthus Annuus (ORGANIC Sunflower) Seed Oil, Helianthus Annuus (Sunflower) Seed Wax, Hydrogenated Castor Oil, Iron Oxides, Jojoba Esters, Mica, Octyldodecyl Oleate, Octyldodecyl PCA, Olea Europaea (ORGANIC Olive) Fruit Oil, Persea Gratissima (ORGANIC Avocado) Oil, Polyglycerin-3, Polyhydroxystearic Acid, Red Lake 7, Rosmarinus Officinalis (ORGANIC Rosemary) Leaf Extract, Schinziophyton Rautanenii Kernel Oil (ORGANIC)*, Silica, Stevia Rebaudiana Extract, Theobroma Cacao (ORGANIC Cocoa) Seed Butter, Theobroma Grandiflorum Seed Butter (ORGANIC), Tin Oxide, Triethoxycaprylsilane.
*Naturally derived.","Apply liberally 15 minutes before sun exposure.
Reapply: after 40 minutes of swimming or sweating, immediately after towel drying, at least every 2 hours."
pimprod2013442,Pixi,Vitamin-C Tonic Brightening Toner with Ferulic Acid,Cleansers,Toner,$18.00,4.2 oz,https://media.ulta.com/i/ulta/2562257?w=100&h=100&fmt=auto,29 Reviews,"Benefits
Helps brighten, protect and exfoliate skin
Alcohol free
Paraben-free
Suitable for all skin types
Key Ingredients
Vitamin C brightens and promotes collagen production
Ferulic Acid provides an antioxidant boost
Willow Bark gently exfoliates and balances
Item 2562257","Aqua/Water/Eau, Citrus Grandis (Grapefruit) Water, Propanediol, Glycerin, Aloe Barbadensis Leaf Juice, Ascorbic Acid, Citrus Limon (Lemon) Peel Extract, Citrus Grandis (Grapefruit) Fruit Extract, Citrus Nobilis (Mandarin Orange) Fruit Extract, Citrus Aurantium Dulcis (Orange) Peel Extract, Camellia Sinensis Leaf Extract, Daucus Carota Sativa (Carrot) Root Extract, Beta-Carotene, Ferulic Acid, Tocopherol, Calophyllum Inophyllum Seed Oil, Mentha Piperita (Peppermint) Extract, Microcitrus Australis Fruit Extract, Microcitrus Australasica Fruit Extract, Citrus Glauca Fruit Extract, Caffeine, Sodium Hyaluronate, Leuconostoc/Radish Root Ferment Filtrate, Melaleuca Alternifolia (Tea Tree) Flower/Leaf/Stem Extract, Citrus Junos Peel Extract, Caprylic/Capric Triglyceride, Glycine Soja (Soybean) Oil, Phospholipids, PEG-40 Hydrogenated Castor Oil, Sodium Benzoate, Potassium Sorbate, Citric Acid, Disodium EDTA, Phenoxyethanol, Ethylhexylglycerin, Sodium Citrate, Sodium Hydroxide.","Use either in the AM and PM or when needed. First, cleanse your face, then sweep a saturated cotton pad across face, neck and décolletage, avoiding eye area. Follow with a serum or moisturizer (no need to rinse off)."
pimprod2035081,CHANEL,N°1 DE CHANEL Revitalizing Essence Lotion,Moisturizers,Face Mists & Essences,$125.00,3.4 oz,https://media.ulta.com/i/ulta/2600331?w=100&h=100&fmt=auto,5 Reviews,"Features
N°1 DE CHANEL REVITALIZING ESSENCE LOTION features Red Camellia Extract, along with a petal-clear complex composed of Red Camellia Extract and niacinamide that helps even, plump and illuminate the look of skin.
Key Ingredients
The Red Camellia is a flower unlike any other and the key ingredient at the heart of N°1 DE CHANEL.
A flower with revitalizing powers, whose extraordinary energy gives it perennial youth.
CHANEL Research has harnessed its exceptional properties to create a new generation of products.
Red Camellia Extract targets the signs of the N°1 stage of skin's aging process by preventing and correcting the appearance of the 5 signs of aging.
Item 2600331","Camellia Japonica Flower Water, Aqua (Water), Propanediol, Glycerin, Niacinamide, Silica, Pentylene Glycol, Faex (Yeast Extract), Camellia Japonica Flower Extract, Acrylates/C10-30 Alkyl Acrylate Crosspolymer, Chlorphenesin, Caprylyl Glycol, Parfum (Fragrance), Ammonium Acryloyldimethyltaurate/Vp Copolymer, Sodium Hyaluronate, Sodium Hydroxide, Alcaligenes Polysaccharides, Adenosine, Lactic Acid, 1,2-Hexanediol, Palmitoyl Tetrapeptide-7.","Apply the essence lotion to the entire face, smoothing outward. Use your thumbs and index fingers to lightly pinch skin from the jaw up to the ears, from the corners of the mouth to the ears and from the sides of the nose to the ears. Repeat these movements on the décolleté. Follow with the N°1 DE CHANEL REVITALIZING EYE CREAM and REVITALIZING SERUM."
pimprod2019382,BeautyBio,The Pout Sparkling Rosé Volumizing Lip Serum,Lips,Lip Plumpers,$39.00,0.5 oz,https://media.ulta.com/i/ulta/2572409?w=100&h=100&fmt=auto,135 Reviews,"Key Ingredients
Collagen: Increases skin elasticity and plumps lips for a more youthful appearance
Hyaluronic Acid: Reaches down into the dermis to attract and maintain water making lips look plumper and fuller. Improves microcirculation and nutrient absorption
Sunflower Seed Oil: Contains linoleic acid, which reinforces skin's barrier to prevent moisture loss and vitamin E, which neutralizes free radicals
Shea Butter: A deep conditioning agent that works to improve skin elasticity. Rich in vitamins A and E it works to decrease the appearance of fine lines and wrinkles
Formulated Without
Parabens
Phthalates
Sulfates
Formaldehyde
Triclosan
Hydroquinone
Triclocarban
Oxybenzone
Item 2572409","Hydrogenated Polyisobutene, Ethylene/propylene/styrene Copolymer, Butylene/ethylene/styrene Copolymer, Isohexadecane, Sodium Hyaluronate, Xanthan Gum, Tripeptide-1, Helianthus Annuus (sunflower) Seed Oil, Ethylhexyl Palmitate, Silica Dimethyl Silylate, Butylene Glycol, Pentylene Glycol, Caprylic/capric Triglyceride, Butyrospermum Parkii (shea) Butter, Soluble Collagen, Tetrahexyldecyl Ascorbate, Squalane, Dipotassium Glycyrrhizate, Methyl Nicotinate, Flavor/aroma, Sucralose, Phenoxyethanol, Mica, Titanium Dioxide (CI 77891), Iron Oxides (CI 77489).","Apply to lips throughout the day as desired; wear solo, on top of or under your favorite lippie.
Precautions: For external use only."
pimprod2001865,FOREO,Make My Day Hydrating UFO Activated Sheet Masks,Treatment & Serums,Face Masks,$10.99,7 ct,https://media.ulta.com/i/ulta/2531884?w=100&h=100&fmt=auto,24 Reviews,"Benefits
Fresh & Flora Scent: Indulge your senses with this soothing combination of earthy florals and fresh fruit. As the mask notes arrive at your palette, you'll feel completely relaxed, and so will your skin
Smooth Plush Microfiber: This soft, ultra-fine fabric has a high capacity for moisture retention, allowing each mask to be super concentrated. Its smooth texture glides effortlessly across the skin
Suitable for All Skin types: This formula is designed to replenish and beautify all skin types at the end of each day, especially those experiencing dryness or skin fatigue
Key Ingredients
Ginseng instantly revitalizes skin, revealing a luminous complexion
Olive oil deeply nourishes skin while you sleep, so you wake up with a healthy glow
Item 2531884",Hyaluronic Acid and Red Algae.,"Recommended to use every morning and evening when skin is dry and fatigued. Secure the mask on UFO device. Press button to turn on activate Make My Day Treatment. Glide across clean, dry face and massage with device until 3 quick pulses indicate the end of your treatment. Pat any remaining essence into our skin, until completely absorbed.
Precautions: For external use only. Avoid contact with eyes. Keep out of reach of children. Discontinue use if signs of irritation and/or rash appear."
pimprod2041074,DIME,Creamy Foam Cleanser: Glycolic + Salicylic Acid,Cleansers,Face Wash,$32.00,4.0 oz,https://media.ulta.com/i/ulta/2616777?w=100&h=100&fmt=auto,"1,022 Reviews","Benefits
Dissolves dead skin cells to keep pores clean
Helps accelerate skin cell turnover
Key Ingredients
Salicylic Acid: Salicylic acid is a highly effective BHA (Beta Hydroxy Acid) that helps prevents pore clogging and assists in reducing swelling and redness. It is an effective treatment that helps clear blemishes quickly by penetrating pores and removing excess oil and bacteria.
Glycolic Acid: Glycolic acid is a powerful AHA (Alpha Hydroxy Acid), a natural component derived from sugar cane, known to improve uneven skin tone. This acid is designed to exfoliate and cleanse clogged pores while refining the skin’s texture and reducing the appearance of blemishes and scarring.
Formulated Without
Sulfates: DIME products never contain skin-irritating ingredients such as sulfates. Sulfate-free products are gentle on the skin and can help decrease the chances of an allergic reaction.
Phthalates: Certain phthalates (like Dibutyl Phthalate, aka DBP, or DEHP, and DEP) appear on product labels, but most typically remain unlisted, hiding under the term “fragrance.” Since some phthalates have been linked to hormone disruption, DIME avoids them.
Item 2616777","Water, Butylene Glycol, Pentylene Glycol, Glycerin, Sodium Cocoyl Glutamate, Coco Betaine Caprylyl Glycol, Cetyl Hydroxyethylcellulose, PCA Ethyl Cocoyl Arginate, Pyrus Malus (Apple) Fruit Extract, Beta Vulgaris (Beet) Root Extract, Fructooligosaccharides, Glycolic Acid, Caprylhydroxamic Acid, Piroctone Olamine, Tetrasodium Glutamate Diacetate, Bakuchiol, Sodium PCA, Aloe Barbadensis Leaf Juice, Artemisia Vulgaris Extract, Dipotassium Glycyrrhizate, Laminaria Digitata Extract, Zinc PCA, Cinnamomum Cassia Bark Extract, Sanguisorba Officinalis Root Extract, Zingiber Officinale (Ginger) Root Extract.","Dispense 2-3 pumps of cleanser into your hand. Gently rub hands together to bring to a lather. Massage onto a wet face in circular motions for 60 seconds. Rinse with warm water and pat dry. Use as the first step in your skincare routine both morning and night.
As a Conscious Beauty brand, DIME features sustainable packaging. Once product is empty, twist off cap, rinse bottle, and toss into recycling bin."
pimprod2051624,Erborian,Skin Therapy Eye Cream,Eye Treatments,Eye Cream,$39.00,0.5 oz,https://media.ulta.com/i/ulta/2641793?w=100&h=100&fmt=auto,5 Reviews,"Features
Skin Therapy Eye has all the power of Erborian's Korean skincare in a multi-perfecting eye cream. Its promise: to visibly transform the look of your eye area overnight, so you can wake up feeling confident about your eyes!
Skin Therapy Eye also sooths the skin around the eyes thanks to the powerful properties of Centella Asiatica.
With Korean Ginseng complex as effective as Retinol*
*Comparative test 2% Ginseng complex and 1% Retinol (ex vivo test on skin explants after 72 hours).
Benefits
Puffiness (1): Thanks to caffeine known for improving the appearance of under-eye bags and dark circles
Dark Circles(1) : Thanks a combination of Caffeine, Escin and 5% Niacinamide to target signs of fatigue
Fine Lines & Wrinkles (3): Thanks to White & Red Ginseng Root Extracts, Wild yam, Kigelia, Giant horsetail & Licorice, known to have a smoothing action*
Hydration(4): Thanks to Bamboo and Hyaluronic Acid, which targets skin hydration around the eyes
Texture(3): Thanks to Yuzu extract known for antioxidant protection and to help complexion evenness.
Radiance(3): Thanks to red pepper, which targets luminosity
Nourishment(3): Thanks to Shea Butter known for its nourishing properties
Effectiveness provided by a complex of plant extracts
Clinical scoring on 22 volunteers after 14 days
Clinical scoring on 22 volunteers after 14 days
Clinical scoring on 33 volunteers after 14 days
Efficacy Test on 11 volunteers after 2 hours
Research Results
Results After 1st Night:
100% agree that eye contour is hydrated (1)
100% agree that eye contour is visibly smoother (1)
After 14 Days:
100% agree that eye contour is visibly firmer(1)
100% agree that skin texture of eye contour is refined(1)
86% agree appearance of under eye bags is visibly diminished(2)
After 28 Days:
97% agree that the appearance of fine lines are visibly reduced
91% agree that the appearance wrinkles are visibly reduced
Clinically Tested: -36% reduction in appearance of wrinkles(3) -33% reduction in appearance of dark circles color intensity(4)
(1) Consumer test on 33 volunteers
(2) Consumer test on 22 volunteers after 14 days
(3) Clinical scoring on 33 volunteers after 28 days
(4) Clinical scoring on 19 volunteers after 28 days
Item 2641793","Aqua/Water, Butylene Glycol, Glycerin, Niacinamide, Butyrospermum Parkii (Shea) Butter, 1.2-Hexanediol, Octyldodecanol, Squalane, Isostearyl Neopentanoate, Cetearyl Alcohol, Propanediol, Palmitic Acid, Helianthus Annuus (Sunflower) Seed Oil, Rosmarinus Officinalis (Rosemary) Leaf Extract, Dioscorea Villosa (Wild Yam) Root Extract, Acmella Oleracea Extract, Phyllostachys Bambusoides Extract, Citrus Junos Fruit Extract, Capsicum Annuum Fruit Extract, Centella Asiatica Leaf Extract, Equisetum Giganteum Extract, Panax Ginseng Root Extract, Glycyrrhiza Glabra (Licorice) Root Extract, Kigelia Africana Fruit Extract, Oryza Sativa Bran Wax / Oryza Sativa (Rice) Bran Wax, Glycine Soja (Soybean) Oil, Phyllostachys Bambusoides Juice, Lactobacillus Ferment, Lactobacillus/Panax Ginseng Root Ferment Filtrate, Dicaprylyl Carbonate, Stearic Acid, PEG-100 Stearate, Ammonium Acryloyldimethyltaurate/Vp Copolymer, Lactic Acid, Acrylates/C10-30 Alkyl Acrylate Crosspolymer, Ethylhexylglycerin, Glyceryl Stearate, Silica, Caffeine, Arginine, Cellulose, Mica, Isoniacinamide, Sodium Hyaluronate, Magnesium Aluminum Silicate, Escin, Panthenol, Tocopherol, Cyclodextrin, Hydroxypropyl Cyclodextrin, Pentylene Glycol, Adenosine, Caprylyl Glycol, Palmitoyl Tetrapeptide-7, Chrysin, CI 77891/Titanium Dioxide.","In the evening, apply a fine layer to the eye area and massage in.
Depending on your skin's needs, you could also apply a thick layer and use it like a mask."
pimprod2043387,florence by mills,Spot A Spot Exfoliating Acne Solution,Treatment & Serums,Acne & Blemish Treatments,$26.00,5.0 oz,https://media.ulta.com/i/ulta/2618592?w=100&h=100&fmt=auto,118 Reviews,"Benefits
Helps treat & prevent acne & blackheads
Exfoliates & reveals fresh, smooth skin
Helps minimize the appearance of pores
Removes pore-clogging oil & dirt after cleansing
Comforts & calms skin
Fragrance free & safe for all skin types – even sensitive skin
Key Ingredients
2% Salicylic Acid (BHA): targets & prevents breakouts & blackheads by exfoliating deep within pores
Allantoin: helps comfort, calm, & gently support skin renewal
Item 2618592","Water, Butylene Glycol, Arginine, Lactic Acid, Sodium Benzoate, Allantoin, Potassium Sorbate, Glycolic Acid, Glycerin, Centella Asiatica Extract, Malpighia Emarginata (Acerola) Fruit Extract.","Apply to clean skin. Following with Spot a Spot Acne Clearing Treatment Serum (sold separately) as a next step is recommended. Finally, make sure to finish off with Sunny Skies SPF30 Facial Moisturizer (sold separately) to help protect your skin from sun damage."
pimprod2040760,COSRX,Advanced Snail Hydrogel Eye Patch,Eye Treatments,Eye Masks,$28.00,60 ct,https://media.ulta.com/i/ulta/2616456?w=100&h=100&fmt=auto,87 Reviews,"Benefits
Plump & Hydrate the delicate eye area
Depuff and nourish
Unique, two size patches for the perfect fit
The Honey Comb texture ensure the patch stays in place! Perfect for makeup prep
Key Ingredients
Snail Secretion Filtrate
Includes
Eye Patches (60 ct)
Tweezers
Item 2616456","Water, Glycerin, Snail Secretion Filtrate, Niacinamide, Carrageenan, 1,2-hexanediol, Ceratonia Siliqua (carob) Gum, Betaine, Hydroxyacetophenone, Allantoin, Chlorphenesin, Cyamopsis Tetragonoloba (guar) Gum, Calcium Chloride, Butylene Glycol, Sucrose, Cellulose Gum, Adenosine, Potassium Chloride, Dipotassium Glycyrrhizate, Ethylhexylglycerin, PEG-90m.",Apply the hydrogel patches to the desired area using the tweezers contained inside. Remove after 20 - 30 minutes.
pimprod2025694,Urban Hydration,Bright & Balanced Aloe Vera Spot Cream,Moisturizers,Face Moisturizer,$9.99,1.7 oz,https://media.ulta.com/i/ulta/2582559?w=100&h=100&fmt=auto,159 Reviews,"Benefits
Detoxes and smooths skin
Fights acne
Fades dark spots
Safe for oily, psoriasis and eczema prone skin
Key Ingredients
Rosehip Oil
Olive Fruit Oil
Formulated Without
Sulfates
Parabens
Polybeads
Gluten
Item 2582559","Water, Aloe Vera Leaf Extract, Olive Fruit Oil, Rosehip Seed Oil, Hemp Seed Oil, Shea Butter, Glycerin, Vitamin E, Fragrance, Polyglycerin-10, Hexyl Laurate, Niacinamide, Sodium Polyacryloyldimethyl Taurate, Trehalose, Inulin Lauryl Carbamate, 1,2-Hexanediol, Hydroxyacetophenone, Carbomer, Sodium Hyaluronate, Allantoin.","Cover entire affected area with a thin layer of cream. Start application once daily, then gradually increase to 2-3 applications a day. For best results, apply to cleansed skin. Use together with our entire line of Aloe Vera Leaf products for maximum results!"
pimprod2048924,ANUA,8 Hyaluronic Acid Moisturizing Gentle Gel Cleanser,Cleansers,Face Wash,$14.00,5.07 oz,https://media.ulta.com/i/ulta/2634276?w=100&h=100&fmt=auto,6 Reviews,"Benefits
Gentle, non-drying gel cleanser that hydrates and moisturizes
For sensitive skin
Free Of: Denatured Alcohols / Parabens / Artificial Color / Silicones / Sulfates / Mineral Oil / Methylchloroisothiazolinone / Methylisothiazolinone / Coal Tar Dyes / Nuts
Key Ingredients
8 Hyaluronic Acid and Glycerin: Provides long-lasting hydration and helps to lock in moisture
Ceramides: Moisturizes and helps maintain a healthy moisture barrier, while cleansing impurites
Ectoin: Soothes irritated skin and helps maintain skin hydration and a healthy moisture balance
Squalane: Balances out oil production, keeping the skin smooth and soft
Research Results
Primary skin irritation test completed on sensitive skin
72-hour moisture retention evaluation (improvement in skin moisture immediately after use and 72 hours after use compared to before use)
17.58% reduction in redness* after one use (*Redness due to dryness, not associated with any disease.)
Item 2634276","Water, Coco-Betaine, Sodium Cocoyl Alaninate, Potassium Cocoyl Glycinate, Acrylates Copolymer, Glycerin, 1,2-Hexanediol, Propanediol, Polyglyceryl-4 Caprate, Caprylyl Glycol, Hydroxyacetophenone, Tromethamine, Glyceryl Glucoside, Disodium EDTA, Hydrolyzed Hyaluronic Acid, Squalane, Ectoin, Citric Acid, Hydrolyzed Vegetable Protein, Maltodextrin, Hydrogenated Lecithin, Ceramide NP, Butylene Glycol, Hyaluronic Acid, Hydrolyzed Sodium Hyaluronate, Sodium Hyaluronate, Potassium Hyaluronate, Hydroxypropyltrimonium Hyaluronate, Sodium Hyaluronate Crosspolymer, Sodium Acetylated Hyaluronate.","Apply an adequate amount of cleanser.
Create enough foam and gently massage your entire face.
Use as the second step of your double cleansing routine after using a cleansing oil.
Can be used every day, AM & PM."
pimprod2040411,Origins,Moisturizing Hand Cream,Relax & Renew,Spa Essentials,$20.00,Ginger,https://media.ulta.com/i/ulta/2624248?w=100&h=100&fmt=auto,12 Reviews,"Benefits
Infused with nature’s big softies like conditioning Meadowfoam Seed Oil and hydrating plant-derived Glycerin.
Research Results
HYDRATION: Delivers instant hydration
SKIN BARRIER: Provides a stronger barrier for softer, smoother hands
Key Ingredients
Meadowfoam Seed Oil: Conditions skin
Plant-Derived Hydrators: Helps draw moisture to skin
Item 2624248","Water\Aqua\Eau, Cetearyl Alcohol, Glycerin, Limnanthes Alba (Meadowfoam) Seed Oil, Caprylic/Capric Triglyceride, Dimethicone, Glyceryl Stearate, Polyglyceryl-6 Dioleate, Coco-Caprylate/Caprate, Lactic Acid, Limonene, Peg-100 Stearate, Glycyrrhiza Glabra (Licorice) Root Extract, Glycine Soja (Soybean) Oil, Aloe Barbadensis Leaf Juice Powder, Methyl Glucose Dioleate, Caprylyl Glycol, Methyl Glucose Sesquistearate, Maltodextrin, Potassium Hydroxide, Xanthan Gum, Citrus Aurantium Dulcis (Orange) Peel Oil*, Citrus Aurantium Bergamia (Bergamot) Fruit Oil*, Citrus Paradisi (Grapefruit) Fruit Extract*, Citrus Aurantifolia (Lime) Oil*, Elettaria Cardamomum Seed Oil*, Eugenia Caryophyllus (Clove) Leaf Oil*, Coriandrum Sativum (Coriander) Fruit Oil*, Eucalyptus Globulus Leaf Oil*, Zingiber Officinale (Ginger) Root Oil*, Litsea Cubeba Fruit Oil*, Linalool, Eugenol, Citral, Geraniol, Tocopherol, Magnesium Sulfate, Potassium Sorbate, Phenoxyethanol *Essential Oil",Massage into dry hands for extra TLC.
pimprod2029625,KORRES,Santorini Grape Poreless Skin Cream,Moisturizers,Face Moisturizer,$42.00,1.35 oz,https://media.ulta.com/i/ulta/2588999?w=100&h=100&fmt=auto,50 Reviews,"Benefits
Poreless complexion
Balanced all day hydration
Smooth skin canvas
Dermatologically tested
Vegan friendly
Cruelty free
Recyclable packaging
Hypoallergenic
Non-comedogenic
Key Ingredients
Santorini Grape Extract: Minimize Pores + Oil
Salicylic Acid: Unclog Pores
Hyaluronic Acid: Long-lasting hydration
Formulated Without
Silicone
Sulfate
Paraben
Gluten
Phthalate
Item 2588999","Aqua/Water/Eau, Glycerin, Simmondsia Chinensis (Jojoba) Seed Oil, C12-15 Alkyl Benzoate, Dicaprylyl Carbonate, Ammonium Acryloyldimethyltaurate/Vp Copolymer, Dicaprylyl Ether, Macadamia Integrifolia (Macadamia) Seed Oil, Potassium Cetyl Phosphate, Vitis Vinifera (Grape) Fruit Extract*, Acrylates/C10-30 Alkyl Acrylate Crosspolymer, Ascorbyl Palmitate, Calendula Officinalis Extract, Caprylyl Glycol, Citric Acid, Cyclodextrin, Epilobium Fleischeri Flower/Leaf/Stem Extract, Glyceryl Stearate, Glycine Soja (Soybean) Oil, Helianthus Annuus (Sunflower) Seed Oil, Lactic Acid, Olea Europaea (Olive) Fruit Oil, Panthenol, Persea Gratissima (Avocado) Oil, Phytosterols, Punica Granatum Fruit Extract, Rosmarinus Officinalis (Rosemary) Leaf Extract, Sodium Gluceptate, Sodium Hyaluronate, Sodium Hydroxide, Sorbitan Oleate, Tocopherol, Tocopheryl Acetate, Troxerutin, Phenoxyethanol, Potassium Sorbate, Salicylic Acid, Sodium Benzoate, Parfum/Fragrance.","Apply a nickel-sized dollop 2x daily to the face and neck, avoiding the eye area."
pimprod2038061,SUNDAY RILEY,Mini A+ High-Dose Retinoid Serum,Travel Size Skin Care,,$50.00,0.5 oz,https://media.ulta.com/i/ulta/2599034?w=100&h=100&fmt=auto,504 Reviews,"Benefits
Fights the signs of aging.
Improves the look of congested skin.
Improves the appearance of damaged skin.
Balances and soothes skin.
Calms the appearance of redness for a more even-toned complexion.
Vegetarian.
Cruelty-free.
Formulated without artificial fragrances, sulfates, parabens, gluten, soy, and phthalates.
Key Ingredients
Retinol Ester Blend 5% + Liposome-encapsulated Retinol Blend 1% helps reduce the appearance of wrinkles and lines and encourages signs of clearer skin
CoQ10 improves the appearance of aging or UV-exposed skin, for a healthier-looking, balanced complexion
Hawaiian White Honey, Bisabolol, Cactus Extract, and Ginger balance and soothe the skin
Research Results
In an independent blinded study of 102 women, after 4 weeks:
90% of women saw boosted skin radiance and healthy-looking skin, and agreed the product was gentler than other facial retinoid serums used in the past
88% reported that skin looked brighter
87% of women saw renewed skin
After 6 weeks:
96% of women felt the product was effective in addressing skin concerns
95% of women were happy with the results of the product
92% of women felt the product was gentle and non-irritating
86% of women saw a reduction in the appearance of sun-damaged skin
84% reported that skin clarity was improved and saw a reduction in the appearance of dark spots
82% reported that their skin tone looked more even
80% felt that their lines looked smoother
72% felt that skin appeared less red
71% saw an improvement in the look of expression lines
Item 2599034","Water/Eau/Aqua, Dimethyl Isosorbide, Propanediol, Triheptanoin, Dimethicone, Glycerin, Pentylene Glycol, Cetyl PEG/PPG-10/1 Dimethicone, Disiloxane, Hexyldecanol, Diheptyl Succinate, Phenylpropanol, Phenyl Trimethicone, PPG-24-Glycereth-24, Hydroxypinacolone Retinoate, Sodium Acrylates Copolymer, Helianthus Annuus (Sunflower) Seed Oil, Honey Extract/Extrait de Miel, Opuntia Ficus-Indica (Prickly Pear) Fruit Extract, Bisabolol, Butyrospermum Parkii (Shea) Butter, Retinol, Sodium Hyaluronate Crosspolymer, Ubiquinone, Zingiber Officinale (Ginger) Root Extract, Tocopherol, Hydrogenated Polydecene, Lecithin, 1,2-Hexanediol, 4-t-Butylcyclohexanol, Caprylyl Glycol, Phospholipids, Polyglyceryl-10 Stearate, Sorbitol, Cetylhydroxyproline Palmitamide, Polysilicone-11, Benzoic Acid, Dehydroacetic Acid, Capryloyl Glycerin/Sebacic Acid Copolymer, Sodium Phytate, Phenoxyethanol, Glyceryl Polyacrylate, Alcohol, Polysorbate 20, Saccharomyces Cerevisiae Extract, Brassica Campestris (Rapeseed) Sterols, Hydroxyphenyl Propamidobenzoic Acid, Stearic Acid, Sodium Benzoate, Potassium Phosphate, Benzyl Alcohol, Decyl Glucoside, Algae Extract, Hexylene Glycol, Potassium Sorbate.","Apply 1-2 pumps in the evening to clean, dry skin. For targeted instructions, see below: For new retinoid users: Use two days on, two days off. Work your way up to every other day, then to daily, evening use. Follow with a hydrating oil or moisturizer, like C.E.O. Glow or Juno. Use an AHA serum, like Good Genes Lactic Acid Treatment, on alternate nights to sweep away dead skin cells.
For advanced retinoid users: Use daily, in the evenings. Follow with a hydrating oil or moisturizer, like C.E.O. Glow or Juno. Use an AHA serum, like Good Genes Lactic Acid Treatment, in the mornings to sweep away dead skin cells.
For sensitive skin: Apply a few drops of a gentle, hydrating oil, like C.E.O. Glow or Juno to your skin before applying A+ serum."
pimprod2040800,TONYMOLY,24k Snail Everywhere Repair Gel,Moisturizers,Face Moisturizer,$20.00,10.14 oz,https://media.ulta.com/i/ulta/2613433?w=100&h=100&fmt=auto,33 Reviews,"Benefits
Snail Mucin works to repair the skin barrier, improve skin texture, boosts collagen production while reducing/preventing fine lines and wrinkles.
Colloidal Gold delivers oxygen to damaged cells which helps speed up skin's healing process.
At 10.14, can be used on face and body.
Key Ingredients
Snail Mucin - Healing properties with moisturizing, soothing, and anti-aging properties help to hydrate and plump the skin, improve skin texture, and reduce the appearance of fine lines and wrinkles.
Polyglutamic Acid i
Polyglutamic Acid - Increases hydration levels up to 117% and can hold up to 10 times more moisture than hyaluronic acid. Creates a barrier on the skin to prevent against water loss.
Formulated Without
Parabens
Sulfates
Phthalates
Item 2613433","Water, 1,2-Hexanediol, Glycerin, Sodium Polyacrylate, Carbomer, Arginine, Caprylyl Glycol, Snail Secretion Filtrate(1,000ppm), Ethylhexyl Palmitate, Ethylhexylglycerin, Cetyl Ethylhexanoate, Polyglyceryl-10 Oleate, Hydrogenated Lecithin, Volcanic Ash Extract, Gold(10ppb), Colloidal Gold(2ppb), Saccharomyces Ferment, Tuber Magnatum Extract, Soleirolia Soleirolii Extract, Zanthoxylum Piperitum Fruit Extract, Sasa Quelpaertensis Extract, Pulsatilla Koreana Extract, Opuntia Coccinellifera Fruit Extract, Nelumbo Nucifera Leaf Extract, Citrus Unshiu Fruit Extract, Centella Asiatica Extract, Artemisia Vulgaris Extract, Camellia Sinensis Leaf Extract, Viscum Album (Mistletoe) Extract, Propolis Extract, Morus Bombycis Leaf Extract, Coptis Chinensis Root Extract, Panax Ginseng Callus Culture Extract, Polyglutamic Acid, Usnea Barbata (Lichen) Extract, rh-Oligopeptide-1, Acetyl Heptapeptide-9.","After cleansing, scoop an appropriate amount in palm. Gently pat serum into skin.
Can be used on both face and body!"
pimprod2039109,DUNE SUNCARE,The Mug Guard Broad Spectrum SPF 30,Suncare,Sunscreen,$27.95,2.2 oz,https://media.ulta.com/i/ulta/2608975?w=100&h=100&fmt=auto,39 Reviews,"Features
Non-Toxic
UVA / UVB Broad Spectrum SPF 30
Weightless gel texture & mint green mass tone
Non-Pilling
Biorius Certified - Non-GMO
Reef Friendly
Non-Nano
Paraben Free
Won’t Clog Pores
Made In USA
Fragrance Free
Key Ingredients
Hibiscus Sabdariffa Fruit Extract: Provides immediate and maximum hydration for up to 72 hours after a single application.
Neem Leaf and Flower Extract: Helps clarify and reduce the appearance of acne while keeping it at bay. Works to improve skin's overall elasticity to keep skin looking supple & healthy.
Vitamin E: Powerful antioxidant, effective at reducing the appearance of sun damage, and helpful in nourishing & protecting skin from free radicals. Strong moisturizing agent to improve skin’s overall bounce & suppleness.
Knotgrass Extract: Protects skin from sun damage. Increases skin’s bounce and reduces the appearance of wrinkles.
Active ingredients: Avobenzone, 2.0% • Homosalate, 5.5% • Octisalate, 4.5% • Octocrylene, 4.0%.
Oxybenzone & Octinoxate free
Research Results
Provides Intense 72 Hour Hydration. Doubles as your most effective daily moisturizer with the biggest hydration claim in the skincare game.
Fine Line & Wrinkle Reducing
Dark Spot & Redness Diminishing
Dermatologist Tested
Item 2608975","Active: Avobenzone 2.0%, Homosalate 5.5%, Octisalate 4.5%, Octocrylene 4.0%.
Inactive: Water, Dimethicone, Propanediol, Alcohol Denat, Capryloyl Glycerin/Sebacic Acid Copolymer, Glycerin, 1,2-Hexanediol, Sodium Polyacryloyldimethyl Taurate, Brassica Glycerides, Acrylates/C10-30 Alkyl Acrylate Crosspolymer, Caprylhydroxamic Acid, Polysilicone-11, Aminomethyl Propanol, Disodium Edta, Erythritol, Tocopheryl Acetate, Butylene Glycol, Melia Azadirachta (Neem) Leaf Extract, Polygonum Aviculare Extract,Melia Azadirachta (Neem) Flower Extract, Hibiscus Sabdariffa Fruit Extract, Bisabolol, Decyl Glucoside, Zingiber Officinale (Ginger) Root Extract.","Apply after the last step in your skincare routine and before makeup to prep and hydrate skin for easy makeup application. May continue to apply throughout the day for sheer protection that applies easily over makeup.
Apply liberally and evenly 15 minutes before sun exposure. Reapply after 40 minutes of swimming or sweating, at least every 2 hours. Children under 6 months of age, ask a doctor.
Sun protection measures: spending time in the sun increases your risk of skin cancer and early skin aging. To decrease this risk, regularly use a sunscreen with a broad spectrum SPF value of 15 or higher and other sun protection measures including: limit time in the sun, especially from 10 am - 2 pm, wear long-sleeved shirts, pants, hats, and sunglasses.
Precautions: For external use only. Do not use on damaged or broken skin. When using this product, keep out of eyes. Rinse with water to remove. Stop use and ask a doctor if rash occurs. Keep out of reach of children. If swallowed, get medical help or contact a poison control center right away.
To recycle packaging: Twist off cap, rinse, toss into recycling bin."
pimprod2037706,Dionis,Goat Milk Lip Balm,Lips,Lip Balms & Treatments,$5.00,Watermelon Burst,https://media.ulta.com/i/ulta/2607660?w=100&h=100&fmt=auto,412 Reviews,"Benefits
Paraben-free
Gluten-free
Dermatologist tested
Made in the U.S.A
Key Ingredients
Goat milk is enriched with high amounts of protein, fat, iron, vitamins A, B6, B12, C, D, E, and many more.
As nature's own balanced, nutrient-rich moisturizer, goat milk is a key ingredient for deeply moisturizing and nourishing skin
Shea Butter is an excellent moisturizer, smoothing and replenishment of dry skin
Item 2607660","Beeswax, Helianthus Annuus (Sunflower) Seed Oil, Cocos Nucifera (Coconut) Oil, Flavor, Butyrospermum Parkii (Shea) Butter, Goat Milk, Ricinus Communis (Castor) Seed Oil, Ammonium Glycyrrhizate, Tocopherol, Citric Acid.",Apply liberally to lips as needed to lock in moisture.
pimprod2046191,Winky Lux,Strawberry Rose Lip Balm,Lips,Lip Balms & Treatments,$18.00,0.12 oz,https://media.ulta.com/i/ulta/2624768?w=100&h=100&fmt=auto,22 Reviews,"Features
Infused with jojoba oil and vitamin E for lip-loving nourishment
Texture: Balm
Scent: Strawberry rose
Finish: Demi-shine
Expected Result: Rosy Pink
Key Ingredients
Jojoba Oil (Simmondsia Chinensis (Jojoba) Seed Oil): Helps to nourish and soothe by forming a barrier to effectively lock in moisture
Vitamin E (Tocopheryl Acetate): Helps to retain moisture to enhance hydration
Item 2624768","Candelilla Cera/Euphorbia Cerifera (Candelilla/candélilla) Wax/Cire de Candelilla, Caprylic/Capric Triglyceride, Hydrogenated Polydecene, Bis-Diglyceryl Polyacyladipate-2, Pentaerythrityl Tetraisostearate, Caprylic/Capric Triglyceride, Hydrogenated Polycyclopentadiene, Polymethylsilsesquioxane, Isononyl Isononanoate, Dimethicone, Ethylhexyl Palmitate, Dimethicone/Vinyl Dimethicone Crosspolymer, Tocopheryl Acetate, Simmondsia Chinensis (Jojoba/jojoba) Seed Oil, Aroma/Flavor, Phenoxyethanol, Ethylhexylglycerin, Vanillin. May Contain/Peut Contenir (±): CI 77891 (Titanium Dioxide/dioxyde de titane), CI 77491, CI 77492, CI 77499 (Iron Oxides/oxydes de fer), CI 15850 (Red 6/rouge 6), CI 15850 (Red 7 Lake/laque rouge 7), CI 45410 (Red 27 Lake/laque rouge 27), CI 42090 (Blue 1 Lake/laque bleu 1).",Apply Strawberry Rose Lip Balm to bare lips for a tint of pink with nourishing and hydrating benefits. Wear alone or top with gloss for added shine.
pimprod2036726,Ahava,Hyaluronic Acid 24/7 Cream,Moisturizers,Face Moisturizer,$59.00,1.7 oz,https://media.ulta.com/i/ulta/2606022?w=100&h=100&fmt=auto,1 Review,"Benefits
Smoothing dehydration lines
Softening and refining skin's texture
Long term wrinkle prevention
Vegan
Key Ingredients
Osmoter - Signature blend of Dead Sea Minerals
Hyaluronic Acid - hydrates and plumps skin.
ATPeptide - prevents premature signs of aging
Formulated Without
Alcohol
GMOs
Parabens
Item 2606022","Aqua (Mineral Spring Water), C15-19 Alkane, Squalane (Phytosqualane), Glycerin, Caprylic/Capric Triglyceride, Cellulose, Hydroxyethyl Acrylate/Sodium Acryloyldimethyl Taurate Copolymer, Phenoxyethanol, Glyceryl Stearate, Cetearyl Alcohol, Erythritol, Butylene Glycol, Behenyl Behenate, Sclerotium Gum, Lysolecithin, Glyceryl Oleate, Tribehenin, Parfum (Fragrance), Benzyl Alcohol, Hexyl Cinnamal, Benzyl Salicylate, Limonene, Linalool, Chlorphenesin, Hydrogenated Polydecene, Xanthan Gum, Pullulan, Caprylyl Glycol, Didecyldimonium Chloride, Sodium Benzoate, Potassium Sorbate, Lactic Acid, Homarine HCl, Citric Acid, Tripeptide-3, Olea Europaea (Olive) Fruit Oil, Spilanthes Acmella Flower Extract, Hydrolyzed Oat Protein, Sodium Hyaluronate (Hyaluronic Acid Salt), Phoenix Dactylifera (Date) Fruit Extract, Dunaliella Salina (Dead Sea Alga) Extract, Maris Aqua (Dead Sea Water/Osmoter).","Apply on cleansed face and neck, day and night."
pimprod2005170,Klairs,Freshly Juiced Vitamin C Drop,Treatment & Serums,Face Serums,$23.00,1.18 oz,https://media.ulta.com/i/ulta/2546685?w=100&h=100&fmt=auto,595 Reviews,"Benefits
Infused with 5% pure vitamin C
Helps brighten the appearance of dark spots, post-acne scars and uneven skin tone
Illuminates dull skin for a brighter-looking complexion
Smooths skin texture with gentle exfoliation
Improves the appearance of signs of aging
Helps protect against environmental factors that trigger skin aging
Hypoallergenic
pH: 3.5
Key Ingredients
Vitamin C (5% ascorbic acid): Protects skin against environmental factors and brightens the appearance of dark spots
Centella Asiatica Extract: A plant extract with powerful soothing properties that calms irritation and breakouts
Yuzu Extract: A Japanese citrus fruit rich in vitamin C that boosts skin immunity and protects against free radical damage
Formulated Without
Animal-derived ingredients
Ethanol
Silicones
Artificial dyes
Artificial fragrances
Item 2546685","Water, Propylene Glycol, Ascorbic Acid(5%), Hydroxyethylcellulose, Centella Asiatica Extract, Citrus Junos Fruit Extract, Illicium Verum(Anise) Fruit Extract, Citrus Paradisi(Grapefruit) Fruit Extract, Nelumbium Speciosum Flower Extract, Paeonia Suffruticosa Root Extract, Scutellaria Baicalensis Root Extract, Polysorbate 60, Brassica Oleracea Italica (Broccoli) Extract, Chaenomeles Sinensis Fruit Extract, Orange Oil Brazil, Sodium Acrylate/Sodium Acryloyldimethyl Taurate Copolymer, Disodium EDTA, Lavandula Angustifolia (Lavender) Oil, Camellia Sinensis Callus Culture Extract, Larix Europaea Wood Extract, Chrysanthellum Indicum Extract, Rheum Palmatum Root Extract, Asarum Sieboldi Root Extract, Quercus Mongolia Leaf Extract, Persicaria Hydropiper Extract, Corydalis Turtschaninovii Root Extract, Coptis Chinensis Root Extract, Magnolia Obovata Bark Extract, Lysine HCL, Proline, Sodium Ascorbyl Phosphate, Acetyl Methionine, Theanine, Lecithin, Acetyl Glutamine,SH-Olgopeptide-1, SH-Olgopeptide-2, SH-Polypeptide-1, SH-Polypeptide-9, SH-Polypeptide-11, Bacillus/Soybean/Folic Acid Ferment Extract, Sodium Hyaluronate, Caprylyl Glycol, Butylene Glycol, 1,2-Hexanediol.","After cleansing and toning, apply 3-4 drops and gently massage into skin. Lightly pat into skin to promote full absorption.
Do not use with AHA and BHA products. Use in the evening. Store in a cool place.
Precautions: For external use only. Do not get into eyes."
pimprod2043028,DIME,Tinted Glow Wonderscreen SPF 30,Suncare,Sunscreen,$44.00,Shade 01,https://media.ulta.com/i/ulta/2621467?w=100&h=100&fmt=auto,16 Reviews,"Benefits
SPF 30
Non-greasy
Key Ingredients
Zinc Oxide: A mineral that blocks radiant energy from harmful UVA/B rays. Zinc acts as a barrier to reflect the rays away from your body, and prevents your body from absorbing harsh chemicals and rays from the sun. In the long run, this will reduce premature aging as a direct result of sun exposure.
Beetroot: This extract is loaded with vitamins and minerals that are scientifically proven to reduce the appearance of blemishes, fine lines, and wrinkles. It increases the amount of natural moisturizing factors found in the upper layer of your skin, leaving your skin glowing and protected.
Formulated Without
Sulfates: DIME products never contain skin-irritating ingredients such as sulfates. Sulfate-free products are gentle on the skin and can help decrease the chances of an allergic reaction.
Phthalates: Certain phthalates (like Dibutyl Phthalate, aka DBP, or DEHP, and DEP) appear on product labels, but most typically remain unlisted, hiding under the term “fragrance.” Since some phthalates have been linked to hormone disruption, DIME avoids them.
Item 2621467","Water, Ethylhexyl Olivate, Dimethicone, C9-12 Alkane, Cocoglycerides, Titanium Dioxide, Hydroxyethyl Dimethicone Laurate, Pentylene Glycol, Butyloctyl Salicylate, Glycerin, Jojoba Esters, Pyrus Malus (Apple) Fruit Extract, Polymethylsilsesquioxane, Diheptyl Succinate, Disteardimonium Hectorite, Squalane, Caprylic/Capric Triglyceride, Phenoxyethanol, Sodium Chloride, Polyhydroxystearic Acid, Trihydroxystearin, Triethyl Citrate, Iron Oxides (CI 77492), Hydroxyacetophenone, Dipotassium Glycyrrhizate, Fructooligosaccharides, Sodium Citrate, Beta Vulgaris (Beet) Root Extract, Iron Oxides (CI 77491), Tetrasodium Glutamate Diacetate, Iron Oxides (CI 77499), Sodium Dehydroacetate, Persea Gratissima (Avocado) Oil, Capryloyl Glycerin/Sebacic Acid Copolymer, Hydrogenated Vegetable Oil, Glycine Soja (Soybean) Seed Extract, Tocopherol.","Apply Tinted Glow Wonderscreen SPF 30 liberally as the last step in your morning routine after using a DIME moisturizer. Reapply SPF every two hours.
As a Conscious Beauty brand, DIME features sustainable packaging. Once product is empty, twist off cap, rinse bottle, and toss into recycling bin."
pimprod2031611,fresh,Black Tea Firming Corset Serum,Treatment & Serums,Face Serums,$78.00,1.0 oz,https://media.ulta.com/i/ulta/2594182?w=100&h=100&fmt=auto,317 Reviews,"Benefits
This potent face serum with a fast-penetrating texture has a proven immediate tightening effect.
Firming peptides and honeysuckle extract help improve skin elasticity and support skin density for a V-shape look, while the black tea complex provides antioxidant protection for a firmer, lifted appearance
+17% instantly observed firming effect*
+39% observed firming effect after 4 weeks**
+20% instantly observed lifting effect*
+36% observed lifting effect after 4 weeks**
*self-assessment by scoring, 32 subjects, immediately upon application
**self-assessment by scoring, 31 subjects, 4 weeks
Key Ingredients
Density peptide (palmitoyl tetrapeptide-7) helps support skin's density by providing a volumizing effect to keep it looking full, plump, and smooth
Elasticity peptide (acetyl dipeptide-1 cetyl ester) helps promote skin's bounce by improving its elasticity for a more lifted, sculpted look
Honeysuckle extract helps support skin's resilience for a firmer appearance
Fresh's black tea complex of black tea extract, black tea ferment, blackberry leaf extract, and lychee seed extract is proven to provide antioxidant protection
Item 2594182","Aqua (water), Glycerin, Butylene Glycol, Pentylene Glycol, Methyl Gluceth-20, PEG-150, PEG-6 Caprylic/capric Glycerides, Acacia Senegal Gum, PEG-40 Hydrogenated Castor Oil, Saccharomyces/xylinum/black Tea Ferment, Rubus Fruticosus (blackberry) Leaf Extract, Lonicera Japonica (honeysuckle) Leaf Extract, Litchi Chinensis Seed Extract, Camellia Sinensis Leaf Extract, Tocopheryl Acetate, Acetyl Dipeptide-1 Cetyl Ester, Palmitoyl Tetrapeptide-7, PEG-90, Squalane, Lecithin, Carbomer, Sorbitan Laurate, Sorbitol, Parfum (fragrance), Sodium Acrylates Copolymer, Rhizobian Gum, Hydrolyzed Jojoba Esters, Maltodextrin, Algin, Sodium Hydroxide, Xanthan Gum, Polyquaternium-51, Adenosine, Hydroxyethylcellulose, Polyvinyl Alcohol, Lactic Acid, Cellulose Gum, Potassium Sorbate, Sodium Benzoate, Phenoxyethanol, Linalool, Citronellol, Geraniol.","Turn over and gently squeeze both sides of dropper to dispense a few drops into palm. Apply to clean face and neck daily, morning and night. Follow with Black Tea Firming Corset Cream during the day and Black Tea Firming Overnight Mask before bed."
pimprod2008782,Kiehl's Since 1851,Avocado Nourishing Hydration Mask,Treatment & Serums,Face Masks,$33.60,3.4 oz,https://media.ulta.com/i/ulta/2551266?w=100&h=100&fmt=auto,277 Reviews,"Benefits
Conditions skin with addictively creamy moisture
Leaves skin feeling supple, replenished and nourished
Fragrance-free
Key Ingredients
Avocado Fruit Extract: a concentrated extract taken from the pulp of the ever-popular avocado fruit; it helps seal in hydration and moisturize skin
Avocado Oil: has a rich, emollient texture and contains a balance of lipids including omega essential fatty acids; it is known to moisturize, nourish and soften skin
Evening Primrose: frequently used in herbal remedies, it's known to help maintain skin hydration and elasticity
Research Results
Leaves skin softer and hydrated in just 15 minutes*
*Consumer perception study, US: 55 subjects, all skin types, immediate time point
Item 2551266","Aqua/Water, Aloe Barbadensis/Aloe Barbadensis Leaf Juice, Glycerin, Ethylhexyl Palmitate, Glyceryl Stearate, Cetyl Alcohol, Persea Gratissima Oil/Avocado Oil, Butyrospermum Parkii Butter/Shea Butter, Squalane, Oryza Sativa Bran Oil/Rice Bran Oil, PEG-100 Stearate, Copernicia Cerifera Cera/Carnauba Wax, Carthamus Tinctorius Seed Oil/Safflower Seed Oil, Phenoxyethanol, Mel/Honey, Nylon-66, Caprylyl Glycol,Tocopherol, Pentylene Glycol, Sodium= Polyacrylate,= Stearyl Alcohol, Myristyl Alcohol, Pentaerythrityl Tetra-di-t-butyl Hydroxyhydrocinnamate, Olea Europaea (Olive) Leaf Extract, Tamarindus Indica Seed Gum, Citrus Limon Peel Oil/Lemon Peel Oil, Copper PCA, Limonene, Anthemis Nobilis Flower Oil, Citral, Beta-Carotene.","Scoop up a generous amount of Avocado mask.
Work the rich, unique formula between fingertips until it feels smooth and creamy.
Smooth a thick, visible layer onto clean skin.
Leave on for 15 minutes.
Rinse with warm water and massage gently in a circular motion.
Pat dry with a soft towel.
Keep out of eyes.
Recommended for use 3 times per week."
pimprod2045909,The Crème Shop,Minnie Chic Reusable Jar + Exfoliating Cotton Pads,K-Beauty,,$7.00,,https://media.ulta.com/i/ulta/2629277?w=800&h=800&fmt=auto,1 Review,"Benefits
Soft and Absorbent
Gently Cleanses
Easy skincare application
Includes
Minnie Chic Reusable Jar (1 ct)
Exfoliating Cotton Pads (80 ct)
Item 2629277",Cotton.,"Soak the pad with a generous amount of product, and massage in an upward and outward motion.
Precautions: For external use only."
pimprod2037327,RoC,Retinol Correxion Deep Wrinkle Daily Moisturizer SPF 30,Moisturizers,Face Moisturizer,$29.99,1.0 oz,https://media.ulta.com/i/ulta/2605742?w=100&h=100&fmt=auto,434 Reviews,"Benefits
Made with pure ROC Retinol, America's #1 Most Awarded Retinol, this daily moisturizer is clinically proven to deliver a continuous reduction in wrinkles without the irritation to 100% of participants
Hydrate and protect skin while visibly smoothing deep wrinkles at the same time
Features
Dermatologist tested
Paraben-free
Oxybenzone-free
Research Results
Immediately: Skin is hydrated. 97% saw more supple skin
90% had a visible reduction in neck wrinkles
In 4 Weeks 100% had deep wrinkles visibly reduced
Item 2605742","Active: Avobenzone 3.0%, Homosalate 10.0%, Octisalate 5.0%
Inactive: Water, Glycerin, Diethylhexyl 2,6-Naphthalate, Dimethicone, Tetrahydroxypropyl Ethylenediamine, Butylene Glycol, Cyclohexasiloxane, Cetyl Alcohol, Butyrospermum Parkii (Shea) Butter, PPG-2 Myristyl Ether Propionate, Pentaerythrityl Tetraethylhexanoate, Squalane, Propanediol, Styrene/Acrylates Copolymer, Glyceryl Stearate, Aluminum Starch Octenylsuccinate, Retinol, Glycolic Acid, Tocopheryl Acetate, Ascorbyl Palmitate, Allantoin, p-Anisic Acid, Pentylene Glycol, Ceteth-20, Steareth-20, Polyacrylamide, PEG-8 Laurate, Laureth-7, C13-14 Isoparaffin, Ammonium Acryloyldimethyltaurate/VP Copolymer, PEG-75 Stearate, Cyclopentasiloxane, Polysorbate 20, Ascorbic Acid, Hydroxyphenyl Propamidobenzoic Acid, Caprylhydroxamic Acid, 1,2-Hexanediol, BHT, Disodium EDTA, Sodium Hydroxide, Fragrance.","Apply generously and evenly 15 minutes before sun exposure. Reapply at least every 2 hours. Use a water resistant sunscreen if swimming or sweating.
Precautions: Spending time in the sun creases your risk of skin cancer and early skin aging. To decrease this risk, regularly use a sunscreen with a broad spectrum SPF value of 15 or higher and other sun protection measures including: Limit time in the sun, especially from 10 a.m. - 2 p.m. Wear long-sleeved shirts, pants, hats and sunglasses. Children under 6 months of age, ask a doctor."
pimprod2049128,ANUA,Heartleaf LHA Moisture Peeling Gel,K-Beauty,,$20.00,4.05 oz,https://media.ulta.com/i/ulta/2634257?w=100&h=100&fmt=auto,2 Reviews,"Benefits
Gentle exfoliator for radiant and soft skin
For normal skin
Fragrance-free
Free Of: Denatured Alcohols / Parabens / Artificial Color / Oil / Silicones / Sulfates / Mineral Oil / Methylchloroisothiazolinone / Methylisothiazolinone / Animal Oils / Coal Tar Dyes
Key Ingredients
Cellulose: Draws up dead skin cells to gently exofliate the skin's surface
LHA: Milder form of Salicylic Acid which effectively removes excess sebum deep within the pores
HEARTLEAF+: Soothes sensitive skin irritations caused by dryness and helps maintain the skin's moisture
Hyaluronic Acid: Keep the skin moist and hydrated, Doesn't strip the skin dry
Research Results
Skin irritation test completed
Item 2634257","Water, Dipropylene Glycol, Cellulose, 1,2-Hexanediol, Houttuynia Cordata Flower/Leaf/Stem Water, Acrylates/C10-30 Alkyl Acrylate Crosspolymer, Tromethamine, Allantoin, Carthamus Tinctorius (Safflower) Flower Extract, Propanediol, Dextrin, Gardenia Florida Fruit Extract, Disodium EDTA, Theobroma Cacao (Cocoa) Extract, Glycerin, Aloe Ferox Leaf Extract, Bioflavonoids, Sodium Hyaluronate, Caprylyl Glycol, Capryloyl Salicylic Acid, Brassica Oleracea Italica (Broccoli) Extract, Ethylhexylglycerin.","After cleansing, gently massage for less than 1 minute.
Rinse with lukewarm water.
For sensitive skin, please use once a week, and for oily/combination skin, use up to twice a week at most.
Apply to areas where the skin gets oily - especially around the forehead and nose area (also known as the T-zone).
It is advised to use on damp skin for sensitive skin and on dry face for normal skin types."
pimprod2051622,Erborian,Skin Therapy Milky Multi-Perfecting Night Serum,Treatment & Serums,Face Serums,$49.00,1.0 oz,https://media.ulta.com/i/ulta/2641791?w=100&h=100&fmt=auto,7 Reviews,"Features
This potent bi-phase milky formula is all the power of Erborian's Korean skincare in a multi-perfecting night serum. Its promise: to make you feel confident in your bare skin again after just one night!
The fruit of Korean expertise, this lightweight serum targets 7 key aspects of the skin - wrinkles and fine lines, texture, evenness, luminosity, plumped appearance, nourishing action, and suppleness.
This concentrated, supercharged formula combines 17 plant extracts with high-performance skincare ingredients including 10% PHA and Hyaluronic Acid, for visible results from the first night.
With Korean Ginseng complex as effective as Retinol*
*Comparative test 2% Ginseng complex and 1% Retinol (ex vivo test on skin explants after 72 hours).
It's not a dream, it's Korean skincare!
Benefits
Clinically effective formula to deliver 7 benefits:
Appearance Of Fine Lines & Wrinkles**: Thanks to White & Red Ginseng Root Extracts, Wild yam, Kigelia, Giant horsetail & Licorice, known to have a smoothing action*
Skin Texture**: Thanks to PHA known for soothing exfoliating action and zinc, known to help improve skin texture.
Complexion Evenness**: Thanks to Yuzu extract known for antioxidant protection and to help complexion evenness.
Luminosity**Thanks to Red Pepper and PHA which targets skin luminosity
Plumpness**: Thanks to Bamboo and Squalane, known to moisturize, while hyaluronic acid helps to keep the skin looking plumper
Nourishment**: Thanks to the milky bi-phase serum texture
Suppleness**: Thanks to hyaluronic acid which targets skin hydration, leaving the skin more supple
Effectiveness provided by a complex of plant extracts
** Clinical scoring on 31 volunteers after 14 days
Research Results
Result after 1st Night:
97% agree that skin's texture is smoother*
97% agree that skin is intensely nourished*
After 14 Days:
84% agree appearance of fine lines & wrinkles are visibly smoothed/reduced*
After 28 days:
94% agree that skin appears more clear with less imperfections*
Clinically Effective: -33% visible reduction in appearance of fine lines and wrinkles **
Self-Esteem Boost: 81% no longer felt the need to wear makeup for the 1st time in their lives***
*Consumer test on 31 volunteers
** Clinical scoring on 31 volunteers
*** Consumer test on 31 volunteers after 28 day
Item 2641791","Aqua/Water, Gluconolactone, Squalane, Dicaprylyl Carbonate, Butylene Glycol, Pentylene Glycol, Helianthus Annuus (Sunflower) Seed Oil, Simmondsia Chinensis (Jojoba) Seed Oil, Sodium Hydroxide, Zinc Pca, Phyllostachys Bambusoides Juice, Ophiopogon Japonicus Root Extract, Phyllostachys Bambusoides Extract, Polygonatum Officinale Rhizome/Root Extract, Panax Ginseng Root Extract, Scrophularia Nodosa Extract, Capsicum Annuum Fruit Extract, Citrus Junos Fruit Extract, Centella Asiatica Leaf Extract, Glycyrrhiza Glabra (Licorice) Root Extract, Centella Asiatica Extract, Kigelia Africana Fruit Extract, Dioscorea Villosa (Wild Yam) Root Extract, Equisetum Giganteum Extract, Camellia Sinensis Leaf Extract, Polygonum Cuspidatum Root Extract, Scutellaria Baicalensis Root Extract, Chamomilla Recutita (Matricaria) Flower Extract, Rosmarinus Officinalis (Rosemary) Leaf Extract, Sodium Hyaluronate, Allantoin, Lactobacillus Ferment, PEG-60 Hydrogenated Castor Oil, Ceteareth-20, 1.2-Hexanediol, Glyceryl Caprylate, Beta-Glucan, Caprylyl Glycol, Tocopherol, Parfum/Fragrance, Alpha-Isomethyl Ionone, Linalool, Citronellol, Ethylhexylglycerin, Hexyl Cinnamal.","Shake the bottle before each use to mix the two phases. Empty the dropper first, then fill it. Use in the evening on clean, dry skin. Apply all over the face, before or instead of your night cream."
pimprod2046105,Clarins,Soothing Gentle Foaming Face Cleanser,Cleansers,Face Wash,$31.00,4.2 oz,https://media.ulta.com/i/ulta/2626927?w=100&h=100&fmt=auto,12 Reviews,"Benefits
Gently dissolves makeup, impurities + pollutants
Soothes + softens dry or sensitive skin
Hydrates, nourishes + comforts
Dermatologist-tested
Soap- and SLS-free
Key Ingredients
Gentle Complex [Organic Golden Gentian* & Organic Lemon Balm* extracts] softens + soothes
Organic Chamomile* extract soothes + softens dry or sensitive skin during makeup removal
Orchid Shea Butter* comforts, nourishes + reinforces the skin’s barrier function
Organic Soapwort* extract’s gentle natural foaming action removes all traces of dirt + grime for a clean, balanced, clear complexion
Moringa extract targets pollutants, while preserving skin’s natural moisture balance
Research Results
97% perfectly clean skin*
95% soft skin*
90% soothed skin*
*Consumer test - 110 women, after one use - tested for 2 weeks
Item 2626927","Aqua/Water/Eau, Sodium Cocoyl Isethionate, Glycol Distearate, Cocamidopropyl Betaine, Propanediol, Palmitic Acid, Stearic Acid, Glycerin, Glyceryl Behenate, Coconut Acid, 1,2-Hexanediol, Butyrospermum Parkii (Shea) Butter, Phenoxyisopropanol, Parfum/Fragrance, Sodium Stearoyl Glutamate, Sodium Citrate, Sodium Isethionate, Chlorphenesin, Xanthan Gum, Disodium Edta, Citric Acid, Maltodextrin, Moringa Oleifera Seed Extract, Sodium Benzoate, Melissa Officinalis Leaf Extract*, Saponaria Officinalis Leaf Extract, Gentiana Lutea Extract*, Chamomilla Recutita (Matricaria) Flower Extract, Potassium Sorbate, Ci 19140/Yellow 5, Ci 17200/Red 33, [V4330A].
*Domaine Clarins.","LATHER: Apply a dime-size amount over damp face and neck, and work into a lather. Avoid eye area.
MASSAGE: Gently massage over skin using circular motions, moving from the center of your face, outward.
RINSE: Splash with cool water in the morning; warm water in the evening. Pat dry."
pimprod2031971,Winky Lux,Wakey Wakey Under Eye Patches,Eye Treatments,Eye Masks,$22.00,30 ct,https://media.ulta.com/i/ulta/2590009?w=100&h=100&fmt=auto,113 Reviews,"Benefits
Cooling & de-puffing hydrogel eye patches
Brightens, hydrates & firms for well-rested, youthful-looking under eyes
Helps reduce appearance of puffiness, dark circles and under eye bags
Includes 30 pairs
Features
Caffeine helps reduce the appearance of puffiness & dark circles for well-rested, youthful-looking under eyes
Vitamin C brightens & firms while providing powerful antioxidant protection
Hyaluronic acid is a hydrating powerhouse that delivers intense moisture & plumps skin
Licorice extract helps combat discoloration while offering anti-inflammatory benefits to keep under eyes bright & puff-less
Item 2590009","Hydrolyzed Collagen, Vitamin C, Licorice Flavonoids, Oat Peptide, Scutellaria Extract, Hyaluronic Acid, Rose Essential Oil, Seaweed Polysaccharides.","Place one pair of eye patches onto clean, dry under eyes for 10-15 minutes. Remove patches and massage remaining serum into skin. Discard after use. Avoid direct contact with eyes.
Pro Tip: Store in the fridge for extra refreshment."
pimprod2050641,The Ordinary,The Glow Set with Glycolic Acid,By Category,Skin Gifts,$13.70,,https://media.ulta.com/i/ulta/2638459?w=100&h=100&fmt=auto,2 Reviews,"Benefits
Exfoliates
Smoother, brighter-looking skin
Plumped appearance
Features
Glycolic Acid 7% Exfoliating Toner: a daily AHA exfoliating toner made to promote smoother, brighter-looking skin. Helps to boost skin radiance as well as promoting more even-looking skin, making it suitable for those with concerns around dullness or uneven tone.
Natural Moisturizing Factors + PhytoCeramides: A rich, nourishing moisturizer that instantly replenishes skin’s hydration, and helps strengthen the skin barrier over time. It makes an ideal pairing with Glycolic Acid 7% Exfoliating Toner, as it helps promote a fresher, more plumped appearance.
Includes
Glycolic Acid 7% Exfoliating Toner (3.4 oz)
Natural Moisturizing Factores PhytoCeramides (1.0 oz)
Item 2638459","Glycolic Acid 7% Exfoliating Toner: Aqua (water), Glycolic Acid, Rosa Damascena Flower Water, Centaurea Cyanus Flower Water, Aloe Barbadensis Leaf Water, Propanediol, Glycerin, Triethanolamine, Aminomethyl Propanol, Panax Ginseng Root Extract, Tasmannia Lanceolata Fruit/leaf Extract, Aspartic Acid, Alanine, Glycine, Serine, Valine, Isoleucine, Proline, Threonine, Histidine, Phenylalanine, Glutamic Acid, Arginine, Pca, Sodium Pca, Sodium Lactate, Fructose, Glucose, Sucrose, Urea, Hexyl Nicotinate, Dextrin, Citric Acid, Polysorbate 20, Gellan Gum, Trisodium Ethylenediamine Disuccinate, Sodium Chloride, Hexylene Glycol, Potassium Sorbate, Sodium Benzoate, 1,2-hexanediol, Caprylyl Glycol.
Natural Moisturizing Factors + PhytoCeramides: Aqua (water), Caprylic/capric Triglyceride, Cetyl Alcohol, Propanediol, Stearyl Alcohol, Glycerin, Sodium Hyaluronate, Arginine, Aspartic Acid, Glycine, Alanine, Serine, Valine, Isoleucine, Proline, Threonine, Histidine, Phenylalanine, Glucose, Maltose, Fructose, Trehalose, Sodium Pca, Pca, Sodium Lactate, Urea, Allantoin, Linoleic Acid, Oleic Acid, Phytosteryl Canola Glycerides, Palmitic Acid, Stearic Acid, Lecithin, Triolein, Tocopherol, Carbomer, Isoceteth-20, Polysorbate 60, Sodium Chloride, Citric Acid, Trisodium Ethylenediamine Disuccinate, Pentylene Glycol, Triethanolamine, Sodium Hydroxide, Phenoxyethanol, Chlorphenesin.","Glycolic Acid 7% Exfoliating Toner: The Ordinary recommends performing a patch test prior to incorporating a new product into your skin care routine.
Use ideally in the PM, no more frequently than once per day. After cleaning, saturate a cotton pad with the formula and sweep across the face and neck. Avoid the eye contour and contact with eyes. This formula should not be used on sensitive, peeling or compromised skin. Limit sun exposure while using this product and for a week afterwards.
Contraindications: Do not use in the same routine as direct Acids, EUK 134 0.1%, retinoids, pure or ethylated vitamin C, or peptides.
Natural Moisturizing Factors + PhytoCeramides: Apply a small amount to the face in the morning and evening.
To use together, apply Glycolic Acid 7% Exfoliating Toner with either fingers or a cotton pad in the evening, and follow with a small amount of Natural Moisturizing Factors + PhytoCeramides to lock in hydration."
pimprod2035165,DIME,"Super Tight, Lift and Firm Serum",Treatment & Serums,Face Serums,$42.00,0.5 oz,https://media.ulta.com/i/ulta/2603234?w=100&h=100&fmt=auto,"3,383 Reviews","Benefits
Helps tighten and firm skin
Works to limit muscle contraction
Assists in keeping skin hydrated
Key Ingredients
Hydrolyzed Rhodphycea Extract: This is a type of red algae that helps with hydration and is a great source of antioxidants.
Leucojum Aestivum Bulb Extract: This ingredient assists in limiting the contraction of muscle cells or tissues. This helps the skin keep up with its daily repairing process to reduce the appearance of fine lines and wrinkles.
Multi-Peptide Blend (Palmitoyl Hexapeptide-19, Acetyl Dipeptide-1, and Palmitoyl Tripeptide-38): This blend has been shown to have anti-aging effects.
Formulated Without
Sulfates: DIME products never contain skin irritating ingredients such as sulfates. Sulfate-free products are gentle on the skin, and can help decrease the chances of an allergic reaction.
Parabens: Certain parabens have been linked to hormone disruption. DIME prohibits all parabens, including Ethylparaben, Butylparaben, Isobutylparaben, Isopropylparaben, Methylparaben, and Propylparaben.
Fragrance: DIME never uses any form of fragrance, natural or synthetic, in any facial skincare products.
Phthalates: Certain phthalates (like Dibutyl Phthalate, aka DBP, or DEHP, and DEP) appear on product labels, but most typically remain unlisted, hiding under the term “fragrance.” Since some phthalates have been linked to hormone disruption, DIME avoids them.
Item 2603234","Water, Acacia Senegal Gum, Pentylene Glycol, Propanediol, Butylene Glycol, Glycerin, Dipentaerythrityl Hexa C5-9 Acid Esters, Sea Water, Pullulan, 1.2 Hexanediol, Hydroeyacetophenone, Hydrolyzed Rhizobian Gum, Xanthan Gum, Sclerotium Gum, Lecithin, Sodium Stearoyl Glutamate, Sorbitan Laurate, Dipotassium Glycyrrhizate, Niacinamide, Sodium Phytate, Olea Europea (Olive) Fruit Unsaponifiables, Palmitoyl Hexapeptide-19, Silica, Hydroxyethylcellulose, Acetyl Dipeptide-1 Cetyl Ester, Hydrolyzed Rhodophycea Extract, Hydrocypropyl Cyclodextrin, Leucojum Aestivuym Bulb Extract, Palmitoyl Tripeptide-38.","Apply both morning and night after cleansing skin. Follow with a moisturizer after your Super Firm Serum has been completely absorbed and dried.
As a Conscious Beauty brand, DIME features sustainable packaging. Once product is empty, twist off cap, rinse bottle, and toss into recycling bin."
pimprod2046168,Dr. PAWPAW,Lip Balm SPF 30,Lips,Lip Balms & Treatments,$6.25,0.27 oz,https://media.ulta.com/i/ulta/2627029?w=100&h=100&fmt=auto,10 Reviews,"Benefits
Multipurpose SPF Balm
Hydrating
Nourishing
Added SPF to protect lips and skin from the sun
Features
SPF protection from UVA and UVB rays
Light weight formula
Conditioning formula
Enriched with a light mango and coconut fragranc
Key Ingredients
PAWPAW (Papaya Fruit)
Aloe Vera
Olive Oil
Sunflower Oil
Item 2627029","Ricinus Communis (Castor) Seed Oil, Ethylhexyl Methoxycinnamate, Homosalate, Octocrylene, Helianthus Annuus (Sunflower) Seed Oil, Hydroxystearic Acid, Ethylhexyl Salicylate, Butyl Methoxydibenzoylmethane, Euphorbia Cerifera (Candelilla) Wax, Olea Europaea (Olive) Fruit Oil, Parfum (Fragrance), Stearic Acid, Palmitic Acid, Carica Papaya (Papaya) Fruit Extract, Limonene, Aloe Barbadensis Leaf Extract.","Apply directly to lips & skin for nourishment & protection from the sun.
Precautions: For external use only. Avoid direct contact with eyes."
pimprod2036344,jane iredale,HydroPure Tinted Serum,Moisturizers,Tinted Moisturizer,$58.00,Fair 1,https://media.ulta.com/i/ulta/2605098?w=100&h=100&fmt=auto,984 Reviews,"Benefits
Provides intensive hydration and evens skin tone with sheer coverage.
Calms, soothes and delivers powerful antioxidant protection.
Diminishes the appearance of pores, fine lines and wrinkles.
Delivers a dewy finish for more youthful-looking skin.
Encapsulated liposomes contain pure mineral pigments & prevent active ingredients from degrading.
Airless pump maintains products integrity and allows use to dispense completely.
Key Ingredients
Hyaluronic Acid (2%) delivers immediate intensive hydration to the surface layers of the skin for an instant smoothing and firming effect.
Olive Squalane maintains the skin's moisture barrier by preventing trans epidermal water loss and impeding environmental irritants from penetrating skin, resulting in more hydrated skin.
CoQ10 is a powerhouse antioxidant that helps reduce oxidative stress and helps boost the skin's free radical-fighting abilities, reducing the appearance of fine lines and wrinkles.
Calendula, Algae, Willow Bark Extract and Aloe help to calm and soothe the skin.
Item 2605098","Water/Eau/Aqua, Glycerin, Agar, Dipropylene Glycol, Alcohol Denatured, Stearic Acid, Sodium Hyaluronate, Glyceryl Polymethacrylate, Aloe Vera Barbadensis Leaf Juice, Calendula Officinalis Flower Oil, Raphanus Sativus (Radish) Root Extract, Avena Sativa (Oat) Kernel Extract, Hyaluronic Acid, Camellia Sinensis Leaf Extract, Cetyl Ethylhexanoate, Glyceryl Acrylate/Acrylic Acid Copolymer, Tromethamine, 1,2 Hexanediol, Polysorbate 60, Glyceryl Stearate, Caprylic/Capric Triglyceride, Boron Nitride, Butyrospermum Parkii (Shea) Butter, Squalane, Beeswax, Sorbitan Olivate, Magnesium Aluminum Silicate, Ethylhexylglycerin, Allantoin, Salix Nigra (Willow) Bark Extract, Chondrus Crispus (Carrageenan) Extract, Magnesium Ascorbyl Phosphate (Vitamin C), Ubiquinone (Coenzyme Q10), Disodium EDTA, Tocopheryl Acetate, Algae Extract. May Contain: Mica, Titanium Dioxide (CI 77891), Iron Oxide (CI 77491), Iron Oxide (CI 77492), Iron Oxide (CI 77489), Iron Oxide (CI 77499), Chromium Oxide Green (CI 77288).","Dispense 1-2 pumps and mix with fingers to combine pigment and serum. Apply evenly to face and neck. Pair with a broad spectrum SPF. For additional coverage, top with your favorite foundation."
pimprod2043206,Carbon Theory.,Superfood Facial Cleansing Bar,Cleansers,Face Wash,$9.99,3.5 oz,https://media.ulta.com/i/ulta/2620554?w=100&h=100&fmt=auto,27 Reviews,"Benefits
Gently soothes and hydrates your complexion
Suitable for sensitive skin
Vegan
Key Ingredients
ucumber, Kale and Spinach Extract: Rich in Omega 3 fatty acids that support a healthy, glowing complexion and soothe sensitive skin
Shea Butter: Keeps skin nourished and hydrated
Research Results
Every skin is different, many customers see improvement in their skin in only 7 days but Carbon Theory. recommends using the products for 3-4 weeks for best results.
Item 2620554","Sodium Palmate, Sodium Palm Kernelate, Aqua (Water), Glycerin, Parfum (Fragrance), Butyrospermum Parkii (Shea) Butter, Sodium Citrate, Tetrasodium Glutamate Diacetate, Limonene, Citric Acid, Sodium Chloride, Spinacia Oleracea (Spinach) Extract, Cucumis Sativaus (Cucumber) Fruit Extract, Sodium Benzoate, Potassium Sorbate, CI 77891 (Titanium Dioxide), CI 77288 (Oxide), CI 19140 (Yellow 4), CI 42090 (Blue 2).","Activate cleansing bar with warm water, apply active foam to a wet face avoiding eyes and leave to penetrate skin for 30 seconds before rinsing thoroughly. Gentle enough to use twice daily.
If product enters the eyes, rinse well with warm water. Do not apply to irritated or broken skin. If irritation occurs, discontinue use."
pimprod2036662,NuFACE,TRINITY+ Advanced Facial Toning Microcurrent Kit + ELE Attachment,Skincare Tools,Anti-Aging,$495.00,,https://media.ulta.com/i/ulta/2600799?w=100&h=100&fmt=auto,334 Reviews,"Features
INSTANT & LONG-TERM RESULTS: 90% of users saw an INSTANT improvement in facial lift & contour*, 91% of users saw a long-term improvement in firmness of jowls and reduction of forehead lines*
FITNESS FOR YOUR FACE: Traditional skincare treats the skin's surface, but TRINITY+ goes deeper to smooth lines, gets an instant lift & contour, and sculpts deep down to the facial muscles
EXCLUSIVE SMART APP: Unlock App-Exclusive Treatments, step-by-step tutorials tailored to you, Selfie Tracker allows you to see progress and celebrate your achievements, custom reminders to help you stay on track
Allure Best of Beauty 2023 Winner
Research Results
Immediate Results*: 91% saw improved cheek contour**, 90% saw a lifted appearance**, 75% saw improved elasticity around the eyes + brows with Effective Lip & Eye Attachment
60 Day Results**: 93% saw reduction in deep forehead lines**, 91% saw improved lift + firmness of jowls**, 80% saw a lifted brow + awakened eye with Effective Lip & Eye Attachment
*Results from a consumer post-treatment questionnaire 15 minutes post-treatment
**With the Facial Trainer Attachment
Includes
Trinity+ Device
ELE Attachment for Eyes and Lips
Aqua Gel (1.69 oz) a two month supply
Silk Crème (0.5 oz) a two month supply
Item 2600799","Silk Crème: Aqua/Water/Eau, Caprylic/Capric Triglyceride, Butyrospermum Parkii Butter, Propanediol, Sodium Acrylates Copolymer, Sea Silt Extract, Isopentyldiol 1,2-Hexanediol, Adenosine, Bellis Perennis Flower Extract, Betaine, Biosaccharide Gum-4, Bisabolol, Caprylyl Glycol, Citric Acid, Ethylhexylglycerin, Glycerin, Helianthus Annuus Seed Oil, Hydrolyzed Hyaluronic Acid, Hylocereus Undatus Fruit Extract, Lecithin, Leucojum Aestivum Bulb Extract, Mannan, Olivine Extract, Pentylene Glycol, Sodium Citrate, Tocopherol, Tremella Fuciformis Sporocarp Extract, Trifolium Pratense Flower Extract, Zingiber Officinale Root Extract, mBenzoic Acid, Benzyl Alcohol, Phenoxyethanol, Potassium Sorbate, Sodium Benzoate, Sodium Metabisulfite
Aqua Gel: Water/Aqua/Eau, Propanediol, Sea Silt Extract, Hydrolyzed Hyaluronic Acid, Adenosine, Olivine Extract, Tremella Fuciformis Sporocarp Extract, Betaine, Glycerin, Carbomer, Hydroxyethylcellulose, Ethylhexylglycerin, Caprylyl Glycol, Sodium Citrate, Tocopherol, Benzyl Alcohol, Glyceryl Caprylate, Glyceryl Undecylenate, Potassium Sorbate, Disodium Phosphate, Sodium Phosphate, Sodium Metabisulfite, Phenoxyethanol, Sodium Hydroxide, Sodium Nitrate.","Cleanse: with an oil-free cleanser.
Boost: Apply a few drops one of our Super Booster serums onto fingertips and massage into clean, dry skin until fully absorbed.
Activate + Lift: Brush a mask-like layer of your favorite NuFACE Microcurrent Activator in sections as you lift. Perform glides/holds using your NuFACE Trinity+ Device. Add on the Effective Lip and Eye Attachment and perform glides/holds around the eyes, mouth and forehead.
Finish: Apply eye cream, moisturizer, and don't forget SPF!
Precautions: If you are under the care of a healthcare provider, consult your healthcare provider before using the Trinity+ Device and NuFACE® Trinity+ Effective Lip + Eye Attachment. Do not use over swollen, infected, inflamed areas or skin eruptions. This Device may not be safe for use on the neck in individuals with a known history of carotid artery disease, stroke or transient ischemic attack (TIA), carotid stenosis, unstable blood pressure, easy fainting, thyroid disease, or prior surgical procedures in the neck area. Avoid applying excessive pressure when using this device on the anterior neck, and avoid using the device over the midline of the neck. Please consult your healthcare provider if you have any concerns before use. Men should shave before use."
pimprod2008473,TONYMOLY,The Chok Chok Green Tea Watery Cream,Moisturizers,Face Moisturizer,$25.00,2.02 oz,https://media.ulta.com/i/ulta/2554534?w=100&h=100&fmt=auto,337 Reviews,"Benefits
Gel-based texture
Provides intense hydration without being sticky or too heavy on the skin.
The gel-based cream contains over 63% of fermented green tea extract.
Allows the skin to retain moisture for long hours by forming a thin hydrating layer on dry skin.
Key Ingredients
Pure Fermented Green Tea Extract - Naturally fermented green tea with high anti-oxidant and moisturizing benefits to the skin
Lemon seed Oil - Filled with antibacterial and antifungal properties
Rosewood Oil - Soothing and revitalizing
Item 2554534","Camellia Sinensis Leaf Extract(63%), Cyclomethicone, Propanediol, Glycerin, Glycereth-26, Pentaerythrityl Tetraethylhexanoate, Butylene Glycol Dicaprylate/Dicaprate, Sorbitan Olivate, Cetearyl Olivate, 1,2-Hexanediol, Polyacrylate Crosspolymer-6, Polysilicone-11, Phytosteryl/Octyldodecyl Lauroyl Glutamate, Ammonium Acryloyldimethyltaurate/VP Copolymer, Aniba Rosaeodora (Rosewood) Wood Oil, Citrus Limon (Lemon) Seed Oil, Disodium EDTA, 3-O-Ethyl Ascorbic Acid.",Apply as needed to face and neck. Can be used morning and night. Tip: When used as a five-minute emergency moisture mask: Apply generously to skin and tissue off.
pimprod2048682,STARFACE,Hydro-Star Clear Pimple Patches,Treatment & Serums,Acne & Blemish Treatments,$12.99,32 ct,https://media.ulta.com/i/ulta/2631426?w=100&h=100&fmt=auto,164 Reviews,"Benefits
Hydro-Stars® are made with 100% hydrocolloid to help reduce the appearance of inflammation and shrink spots overnight.
Hydro-Stars are perfect for all spots, especially juicy ones like surface-level pimples and whiteheads. Thanks to hydrocolloid's gentle properties, wearing Hydro-Stars just for fun is also safe (and encouraged!).
These clear stars shield your spots from outside bacteria and serve as a gentle reminder to avoid skin picking.
Dermatologist tested, and safe for every skin type, including sensitive.
Features
Perfectly shaped to grip the contours of the face, Hydro-Stars are designed to really stick and keep you feeling cute while caring for your skin.
Rounded, invisible edges are great for reaching spots in tight or awkward spaces, like the corner of your nose or side of your lip. Perfect for when you're feeling more lowkey.
Have double the fun with two sizes: 16 classic (14mm) and 16 big (18mm).
Take your stars everywhere you go with Big Yellow, a reusable, mirrored compact (sold separately) that holds your patches for easy application and storage.
Key Ingredients
Hydrocolloid is clinically proven to improve the appearance of pimples overnight: It draws out fluid, which can help soothe redness and inflammation.
Item 2631426",Hydrocolloid.,"Apply to clean, dry skin. Leave on overnight (or 6+ hours) for best results. Lift off in the morning and replace with a new star (if you want).
Precautions: Keep out of reach of children. For external use only. Do not use on damaged or broken skin. Stop using and ask a doctor if rash and/or irritation occur. If product is swallowed, get medical help or contact a poison control center right away. Protect the product in this pouch from excessive heat and direct sun."
pimprod2041945,BOBBI BROWN,Extra Repair Eye Cream Intense,Eye Treatments,Eye Cream,$99.00,0.5 oz,https://media.ulta.com/i/ulta/2617552?w=100&h=100&fmt=auto,169 Reviews,"Benefits
WAKES UP YOUR LOOK
Caffeine helps reduce the appearance of dark undereye circles.
Extra Repair Complex helps soften the look of fine lines and wrinkles.
Features
Olive Extract, Glycerin, and Shea Butter work together to intensely hydrate, moisturize, and condition.
Hyaluronic Acid helps moisturize and plump skin naturally.
Trehalose
Formulated Without
Parabens, Phthalates, Sulfates
Item 2617552","Water\Aqua\Eau, Petrolatum, Dimethicone, Butyrospermum Parkii (Shea) Butter, Glycerin, Butylene Glycol, Ceresin, Phenyl Trimethicone, Lauryl Peg-9 Polydimethylsiloxyethyl Dimethicone, Lanolin Alcohol, Sorbitol, Sodium Hyaluronate, Scutellaria Baicalensis Root Extract, Morus Bombycis (Mulberry) Root Extract, Ascophyllum Nodosum Extract, Asparagopsis Armata Extract, Camellia Sinensis (Green Tea) Leaf Extract, Olea Europaea (Olive) Fruit Extract, Salvia Sclarea (Clary) Extract, Pyrus Malus (Apple) Fruit Extract, Acetyl Hexapeptide-8, Limnanthes Alba (Meadowfoam) Seed Oil, Oenothera Biennis (Evening Primrose) Oil, Tocopheryl Acetate, Acetyl Glucosamine, Linoleic Acid, Caffeine, Micrococcus Lysate, Di-C12-15 Alkyl Fumarate, Vitis Vinifera (Grape) Seed Oil, Triticum Vulgare (Wheat) Bran Extract, Trehalose, Cholesterol, Pinanediol, Camphanediol, Sucrose, Stearic Acid, Palmitic Acid, Lecithin, Potassium Hydroxide, Silica, Pentylene Glycol, Peg-30 Dipolyhydroxystearate, Sodium Chloride, Hydroxystearic Acid, Peg-8 Distearate, Behenyl Alcohol, Fragrance (Parfum), Benzyl Salicylate, Sodium Sulfite, Sodium Metabisulfite, Disodium Edta, Tetrasodium Edta, Chlorphenesin, Potassium Sorbate, Phenoxyethanol
Please be aware that ingredient lists may change or vary from time to time. Please refer to the ingredient list on the product package you receive for the most up to date list of ingredients.","Warm up between fingertips then use your ring finger to gently swipe under the eyes, going from inner to outer corners. Lightly massage for full absorption, making sure not to pull or tug on this delicate area.
Use with: Extra Repair Moisture Cream Intense"
pimprod2028195,Bondi Sands,Self Tanning Foam Dark 1 Hour Express,Suncare,Self-Tanning & Bronzing,$29.00,6.76 oz,https://media.ulta.com/i/ulta/2589197?w=100&h=100&fmt=auto,116 Reviews,"Benefits
Perfect for on-the-go tanners looking to tackle last-minute tanning moments
Achieve a bronzed glow with just 1 hour of wear and your tan will continue to develop long after wash off
Easy-to-use foam formula
Guide color to assist with application
Fragrance Free
Item 2589197","Aqua, Dihydroxyacetone, Propylene Glycol, Polysorbate 20, Glycerin, Ethoxydiglycol, Phenoxyethanol, Coco-Glucoside, Glyceryl Oleate, Sodium Metabisulfite, Erythrulose, CI 14700 (FD&C Red No. 4), Peg-12 Dimethicone, CI 19140 (FD&C Yellow No. 5), Benzyl Alcohol, CI 42090 (FD&C Blue No. 1), Peg-12 Allyl Ether, Peg-12, Tocopheryl Acetate.","Step 1: For an even streak free tan, ensure your skin is clean, exfoliated and free of any moisturizers.
Step 2: Pump foam applicator firmly. Apply Bondi Sands Self Tanning Foam liberally to an Application Mitt. Use a long, sweeping motion to apply to legs, arms and body. Use remaining residue on mitt to apply to face, elbows and knees.
Step 3: Rinse skin after one hour for a long lasting dark tan. For the darkest tan leave foam on skin for two-three hours. Shower with warm water and gently pat skin dry.
Color Build:
1 Hour: Sunkissed
2 Hours: Light/Medium
3+ Hours: Bronzed
Precautions: This product does not contain a sunscreen and does not protect against sunburn. Repeated exposure of unprotected skin while tanning may increase the risk of skin aging, skin cancer and other harmful effects to the skin even if you do not burn. Keep out of the sight and reach of children. Carry out a patch test 24 hours prior to use. do not apply to damaged or inflamed skin. If irritation, redness or itchiness occurs, discontinue use. If swallowed, get medical attention or contact a poison control center right away. Keep away from eyes. If material accidentally enters the eye, rinse well with plenty of clean water. Seek medical attention if irritation persists. keep away from lip. If material accidentally contact with the lip, rinse well with plenty of clean water. Seek medical attention if irritation persists. Store in an upright position."
pimprod2017701,OSEA,Essential Hydrating Oil,Moisturizers,Face Oils,$36.00,0.34 oz,https://media.ulta.com/i/ulta/2570074?w=100&h=100&fmt=auto,280 Reviews,"Benefits
Visibly plumps the appearance of skin
Minimizes the look of fine lines and wrinkles
Locks in hydration for a healthy, glowing complexion
Restores radiance while softening and smoothing skin
Sustainably packaged: Bottle is made of frosted glass.
Key Ingredients
Pink microalgae: smooths the look wrinkles while visibly improving skin elasticity and firmness
Kukui Oil: softens, moisturizes and soothes dry skin
Macadamia Oil: moisturizes, nourishes and conditions skin
Jojoba Oil: nourishes and seals in essential moisture
Research Results
100% agreed skin felt smoother, nourished and soothed*
100% agreed skin looked moisturized and more even*
97% agree skin looked healthier and smoother*
94% agreed their skin was glowing*
*Based on a third-party consumer perception study conducted on 32 women ages 35-65, immediately after 1 use.
Item 2570074","Carthamus Tinctorius (Safflower) Seed Oil, Prunus Amygdalus Dulcis (Sweet Almond) Oil, Macadamia Integrifolia Seed Oil, Aleurites Moluccanus Seed Oil, Simmondsia Chinensis (Jojoba) Seed Oil, Citrus Aurantium Bergamia (Bergamot) Fruit Oil, Pelargonium Graveolens Flower Oil, Tocopherol, Thuja Occidentalis Leaf Oil, Elettaria Cardamomum Seed Oil, Lavandula Angustifolia (Lavender) Oil, Citrus Limon (Lemon) Peel Oil, Aniba Rosodora (Rosewood) Wood Oil, Anthemis Nobilis Flower Oil, Salvia Sclarea (Clary) Oil, Dunaliella Salina Extract.",Apply 2-3 pumps to the face as the last step in your skincare routine. Use morning and night.
pimprod2050101,Wildfleur,Pure Vitamin C 15% + Marigold Brightening Serum,Treatment & Serums,Face Serums,$26.00,1 oz,https://media.ulta.com/i/ulta/2634831?w=100&h=100&fmt=auto,473 Reviews,"Features
15% stabilized pure vitamin C
Patented technology featuring marigold
Bilayer serum
Clinically tested
Dermatologist tested
Key Ingredients
15% stabilized L-ascorbic acid - The only clinically tested, active form of pure vitamin C, proven to brighten skin, improve elasticity and combat the 8 signs of aging, including hyperpigmentation + discoloration, appearance of fine lines + wrinkles, loss of firmness + brightness
Xanthophyll - We stabilized pure vitamin C using our patented technology featuring xanthophyll carotenoids, a class of highly polar bioactives found in marigolds. With up to 65 times higher SOAC, xanthophyll shields pure vitamin C from bonding with reactive oxygen in the presence of air and light
Research Results
In a clinical study with over 80 people:
95% saw visible improvement in skin brightness after only 2 weeks
97% saw improvement in skin hydration after only 2 weeks
Item 2634831","Water / Aqua, Ascorbic Acid, Butylene Glycol, Propanediol, Squalane, Alcohol, Rosa Canina Fruit Oil, Bis-Peg-18 Methyl Ether Dimethyl Silane, Glycerin, Panthenol, Caffeine, Levan, Xanthophylls, Gardenia Florida Fruit Extract, Morinda Citrifolia Extract, Portulaca Oleracea Extract, Prunus Amygdalus Dulcis (Sweet Almond) Oil, Simmondsia Chinensis (Jojoba) Seed Oil, Capsicum Annuum Fruit Extract, Bisabolol, Helianthus Annuus (Sunflower) Seed Oil, Olea Europaea (Olive) Fruit Oil, Arginine, Carnitine, Glycine, Hibiscus Sabdariffa Flower Extract, Hippophae Rhamnoides Fruit Extract, Tocopherol, Carthamus Tinctorius Seed Oil, Tetrasodium Edta, Aronia Arbutifolia Fruit Extract, Glycyrrhiza Uralensis (Licorice) Extract, Calendula Officinalis Extract, Euterpe Oleracea Fruit Extract, Taraxacum Coreanum Flower Extract, Ferulic Acid, Allantoin, Sodium Metabisulfite, Boerhavia Diffusa Root Extract, Adenosine, Viscum Album (Mistletoe) Extract, Phaseolus Radiatus Seed Extract, Caprylyl/Capryl Glucoside, 1,2-Hexanediol, Sodium Hyaluronate, Carthamus Tinctorius (Safflower) Seed Oil, Pinus Pinaster Bark Extract, Tremella Fuciformis Extract, Ubiquinone, Glutathione, Polysorbate 60, Sodium Carbonate, Hydroxycinnamic Acid, Vaccinium Myrtillus Fruit Extract, Aloe Barbadensis Extract, Beta-Glucan, Ethylhexylglycerin.","Shake well to activate the two layers. Apply 2-3 pumps (6 to 8 drops) onto clean face and neck.
Tips:
Use in the AM as part of your daily morning routine, following with moisturizer + sunscreen
If you're new to pure vitamin C or have combination/oily or acne-prone skin, we recommend prepping the skin with our 2% salicylic acid toner before applying the vitamin C serum.
Note: Pure vitamin C has a natural scent that is slightly sour - Since XC15 is formulated with 15% stabilized pure vitamin C and does not have any added artificial fragrances (to avoid common allergens), you are likely to smell its natural scent within the formula but consider it as a certificate of authenticity that disappears quickly as the product is absorbed."
pimprod2032487,Womaness,Coco Bliss External Vaginal (& All-Over) Moisturizer,Treatment & Serums,Body Treatments,$21.99,4.0 oz,https://media.ulta.com/i/ulta/2596234?w=100&h=100&fmt=auto,32 Reviews,"Benefits
This dreamy coconut oil-based formula eases the vaginal dryness of menopause and helps prep you for intimacy
Works double duty: You can use this ultra-hydrating moisturizer everywhere else, especially on dry elbows or knees or as a sensuous massage lotion
Feels gorgeous and soothing on skin
Bright and natural coconut scent
Absolutely no estrogen, phytoestrogen, or added hormones
Free from animal-derived ingredients, parabens, phthalates, sulfates, artificial colors, formaldehyde, and mineral oils
Vegan, dermatologist- and allergy-tested, and made without soy or gluten
Due to the natural properties of coconut oil, Coco Bliss is thinner in warmer temps and thicker when chilled, but always melts into your skin as soon as it's applied
Key Ingredients
COCONUT OIL: All-natural moisturizer that boosts skin's protective barrier and helps it retain moisture
JOJOBA ESTERS: A safe and non-irritating emollient derived from the jojoba plant that's remarkably similar to your skin's natural oils
Research Results
95% said Coco Bliss reduces vaginal dryness
95% said it helps skin retain moisture
86% found it suitable as a massage oil
100% had no negative reactions
Results based on a 28-day, third-party clinical study of 20 women under gynecologist supervision, conducted 9/2021
Item 2596234","Prunus Amygdalus Dulcis (Sweet Almond) Oil, Cocos Nucifera (Coconut) Oil, Hydrogenated Olive Oil Cetyl Ester, Jojoba Esters, Acacia Decurrens Flower Wax, Helianthus Annuus (Sunflower) Seed Wax, Polyglycerin-3, Water, Vanillin.","For moisture or to prep for intimacy, apply a pea-sized amount to the external vaginal area and gently massage in. May also be used to soothe any part of your skin, such as dry patches on hands, feet, or elbows.
Due to the natural properties of coconut oil, Coco Bliss is thinner in warmer temps and thicker when chilled, but always melts into your skin as soon as it's applied
Precautions: For external use only. Do not use with latex products such as condoms and dental dams; safe for use with polyurethane products. Contains nuts."
pimprod2025801,Buttah Skin,Skin Transforming Kit with Facial Shea Butter,Body Moisturizers,Body Butters,$65.00,,https://media.ulta.com/i/ulta/2585283?w=100&h=100&fmt=auto,"8,571 Reviews","Benefits
Daily gel cleanser gently lifts away dirt, oil, debris, and radiance-dulling surface cells for smoother, brighter, healthy skin without stripping the skin
Vitamin C for brighter, vibrant, and truly healthy looking skin
Boost radiance as you soothe hydrate and nourish your skin with pure, rich unrefined organic Shea Butter imported from Africa
Features
Formulated especially for melanin rich complexions and all skin types
Includes
Cleanser 3.4 oz
Facial Shea Butter 2.0 oz
Vitamin C Serum 1.0 oz
Item 2585283","BUTTAH SKIN CLEANSER: Water (Aqua), Disodium Cocoamphodiacetate, Sodium Lauryl Sulfoacetate, Disodium Laureth Sulfosuccinate, Cocamidopropyl Betaine, Glycerin, Lavender Flower Extract, Panthenol, Potassium Sorbate, Citric Acid, Sodium Chloride, Phenoxyethanol, Ethylhexylglycerin. BUTTAH SKIN VITAMIN C SERUM: Aqua (Deionized Water), Ethoxydiglycol, Ascorbic Acid (Vitamin C), Polysorbate 20, Propylene Glycol, Retinyl Palmitate (Vitamin A), Phenoxyethanol, PEG/PPG-18/18 Dimethicone, Glycerin, Laureth-23, Tocopheryl Acetate (Vitamin E), Ferulic Acid, Chamomilla Recutita (Matricaria) Extract, Camellia Sinensis (Green Tea) Leaf Extract, Vitis Vinifera (Grape) Seed Extract, Epilobium Angustifolium Extract, Potassium Sorbate, Benzyl Alcohol, Panthenol, Sodium Hyaluronate, Parfum (Fragrance). FACIAL SHEA BUTTER: Virgin Organic Unrefined Shea Butter.",CLEANSER: Squeeze a penny-size amount into palm. Massage over damp skin in a circular motion. Rinse thoroughly with cool water. Excellent for daily use on all skin types. SERUM: Squeeze a penny-size amount into palm. Massage over damp skin in a circular motion. Rinse thoroughly with cool water. Excellent for daily use on all skin types. BUTTER: Apply a dime size amount to finger tips. Warm the product in your palms and massage generously over the face.
pimprod2045268,Doré,La Crème Daily Fragrance-Free Moisturizer for Sensitive Skin,Moisturizers,Face Moisturizer,$36.00,1.7 oz,https://media.ulta.com/i/ulta/2626469?w=100&h=100&fmt=auto,118 Reviews,"Benefits
Hydrates, softens, smooths and brightens the skin
Absorbs well for lasting hydration
Formulated to be applied after any serums or treatments but before any SPF or makeup
Tested under dermatological control
Suitable for all skin types including sensitive skin
EWG VERIFIED™
Plastic Neutral through Doré’s partnership with rePurpose Global
La Crème’s pack is made with 50% post consumer recycled plastic (PCR) and can be recycled through any recycling program in partnership with Pact. The outer packaging can be placed in recycling or compost bin
Fragrance-free
Non-comedogenic
Made in France
Key Ingredients
Marine Algae: Encourages healthy skin metabolic function by stimulating hyaluronic acid synthesis, replenishing the skin barrier while fighting the breakdown of collagen and elastin
Hyaluronic Acid: A naturally derived humectant that supports moisture retention in the skin
White Lily: Brightens and improves skin tone while repairing the skin from UV damage and oxidative stress
Research Results
La Crème has been clinically tested under dermatological control with a diverse group of participants, with ages spanning 20s to 70s, over 28 days of use:
100% said skin is softer
91% said skin is smoother
91% said skin tone is brighter
Item 2626469","Aqua (Water/Eau), Glycerin, Dicaprylyl Ether, Coco-caprylate/Caprate, Butyrospermum Parkii (Shea) Butter, Propanediol Dicaprylate, Tapioca Starch, Candelilla/Jojoba/Rice Bran Polyglyceryl-3 Esters, Glyceryl Stearate, Glyceryl Stearate Citrate, Behenyl Alcohol, Lauryl Laurate, Caprylic/Capric Triglyceride, Cetearyl Alcohol, Sodium Stearoyl Lactylate, Sodium Levulinate, Cera Alba (Beeswax/Cire d'abeille), Helianthus Annuus (Sunflower) Seed Oil, Xanthan Gum, Sodium Benzoate, Sodium Anisate, Salicylic Acid, Sodium Hyaluronate, Aloe Barbadensis Leaf Extract, Alaria Esculenta Extract, Lilium Candidum Flower Extract, Pelvetia Canaliculata Extract, Sodium Citrate, Tocopherol, Dehydroacetic Acid, Benzyl Alcohol
All Doré products are EWG VERIFIED™, which means they meet EWG's strict, scientific standards for transparency and health. Their team of toxicologists, chemists, and epidemiologists scrutinizes every product, empowering you to purchase safer skincare.","Apply 1-2 pumps both AM and PM to a clean, dry face and neck until fully absorbed. To be applied after any serums or treatments, but before any SPF products. Use within 12 months of opening.
Pro tip:
This moisturizing clean formula is safe to use around the eyes. La Crème can be used as an eye cream.
Four simple steps, one skincare routine. Suitable for both AM and PM:
Step 1: Cleanse with La Micellaire Botanical Cleansing Water and/or Le Cleanser Gel to Milk Cleanser
Step 2: Reduce puffiness, tighten skin and calm redness with Le Glaçon Facial Ice Roller
Step 3: Hydrate, soften and brighten the skin with La Crème All-in-One Daily Moisturizer
Step 4: Add extra moisture and repair dry skin with Le Baume All-in-One Balm"
pimprod2051524,PMD,Clean Mini - Smart Facial Cleansing Device,Travel Size Skin Care,,$49.00,,https://media.ulta.com/i/ulta/2640279?w=100&h=100&fmt=auto,69 Reviews,"Features
SonicGlow Technology: With 7,000 vibrations per minute, Clean deeply removes the skin’s impurities by breaking down dirt and oil from within the pores.
Mini & Mighty: A compact and travel-friendly solution matching the same cleansing results as our best-selling Clean.
The Beauty of Silicone: Using ultra-hygienic silicone, Clean is odor-resistant, antibacterial, hypoallergenic, and waterproof. Our hassle-free brush head never needs replacing.
Customizable for All Skin Types: A powerful cleansing device with bristles gentle enough for all skin types. With four customizable modes, Clean provides a full spectrum of cleansing options.
Anti-Aging Facial Massage: Supercharge your skin care regimen by using our SonicGlow™ technology to massage serums and moisturizer into skin for a more youthful look.
Benefits
Deep daily cleansing
Minimize the appearance of blackheads
Reduce oil congestion
Skincare newbie friendly
Travel size
Includes
PMD Clean Mini
AAA Battery
Item 2640279",,"Rinse face with warm water and gently rub in cleanser.
Rinse Clean under water and power on device. We recommend modes 1 and 2 for optimum cleansing results.
Move brush head in circular motions, cleansing entire face. It is safe to spend more time in areas that may be of a personal concern.
Rinse face and Clean of any excess cleanser then pat dry.
Apply moisturizer and activate mode 3 or 4 to massage in product and lift, firm, and tone the skin."
pimprod2052234,ROUND LAB,1025 Dokdo Cleansing Oil,K-Beauty,,$25.99,6.76 oz,https://media.ulta.com/i/ulta/2643235?w=100&h=100&fmt=auto,2 Reviews,"Benefits
Effortlessly removes sunscreen, makeup, and daily impurities in a single cleanse
Gently dissolves blackheads, heavy makeup, and impurities for a deep cleanse
Lightweight oil texture rinses clean without leaving residue or stripping the skin
Enriched with skin-loving plant oils to soothe and condition during cleansing
Clinically tested to remove ultra-fine dust and rated “EXCELLENT” by Germany’s Dermatest
Key Ingredients
Ulleungdo deep-sea water – Rich in calcium, magnesium, and zinc to support skin’s moisture balance
Meadowfoam Seed Oil – Helps dissolve makeup while providing a soft, silky finish
Grape Seed Oil – Lightweight oil rich in antioxidants to help clarify and calm the skin
Evening Primrose Oil – Known for soothing benefits that help maintain skin health
Avocado Oil – Packed with essential fatty acids to nourish and protect the skin barrier
Item 2643235","Ethylhexyl Stearate, Sorbeth-30 Tetraoleate, Diisostearyl Malate, Citrus Aurantium Bergamia (Bergamot) Fruit Oil, Limonene, Linalool, Ethylhexylglycerin, Salvia Officinalis (Sage) Oil, Water(Aqua), Canola Oil, Limnanthes Alba (Meadowfoam) Seed Oil, Oenothera Biennis (Evening Primrose) Oil, Persea Gratissima (Avocado) Oil, Vitis Vinifera (Grape) Seed Oil, Macadamia Integrifolia Seed Oil, Sea Water(Maris Aqua), Butylene Glycol, Allantoin, Panthenol, 1,2-Hexanediol, Caprylic/Capric Triglyceride, Tocopherol, Phosphatidylcholine, Hyaluronic Acid, Ceramide NP, Glycine, Hydrolyzed Hyaluronic Acid, Glutamic Acid, Serine Sodium Hyaluronate, Alanine, Lysine, Arginine, Proline, Threonine.","Dispense 2--3 pumps onto dry hands and gently massage over a dry face.
Add a little water and continue massaging until the oil emulsifies into a milky texture.
Rinse thoroughly with lukewarm water."
pimprod2051237,fresh,Mini Sugar Strawberry Exfoliating Face Wash,Cleansers,Cleansing Exfoliators,$18.00,1.6 oz,https://media.ulta.com/i/ulta/2617061?w=100&h=100&fmt=auto,"3,088 Reviews","Benefits
Exfoliates and cleanses-all in one
Gently refines skin texture with melting sugar
Maintains skin's moisture for a supple, smooth finish
Key Ingredients
A customized blend of white sugar crystals helps to smooth and soften the skin.
Strawberry and black currant fruit extracts help to maintain a healthy-looking complexion.
Grapeseed oil helps to maintain hydration.
Soap berry peel extract helps to gently cleanse.
Research Results
100% agreed their skin is smooth & soft after 1 use*
97% said it refined their skin's texture after 1 use*
98% agreed it removed impurities that congest pores*
95% felt it cleansed & polished skin without stripping moisture*
Scientifically proven to preserve skin's moisture for 6 hours**
*self-assessment, 60 subjects, 4 weeks
**instrumental test, 32 subjects
Item 2617061","Glycerin, Sucrose, Butylene Glycol, Fragaria Ananassa (strawberry) Fruit Juice, Polyglyceryl-4 Oleate, Ribes Nigrum (black Currant) Fruit Extract, Zea Mays (corn) Starch, Vitis Vinifera (grape) Seed Oil, Quillaja Saponaria Bark Extract, Tocopherol, Parfum (fragrance), Carbomer, Aqua (water), Sodium Hydroxide, Ascorbic Acid, Citric Acid, Sodium Benzoate, Potassium Sorbate, Limonene, Citral, Benzyl Alcohol, Linalool \<19371\>.","Apply to damp skin and massage with warm water until the sugar dissolves, then rinse. Customize your level of exfoliation by using less water for a stronger scrub or more water for a gentler exfoliation. Mild enough to be used daily."
pimprod2034353,LOOPS,Double Take Glow Face Mask 5 Piece Set,Treatment & Serums,Face Masks,$30.00,5 ct,https://media.ulta.com/i/ulta/2599939?w=100&h=100&fmt=auto,215 Reviews,"Benefits
Brightening, pore refining, calming, ingredients to help provide your skin with an extra glow in just 10 minutes
Can be used as needed, or as part of your weekly face care routine
Each set includes 5 face masks
Hydrogel mask material is eco-friendly
Won't clog pores
For all skin types
Dermatologist tested
Formulated without: Parabens, Sulfates, Phthalates, Synthetic Fragrances, Drying Alcohol, Mineral Oil.
Features
Innovative hydrogel technology allows the mask to adhere to your skin, while simultaneously helping Loops ingredients absorb more effectively
LOOPS masks won't slip or drip, because your face care routine shouldn't have to slow you down
Key Ingredients
Sunflower Seed Oil - fortifies your skin with omega-6 fatty acids and vitamin E promoting a luminous glow
Hyalurosmooth - mimics the effects of hyaluronic acid to moisturize, soften, and brighten skin
Anti-Sebum Complex - helps maintain a balanced complexion by refining pores and removing excess oil
Aloe Vera - locks in moisture for smooth, plump-looking skin while calming inflammation
Item 2599939","Water (Aqua/Eau), Glycerin, Propanediol, Ceratonia Siliqua (Carob) Gum, Butyrospermum Parkii (Shea) Butter, Chondrus Crispus Powder, Hydroxyacetophenone, Hydroxyethyl Urea, Chlorphenesin, Allantoin, Cellulose Gum, Glucomannan, Panthenol, Xanthan Gum, Disodium EDTA, Potassium Chloride, Sodium Polyacrylate, Dipotassium Glycyrrhizate, Dextrin, Ethylhexylglycerin, Helianthus Annuus (Sunflower) Seed Oil, Aloe Barbadensis Leaf Water, Butylene Glycol, Tocopherol, 1,2-Hexanediol, Cassia Angustifolia Seed Polysaccharide, Phenoxyethanol, Oenothera Biennis (Evening Primrose) Flower Extract, Pinus Palustris Leaf Extract, Pueraria Thunbergiana Root Extract, Ulmus Davidiana Root Extract, Titanium Dioxide (CI 77891), Red 40 (CI 16035), Ext. Violet 2 (CI 60730).","The Moment It's For: Before big events for a major glow - it's everything you need to put heads on swivels - all on a moment's notice. Use for 10 minutes, 2-3 times a week for best results.
Start by cleansing skin and gently patting dry.
Tear package at notch to open, pull out tray, and remove film from mask.
Apply the textured side of the mask to face, starting with the top half and then bottom.
Leave on for a LOOP (10 minutes), then peel off.
Tap remaining serum into skin for full ingredient absorption.
Incorporate LOOPS into your regular face care routine for best results.
Please note: face masks will not stick to facial hair."
pimprod2038594,St. Tropez,Self Tan Glow & Go 2 Piece Kit,By Price,$100 and Under,$55.00,,https://media.ulta.com/i/ulta/2608189?w=100&h=100&fmt=auto,331 Reviews,"Includes
St.Tropez Luxe Tan Tonic Glow Drops (1.0 oz)
St.Tropez Gradual Tan Classic Daily Firming Lotion Light/Medium (6.76 oz)
Item 2608189","Niacinamide, Hyaluronic Acid, Echinacea, Vitamin E.","Exfoliate and moisturize dry areas such as hands, feet, ankles and wrists. With or without a mitt, apply the Gradual Tan Daily Firming Lotion like a moisturizer and reapply daily to build your desired glow. Create a Sunkissed glow with our Luxe Tan Tonic Drops by applying directly to the face or mixing with your moisturizer. Customize your depth of tan with 2-6 drops as desired. Wash hands after application.
Precautions: Patch test 24 hours before use. Do not apply to sensitive, broken, irritated skin. Do not get in eyes, if you do, rinse well with water. Avoid contact with lips. Self-tan may stain. Wash palms after use. Store below 86 degrees F. Natural ingredients may cause product to discolor over time."
pimprod2017020,Neutrogena,Hydro Boost Glow Primer + Serum,Face,Face Primer,$21.99,1.0 oz,https://media.ulta.com/i/ulta/2570097?w=100&h=100&fmt=auto,210 Reviews,"Benefits
A moisturizing serum-to-primer hybrid
Gives your skin an energized glow
Infused with purified Hyaluronic Acid
Can be used to prepare skin before makeup or for its own hydrating benefits
Item 2570097","Water, Dipropylene Glycol, Glycerin, Propanediol, 1,2-Hexanediol, Phenoxyethanol, Ethylhexylglycerin, Sodium Hyaluronate, Xanthan Gum, Disodium EDTA.",Can be used to bridge the gap from skincare to makeup. Wear before makeup application to prep skin or alone as a hydrating serum to leave skin looking dewy.
pimprod2048545,Oak Essentials,Renew Face Polish,Treatment & Serums,Face Peels & Exfoliators,$58.00,3.4 oz,https://media.ulta.com/i/ulta/2631913?w=100&h=100&fmt=auto,210 Reviews,"Key Ingredients
Upcycled Pineapple Extract: Sustainably derived, it helps to refine skin and delicately exfoliate with gentle enzymes and polishing beads for a luminous glow. Enhanced with Smart Skin Technology, the biodegradable physical exfoliators dissolve under pressure to prevent over-exfoliation.
Red Seaweed Algae Extract: Packed with vitamins and minerals to help boost circulation and cell renewal. Acts as a natural humectant to promote smooth, soft, and healthier-looking skin.
Potato Extract: Derived from the nutrient-rich pulp, it is loaded with Vitamin C, Vitamin B6, and antioxidants to naturally help brighten dull and lackluster skin.
Formulated Without
Animal Derived Ingredients
Colorants
Gluten
Mineral Oil
Nanoparticles
Nuts/Nut Oil
Parabens, Paraffin, PEG's, Petrolatum, Phenoxyethanol, and Pthalates
Silicones, Sulfates, Synthetic Fragrances
Item 2631913","Glycerin, Sodium Bicarbonate, Propanediol, Euphorbia Cerifera (Candelilla) Wax, Water (Aqua), Solanum Tuberosum (Potato) Pulp Extract, Glyceryl Stearate, Trihydroxystearin, Bromelain, Silica, Ethylhexylglycerin, Glucose, Panthenyl Triacetate, Pentylene Glycol, Cellulose, Furcellaria Lumbricalis Extract, Caprylyl Glycol, Potassium Sorbate, Sodium Phytate, Hydroxypropylcellulose.","How-to: Use AM or PM. Apply an even layer to clean, damp skin and gently massage in a circular motion for 30 seconds. Rinse thoroughly with warm water and pat skin dry. Use 1-3 times per week, as needed. Follow with Balancing Mist and Moisture Rich Balm.
Warning: For external use only. Keep out of reach of children. Avoid direct contact with eyes. If contact occurs, rinse with water immediately. Do not ingest. Do not store at elevated temperatures. Tip: For a spa-like experience, use in the shower with warm to hot water to help soften skin prior to exfoliating."
pimprod2050111,Wildfleur,Salicylic Acid 2.0% + Willowherb Clarifying Toner,Cleansers,Toner,$21.00,5 oz,https://media.ulta.com/i/ulta/2634837?w=100&h=100&fmt=auto,184 Reviews,"Features
2.0% salicylic acid (BHA)
pH balanced - Between 3.5 and 4.5 (slightly acidic to optimize for penetration and exfoliation)
Designed to exfoliate without disrupting the skin barrier
Clinically tested
Dermatologist tested
Suitable for all skin types (including sensitive skin)
Formulated without: artificial fragrances, artificial colors, parabens, sulfates (including SLS + SLES), siloxanes, phthalates
Key Ingredients
2.0% Salicylic Acid - The clinically tested and dermatologist recommended type of beta-hydroxy acid (BHA), proven to exfoliate skin debris (dead skin cells) and dirt buildup, improve skin texture and combat breakouts
Flavonoids - A class of polyphenolic bioactives that act as detoxifying agents and help promote salicylic acid's activity against bacterial cell walls and membranes
Research Results
In a clinical study with over 50 people:
95% saw visible improvement in skin hydration after only 2 weeks
93% saw improvement in skin smoothness after only 2 weeks
91% saw visible improvement in skin brightness after 4 weeks
91% saw clearer skin after 4 weeks
Item 2634837","Water / Aqua, Methylpropanediol, Butylene Glycol, Salicylic Acid, 1,2-Hexanediol, Epilobium Angustifolium Extract, Allantoin, Zinc Pca, Centella Asiatica (Asiatic Pennywort) Extract, Salix Alba (Willow) Bark Extract, Pinus Palustris Leaf Extract, Ulmus Davidiana Root Extract, Oenothera Biennis (Evening Primrose) Flower Extract, Hydroxyacetophenone, Polysorbate 20, Sodium Phytate, Sodium Hydroxide, Mentha Piperita (Peppermint) Leaf Extract, Phenoxyethanol, Ethylhexylglycerin, Pueraria Lobata (Kudzu) Root Extract.","After cleansing, apply over face and neck with a cotton pad or fingers (AM + PM). Do not rinse. Always apply SPF during daytime.
Tip: This toner contains a high concentration of salicylic acid, suitable for sensitive skin, but it is always recommended to start slowly when adding an exfoliant to your skincare routine and increase frequency of use once your skin is acclimated."
pimprod2041641,Origins,Double Cleanse Checks and Balances Double Cleansing Duo,By Category,Skin Gifts,$11.00,,https://media.ulta.com/i/ulta/2615221?w=100&h=100&fmt=auto,2 Reviews,"Benefits
Double cleanses for a pure, clean feeling
Key Ingredients
Mint
Plant-Derived Glycerin
Includes
Checks And Balances Milky Oil Cleanser + Makeup Melter (1.0 oz)
Checks And Balances Frothy Face Wash (1.0 oz)
Item 2615221","Checks And Balances Milky Oil Cleanser + Makeup Melter: Glycerin, Oryza Sativa (Rice) Bran Oil, Water\Aqua\Eau, Heptyl Undecylenate, Polysorbate 85, C9-12 Alkane, Squalane, C13-15 Alkane, Prunus Amygdalus Dulcis (Sweet Almond) Oil, Avena Sativa (Oat) Kernel Extract, Caffeine, Sorbitol, Squalene, Phytosterols, Elaeis Guineensis (Palm) Oil, Tocopherol, Caprylyl Glycol, Butylene Glycol, Tocotrienols, Citric Acid, Phenoxyethanol, Sodium Benzoate.
Checks And Balances Frothy Face Wash: Water\Aqua\Eau, Myristic Acid, Glycerin, Behenic Acid, Sodium Methyl Cocoyl Taurate, Palmitic Acid, Potassium Hydroxide, Lauric Acid, Stearic Acid, Anthemis Nobilis Flower Oil *, Mentha Viridis (Spearmint) Leaf Oil*, Pelargonium Graveolens Flower Oil*, Lavandula Hybrida Oil*, Citrus Aurantium Bergamia (Bergamot) Fruit Oil*, Styrax Benzoin Gum, Linalool, Limonene, Tourmaline, Laminaria Saccharina Extract, Hydrolyzed Wheat Protein, Ethylhexylglycerin, Tocopherol, Cetearyl Alcohol, Polyquaternium-7, Butylene Glycol, Disodium Edta, Peg-3 Distearate, Sodium Benzoate, Phenoxyethanol.
* Essential Oil","Checks And Balances Milky Oil Cleanser + Makeup Melter: Use morning/night. Shake well to activate. Gently smooth onto dry face, lips and eyes, then add warm water and massage until milky. Rinse clean to remove makeup and impurities.
Checks And Balances Frothy Face Wash: Squeeze a small amount of face wash into palm, add tepid water to lather, then swirl over skin, steering clear of eyes. Rinse thoroughly."
pimprod2038615,J.Cat Beauty,Dew Glow Lip Hydrator,Lips,Lip Balms & Treatments,$5.99,Dew-Hydrate,https://media.ulta.com/i/ulta/2610131?w=100&h=100&fmt=auto,29 Reviews,"Key Ingredients
Contains jojoba oil, macadamia oil, meadowfoam seed oil to moisturize the lips
Item 2610131","Dew Hydrate: Squalane, Polybutylene, Ceresin, Ethylhexyl Palmitate, Cera Microcristallina, Ozokerite, Candelilla Cera, Copernicia Cerifera (Carnauba) Wax, Ethylparaben, Phenoxyethanol, Methylparaben, Bis-Diglycerylpolyacyiadipate-2, Ethylhexyl Methoxycinnamate, Tocopheryl Acetate. May Contain: Titanium Dioxide (CI 77891), Mica (CI 77019), Red 28 Lake (CI 45410), D&C Red No. 7 (CI 15850), Fd&C Yellow No.5 (CI 19140), Yellow Iron Oxide (CI 77492), Red Iron Oxide (CI 77491), Parfum, Black Iron Oxide (CI 77499), Tin Dioxide (CI 77861), Blue No.1 Aluminum Lake (CI 42090)","Pull of cap and twist up the lippie. Apply directly on the lips.
Pro Tip: Pair with a lip liner for more defined look. You can also apply to the center of the lips and blend out the edges for a gradient effect!"
pimprod2019399,FOREO,BEAR Mini Smart Microcurrent Facial Toning Device,Skincare Tools,Anti-Aging,$219.00,,https://media.ulta.com/i/ulta/2570434?w=100&h=100&fmt=auto,120 Reviews,"Benefits
Advanced microcurrent helps reduce the appearance of fine lines and sagging skin
T-Sonic pulsations help energize the skin for a stimulating facial treatment
The optimized design is ultra-lightweight and ergonomic to best fit the facial curves
Up to 90 uses per full charge with no charging dock for a sleek portable device you can use at home or on the go
Features
FDA-cleared
3 advanced microcurrent intensities
T-Sonic pulsations
Ergonomic and portable design
Waterproof for easy cleaning
Up to 90 uses per full charge
2-year limited warranty
Includes
BEAR MINI
USB Charging Cable
Device Stand
SERUM SERUM SERUM Sample
Quick Start Guide
General Manual
Item 2570434","Body-Safe silicone, ABS Plastic, Chrome plated Alloy","First, clean and dry your face and neck carefully. Then apply FOREO's SERUM SERUM SERUM to your skin, distributing it evenly across all areas you wish to treat. Finally, select your preferred facial fitness routine in the app or follow the step-by-step guide for Manual Mode, which can be found above or in the User Manual that came with your BEAR Mini device"
pimprod2049102,Dermalogica,Stressed Skin Recovery System,By Category,Skin Gifts,$129.00,,https://media.ulta.com/i/ulta/2633651?w=100&h=100&fmt=auto,141 Reviews,"Benefits
MultiVitamin Power Recovery Cream: treats and helps prevent visible signs of stressed skin - including fine lines, dehydration, and dullness
MultiVitamin Power Recovery Masque: kick-starts results, helping to rescue dull and lackluster skin with a concentrated complex of vitamins A, C and E
Key Ingredients
A concentrated complex of vitamins A, C, and E
Includes
MultiVitamin Power Recovery Cream (1.7 oz)
MultiVitamin Power Recovery Masque (2.5 oz)
Item 2633651","MultiVitamin Power Recovery Cream: Water/Aqua/Eau, Glycerin, Butylene Glycol, C12-15 Alkyl Benzoate, Panthenol, Linoleic Acid, Cetyl Palmitate, Niacinamide, Propanediol, Cetearyl Alcohol, Ethylhexyl Olivate, Cetearyl Olivate, Caprylic/Capric Triglyceride, Tocopheryl Acetate, Palmitoyl Tetrapeptide-7, Hydroxyacetophenone, Haematococcus Pluvialis Extract, Dipotassium Glycyrrhizate, Lactic Acid, Aminopropyl Ascorbyl Phosphate, Glycine Soja (Soybean) Oil, Aniba Rosodora (Rosewood) Wood Oil, Eugenia Caryophyllus (Clove) Leaf Oil, Anthemis Nobilis Flower Oil, Citrus Limon (Lemon) Peel Extract, Pelargonium Graveolens Flower Oil, Citrus Limon (Lemon) Peel Oil, Simmondsia Chinensis (Jojoba) Seed Oil, Cupressus Sempervirens Leaf/Nut/Stem Oil, Cymbopogon Martini Oil, Cymbopogon Schoenanthus Oil, Rosmarinus Officinalis (Rosemary) Leaf Extract, Eucalyptus Globulus Leaf Oil, Rosa Damascena Flower Oil, Daucus Carota Sativa (Carrot) Root Extract, Helianthus Annuus (Sunflower) Seed Oil, Hydrolyzed Jojoba Esters, Spirodela Polyrhiza Extract, Tocopherol, Polyglyceryl-10 Laurate, Squalane, Polyglycerin-10, Linolenic Acid, Chrysin, Beta-Carotene, Retinol, Pentylene Glycol, Ceramide NP, C15-19 Alkane, Ethylhexylglycerin, Sorbitan Olivate, Potassium Cetyl Phosphate, Tetrasodium Glutamate Diacetate, Sorbitan Oleate, Pantolactone, Polysorbate 20, Laureth-23, Trideceth-6 Phosphate, Citric Acid, Sodium Hydroxide, Acrylamide/Sodium Acryloyldimethyltaurate Copolymer, Polyacrylate Crosspolymer-6, Linalool, Eugenol, Limonene, Geraniol, Citronellol, Citral, Benzyl Benzoate, Benzyl Alcohol.
MultiVitamin Power Recovery Masque: Water/Aqua/Eau, Butylene Glycol, C12-15 Alkyl Benzoate, Glycerin, Di-C12-15 Alkyl Fumarate, Triethylhexanoin, Panthenol, Tocopheryl Acetate, Orbignya Oleifera Seed Oil, Glyceryl Stearate, PEG-100 Stearate, Dipropylene Glycol Dibenzoate, Stearyl Alcohol, Sorbitan Stearate, Palmitoyl Tripeptide-1, Palmitoyl Tetrapeptide-7, Lactic Acid, Ascorbyl Palmitate, Olea Europaea (Olive) Fruit Oil, Chondrus Crispus, Glycyrrhiza Glabra (Licorice) Root Extract, Anthemis Nobilis Flower Oil, Glycine Soja (Soybean) Oil, Symphytum Officinale Root Extract, Camellia Sinensis Leaf Extract, Citrus Limon (Lemon) Peel Extract, Vitis Vinifera (Grape) Seed Extract, Arctium Majus Root Extract, Chamomilla Recutita (Matricaria) Flower Extract, Hydrogenated Vegetable Oil, Hydrolyzed Soy Protein, Zea Mays (Corn) Oil, Leuconostoc/Radish Root Ferment Filtrate, Sodium PCA, Tocopherol, Dimethicone, Linoleic Acid, Beta-Glucan, Arginine/Lysine Polypeptide, Caprylyl Glycol, Beta-Carotene, Allantoin, Phospholipids, Sodium Polyacrylate, Sclerotium Gum, Decylene Glycol, Propylene Glycol, Ammonium Glycyrrhizate, Sodium Lactate, Retinol, Potassium Cetyl Phosphate, PPG-15 Stearyl Ether Benzoate, Tetrasodium Glutamate Diacetate, 1,2-Hexanediol, Annatto (CI 75120), Polysorbate 20, Phenethyl Alcohol, Sodium Hydroxide, Sorbic Acid, Aminomethyl Propanol, Citric Acid, Carbomer, Propanediol, Menthoxypropanediol, Phenoxyethanol, Sodium Benzoate, Chlorphenesin, Sodium Dehydroacetate, Potassium Sorbate, Limonene.","MultiVitamin Power Recovery Cream (1.7 oz): After cleansing and toning, apply over face and neck with light, upward strokes. Use twice daily, morning and night."
pimprod2025118,fresh,Rose Soothing Face Mask,Treatment & Serums,Face Masks,$68.00,3.3 oz,https://media.ulta.com/i/ulta/2584155?w=100&h=100&fmt=auto,"1,277 Reviews","Benefits
Instantly hydrates, cools & calms all skin types* *normal, dry, oily, combination
Restores suppleness & provides soothing hydration
Scientifically proven to moisturize skin even after rinsing off
Key Ingredients
Damask rose -helps to retain moisture
Rosewater-helps to calm & soothe
Cucumber extract-helps to cool, calm & soothe
Aloe vera gel-helps to calm & cool
Research Results
95% said skin felt supple*
92% said it visibly smoothed the texture of the skin*
87% noticed skin looked calm & plump
85% said skin felt nourished, quenched & soothed*
97% noticed skin looked healthy*
*self-assessment, 60 subjects, 4 weeks
Item 2584155","Aqua (water), Glycerin, Butylene Glycol, Pentylene Glycol, Polyglyceryl-10 Laurate, 1,2-hexanediol, Rosa Centifolia Flower, Rosa Damascena Flower Water, Cucumis Sativus (cucumber) Fruit Extract, Rosa Damascena Extract, Aloe Barbadensis Leaf Juice, Anthemis Nobilis Flower Oil, Rosa Damascena Flower Extract, Rosa Damascena Flower Oil, Carbomer, Sodium Hydroxide, Glyceryl Acrylate/acrylic Acid Copolymer, Sodium Hyaluronate, Propanediol, Caramel, Trisodium Ethylenediamine Disuccinate, Caprylyl Glycol, Citric Acid, Chlorphenesin, Sodium Benzoate, Potassium Sorbate.","After cleansing with Soy Face Cleanser, apply a generous amount to damp skin, avoiding the eye area. Leave on for 5-10 minutes and rinse. Love it so much you want to do it everyday? Go ahead - it's gentle enough for daily use. Pro tip: Follow with Kombucha Treatment Essence for smooth, luminous skin."
pimprod2050105,Wildfleur,Pure Retinol 0.3% + Bakuchiol Renewing Serum,Treatment & Serums,Face Serums,$26.00,1 oz,https://media.ulta.com/i/ulta/2634833?w=100&h=100&fmt=auto,271 Reviews,"Features
0.3% stabilized + biocompatible pure retinol
0.2% bakuchiol (dual-active system)
Clinically tested
Dermatologist tested
Key Ingredients
0.3% stabilized + biocompatible pure retinol - A form of vitamin A essential for new cell development, proven to resurface skin by accelerating cell turnover and target signs of aging including fine lines, uneven skin tone + texture and loss of firmness + brightness
0.2% bakuchiol - We ensure the stability and biocompatibility of pure retinol by using bakuchiol (a bioactive found in the babchi flower) as a synergistic partner so it can help stabilize retinol against photooxidative and singlet oxygen breakdown as well as improve its skin tolerance
Research Results
In a clinical study with over 50 people:
92% saw visible improvement in skin smoothness after only 2 weeks
91% saw visible improvement in fine lines after 4 weeks
96% saw visible improvement in skin health & appearance after 6 weeks
95% saw visible improvement in skin firmness after 8 weeks
Item 2634833","Water / Aqua, Butylene Glycol, Glycerin, Cetyl Ethylhexanoate, Hydrogenated Polydecene, Niacinamide, Glyceryl Stearate, Betaine, Polysorbate 60, Retinol, Bakuchiol, Inulin, Propanediol, Pentylene Glycol, Caffeine, Arginine, Panthenol, 1,2-Hexanediol, Stearic Acid, Cetearyl Alcohol, Pinus Sylvestris (Scotch Pine) Leaf Extract, Magnolia Kobus Flower Extract, Calluna Vulgaris Flower Extract, Microcrystalline Wax, Beeswax, Sambucus Nigra (Elderberry) Flower Extract, Camellia Japonica (Camellia) Flower Extract, Hydrogenated Starch Hydrolysate, Cocos Nucifera (Coconut) Fruit Extract, Sodium Hyaluronate, Glycosyl Trehalose, Madecassoside, Squalane, Bisabolol, Dimethicone, Salix Alba (Willow) Leaf Extract, Bis-Peg-18 Methyl Ether Dimethyl Silane, Calendula Officinalis (Calendula) Flower Extract, Sorbitan Stearate, Aloe Barbadensis Extract, Peg-100 Stearate, Centella Asiatica (Asiatic Pennywort) Extract, Undecane, Tremella Fuciformis (Mushroom) Sporocarp Extract, Ethylhexylglycerin, Hydrogenated Corn Oil, Carbomer, Tridecane, Ammonium Glycyrrhizate, Adenosine, Viscum Album (Mistletoe) Extract, Beta-Glucan, Tocopherol, Ubiquinone, Beta-Carotene.","Apply at night to clean face and neck, avoiding direct eye contact and follow with moisturizer. Always apply SPF during daytime.
Tip: This serum contains an intermediate strength of retinol, suitable for sensitive skin, but it is always recommended to start slow with retinoids and increase frequency of use based on skin tolerance.
To maximize tolerance, Wildfleur recommends the sandwich method: hydration (serum) + retinol + hydration (moisturizer)
If you're not sure about your skin tolerance yet, limit initial use to once or twice a week, gradually increasing frequency to every other night, then every night once your skin is acclimated."
pimprod2047287,Dior,Rouge Dior Lip Balm,Lips,Lip Balms & Treatments,$50.00,000 Diornatural,https://media.ulta.com/i/ulta/2629087?w=100&h=100&fmt=auto,7 Reviews,"Benefits
Concentrated in floral lip care, this deeply hydrating Rouge Dior Lip Balm is infused with red peony extract and delivers a 24-hour smoothing effect,* an 8-hour plumping effect* and 24 hours of comfort.**
Item 2629087","000 Diornatural: Triheptanoin, Coco-Caprylate/Caprate, Polyglyceryl-2 Triisostearate, Bis-Behenyl/Isostearyl/Phytosteryl Dimer Dilinoleyl Dimer Dilinoleate, Helianthus Annuus (Sunflower) Seed Wax, Phytosteryl/Octyldodecyl Lauroyl Glutamate, C9-12 Alkane, Dilinoleic Acid/Butanediol Copolymer, Hydrogenated Vegetable Oil, Stearyl Heptanoate, Candelilla Cera (Euphorbia Cerifera (Candelilla) Wax), Prunus Amygdalus Dulcis (Sweet Almond) Oil, Stearyl Caprylate, Butyrospermum Parkii (Shea) Butter, Cera Alba (Beeswax), Silica, Parfum (Fragrance), Simmondsia Chinensis (Jojoba) Seed Oil, Butyrospermum Parkii (Shea) Butter Unsaponifiables, Castor Oil/Ipdi Copolymer, Punica Granatum Flower Extract, Polyglyceryl-3 Diisostearate, Trimethylolpropane Triisostearate, Pentaerythrityl Tetra-Di-T-Butyl Hydroxyhydrocinnamate, Ammonium Glycyrrhizate, Paeonia Officinalis Flower Extract, Tocopherol, Propyl Gallate. May Contain: CI 77891 (Titanium Dioxide).","Multipurpose Rouge Dior Lip Balm can be worn alone or as a primer depending on your desired effect:
Alone, to hydrate, embellish and showcase lips.
Under lipstick to prepare the lips for makeup."
pimprod2039697,Dr. Brandt,iD-Stress Fatigue Fighting Eye Gel,Eye Treatments,Eye Cream,$38.00,0.5 oz,https://media.ulta.com/i/ulta/2613324?w=100&h=100&fmt=auto,92 Reviews,"Benefits
Decreases fatigue
Refreshes and revives
Provides a wake-up call for weary eyes
Targets dull, tired, dry eye contour
Hydrates
Key Ingredients
Fig Stem Cells: act as stress neutralizers by fighting against the activation of adrenaline cascade, shielding the skin from oxidative damage
Lipopeptides: enhance skin's radiance and luminosity by stimulating skin microcirculation and increasing oxygenation
Formulated Without
Phenoxy
GMO
Fragrance
Parabens
Phthalates
Sulfates
Item 2613324","Water/Aqua/Eau, Pentylene Glycol, Glycerin, Propanediol, Isononyl Isononanoate, Caprylic/Capric Triglyceride, Carbomer, Ethylhexylglycerin, Ficus Carica (Fig) Fruit/Leaf Extract, Glyceryl Stearate Citrate, Hydrolyzed Lupine Protein, Menthyl Lactate, Mica, Punica Granatum Pericarp Extract, Silica, Sodium Hydroxide, Sorbitan Caprylate, Tocopherol, Sodium Benzoate, Titanium Dioxide (Ci 77891).","Apply after your serum am and pm.
Avoid direct contact with eyes."
pimprod2051329,Knours.,Plumping + Firming Eye Cream,Eye Treatments,Eye Cream,$28.00,0.68 oz,https://media.ulta.com/i/ulta/2640415?w=100&h=100&fmt=auto,91 Reviews,"Benefits
Replenishes moisture, visibly brightens, and improves the appearance of fine lines for a refreshed and youthful look
Contoured metal tip provides a cooling effect, helping to soothe and depuff
The multi-benefits make for one truly perfect eye cream
Formula is non-toxic and fragrance-free
Key Ingredients
Hyaluronic Acid to deliver deep and lasting hydration
Ceramide to help replenish moisture and strengthen skin barrier
Niacinamide to help improve uneven skin tone and maintain skin elasticity
Shea Butter to provide deep hydration and soothe irritation
Fruit + Flower Oils to help protect skin from environmental stressors and prevent premature aging
Item 2640415","Water, Butyrospermum Parkii (Shea) Butter, Hydrogenated Polydecene, Butylene Glycol, Glycerin, 1,2-Hexane-diol, Glyceryl Stearate, Niacinamide, Isoamyl Laurate, Cetearyl Alcohol, Cetearyl Olivate, Helianthus Annuus (Sunflower) Seed Oil, Sorbitan Olivate, Cetyl Alcohol, Hedera Helix (Ivy) Leaf/Stem Extract, Sodium Hyaluronate, Hydrolyzed Hyaluronic Acid, Hyaluronic Acid, Hippophae Rhamnoides Fruit Extract, Pentylene Glycol, Iris Florentina Root Extract, Allantoin, Xanthan Gum, Caprylic/Capric Triglyceride, Dipeptide Diaminobutyroyl Benzylamide Diacetate, Adenosine, Hydrogenated Lecithin, Disodium EDTA, Glycine, Ceramide NP, Tocopherol, Agastache Mexicana Flower/Leaf/Stem Extract, Poria Cocos Extract, Passiflora Incarnata Flower Extract, Vitex Agnus-Castus Extract, Serine, Glutamic Acid, Aspartic Acid, Leucine, Alanine, Lysine, Arginine, Tyrosine, Phenylalanine, Valine, Threonine, Proline, Isoleucine, Histidine, Methionine, Cysteine, Caprylyl Glycol, Rosmarinus Officinalis (Rosemary) Leaf Extract, Acetyl Hexapeptide-8.","Dab and pat a small amount of cream on the undereye, and using metal tip, glide gently around entire undereye area being careful not to tug.
Precautions: For external use only. Do not swallow. Keep out of reach of children. Avoid direct contact with eyes."
pimprod2041155,Peace Out,Creamy Gentle Exfoliating Pore Perfecting Cleanser,Cleansers,Cleansing Exfoliators,$25.00,4.0 oz,https://media.ulta.com/i/ulta/2615472?w=100&h=100&fmt=auto,100 Reviews,"Benefits
This refreshing daily cleanser features two types of gentle exfoliation to deeply cleanse and help free clogged pores while minimizing their appearance. The moisturizing formula leaves skin looking clearer and smoother, without feeling tight or dry
Vegan
Cruelty-Free
Recyclable Packaging
Key Ingredients
Salicylic Acid: gently exfoliates skin and helps refine the look of pores
Niacinamide: minimizes the appearance of pores and helps calm oily, clogged skin
Hyaluronic Acid: delivers hydration, leaving skin feeling smooth and supple
Formulated Without
Parabens
Formaldehydes
Synthetic Fragrance (>1%)
Sulfates SLS & SLES
Mineral Oil
Item 2615472","Water/Aqua/Eau, Sodium Cocoyl Isethionate, Propanediol, Cocamidopropyl Betaine, Myristic Acid, Diglycerin, Stearic Acid, Cellulose Acetate, Caprylic/Capric Triglyceride, Ammonium Acryloyldimethyltaurate/VP Copolymer, Zea Mays (Corn) Starch, Sodium Lauroyl Methyl Isethionate, Caprylyl Glycol, Glyceryl Caprylate, Sodium Methyl Oleoyl Taurate, Cocamidopropyl Dimethylamine, Coconut Acid, Ethylhexylglycerin, Betaine, Niacinamide, Glyceryl Dibehenate, Potassium Hydroxide, Salicylic Acid, Coco-Glucoside, Lauryl Glucoside, Tribehenin, Sodium Isethionate, Sodium PCA, Glyceryl Behenate, Palmitic Acid, Sodium Lactate, PCA, Sodium Benzoate, Lauric Acid, Serine, Alanine, Glycine, Sodium Hyaluronate, Glutamic Acid, Lysine HCl, Threonine, Arginine, Proline, Alcohol, Citric Acid, Sodium Carboxymethyl Starch, Sodium Chloride, Sodium Citrate.","AM/PM: On damp skin, gently massage cleanser in circular motions onto face & neck - avoid the eye area. Rinse thoroughly with warm water and pat dry. Follow with serum, moisturizer or SPF (AM)."
pimprod2019292,KYLIE COSMETICS,Hyaluronic Acid Serum,Treatment & Serums,Face Serums,$28.00,0.7 oz,https://media.ulta.com/i/ulta/2573683?w=100&h=100&fmt=auto,815 Reviews,"Benefits
Formulated with vitamins, antioxidants and 4 layers of Hyaluronic Acid to moisturize and help improve the appearance of the skin.
Key Ingredients
4 layers of Hyaluronic Acid (Multi-molecular HA): Helps to hydrate, promote skin firmness and improve absorption. The Time-Released Encapsulated HA helps replenish skin’s moisture.
Niacinamide: (Vitamin B3) An antioxidant that helps improve the appearance of uneven skin tone, fine lines and dullness.
Rice Bran Water: Contains Vitamin B2, B12 and E. Helps soothe the skin.
Snow Algae (Coenochloris Signiensis Extract): Known to grow on glaciers and in permanent snow. Helps to improve skin structure by smoothing and hydrating the skin.
Palmitoyl Tripeptide-38: Helps improve the appearance of fine lines, wrinkles and uneven skin tone.
Dermatologist Tested
Formulated Without
No Fragrance Added. Naturally Scented
Paraben Free
Sulfate Free
Gluten Free
Vegan
Dermatologist Tested
Item 2573683","Water/Aqua/Eau, Glycerin, Propanediol, Oryza Sativa (Rice) Bran Water, Niacinamide, Maltodextrin, Lecithin, Pyrus Malus (Apple) Fruit Extract, Sodium Hyaluronate, Sclerocarya Birrea Seed Oil, Tocopheryl Acetate, Palmitoyl Tripeptide-5, Hippophae Rhamnoides Fruit Oil, Palmitoyl Tripeptide-38, Acetyl Octapeptide-3, Aniba Rosodora (Rosewood) Wood Oil, Coenochloris Signiensis Extract, Hydrolyzed Oat Protein, Panthenol, Zea Mays (Corn) Oil, Linolenic Acid, Cyclopentasiloxane, Raspberry Seed Oil/Palm Oil Aminopropanediol Esters, Retinyl Palmitate, Linoleic Acid, Dimethicone/Vinyl Dimethicone Crosspolymer, Cholecalciferol, Acrylates/C10-30 Alkyl Acrylate Crosspolymer, Tetradecane, Caprylhydroxamic Acid, Disodium EDTA, Hydroxypropyl Guar, Aminomethyl Propanol, Caprylyl Glycol, Hydroxypropyl Cyclodextrin.",Apply to cleansed skin each morning and evening to face.
pimprod2043812,AmLactin,Daily Nourish Lotion with 5% Lactic Acid AHA,Body Moisturizers,Body Lotion & Creams,$19.99,7.9 oz,https://media.ulta.com/i/ulta/2623398?w=100&h=100&fmt=auto,22 Reviews,"Benefits
Daily multi-tasking formula gently exfoliates, deeply hydrates, and uncovers softer, smoother skin
Non-greasy, lightweight formula provides lasting moisturization
Made for your skin. Suitable for: Sensitive Skin, Normal to Dry Skin, Dull Skin, Scaly Skin
AmLactin is the #1 Dermatologist Recommended Moisturizer Brand with Lactic Acid
Key Ingredients
5% Lactic Acid - only AmLactin is formulated with Ultraplex, a propriertary blend of Lactic Acid salts, including Ammonium Lactate, Potassium Lactate, and Sodium Lactate. This powerful blend results in gentle, yet effective exfoliation that boosts cell turnover and deeply hydrates skin
Vitamins B3, D, and E - enriched with skin-nourishing Niacinamide (Vitamin B3), Vitamin D, and Vitamin E
3 Ceramides - retains moisture and supports the skin barrier to restore natural radiance
Squalane - enriched with hydrating plant-derived squalane
Formulated Without
Fragrance
Dyes
Parabens
Phthalates
Note: Smells Like Results - AmLactin does not add a drop of skin-irritating fragrances to its products, but there is a naturally occurring scent from Lactic Acid salts that dissipates shortly after application
Item 2623398","Water, Ammonium Lactate, Squalane, Niacinamide, Cetearyl Alcohol, Glycerin, Propanediol, Coconut Alkanes, Sodium Lactate, Potassium Lactate, Candelilla/Jojoba/Rice Bran Polyglyceryl-3 Esters, Glyceryl Stearate, Cholecalciferol, Tocopherol Acetate, Ceramide NP, Ceramide AP, Ceramide EOP, Glycereth-5 Lactate, Cholesterol, Cetearyl Alcohol, Coco-Caprylate/ Caprate, Phytosphingosine, Xanthan Gum, Hydroxyethyl Acrylate/Sodium Acryloyldimethyl Taurate Copolymer, Sodium Stearoyl Lactylate, PEG-7 Trimethylolpropane Coconut Ether, Ethylhexylglycerin, Sodium Lauroyl Lactylate, Polyisobutene, Phenoxyethanol, Carbomer, Polysorbate 60.","Shake well. Apply 1-2 times daily or as directed by a physician. Mild stinging or irritation may occur on sensitive or broken skin. If this persists, discontinue use.
Precautions: For external use only. Keep out of reach of children. Avoid contact with the eyes. Sunburn Alert: This product contains an alpha hydroxy acid (AHA) that may increase your skin's sensitivity to the sun and particularly the possibility of sunburn. Use sunscreen, wear protective clothing, and limit sun exposure while using this product and for a week afterwards."
pimprod2042273,Persona,Daymask Peptide Lip Balm,Lips,Lip Balms & Treatments,$22.00,Bubble (bubblegum pink),https://media.ulta.com/i/ulta/2629276?w=100&h=100&fmt=auto,55 Reviews,"Benefits
Moisturizing
Nourishing
Non-greasy
Key Ingredients
Peptides
Hyaluronic acid
Squalane
Fruit extracts
Item 2629276","Bubble: Hydrogenated Polyisobutene Phytosteryl/Isostearyl/Cetyl/Stearyl/Behenyl Dimer Dilinoleate Triisostearin, Polyglyceryl-2 Triisostearate, Diisostearyl Malate, Ethylhexyl Palmitate, Dextrin Palmitate, Squalane, Microcrystalline Wax, Dextrin Palmitate/Ethylhexanoat, Calcium Sodium Borosilicate, Simmondsia Chinensis (Jojoba) Butter, Hydrogenated Poly(C6-14 Olefin), Sorbitan Isostearate, Butyrospermum Parkii (Shea) Butter, Helianthus Annuus (Sunflower) Seed Oil Astrocaryum Murumuru Seed Butter Ethylhexylglycerin, Punica Granatum Flower Extract, Polyglyceryl-3 Diisostearate, Tribehenin, Carthamus Tinctorius (Safflower) Seed Oil, Ricinus Communis (Castor) Seed Oil, Simmondsia Chinensis (Jojoba) Leaf Extract Simmondsia Chinensis (Jojoba) Seed Oil Tocopheryl Acetate, Sodium Hyaluronate, Flavor (Aroma), Tocopherol, Hydrogenated Castor Oil, Lactic Acid, Tin Oxide, Prunus Persica (Peach) Fruit Extract, Vaccinium Angustifolium (Blueberry) Fruit Extract Palmitoyl Tripeptide-1, Alumina, Water (Aqua), Sodium Sulfate, Barium Sulfate. May Contain (+/-): Red 28 Lake (CI 45410), Red 30 (CI 73360), Red 7 Lake (CI 15850), Yellow 5 Lake (CI 19140), Iron Oxide (CI 77491, CI 77499), Titanium Dioxide (CI 77891).","Apply a smooth, even layer to the entire surface of your lips and reapply as needed."
pimprod2033278,Estée Lauder,Soft Clean Infusion Hydrating Essence Lotion with Amino Acid,Moisturizers,Face Mists & Essences,$46.00,13.5 oz,https://media.ulta.com/i/ulta/2597409?w=100&h=100&fmt=auto,416 Reviews,"Benefits
Hydrating infusion leaves skin feeling soothed with hydration, plump & glow
Key Ingredients
Amino Acid15 Complex boosts skin's natural amino acid levels
Waterlily Flower extract over time, boosts skin's own natural hydration within its surface
Research Results
REAL RESULTS:
+35% more moisturized*
+15% smoother feel**
+12% more glowing**
*Clinical testing on 21 women after using product for 1 week.
**Clinical testing on 36 women after a single product application.
Item 2597409","Water\\Aqua\\Eau, Glycereth-26, Bis-Peg-18 Methyl Ether Dimethyl Silane, Polysorbate 20, Sucrose, Nymphaea Alba (Water Lily) Flower Extract, Sodium Hyaluronate, Trehalose, Dipotassium Glycyrrhizate, Caffeine, Glutamic Acid, Aspartic Acid, Serine, Leucine, Alanine, Lysine, Arginine, Tyrosine, Phenylalanine, Proline, Threonine, Valine, Isoleucine, Histidine, Glycine, Squalane, Passiflora Incarnata Flower Extract, Leontopodium Alpinum Extract, Lythrum Salicaria Extract, Hordeum Vulgare Extract\\Extrait D'Orge, Triticum Vulgare (Wheat) Germ Extract, Tocopherol, Sodium Pca, Linoleic Acid, Glycerin, Butylene Glycol, Urea, Sodium Palmitoyl Proline, Cholesterol, Sodium Levulinate, Dipropylene Glycol, Citric Acid, Polyvinyl Acetate, Triacetin, Bht, Sodium Citrate, Sodium Benzoate, Potassium Sorbate, Chlorphenesin, Sorbic Acid, Disodium EDTA, Polyquaternium-51, Tromethamine, Carbomer, Fragrance (Parfum), Phenoxyethanol, Ethylhexylglycerin \.","After cleansing, apply with your hands or a cotton pad, AM and PM. Follow with your serum and moisturizer."
pimprod2023590,COSRX,Honey Glow Kit for Rough & Dry Skin,K-Beauty,,$25.00,,https://media.ulta.com/i/ulta/2580511?w=100&h=100&fmt=auto,92 Reviews,"Benefits
Lightweight and hydrating formulas
Provides antioxidants that calm the skin and reduce the look of redness
Softens skin texture and improves skin radiance
Visibly plumps the skin and supports elasticity
Supports healthy repair in skin types disrupted by breakouts or harsh acne treatments
Formulated Without
Parabens
Sulfates
Phthalates
Alcohol
Includes
Full Fit Propolis Synergy Toner (1.01 oz): An ultra-moisturizing toner that contains 72.6% black bee propolis and 10% honey extract to give your skin a healthy glow.
Full Fit Propolis Light Ampoule (0.33 oz): A silky serum that increases skin softness and suppleness, leaving skin radiant, plump, and dewy.
Full Fit Propolis Light Cream (0.50 oz): Featuring three powerful bee-created ingredients, this ultra-gentle gel cream supports healthy skin healing and protects the skin against irritation.
Item 2580511","Propolis Synergy Toner
propolis Extract, Honey Extract, Butylene Glycol, 1,2-hexanediol, Glycerin, Betaine, Cassia Obtusifolia Seed Extract, Panthenol, Polyglyceryl-10 Laurate, Polyglyceryl-10 Myristate, Ethylhexylglycerin, Sodium Hyaluronate, Hydroxyethyl Acrylate/sodium Acryloyldimethyl Taurate Copolymer, Caprylic/capric Triglyceride
propolis Light Ampoule
propolis Extract, Butylene Glycol, Glycerin, Betaine, 1,2-hexanediol, Cassia Obtusifolia Seed Extract, Sodium Hyaluronate, Hydroxyethylcellulose, Carbomer, Panthenol, Arginine
propolis Light Cream
propolis Extract, Butylene Glycol, Glycerin, Caprylic/capric Triglyceride, Helianthus Annuus (sunflower) Seed Oil, 1,2-hexanediol, Honey Extract, Royal Jelly Extract, Hydroxyethyl Acrylate/sodium Acryloyldimethyl Taurate Copolymer, Cassia Obtusifolia Seed Extract, Cetearyl Olivate, Beeswax, Cetearyl Alcohol, Sorbitan Olivate, Allantoin, Arginine, Carbomer, Xanthan Gum.","Propolis Synergy Toner:
Apply as the first step of your skincare routine after washing your face.
Massage over the entire face for better absorption.
Propolis Light Ampoule:
3. Apply evenly after cleansing and toning.
4. Gently massage and pat over entire face for quick absorption and proceed to moisturizing.
Propolis Light Cream
5. Apply a proper amount evenly onto face as last step of skincare and pat gently for better absorption.
Precautions: For external use only."
pimprod2030675,Pacifica,Dreamlit Glow Undereye Brightener,Eye Treatments,Eye Cream,$16.00,0.22 oz,https://media.ulta.com/i/ulta/2591370?w=100&h=100&fmt=auto,94 Reviews,"Benefits
Instantly minimizes the appearance of puffiness & dark circles
Helps smooth & brighten under eyes with light-reflecting minerals
Universal shade works across skin tones and can be used on under eyes or between 11's
100% glass bottle for less plastic use
100% Vegan
Cruelty-free
Key Ingredients
Vegan collagen
Vitamin E
Jojoba seed oil
Formulated Without
Talc
Parabens
Phthalates
Mineral oil
Item 2591370","Aqua (Eau), Glycerin, Butyrospermum Parki (Shea) Butter, Glyceryl Stearate Citrate, Titanium Dioxide (C1 77891), Mica, Helianthus Annuus (Sunflower) Seed Wax, Silica, Polyglyceryl-3 Stearate, Sodium Pca, Simmondsia Chinensis (Jojoba) Seed Oil, Sr-Hydrozoan Polypeptide-1 (Vegan Collagen), Adansonia Digitata Seed Oil, Olea Europaea (Olive) Oil Unsaponifiables, Hydrogenated Lecithin, Shorea Robusta Resin, Rhus Verniciflua Peel Wax, Opuntia Ficus-Indica Seed Oil, Tocopherol (Vitamin E), Sodium Hyaluronate, Xanthum Gum, Glyceryl Stearate, Polyglyceryl-2 Stearate, Stearyl Alcohol, Phenoxyethanol, Ethylhexylglycerin, Tin Oxide, Citric Acid.","Apply to clean skin. Spread thin layer under eye area and crows feet. Can be used on ""11"" between eyebrows. Allow to absorb before makeup application."
pimprod2040687,NUDESTIX,Nudescreen Lip Primer SPF 30,Lips,Lip Balms & Treatments,$20.00,Natural Tint,https://media.ulta.com/i/ulta/2613364?w=100&h=100&fmt=auto,557 Reviews,"Benefits
Protection against UV rays from sun
visible signs of premature lip aging as well as blue light protection from daily digital devices
Comes in a pocket-portable tube that protects the formula and active stability
Clean, reef-safe and contains no chemical sunscreens
Key Ingredients
Mineral non-nano Zinc Oxide: Provides UVA & UVB broad-spectrum SPF 30 protection, Provides Blue Light Protection
Natural Extracts: Has one of the highest content of polyphenols antioxidants to defend against free radicals
Green Algae Extract: Considered one of the richest superfood, natural source of Niacinamide that provides moisturizing properties promoting supplier, healthier looking skin. Known for natural anti-oxidant properties that helps reduce the appearance of signs of aging
Passionflower Extract: Rich in polyphenols, helps to protect the skin from the adverse effects of atmospheric pollutants
Formulated Without
Sulfates
Phthalates
Parabens
Synthetic fragrances
Item 2613364","Active: Zinc Oxide 15% / Oxyde De Zinc 15%. Inactive: Aqua/Water/Eau, Coconut Alkanes, Caprylic/Capric Triglyceride, Propanediol, Polyglyceryl-4 Diisostearate/Polyhydroxystearate/Sebacate, Coco-Caprylate/Caprate, Methyl Dihydroabietate, Spirulina Platensis Extract, C13-15 Alkane, Octyldodecanol, Sodium Chloride, Distarch Phosphate, Polyhydroxystearic Acid, Isostearic Acid, Iron Oxides (CI 77492), Iron Oxides (CI 77491), Quaternium-90 Bentonite, Hydroxyacetophenone, Benzyl Alcohol, 1,2-Hexanediol, Zinc Stearate, Ethyl Ferulate, Butylene Glycol, Triethyl Citrate, Iron Oxides (CI 77499), Lactobacillus Ferment, Passiflora Edulis Fruit Extract, Sorbitan Oleate, Camellia Sinensis Leaf Extract *Nudestix formulations are updated from time to time as part of their commitment to innovation and maintaining global compliance. Therefore, ingredient lists or claims shown here may differ from the box of the product depending on time and global region of purchase.","Apply daily and re-apply as needed
Wear as a lip primer under lip color
Apply generously (and evenly) 15 minutes before sun exposure
Reapply at least every 2 hours.
Sun Protection Measures: Spending time in the sun increases your risk of skin cancer and early skin aging. To decrease this risk, regularly use a sunscreen with a Broad-Spectrum SPF value of 15 or higher and other sun protection measures including: Limit time in the sun, especially from 10 a.m. -2 p.m. / 11 a.m. -3 p.m.
Patch Test prior to use is advised."
pimprod2049684,Pacifica,Sun Dreams Glowy Radiant Drops,Suncare,Self-Tanning & Bronzing,$16.00,1 oz,https://media.ulta.com/i/ulta/2633527?w=100&h=100&fmt=auto,,"Benefits
Power players: kakadu plum + vitamin C
Action: lightweight & buildable formula for a customizable glow
Who: anyone who wants a rosy, sun-kissed flush to cheeks, forehead, & nose
Pacifica believes in reincarnation (of plastic): 50% PCR bottle
Made in USA
Key Ingredients
Kakadu plum
Vitamin C
Formulated Without
Parabens
Phthalates
Mineral oil
Other ingredients you don't want
Item 2633527","Aqua (Eau), Hydrogenated Polyisobutene, Glycerin, Glyceryl Oleate Citrate, Mica, Hydroxyethyl Acrylate/Sodium Acryloyldimethyl Taurate Copolymer, Coco-Caprylate/Caprate, Phenoxyethanol, Sodium Benzoate, Caprylic/Capric Triglyceride, Ethylhexylglycerin, Silica, Sorbitan Isostearate, Sodium Ascorbyl Phosphate, Glycolic Acid, Terminalia Ferdinandiana (Kakadu Plum) Fruit Extract, Limonene, Benzyl Alcohol, Parfum*, Iron Oxides (CI 77491), Titanium Dioxide (CI 77891).*Our Scent Blend With Natural And/Or Essential Oils *Notre Parfum Associe Des Huiles Naturelles Et Essentielles.","Shake well before use. Apply a few drops anywhere you'd like to glow. Can be used alone or mixed with foundation or moisturizer.
Pro tip: To achieve a radiant, golden glow mix a few drops into your moisturizer or foundation for an all-over luminosity, or apply directly to the apples of your cheeks and other areas where you desire a touch of golden color, blending gently with your fingertips or a makeup sponge for a seamless finish.
Caution: Avoid contact with eyes. If irritation occurs, discontinue use.Keep out of reach of children. External use only."
pimprod2050869,NuFACE,IonPlex Hydra-Gel Power Patches,Eye Treatments,Eye Masks,$55.00,30 pair,https://media.ulta.com/i/ulta/2639610?w=100&h=100&fmt=auto,,"Benefits
ENERGIZE & BRIGHTEN: Proprietary IonPlex electrolyte blend replenishes moisture stores while magnesium brightens under eyes for an energized, wide-awake appearance.
SMOOTH LINES & FIRM: Powerful anti-aging ingredient arginine amino acid helps to actively smooth fine lines and firm skin.
LOCK IN HYDRATION: Ultra-hydrating glycerin attracts and holds moisture in the skin, while the hydra-gel mask seals in hydration for healthy, glowing skin.
DEPUFF & SOOTHE: The cooling hydra-gel mask infused with allantoin and magnesium depuffs under eye bags while soothing irritated skin.
PROTECT: Antioxidant powerhouse zinc improves skin barrier repair, while magnesium protects delicate under eyes from free radical damage.
PREP: IonPlex infused eye masks effectively hydrate skin to prep for microcurrent treatment while the mask itself distributes microcurrent for faster, more powerful results.
Key Ingredients
ELECTROLYTES: Proprietary IonPlex blend of ions and glacial water deeply hydrates skin and enhances microcurrent treatment
AMINO ACID: Helps to actively smooth and tighten skin
MAGNESIUM: Helps to brighten and depuff under eyes while protecting from free radical damage
Item 2639610","Water, Glycerin, Carrageenan, Butylene Glycol, Sea Silt Extract, Hexylene Glycol, Cyamopsis Tetragonoloba (Guar) Gum, Ceratonia Siliqua (Carob) Gum, Pentylene Glycol, Propanediol, Calcium Chloride, Polyglyceryl-10 Laurate, Pinus Sylvestris Leaf Extract, Hydroxyacetophenone, Allantoin, Sodium Chloride, Titanium Dioxide, Cellulose Gum, Potassium Chloride, Synthetic Fluorphlogopite, Sucrose, Illicium Verum (Anise) Fruit Extract, Calcium Lactate, Dipotassium Glycyrrhizate, Magnesium Aspartate, Zinc Gluconate, Ethylhexylglycerin, Fragrance, Polymethylsilsesquioxane, Sea Salt, Sodium Phytate, Ultramarines, Arginine, Silica, Polyglyceryl-10 Oleate, Phenoxyethanol, Copper Gluconate, Himanthalia Elongata Extract, Caprylyl Glycol, Sodium Benzoate, Potassium Sorbate","Gently apply to under eye area and leave on for 5 minutes. After removing, tap excess serum into the skin. Power Patches may be used alone or paired with your NuFACE Microcurrent Treatment for supercharged results.
Use only as directed. For external use only. Avoid in contact with eyes. Discontinue use if irritation develops. Power Patches are your MVP -- most versatile patch -- with multiple ways to use: +Use solo to brighten, tighten, and hydrate under eyes -- anytime, anywhere. +Pair with your FIX treatment to supercharge your eye area microcurrent results. +Use on under eyes while doing your microcurrent facial sculpting routine for a multi-tasking treatment. +Use anywhere your skin needs an extra boost. The curved ergonomic shape hugs the contours of the face to treat smile lines and nasolabial folds, eyelids, crow's feet, and even the forehead."
pimprod2050750,NUDESTIX,Nude Love Lip Palette,By Price,$100 and Under,$69.00,,https://media.ulta.com/i/ulta/2639251?w=100&h=100&fmt=auto,92 Reviews,"Includes
INTENSE MATTE LIP + CHEEK in Sunkissed Rose (warm natural rose) (0.10 oz)
INTENSE MATTE LIP + CHEEK in Sunkissed Pink (warm nude pink) (0.10 oz)
INTENSE MATTE LIP + CHEEK in Sunkissed Nude (warm natural) (0.10 oz)
MAGNETIC MATTE LIP COLOR in Greystone (cool stone brown) (0.10 oz)
MAGNETIC MATTE EYE COLOUR in GBaby (deep brown plum) (0.10 oz)
Hydrating Peptide Lip Butter in Clear/Original (0.34 oz)
Features
MAGNETIC MATTE COLOR: Waterproof, Über longwearing (11 hours), No feathering, no bleeding, Non-drying, Matte finish
INTENSE MATTE LIP + CHEEK PENCIL: Waterproof, Longwearing (6 hours), No feathering, no bleeding, Non-drying, Matte finish, Soft & creamy, Opaque, rich color payoff
HYDRA-PEPTIDE LIP BUTTER: Avocado & Shea Butters: nourishes to leave your lip skin soft, supple and hydrated Peptides: Use 2X daily to support hyaluronic acid up to +101% to lock in juicy moisture up to +50% and plump lip volume up to +40%
Formulated Without
Parabens, Sulfates and Phthalates
Vegan
Cruelty-free
Gluten-free
Synthetic Fragrance Free
Hypoallergenic
Item 2639251","Intense Matte Lip & Cheek Pencil - Sunkissed Pink: Isododecane, Diisostearyl Malate, Synthetic Wax, Dimethicone, Caprylyl Methicone, Polybutene, Mica, Dimethicone/Vinyl Dimethicone Crosspolymer, Dimethylimidazolidinone Rice Starch, Distarch Phosphate, Glyceryl Caprylate, Pentaerythrityl Tetra-Di-T-Butyl Hydroxyhydrocinnamate, Silica, Isoceteth-10. May Contain: Titanium Dioxide (CI 77891), Iron Oxides (CI 77491, CI 77499), Red 7 (CI 15850).
Intense Matte Lip & Cheek Pencil - Sunkissed Rose: Isododecane, Diisostearyl Malate, Synthetic Wax, Dimethicone, Caprylyl Methicone, Polybutene, Dimethicone/Vinyl Dimethicone Crosspolymer, Dimethylimidazolidinone Rice Starch, Distarch Phosphate, Mica, Glyceryl Caprylate, Pentaerythrityl Tetra-Di-T-Butyl Hydroxyhydrocinnamate, Silica, Isoceteth-10. May Contain: Titanium Dioxide (CI 77891), Iron Oxides (CI 77491, CI 77492, CI 77499), Red 7 (CI 15850).
Intense Matte Lip & Cheek Pencil in Sunkissed Nude: Isododecane, Diisostearyl Malate, Synthetic Wax, Dimethicone, Caprylyl Methicone, Polybutene, Dimethicone/Vinyl Dimethicone Crosspolymer, Mica, Glyceryl Caprylate, Dimethylimidazolidinone Rice Starch, Distarch Phosphate, Silica, Pentaerythrityl Tetra-Di-T-Butyl Hydroxyhydrocinnamate, Isoceteth-10, Tin Oxide. May Contain: Titanium Dioxide (CI 77891), Iron Oxides (CI 77491, CI 77492, CI 77499).
Magnetic Matte Eye Color - Gbaby: Mica, Isododecane, Polymethylsilsesquioxane, Synthetic Wax, Hydrogenated Polydicyclopentadiene, Hydrogenated Poly(C6-14 Olefin), Hydrogenated Polydecene, Hydrogenated Polyisobutene, Polybutene, Silica, Nylon-12, Polyethylene, Polyglyceryl-4 Diisostearate/Polyhydroxystearate/Sebacate, Synthetic Beeswax, Pentaerythrityl Tetra-Di-T-Butyl Hydroxyhydrocinnamate, Copernicia Cerifera (Carnauba) Wax, Calcium Aluminum Borosilicate, Calcium Sodium Borosilicate, Tin Oxide. May Contain: Titanium Dioxide (CI 77891), Iron Oxides (CI 77491, CI 77492, CI 77499).
Magnetic Matte Lip Color - Greystone: Isododecane, Polymethylsilsesquioxane, Synthetic Wax, Hydrogenated Polydicyclopentadiene, Hydrogenated Poly(C6-14 Olefin), Hydrogenated Polydecene, Hydrogenated Polyisobutene, Polybutene, Silica, Mica, Nylon-12, Glyceryl Caprylate, Polyethylene, Synthetic Beeswax, Polyglyceryl-4 Diisostearate/Polyhydroxystearate/Sebacate, Pentaerythrityl Tetra-Di-T-Butyl Hydroxyhydrocinnamate, Copernicia Cerifera (Carnauba) Wax. May Contain: Titanium Dioxide (CI 77891), Iron Oxides (CI 77491, CI 77492, CI 77499).
Hydrating Peptide Lip Butter: Hydrogenated Polyisobutene, Octyldodecanol, Butyrospermum Parkii (Shea) Butter, Ethylhexyl Palmitate, Persea Gratissima (Avocado) Butter, Silica Dimethyl Silylate, Menthone Glycerin Acetal, Cetearyl Ethylhexanoate, Vanillin, Mentha Piperita (Peppermint) Oil, Tribehenin, Sorbitan Isostearate, Portulaca Pilosa Extract, Sucrose Cocoate, Palmitoyl Tripeptide- 1, Palmitoyl Tripeptide-38, *Limonene, *Linalool. *Naturally Occurring In Essential Oils Listed **Nudestix formulations are updated from time to time as part of their commitment to innovation and maintaining global compliance. Therefore, ingredient lists or claims shown here may differ from the box of the product depending on time and global region of purchase.","For an understated soft glam look:
Start with Sunkissed Nude as a base, applying it across your lips and cheeks for a monochromatic look.
Add depth to your look with Sunkissed Pink or Sunkissed Rose on your lips or as a soft smudged liner.
Use GBaby on your eyelids for a soft, smoky taupe finish, blending into the crease for added definition. *Tip, for a statement lip look. Try GBaby on lips as a stain then add Hydrating Lip Butter on the center of the bottom lip.
Top any shade in the palette with Hydrating Peptide Lip Butter for a glossy, nourished lip look.
For a natural, one-and-done vibe:
Swipe any of the lip color shades on your lips and cheeks for a fresh, rosy glow.
Add a touch of GBaby on your eyelids for a quick and easy eye look.
Blend for a seamless finish and a radiant, effortless style.
This versatile palette lets you mix, match, and layer to create looks as natural or bold as you desire!"
pimprod2041906,Urban Hydration,Aloe Vera Leaf Face & Body Bar Soap,Cleansers,Face Wash,$3.99,4.2 oz,https://media.ulta.com/i/ulta/2611641?w=100&h=100&fmt=auto,86 Reviews,"Benefits
Suitable for daily use on face, body, and hands
Won’t dry out skin or leave a residue
Features
Aloe Vera helps detox skin to fight acne
Safe for oily, psoriasis and eczema prone skin
Formulated Without
Silicone
Paraben
Polybead
Sulfate
Item 2611641","Sorbitol, Sodium Stearate, Sucrose, Water, Propylene Glycol, Sodium Laurate, Glycerin, Sodium Cocoate, Fragrance, Aloe Vera Leaf Extract, Cocos Nucifera (Coconut) Oil.",Lather bar soap in hands or on a washcloth and wash entire body. Rinse thoroughly.
pimprod2049964,Proactiv,The Original 3-Step Acne System Minis,By Category,Skin Gifts,$19.99,,https://media.ulta.com/i/ulta/2634785?w=100&h=100&fmt=auto,"1,287 Reviews","Benefits
The original Proactiv skincare routine, Proactiv Solution has been a fan-favorite for more than 25 years
This dermatologist-developed trio features a daily face wash, toner, and treatment that work together to treat and prevent breakouts
Renewing Cleanser removes impurities, helps clear breakouts, and gently exfoliates
Revitalizing Toner balances skin's natural oils, purifies pores, and removes debris
Repairing Treatment is a lightweight, all-over formula that treats your active acne and prevents future breakouts
Trial sizes: Perfect for trying the routine for the first time or gifting
Travel-friendly & TSA-approved: Bring your acne routine on-the-go, for whenever you need to stop a breakout.
Key Ingredients
Benzoyl Peroxide: Penetrates pores to help fight acne-causing bacteria at the source
Glycolic Acid: An alpha hydroxy acid that helps exfoliate and brighten the skin
Witch Hazel: Helps minimize the appearance of pores and remove surface skin oils
Aloe: A gentle botanical that helps improve hydration and soothes irritated skin
Includes
Renewing Cleanser (1.0 oz)
Revitalizing Toner (1.0 oz)
Repairing Treatment (1.0 oz)
Item 2634785","Renewing Cleanser: Active: Benzoyl Peroxide, 2.5%. Inactive: Water, Magnesium Aluminum Silicate, Glyceryl Stearate, Peg-100 Stearate, Sorbitol, Dimethyl Isosorbide, Disodium Peg-12 Dimethicone Sulfosuccinate, Tridecyl Stearate, Neopentyl Glycol Dicaprylate/Dicaprate, Paraffin, Cetyl Esters, Anthemis Nobilis Flower Extract, Tridecyl Trimellitate, Trisodium Sulfosuccinate, Peg-12 Dimethicone, Sodium Sulfate, Sodium Hyaluronate, Propylene Glycol, Sodium Pca, Xanthan Gum, Phenoxyethanol, Imidazolidinyl Urea, Methylparaben, Propylparaben, Fragrance.
Revitalizing Toner: Water, Glycolic Acid, Sodium Hydroxide, Polysorbate 20, Hamamelis Virginiana (Witch Hazel) Leaf Extract, Anthemis Nobilis Flower Extract, Aloe Barbadensis Leaf Juice, Rosa = Canina Fruit Extract, Sodium Pca, Glycerin, Panthenol, Allantoin, Benzophenone-4, Hydroxyethylcellulose, Tetrasodium Edta, Imidazolidinyl Urea, Methylparaben, Propylparaben, Fragrance, Blue 1, Yellow 5.
Repairing Treatment: Active: Benzoyl Peroxide, 2.5%. Inactive: Water, Ethoxydiglycol, Cyclotetrasiloxane, Cyclopentasiloxane, Propylene Glycol, Cetearyl Alcohol, Dimethicone, Glyceryl Stearate, Peg-100 Stearate, Panthenol, Allantoin, Xanthan Gum, Ceteareth-20, Carbomer, Sodium Hydroxide, Diazolidinyl Urea, Methylparaben, Propylparaben, Fragrance.","Renewing Cleanser: Apply twice daily, morning and night. Treat your whole face. Apply a small (dime-sized) amount to dampened skin and gently massage with fingertips for 1 to 2 minutes. Rinse thoroughly with warm water. Pat dry and follow with Step 2 (Revitalizing Toner). If bothersome dryness or peeling occurs, reduce application to once a day or every other day. If going outside, use a sunscreen. Revitalizing Toner: Apply to cleansed skin with a cotton ball or pad, morning and night as needed. Allow toner to dry and follow with Step 3. If going outside, use a sunscreen. If irritation or sensitivity develops, discontinue use and consult a doctor. Repairing Treatment: Use morning and night. On clean skin, apply a thin layer to the entire affected area. Allow to dry. Do not rinse off. If bothersome dryness or peeling occurs, reduce application use. If going outside, use a sunscreen. Read product label for full directions and warnings"
pimprod2022424,Erborian,Travel Size Skin Hero Bare Skin Perfector,Travel Size Makeup,,$25.00,,https://media.ulta.com/i/ulta/2577749?w=100&h=100&fmt=auto,229 Reviews,"Benefits
Immediately, the formula smoothes, blurs and illuminates, while leaving the skin feeling incredibly soft and hydrated. It seems as if there's nothing on your skin; it just looks beautifully bare
In just 7 days, your bare skin looks transformed: texture irregularities are smoothed, the skin's surface texture is refined, and the complexion looks more even
Over time, this formula helps to combat dullness - one of the negative effects of daily pollution
Features
Silicone-free and non-tinted
A universal, super clean formula meant for all skin types and tones
This unique formula combines the effectiveness of Korean White Ginseng with re-texturizing enzymes to smooth skin's texture, blur imperfections, and enhance skin's luminosity
Formulated Without
Parabens
Sulfates
Phthalates
Item 2577749","Aqua/Water, Butylene Glycol, Polymethyl Methacrylate, Glycerin, Pentylene Glycol - Sodium Acrylates Crosspolymer-2, Betaine, Panax Ginseng Root Extract, Glycyrrhiza Glabra (Licorice) Root Extract, Dioscorea Villosa (Wild Yam) Root Extract, Kigelia Africana Fruit Extract -- Equisetum Giganteum Extract, Zea Mays (Corn) Starch, Bacillus Ferment, Squalane, Sodium Hyaluronate, Ammonium Acryloyldimethyltaurate/Vp Copolymer, Propylene Glycol -- Hydroxyethyl Acrylate/Sodium Acryloyldimethyl Taurate Copolymer, Ethylhexylglycerin, Mica, 1,2-Hexanediol, Synthetic Fluorphlogopite, Silica Dimethyl Silylate, Silica, Polysorbate 60, Zein, Biosaccharide Gum-4, Sorbitan Isostearate, Hydrogenated Lecithin, Polyglyceryl-10 Stearate, Caprylic/Capric Triglyceride, Tin Oxide, Potassium Sorbate, Parfum/Fragrance, Hexyl Cinnamal, Alpha-Isomethyl Ionone -- CI 17200/Red 33, CI 77288/Chromium Oxide Greens, CI 19140/Yellow 5, CI 77891/Titanium Dioxide.",Apply to face as the last step of your skincare routine. Can be worn alone or underneath makeup.
pimprod2042902,about-face,Lip Fix Lip Primer,Lips,Lip Balms & Treatments,$14.00,White,https://media.ulta.com/i/ulta/2616419?w=100&h=100&fmt=auto,9 Reviews,"Features
Swipe on an ultra-moisturizing layer to help prime + smooth lips for a soft, supple feel and a longer-lasting finish.
Benefits
Vegan and cleanly formulated.
Item 2616419","Aqua (Water/Eau), Triolein, Glycerin, Propanediol, Glyceryl Dioleate, Neopentyl Glycol Dicaprylate/Dicaprate, C10-18 Triglycerides, Pentylene Glycol, Polyglyceryl-2 Stearate, Glyceryl Stearate, Stearyl Alcohol, Glycine Soja (Soybean/Soja) Oil, Magnesium Aluminum Silicate, Glyceryl Caprylate/Caprate, Mica, Salvia Officinalis (Sage) Extract, Xanthan Gum, Polyglyceryl-3 Diisostearate, Oryza Sativa (Rice/Riz) Extract, Oryza Sativa (Rice/Riz) Germ Extract, Citric Acid, Tin Oxide, Butylene Glycol, Cucumis Sativus (Cucumber/Concombre) Fruit Extract, Potassium Hydroxide, Calendula Officinalis Flower Extract, Rosmarinus Officinalis (Rosemary/Romarin) Leaf Extract, Alcohol, Malva Sylvestris (Mallow) Flower/Leaf/Stem Extract, Daucus Carota Sativa (Carrot/Carotte) Extract, Potassium Sorbate, Sodium Benzoate, Sorbic Acid. [+/- (May contain / Peut contenir): CI 77891 (Titanium Dioxide)]. V/052622","Using your finger or the applicator, apply Lip Fix as a balm or base for your fave lip color for comfortable longwear. Allow primer to set for 20-30 seconds before applying product on top."
pimprod2030711,Perricone MD,Cold Plasma Plus+ Power Duo,By Price,$100 and Under,$89.00,,https://media.ulta.com/i/ulta/2594712?w=100&h=100&fmt=auto,5 Reviews,"Benefits
Smooths the appearance of lines, wrinkles and uneven texture
Visibly corrects discoloration, redness and uneven skin tone
Corrects the appearance of dark circles and reduces puffiness
Visibly lifts and firms the eye area
Includes:
Cold Plasma+ Face (0.5 oz)
Cold Plasma+ Eye (0.25 oz)
Research Results
Advanced Serum Concentrate: 100% showed a significant improvement in fine lines and wrinkles* 97% showed a significant improvement in pore size* *In a clinical study on 30 women over 28 days
Cold Plasma + Advance Eye Cream100% showed significant improvement in the appearance of crow's feet* 94% showed improvement in skin elasticity** In a clinical study with 32 women After 28 days, **After 7 days
Formulated Without
Nuts
Gluten
Fish
Milk
Fragrance
Phthalates
Parabens
Talc
Mineral oil
Item 2594712","Cold Plasma+ Face: Water/Aqua/Eau, Glycerin, Isopropyl Palmitate, Cetearyl Alcohol, Glyceryl Stearate, PEG-100 Stearate, Butylene Glycol, Phosphatidylcholine, Tetrahexyldecyl Ascorbate, Dimethyl MEA, Acetyl Hexapeptide-8, Palmitoyl Tripeptide-1, Palmitoyl Tetrapeptide-3, Tyrosine, Glycolic Acid, Helianthus Annuus (Sunflower) Seed Oil, Magnesium Aspartate, Zinc Gluconate, Rosmarinus Officinalis (Rosemary) Leaf Extract, Copper Gluconate, Sodium Hyaluronate, Retinyl Palmitate, Echium Plantagineum Seed Oil, Hydrolyzed Myrtus Communis Leaf Extract, Copper Tripeptide-1, Dimethicone, Disodium EDTA, Carbomer, Ceteareth-20, Cyclopentasiloxane, Caprylyl Glycol, Cetearyl Alcohol, Cyclohexasiloxane, Polysorbate 20, Zea Mays (Corn) Oil, Phenoxyethanol, Sorbic Acid.
Cold Plasma+ Eye: Water/Aqua/Eau, Isopropyl Palmitate, Cetearyl Alcohol, Glyceryl Stearate, PEG-100 Stearate, Hydrolyzed Jojoba Esters, Ceteareth-20, Olea Europaea (Olive) Fruit Oil, Tetrahexyldecyl Ascorbate, Benzyl Alcohol, Phosphatidylcholine, Acetyl Tetrapeptide-5, Palmitoyl Tripeptide-1, Palmitoyl Tetrapeptide-7, Echium Plantagineum Seed Oil, Helianthus Annuus (Sunflower) Seed Oil, Copper Tripeptide-1, Magnesium Aspartate, Zinc Gluconate, Rosmarinus Officinalis (Rosemary) Leaf Extract, Copper Gluconate, N-Hydroxysuccinimide, Tocopherol, Sodium Hyaluronate, Chrysin, Disodium EDTA, Hydrogenated Vegetable Oil, Glycerin, Dimethicone, Cyclopentasiloxane, Steareth-20, Silica, Titanium Dioxide (CI 77891), Iron Oxides (CI 77491).","Cold Plasma+ Face: Apply liberally morning and evening on cleansed skin. Follow with any Perricone MD moisturizer.
Cold Plasma+ Eye: Apply around the eye contour in a gentle patting motion. Use morning and evening to achieve optimal results. Avoid contact with eyes. If contact occurs, flush immediately with water."
pimprod2023646,Urban Veda,Radiance Brightening Face Scrub,Treatment & Serums,Face Peels & Exfoliators,$22.00,4.2 oz,https://media.ulta.com/i/ulta/2580905?w=100&h=100&fmt=auto,30 Reviews,"Benefits
Brightening
Relieves dull and tired skin
Hydrating
Exfoliating
Gently buffs away dead skin
All Urban Veda products are made with Ayurvedic herbs, flowers and fruits combined with clinically proven actives and antioxidants to help maintain skin's natural state of balance and homeostasis
Key Ingredients
Bio Active Turmeric: a powerful antioxidant - helps with skin ageing and overall skin tone and hyperpigmentation
Vitamin Rich Fruit Enzymes: Papaya, Goji berry, and Orange rich in Vitamins A, B and C for glowing skin
Glycerin - Super hydrating pure natural vegetable moisturiser, vegan friendly
Arjuna: Clinically proven to reduce the depth of wrinkles
Formulated Without
SLS/SLES
Parabens
Silicones
Mineral Oil / paraffinum liquidum
Animal derivatives
Artificial colours
Propylene glycol
MEA/DEA/TEA
Triclosan
EDTA
Microbeads
PEGs
Item 2580905","Aqua (Water), Caprylic/Capric Triglyceride, Isopropyl Palmitate, Glycerin (vegetal), Cetearyl Alcohol, Glyceryl Stearate, Glyceryl Stearate SE, Pumice, Polyglyceryl-3 Dicitrate/Stearate, Curcuma Longa (Turmeric) Root Extract, Dipotassium Glycyrrhizate (Licorice), Terminalia Arjuna Bark Extract, Carica Papaya (Papaya) Fruit Extract, Lycium Chinense (Goji) Fruit Extract, Tagetes Minuta (Marigold) Flower Oil, Citrus Aurantium Dulcis (Orange) Peel Oil, Pogostemon Cablin (Patchouli) Leaf Oil, Coriandrum Sativum (Coriander) Fruit Oil, Juniperus Mexicana (Texas Cedar) Wood Oil, Boswellia Carterii (Frankincense) Oil, Lavandula Angustifolia (Lavender) Oil, Sodium Stearoyl Glutamate, Xanthan Gum, Sodium Phytate, Salicylic Acid, Citric Acid, Sorbic Acid, Benzyl Alcohol, Parfum, Hydroxyacetophenone, Potassium Sorbate, Sodium Benzoate, Hexyl Cinnamal*.
* Naturally occurring in essential oils.","Use 2-3 times a week after cleansing with one of Urban Veda's Facial Washes. Apply to damp skin, massaging in gentle circular movements over the face and neck before rinsing off.
Can also be applied as a mask and left for 10 minutes. This activates the fruit enzymes hydrating the skin further before massaging in to buff the skin."
pimprod2051766,I'm From,Rice Mask,Treatment & Serums,Face Masks,$28.00,3.88 oz,https://media.ulta.com/i/ulta/2642144?w=100&h=100&fmt=auto,,"Benefits
This brightening formula helps restore the skin’s natural glow and translucence while promoting a soft, refined texture.
Vitamin B1, B2 and rice water containing various minerals tighten loose skin and enlarged pores.
Key Ingredients
Yeoju Rice Extract - rich in nutrients that promote moisture levels in the skin, helping to prevent water loss and keep the skin hydrated
Rice Bran Extracts - rich in antioxidants, which help protect the skin from damage caused by free radicals and environmental stressors
Item 2642144","Water, Glycerin, Dipropylene Glycol, Oryza Sativa (Rice) Powder(41,000ppm), Cetearyl Ethylhexanoate, Oryza Sativa (Rice) Hull Powder(30,000ppm), 1,2-Hexanediol, Synthetic Beeswax, Synthetic Wax, Stearic Acid, Betaine, Cetyl Alcohol, Butyrospermum Parkii (Shea) Butter, Hydrogenated Poly(C6-14 Olefin), Centella Asiatica Extract, Ficus Carica (Fig) Fruit Extract, Oryza Sativa (Rice) Bran Extract(1,000ppm), Oryza Sativa (Rice) Extract(1,000ppm), Laminaria Japonica Extract, Eclipta Prostrata Leaf Extract, Ulmus Davidiana Root Extract, Amaranthus Caudatus Seed Extract, Hydrogenated Lecithin, Palmitic Acid, Sorbitan Stearate, Glyceryl Stearate, Sodium Polyacrylate, Dimethicone, Cyclopentasiloxane, Xanthan Gum, Magnesium Aluminum Silicate, Allantoin, Tocopheryl Acetate, Butylene Glycol, Disodium Edta, Hydrolyzed Hyaluronic Acid, Myristic Acid, Fructooligosaccharides, Lecithin, Beta-Glucan, Ceramide Np, Peg-100 Stearate, Hydroxyacetophenone, Ethylhexylglycerin.","After cleansing, dispense an appropriate amount and gently apply over the face.
Gently massage from chin to forehead in a spiraling motion and rub the bridge and wall of the nose up and down three times.
Gently rinse off with water after 10 minutes."
pimprod2040765,Perricone MD,No Makeup Instant Blur Priming Moisturizer,Face,Face Primer,$59.00,1.0 oz,https://media.ulta.com/i/ulta/2614701?w=100&h=100&fmt=auto,493 Reviews,"Benefits
Visibly blurs imperfections
Creates a smooth canvas and prolonged wear for makeup application
Features
Instantly blurs, smooths and preps skin by minimizing the look of pores, redness, lines and wrinkles for a flawless, healthier-looking complexion and long-lasting makeup application
Key Ingredients
ALPHA-LIPOIC ACID (ALA): Nature's Most Powerful Antioxidant
GLYCERIN: Natural Humectant
Item 2614701","Water/Aqua/Eau, Dimethicone, Polysilicone-11, Caprylic/Capric Triglyceride, Glycerin, Butylene Glycol, Silica, Sodium Acrylates Crosspolymer-2, C12-15 Alkyl Benzoate, C13-15 Alkane, Phenoxyethanol, Bentonite, Polyacrylate-13, Chlorphenesin, Laureth-12, Tetrasodium Glutamate Diacetate, Ethylhexylglycerin, Olive Oil Decyl Esters, Hydrogenated Polyisobutene, Thioctic Acid, HDI/Trimethylol Hexyllactone Crosspolymer, Polymethylsilsesquioxane, Citric Acid, Epilobium Angustifolium Flower/Leaf/Stem Extract, Hydrated Silica, Polyglyceryl-10 Laurate, Ethylhexyl Palmitate, Carbomer, Lactic Acid, Polysorbate 20, Sodium Lactate, Sorbitan Isostearate, Squalene, Chlorella Vulgaris Extract, Sodium Metabisulfite, Potassium Sorbate, Maris Sal/Sea Salt/Sel Marin, Acetyl Hexapeptide-8, Palmitoyl Tripeptide-1, Palmitoyl Tetrapeptide-7, Tocopherol. +/- : CI 77891 (Titanium Dioxide), CI 77491 (Iron Oxides).",Warm for a few seconds between fingertips. Massage onto cleansed face and neck using a gentle upward motion until fully absorbed. Can be used under makeup or alone as the last step in your skincare regimen.
pimprod2043773,HOURGLASS,Equilibrium Intensive Hydrating Eye Balm,Eye Treatments,Eye Cream,$82.00,0.58 oz,https://media.ulta.com/i/ulta/2623376?w=100&h=100&fmt=auto,5 Reviews,"Benefits
Non-comedogenic
Smooths the undereye area after three days of use
Reduces the appearance of dark circles after three days of use
Rich, balmy texture instantly hydrates and plumps
Clinically proven to provide undereye hydration for up to eight hours
Reduces the appearance of puffiness, fine lines and wrinkles
Petrolatum-free formula soothes the undereye
No tacky or greasy dry-down
Ophthalmologist-tested
Vegan and cruelty-free
Key Ingredients
HOURGLASS Amino Youth Lipids: Accelerates natural cell turnover and replenishes moisture with restoring lipids for radiant, youthful-looking skin
Hydration Barrier Complex: Improves moisture content to strengthen skin barrier
Cocoa Seed Extract: Visibly smooths and reduces the appearance of fine lines
Formulated Without
Alcohol
Gluten
Parabens
Phthalates
Sulfates
Talc
Petrolatum
Item 2623376","Glycerin, Triethylhexanoin, Methyl Trimethicone, Diglycerin, Polyglyceryl-6 Polyricinoleate, Dimethicone, Disteardimonium Hectorite, Pentylene Glycol, Ethylhexyl Palmitate, Glyceryl Behenate, Peg-9 Polydimethylsiloxyethyl Dimethicone, Polymethylsilsesquioxane, Water/Aqua, Ascorbic Acid, Butylene Glycol, Dimethicone/Vinyl Dimethicone Crosspolymer, Dipalmitoyl Hydroxyproline, Glyceryl Glucoside, Lecithin, Phoenix Dactylifera (Date) Seed, Phospholipids, Phytosteryl/Octyldodecyl Lauroyl Glutamate, Theobroma Cacao (Cocoa) Seed Extract, Tocopherol.
*Ingredient lists and claims may change or vary from time to time as part of HOURGLASS's commitment to innovation and maintaining global compliance. Please refer to the ingredient list on the product packaging you receive to ensure the ingredients are suitable for your personal use.","For the best results, gently apply a thin layer to the undereye area at night. To use during the day, apply about half the amount you use at night. Allow the product to fully absorb before applying makeup."
pimprod2039699,Dr. Brandt,Drop of Strength All-Day Strengthening Serum,Treatment & Serums,Face Serums,$85.00,1.0 oz,https://media.ulta.com/i/ulta/2613318?w=100&h=100&fmt=auto,2 Reviews,"Benefits
Reboots and fortifies
1st line of defense against everyday damage
Offers powerful improvement in appearance across 8 key signs of aging: wrinkles, fine lines, hydration, firmness, smoothness, radiance, skin texture, and resilience.
Light like an essence yet concentrated like a serum, it absorbs quickly, boosting the efficacy of the rest of your routine
Targets dryness, dullness, fine lines
Key Ingredients
Immubarrier Complex is a blend of:
Alpha-glucan from Yeast Extract: a hydrolyzed Candida saitoana extract, stimulates the autophagy pathway, reinforces cell detoxification, promotes cell longevity
Hyaluronic Acid 2.0: a biotechnological ingredient that reproduces different sizes of hyaluronic acid molecules
Artic Berry Extract: a stem cells based ingredient that improves the skin’s immune barrier
Formulated Without
Parabens
Synthetic Fragrance
GMO
Phenoxyethanol
Item 2613318","Water/Aqua/Eau, Isopentyldiol, Glycerin, Pentylene Glycol, Diglycerin, 1,2-Hexanediol, Caprylic/Capric Triglyceride, Caprylyl Glycol, Caprylyl/Capryl Glucoside, Citric Acid, Glyceryl Caprylate, Polyglyceryl-6 Oleate, Punica Granatum Pericarp Extract, Rubus Idaeus (Raspberry) Leaf Extract, Sodium Citrate, Sodium Cocoyl Glutamate, Sodium Hyaluronate, Sodium Surfactin, Xanthan Gum, Yeast Extract/Extrait De Levure, Sodium Benzoate.",Apply on cleansed skin am and pm.
pimprod2043666,Vichy,LiftActiv H.A. Anti-Wrinkle Firming Fragrance Free Cream,Moisturizers,Face Moisturizer,$44.99,1.69 oz,https://media.ulta.com/i/ulta/2622132?w=100&h=100&fmt=auto,2 Reviews,"Benefits
Visibly Firms & Reduces Wrinkles
Visibly Plumps the Skin
Smooths the look of skin
Increases Skin Radiance
Key Ingredients
Hyaluronic Acid
Vitamin C
Formulated Without
Fragrance
Parabens
Item 2622132","Aqua/Water/Eau, Glycerin, Dimethicone, Rhamnose, Isohexadecane, Alcohol Denat., Propanediol, Isopropyl Isostearate, Behenyl Alcohol, Cetyl Alcohol, Talc, Dimethicone/Vinyl Dimethicone Crosspolymer, Adenosine, Caffeine, Capryloyl Salicylic Acid, Citric Acid, Neohesperidin Dihydrochalcone, Sodium Hyaluronate, Trisodium Ethylenediamine Disuccinate, Vitreoscilla Ferment, Ascorbyl Glucoside, Silica, Acrylamide/Sodium Acryloyldimethyltaurate Copolymer, Ammonium Polyacryloyldimethyl Taurate, Caprylyl Glycol, Cellulose, Cetearyl Alcohol, Cetearyl Glucoside, Ci 77891 / Titanium Dioxide, Disodium Stearoyl Glutamate, Myristic Acid, Palmitic Acid, Peg-100 Stearate, Polysorbate 80, Sorbitan Oleate, Stearic Acid, Synthetic Fluorphlogopite.","Use daily in the AM after cleansing and any serums, and before an SPF."
pimprod2002393,Patchology,All Eyes On You Eye Perfecting Trio,Relax & Renew,Spa Essentials,$18.00,,https://media.ulta.com/i/ulta/2541632?w=100&h=100&fmt=auto,93 Reviews,"Benefits
Rejuvenating Eye Gels: Caffeine, Hydrolyzed Collagen and other essential ingredients smooth and decrease puffiness
Restoring Night Eye Gels: Treat fine lines and fatigue with a powerful nightly dose of anti-aging, Retinol and Peptides
Illuminating Eye Gels: Lighten the appearance of discoloration, decrease uneven pigmentation and harmonize skin tone with Vitamin C, Pearlescent Minerals and other essential ingredients
Cruelty Free
Formulated Without
Sulfates
Phthalates
Includes
FlashPatch Rejuvenating Eye Gels (2 pairs)
FlashPatch Restoring Night Eye Gels (2 pairs)
FlashPatch Illuminating Eye Gels (2 pairs)
Item 2541632","Flashpatch Restoring Night Eye Gels: Water (Aqua/Eau), Glycerin, Dipropylene Glycol, 1,2-Hexanediol, Chondrus Crispus Powder, Ceratonia Siliqua (Carob) Gum, Chondrus Crispus Extract, Arnica Montana Flower Extract, Scutellaria Baicalensis Root Extract, Potassium Chloride, Sucrose, Cellulose Gum, Retinol, Phenoxyethanol, Allantoin, Sodium Polyacrylate, Hydrogenated Polydecene, Hydrolyzed Collagen, Trideceth-6, Acetyl Tetrapeptide-5, Acetyl Hexapeptide-8, Algin, Dextrin, Ultramarines (Ci 77007), Synthetic Fluorphlogopite, Titanium Dioxide (Ci 77891), Polysorbate 20, Ethylhexylglycerin, Mica (Ci 77019), Disodium Edta, Butylene Glycol, Urea, Yeast Amino Acids, Betaine, Inositol, Taurine, Trehalose, Potassium Sorbate, Caprylyl Glycol, Fragrance (Parfum).
Flashpatch Rejuvenating Eye Gels: Water (Aqua/Eau), Glycerin, Dipropylene Glycol, Ceratonia Siliqua (Carob) Gum, Chondrus Crispus Powder, Butylene Glycol, Chondrus Crispus Extract, Panthenol, Centella Asiatica Extract, Paeonia Suffruticosa Root Extract, Chamomilla Recutita (Matricaria) Flower Extract, Portulaca Oleracea Extract, Caffeine, Hydrolyzed Collagen, Cocos Nucifera (Coconut) Fruit Extract, Sodium Hyaluronate, Aloe Barbadensis Leaf Extract, Lonicera Japonica (Honeysuckle) Flower Extract, Calendula Officinalis Extract, Lavandula Angustifolia (Lavender) Extract, Syringa Vulgaris (Lilac) Extract, Rosmarinus Officinalis (Rosemary) Extract, Mentha Arvensis Leaf Extract, Monarda Didyma Leaf Extract, Jasminum Officinale (Jasmine) Extract, Freesia Refracta Extract, Acetyl Tetrapeptide-5, Trideceth-6, Betaine, 1,2-Hexanediol, Cellulose Gum, Xanthan Gum, Glyceryl Caprylate, Potassium Chloride, Sodium Polyacrylate, Sucrose, Ethylhexylglycerin, Synthetic Fluorphlogopite, Polysorbate 20, Hydrogenated Polydecene, Dipotassium Glycyrrhizate, Allantoin, Pantolactone, Polyglutamic Acid, Acetyl Glucosamine, Urea, Yeast Amino Acids, Trehalose, Inositol, Taurine, Potassium Sorbate, Glutathione, Disodium Edta, Phenoxyethanol, Titanium Dioxide (Ci 77891), Mica, Fragrance (Parfum).
Flashpatch Illuminating Eye Gels:Water (Aqua/Eau), Glycerin, Dipropylene Glycol, Ceratonia Siliqua (Carob) Gum, Chondrus Crispus Powder, Chondrus Crispus Extract, Butylene Glycol, Paeonia Suffruticosa Root Extract, Centella Asiatica Extract, Chamomilla Recutita (Matricaria) Flower Extract, Camellia Sinensis Leaf Extract, Morus Nigra Fruit Extract, 1,2-Hexanediol, Xanthan Gum, Cellulose Gum, Allantoin, Ascorbic Acid, Glyceryl Caprylate, Potassium Chloride, Betaine, Algin, Sucrose, Ethylhexylglycerin, Sodium Polyacrylate, Polysorbate 20, Hydrogenated Polydecene, Synthetic Fluorphlogopite, Dextrin, Trideceth-6, Silica, Calcium Aluminum Borosilicate, Urea, Yeast Amino Acids, Trehalose, Inositol, Taurine, Tin Oxide, Potassium Sorbate, Disodium Edta, Phenoxyethanol, Linalool, Titanium Dioxide (Ci 77891), Iron Oxide Red (Ci 77491), Fragrance (Parfum).","Place 1 pair of gels onto clean, dry under-eye area for 5 minutes (or longer if desired). Discard after use and massage remaining serum into skin. Use daily, or as needed."
pimprod2050642,Erborian,Skin Hero Eye Under Eye Perfector,Eye Treatments,Eye Cream,$29.00,0.36 oz,https://media.ulta.com/i/ulta/2636755?w=100&h=100&fmt=auto,13 Reviews,"Features
This daytime perfector unleashes the power of Korean skincare to instantly reveal under eye radiance with a significant reduction in appearance of dark circles over time.
Formulated with powerful Korean white ginseng complex, this eye perfector helps to reduce signs of visible fatigue in one step.
Peach pigments help to visibly counteract under eye circles. The texture melts into the skin giving the under-eye area an instant boost of radiance.
The result is a smooth and more radiant under eye area.
Skin Hero Eye provides benefits that are instant and help to improve the skin over time.
Research Results
An immediate self-esteem boost:
91% said their skin was smoother.*
81% felt that the appearance of dark circles was minimized.*
After 7 Days:
87% report that the appearance of dark circles is decreased.*
84% say their eyes look flawless, even without makeup.*
After 4 weeks, results on bare skin:
Dark circles are visibly reduced in size by 49% and color by 50%.1
Skin radiance has improved by +70%.**
88% Say they feel more confident in their skin even without make-up, thanks to Skin Hero Eye.**
*Consumer study on 32 volunteers.
**Clinical scoring on 31 volunteers.
Item 2636755","Aqua/Water, Glycerin, Butyrospermum Parkii (Shea) Butter, Butylene Glycol, CI 77891/Titanium Dioxide, Propanediol, Peg-6 Stearate, Squalane, Mica, Coco-Caprylate/Caprate, Octyldodecanol, 1,2-Hexanediol, Cetearyl Alcohol, Oryza Sativa Bran Wax / Oryza Sativa (Rice) Bran Wax, Helianthus Annuus (Sunflower) Seed Oil, Palmitic Acid, Stearic Acid, Peg-100 Stearate, Ammonium Acryloyldimethyltaurate/Vp Copolymer, Glyceryl Stearate, Pentylene Glycol, Panthenol, Pentaerythrityl Tetraethylhexanoate, Silica, Caffeine, CI 77492/Iron Oxides, Isoniacinamide, Hydroxyethyl Acrylate/Sodium Acryloyldimethyl, Taurate Copolymer, Hesperetin Laurate, CI 77491/Iron Oxides, Hydroxypropyl Starch Phosphate, Escin, Cyclodextrin, Hydroxypropyl Cyclodextrin, Panax Ginseng Root Extract, Persea Gratissima (Avocado) Oil, Hydrogenated Vegetable Oil, Glycyrrhiza Glabra (Licorice) Root Extract, Dioscorea Villosa (Wild Yam) Root Extract, Sodium Hyaluronate, Kigelia Africana Fruit Extract, Polysorbate 60, Sorbitan Isostearate, Tin Oxide, Equisetum Giganteum Extract, Tocopherol, CI 77499/Iron Oxides","Apply a small amount of SKIN HERO EYE on your eye contour, in the morning. Smooth over the skin, working outwards, to even out the tone of this area and bring light to it."
pimprod2051596,TONYMOLY,Plum Bum Body Exfoliating 3 Piece Set,K-Beauty,,$10.00,,https://media.ulta.com/i/ulta/2637005?w=100&h=100&fmt=auto,2 Reviews,"Benefits
Gloves enhance your skin's natural radiance and prepare it to absorb moisturizers and serums for that spa-fresh glow.
Plum Bum Gentle Daily Exfoliating Body Bar is a body buffing bar for everyday use that cleanses and removes oil, dead skin cells, and impurities leaving your skin smooth after use.
Plum Bum Tightening Peptide Serum is an all-over serum that deeply hydrates the skin from head to toe.
Key Ingredients
Plum extract, peptides, vitamin C, and glycerin: work together to brighten skin, reduce dark spots and fine lines, soothe inflammation, promote collagen production, support skin elasticity, and provide antioxidant protection for a smoother, firmer complexion.
Includes
Plum Bum Tightening Peptide Serum (1.01 oz)
Plum Bum Gentle Daily Exfoliating Body Bar (3.52 oz)
Glow & Go Exfoliating Glove (1 ct)
Item 2637005",See individual products.,"Reveal your softest skin yet with this glow-boosting trio. Start with the Plum Bum Gentle Daily Exfoliating Body Bar to cleanse and soften, then follow with the TONYMOLY K-spa Exfoliating Glove to gently buff away dead skin and dullness. Finish with the Plum Bum Tightening Peptide Serum to lock in moisture and leave your skin feeling firm, hydrated, and baby-smooth"
pimprod2034310,Kinship,Self Smooth 10% Glycolic Resurfacing Serum,Treatment & Serums,Face Serums,$30.00,2.2 oz,https://media.ulta.com/i/ulta/2598994?w=100&h=100&fmt=auto,22 Reviews,"Benefits
Clinically-proven, potent formula containing 10% Glycolic Acid, Strawberry Extract rich in Vitamin C, soothing Oat Extract and Kinbiome our patented pre/probiotic to strengthen the skin barrier
Rapidly exfoliates, gently lifting away dead skin while visibly tightening and reducing pore size
Works overnight to reveal bright, soft, mega-smooth skin
Supports a strong and healthy skin barrier
Dermatologist-tested
Vegan + Leaping Bunny Certified cruelty-free
Sustainably packaged: Self Smooth bottle is made with 50% (PCR) recycled plastic; bottle is 100% recyclable
Key Ingredients
10% Glycolic Acid: a purified alpha hydroxy acid (AHA) molecule melts away the glue that holds dead skin cells on the surface of the skin. The gold standard of exfoliation, it resurfaces while unclogging, tightening and reducing pore
Strawberry Extract: contains vitamin C to brighten and even skin tone
Oat Extract: nourishes, hydrates and soothes skin
Powered by Probiotics: Our patented Kinbiome™ probiotic strengthens the skin barrier for healthy, glowing, clear skin. It's like kombucha 4 ur face!
Research Results
97% saw a clinical reduction in pore size after 24 hours
94% agreed their skin feels smoother and softer after 24 hours
94% said this serum doesn’t irritate like other acid products do
Based on an independent, inclusive clinical and consumer study of 31 subjects
Item 2598994","Water (Aqua), Glycolic Acid, Glycerin, Caprylic/ Capric Triglycerides, Sodium Hydroxide, Fragaria Vesca (Strawberry) Fruit Extract, Avena Sativa (Oat) Seed Extract, Lactobacillus Ferment, Jojoba Esters, Polyglyceryl-6 Caprylate, Polyglyceryl-3 Cocoate, Polyglyceryl-4 Caprate, Polyglyceryl-6 Ricinoleate, Rubus Fruticosus Fruit Extract, Rubus Ideas (Raspberry) Fruit Extract, Pyrus Malus (Apple) Fruit Extract, Sodium Hyaluronate, Ananas Sativus (Pineapple) Fruit Extract, Arginine, Caprylyl Glycol, Isopropyl Jojobate, Allantoin, Tocopherol, Panthenol, Sodium Acrylates Copolymer, Ethylhexylglycerin, Hexylene Glycol, Lecithin, Decyl Glucoside, Silica, Bisabolol, Lauryl Glucoside, Potassium Sorbate, Sodium Benzoate, Citric Acid, Phenoxyethanol, Octyldodecanol, Xanthan Gum, Titanium Dioxide (CI 77891), Mica (CI 77019), Iron Oxide (CI 77491).","Use as an overnight treatment. Shake well before use. Apply three shakes to cleansed face, neck and chest in the PM, avoiding eye area. A slightly tingly sensation is normal. Start 3x per week + build to daily use as tolerated.
Sunburn Alert: This product contains an alpha hydroxy acid (AHA) that may increase your skin's sensitivity to the sun. Use sunscreen and limit sun exposure while using this product."
pimprod2024299,BLUME,Cloud 9 Essential Oil for Period Cramps,Treatment & Serums,Body Treatments,$18.00,0.34 oz,https://media.ulta.com/i/ulta/2579264?w=100&h=100&fmt=auto,203 Reviews,"Key Ingredients
Clary Sage: A warm, soothing sedative that calms inflammation.
Peppermint: Perks up the senses while fighting muscle spasms + relieving nausea.
Lemon: Lifts your mood and eases an achy head.
Geranium: Enhances your ever-changing mood while fighting fatigue.
Formulated Without
Alcohol
Sulfates
Silicon
Parabens
Features
Travel Friendly
Item 2579264","Organic Jojoba, Organic Essential oils: Clary Sage, Peppermint, Geranium, Bergamot, Lemon, Non-Gmo Vegetable Sourced Vitamin E.","Start with five to ten circular motions directly on your abdomen, wrists, neck, or temples. Blend it into skin with fingers or wrists to fully absorb the oils. Sit back and drift off to Cloud 9. Re-apply as needed.
Precautions: External Use Only. Not for use while pregnant."
pimprod2044585,Erborian,Matte Cream Mattifying & Blurring Primer,Face,Face Primer,$42.00,1.5 oz,https://media.ulta.com/i/ulta/2624329?w=100&h=100&fmt=auto,43 Reviews,"Benefits
The combination of its high-tech formulation and the benefits of White Water Lily extract, known for its mattifying properties, makes Matte Cream a true beauty essential. This multi-benefit, hybrid beauty product glides onto the skin, leaving an imperceptible film onto the skin that helps to:
Blur the appearance of imperfections and pores, with a soft-focus effect
Even out skin tone and give an ultra-matte finish
Refine skin's texture
Maintain the skin's hydration barrier, to hold in moisture
Mattify to prepare skin for makeup.
Your complexion looks more even and matte. Pores are visibly blurred. Skin appears flawless, with a natural-looking, powdery finish
Key Ingredients
White Water Lily Flower extract (Nymphaea Alba): For hydrating and mattifying benefits, and for antioxidants
Butylene Glycol: For moisturizing benefits
Silica Powder: For mattifying benefits
Research Results
Tested under dermatological supervision
Non-comedogenic
Item 2624329","Cyclomethicone, Dimethicone, Aqua/Water, Vinyl Dimethicone/Methicone Silsesquioxane Crosspolymer, Polymethyl Methacrylate, Dicaprylyl Carbonate, Trihydroxystearin, Silica, Dimethicone/Vinyl Dimethicone Crosspolymer, Polymethylsilsesquioxane, Isononyl Isononanoate, Trisiloxane, PEG-10 Dimethicone, Alcohol, Cetyl PEG/PPG-10/1 Dimethicone, Butylene Glycol, Bis-PEG-18 Methyl Ether Dimethyl Silane, Nymphaea Alba Flower Extract, Polysilicone-11, Dimethicone Crosspolymer, Isoceteth-10, Disodium EDTA, Mica, Ethylhexylglycerin, Pentaerythrityl Tetra-Di-T-Butyl Hydroxyhydrocinnamate, Tocopherol, Phenoxyethanol, Parfum/Fragrance, Hexyl Cinnamal, Alpha-Isomethyl Ionone, Linalool, Citronellol, Geraniol, Eugenol, Limonene, Cinnamyl Alcohol, CI 77891/Titanium Dioxide, CI 77510/Ferric Ferrocyanide.","For an ultra matte finish: For a naturally matte skin, apply Matte Cream alone as a finisher.
For a flawless complexion: To preserve your make-up all day long, apply Matte Cream, all over your face as a primer before your usual make-up routine.
For a matte complexion all day long: To eliminate rebellious shiny areas during the day, apply Matte Cream in your T-zone. Use with BB Cream for an overall matte finish."
pimprod2031439,VOLITION,Getaway Glow Gradual Tan Firming Body Moisturizer,Suncare,Self-Tanning & Bronzing,$47.00,,https://media.ulta.com/i/ulta/2595100?w=100&h=100&fmt=auto,34 Reviews,"Benefits
Gradually tans
Firms
Hydrates
Smooths
Softens
Key Ingredients
Peptides
Squalane
Collagen
Shea Butter
Broccoli
Sage
Walnut
Aloe
Sea Salt
Formulated Without
Silicones
Parabens
Sulfates
Synthetic Color
Artificial Fragrance
Gluten
Synthetic DHA
Item 2595100","Water/Aqua/Eau, Caprylic/Capric Triglyceride, Glycerin, Dihydroxyacetone*, Cetearyl Alcohol, Butyrospermum Parkii (Shea) Butter, Erythrulose, Palmitic Acid, Cetyl Alcohol, Squalane, Brassica Oleracea Italica (Broccoli) Extract, Sh-Polypeptide-123, Bioflavonoids, Juglans Nigra (Black Walnut) Shell Extract, Salvia Sclarea (Sage) Oil, Aloe Barbadensis Leaf Extract, Tocopheryl Acetate, Caramel, Sodium Pca, Calcium Gluconate, Stearic Acid, Gluconolactone, Cetearyl Glucoside, Propanediol, Sodium Benzoate, Xantham Gum, Polyacrylate Crosspolymer-6, Sodium Phytate, Glucose, T-Butyl Alcohol, 1,2-Hexanediol, Citric Acid, Potassium Sorbate, Anise Alcohol, Fragrance/Parfum*, Limonene, Linalool.","On clean, dry skin, apply an even layer in circular motions until fully absorbed. Apply daily and consecutively for desired tan. Thoroughly wash hands immediately after application. For best and lasting results, gently exfoliate the skin before application.
Precautions: For external purposes only. Avoid direct contact with eyes. Approved for all skin types."
pimprod2051239,Rael,Hormone Balance Supplement,K-Beauty,,$24.99,,https://media.ulta.com/i/ulta/2641033?w=100&h=100&fmt=auto,125 Reviews,"Benefits
Reduces PMS and PCOS symptoms like mood swings, cravings, acne, and irregular periods.
Supports ovarian function and metabolic health.
Balances hormone levels for a healthier cycle.
Improves period heaviness and regularity over time.
Boosts energy levels and reduces hormonal acne concerns.
Key Ingredients
Myo-Inositol and D-Chiro Carbohydrates: Crucial for hormone regularity and metabolic function.
Folic Acid: Promotes ovulation and is shown to raise progesterone levels, for cycle regularity.
Vitamin D: Reduces the severity of PMS symptoms and boosts mood.
Research Results
2 Out of 3 Experienced Reduced Severity of PMS Symptoms**
Period heaviness improved by 23%**
Period regularity improved by 20% after 4 weeks**, and by 36% after 12 weeks**
Energy levels increased by 51%**
Concern about hormonal acne decreased by 31%**
Item 2641033","Myo-inositol, D-Chiro Inositol, Cholecalciferol (Vitamin D3), Methylcobalamin (Vitamin B12), Folic Acid.","Add one scoop of this unflavored powder into your drink of choice. Dissolve it thoroughly and enjoy anytime, whether it's morning or evening.
Precautions: Store in a dry, cool place. Consult your healthcare provider before use if you are pregnant, nursing, taking medication, or have a medical condition. *This statement has not been evaluated by the Food and Drug Administration. This product is not intended to diagnose, treat, cure, or prevent any disease. **Based on a 12 week clinical study with 37 participants with self-reported BV"
pimprod2023655,Urban Veda,Anti-Aging Organic Rose Reviving Facial Oil,Moisturizers,Face Oils,$45.00,1.0 oz,https://media.ulta.com/i/ulta/2580911?w=100&h=100&fmt=auto,22 Reviews,"Benefits
Glowing skin
Soothing
Hydrating
All Urban Veda products are made with Ayurvedic herbs, flowers and fruits combined with clinically proven actives and antioxidants to help maintain skin's natural state of balance and homeostasis
Key Ingredients
Organic Rosehip: Contains carotenoids, which aid skin-cell turnover
Evening Primrose: Highly moisturising and nourishes the skin
Argan: helps to even skin texture
Borage: Rich in essential fatty acids Oleic and Linoleic acid
Formulated Without
SLS/SLES
Parabens
Silicones
Mineral Oil/paraffinum liquidum
Animal derivatives
Artificial colors
Propylene glycol
MEA/DEA/TEA
EDTA
Microbeads
PEGs
Item 2580911","Carthamus Tinctorius (Safflower) Seed Oil, Squalane (Olive), Pelargonium Graveolens (Geranium) Flower Oil, Helianthus Annuus (Sunflower) Seed Oil, Tocopherol (Vitamin E), Argania Spinosa (Argan) Kernel Oil*, Borago Officinalis (Borage) Seed Oil*, Cannabis Sativa Seed Oil*, Caryodendron Orinocense (Cacay) Seed Oil, Oenothera Biennis (Evening Primrose) Oil*, Prunus Avium (Sweet Cherry) Seed Oil, Punica Granatum (Pomegranate) Seed Oil*, Rosa Canina (Rose Hip) Fruit Oil*, Triticum Vulgare (Wheat) Germ Oil*, Olea Europaea (Olive) Fruit Oil, Asparagus Racemosus (Shatavari) Root Extract, Hippophae Rhamnoides (Sea Buckthorn) Oil*, Eugenia Caryophyllus (Clove) Bud Oil, Rosa Damascena (Rose) Flower Oil, Jasminum Grandiflorum (Jasmine) Flower Extract, Citral**, Citronellol**, Eugenol**, Geraniol**, Limonene**, Linalool**.
*Certified Organic ingredients.
**Naturally occurs in essential oils.","Apply daily to cleansed and toned skin, dispense 3-4 drops onto your fingertips, rub lightly together to warm, then press oil onto cheeks, forehead, chin, and neck and massage in using circular motions. Can also be used as an overnight facial oil, under make up for a dewy look and mixed in with you SPF."
pimprod2034351,LOOPS,Clean Slate Detoxifying Face Mask 5 Piece Set,Treatment & Serums,Face Masks,$30.00,5 ct,https://media.ulta.com/i/ulta/2599937?w=100&h=100&fmt=auto,294 Reviews,"Benefits
Soothing, purifying, deep cleansing, hydrating, purifying in just 10 minutes
Can be used as needed, or as part of your weekly face care routine
Each kit includes 5 face masks
Hydrogel mask material is eco-friendly
Won't clog pores
For all skin types
Dermatologist tested
Formulated without: Parabens, Sulfates, Phthalates, Synthetic Fragrances, Drying Alcohol, Mineral Oil.
Features
Innovative hydrogel technology allows the mask to adhere to your skin, while simultaneously helping Loops ingredients absorb more effectively
LOOPS masks won't slip or drip, because your face care routine shouldn't have to slow you down
Everything you need to cool down after an intense workout, a day in the sun, or when your skin craves a deep cleanse
Key Ingredients
Volcanic Ash - deep cleans and detoxifies pores while gently exfoliating skin
Bamboo Water - calms and comforts dehydrated skin while replenishing lost minerals and amino acids
Shea Seedcake Extract - moisturizes and protects skins from air pollution
Aloe Vera - cools off and soothes skin
Item 2599937","Water (Aqua/Eau), Glycerin, Propanediol, Ceratonia Siliqua (Carob) Gum, Butyrospermum Parkii (Shea) Butter, Chondrus Crispus Powder, Hydroxyacetophenone, Hydroxyethyl Urea, Chlorphenesin, Allantoin, Cellulose Gum, Glucomannan, Panthenol, Xanthan Gum, Disodium EDTA, Potassium Chloride, Sodium Polyacrylate, Dipotassium Glycyrrhizate, Dextrin, Ethylhexylglycerin, Volcanic Ash, Aloe Barbadensis Leaf Water, Bambusa Vulgaris Water, Butylene Glycol, Tocopherol, Dipropylene Glycol, Butyrospermum Parkii (Shea) Seedcake Extract, Phenoxyethanol, Titanium Dioxide (CI 77891), Blue 1 (CI 42090).","The Moment It's For: After a workout or long day to cleanse and detox. Use for 10 minutes, 2-3 times a week for best results.
Start by cleansing skin and gently patting dry.
Tear package at notch to open, pull out tray, and remove film from mask.
Apply the textured side of the mask to face, starting with the top half and then bottom.
Leave on for a LOOP (10 minutes), then peel off.
Tap remaining serum into skin for full ingredient absorption.
Incorporate LOOPS into your regular face care routine for best results.
Please note: face masks will not stick to facial hair."
pimprod2030819,TAN-LUXE,THE CRÈME - Advanced Hydration Gradual Self-Tan Facial Cream,Suncare,Self-Tanning & Bronzing,$49.00,2.1 oz,https://media.ulta.com/i/ulta/2592132?w=100&h=100&fmt=auto,183 Reviews,"Benefits
Squalane, Birch Bark and Rice Bran help to deeply soothe and restore the skin barrier for a plump, supple finish.
Features
Glycine, Leucine, and L-Phenylalaine work to help promote skin elasticity, reducing the appearance of dark spots and fine lines
Includes
Featuring just the right amount of gradual self-tanner for daily use (4.5%), skin is left with a radiant, sunkissed glow
Item 2592132","Aqua (Water), Dimethicone, Dihydroxyacetone, Cetearyl Alcohol, Caprylic/Capric Triglyceride, Glycerin, PEG-100 Stearate, Glyceryl Stearate, C12-15 Alkyl Benzoate, Acacia Senegal Gum, Isopropyl Myristate, Squalane, Magnesium Aluminum Silicate, Betula Alba (Birch Bark) Extract, Tyrosine, Threonine, Serine Oryza Sativa (Rice) Seed Protein, Proline, Glycine, Phenylalanine, Lysine, Leucine, Isoleucine, Arginine, Oryza Sativa (Rice) Extract, Histidine, Glutamic Acid, Valine, Butylene Glycol, Alanine, Gluconolactone, Tocopheryl, Acetate, Hydrolyzed Rhizobian Gum, Parfum (Fragrance), Limonene, Geraniol, Hexyl Cinnamal, Aspartic Acid, Calcium Gluconate, Sodium Hydroxide, Sodium Benzoate, Benzoic Acid, Dehydroacetic Acid, Phytic Acid, Phenoxyethanol.","In upward sweeping motions, smooth The Crème over the face, neck and décolleté. Apply evenly to dry, cleansed skin daily. Wash hands thoroughly after use."
pimprod2051895,fresh,Mini Black Tea Firming Overnight Mask,Moisturizers,Night Cream,$42.00,1.0 oz,https://media.ulta.com/i/ulta/2641151?w=100&h=100&fmt=auto,,"Benefits
Visibly firms and lifts overnight sculpts & defines the look of 7 facial zones, including jawline & neck
Improves the appearance of lines, wrinkles, and crepiness
Energizing
Boosting
Key Ingredients
Mauritius Black Tea Extract: works to visibly smooth fine lines & wrinkles and boost firmness
Verbena Density Peptides: help improve the look of skin laxity for a firmer, smoother look
Elasticity peptide (acetyl dipeptide-1 cetyl ester): works to improve elasticity & fight skin sagging for a more lifted, sculpted look
Ceramide NP: mimics a lipid naturally produced in the skin using biotechnology to help maintain moisture
Research Results
5x visibly smoother forehead wrinkles observed after 8 weeks*
5x visibly smoother frown lines observed after 8 weeks*
5x visibly smoother smile lines observed after 8 weeks*
98% said neck crepiness looks smoother**
95% said their temples appear fuller**
100% said their cheekbones appear more defined**
91% said their jawline is visibly more defined***
*observed results, self-assessment by scoring, 32 subjects, comparing results from immediately after 1 use to after 8 weeks
**self-assessment by questionnaire, 66 subjects, after 8 weeks
***self-assessment by questionnaire, 67 subjects, after 4 weeks
Item 2641151","Aqua (Water), Butylene Glycol, Glycerin, Pentylene Glycol, Jojoba Esters, Cetearyl Alcohol, Squalane, Propanediol, Dicaprylyl Carbonate, Ammonium Acryloyldimethyltaurate/VP Copolymer, Caprylic/Capric Triglyceride, Sodium Carboxymethyl Starch, Sorbitol, Butyrospermum Parkii (Shea) Butter, Cera Alba (Beeswax), Camellia Sinensis Leaf Extract, Verbena Officinalis Extract, Kigelia Africana Fruit Extract, Nephelium Lappaceum Leaf Extract, Rosa Damascena Flower Oil, Tocopheryl Acetate, Tocopherol, Cetearyl Glucoside, Potassium Cetyl Phosphate, Behenyl Alcohol, Parfum (Fragrance), Sodium Citrate, Sodium Polyacrylate, Ceramide NP, Maltodextrin, Citric Acid, Adenosine, Acetyl Dipeptide-1 Cetyl Ester, Chlorphenesin, Linalool, Citronellol, Geraniol.","Massage a generous layer onto the face and neck after cleansing. Leave on overnight. Can be used nightly as the final step of your skincare ritual with Soy Face Cleanser, Kombucha Treatment Essence & Tea Elixir Serum."
pimprod2051793,FARMACY,Brighten Up 3% TXA Dark Spot Toner,Cleansers,Toner,$34.00,4.0 oz,https://media.ulta.com/i/ulta/2641202?w=100&h=100&fmt=auto,1 Review,"Benefits
Formulated with a triple-threat dark spot solution that’s clinically proven to reduce the look of dark spots in just seven days
Key Ingredients
3% TXA (Tranexamic Acid): visibly brightens and reduces the look of dark spots
5% PHA (Gluconolactone) and Azelaic Acid: visibly evens tone, smooths texture, and gently exfoliates
Upcycled Tangerine Peel: a hydrating nature-derived antioxidant
Research Results
Clinical Results: Based on clinical and consumer panel testing on 36 subjects after 7 days:
Clinically proven to visibly reduce dark spots
97% agreed skin clarity was improved
Based on clinical and consumer panel testing on 34 subjects after 8 weeks:
100% showed visible reduction in dark spots
100% showed improvement in skin tone evenness
97% showed visible reduction in the look of hyperpigmentation
Item 2641202","Water/Aqua/Eau, Gluconolactone, Pentylene Glycol, Isopentyldiol, Tranexamic Acid, Betaine, Propanediol, Azelaic Acid, Ascorbic Acid, Citrus Aurantium Amara (Bitter Orange) Fruit Extract, Citrus Aurantium Sinensis Peel Extract, Citrus Reticulata (Tangerine) Fruit Extract, Glycerin, Allantoin, Polyglycerin-6, Inulin, Fructose, Glucose, Xanthan Gum, Cellulose Gum, Lactic Acid, Citric Acid, Sodium Phytate, Cellulose.
The list of ingredients is subject to change, please consult the packaging of the product purchased.","-Swipe onto a clean face, morning and/or evening, avoiding your eye area.
-Do not rinse.
-Follow with serum or moisturizer
-For daytime use, follow with sunscreen."
pimprod2013455,Pixi,Rose Oil Blend Nourishing Face Oil,Moisturizers,Face Oils,$24.00,1.01 oz,https://media.ulta.com/i/ulta/2562276?w=100&h=100&fmt=auto,204 Reviews,"Benefits
Replenishes lost moisture
Boosts skin's natural radiance
Luminous finish
Paraben-free
Suitable for all skin types
Key Ingredients
Rose Geranium Oil tones and balances
Pomegranate Seed Oil has powerful antioxidant properties
Rosehip Oil is a moisturizing superfood
Item 2562276","Prunus Amygdalus Dulcis (Sweet Almond) Oil, Rosa Canina Fruit Oil, Simmondsia Chinensis (Jojoba) Seed Oil, Tocopherol, Pelargonium Graveolens Flower Oil, Rosa Damascena Flower Oil, Punica Granatum Seed Oil, Citrus Aurantium Dulcis (Orange) Peel Oil.","Use in the AM and PM. Massage 2 to 3 drops onto cleansed, toned skin. For extra hydration & glow, add 1 or 2 drops to your moisturizer before applying."
pimprod2006514,Indeed Labs,Retinol Reface Skin Resurfacer Cream,Treatment & Serums,Face Serums,$19.99,1.0 oz,https://media.ulta.com/i/ulta/2550371?w=100&h=100&fmt=auto,293 Reviews,"Benefits
Quickly and effectively targets signs of aging by reducing the appearance of fine lines and wrinkles
Minimizes redness and enhances skin tone, hydration, firmness, radiance and brightness
Improves skin texture and can be used by acne-prone skin
Superstar ingredients retinol and bakuchiol work to increase cell turnover and improve skin elasticity
Features
Skincare Concerns: Fine Lines and Wrinkles, Uneven Skin Tone and Texture
Skin Type: Balanced, Dry, Combination, Oily, Sensitive and Acne-Prone
Ingredient Callouts: Free of Phthalates, SLS & SLES, Parabens, Colorants, Denatured Alcohol and Mineral Oil
Key Ingredients
RETINOL MICROSPHERES: A soft, pure retinol that is encapsulated in plant microspheres which slowly release into the skin. This optimizes the effectiveness of the active, allowing it to work throughout the day after having been applied at night.
RETINOL MICROSPHERES boasts low irritation potential and maintained long-term effectiveness.
BAKUCHIOL: The first natural alternative to retinol that is clinically proven to significantly reduce wrinkles and hyperpigmentation with minimal irritation. Clinically proven to reduce multiple signs of aging, reduce roughness, dryness, fine lines and wrinkles.
BAKUCHIOL also improves skin tone, hydration, elasticity, firmness, radiance and skin brightness.
RETINOL-LIKE PEPTIDE: A multi-faceted, anti-aging, retinol-like peptide technology that provides the same benefits as traditional retinol, while minimizing skin irritation or discomfort.
Item 2550371","Water (Aqua/Eau), Dimethicone, Isodecyl Neopentanoate, Isononyl Isononanoate, Propanediol, Cetearyl Alcohol, Caprylyl Methicone, Cetyl Alcohol, Glycerin, Pentylene Glycol, Peg-100 Stearate, Bakuchiol, Dimethicone Crosspolymer, Glyceryl Stearate, Cetearyl Glucoside, 4-T-Butylcyclohexanol, 1,2-Hexanediol, Caprylyl Glycol, Sodium Acrylate/Sodium Acryloyldimethyl Taurate Copolymer, Isohexadecane, Butylene Glycol, Xanthan Gum, Glycine Soja (Soybean) Oil, Polysorbate 80, Hydroxypropyl Cyclodextrin, Sorbitan Oleate, Retinol, Carbomer, Palmitoyl Tripeptide-38, Acacia Senegal Gum Extract, Tocopherol, Propylene Glycol Alginate.
Please be aware that ingredient lists may be updated from time to time - please refer to the ingredient list on the product package you receive.","Apply 1-2 pumps evenly over a cleansed face and neck every other evening, working up to daily evening use. Always apply an SPF in the morning when using a retinol."
pimprod2038073,,,,,,,,,,,
pimprod2050108,Wildfleur,HydrO18 Triple Lipid 2.0% + Linoleic Acid Hydrating Moisturizer,Moisturizers,Face Moisturizer,$24.00,1.7 oz,https://media.ulta.com/i/ulta/2634835?w=100&h=100&fmt=auto,188 Reviews,"Features
2.0% HydrO18 triple lipid water
Patented ultrasonic technology
Designed to support the skin’s barrier-building process
Dermatologist tested
Key Ingredients
2.0% HydrO18 - An ultrasonic transformation of water into an activated lipophilic (oil loving) colloidal complex, proven to deliver 24-hour hydration and build the skin's lipid layer
Linoleic acid - An essential omega-6 fatty acid that serves as the building blocks for the skin’s cell membrane and helps build the barrier as a structural precursor for important skin lipids called ceramides
Research Results
In a clinical study with over 50 people:
96% saw improvement in skin softness after only 1 week
91% saw visible improvement in skin smoothness after only 1 week
Item 2634835","Water / Aqua, Glycerin, Isopropyl Palmitate, Sunflower Seed Oil Polyglyceryl-4 Esters, Polyacrylate Crosspolymer-6, Hydroxyethyl Acrylate/Sodium Acryloyldimethyl Taurate Copolymer, Sodium Hyaluronate, Simmondsia Chinensis (Jojoba) Seed Oil, Glyceryl Stearate, Cetyl Alcohol, Ceramide Np, Propanediol, Tremella Fuciformis (Mushroom) Extract, Dioscorea Villosa (Wild Yam) Root Extract, Peg-100 Stearate, Sorbitan Isostearate, Polysorbate 60, Niacinamide, Ethylhexylglycerin, Tocopheryl Acetate, Trisodium Ethylenediamine Disuccinate, Gluconolactone, Calcium Gluconate, Citric Acid, Sodium Benzoate, Phenoxyethanol, Tocopherol.","Apply a thin layer to clean face and neck (AM + PM). Allow a few minutes (dependent on your skin type) for the formula to fully absorb and replenish the skin.
Tip:
Use after active-based serums like vitamin C, retinoids etc. To lock in the benefits of the chosen active while hydrating and replenishing the skin barrier."
pimprod2014044,Hey Honey,Tone It Up - Propolis & Echinacea Herbal Toner,Cleansers,Toner,$39.00,5.0 oz,https://media.ulta.com/i/ulta/2563935?w=100&h=100&fmt=auto,92 Reviews,"Benefits
pH balancing thus controls sebum production and the bacterial concentration of acne causing bacteria resulting in clearer skin and healthier looking skin
Minimizes the appearance of large pores without over-drying the skin or stripping the skin of its natural oils
Reinvigorating and revitalizing feeling and appearance left in the skin
Soothing and calming to the skin as well as cooling
Helps to prevent persistent stubborn breakouts and acne
Great for all skin types
Made with over 99% natural ingredients
Clean beauty
Cruelty free
Key Ingredients
Bee Propolis balances sebum production and is antiseptic and antibacterial. It helps to prevent breakouts from forming as well as clearing away acne causing bacteria and good for unclogging pores.
Echinacea is a natural astringent that helps to tighten and shrink pore size.
Nettle is super calming and soothing for the skin.
Formulated Without
Parabens
Sulfates
SLS and Phthalates
Item 2563935","Aqua (Water), Echinacea Purpurea Extract, Betaine, Glycerine, Cyperus Esculentus, Tuber Extract, Undecylenoyl Glycine, Butylene Glycol, Gossypium Herbaceum (Cotton) Seed Extract, Urtica Dioica (Nettle) Leaf Extract, Lonicera Japonica (Honeysuckle) Flower Extract, Sodium PCA, Niacinamide, Fructose, Glycine, Urea, Inositol, Sodium Lactate, Honeysuckle (Lonicera Caprifolium) Extract, Propolis Extract, Pistacia Lentiscus (Mastic) Gum, Aloe Barbadensis Leaf Juice Powder, Xantham Gum, Sodium Hydroxide.","On clean skin, sweep over face and neck with a cotton pad. Follow with a moisturizer."
pimprod2017742,,,,,,,,,,,
pimprod2031358,belif,Aqua Bomb Hydrating Toner with Hyaluronic Acid,Cleansers,Toner,$30.00,6.75 oz,https://media.ulta.com/i/ulta/2593508?w=100&h=100&fmt=auto,22 Reviews,"Benefits
Formulated with the same explosive hydration as belif's cult-favorite The true cream - aqua bomb
Lightweight & absorbs instantly into skin, delivering a flood of hydration post-cleanse and prepping the skin for the next steps of your skincare regimen
An ultra-hydrating toner with Sodium Hyaluronate that soothes and refreshes skin for a healthy-looking glow
Key Ingredients
Honeysuckle - A soothing herb that calms the skin while promoting natural Hyaluronic Acid production for even more hydrated skin
Baobab - Helps lock in moisture and prevents water loss
Beta-glucan - Extracted from fermented mushrooms, this compound helps relieve irritated skin and strengthen the outermost layer of the skin
Sodium Hyaluronate: Helps keep skin hydrated
Formulated Without
Parabens
Pthalates
Sulfates
Animal origin ingredients
Mineral Oils
Synthetic fragrances
Synthetic organic dyes
Petrolatum
Item 2593508","Water/Eau, Glycerin, Alcohol Denat., Dipropylene Glycol, 1,2-Hexanediol, Betaine, Panthenol, PEG/PPG/Polybutylene Glycol-8/5/3 Glycerin, Avena Sativa (Oat) Kernel Extract, Stellaria Media (Chickweed) Extract, Calendula Officinalis Flower Extract, Nepeta Cataria Extract, Rubus Idaeus (Raspberry) Leaf Extract, Baptisia Tinctoria Root Extract, Alchemilla Vulgaris Leaf Extract, Equisetum Arvense Leaf Extract, Urtica Dioica (Nettle) Leaf Extract, Adansonia Digitata Seed Extract, Lonicera Caprifolium (Honeysuckle) Flower Extract, Vitis Vinifera (Grape) Vine Sap, Sodium Hyaluronate, Acrylates/C10-30 Alkyl Acrylate Crosspolymer, Hydroxypropyl Cyclodextrin, PEG-60 Hydrogenated Castor Oil, Bis-PEG-18 Methyl Ester Dimethyl Silane, Trisodium EDTA, Beta-Glucan, Glyceryl Acrylate/Acrylic Acid Copolymer, Glycereth-26, Phenyl Trimethicone, Tromethamine, PEG/PPG-17/6 Copolymer, Polyglutamic Acid, Methylpropanediol, Malachite Extract, Butylene Glycol, Citrus Aurantium DUlcis (Orange) Peel Oil, Citrua Aurantifolia (Lime) Oil, Rosmarinus Officinalis (Rosemary) Leaf Oil, Pelargonium Graveolens Flower Oil, Citral, Citronellol, Limonene, Geraniol, Linalool.","Moisten a cotton pad and gently sweep across clean face. Or dispense a dime-sized amount into palm and apply to the face in a gentle patting motion after cleansing. For best results, use twice daily - morning and night."
pimprod2041080,Vacation,AriZona Iced Tea Lip Balms,Lips,Lip Balms & Treatments,$11.99,,https://media.ulta.com/i/ulta/2616709?w=100&h=100&fmt=auto,113 Reviews,"Benefits
3 x Legendary AriZona Iced Tea flavors
Broad spectrum SPF 30
Water-resistant (80 minutes)
PEG & paraben-free
A firm, warm-weather-friendly stick with a smooth, luxurious glide
Clean feeling with a subtle sheen
Truly transparent application
Hydrating and nourishing
Every Vacation formula is dermatologist tested and reviewed by toxicologists to ensure world-class protection
Formulated without: Oxybenzone, Octinoxate, Parabens, Phthalates, PEGs, Beeswax, Mineral Oil
Key Ingredients
Coconut Oil, Jojoba Oil, & Olive Oil - Rich, emollient oils to keep lips feeling soft and smooth before, during, and after sun exposure
Candelilla & Sunflower Wax - A beeswax-replacing combination of waxes that help to provide a glossy shine
Aloe Vera - A naturally occurring cocktail of antioxidants that soothe and hydrate sun-kissed skin Cocoa Butter - A delightful butter that strengthens the protective barrier and helps lips retain
Vitamin E - A vitamin renowned for its ability to replenish sun-exposed skin
Includes
Mucho Mango Lip Balm SPF 30 (0.15 oz)
Green Tea with Ginseng & Honey Lip Balm SPF 30 (0.15 oz)
Iced Tea with Lemon SPF 30 (0.15 oz)
Item 2616709","Active: Avobenzone (3%), Homosalate (5%), Octisalate (3%), Octocrylene (10%).
Inactive: Aloe Barbadensis (Aloe Vera) Leaf Extract, Butyloctyl Salicylate, C18-38 Alkyl Hydroxystearoyl Stearate, Canola Oil, Cocos Nucifera (Coconut) Oil, Euphorbia Cerifera (Candelilla) Wax, Flavor, Glycine Soja (Soybean) Oil, Helianthus Annuus (Sunflower) Seed Wax, Olea Europaea (Olive) Fruit Oil, Ricinus Communis (Castor) Seed Oil, Rosmarinus Officinalis (Rosemary) Leaf Extract, Simmondsia Chinensis (Jojoba) Seed Oil, Stevia Rebaudiana Leaf Extract, Sunflower Seed Oil Glycerides, Theobroma Cacao (Cocoa) Seed Butter, Tocopherol (Vitamin E), Tocopheryl Acetate.","Apply liberally and evenly to lips 15 minutes before sun exposure. Reapply as necessary: after swimming or sweating, immediately after towel drying, and at least every 2 hours."
pimprod2044584,Erborian,Centella Cream Soothing Moisturizer,Moisturizers,Face Moisturizer,$29.00,1.7 oz,https://media.ulta.com/i/ulta/2624032?w=100&h=100&fmt=auto,20 Reviews,"Benefits
Absorbing effortlessly into the skin, Centella Cream combines soothing Centella Asiatica Extract, with a trio of moisturizing ingredients including Shea Butter, Glycerin and Beta Glucan Complex for skin that feels instantly quenched with moisture.
After application, your skin texture looks smoother and more luminous with a feeling of comfort that lasts all day.*
Intensely hydrates and immediately plumps your skin with moisture, leaving it softer.
Immediately soothes your skin, to avoid a feeling of discomfort.
Helps to better protect against external aggressions, for a complexion looking more even and luminous.
Tested under dermatological supervision. Non-comedogenic. 89% of natural origin ingredients.
Formulated without silicones, parabens, phthalates. Contains less than one percent synthetic fragrances.
Key Ingredients
2% Centella Asiatica extract, an ingredient used for centuries in Korea, is known traditionally for soothing properties.
Shea Butter is rich in omega fatty acids and known for moisturizing and comforting skin.
Hyaluronic Acid helps keep the skin looking plumper and targets skins' hydration.
Glycerin helps to moisturize and retain water, keeping the skin soft.
Beta-glucan Complex, a naturally derived sugar complex that contributes to moisture and soothes the skin.
Research Results
During the application, 90% feel the product texture is weightless on the skin.
Immediately after application, 97% felt their skin was softer and plumped with moisture.
90% say the product locked-in hydration all day long.
After 4 weeks of use, 93% say they feel better with their skin.
*In a consumer-perception study with 30 people
Item 2624032","Aqua/Water, Dicaprylyl Carbonate, Isononyl Isononanoate, Glyceryl Stearate, Glycerin, 1,2-Hexanediol, Octyldodecanol, Isostearyl Neopentanoate, Centella Asiatica Leaf Extract, Cetearyl Alcohol, Caprylic/Capric Triglyceride, Butyrospermum Parkii (Shea) Butter, Sodium Hyaluronate, Butylene Glycol, Ethylhexylglycerin, Pentaerythrityl Tetraethylhexanoate, Hydroxyethyl Acrylate/Sodium Acryloyldimethyl Taurate Copolymer, Coco-Caprylate/Caprate, Polyglyceryl-3 Diisostearate, Triheptanoin, Polyacrylate Crosspolymer-6, C9-12 Alkane, Dilinoleic Acid/Butanediol Copolymer, Pentylene Glycol, Beta-Glucan, Polysorbate 60, Sorbitan Isostearate, Citric Acid, Caprylyl Glycol, Castor Oil/IPDI Copolymer, T-Butyl Alcohol, Tocopherol, Parfum/Fragrance.",Apply morning and evening as your daily moisturizer after cleansing. Can be used as a makeup base.
pimprod2051675,PAT McGRATH LABS,Skin Fetish: Glass 001 Artistry Mask,Treatment & Serums,Face Masks,$38.00,2.53 oz,https://media.ulta.com/i/ulta/2642345?w=100&h=100&fmt=auto,,"Benefits
Infused with Soothing Glycerin and Rose Flower Water
Helps Blur & Minimize the Appearance of Pores After Use
Features
Hyper-Shiny Glass Finish
Item 2642345","Water/Aqua/Eau, Polyvinyl Alcohol, Alcohol Denat., Butylene Glycol, Glycereth-26, Glycerin, Caprylyl Glycol, Phenoxyethanol, Allantoin, Panthenol, Xanthan Gum, Hexylene Glycol, Rosa Damascena Flower Water, Citronellol, Geraniol.","Apply in thin, even layers for a seamless, reflective effect - no couture process required. Infused with glycerin, rose flower water, and allantoin, this innovative mask smooths, refreshes, and rejuvenates the appearance of skin with every peel, leaving it luminous and flawless."
pimprod2048981,BeautyBio,Firm and Glow GloPRO Set,By Category,Skin Gifts,$179.00,,https://media.ulta.com/i/ulta/2634940?w=100&h=100&fmt=auto,,"Benefits
Painless vertical exfoliating microneedles
Enhances skincare benefits
Helps visibly restore volume
Includes
GloPRO Tool with 2 FACE Attachments
3 Residue Eraser Pads
Signature Pack N’ Glo Case in Blush Glitter
Research Results
97% felt the firmness of skin improved
90% saw an improvement in the evenness of skin
87% said their pores appeared less noticeable
In a consumer perception study after 30 days of use.
Item 2634940","Residue Eraser Pads: Water/Aqua/Eau, Sorbitan Oleate Decylglucoside Crosspolymer, Cocoyl Argininamide, Syringa Vulgaris (Lilac) Flower Extract, Pelargonium Graveolens Flower Oil, Lavandula Angustifolia (Lavender) Oil, Cymbopogon Schoenanthus Oil, Cedrus Atlantica Bark Oil, Glyceryl Caprylate, Caprylyl Glycol, Myristoyl Tetrapeptide-13, Myristoyl Hexapeptide-23, 1,2-Hexanediol, Guar Hydroxypropyltrimonium Chloride, Maltodextrin, Polysorbate 60, Polysorbate 80, Simethicone, Citric Acid, Linalool, Geraniol.","For PM use. Cleanse face and pat dry. Swipe Skin Prep Pads over face to prep and condition treatment areas. Gently glide GloPRO® FACE Attachment across forehead, nose-to-mouth lines, cheeks, neck and décolleté. Use the included spritzer bottle (fill with alcohol) to sanitize your MicroTip™ attachments after each use to ensure your tool stays clean and ready for your next treatment. Follow with your favorite serum or moisturizer for max results. Store your favorite attachment heads and skincare essentials in the signature Pack N' Glo organizer."
pimprod2018845,Olay,Regenerist Retinol24 MAX Night Serum,Treatment & Serums,Face Serums,$43.99,1.3 oz,https://media.ulta.com/i/ulta/2572625?w=100&h=100&fmt=auto,"1,055 Reviews","Benefits
Penetrates the surface of your skin at night to transform your skin with Retinol24's maximum concentration of hydrators
Fragrance-free serum absorbs quickly so you're not left with a greasy feeling (or pillow)
Research Results
The retinoid complex has been clinically shown to provide the following results: 75% of subjects had improvement around the eye after 4 weeks
The retinoid complex has been clinically shown to provide the following results: Reduction in Crows Feet Appearance, 4 weeks -14.4%*
*Average Clinical results on 20 subjects in a round-robin, randomized, controlled test, compared to baseline.
Item 2572625","Water, Dimethicone, Glycerin, Retinol, Etinyl Propionate, Niacinamide*, Tropaeolum Majus Flower/leaf/stem Extract**, Palmitoyl Pentapeptide-4***, Dimethiconol, Laureth-4, Polysorbate 20, Laureth-7, Disodium EDTA, Dimethicone Crosspolymer, Polyacrylamide, Titanium Dioxide, Mica, C13-14 Isoparaffin, Dmdm Hydantoin, Iodopropynyl Butylcarbamate.
*vitamin B3, **natural Plant Extract With Peptide Blend, ***peptide.","Use at night. Massage serum evenly over face and neck. Use with SPF in the daytime.
Precautions: Avoid contact with eyes. If contact occurs, rinse well with water. If skin irritation develops, reduce frequency or discontinue use. Recommended to use with a SPF moisturizer."
pimprod2044028,Perricone MD,Essential FX Starter Collection,By Category,Skin Gifts,$99.00,,https://media.ulta.com/i/ulta/2624086?w=100&h=100&fmt=auto,2 Reviews,"Features
Essential Fx Acyl-Glutathione: Deep Crease Serum (0.5 oz) A highly potent serum with a silky, luxurious texture to smooth even the most stubborn, deep-set lines, wrinkles and creases, including marionette lines, frown lines, smile lines and nasolabial folds
Essential Fx Acyl-Glutathione: Eyelid Lift Serum (0.25 oz) Give your eyelids a lift with a powerful, yet ultra-lightweight tightening serum that visibly smooths and lifts droopy eyelids while diminishing the look of dark circles under eyes
Essential Fx Acyl-Glutathione: Rejuvenating Moisturizer (1.0 oz) A deeply hydrating, fast-absorbing, skin firming moisturizer that delivers the optimal nourishment to strengthen and replenish skin's moisture barrier for plumper, firmer-looking skin
Benefits
Softens the look of facial lines from daily repetitive movements
Diminishes the look of creases along the upper eye lid
Softens the appearance of dark circles, lines and wrinkles
Delivers optimal nourishment to help address dry, tight skin
Item 2624086","Deep Crease Serum: Water/Aqua/Eau, Propanediol, Squalane, Hydrogenated Polyisobutene, S-Palmitoylglutathione, Dimethicone, Glycerin, Macadamia Ternifolia Seed Oil, Xylitylglucoside, Tetrahexyldecyl Ascorbate, Dimethyl MEA, Palmitoyl Tripeptide-5, Acetyl Hexapeptide-8, Anhydroxylitol, Lactic Acid, Xylitol, Xanthan Gum, Linum Usitatissimum (Linseed) Seed Oil, Salvia Hispanica Seed Oil, Tocopherol, Ethylhexylglycerin, Magnesium Aspartate, Zinc Gluconate, Alaria Esculenta Extract, Glucose, Sodium Hyaluronate, Copper Gluconate, Tetradecyl Aminobutyroylvalylaminobutyric Urea Trifluoroacetate, Palmitoyl Dipeptide-5 Diaminobutyroyl Hydroxythreonine, Helianthus Annuus (Sunflower) Seed Oil, Rosmarinus Officinalis (Rosemary) Leaf Extract, Tetrasodium Glutamate Diacetate, Magnesium Chloride, Caprylic/Capric Triglyceride, Acrylates/C10-30 Alkyl Acrylate Crosspolymer, Caprylyl/Capryl Glucoside, Caprylyl Glycol, Potassium Sorbate, Phenoxyethanol, Fragrance/Parfum, Citronellol, Hydroxycitronellal, Limonene, Linalool.
Eyelid Lift Serum: Water/Aqua/Eau, Propanediol, Pantethine, Glycerin, Tetrahexyldecyl Ascorbate, S-Palmitoylglutathione, Dimethyl MEA, Palmitoyl Tripeptide-38, Acetyl Tyrosine, Avena Sativa (Oat) Kernel Extract, Xanthan Gum, Macadamia Ternifolia Seed Oil, Linum Usitatissimum (Linseed) Seed Oil, Salvia Hispanica Seed Oil, Silica Cetyl Silylate, Ethylhexylglycerin, Sodium Hyaluronate, Helianthus Annuus (Sunflower) Seed Oil, Rosmarinus Officinalis (Rosemary) Leaf Extract, Tetrasodium Glutamate Diacetate, Acrylates/C10-30 Alkyl Acrylate Crosspolymer, Caprylyl Glycol, Hydroxypropyl Cyclodextrin, Phenoxyethanol, Silica, Titanium Dioxide (CI 77891), Iron Oxides (CI 77491).
Rejuvenating Moisturizer: Water/Aqua/Eau, Ethylhexyl Palmitate, Glycerin, Dimethicone, Cetearyl Alcohol, Glyceryl Stearate, Polysorbate 60, Palmitoyl Glycine, S-Palmitoylglutathione, Tetrahexyldecyl Ascorbate, PEG-100 Stearate, Ribose, Lactic Acid, Linum Usitatissimum (Linseed) Seed Oil, Macadamia Ternifolia Seed Oil, Phospholipids, Polyglyceryl-10 Stearate, Ethylhexylglycerin, Salvia Hispanica Seed Oil, Tocopherol, Helianthus Annuus (Sunflower) Seed Oil, Rosmarinus Officinalis (Rosemary) Leaf Extract, Tetrasodium Glutamate Diacetate, Sodium Hydroxide, Polyacrylamide, Sodium Acrylates Copolymer, Polysilicone-11, Hydrogenated Polyisobutene, C13-14 Isoparaffin, Laureth-7, Phenoxyethanol, Fragrance/Parfum, Citronellol, Hydroxycitronellal, Limonene, Linalool.","After cleansing, massage Deep Crease Serum onto face and neck using a gentle upward motion. Next, gently pat Eyelid Lift Serum onto eye area using your ring finger. Keep out of eyes. Once both the Deep Crease Serum and the Eyelid Lift Serum are fully absorbed, massage Rejuvenating Moisturizer onto cleansed face and neck using a gentle upward motion. Use all three both morning and evening."
pimprod2038330,Estée Lauder,Nutritious Radiant Essence Treatment Lotion,Moisturizers,Face Moisturizer,$42.00,6.7 oz,https://media.ulta.com/i/ulta/2607434?w=100&h=100&fmt=auto,31 Reviews,"Benefits
If your skin is grumpy, dull and irritable, this collection is what you need. Ingeniously calibrated, nutrient-rich formulas feature naturally derived ingredients. Skincare that will help skin flourish and flaunt its natural vibrancy. It's as simple as that.
Radiant Essence Lotion delivers a cushioning, hydrating infusion. Awakens. Balances. Calms. Preps for regimen. Healthier-looking. Blissful-feeling. Vitality-loving skin.
Hydrates and balances skin.
Helps reduce oil.
Visibly shrinks pores.
Helps prevent redness.
Non-pore clogging (non-acnegenic). Suitable for acne-prone, sensitive-prone, grumpy skin.
EWG Verified
Skin-loving. Future-loving. Nutrient-rich, 95% naturally derived formula*. Designed with packaging sustainability.
*Per ISO Standard 16128. From plant sources, non-petroleum mineral sources, and/or water.
CLINICALLY PROVEN: After 1 application: Helps prevent redness* and skin barrier is strengthened**
After 10 days: Oiliness looks reduced*** and pores look minimized***
Overtime: Oiliness looks reduced by -40%**** and pores look minimized by -31%****
*After pre-treatment period; clinical testing on 29 people measured for 2.5 hours, versus untreated control.
**Clinical testing on 33 women after using product for 4 hours.
***Clinical testing on 32 women, after using product for 10 days.
****Clinical testing on 32 women, after using product for 8 weeks.
EWG Verified: Nutritious collection is EWG VERIFIED by Environmental Working Group (EWG), a third-party non-profit organization. This verification means that Estée Lauder's formulas meet some of the strictest formulation standards, transparency requirements, and we use good manufacturing processes.
Key Ingredients
Infused with Estée Lauder's Nutri-9 Complex, which includes:
Sweet Kelp to help fight oiliness and minimize the appearance of pores (responsibly sourced)
Red Algae Ferment to soothe and reduce visible redness (responsibly sourced)
Coconut Water Ferment to hydrate and nourish (Estée Lauder's proprietary ferment)
Formulated Without
Parabens
Phthalates
Sulfite
Sulfates
Triclosan
Triclocarbon
Formaldehyde and donors
Silicones
Drying alcohol
Mineral oil
Paraffin
Petrolatum
Gluten
Synthetic fragrance or color
Animal-derived ingredients
Item 2607434","Water\Aqua\Eau, Propanediol, Niacinamide, Glycerin, Butylene Glycol, Laminaria Saccharina Extract, Porphyridium Cruentum Extract, Lactobacillus Ferment, Hydrolyzed Rice Extract, Punica Granatum (Pomegranate) Extract, Zinc Pca, Dipotassium Glycyrrhizate, Camellia Sinensis (Green Tea) Leaf Extract, Sodium Hyaluronate, Caffeine, Narcissus Tazetta Bulb Extract, Cucumis Sativus (Cucumber) Fruit Extract, Sucrose (Organic Brown Sugar), Sodium Dilauramidoglutamide Lysine, Citric Acid, Sodium Citrate, Caprylyl Glycol, Sodium Hydroxide, Polyglyceryl-6 Caprylate, Polyglyceryl-4 Caprate, Acrylates/C10-30 Alkyl Acrylate Crosspolymer, Phenoxyethanol. ILN99169.","Show your skin some love AM and PM:
Start fresh with 2-in-1 Foam Cleanser.
Apply Radiant Essence Lotion all over face. Tip: use your hands or cotton pad. Follow the essence with a serum if you choose.
Hydrate with the Nutritious moisturizer right for you.
Finishing up? Please recycle the bottle."
pimprod2045033,Undefined Beauty,R&R Sun Elixir SPF 30 Glow Oil,Suncare,Sunscreen,$22.00,1.0 oz,https://media.ulta.com/i/ulta/2626500?w=100&h=100&fmt=auto,39 Reviews,"Benefits
Protecting + Brightening + Nourishing
80 minutes water resistance
Deliciously scented multitasker leaves your skin bright, moisturized, soft and protected
Works on all skin tones/types without a cast
Bonus: also great for scalp, hair and body.
Key Ingredients
Vitamin C: Brightens
Tsubaki Seed: Collagen boosting antioxidant
Amla: Evens skin tone
Milk Thistle: Restores moisture barrier
Squalane: Nourishes
Tomato Seed/Lycopene: Reparative
Moringa: Balances
Rosehip: Brightens
Argan: Protects
Bisabolol: Soothes
Item 2626500","Active: Homosalate 15%, Octocrylene 10%, Octyl Salicylate 5%, Avobenzone 3%.
Inactive: Caprylic/Capric Triglyceride, Octyl Palmitate, C12-15 Alkyl Benzoate, Tridecyl Salicylate, Polyester-8, Hydrogenated Methyl Abietate, Ethylhexyl Methoxycrylene, Sorbitan Sesquioleate, Capryloyl Glycerin/Sebacic Acid Copolymer, Tetrahexyldecyl Ascorbate (Vitamin C), Squalane, Bisabolol, Moringa Pterygosperma Oil, Camellia Japonica (Tsubaki) Seed Oil, Phyllanthus Emblica Fruit (Amla) Extract, Silybum Marianum (Milk Thistle) Ethyl Ester, Rosa Canina (Rosehip) Fruit Oil*, Argania Spinosa (Argan) Kernel Oil*, Simmondsia Chinensis (Jojoba) Seed Oil*, Solanum Lycopersicum (Tomato) Seed Oil, Vaccinium Macrocarpon (Cranberry) Seed Oil, Lycopene (Lycomega), Helianthus Annuus (Sunflower) Seed Oil, Eclipta Prostrata Extract, Melia Azadirachta Leaf Extract (Neem), Tocopheryl Acetate (Vitamin E), Diethylhexyl Syringylidenemalonate, Maltodextrin, Fragrance.","Apply liberally to face, and neck before sun exposure. Also great for scalp, hair and body."
pimprod2035903,VOLITION,Snow Mushroom Water Serum with Peptides + Vitamin C,Treatment & Serums,Face Serums,$69.00,1.0 oz,https://media.ulta.com/i/ulta/2602217?w=100&h=100&fmt=auto,23 Reviews,"Benefits
Minimizes the look of pores
Hydrates
Reduces the appearance of wrinkles
Key Ingredients
Snow Mushroom
Peptides
Vitamin C
Marine Water
Lentil Extract
Formulated Without
Parabens
Phthalates
Sulfates
Alcohol
Gluten
Silicones
Artificial Dyes
Synthetic Fragrance
Item 2602217","Water/Aqua/Eau, Glycerin, Propanediol, Argania Spinosa (Argan) Kernel Oil, Tremella Fuciformis (Mushroom) Extract, Sodium Hyaluronate, Sea Water/Maris Aqua, Citrullus Lanatus (Watermelon) Fruit Extract, Pyrus Malus (Apple) Fruit Extract, Lens Esculenta (Lentil) Fruit Extract, 3-O-Ethyl Ascorbic Acid, N-Prolyl Palmitoyl Tripeptide-56 Acetate, Diheptyl Succinate, Caprylyl Glycol, Hydroxypropyl Methylcellulose, Polyglyceryl-4 Caprate, Xanthan Gum, Capryloyl Glycerin/Sebacic Acid Copolymer, Sodium PCA, Sodium Lactate, Pentylene Glycol, Sodium Carbomer, Ethylhexylglycerin, Phenoxyethanol.","Apply a pea-sized amount to cover entire face, neck and décolletage. Lightly pat the skin to ensure full absorption. Apply twice daily.
Precautions: For external purposes only. Avoid direct contact with eyes."
pimprod2048396,RMS Beauty,SuperSerum Hydrating Mist,Moisturizers,Face Mists & Essences,$45.00,1.0 oz,https://media.ulta.com/i/ulta/2632200?w=100&h=100&fmt=auto,561 Reviews,"Benefits
Fast-absorbing
Provides 24 hours of hydration
Non-comedogenic
Rich antioxidant defense
Adds visible radiance
Smooths, firms, & brightens skin tone
Formulated without gluten, sulfates, nano particles, alcohol, parabens, phthalates & synthetic fragrances
Kind to Biome Certified
Key Ingredients
Kakadu Plum Seed Oil: One of the most natural & stable forms of vitamin C, this superfruit has a great source of antioxidants to help plump, brighten, and reduce the look of fine lines and wrinkles
GlowPlex: A complex of Niacinamide & natural peptides including quinoa seed extract and pea extract that boosts radiance, smooths, firms, and brightens skin tone
Wildcrafted Buriti Oil: Rich in vitamin E, beta-carotene & essential fatty acids, Buriti oil offers potent antioxidant defense, deeply nourishes, and helps to improve skin elasticity
Organic RMS Adaptogenic Herbal Blend: A proprietary blend of adaptogenic herbs infused in organic jojoba oil that help to protect, balance & hydrate the skin
Research Results
9 out of 10 users agree mist*:
Instantly leaves the skin feeling refreshed
Improves the look of dry dull skin
Adds visible radiance
Is a refreshing boost of moisture
Provides 24 hours of hydration**
Replenishes barrier**
Suitable for sensitive skin & Dermatologist tested**
Non-Comedogenic (does not clog pores)***
*Results observed in a 7-day consumer study on 32 individuals.
**Based on a clinical measurement study with 28 individuals.
***Results observed in a study on 30 individuals.
Item 2632200","Water/Aqua/Eau, Dodecane, Coco-Caprylate/Caprate, Crambe Abyssinica Seed Oil, Glycerin, Pentylene Glycol, **Mauritia Flexuosa (Buriti) Fruit Oil, *Simmondsia Chinensis (Jojoba) Seed Oil, Octyldodecanol, Niacinamide, Tocopherol (non-GMO), Ribes Nigrum (Black Currant) Seed Oil, Hydroxyacetophenone, Xanthan Gum, Sodium Phytate, Pisum Sativum (Pea) Extract, Helianthus Annuus (Sunflower) Seed Oil, *Calendula Officinalis (Marigold) Flower Extract, Sea Water/Maris Aqua/Eau de mer, Helianthus Annuus (Sunflower) Seed Oil Unsaponifiables, *Hypericum Perforatum (St. John's Wort) Flower Extract, *Equisetum Arvense (Horsetail) Leaf Extract, Lactic Acid, *Hemidesmus Indicus (Country Sarsaparilla) Root Powder, *Curcuma Longa (Turmeric) Root Extract, *Withania Somnifera (Ashwagandha) Root Extract, *Glycyrrhiza Glabra (Licorice) Root Extract, *Olea Europaea (Olive) Leaf Extract, Benzyl Alcohol, Chenopodium Quinoa Seed Extract, Cardiospermum Halicacabum Flower/Leaf/Vine Extract, Potassium Sorbate, Sodium Benzoate, Sodium Chloride, Magnesium Chloride, Rosmarinus Officinalis (Rosemary) Leaf Extract, Terminalia Ferdinandiana (Kakadu Plum) Seed Oil, Citric Acid, Citrus Aurantium Bergamia (Bergamot) Peel Oil, Citrus Aurantium Dulcis (Orange) Peel Oil, Lavandula Angustifolia (Lavender) Oil, Juniperus Virginiana (Cedarwood) Oil, Pelargonium Graveolens (Geranium) Flower Oil, Copaifera Officinalis (Balsam Copaiba) Resin, Artemisia Vulgaris (Mugwort) Oil, Myrtus Communis (Myrtle) Oil, Rosa Damascena (Rose) Flower Oil, Ferula Galbaniflua (Galbanum) Resin Oil, Limonene, Linalool, Geraniol.
*Certified Organic/Certifié Biologique
**Wildcrafted/Récoltée à L'état Sauvage","Shake bi-phase well to blend before use. Apply AM or PM after cleansing and mist directly onto the face and neck with eyes closed or spray into the palms of your hands, then gently pat to lock in. Follow with RMS Kakadu Luxe Cream and Kakadu Beauty Oil (each sold separately). Also works beautifully over makeup to refresh your skin for a dewy, radiant finish throughout the day."
pimprod2024918,Oh K!,Ginseng and Eucalyptus Under Eye Masks,K-Beauty,,$4.00,1 pair,https://media.ulta.com/i/ulta/2583228?w=100&h=100&fmt=auto,19 Reviews,"Benefits
Soothes
Hydrates
Key Ingredients
Ginseng Root Extract - boosts hydration and improves skin tone & texture.
Eucalyptus Leaf Extract - skin soothing.
Formulated Without
Parabens
Sulfates
Phthalates
Item 2583228","Aqua (Water, Eau), Butylene Glycol, Glycerin, 1,2-Hexanediol, Cetyl Ethylhexanoate, Panax Ginseng Root Extract, Ceratonia Siliqua (Carob) Gum, Chondrus Crispus (Carrageenan) Powder, Glyceryl Stearate, Cellulose Gum, Sodium Polyacrylate, Panax Ginseng Root, Hydrogenated Polydecene, Dextrin, Trideceth-6, Theobroma Cacao (Cocoa) Extract, Eucalyptus Globulus Leaf Oil, Lavandula Angustifolia (Lavender) Extract, Rosmarinus Officinalis (Rosemary) Extract, Melissa Officinalis Leaf extract, Thymus Vulgaris (Thyme) Flower/ Leaf Extract, Pelargonium Graveolens Extract, Origanum Vulgare Leaf Extract, Eucalyptus Globulus Leaf Extract, Melaleuca Alternifolia (Tea Tree) Leaf Extract, Mentha Piperita (Peppermint) Leaf Extract , Disodium EDTA, Phenoxyethanol.","Place masks under the eye area after cleansing. Remove after 10 minutes and gently pat any excess serum in to the skin. Store in the fridge beforehand for an extra refreshing and cooling boost.
In the rare event of an adverse reaction discontinue use. For external use only. Avoid contact with eyes and lips. Do not use on sensitive or broken skin."
pimprod2051829,SOME BY MI,V10 Hyal Lip Sun Protector,Lips,Lip Balms & Treatments,$13.00,Rosy,https://media.ulta.com/i/ulta/2641837?w=100&h=100&fmt=auto,1 Review,"Benefits
Infused with nourishing shea butter, hyaluronic acid, and vitamin-rich E, this moisturizing lip balm enhances your natural lip color while keeping them soft and supple all day.
Protects the lips from harmful UV Rays with SPF15
Deeply hydrates and softens lips with a buttery-smooth application
Key Ingredients
Tocopheryl Acetate - Protects skin from free radical damage, reducing wrinkles and signs of aging
Hyaluronic acid - Maintains skin's natural elasticity, making the lips more supple and resilient
Item 2641837","Polyglyceryl-2 Isostearate/Dimer Dilinoleate Copolymer, Bis-Diglyceryl Polyacyladipate-2, Hydrogenated Castor Oil Isostearate, Diisostearyl Malate, Ethylhexyl Methoxycinnamate, Phytosteryl/Isostearyl/Cetyl/Stearyl/Behenyl Dimer Dilinoleate, Bis-Behenyl/Isostearyl/Phytosteryl Dimer Dilinoleyl Dimer Dilinoleate, Tocopheryl Acetate, Ethylhexyl Salicylate, Euphorbia Cerifera (Candelilla) Wax, Disteardimonium Hectorite, Pentaerythrityl Tetraisostearate, Microcrystalline Wax, Tridecyl Trimellitate, Polyglyceryl-6 Polyricinoleate, Butyrospermum Parkii (Shea) Butter, Sorbitan Sesquioleate, Glyceryl, Behenate/Eicosadioate, Olea Europaea (Olive) Fruit Oil, Citrus Aurantium Dulcis (Orange) Peel Oil, Citrus Limon (Lemon) Peel Oil, Caprylic/Capric Triglyceride, Red 28 Lake (CI 45410), Red 7 Lake (CI 15850), Yellow 5 Lake(CI 19140), Dehydroacetic Acid, Rosa Damascena Flower Oil, Hydrolyzed Hyaluronic Acid, Sodium Hyaluronate, Glycerin, Water, Hydrogenated Lecithin, Polyglyceryl-10 Stearate, Panthenol, Sodium Ascorbyl Phosphate, Niacinamide, Thiamine HCL, Pyridoxine, Biotin, Retinyl Palmitate, Folic Acid, Cyanocobalamin, Limonene, Citral.",Apply on lips and blend well using the applicator.
pimprod2051249,Rael,Gentle Foaming Feminine Wash,K-Beauty,,$11.99,5 oz,https://media.ulta.com/i/ulta/2641040?w=100&h=100&fmt=auto,55 Reviews,"Benefits
Perfect addition to daily self-care routine.
Free of alcohol, parabens, and artificial fragrance
Dermatologist tested
Clinically Tested
Fragrance Free
Key Ingredients
Maintains your vulva's pH-balance to alleviate odor and irritation.
Coco-Betaine, derived from coconut oil, bubbles into a lavish cleansing foam.
P-Anisic acid, derived from star anise, gently keeps bad bacteria away.
Item 2641040","Purified Water (Aqua), Coco-Betaine, Glycerin, Decyl Glucoside, p-Anisic Acid, Glyceryl Caprylate, Levulinic Acid, Sodium Levulinate.","Pump foam into hand, gently cleanse intimate area and rinse thoroughly.
Precautions: For external use only. Discontinue use if irritation or discomfort occurs. Avoid contact with eyes. Keep out of reach of children."
pimprod2021056,Milani,Glow Drops Radiance Boosting Serum,Treatment & Serums,Face Serums,$19.99,1.0 oz,https://media.ulta.com/i/ulta/2573975?w=100&h=100&fmt=auto,69 Reviews,"Features
Multi-tasking serum: Use as the last step in your skincare routine or as a non-shimmer, dewy base for makeup
Perfect for daily use
For all skin types
Dermatologist tested
Cruelty-Free
Made in USA
Benefits
Light coconut scent
Key Ingredients
Infused with the cold-pressed juice of ripened coconuts, Squalene, Hyaluronic Acid and a skin-quenching blend of electrolyte and coconut water
Item 2573975","INGREDIENTS: Water / Aqua / Eau, Helianthus Annuus (Sunflower) Seed Oil, Squalane, Simmondsia Chinensis (Jojoba) Seed Oil, Glycerin, Polyglyceryl-6 Polyricinoleate, Polyglyceryl-3 Diisostearate, Cocos Nucifera (Coconut) Oil, Lactobacillus, Cocos Nucifera (Coconut) Fruit Extract, Cocos Nucifera (Coconut) Water, Cocos Nucifera (Coconut) Fruit Juice, Sodium Hyaluronate, Tocopherol, Hydroxyacetophenone, Ascorbyl Palmitate, Disteardimonium Hectorite, Mica, Retinol, Magnesium Chloride, Potassium Chloride, Sodium Chloride, Calcium Chloride, Magnesium Sulfate, Disodium EDTA, Ethylhexylglycerin, Pentylene Glycol, Lecithin, Alcohol, Polysorbate 20, Potassium Phosphate, Phenoxyethanol, Tin Oxide, Potassium Sorbate, Sodium Benzoate, Flavor/Aroma, Benzyl Benzoate, Titanium Dioxide (CI 77891), Iron Oxides (CI 77491, CI 77492).",Shake well before use. Use as the last step in your skincare routine or as an ultra-dewy base for makeup
pimprod2013156,Vichy,Aluminum Free 24 Hour Dry Touch Deodorant,Personal Care,Deodorant,$17.00,1.3 oz,https://media.ulta.com/i/ulta/2559392?w=100&h=100&fmt=auto,58 Reviews,"Benefits
Aluminum free deodorant formula
Roll-on deodorant neutralizes odors and absorbs moisture for 24 hours with zinc gluconate and perlite
Underarm skin is left feeling fresh, soft and smooth
Gentle enough for just-shaved and sensitive skin
Invisible, dry-touch finish leaves no white marks on clothing
Reinforces the skin's barrier with Vichy Volcanic Water
Dermatologist, allergy and sensitive skin tested
Key Ingredients
Zinc Gluconate and Perlite neutralize odors and absorb moisture for up to 24 hours
Mineral-rich Vichy Volcanic Water helps strengthen the skin's moisture barrier function
Formulated Without
Aluminum salts
Parabens
Alcohol
Item 2559392","Vichy Mineralizing Water, Propylene Glycol, Glycerin, Aqua / Water, Sodium Stearate, Steareth-100, Perlite, Behenic Acid, Edta, Zinc Gluconate, Sodium Hydroxide, Sodium Styrene/Acrylates Copolymer, Sodium Lauryl Sulfate, Sodium Palmitoyl Proline, Nymphaea Alba Extract / Nymphaea Alba Flower Extract.",Apply deodorant on clean and dry armpits. Allow to dry before dressing. This deodorant may be used after shaving.
pimprod2049643,dearcloud,Energy Bright Eye Serum,Eye Treatments,Eye Cream,$22.00,0.68 oz,https://media.ulta.com/i/ulta/2634911?w=100&h=100&fmt=auto,5 Reviews,"Benefits
Cooling metal applicator
Lightweight serum formula
Made in Korea
Key Ingredients
Vitamin C - Helps brighten dark circles.
Dipeptide-2 - Helps reduce puffiness.
Formulated Without
Paraben
Sulfate
Item 2634911","Aqua/Water, Glycerin, Butylene Glycol, Niacinamide, Cetyl Ethylhexanoate, Caprylic/Capric Triglyceride, Helianthus Annuus (Sunflower) Seed Oil, Phragmites Communis Extract, Salicornia Herbacea Extract, Sodium Hyaluronate, Caffeine, Caulerpa Lentillifera Extract, Codium Fragile Extract, Ascorbic Acid, Dipeptide-2, Cetearyl Olivate, 1,2-Hexanediol, Hydroxyethyl Acrylate/Sodium Acryloyldimethyl Taurate Copolymer, Sorbitan Olivate, Sodium Acrylate/Sodium Acryloyldimethyl Taurate Copolymer, Caprylyl Glycol, Xanthan Gum, Arachidyl Alcohol, Isohexadecane, Behenyl Alcohol, Allantoin, Panthenol, Arachidyl Glucoside, Ethylhexylglycerin, Polysorbate 80, Adenosine, Glyceryl Acrylate/Acrylic Acid Copolymer, Sorbitan Isostearate, Polysorbate 60, Sorbitan Oleate, Disodium EDTA, Fragrance.",Gently tap and spread product under and around eyes using metal applicator. Apply AM & PM.
pimprod2049993,BLUME,Superbalm Tripeptide-1 Hydrating Lip Balm,Everyday Care,,$18.00,,https://media.ulta.com/i/ulta/2635905?w=100&h=100&fmt=auto,80 Reviews,"Benefits
Boosts Collagen: Contains tripeptides that help enhance collagen production
Deep Hydration: Uses natural butters to deeply moisturize and visibly plump lips
Long-lasting Moisture: Layers and locks in moisture for soft, supple lips throughout the day
Key Ingredients
TRIPEPTIDE-1: Known for its potential to increase collagen, it leaves lips looking smoother and more youthful.
SQUALANE: Prevents moisture loss while locking moisture in to keep lips velvety soft and smooth.
SHEA BUTTER: Deeply hydrates while forming a moisture retaining protective layer.
Scent Type
Vanilla
Item 2635905","Hydrogenated Polyisobutene, Diisostearyl Malate, Polybutene, Helianthus Annuus (Sunflower) Seed Oil, Silica Dimethyl Silylate, Helianthus Annuus (Sunflower) Seed Wax, Ethylene/Propylene/Styrene Copolymer, Squalane, Butyrospermum Parkii (Shea) Butter, Cocos Nucifera (Coconut) Oil, Flavor (Aroma), Pentaerythrityl Tetraisostearate, Persea Gratissima (Avocado) Oil, Simmondsia Chinensis (Jojoba) Seed Oil, Vitis Vinifera (Grape) Seed Oil, Mangifera Indica (Mango) Seed Butter, Astrocaryum Murumuru Seed Butter, Palmitoyl Tripeptide-1, Sodium Hyaluronate, Caprylic/Capric Triglyceride, Rebaudioside A, Aloe Barbadensis Leaf Extract, Limnanthes Alba (Meadowfoam) Seed Oil,Chamomilla Recutita (Matricaria) Flower Extract, Tocopherol, Butylene/Ethylene/Styrene Copolymer, Hydrogenated Castor Oil, Propylene Carbonate, Stearalkonium Hectorite, Pentaerythrityl Tetra-Di-T-Butyl Hydroxyhydrocinnamate.","Apply directly to lips. Use daily, or whenever your lips need an extra boost of hydration throughout the day---or as an overnight mask."
pimprod2050349,b.tan,Addicted To The Glow Gradual Tan Face Cream,Suncare,Self-Tanning & Bronzing,$16.99,1.7 oz,https://media.ulta.com/i/ulta/2635402?w=100&h=100&fmt=auto,4 Reviews,"Benefits
Gradual face tanning cream that brings the hydration and a boost of glow
Use daily to keep the glow goin' -subtle but never boring
Key Ingredients
Hyaluronic Acid
Vitamin C
Formulated Without
Parabens
Item 2635402","Water (Aqua, Eau), Propylene Glycol , Caprylic/Capric Triglyceride, Glycerin, Dihydroxyacetone, Hydroxyethyl Acrylate / Sodium Acryloyldimethyl Taurate Copolymer, Cetearyl Olivate, Ascorbic Acid (Vitamin C), Sodium Ascorbyl Phosphate, Sodium Hyaluronate, Niacinamide (Vitamin B3), Vitis Vinifera (Grape) Seed Oil, Lecithin, Simmondsia Chinensis (Jojoba) Seed Oil , Rosa Moschata Seed Oil, Persea Gratissima (Avocado) Oil, Macadamia Integrifolia (Macadamia) Oil, Cucumis Sativus (Cucumber) Seed Oil, Cocos Nucifera (Coconut) Oil, Argania Spinosa Kernel Oil, Tocopheryl Acetate (Vitamin E), Glyceryl Stearate, Sorbitan Olivate, Glycerin, Inulin, Xanthan Gum, Ethylhexylglycerin, Disodium EDTA, Sorbitan Isostearate, Polysorbate 60, Citric Acid, Chondrus Crispus Extract, Opuntia Ficus-Indica Stem Extract, Gluconolactone, Sodium Benzoate, Phenoxyethanol.","Start with a clean, dry face. Apply a thin, even layer all over. Wash your hands after application. Use daily to build and maintain your glow.
Precautions: This product does not contain a sunscreen and does not protect against sunburn. Repeated exposure of unprotected skin while tanning may increase the risk of skin ageing, skin caner, and other harmful effects to the skin even if you do not burn. Use only as directed. Avoid contact with eyes & lips. Carry out a patch test 24 hours before use. Do not apply to broken or irritated skin. store below 86˚F in a cool, dark area. Keep out of reach of children. For external use only."
pimprod2052316,DUNE SUNCARE,The Slip Stick,Suncare,Sunscreen,$29.95,0.93 oz,https://media.ulta.com/i/ulta/2640822?w=100&h=100&fmt=auto,,"Benefits
Broad Spectrum SPF 50
Fast Absorbing
Solid Sheer Stick That Glides Onto all Skin Tones Completely Clear, Featuring a Mint Green Mass Tone To Match Hero SKUs and Help Reduce the Appearance of redness
Infused With a Light Cooling Tingle To Calm, Soothe, and Refresh Skin
Non-Pilling
No Film With Waxy or Oily Residue
Features
Longest-Lasting Hydration (Running a 72 Hr Hydration Claim)
Protection Against Blue Light and Pollution
BIORIUS Certified - NON-GMO
Reef Friendly
Paraben Free
Non-Comedogenic, Won’t Clog Pores
Made in the USA
Dermatologist Tested & Approved
Scent: Fragrance Free
Key Ingredients
Glycerin
Moringa Seed Oil
Aloe
Vitamina E
Item 2640822","Actives: Avobenzone 3%, Homosalate 7%, Octisalate 5%, Octocrylene 9%
Inactive Ingredients: Glycerin, Water, Undecane, Sodium Stearate, Butyloctyl Salicylate, Tridecane, Caprylic/Capric Triglyceride, Polyglyceryl-10 Caprylate/Caprate, Trimethylpentanediol/Adipic Acid/Glycerin Crosspolymer, Polyester-8, Sorbitan Olivate, Tapioca Starch, Saccharomyces Ferment, Ethylhexylglycerin, Cistus Monspeliensis Flower/Leaf/Stem Extract, Coccinia Indica Fruit Extract, Corallina Officinalis Extract, Curcuma Longa (Turmeric) Root Extract, Curcuma Longa (Turmeric) Leaf Extract, Melia Azadirachta Flower Extract, Melia Azadirachta Leaf Extract, Melia Azadirachta Bark Extract, Moringa Oleifera Seed Oil, Ocimum Basilicum (Basil) Flower/Leaf Extract, Ocimum Sanctum Leaf Extract, Solanum Melongena (Eggplant) Fruit Extract, Aloe Barbadensis Leaf Juice, Aloe Barbadensis Leaf Juice, Tocopherol, Calcium Sodium Phosphosilicate, Amber Powder, Cetyl Esters, Maltodextrin, Lauroyl Lysine, Sodium Phytate, Menthanediol, Methylheptylglycerin.","Apply to face and body 15 minutes prior to sun exposure. Reapply every 40 minutes if swimming or sweating. Reapply every two hours
Sun protection measures: Spending time in the sun increases your risk of skin cancer and early skin aging. To decrease this risk, regularly use a sunscreen with a broad spectrum spf value of 15 or higher and other sun protection measures including limiting time in the sun, especially from 10 am - 2 pm, wearing long-sleeved shirts, pants, hats, and sunglasses.
To recycle packaging: Twist off cap, rinse, toss into recycling bin."
pimprod2048707,belif,Hydration On-the-Go Travel Kit,K-Beauty,,$21.00,,https://media.ulta.com/i/ulta/2628439?w=100&h=100&fmt=auto,,"Includes
Aqua Bomb Hydrating Jelly Cleanser (1.01 oz)
Aqua Bomb Hyalucid 11% Serum (0.16 oz)
Moisturizing Eye Bomb (0.16 oz)
The True Cream Aqua Bomb (0.33 oz)
Benefits
The perfect grab-and-go travel routine
Formulated Without
Mineral oil
Synthetic fragrances
Synthetic colors
Synthetic preservatives
Parabens
Sulfates
Phthalates
Item 2628439",Please see packaging for a full list of ingredients.,"Take a penny-size amount of the Aqua Bomb Jelly Cleanser and lather with water. Apply 2--3 drops of the Aqua Bomb Hyalucid 11% Serum onto the face, spread gently and pat until fully absorbed. Take a small amount of Moisturizing Eye Bomb and gently massage around the eye area. Apply a dime-size amount of the True Cream Aqua Bomb to face with a gentle patting motion."
pimprod2035266,Proactiv,ProactivClean 2-Step Beginner Breakouts Bundle,Treatment & Serums,Acne & Blemish Treatments,$24.00,,https://media.ulta.com/i/ulta/2602528?w=100&h=100&fmt=auto,10 Reviews,"Benefits
Formulated with mineral-derived sulfur to help reduce oil and penetrate pores to control breakouts
Helps leave your skin feeling clean, clear, and refreshed
Contains chamomile to help soothe acneic skin
Formulated with squalane, bisabolol, and allantoin to help soften, smooth, and hydrate the skin
Hyaluronic acid and glycerin help to hydrate, nourish, and soothe the skin
Formulated without: parabens, phthalates, sulfates & cyclic silicones
Key Ingredients
Sulfur: Acne medication designed to reduce oil and help prevent new acne blemishes from forming
Azelaic acid: A naturally occurring acid that helps improve the look of uneven skin
Skin conditioning complex: Specialized skincare ingredients such as squalane, bisabolol, and allantoin to help soothe and soften the skin
Hyaluronic acid: helps to nourish, balance, and soothe the skin
Glycerin: A humectant that helps skin retain moisture
Includes
Mineral Acne Cleanser (2.0 oz)
Azelaic Pore Perfector (1.0 oz)
Item 2602528","Clean Mineral Acne Cleanser - Active: Sulfur 3.0%
Inactive: Water, Sodium Cocoyl Isethionate, Coco-Glucoside, Acrylates Copolymer, Coconut Acid, Coconut Alcohol, Glycereth-18 Ethylhexanoate, Glycereth-18, Behenyl Alcohol, Titanium Dioxide (CI 77891), Phenoxyethanol, Sodium Isethionate, Sodium Hydroxide, Arachidyl Alcohol, Stearyl Alcohol, Xanthan Gum, Ethylhexylglycerin, Glycerin, Tetrasodium Glutamate Diacetate, Chamomilla Recutita (Matricaria) Flower Extract.
Clean Azelaic Pore Perfector: Water, Propanediol, Glycerin, Azelaic Acid, Squalane, Dicaprylyl Carbonate, Sclerotium Gum, Pentylelycol, Caprylyl Glycol, Hydrogenated Lecithin, Allantoin, Ethylhexylglycerin, Glyceryl Acrylate/Acrylic Acid Copolymer, Xanthan Gum, Bisabolol, Tocopheryl Acetate, Hydrolyzed SodiumHyaluronate, Tetrasodium Glutamate Diacetate, Tocopherol, Polylysine.","Mineral Acne Cleanser: Use twice daily, morning and night. Wash your whole face avoiding eye area. Apply a generous amount to dampened skin and gently massage with fingertips for 1 to 2 minutes. Rinse thoroughly with warm water and pat dry.
Azelaic Pore Perfector: Use twice daily, morning and night. Apply a thin layer on clean, dry skin, avoiding the eye area. Do not rinse off.
Precautions: Clean Mineral Acne Cleanser: For external use only. When using this product skin irritation and dryness is more likely to occur if you use another topical acne medication at the same time. If irritation occurs, only use one topical acne medication at a time. Apply only to areas with acne. Avoid contact with eyes. If contact occurs, rinse eyes thoroughly with water. Do not use on broken skin or large areas of the skin. Keep out of reach of children. If swallowed, get medical help or contact a Poison Control Center right away.
Clean Azelaic Pore Perfector: For external use only. When using this product keep out of eyes. Rinse with water to remove. Stop use and ask a doctor if rash or irritation develops and lasts. Keep out of reach of children. If swallowed get medical help or contact a Poison Control Center right away."
pimprod2024082,Proactiv,ProactivMD Ultra-Gentle Cleanser,Treatment & Serums,Acne & Blemish Treatments,$36.00,6.0 oz,https://media.ulta.com/i/ulta/2580423?w=100&h=100&fmt=auto,268 Reviews,"Benefits
Gently washes away the day's dirt, oil, and debris
Leaves skin feeling refreshed and hydrated
Skin feels clean and soft, not stripped or dry
Features
Infused with soothing, antioxidant-rich green tea
Noncomedogenic (won't clog pores) and tested by dermatologists
Great for all skin types - whether normal, oily, dry, combo, acne-prone or sensitive
Key Ingredients
Green tea extract - Rich in antioxidants, this well-loved skincare star helps soothe the skin while it helps fight surface free radicals.
Glycerin - A moisture-boosting, hydrating ingredient, Glycerin helps smooth and moisturize the complexion.
Item 2580423","Water, Cocamidopropyl Betaine, Glycerin, Disodium Cocoamphodiacetate, Coco-Glucoside, Sodium Chloride, Acrylates/C10-30 Alkyl Acrylate Crosspolymer, Sodium Cocoamphoacetate, Panthenol, Citric Acid, Phenoxyethanol, Sodium Benzoate, Sodium Citrate, Heliotropine, Tocopheryl Acetate, Xanthan Gum,Polyquaternium-10, Coconut Acid, Sodium Hydroxide, Fragrance, Camellia Sinensis Leaf Extract.","Use twice daily, morning and night. Dampen skin and apply a generous amount to the entire face (avoiding the eye area). Using your fingertips, gently massage into your skin for 1 to 2 minutes, then rinse thoroughly with warm water."
pimprod2036728,Ahava,Hyaluronic Acid Leave On Mask,Treatment & Serums,Face Masks,$59.00,1.7 oz,https://media.ulta.com/i/ulta/2606024?w=100&h=100&fmt=auto,,"Benefits
Replenishes hydration
Provides softness, smoothness and suppleness
Helps prevent moisture loss
Key Ingredients
Osmoter - Signature blend of Dead Sea Minerals
Hyaluronic Acid - hydrates and plumps skin.
ATPeptide - prevents premature signs of aging
Formulated Without
Alcohol
GMOs
Parabens
Item 2606024","Aqua (Mineral Spring Water), Glycerin, Cetearyl Ethylhexanoate, Caprylic/Capric Triglyceride, Hydroxyethyl Acrylate/Sodium Acryloyldimethyl Taurate Copolymer, Cocos Nucifera (Coconut) Oil, Dicaprylyl Carbonate, Isodecyl Isononanoate, Propanediol (Corn derived), Phenoxyethanol, Erythritol, Stearalkonium Hectorite, Polyacrylate Crosspolymer-6, Parfum (Fragrance), Hexyl Cinnamal, Linalool, Benzyl Salicylate, Limonene, Geraniol, Citronellol, Hydroxycitronellal, Butylene Glycol, Chlorphenesin, Propylene Carbonate, Caprylyl Glycol, Didecyldimonium Chloride, Sodium Benzoate, Potassium Sorbate, Homarine HCl, Tocopherol (Vitamin E), Narcissus Tazetta Bulb Extract, Gardenia Tahitensis Flower Extract, Spilanthes Acmella Flower Extract, Aloe Barbadensis (Aloe-Vera) Leaf Juice, Allantoin, Tripeptide-3, Sodium Hyaluronate (Hyaluronic Acid Salt), Maris Aqua (Dead Sea Water/Osmoter).",Apply an even and fine layer on cleansed and toned face and neck. Leave on until absorbed. Massage leftover product as needed.
pimprod2036047,VOLITION,Strawberry-C Brightening Serum with Vitamin C + Hyaluronic Acid,Treatment & Serums,Face Serums,$47.00,1.0 oz,https://media.ulta.com/i/ulta/2604483?w=100&h=100&fmt=auto,23 Reviews,"Benefits
Brightens
Smooths
Soothes
Key Ingredients
Strawberry-derived Vitamin C to help brighten dull skin, unclog pores, and remove excess oil
Kakadu Plum to help reinforce luminosity and reduce appearance of redness
Hyaluronic Acid to promote skin elasticity for plump, hydrated skin
Formulated Without
Oil
Gluten
Fragrance
Synthetic Color
Parabens
Phthalates
Alcohol
Silicones
Item 2604483","Water/Aqua/Eau, Propanediol, Glycerin, Leuconostoc/Radish Root Ferment Lysate Filtrate, Panthenol, Fragaria Ananassa (Strawberry) Seed Extract, Fragaria Vesca (Strawberry) Fruit Extract, Terminalia Ferdinandiana Fruit Extract, Sodium Hyaluronate, Sea Water/Maris Aqua/Eau de mer, Cucumis Sativus (Cucumber) Fruit Extract, Picea Abies Extract, 3-O-Ethyl Ascorbic Acid, Carbomer, Aminomethyl Propanol, Bentonite, Sodium Citrate, Sodium Phytate, Citric Acid, Iron Oxides (CI 77491), Iron Oxides (CI 77499).","Apply a pea-sized amount to cover entire face, neck and décolletage. Apply twice daily.
Precautions: For external purposes only. Avoid direct contact with eyes."
pimprod2044159,The Crème Shop,Disney Minnie Luxury Shower Cap,K-Beauty,,$5.00,1 ct,https://media.ulta.com/i/ulta/2623286?w=800&h=800&fmt=auto,17 Reviews,"Benefits
Satin Exterior
Oversized
Double-layer
Waterproof
Includes
1 Minnie Luxury Shower Cap
Item 2623286",,"Gather hair into a bun, pull it up, with a comb or brush to either the top or back of your head near the top, then cover head with shower cap.
Precautions: For external use only."
pimprod2033277,Estée Lauder,Perfectly Clean Infusion Balancing Essence Treatment Lotion,Moisturizers,Face Mists & Essences,$46.00,13.5 oz,https://media.ulta.com/i/ulta/2597408?w=100&h=100&fmt=auto,14 Reviews,"Benefits
Refreshing infusion revitalizes, rebalances
Leaves skin feeling fresh & smooth
Restore & balance skin in one simple step
Skin feels fresh, smooth and harmonized
Key Ingredients
Amino Acid15 Complex boosts skin's natural amino acid levels
Waterlily Flower extract over time, boosts skin's own natural hydration within its surface
Research Results
+12% more hydrated*
+11% smoother feel**
*Clinical testing on 21 women after using product for 1 week.
**Clinical testing on 36 women after a single product application.
Item 2597408","Water\\Aqua\\Eau, Pentylene Glycol, Polysorbate 20, Nymphaea Alba (Water Lily) Flower Extract, Sodium Hyaluronate, Trehalose, Dipotassium Glycyrrhizate, Caffeine, Phenylalanine, Proline, Glutamic Acid, Aspartic Acid, Arginine, Lysine, Serine, Alanine, Threonine, Histidine, Isoleucine, Tyrosine, Leucine, Valine, Glycine, Nymphaea Alba Root Extract, Berberis Vulgaris Root Extract, Polygala Senega Root Extract, Hypnea Musciformis (Algae) Extract, Sucrose, Sodium Pca, Urea, Glycerin, Caprylyl Glycol, Butylene Glycol, Jojoba Wax PEG-120 Esters, Citric Acid, Dipropylene Glycol, Hexylene Glycol, Sodium Hydroxide, Triacetin, Sodium Palmitoyl Proline, PPG-5-Ceteth-20, Chlorphenesin, Polyquaternium-51, Fragrance (Parfum), Sodium Citrate, Disodium Edta, Sodium Benzoate, Potassium Sorbate, Phenoxyethanol \.","After cleansing, apply treatment lotion with your hands or a cotton pad, AM and PM. Follow with your serum and moisturizer as part of your daily skincare routine."
pimprod2050086,Origins,Masking Essentials 5-Piece Set,Treatment & Serums,Face Masks,$25.00,,https://media.ulta.com/i/ulta/2635522?w=100&h=100&fmt=auto,,"Benefits
5 Masking Minis to Retexturize, Nourish & Purify On the Go
Drink Up delivers 72-hour hydration
Out of Trouble absorbs excess oils that lead to blemishes
GinZing boosts radiance
Clear Improvement masks purify both oily and drier skin types
Key Ingredients
BAMBOO CHARCOAL
CLAY
AVOCADO
HYALURONIC ACID
CAFFEINE FROM COFFEE BEANS
VITAMIN C
CAMPHOR
Includes
Out of Trouble Mask (0.50 oz)
Clear Improvement Charcoal Mask (0.50 oz)
Ginzing Glow-Boosting Mask (0.50 oz)
Drink Up Intensive Mask (0.50 oz)
Clear Improvement Rich Purifying Charcoal Mask (0.50 oz)
Item 2635522",Please refer to product packaging for a complete list of ingredients.,
pimprod2046670,Vichy,"LiftActiv B3 Tone Correcting Cream, Night with Retinol",Moisturizers,Night Cream,$44.99,1.69 oz,https://media.ulta.com/i/ulta/2626180?w=100&h=100&fmt=auto,1 Review,"Benefits
Skin tone looks more even
Skin feels renewed
Smoothed wrinkles
Radiance boosted
Key Ingredients
4% Niacinamide: Niacinamide is a B Vitamin shown to visibly lighten dark spots to reveal more even skin tone.
0.15% Retinol: Retinol has been shown to smooth wrinkles and is the most recommended anti-aging ingredient by dermatologists.
Formulated Without
Fragrance
Item 2626180","Aqua/Water/Eau, Glycerin, Isononyl Isononanoate, Panthenol, Niacinamide, Dicaprylyl Carbonate, Pentylene Glycol, Diisopropyl Sebacate, Cetyl Alcohol, Peg-40 Stearate, Silica, Glycine Soja Oil / Soybean Oil, Hydrolyzed Rice Protein, Adenosine, Palmitoyl Tetrapeptide-7, Palmitoyl Tripeptide-1, Pentaerythrityl Tetra-Di-T-Butyl Hydroxyhydrocinnamate, Sodium Hydroxide, Trisodium Ethylenediamine Disuccinate, Vitreoscilla Ferment, Retinol, Acrylates/C10-30 Alkyl Acrylate Crosspolymer, Butylene Glycol, Caprylyl Glycol, Carbomer, Citric Acid, Hydroxyethylcellulose, Peg-30 Dipolyhydroxystearate, Polysorbate 20, Sodium Lactate, Sodium Polyacrylate Starch, Sorbitan Tristearate, Tocopherol, Trideceth-6, Ci 15985 / Yellow 6, Phenoxyethanol, Parfum / Fragrance (F.I.L. N70035642/1).","Week 1: Apply 2 nights a week.
Week 2: Use every other night.
Week 3: Use nightly as tolerated
Apply SPF >30 every morning
after use.
Precautions: Avoid sun exposure; apply an SPF > 30 every morning after use."
pimprod2025144,Erborian,Travel Size CC Water with Hyaluronic Acid,Travel Size Makeup,,$25.00,Caramel,https://media.ulta.com/i/ulta/2579783?w=100&h=100&fmt=auto,924 Reviews,"Benefits
Soothes, color corrects & hydrates skin
Evens out and illuminates complexion
Ultra-light, aqua gel-based formula keeps skin looking and feeling more hydrated
Encapsulated pigments adjust to skin tone for a filter-like look
Features
CC Water has been designed especially for those who prefer an ultra-light, cream-alternative formula
Its gel texture is enriched with Hyaluronic Acid to help keep the skin looking and feeling more hydrated
Like its CC Classic alternative, CC Water adjusts to the skin tone to even out and illuminate the complexion
CC Water gives skin a filter-like look; fresh & plumped with a dewy effect, without any oily residue
Formulated Without
Parabens
Sulfates
Phthalates
Item 2579783","Caramel: Aqua/Water, Butylene Glycol, Glycerin, Pentylene Glycol, Betaine, Centella Asiatica Extract, Zea Mays (Corn) Starch, Silica Dimethyl Silylate, Ammonium Acryloyldimethyltaurate/Vp Copolymer, Arginine, Sodium Polyacryloyldimethyl Taurate, Carbomer, Hydroxypropyl Methylcellulose, Ethylcellulose, Ethylhexylglycerin, Sodium Hyaluronate, Polyglyceryl-10 Stearate, Parfum/Fragrance, Hexyl Cinnamal, Alpha-Isomethyl Ionone, Linalool, Citronellol, CI 77891/Titanium Dioxide, CI 77492/Iron Oxides, CI 77491/Iron Oxides, CI 77499/Iron Oxides.","Apply a fine layer on the face, just like your daily moisturizer. Due to the unique texture of CC Water, pigments appear slightly darker than Erborian's CC Classic Creams in corresponding shades, therefore only a very small amount of product is needed with each use."
pimprod2037783,The Crème Shop,Sanrio Hello Kitty Klean Beauty Intensive Overnight Moisture Gelee Mask,Treatment & Serums,Face Masks,$15.00,2.36 oz,https://media.ulta.com/i/ulta/2605507?w=800&h=800&fmt=auto,55 Reviews,"Benefits
Use daily to promote youthful, clear skin
Enriched with Niacinamide and Strawberry
Formulated Without
Sulfates
SLS
SLES
Parabens
Formaldehyde
Phthalates
Mineral Oil
Retinyl Palmitate
Oxybenzone
Coal Tar
Hydroquinone
Triclosan
Triclocarban
Item 2605507","Agua/Water, Butylene Glycol, PEG-240/ HDl Copolymer Bis-Decyltetradeceth-20 Ether, Caprylic/Capric Triglyceride, Dipropylene Glycol, Hydroxyacetophenone, PEG-100 Stearate, Dimethicone, Glyceryl Stearate, Glycerin, Glycereth-26, Macadamia Ternifolia Seed Oil, Caprylyl Glycol, Allantoin, Niacinamide, Tocopheryl Acetate, Adenosine, Disodium EDTA, 1,2-Hexanediol, Dipotassium Glycyrrhizate, Sodium Hydrate Fragaria Chiloensis (Strawberry) Fruit Extract, Hydrolyzed Hyaluronic Acid, Sodium Acetylated Hyaluronate, Ticiogerol, Astragalus Membranaceus Root Extract, Cnidium Officinale Root Extract, Angelica Gigas Root Extract, Rehmannia Glutinosa Root Extract, Panax Ginseng Root Extract, Glycm Glabra (Licorice) Root Extract, Atractylodes Japonica Rhizome Extract, Poria Cocos Extract, Prunus Mume Flower Extract, Oenothera Biennis (Evening Primrose) Seed Extract, Paeonia Lactiflora Root Extract, Cinnamon Cassia Bark Extract, Cetyl Ethylhexanoate, Eclipta Prostrata Extract, Lithospermum Erythrorhizon Root Oil, Brassica Campestris (Rapeseed) Seed Oil, Schisandra Chinensis Fruit Extract, Melia Azadirachta Leaf Extract, Moringa Oleifera Seed Oil, Melia Azadirachta Flower Extract, Coccinia Indica Fruit Extract, Solanum Melongena (Eggplant) Fruit Extract, Simmondsia Chinensis (Jojoba) Seed Oil, Ocimum Sanctum Leaf Extract, Corallina Officinalis Extract, Curcuma Longo (Turmeric) Root Extract, Fragrance","Concentrate on face, neck, or any areas that need extra moisture. Use daily or overnight as a smoothing treatment mask.
Precautions: For external use only. Effectiveness may vary per skin type. Stop use immediately and consult a physician if problems occur after use."
pimprod2048360,RMS Beauty,Lipnights Overnight Lip Mask,Lips,Lip Balms & Treatments,$29.00,0.31 oz,https://media.ulta.com/i/ulta/2632154?w=100&h=100&fmt=auto,266 Reviews,"Benefits
24hr hydration & repair
Untinted
Formulated without gluten, sulfates, parabens & phthalates
Key Ingredients
Kakadu plum seed oil: One of the most natural & stable forms of vitamin C, this superfruit has a great source of antioxidants to help plump, brighten, and reduce the look of fine lines and wrinkles
Peptides & pomegranate extract: Adds subtle volume to the lips, naturally
Cocoa seed butter: Rich in antioxidants & fatty acids, it is a natural, nourishing moisturizer that fights free radicals and deeply conditions hair, skin, and lips
Shea Butter: Originating from the seeds of the African Karite Tree, unrefined Shea Butter is a rich moisturizing butter known for long-lasting, ultimate hydration
Research Results
24 hour hydration & repair*
Dermatologically tested*
Suitable for sensitive skin*
100% of users agree it leave lips feeling hydrated overnight**
96% of users agree it visibly smooths lips, is nourishing & restoring, and leaves lips softer and conditioned**
*Based on a clinical measurement study with 29 individuals
*Results observed in a 7-day consumer study of 32 individuals
Item 2632154","Hydroxystearic/Linolenic/Oleic Polyglycerides, Theobroma Cacao (Cocoa) Seed Butter, Helianthus Annuus (Sunflower) Seed Oil, Butyrospermum Parkii (Shea) Butter, Euterpe Oleracea Sterols, Copernicia Cerifera (Carnauba) Wax/Cera Carnauba/Cire de carnauba, Polyhydroxystearic Acid, Dimer Dilinoleyl Dimer Dilinoleate, *Simmondsia Chinensis (Jojoba) Seed Oil, Coco-Caprylate/Caprate, Terminalia Ferdinandiana (Kakadu Plum) Seed Oil, Vanillin, Anthemis Nobilis Flower (Roman Chamomile) Oil, Punica Granatum Flower (Pomegranate) Extract, Polyglyceryl-3 Diisostearate, Tocopherol, Cetearyl Ethylhexanoate, Sorbitan Isostearate, Centella Asiatica Leaf Extract, Portulaca Pilosa Extract, Sucrose Cocoate, Palmitoyl Tripeptide-38, Limonene, Linalool.
* Certified Organic/Certifié Biologique","Glide onto lips at bedtime for a deeply nourishing overnight treatment. Can also be used as a lip prep. Apply to bare lips, leave on for 15 minutes, blot with a tissue and follow with your desired lip color."
pimprod2006894,Indeed Labs,Eysilix II Multi-Action Eye Treatment,Eye Treatments,Eye Masks,$13.99,0.5 oz,https://media.ulta.com/i/ulta/2551499?w=100&h=100&fmt=auto,166 Reviews,"Benefits
Concentrated multi-functional eye cream that offers preventative and restorative results for daily eye concerns
Instantly smoothens the appearance of fine lines, wrinkles and crow's feet
Brightens skin and minimizes the appearance of dark circles
Reduces puffiness
Improves skin's firmness and elasticity around the eye
Fatigue and stressed skin looks radiant and energized
Features
Skincare Concerns: Dryness, Dullness, Fines Lines and Wrinkles, Hydration
Skin Type: Balanced, Dry, Combination and Oily
Ingredient Callouts: Free of Phthalates, Sulfates, Parabens, Colorants, Fragrance, Drying Alcohols and Mineral Oil
Key Ingredients
NEODERMYLTM: This powerful collagen and elastin filler results in the visible reduction of deep wrinkles and improvement in skin firmness.
DERMAXYL®: This active works to repair the skin's natural barrier function by stimulating cell communication, which smooths wrinkles and reduces age related damage.
UPLEVITYTM PEPTIDE SOLUTION: This tetra peptide increases collagen & functional elastin production which allows skin to resume shape after stretching or contracting. The layer beneath the skin's surface (dermis) becomes significantly more structured and firmer, to better resist the effects of aging.
REVITAL-EYES: An invigorating complex rich in probiotics, green tea extract, pomegranate extract and caffeine. Protects the eye area from environmental damage and diminishes dark circles and puffiness.
Item 2551499","Water (Aqua / Eau), Isononyl Isononanoate, Propanediol, Dimethicone, Arachidyl Alcohol, Phenyl Trimethicone, C12-15 Alkyl Benzoate, Behenyl Alcohol, Peg-100 Stearate, Palmitoyl Glycine, Butyrospermum Parkii (Shea) Butter, Hydrogenated Olive Oil, Glyceryl Stearate, Arachidyl Glucoside, Phenoxyethanol, Polysilicone-11, Caprylyl Glycol, Olea Europaea (Olive) Fruit Oil, Tribehenin, Panthenol, Sodium Acrylate/Sodium Acryloyldimethyl Taurate Copolymer, Glycerin, Isohexadecane, Xanthan Gum, Olea Europaea (Olive) Oil Unsaponifiables, Camelia Sinensis Leaf Extract, Disodium Edta, Lactobacillus Ferment Lysate, Punica Granatum Extract, Polysorbate 80, Ceramide Ng, Peg-10 Rapeseed Sterol, Methylglucoside Phosphate, Dunaliella Salina Extract, Glucose, Lactobacillus Ferment, Copper Lysinate/Prolinate, Caffeine, Citric Acid, Ethylhexylglycerin, Palmitoyl Tripeptide-5, Sodium Hyaluronate, Acetyl Tetrapeptide-2, Pantolactone, Potassium Sorbate, Palmitoyl Hexapeptide-12.
Please be aware that ingredient lists may be updated from time to time - please refer to the ingredient list on the product package you receive.","After cleansing your face, gently pat a small amount of eysilix II™ around the contour of your eye. For best results, use daily in the morning and night."
pimprod2043531,I Dew Care,Giraffe Headband,K-Beauty,,$10.00,1 ct,https://media.ulta.com/i/ulta/2619903?w=100&h=100&fmt=auto,102 Reviews,"Features
Reusable (Microfiber/Polyester Material)
One size fits all- stretchy material
Easy to wash
FSC packaging
Item 2619903",,Pull over your head and ensure the ears are placed on top of head near the hairline.
pimprod2050814,dearcloud,Miffy Hi-Def Duo Compact Mirror,K-Beauty,,$15.00,1 ct,https://media.ulta.com/i/ulta/2639432?w=100&h=100&fmt=auto,19 Reviews,"Benefits
1x Magnification: Provides an HD, full view of your face for quick touch-ups.
Formulated Without
Paraben
Sulfate
Item 2639432",,
pimprod2051956,VT Cosmetics,PDRN Cream 100,Moisturizers,Face Moisturizer,$35.00,1.69 oz,https://media.ulta.com/i/ulta/2640417?w=100&h=100&fmt=auto,,"Benefits
Soothes and Firms: Blue capsules infused with azulene provide intensive hydration and soothing care, helping to comfort the skin and support a firmer-looking complexion.
Intensive Hydration: A powerful blend of 5-Ceramide Complex, Panthenol, Macadamia Ternifolia Seed Oil, and Hyaluronic Acid helps strengthen the skin’s moisture barrier, deliver deep hydration, and support skin elasticity.
Sensitive Skin Friendly: Unscented and free from irritating or overpowering synthetic fragrances. Gentle and suitable for sensitive skin.
Key Ingredients
Phyto PDRN Panax PDRN: A phyto PDRN extracted from wild ginseng that helps promote healthy-looking, revitalized skin and supports improved firmness.
Blue Azulene Capsules: Deliver soothing hydration to help calm, moisturize, and support firmer-looking skin. 5-Ceramide Complex : Helps reinforce the skin’s moisture barrier and improve overall hydration.
Panthenol: Helps soothe irritation, support skin recovery, and maintain a healthy skin barrier.
Research Results
Instantly after one use: Improves skin radiance
Instantly after one use: Boosts elasticity
Dermatologically tested and proven to be hypoallergenic
Item 2640417","Water, Glycerin, Butylene Glycol, Propanediol, C12-15 Alkyl Benzoate, Methyl Hydrogenated Rosinate, Polyglycerin-3, Caprylic/Capric Triglyceride, 1,2-Hexanediol, Caprylic/Capric/Myristic/Stearic Triglyceride, Niacinamide, C14-22 Alcohols, Bis-Diglyceryl Polyacyladipate-2, Vinyl Dimethicone, Cetearyl Alcohol, Palmitic Acid, Betaine, Glyceryl Stearate, Panthenol, Polyacrylate-13, Stearic Acid, C12-20 Alkyl Glucoside, Hydrogenated Vegetable Oil, Cetearyl Glucoside, Hydrogenated Polyisobutene, Macadamia Ternifolia Seed Oil, Glyceryl Acrylate/Acrylic Acid Copolymer, Carbomer, Tromethamine, Xanthan gum, Ethylhexylglycerin, Allantoin, Adenosine, Ethylhexyl Palmitate, Polyglyceryl-10 Laurate, Sorbitan Isostearate, Disodium EDTA, Cyamopsis Tetragonoloba (Guar) Gum, Agar, Hydrogenated Lecithin, Melia Azadirachta Leaf Extract, Melia Azadirachta Flower Extract, Glucose, Coccinia Indica Fruit Extract, Sodium Hyaluronate, Panax Ginseng Root Extract, Solanum Melongena (Eggplant) Fruit Extract, Eclipta Prostrata Extract, Ocimum Sanctum Leaf Extract, Corallina Officinalis Extract, Simmondsia Chinensis (Jojoba) Seed Oil, Curcuma Longa (Turmeric) Root Extract, Amber Powder, Hyaluronic Acid, Hydrolyzed Hyaluronic Acid, Hydrolyzed Sodium Hyaluronate, Hydroxypropyltrimonium Hyaluronate, Potassium Hyaluronate, Moringa Oleifera Seed Oil, Ceramide NP , Pentylene Glycol, Sodium DNA, Sodium Hyaluronate Crosspolymer, Ceramide NS , Cholesterol, Phytosphingosine, Sodium Acetylated Hyaluronate, Sodium Guaiazulene Sulfonate, Ceramide AP, Ceramide AS , Ceramide EOP.","At the moisturizer step of your skincare routine, apply an appropriate amount of VT PDRN Cream 100 to your face.
Gently spread it along your skin texture and allow it to fully absorb. For optimal results, use regularly to enhance glow, firmness, and vitality."
pimprod2020739,KORRES,Travel Size Greek Yoghurt Foaming Cream Cleanser,Cleansers,Face Wash,$18.00,2.53 oz,https://media.ulta.com/i/ulta/2573091?w=100&h=100&fmt=auto,"2,427 Reviews","Benefits
More than a face wash.
Removes makeup
Locks in hydration
Deep cleans pores
Tones complexion
Reduces redness
Dermatologically tested. Vegetarian friendly. Silicone free. Cruelty free. Recyclable packaging.
Key Ingredients
Greek Yoghurt: Nourishes
Amaranth Seed: Protects
Sea Water: Locks-in hydration
Research Results
100% said it made skin feel fresh, revitalized and smooth immediately after use.
100% saw more moisturized, healthy looking, dewy skin immediately after use.
97% saw a reduction in skin redness and improved skin texture immediately after use.
Item 2573091","Aqua/Water/Eau, Sodium Cocoyl Isethionate, Coco-Betaine, Cetearyl Alcohol, Disodium Lauryl Sulfosuccinate, Zea Mays (Corn) Starch, Glycerin, Cocamidopropyl Betaine, Sodium Chloride, Magnesium Aluminum Silicate, Sodium Methyl Cocoyl Taurate, Glyceryl Laurate, Sclerotium Gum, Alpha-Glucan Oligosaccharide, Amaranthus Caudatus Seed Extract, Chlorella Vulgaris Extract, Citric Acid, Hydrogenated Castor Oil, Hydrolyzed Rice Protein, Lactic Acid, Lactis Proteinum/Whey Protein/ Protéine Du Lait, Lactobacillus, Lactose, Laminaria Digitata Extract, Lonicera Caprifolium (Honeysuckle) Flower Extract, Lonicera Japonica (Honeysuckle) Flower Extract, Maltodextrin, Maris Aqua/Sea Water/ Eau De Mer, Pentylene Glycol, Phenethyl Alcohol, Polymnia Sonchifolia Root Juice, Saccharide Isomerate, Sodium Cocoyl Alaninate, Sodium Phytate, Titanium Dioxide, Yogurt, Yogurt Powder, Phenoxyethanol, Sodium Benzoate, Parfum/Fragrance.",Massage gently into wet skin and rinse off with plenty of water.
pimprod2017787,,,,,,,,,,,
pimprod2052133,Skin Gym,High Frequency Wand,Skincare Tools,Anti-Aging,$120.00,,https://media.ulta.com/i/ulta/2643087?w=100&h=100&fmt=auto,4 Reviews,"Benefits
This versatile tool comes with four specialized attachments to cater to your unique skincare needs
Targets blemishes
Features
Spoon attachment – perfect for targeted areas and contours of the face
Dot attachment – targets blemishes and great for spot-treating
Mushroom attachment – ideal for the larger areas of the face
Comb attachment – designed to stimulate the scalp and promote hair health
Includes
4 attachment heads for targeted treatment
Storage case with magnetic closure
Item 2643087",,"Ensure your skin is thoroughly dry.
Insert your desired attachment head.
Turn power dial until you feel a slight tingling sensation. Test device on your hand first to ensure a comfortable intensity level.
Place a piece of gauze or cotton over treatment area.
Glide the wand in circular motions over the area for 1-3 minutes.
Always turn the wand off before switching attachments, and restart on the lowest setting for safety.
Results may vary. For best results for your skin type, follow included instructions.
This is not a medical device. If you have any medical concern or conditions consult with your medical provider before using this beauty device. This beauty device is solely intended for cosmetic use on the face. Stop using if broken. Any injury resulting from this tool, including but not limited to, misuse or application to other body areas, not following instructions or any other improper applications is neither the responsibility of Skin Gym Inc or its affiliates. The above statements have not been evaluated by the Food and Drug administration. This item is not intended to diagnose, treat, cure, or prevent any disease. Keep out of reach of children."
pimprod2049854,BYOMA,Creamy Jelly Cleanser Mini,Cleansers,Face Wash,$5.99,2.0 oz,https://media.ulta.com/i/ulta/2635554?w=100&h=100&fmt=auto,,"Benefits
Gentle and effective hydrating daily cleanser
Tri-Ceramide Complex to support skin barrier health
pH balanced = healthy results for all skin types
Licorice root + green tea rich in antioxidants
Clinically proven to instantly moisturize skin after one use
Clinically proven to protect and maintain skin barrier with regular use
Allure Best of Beauty 2022 Award Winner for Best Cream Facial Cleanser!
National Eczema Association Approved
Features
Dermatologist tested & approved skincare
Alcohol & fragrance-free
Recyclable bottles
Key Ingredients
Tri-Ceramide Complex: 3 key components of the stratum corneum- ceramides, cholesterol, and fatty acids – to rebuild the skin barrier and restore natural moisture levels
Licorice Root: Antioxidant-rich to improve tone + soothe skin
Green Tea: Skin-soothing + balancing, with anti-inflammatory properties
Item 2635554","Aqua, Cocamidopropyl Betaine, Disodium Laureth Sulfosuccinate, Cocamide Methyl MEA, Sodium Lauryl Sulfoacetate, Sodium Chloride, Sodium Methyl Cocoyl Taurate, Propylene Glycol, Glycerin, Camellia Sinensis Leaf Extract, Ceramide NP, Cholesterol, Phytosphingosine, Stearic Acid, Glycyrrhiza Glabra Root Extract, Oleic Acid, Caprylic/Capric Triglyceride, Hydrogenated Lecithin, Butylene Glycol, Allantoin, Decyl Glucoside, Lactic Acid, Tocopheryl Acetate, Caprylyl Glycol, Sodium Benzoate, Potassium Sorbate, Caprylhydroxamic Acid, Phenoxyethanol.",Massage 1-2 pumps onto damp skin in slow circular motions and rinse off with warm water. Can be used alone or as the second step in a double cleanse routine.
pimprod2046982,Rael,Tea Tree Facial Sheet Mask,Treatment & Serums,Sheet Masks,$15.99,5 ct,https://media.ulta.com/i/ulta/2629912?w=100&h=100&fmt=auto,"1,233 Reviews","Benefits
Safe for use on all skin types, including sensitive skin
Purifies and soothes acne-prone skin
Fragrance-free, non-irritating, and non-drying
Features
Ultra-soft bamboo sheet masks are infused with almost an ounce of serum
Provides skin with an instant hydration boost
Formulated to purify, soothe, and decongest skin
Ideal to wear during luteal phase to soothe irritated skin
Key Ingredients
Chamomile Extract: Soothes skin and promotes healing
Tea Tree Extract: Contains antimicrobial and anti-inflammatory properties to calm redness and swelling
Cica Extract: Calms skin and reduces the appearance of redness
Item 2629912","Water, Glycerin, Butylene Glycol, 1,2-Hexanediol, Melaleuca Alternifolia (Tea Tree) Leaf Extract, Carbomer, Arginine, Xanthan Gum, Betaine, Trehalose, Allantoin, Panthenol, Polysorbate 80, Caprylyl Glycol, Ethylhexylglycerin, Adenosine, Centella Asiatica Extract, Houttuynia Cordata Extract, Lavandula Angustifolia (Lavender) Extract, Chamomilla Recutita (Matricaria) Extract Citrus Limon (Lemon) Fruit Extract, Melaeuca Alternifolia (Tea Tree) Leaf Oil, Limonene.","Wear sheet mask on cleansed face for 10-20 minutes.
Precautions: For external use only. Avoid contact with eyes. Keep out of reach of children. If adverse reaction occurs, stop use and contact you physician immediately."
pimprod2046316,Pixi,Antioxidant Tonic Preserving Serum-Toner,Cleansers,Toner,$18.00,4.2 oz,https://media.ulta.com/i/ulta/2625609?w=100&h=100&fmt=auto,1 Review,"Benefits
Meticulously crafted to hydrate, protect and revitalize.
A uniquely rich texture like a toner, essence & serum in one.
Designed to deeply hydrate and restore elasticity.
Key Ingredients
Contains an infusion of Nordic Superfood Berries including Cloudberry, Lingonberry, Strawberry & Blueberry.
Superfood Berries provide antioxidants.
White Ginger Lily Root helps to protect skin from pollution.
Probiotics work to help soothe and tone.
Alcohol free
Paraben free
Suitable for all skin types
Item 2625609","Aqua/Water/Eau, Betula Alba Bark Water, Propanediol, Glycerin, Fragaria Vesca (Strawberry) Fruit Extract, Vaccinium Angustifolium (Blueberry) Fruit Extract, Vaccinium Vitis-Idaea Fruit Extract, Rubus Chamaemorus Fruit Extract, Hedychium Coronarium Root Extract, Niacinamide, Magnesium Ascorbyl Phosphate, Sodium Hyaluronate, Maris Aqua/Sea Water/Eau de Mer, Ceramide NP, Betaine, Panthenol, Lactobacillus Ferment Lysate Filtrate, Leuconostoc/Radish Root Ferment Filtrate, Populus Tremuloides Bark Extract, Sodium PCA, Polyglyceryl-4 Caprate, Polyglyceryl-6 Caprylate, Cellulose Gum, Algin, Tetrasodium Glutamate Diacetate, Sodium Citrate, Citric Acid, Potassium Sorbate, Sodium Benzoate, Tocopheryl Acetate, Ethylhexylglycerin, 1,2-Hexanediol, Phenoxyethanol.","Use daily after cleansing, either in the AM and PM or when needed."
pimprod2024973,Indeed Labs,Retinol Reface Eye Cream with Retinol Ester and Ribose,Eye Treatments,Eye Cream,$13.99,0.5 oz,https://media.ulta.com/i/ulta/2583886?w=100&h=100&fmt=auto,126 Reviews,"Benefits
Harnessing powerful ingredients that tackle visible signs of aging, Retinol Reface Eye Cream is an absolute must-have in your skincare arsena
Gentle enough for even the most sensitive skin types, with powerful ingredients that are proven to reveal renewed and younger skin
Improve the appearance of crow's feet
Deliver softer, smoother, and visibly younger-looking skin
Smooth skin and reduce visible signs of aging
Key Ingredients
Formulated with a next-generation Retinol ester, which combines vitamins A and F to combat the appearance of crow's feet, dark circles and puffiness
Ribose rejuvenates tired looking skin
Honey locust seed extract instantly helps to minimize the appearance of fine lines and wrinkles
Item 2583886","Water (Aqua/Eau), Myristyl Myristate, Squalane, Glycerin. Isoamyl Laurate, Cetearyl Alcohol, Behenyl Alcohol, Arachidyl Alcohol, Persea Gratissima (Avocado) Oil, Phenoxyethanol, Ribose, Caprylyl Glycol, Cetearyl Glucoside, Arachidyl Glucoside, Retinyl Linoleate, Polyacrylamide, Allantoin, C13-14 Isoparaffin, Disodium Edta, Laureth-7, Daucus Carota Sativa (Carrot) Extract, Gleditsia Triacanthos Seed Extract, Tocopherol, Citric Acid.","After cleansing, gently pat a small amount around the contour of your eye. Use daily in the PM for optimal results.
Precautions: For external use only. Avoid contact with eyes. If product gets into eyes, immediately rinse well with water. If irritation occurs, discontinue use."
pimprod2051822,SOME BY MI,Bye Bye Blackhead Green Tea Tox Bubble Cleanser,Cleansers,Face Wash,$23.00,4.23 oz,https://media.ulta.com/i/ulta/2641774?w=100&h=100&fmt=auto,,"Benefits
Combats aging skin by refining pores and improving skin texture
When mixed with a small amount of water, this cleanser turns into a creamy, gentle foam - perfect for sensitive skin
Packed with 240,000 ppm of green tea water, this formula tightens pores and enhances skin elasticity for a smoother, clearer complexion.
Key Ingredients
Green Tea Water - Provides anti-aging benefits and soothes the skin
Item 2641774","Water, Camellia Sinensis (Green Tea) Leaf Water (240,000ppm), Disodium Cocoamphodiacetate, Glycerin, Potassium Cocoyl Glycinate, Coco-Betaine, Methyl Perfluorobutyl Ether, Methyl Perfluoroisobutyl Ether, Acrylates Copolymer, Salix Alba (Willow) Bark Extract, Carbonated Water, Jasminum Officinale (Jasmine) Flower Water, Chaenomeles Sinensis (Chinese-Quince) Fruit Extract, Diospyros Kaki (Persimmon) Leaf Extract, Cinnamomum Cassia (Cinnamon) Bark Extract, Artemisia Princeps Leaf Extract, Chrysanthellum Indicum Extract, Camellia Sinensis (Green Tea) Leaf Extract, Hibiscus Sabdariffa (Roselle) Flower Extract, Lavandula Angustifolia (Lavender) Extract, Rosmarinus Officinalis (Rosemary) Extract, Chamomilla Recutita (Matricaria) Flower Extract, Geranium Maculatum (Spotted Cranesbill) Extract, Salvia Officinalis (Sage) Leaf Extract, Trifolium Pratense (Clover) Flower Extract, Alchemilla Vulgaris (Lady's Mantle) Extract, Aspalathus Linearis (Rooibos) Extract, Helichrysum Italicum (Everlasting) Extract, Pinus Densiflora Leaf Extract, Bambusa Vulgaris (Bamboo) Extract, Thuja Orientalis Extract, Chamaecyparis Obtusa Leaf Extract, Melaleuca Alternifolia (Tea Tree) Leaf Water, Centella Asiatica (Gotu Kola) Extract, Vitis Vinifera (Grape) Fruit Extract, Coffea Arabica (Coffee) Seed Extract, Carthamus Tinctorius (Safflower) Flower Extract, Polygonum Cuspidatum (Japanese Knotweed) Root Extract, Castanea Crenata (Chestnut) Shell Extract, Zanthoxylum Piperitum Fruit Extract, Saccharide Isomerate, Mannan, Camellia Sinensis (Green Tea) Leaf, Camellia Sinensis (Green Tea) Leaf Powder, Butylene Glycol, Caprylyl Glycol, Citric Acid, 1,2-Hexanediol, Ethylhexylglycerin, Benzyl Glycol, Raspberry Ketone, Caramel, Yellow 5 (CI 19140), Blue 1 (CI 42090), Disodium EDTA, Mentha Piperita (Peppermint) Oil.","Apply a thin layer on dry skin.
After it starts foaming, leave on for 3-5 minutes, wet your fingertips and massage face in circular motions to remove dead skin cells.
Rinse with lukewarm water."
pimprod2045246,Patchology,On The Fly Travel Facial Kit,By Category,Skin Gifts,$20.00,,https://media.ulta.com/i/ulta/2625997?w=100&h=100&fmt=auto,23 Reviews,"Benefits
FlashPatch Rejuvenating Eye Gels: Puffiness. Fatigue. Dryness. Enter the fast fix for tired eyes, featuring Caffeine, and Hydrolyzed Collagen (to look like you got your full 8 hours every day in just 5 minutes!)
FlashPatch Restoring Night Eye Gels: Put fine lines and wrinkles to bed with a powerful nightly dose of anti aging Retinol and Peptides. Arnica Extract soothes tired eyes to sleep.
FlashPatch Hydrate Sheet Mask: The Ultimate Thirst Quencher. Feeling parched? It only takes 5 minutes to treat your skin to a much-needed surge of maximum moisture.
Includes
Hydrate Sheet Mask 2-Pack Sachet (1 ct)
Flashpatch Hydrating Lip Gel (1 ct)
Flashpatch Rejuvenating Eye Gels (1 ct)
Flashpatch Restoring Night Eye Gels (1 ct)
Item 2625997","Hydrate Sheet Mask: Water,Glycerin, Butylene Glycol, Dipropylene Glycol, Peg-60 Hydrogenated Castor, Hydroxyacetophenone, Betaine, Xanthan Gum, Caprylyl Glycol, Panthenol, 1,2- Hexanediol, Sodium Hyaluronate, Trehalose, Propanediol, Sodium Citrate, Citric Acid, Sodium Phytate, Sodium Hyaluronate Crosspolymer, Hydrolyzed Glycosaminoglycans, Centella Asiatica Extract, Olea Europaea Fruit Oil, Dipotassium Glycyrrhizate, Urea, Yeast Amino Acids, Benzyl Glycol, Ethylhexylglycerin, Inositol, Taurine, Hydrolyzed Hyaluronic Acid, Paeonia Suffruticosa Root Extract, Chamomilla Recutita (Matricaria) Flower Extract, Potassium Sorbate, Glycyrrhiza Glabra Root Extract, Angelica Gigas Root Extract, Morus Alba Bark Extract, Phellinus Lineteus Extract, Scutellaria Baicalensis Root Extract, Polygonum Multiflorum Root Extract, Sophora Flavescens Root, Cimicifuga Racemosa Root Extract, Sesamum Indicum Seed Extract, Hyaluronic Acid, Raspberry Ketone, Phenoxyethanol, Fragrance.
Rejuvenating Eye: Water,Glycerin, Dipropylene Glycol, Ceratonia Siliqua Gum,Chondrus Crispus Powder, Butylene Glycol, Chondrus Crispus Extract, Panthenol, Centella Asiatica Extract, Paeonia Suffruticosa Root Extract, Chamomilla Recutita Flower Extract, Portulaca Oleracea Extract, Caffeine, Hydrolyzed Collagen, Cocos Nucifera Fruit Extract, Sodium Hyaluronate, Aloe Barbadensis Leaf Extract, Lonicera Japonica Flower Extract, Calendula Officinalis Extract, Lavandula Angustifolia Extract, Syringa Vulgaris Extract, Rosmarinus Officinalis Extract, Mentha Arvensis Leaf Extract, Monarda Didyma Leaf Extract, Jasminum Officinale Extract, Freesia Refracta Extract, Acetyl Tetrapeptide-5, Trideceth-6, Betaine, 1,2-Hexanediol, Cellulose Gum, Xanthan Gum, Glyceryl Caprylate, Potassium Chloride, Sodium Polyacrylate, Sucrose, Ethylhexylglycerin, Synthetic Fluorphlogopite, Polysorbate 20, Hydrogenated Polydecene, Dipotassium Glycyrrhizate, Allantoin, Pantolactone, Polyglutamic Acid, Acetyl Glucosamine, Urea, Yeast Amino Acids, Trehalose, Inositol, Taurine, Potassium Sorbate, Glutathione, Disodium Edta, Phenoxyethanol, Titanium Dioxide (Ci 77891), Mica, Fragrance.
Restoring Night Eye: Water,Glycerin, Dipropylene Glycol, Ceratonia Siliqua Gum, Chondrus Crispus Powder, Chondrus Crispus Extract, Arnica Montana Flower Extract, Paeonia Suffruticosa Root Extract, Centella Asiatica Extract, Scutellaria Baicalensis Root Extract, Chamomilla Recutita Flower Extract, Acetyl Tetrapeptide-5, Acetyl Hexapeptide-8, Trideceth-6, Allantoin, Hydrolyzed Collagen, Retinol, Butylene Glycol, 1,2-Hexanediol, Cellulose Gum, Xanthan Gum, Glyceryl Caprylate, Potassium Chloride, Sodium Polyacrylate, Sucrose, Ethylhexylglycerin, Polysorbate 20, Synthetic Fluorphlogopite, Hydrogenated Polydecene, Urea, Yeast Amino Acids, Trehalose, Betaine, Inositol, Taurine, Potassium Sorbate, Caprylyl Glycol, Disodium Edta, Phenoxyethanol, Ultramarines (Ci 77007), Titanium Dioxide (Ci 77891), Mica, Farnesol, Fragrance.","Hydrate Sheet Mask 2-Pack Sachet
Unfold the masque and apply to clean, dry skin. Leave on for 5 minutes or longer if desired. Discard and massage any excess serum into skin. No need to rinse. The serum will fully absorb into skin. Reseal and refrigerate after opening.
Flashpatch Hydrating Lip Gels - Single
Step 1: Place lip gel onto clean lips for 5 minutes (or longer if desired).
Step 2: Discard after use and massage any remaining serum in and around the lip area.
Flashpatch Rejuvenating Eye Gels - Single
Step 1: Place 1 pair of gels onto clean, dry under-eye area for 5 minutes (or longer if desired).
Step 2: Discard after use and massage remaining serum into skin.
Flashpatch Restoring Night Eye Gels - Single
Step 1: Place 1 pair of gels onto clean, dry under-eye area for 5 minutes (or longer if desired).
Step 2: Discard after use and massage remaining serum into skin."
pimprod2031343,Beekman 1802,Smooth Booster Willow Bark Exfoliating Serum,Treatment & Serums,Face Serums,$29.00,0.5 oz,https://media.ulta.com/i/ulta/2593736?w=100&h=100&fmt=auto,268 Reviews,"Benefits
Smooths & resurfaces rough & bumpy skin
Exfoliates skin's surface revealing younger looking skin
Safe for sensitive skin
Key Ingredients
Willow bark breaks down into salicin which helps calm redness and irritation while deeply exfoliating skin.
Caviar Lime has natural AHA properties that help increase the speed at which your skin sheds dead skin cells, helping prevent clogged pores and breakouts.
Research Results
97% saw smoother skin
100% saw softer skin
100% had zero reaction in sensitive skin & allergy testing
Item 2593736","Water (Aqua), Coco-Caprylate/Caprate, Glycerin, Salix Alba (Willow) Bark Extract, Xanthan Gum, Microcitrus Australasica (Caviar Lime) Fruit Extract, Curcuma Longa (Turmeric) Leaf Extract, Simmondsia Chinensis (Jojoba) Seed Oil, Moringa Oleifera Seed Oil, Curcuma Longa (Turmeric) Root Extract, Aloe Barbadensis Flower Extract, Ocimum Sanctum (Holy Basil) Leaf Extract, Ocimum Basilicum (Basil) Flower/Leaf Extract, Melia Azadirachta {China berry) Flower Extract, Adansonia Digitata (Baobab) Seed Oil, Melia Azadirachta (China berry) Leaf Extract, Corallina Officinalis Extract, Coccinia lndica Fruit Extract, Solanum Melongena (Eggplant) Fruit Extract, Amber Powder, Lactic Acid, Sodium Benzoate, Sodium Levulinate, Potassium Sorbate, Sodium Anisate. . . and Kindness.","Directions: Apply 1-2 drops to clean, dry skin as part of your morning routine. Use it alone or with the moisturizer of your choice.
For added results, use with Bloom Cream Daily Probiotic Moisturizer. Press down once to bloom it. Add 1-2 drops of your booster to the center, swirl and mix together to activate, apply evenly to face.
Precautions: Avoid use if you are allergic to aspirin. Discontinue use if irritation occurs. Use sunscreen daily while using this product and for a week after ceasing."
pimprod2050259,DHC,Water Friendly Face Cleansing Oil,Cleansers,Cleansing Balms & Oils,$24.00,,https://media.ulta.com/i/ulta/2638839?w=100&h=100&fmt=auto,1 Review,"Benefits
Water-friendly facial cleansing oil and makeup remover
Mixes well with water and perfect for quickly removing makeup in the shower
Rinses off easily with no greasy residue, leaving skin clean, looking smooth and refreshed
Vitamin E and botanical extracts help calm and nourish skin
Squalane and olive virgin oil hydrate and maintain skin’s natural moisture barrier
Morus alba root extract helps brighten the look of skin
Fragrance and colorant free
Key Ingredients
Licorice derivative and aloe extract: Calms and soothes the skin
Morus alba root extract: Helps brighten the look of skin
Squalane and olive virgin oil: Hydrate and maintain skin’s natural moisture barrier
Vitamin E: Antioxidant that nourishes skin
Item 2638839","Triethylhexanoin, Dipropylene Glycol, PEG-20 Glyceryl Triisostearate, Octyldodecanol, Dicaprylyl Carbonate, PEG-7 Caprylic/Capric Glycerides, C14-18 Alkyl Ethylhexanoate, Caprylic/Capric Triglyceride, Olea Europaea (Olive) Fruit Oil, Squalane, Stearyl Glycyrrhetinate, Tocopherol, Aloe Barbadensis Leaf Extract, Morus Alba Root Extract, Phenoxyethanol.","Dispense 2-3 pumps into hand. Massage onto face to dissolve makeup and other impurities. Rinse thoroughly. If desired, follow with a DHC foaming cleanser for an even deeper clean."
pimprod2046159,,,,,,,,,,,
pimprod2017104,Hanskin,Hyaluron Exfoliating AHA Treatment,K-Beauty,,$27.00,5.07 oz,https://media.ulta.com/i/ulta/2568278?w=100&h=100&fmt=auto,78 Reviews,"Benefits
Glycolic acid and lactic acid work together to remove dead skin build-up
Dissolves dull and dead skin cells to reveal a smoother, softer and brighter skin
Helps illuminate the look of dark spots and keeps pores clear of clogging debris
Boosts skincare performance by allowing better product absorption
Maintains skin hydration with four types of hyaluronic acid
pH: 3.50 - 4.50
Key Ingredients
Glycolic Acid: Exfoliates dull, dead skin and stimulates skin cell turnover
Lactic Acid: A gentle exfoliant that improves the appearance of pores and smoothness
Sodium Hyaluronate: A form of hyaluronic acid that draws water into the skin
Hydrolyzed Hyaluronic Acid: A form of hyaluronic acid that plumps, hydrates and illuminates skin
Formulated Without
Talc
Sulfates
Silicone
Artificial Fragrance
Item 2568278","Water, Glycolic Acid, Lactic Acid, Sodium Hydroxide, Glycerin, Pentylene Glycol, Propanediol, 1,2-Hexanediol, Panthenol, Sodium PCA, PEG-60 Hydrogenated Castor Oil, Caprylyl Glycol, Xanthan Gum, Ethylhexylglycerin, Citrus Aurantium Bergamia (Bergamot) Fruit Oil, Citrus Aurantium Dulcis (Orange) Peel Oil, Disodium EDTA, Benzyl Glycol, Hydrolyzed Glycosaminoglycans, Sodium Hyaluronate, Tocopherol, Sodium Hyaluronate Crosspolymer, Hydrolyzed Hyaluronic Acid, Hydroxypropyltrimonium Hyaluronate, Hyaluronic Acid, Sodium Acetylated Hyaluronate.","Apply a small amount onto a cotton pad and swipe over clean, dry skin. A mild tingling sensation is normal. Use 1-2 times per week.
Precautions: AHA may increase skin's sensitivity to the sun. Use SPF every day."
pimprod2023647,Urban Veda,Purifying Neem & Tea Tree Exfoliating Facial Polish,Treatment & Serums,Face Peels & Exfoliators,$22.00,4.2 oz,https://media.ulta.com/i/ulta/2580906?w=100&h=100&fmt=auto,21 Reviews,"Benefits
Detoxifying
Mattifying
Exfoliating
Hydrating
All Urban Veda products are made with Ayurvedic herbs, flowers and fruits combined with clinically proven actives and antioxidants to help maintain skin's natural state of balance and homeostasis
Key Ingredients
Neem - excellent natural ingredient for those who have excess skin oils as Neem is a powerful antiseptic but non-drying
Tea Tree - Helps to reduce inflammation, cleanse and encourage skin healing. Supports acne, breakouts and skin infections
Wild Mint - Rich in salicylic acid, a Beta Hydroxy Acid which helps to deeply cleanse to relieve congestion
Spearmint - helps skin conditions such as acne and dermatitis. Packed with health benefiting vitamins A, C, B6, antioxidants and phytonutrients
Bearberry - contains naturally brightening compounds Arbutin and Hydroquinone
Formulated Without
SLS/SLES
Parabens
Silicones
Mineral Oil / paraffinum liquidum
Animal derivatives
Artificial colors
Propylene glycol
MEA/DEA/TEA
Microbeads
PEGs
EDTA
Item 2580906","Aqua (Water), Caprylic/Capric Triglyceride, Isopropyl Palmitate, Glycerin**, Cetearyl Alcohol, Hamamelis Virginiana (Witch Hazel) Water, Glyceryl Stearate, Pumice, Glyceryl Stearate SE, Polyglyceryl-3 Dicitrate/Stearate, Benzyl Alcohol, Hydroxyacetophenone, Alcohol, Sodium Stearoyl Glutamate, Xanthan Gum, Citrus Aurantium Dulcis (Orange) Peel Oil, Melaleuca Alternifolia (Tea Tree) Leaf Oil, Parfum (Fragrance), Salicylic Acid, Mentha Arvensis Leaf Oil, Melia Azadirachta Seed Oil, Menthol, Sodium Phytate, Melia Azadirachta Leaf Extract, Mentha Viridis Leaf Oil, Eucalyptus Globulus Leaf Oil, Illicium Verum (Anise) Fruit Oil, Sorbic Acid, Terminalia Arjuna Bark Extract, Citrus Aurantifolia (Lime) Oil, Citrus Aurantium Bergamia (Bergamot) Fruit Oil, Citrus Bergamia Leaf Oil, Citrus Limon (Lemon) Peel Oil, Citrus Sinensis (Orange) Peel Oil, Juniperus Mexicana Wood Oil, Citric Acid, Arctostaphylos Uva Ursi Leaf Extract, Morus Nigra Root Extract, Potassium Sorbate, Artemisia Annua Extract, Citrus Aurantium Amara (Bitter Orange) Leaf/Twig Extract, Citrus Nobilis (Mandarin Orange) Peel Oil, Juniperus Virginiana Wood Oil, Pogostemon Cablin Leaf Oil, Potassium Sorbate, Sodium Benzoate, Ascorbic Acid, Limonene*, Linalool*.
*Naturally derived from essential oils.
**Vegetable Origin.","Use 2-3 times a week after cleansing with one of Urban Veda's Facial Washes. Apply to damp skin, massaging in gentle circular movements over the face and neck before rinsing off.
Can also be applied as a mask and left for 10 minutes. This activates the fruit enzymes which draws out impurities and detoxes the skin further before massaging in to unclog pores."
pimprod2042800,LOOPS,Dream Sleep Nighttime Slugging Face Mask,Treatment & Serums,Face Masks,$7.00,1 ct,https://media.ulta.com/i/ulta/2599940?w=100&h=100&fmt=auto,148 Reviews,"Benefits
Before bed when you need to restore, tone, plump and hydrate your face overnight in just 10 minutes.
Can be used as needed, or as part of your weekly face care routine.
Each bundle includes 5 face masks. Hydrogel mask material is eco-friendly.
Won’t clog pores.
For All Skin Types.
Cruelty Free.
Formulated without: Parabens, Sulfates, Phthalates, Synthetic Fragrances, Drying Alcohol, Mineral Oil
Features
Innovative hydrogel technology allows the mask to adhere to your skin, while simultaneously helping our ingredients absorb more effectively. Our masks won’t slip or drip, because your face care routine shouldn’t have to slow you down.
Key Ingredients
Slugging Complex - a proprietary blend of plant-based oils that forms a protective antioxidant barrier for absorption
Bakuchiol - an anti-aging antioxidant that stimulates cell turnover and smooths fine lines and improves skin tone
Ceramides - a powerful fatty acid that fortifies the skin barrier, helping to boost hydration, firmness, and elasticity
Niacinamide - a regenerative vitamin that strengthens and protects the skin barrier from free-radical damage
Item 2599940","Water (Aqua/Eau), Glycerin, Butylene Glycol, 1,2-Hexanediol, Ceratonia Siliqua (Carob) Gum, Chondrus Crispus Powder, Hydroxyethyl Urea, Allantoin, Cellulose Gum, Glucomannan, Xanthan Gum, Potassium Chloride, Caprylyl Glycol, Sodium Polyacrylate, Dextrin, Ethylhexylglycerin, Absorbic Acid, Bakuchiol, Butyrospermum Parkii (Shea) Butter, Ceramide NP, Niacinamide, Oenothera Biennis (Evening Primose) Oil, Persea Gratissima (Avocado) Oil, Tocopheryl Acetate, Hyaluronic Acid, Camellia Senesis Leaf Extract, Sucrose Palmitate, Hydrogenated Lecithin, Centella Asiatica Extract, Macademia Integrifolia Seef Oil, Olea Europaea (Olive) Fruit Oil, Simmondsia Chinesis (Jojoba) Seed Oil, Vitis Vinifera (Grape) Seed Oil, Aloe Barbadensis Leaf Extract, Tocopherol, Hydrolyzed Hyaluronic Acid, Sodium Hyaluronate.","Start by cleansing skin and gently patting dry. Tear package at notch to open and remove film from mask. Apply the textured side of the mask to face, starting with the top half and then bottom. Leave on for a LOOP (10 minutes), then peel off. Tap remaining serum into skin for full ingredient absorption. Incorporate LOOPS into your regular face care routine for best results. Please note: face masks will not stick to facial hair."
pimprod2051803,FARMACY,10% Waterless Vitamin C Serum,Treatment & Serums,Face Serums,$52.00,1.0 oz,https://media.ulta.com/i/ulta/2641251?w=100&h=100&fmt=auto,,"Benefits
A 10% vitamin C serum that’s shown to visibly brighten, firm, and target the look of dark spots. 10% L-ascorbic acid, the purest form of vitamin C, is powered by a waterless technology for maximum stability and potency until the very last drop.
1% alpha-arbutin and ferulic acid visibly even skin tone and reduce the look of hyperpigmentation, while upcycled tangerine peel hydrates and boosts moisture without irritation.
This formula is both water-free and oil-free. The primary base is Propanediol, although it's not an oil, it feels similar in texture and dries down to provide a unique, silky-smooth feeling on the skin.
Key Ingredients
L-Ascorbic Acid 10%: visibly brightens, evens skin tone, and tightens the look of skin
Upcycled Tangerine Peel and Sugar Beet: hydrate and boost the skin’s moisture and visible radiance
Alpha Arbutin 1% and Ferulic Acid: target the look of dark spots and hyperpigmentation while enhancing the benefits of vitamin C
Research Results
Clinical Results: In a clinical study of the 10% Waterless Vitamin C Serum with 33 participants over 8 weeks, users reported:
Visibly brighter skin after 1 use
Serum was gentle on skin after use 2x daily
In a clinical study of 10% Waterless Vitamin C Serum with 33 participants based on 4-8-week improvement:
16x improvement in size and intensity of dark spots
2x improvement in skin tone evenness
Item 2641251","Propanediol, Pentylene Glycol, Ascorbic Acid, Betaine, Alpha-Arbutin, Ferulic Acid, Citrus Aurantium Amara (Bitter Orange) Fruit Extract, Citrus Reticulata (Tangerine) Fruit Extract, Citrus Aurantium Sinensis Peel Extract, Glycerin, Lactic Acid, Citric Acid.
The list of ingredients is subject to change, please consult the packaging of the product purchased.","Apply to clean skin, both morning and night.
-Follow with moisturizer and SPF during the day."
pimprod2031858,,,,,,,,,,,
pimprod2042924,Supergoop!,Zincscreen 100% Mineral Lotion SPF 40,Suncare,Sunscreen,$48.00,1.7 oz,https://media.ulta.com/i/ulta/2621275?w=100&h=100&fmt=auto,7 Reviews,"Benefits
Broad spectrum sunscreen that protects against UVA, UVB and IRA rays
Helps filter blue light (light emitted from your phone, computer and other screens)
Non-comedogenic
Sheer & natural finish
Key Ingredients
Antioxidant-Rich Blueberry and Winter Cherry: Reduce the visible effects of free radicals
Moisture-Binding Coconut Fruit Extract Complex Helps increase skin's moisture levels
Formulated Without
At Supergoop!, they thoughtfully choose ingredients based on global regulations and the latest scientific research. Their ""No List"" includes 1600+ ingredients that they never add in their products, including oxybenzone, octinoxate, parabens, phthalates, sulfates and synthetic fragrances.
Item 2621275","Water, Tetradecane, Cetearyl Nonanoate, Ethylhexyl Palmitate, Caprylic/Capric Triglyceride, Isopropyl Palmitate, Isopropyl Myristate, Glycerin, Polyglyceryl-3 Diisostearate, Mica, Propanediol, Disteardimonium Hectorite, Gluconolactone, Polyglyceryl-6 Polyricinoleate, Brassica Campestris/ Aleurites Fordi Oil Copolymer, Polyhydroxystearic Acid, Sodium Chloride, Magnesium Sulfate, Fructose, Octyldodecyl Oleate, Tocopherol, Cocos Nucifera (Coconut) Fruit Extract, Sodium Benzoate, Iron Oxides (CI 77492), Dodecane, Hexadecane, Titanium Dioxide (CI 77891), Withania Somnifera Flower Extract, Iron Oxides (CI 77491), Vaccinium Angustifolium (Blueberry) Fruit Extract, Silica, Calcium Gluconate.","Use Zincscreen as the moisturizer step in your daily skincare routine.
Cleanse your face and apply any serums or treatments.
Apply Zincscreen generously and evenly across your face and neck.
Allow 30 seconds for product to absorb.
Precautions: For external use only. Do not use on damaged or broken skin. Stop use and ask a doctor if rash occurs. When using this product keep out of eyes. Rinse with water to remove. Keep out of reach of children. If swallowed, get medical help or contact a Poison Control Center right away."
pimprod2051246,Rael,Pain Relief Roll-On for Cramps,K-Beauty,,$13.99,1.7 oz,https://media.ulta.com/i/ulta/2641037?w=100&h=100&fmt=auto,13 Reviews,"Benefits
Desgined to help soothe and relieve muscle pains to promote a fast recovery.
Clinically Tested
Fragrance Free
Key Ingredients
4% CAMPHOR: Relieves muscle tightness and backaches.
4% MENTHOL: Soothes sore muscles and muscles strains.
MAGNESIUM: Helps ease stress and tension.
Research Results
Clinically proven to improve menstrual cycle-related cramps, back aches, pains and muscle aches.*
92% of participants agreed the product is effective during the menstrual cycle*
*Based on 38 participants, ages 18-35 after 1 Menstrual Cycle in a 2 month study.
Item 2641037","Active: Menthol, Camphor
Inactive: Alcohol Denat, Aloe Barbadensis Leaf Juice, Aminomethyl Propanol, Arnica Montana Extract, Caffeine, Calendula Officinalis Flower Extract, Carbomer, Citric Acid, Curcuma Longa (Turmeric) Root Extract, Cymbopogon Flexuosus Oil, Dimethicone, Ethylhexylglycerin, Eucalyptus Globulus Leaf Oil, Eugenia Caryophyllus (Clove) Leaf Oil, Gaultheria Procumbens (Wintergreen) Leaf Oil, Glycerin, Glyceryl Stearate SE, Hydrolyzed Hyaluronic Acid, Isohexadecane, Leuconostoc/Radish Root Ferment Filtrate, Magnesium Sulfate, Mentha Piperita (Peppermint) Oil, Methyl Glucose Sesquistearate, Phenoxyethanol, Potassium Sorbate, Propylene Glycol, Salix Nigra (Willow) Bark Extract, Sodium Benzoate, Water, Zingiber Officinale (Ginger) Root Extract, Zingiber Officinale (Ginger) Root Oil.","Massage rollerball applicator, made with stainless steel, to area of discomfort. Made for temporary relief of minor aches and pains of muscles and joints, associated with simple backache, arthritis, strains, and sprains.
Precautions: For external use only. If irritation or discomfort occurs, discontinue use and consult a physician immediately. Avoid contact with eyes. Keep out of reach of children."
pimprod2046066,I Dew Care,Chill Mo-Mint Soothing & Cooling Wash-Off Mask,Treatment & Serums,Face Masks,$25.00,3.38 oz,https://media.ulta.com/i/ulta/2626233?w=100&h=100&fmt=auto,109 Reviews,"Benefits
Soothes & cools the skin
Hydrates & replenishes moisture
Smells like your favorite mint chocolate chip ice cream
Key Ingredients
Peppermint Extract: helps to soothe and revitalize skin
Aloe Vera Extract: moisturizes, softens and soothes skin
Glacier Water: helps replenish moisture
Features
Suitable for all skin types
FSC packaging
Cruelty-free
Item 2626233","Water (Aqua), Kaolin, Glycerin, Cetyl Alcohol, Cetearyl Alcohol, Cellulose, Caprylic/Capric Triglyceride, 1,2-Hexanediol, Bentonite, C14-22 Alcohols, Methyl Glucose Sesquistearate, Juglans Regia (Walnut) Shell Powder, Sorbitan Isostearate, C12-14 Pareth-12, C12-20 Alkyl Glucoside, Xanthan Gum, Caprylyl Glycol, Polyacrylate Crosspolymer-6, Zingiber Officinale (Ginger) Root Extract, Mentha Piperita (Peppermint) Leaf Extract, Ammonium Acryloyldimethyltaurate/Vp Copolymer, Hydroxyethyl Acrylate/Sodium Acryloyldimethyl Taurate Copolymer, Mentha Piperita (Peppermint) Oil, Ethylhexylglycerin, Menthol, Leuconostoc/Radish Root Ferment Filtrate, Disodium Edta, Theobroma Cacao (Cocoa) Fruit Powder, Water (Glacier Water), Aloe Barbadensis Leaf Extract, Propanediol, Tocopherol, Butylene Glycol, Titanium Dioxide (CI 77891), Ultramarines (CI 77007), Chromium Oxide Greens (CI 77288), Iron Oxides (CI 77492), Fragrance (Parfum).","Apply a generous, even layer to clean skin avoiding the eyes and lip area.
Wash off after 5-10 minutes.
For best results use 2-3 times a week.
Precautions: Contains walnut shell powder. I Dew Care highly recommends performing a patch test starting with a very small area of the skin to ensure your comfort and safety, gradually increasing usage as deemed appropriate. If you experience symptoms of what you suspect is an allergic reaction, consult your healthcare professional."
pimprod2051247,Rael,Overnight Organic Cotton Cover Pads With Wings,K-Beauty,,$8.49,12 ct,https://media.ulta.com/i/ulta/2641038?w=100&h=100&fmt=auto,7 Reviews,"Benefits
Extended back designed for heavy days and overnight coverage.
Pillowy-soft 100% organic cotton cover.
Ultra-absorbent Leak Locker core ensures all-day dryness.
Hypoallergenic, safe for all skin sensitivities and menstrual conditions.
Free of chlorine and fragrance.
Item 2641038","100% Certified Organic Cotton Cover, Chlorine-Free Natural Wood Pulp Core with Super Absorbent Polymers, Waterproof Backing (Polyethylene, Polypropylene).","Remove from backing strip and position pad in underwear as needed. Wrap wings around underwear to keep it in place.
Precautios: Do not flush. For external use only."
pimprod2028183,Skin Gym,Glowy Glass Face Cupping Set,Skincare Tools,Anti-Aging,$35.00,,https://media.ulta.com/i/ulta/2587994?w=100&h=100&fmt=auto,23 Reviews,"Benefits
Creates a radiant glow
Shapes cheekbones and jawline
Stimulates circulation
Helps relax facial muscles
Includes
Glass Cupping Device sized for Face
Glass Cupping Device sized for Jaw/Cheekbones
Item 2587994",,"Face: Suction the cup to the face and use sweeping gliding massage strokes in areas indicated by arrows. Use your free hand to anchor the skin behind the cup for a smoother glide and to prevent pulling on the skin.
Cleaning and Care: After each use, wash massage cups in warm soapy water. Air dry."
pimprod2048529,Oak Essentials,Conditioning Lip Balm,Lips,Lip Balms & Treatments,$28.00,0.12 oz,https://media.ulta.com/i/ulta/2631905?w=100&h=100&fmt=auto,437 Reviews,"Key Ingredients
Shea Butter: With ultra-hydrating compounds and anti-aging benefits, it works to condition, calm, and plump the lips with vitamins and antioxidants.
Safflower Seed Oil: Filled with fatty acids like linoleic acid that help smooth and soften by replenishing any lipid-void spaces.
Argan Oil: Rich in anti-aging antioxidants and fatty acids that deeply moisturize and seal moisture into the skin, delivering deeply hydrated lips.
Formulated Without
Made simply and without compromise, their skincare formulas are non-GMO and organic whenever possible, and always formulated without silicones, colorants, sulfates, phthalates, parabens, PEGs, petrolatum, mineral oil, and nanoparticles.
Item 2631905","Butyrospermum Parkii (Shea) Butter, Cera Alba (Beeswax, Cire d'abeille), Carthamus Tinctorius (Safflower) Seed Oil, Borago Officinalis Seed Oil, Argania Spinosa Kernel Oil, Rhus Verniciflua Peel Cera/Rhus Verniciflua Peel Wax, Myrica Pubescens Fruit Wax, Helianthus Annuus Seed Cera/Helianthus Annuus (Sunflower) Seed Wax, Citrus Aurantium Bergamia (Bergamot) Fruit Oil, Tocopheryl Acetate, Oryza Sativa (Rice) Bran Extract, Lavandula Angustifolia (Lavender) Oil, Helianthus Annuus (Sunflower) Extract, Melaleuca Alternifolia (Tea Tree) Leaf Oil, Tocopherol, Rosmarinus Officinalis (Rosemary) Leaf Extract, Citral, Limonene, Linalool.","Apply to lips as needed throughout the day or prior to bed as the final step in your nighttime routine.
Warning: For external use only. Keep out of reach of children. Avoid contact with eyes. If contact occurs, rinse well with water immediately. Do not ingest. Do not store at elevated temperatures."
pimprod2022960,Kate Somerville,KateCeuticals Lifting Eye Cream,Eye Treatments,Eye Cream,$145.00,0.5 oz,https://media.ulta.com/i/ulta/2579677?w=100&h=100&fmt=auto,291 Reviews,"Benefits
Firm skin + revitalize the appearance of crow’s feet + wrinkles
Soothe puffiness
Brighten dark circles
Key Ingredients
Tri-Peptide + Hyaluronic Acid Complex : Relaxes the appearance of wrinkles while increasing skin firmness + elasticity.
Brown + Red Algae + Cucumber Extract : Relieves dark under eye circles and puffiness.
Vitamin C : Brightens and firms skin.
Hyaluronic Acid : Hydrates and plumps skin.
Safflower + Sunflower Seed Oils : Lightweight hydration to target under eye dryness.
Research Results
After just 1 use*
96% showed improvement in the appearance of crow’s feet, fine lines, wrinkles, and hydration.
93% reported the product de-puffed their under-eye area and visibly diminished deep wrinkles.
After 2 weeks of use*
96% reported the product firmed and lifted their undereye area and had a long-lasting impact on their fine lines and wrinkles with continued use.
96% reported the product firmed and lifted under eye area.
Clinically-proven results based on independent clinical study.
Item 2579677","Aqua/Water/Eau, Glycerin, Propanediol, Coco-Caprylate/Caprate, Cocoglycerides, Butyrospermum Parkii (Shea) Butter, Stearyl Heptanoate, Pentaerythrityl Distearate, Squalane, Triheptanoin, Potassium Cetyl Phosphate, Stearyl Alcohol, Stearyl Caprylate, 1,2-Hexanediol, Glyceryl Stearate Citrate, Tetrahexyldecyl Ascorbate, Palmitoyl Tripeptide-5, Palmitoyl Hexapeptide-12, Morus Alba Leaf Extract, Undaria Pinnatifida Extract, Hydrolyzed Hyaluronic Acid, Adenosine, Ceramide NG, Phytosterols, Faex/Yeast Extract/Extrait de Levure, Withania Somnifera Root Extract, Soy Amino Acids, Hordeum Vulgare/Hordeum Vulgare Extract/Extrait d'Orge, Hydrolyzed Soy Protein, Cucumis Sativus (Cucumber) Seed Extract, Corallina Officinalis Extract, Helianthus Annuus (Sunflower) Seed Oil, Dipeptide Diaminobutyroyl Benzylamide Diacetate, C12-15 Alkyl Benzoate, Carthamus Tinctorius (Safflower) Seed Oil, Dilinoleic Acid/Butanediol Copolymer, Castor Oil/IPDI Copolymer, PEG-10 Phytosterol, Ammonium Acryloyldimethyltaurate/VP Copolymer, Tocopheryl Acetate, Behenyl Alcohol, Tribehenin, Potassium Sorbate, Sodium Benzoate, Lactic Acid, Citric Acid, Disodium EDTA, Ethylhexylglycerin, Phenoxyethanol.","Good for: Morning + Evening
How often: Daily
Application: Gently pat a small amount around the eye area, before serums or moisturizer."
pimprod2033282,Proactiv,Clear Skin SPF 30 Face Sunscreen,Suncare,Sunscreen,$24.00,1.5 oz,https://media.ulta.com/i/ulta/2595005?w=100&h=100&fmt=auto,237 Reviews,"Benefits
Lightweight, non-greasy, and non-comedogenic (won't clog pores)
Helps control shine and provides a matte-looking finish
Uses a lower concentration of sunscreen filters for less irritation and greater hydration
Works well alone or under makeup - doesn't leave a white cast
Features
Provides broad-spectrum 30 UVA/UVB protection without causing breakouts
Formulated specifically with acne-prone skin in mind, so won't cause breakouts
Dermatologist-developed and tested
Oil-free and fragrance-free
Key Ingredients
Avobenzone, Octisalate, & Octocrylene: Amongst the most common SPF actives, these three work together to provide broad-spectrum protection for your skin
Item 2595005","Water, Isopropyl Lauroyl Sarcosinate, Glycerin, Dimethicone, Diisopropyl Sebacate, Sucrose Tristearate, Polymethyl Methacrylate, Silica, Aluminum Starch Octenylsuccinate, Pentylene Glycol, Polysorbate 61, Sodium Stearoyl Glutamate, Phenoxyethanol, Caprylyl Glycol, Tocopheryl Acetate, Dimethiconol, Glycyrrhetinic Acid, Xanthan Gum, Potassium Sorbate, Disodium EDTA, Panthenol, Carbomer, Allantoin, Triethanolamine, Zinc Gluconate, Ceramide.","Apply to face and neck as needed. Can be used under makeup. Apply liberally 15 minutes before sun exposure. Reapply at least every 2 hours. Use a water-resistant sunscreen if swimming or sweating.
Precautions: Spending time in the sun increases your risk of cancer and early skin aging. To decrease this risk, regularly use a sunscreen with a broad-spectrum SPF value of 15 or higher and other sun protection measures including: Limit time in the sun (especially 10am - 2pm), and wear long-sleeved shirts, pants, hats, and sunglasses. Children under 6 months: Ask a doctor."
pimprod2007168,Hanskin,Pore Cleansing Balm - AHA,Cleansers,Cleansing Balms & Oils,$22.00,2.82 oz,https://media.ulta.com/i/ulta/2550230?w=100&h=100&fmt=auto,107 Reviews,"Benefits
Thoroughly removes makeup, including waterproof makeup
A blend of nourishing oils softens and maintains skin health and hydration
AHAs like lactic and glycolic acid gently exfoliate dead skin and pore impurities
Solid balm texture makes it mess-free, spill-proof and travel-friendly
Great for dry and combination skin types
Key Ingredients
Lactic Acid: An AHA that dissolves dead skin cells while restoring skin moisture
Glycolic Acid: An AHA that evens out skin texture and helps keep pores clear
Sunflower Seed Oil: Packed with Vitamin E for anti-aging benefits
Jojoba Oil: A plant-based oil that improves skin texture and hydration
Formulated Without
Parabens
Dyes
Artificial Fragrances
Alcohol
Item 2550230","Mineral Oil, Ethylhexyl Stearate, Carthamus Tinctorius (Safflower) Seed Oil, PEG-20 Glyceryl Triisostearate, Cocos Nucifera (Coconut) Oil, Polyethylene, C13-15 Alkane, Olea Europaea (Olive) Fruit Oil, PEG-10 Isostearate, Trihydroxystearin, Citrus Aurantium Dulcis (Orange) Peel Oil, Lavandula Angustifolia (Lavender) Oil, Tocopheryl Acetate, Citrus Aurantium Bergamia (Bergamot) Fruit Oil, Water, Camellia Japonica Seed Oil, Prunus Armeniaca (Apricot) Kernel Oil, Simmondsia Chinensis (Jojoba) Seed Oil, Helianthus Annuus (Sunflower) Seed Oil, Moringa Oleifera Seed Oil, Ethyl Macadamiate, Glycerin, Tocopherol, Sodium PCA, Citric Acid, Lactic Acid, Tartaric Acid, Glycolic Acid, Malic Acid.","Use it as the first step in your double cleansing routine. Warm a small scoop of the cleansing balm between dry palms and massage over dry skin. Wet your hands with a little water and massage the face to emulsify the oil. Rinse well with warm water and pat dry. Follow with a water-based cleanser.
Precautions: For external use only. Do not get into eyes."
pimprod2047326,LUSH,Tea Tree Water Toner Water,Cleansers,Toner,$14.00,3.3 oz,https://media.ulta.com/i/ulta/2631540?w=100&h=100&fmt=auto,1 Review,"Benefits
Brings oily, dull and tired skin back into balance
Clarifies and refreshes skin
Key Ingredients
Grapefruit water brightens
Tea tree water cleanses and clarifies
Juniper berry water balances
Item 2631540","Tea Tree Water, Grapefruit Water, Juniperberry Water, *Limonene, Fragrance, Methylparaben.",Mist your skin to gently refresh and hydrate complexions going through a hard time.
pimprod2009647,KYLIE COSMETICS,Eye Cream,Eye Treatments,Eye Cream,$22.00,0.57 oz,https://media.ulta.com/i/ulta/2548219?w=100&h=100&fmt=auto,"6,115 Reviews","Benefits
This unique formula contains a blend of caffeine, green tea, Vitamin E and pomegranate extracts that help brighten, hydrate, and reduce puffiness and the appearance of fine lines and wrinkles.
Key Ingredients
Caffeine, Green Tea Extract, Pomegranate Extract: A blend of extracts that help soften the appearance of wrinkles, smooth skin and help reduce puffiness
Vitamin E: An antioxidant that helps hydrate skin
Vitamin C: An antioxidant that helps reduce the appearance of dark circles
Shea Butter: Provides excellent moisturization
Jojoba Seed Oil: Helps condition skin with a weightless feel
Formulated Without
Fragrance Free
Paraben Free
Sulfate Free
Gluten Free
Vegan
Dermatologist Tested
Item 2548219","Water/Aqua/Eau, Simmondsia Chinensis (Jojoba) Seed Oil, Butyrospermum Parkii (Shea) Butter, Polyglyceryl-3 Rice Branate, Glycerin, Coconut Alkanes, Cetearyl Alcohol, Polyglyceryl-3 Distearate, Propanediol, Cetyl Phosphate, Polyacrylate-13, Isododecane, Phenoxyethanol, Caprylyl Glycol, Glyceryl Stearate Citrate, Tetrahexyldecyl Ascorbate, Polyisobutene, Mica, Dimethicone Crosspolymer, Titanium Dioxide (CI 77891), Coco-Caprylate/Caprate, Candelilla/Jojoba/Rice Bran Polyglyceryl-3 Esters, Cetyl Alcohol, Acrylates/C10-30 Alkyl Acrylate Crosspolymer, Sodium Hydroxide, Polyglyceryl-3 Cocoate, Polyglyceryl-4 Caprate, Polyglyceryl-6 Caprylate, Polyglyceryl-6 Ricinoleate, Camellia Sinensis Leaf Extract, Lactobacillus Ferment Lysate, Polymethylsilsesquioxane, Punica Granatum Extract, Trisodium Ethylenediamine Disuccinate, Ethylhexylglycerin, HDI/Trimethylol Hexyllactone Crosspolymer, Polysorbate 20, Iron Oxides (CI 77491), Sorbitan Isostearate, 3-O-Ethyl Ascorbic Acid, Tocopheryl Acetate, Lactobacillus Ferment, Caffeine, Tocopherol, Actinidia Chinensis (Kiwi) Seed Oil, Citric Acid.",
pimprod2037903,Peace Out,Oil-Absorbing Pore Treatment Strips,Treatment & Serums,Acne & Blemish Treatments,$19.00,8 ct,https://media.ulta.com/i/ulta/2607964?w=100&h=100&fmt=auto,47 Reviews,"Benefits
A set of two-in-one nose and pore strips that contain a NEW, clean hydrocolloid polymer technology to lift away dirt, excess sebum, and dead skin cells. Once oil and impurities have been absorbed into the strip, Retinol* helps minimize and refine the appearance of pores in just 4-6 hours
Key Ingredients
NEW HYDROCOLLOID POLYMER TECHNOLOGY - Lifts away dirt, excess sebum, and dead skin cells from within your pores
DMAE - Visibly shrinks enlarged pores for firmer-looking skin
RETINOL - Helps minimize & refine the look of pores with retinyl acetate, Vitamin A
Formulated Without
Gluten
Aminomethyl
Artificial Colorant & Flavors
BPA(Bisphenol A)
Parabens
Formaldehydes
Synthetic Fragrance (>1%)
Item 2607964","DMAE Bitartrate, Retinyl Acetate (Vitamin A), Hydrocolloid Polymer Technology.","Apply a nose strip or pore strip, tacky side down, on clean, dry skin.
Leave on for four to six hours or overnight.
Gently remove the strip.
Precautions: If you're experiencing any areas of excessive dryness, open skin, or went a little heavy handed with peels, chemical exfoliation, or actives, give your skin a little resting time before using more dots or patches from Peace Out."
pimprod2050110,Wildfleur,Salicylic Acid 0.45% + Willowherb Clarifying Cleanser,Cleansers,Face Wash,$18.00,6.7 oz,https://media.ulta.com/i/ulta/2634834?w=100&h=100&fmt=auto,275 Reviews,"Features
0.45% salicylic acid (BHA)
pH balanced - Between 4.5 and 5.5 (similar to the skin’s natural pH)
Designed to effectively cleanse while maintaining the skin's natural moisture barrier and pH
Clinically tested
Suitable for all skin types (including sensitive skin)
Key Ingredients
0.45% Salicylic Acid - The clinically tested and dermatologist recommended type of beta-hydroxy acid (BHA), proven to exfoliate skin debris (dead skin cells) and dirt buildup, improve skin texture and combat breakouts
Flavonoids - A class of polyphenolic bioactives that act as detoxifying agents and help promote salicylic acid's activity against bacterial cell walls and membranes
Research Results
In a clinical study with over 50 people:
100% saw visible improvement in skin purity and freshness after only 1 use
89% saw visible improvement in skin smoothness after only 1 week
Item 2634834","Water / Aqua, Cocamidopropyl Hydroxysultaine, Sodium Lauroyl Sarcosinate, Glycerin, Sodium Chloride, Peg-150 Pentaerythrityl Tetrastearate, Salicylic Acid, Niacinamide, Epilobium Angustifolium Extract, Butylene Glycol, Sodium Hyaluronate, 1,2-Hexanediol, Coconut Acid, Cholesterol, Ceramide Np, Aloe Barbadensis Leaf Extract, Taraxacum Officinale (Dandelion) Rhizome/Root Extract, Peg-60 Hydrogenated Castor Oil, Centella Asiatica Extract, Coco-Betaine, Sodium Benzoate, Stearic Acid, Oleic Acid, Caprylic/Capric Triglyceride, Hydrogenated Lecithin, Phytosphingosine, Lactic Acid, Caprylyl Glycol, Sodium Methyl Cocoyl Taurate, Citric Acid, Xanthan Gum, Phenoxyethanol, Caprylhydroxamic Acid.","Use lukewarm water to wet face and neck. Apply the cleanser in gentle, circular motions. Rinse with water and tap (not rub) skin dry.
FSA0.45 Clarifying Cleanser can be used 2x a day for clinical results.
Tip: For oily or acne-prone skin, pair the cleanser with FSA2.0 2.0% salicylic acid toner and LH2.0 HydrO18 moisturizer to effectively exfoliate and unclog pores while maintaining a healthy skin barrier."
pimprod2038306,VOLITION,Chocolate Macadamia Hydrating Mask with Hyaluronic Acid + Vegan Collagen,Treatment & Serums,Face Masks,$48.00,2.0 oz,https://media.ulta.com/i/ulta/2609788?w=100&h=100&fmt=auto,19 Reviews,"Benefits
Nourishes
Smooths
Plumps
Key Ingredients
Cocoa Extract, rich in antioxidants, to help protect skin from free radical damage
Macadamia Nut Oil to intensely nourishe dry skin and strengthen skin's natural barrier function
Hyaluronic Acid to replenish and help improve moisture retention
Vegan Collagen to visibly plump and increase the appearance of firmness
Niacinamide to control oil, balance, and reinforce the skin barrier function
Peptides to improve the look of firmness and minimize the appearance of wrinkles
Plant Squalane to diminish the appearance of fine lines while helping improve moisture retention
Formulated Without
Gluten
Artificial Fragrance
Synthetic Color
Silicones
Parabens
Phthalates
Alcohol
Item 2609788","Water/Aqua/Eau, Cocoa, Glycerin. Kaolin, Caramel, Macadamia Ternifolia Seed Oil, Sodium Hyaluronate, Propanediol Dicaprylate, Aloe Barbadensis Leaf Juice, Xanthan Gum, Sodium Hydroxide, Squalane, sr-Hydrozoan Polypeptide-1, Niacinamide, Sodium Benzoate, Polyglyceryl-4 Caprate, Polyglyceryl-6 Caprylate, Carbomer, Lauryl Glucoside, Myristyl Glucoside, Allantoin, Polyglyceryl-6 Laurate, Charcoal, Fragrance/Parfum*, Phenoxyethanol, Ethylhexylglycerin. *naturally-derived","Apply 2-3 times weekly. Apply evenly to clean, dry or damp skin. Leave on for 15-20 minutes. Rinse thoroughly with warm water.
Precautions: For external purposes only. Avoid direct contact with eyes."
pimprod2042779,Bondi Sands,Self Tan Sculpting Contour Kit,Suncare,Self-Tanning & Bronzing,$15.00,,https://media.ulta.com/i/ulta/2619935?w=100&h=100&fmt=auto,1 Review,"Benefits
Perfect addition to your self tanning routine for a head-to-toe bronzed glow
Includes
Dual ended contour brush for precision application (1 ct)
Bondi Babe heart pan to hold your favorite Bondi Sands tan (1 ct)
Item 2619935",,"Step 1: Pump or spray your favorite Bondi Sands Self Tanning product into the Bondi Sands Self Tanning product into the Bondi Babe Heart Pan.
Step 2: Using the Dual Ended Contour Brush, dip into the Bondi Babe Heart Pan and apply to areas of your face or décolleté where the sun naturally hits, including forehead, cheeks and jawline.
Step 3: Leave on skin as per Self Tanning product directions. Rinse Dual Ended Contour brush with warm water, using the textured side of the Bondi Babe Heart Pan to remove all product excess. Ensure brush is fully dry before next use."
pimprod2049667,ETUDE,Soonjung Hydro Barrier Cream,Moisturizers,Face Moisturizer,$22.00,2.53 oz,https://media.ulta.com/i/ulta/2636350?w=100&h=100&fmt=auto,,"Benefits
DEEP HYDRATION WITHOUT GREASINESS: This lightweight, hydrating cream provides long-lasting moisture without leaving a greasy finish, making it ideal for sensitive and combination skin
SOOTHING AND CALMING: Enriched with ingredients that help calm irritated skin and strengthen the skin barrier, helping to prevent future irritation
FRAGRANCE-FREE: Unscented, ideal for sensitive skin
Key Ingredients
PANTHENOL AND MADECASSOSIDE: Panthenol helps to strengthen and hydrate the skin barrier, while Madecassoside soothes and protects sensitive skin
Formulated Without
Free from10 additives (Free of animal-derived ingredients, mineral oil, silicone oil, polyacrylamide, imidazolidinyl urea, triethanolamine, fragrance, PEG, synthetic pigment, paraben)
Item 2636350","Water / Aqua / Eau, Glycerin, Propanediol, Pentaerythrityl Tetraethylhexanoate, Hydrogenated Poly(C6-14 Olefin), Panthenol, 1,2-Hexanediol, Hydroxyethyl Acrylate/Sodium Acryloyldimethyl Taurate Copolymer, Polymethylsilsesquioxane, Glyceryl Stearate Citrate, Carbomer, C14-22 Alcohols, Glyceryl Stearate, Arachidyl Alcohol, Glyceryl Caprylate, Behenyl Alcohol, Tromethamine, C12-20 Alkyl Glucoside, Ethylhexylglycerin, Butylene Glycol, Disodium Edta, Sorbitan Isostearate, Arachidyl Glucoside, Allantoin, Madecassoside, Scutellaria Baicalensis Root Extract, Tocopherol, Camellia Sinensis Leaf Extract.","After Serum, Ampoule, or Emulsion: Use this cream as the final step in your skincare routine, following a serum, ampoule, or emulsion to lock in moisture.
Take a Moderate Amount: Dispense a small amount of cream onto your fingers.
Apply to Face: Gently apply over your face, starting from the center and moving outward.
Pat to Absorb: Lightly pat your skin to help the cream fully absorb and enhance hydration."
pimprod2051761,SOME BY MI,AHA BHA PHA 30 Days Miracle Cream,Moisturizers,Face Moisturizer,$27.00,2.11 oz,https://media.ulta.com/i/ulta/2641260?w=100&h=100&fmt=auto,,"Benefits
AHA, BHA, PHA ingredients smoothly exfoliate the skin while tea tree leaf water strengthens the skin barrier.
Soothes irritated and inflammed skin
Key Ingredients
Centella Asiatica Extract - reduces inflammation and redness
BHA - treats clogged pores and bumps
PHA - attract and retain moisture in the skin
Formulated Without
Parabens
Sulfates
Alcohol
Silicones
Item 2641260","Centella Asiatica Extract (70.78 %), Dipropylene Glycol, Glycerin, Water, Niacinamide, Caprylic/Capric Triglyceride, Cetyl Ethylhexanoate, Melaleuca Alternifolia (Tea Tree) Leaf Water(10,000 ppm), Ricinus Communis (Castor) Seed Oil, Hydrogenated Castor Oil, Melia Azadirachta Leaf Extract, Melia Azadirachta Flower Extract, Coccinia Indica Fruit Extract, Solanum Melongena (Eggplant) Fruit Extract, Aloe Barbadensis Flower Extract, Ocimum Sanctum Leaf Extract, Curcuma Longa (Turmeric) Root Extract, Corallina Officinalis Extract, Calendula Officinalis Flower Extract, Camellia Sinensis Leaf Extract, Lavandula Angustifolia (Lavender) Extract, Rosmarinus Officinalis (Rosemary) Extract, Origanum Vulgare Flower/Leaf/Stem Extract, Thymus Vulgaris (Thyme) Extract, Fructan, Albatrellus Confluens (Mushroom) Extract, Salix Alba (Willow) Bark Extract (1,000 ppm), Enantia Chlorantha Bark Extract, Lens Esculenta (Lentil) Seed Extract, Hamamelis Virginiana (Witch Hazel) Extract, Houttuynia Cordata Extract, Centella Asiatica Leaf Extract, Coptis Japonica Extract, Saccharide Isomerate, Sodium Hyaluronate, Butylene Glycol, Propanediol, Betaine, Allantoin, Madecassoside, Madecassic Acid, Asiaticoside, Asiatic Acid, Adenosine, Ceramide NP, Oleanolic Acid, Capryloyl Salicylic Acid, Inulin Lauryl Carbamate, Polyglyceryl-3 Methylglucose Distearate, Cetearyl Glucoside, Sorbitan Olivate, Cetearyl Alcohol, Lactobionic Acid (100 ppm), Citric Acid (11 ppm), Ammonium Acryloyldimethyltaurate/VP Copolymer, 1,2-Hexanediol, Benzyl Glycol, Ethylhexylglycerin, Raspberry Ketone, Disodium EDTA, Mentha Piperita (Peppermint) Oil, Limonene.",Take an appropriate amount and spread evenly onto the skin.
pimprod2042845,I Dew Care,Gold Kitten Revitalizing Golden Peel-Off Mask,Treatment & Serums,Face Masks,$23.00,2.7 oz,https://media.ulta.com/i/ulta/2618243?w=100&h=100&fmt=auto,180 Reviews,"Key Ingredients
24K Gold: instantly infuses skin for a radiant appearance
Peptide Complex: helps increase skin elasticity for a plumped and firmer look
Pumpkin Extract: helps promote smoother looking skin
Formulated Without
Parabens
Sulfates
Phthalates
Item 2618243","Water (Aqua), Methyl Gluceth-20, Polyvinyl Alcohol, Alcohol Denat., Dipropylene Glycol, Bentonite, Hydroxypropyl Starch Phosphate, Mica, 1,2-Hexanediol, Titanium Dioxide (CI 77891), Xanthan Gum, C12-14 Pareth-12, Algin, Iron Oxides (CI 77491), Ethylhexylglycerin, Sodium Acetate, Calcium Aluminum Borosilicate, Fragrance (Parfum), Dextrin, Sodium Phytate, Silica, Gold (CI 77480), Butylene Glycol, Tin Oxide, Acrylates/C10-30 Alkyl Acrylate Crosspolymer, Polyacrylate Crosspolymer-6, Hydroxyethyl Acrylate/Sodium Acryloyldimethyl Taurate Copolymer, Tocopherol, Sorbitan Isostearate, Acetyl Hexapeptide-8, Cucurbita Pepo (Pumpkin) Fruit Extract, Cucurbita Pepo (Pumpkin) Seed Extract, Acetyl Octapeptide-3, Acetyl Tetrapeptide-2, Acetyl Tetrapeptide-3, Acetyl Tetrapeptide-5, Acetyl Tetrapeptide-9, Carnosine, Copper Tripeptide-1, Nonapeptide-1, Palmitoyl Pentapeptide-4, Palmitoyl Tripeptide-1, Palmitoyl Tripeptide-5.","Apply a generous, even layer to clean skin, avoiding eyebrows and hairline.
After 20-30 minutes or once mask is dry, gently peel off starting from the edges.
Rinse off any remaining product with warm water.
Suggested Use: Recommend to use two times per week on whole face."
pimprod2013450,Pixi,Rose Ceramide Cream Intensive Moisturizer,Moisturizers,Face Moisturizer,$24.00,1.7 oz,https://media.ulta.com/i/ulta/2562272?w=100&h=100&fmt=auto,104 Reviews,"Benefits
Long lasting moisturizer
Powerful antioxidants help fortify skin
Absorbs quickly
Helps improve skin's elasticity and feel
Paraben-free
Suitable for all skin types
Key Ingredients
Rose Flower Oil nourishes and restores
Ceramide NP provides time-release moisture
Probiotics protect and balance
Item 2562272","Aqua/Water/Eau, Dipropylene Glycol, Glycerin, Dimethicone, Caprylic/Capric Triglyceride, Hydrogenated Poly (C6-14 Olefin), Hydrogenated Polydecene, Cetearyl Alcohol, PEG-20 Methyl Glucose Sesquistearate, Betaine, Hydroxyethyl Acrylate/Sodium Acryloyldimethyl Taurate Copolymer, Polysilicone-11, 1,2-Hexanediol, Cyclopentasiloxane, Glyceryl Stearate, PEG-100 Stearate, Caprylyl Glycol, Methyl Glucose Sesquistearate, Citrus Paradisi (Grapefruit) Peel Oil, Sorbitan Stearate, Butyrospermum Parkii (Shea) Butter, Octyldodecanol, Dimethiconol, Butylene Glycol, Bifida Ferment Lysate, Ceramide NP, Polysorbate 60, Sorbitan Isostearate, Xanthan Gum, Citrus Aurantium Bergamia (Bergamot) Fruit Oil, Hydrogenated Lecithin, Portulaca Oleracea Extract, Rosmarinus Officinali (Rosemary) Leaf Oil, Propanediol, Sucrose Cocoate, Dextrin, Disodium EDTA, Echium Plantagineum Seed Oil, Caramel, Centella Asiatica Extract, Lecithin, Phenoxyethanol, Rosa Damascena Flower Oil, Biosaccharide Gum-1, Cardiospermum Halicacabum Flower/Leaf/Vine Extract, Helianthus Annuus (Sunflower) Seed Oil Unsaponifiables, Polyglutamic Acid, Tagetes Minuta Flower Oil, Potassium Sorbate, Betula Alba Bud Extract, Corylus Avellana (Hazelnut) Bud Extract, Juglans Regia (Walnut) Leaf Extract, Olea Europaea (Olive) Bud Extract, Tocopherol.",For all skin types. Use a coin size amount daily after cleansing and toning or as needed.
pimprod2020803,Avène,Cicalfate HANDS Restorative Hand Cream,Hand & Foot Care,Hand Cream & Foot Cream,$25.00,3.3 oz,https://media.ulta.com/i/ulta/2577165?w=100&h=100&fmt=auto,140 Reviews,"Benefits
Rich, restorative hand lotion for very dry and cracked hands
Formulated to minimize risk of allergic reactions
Won't clog pores
Ideal for hands cracked from various aggressors such as climactic conditions, occupational irritations, cleaning products or excessive hand washings
Absorbs rapidly and transparent, non-greasy finish
Last through 5 hand washings
Clinically shown: -51% reduction of redness, roughness, thickened skin, blisters and cracks*
Study on 11 subjects. Cicalfate HAND applied once at T1, lipid index measured at T1 and after each successive hand washing
Key Ingredients
Sucralfate helps restore and protect damaged skin and isolates the lesion from external environmental aggressors
Copper-Zinc Sulfate Complex - promotes a healthy skin environment for optimal recovery
Avene Thermal Spring Water - soothes, softens and calms the skin
Formulated Without
Fragrance
Paraben
Soy
Wheat
Item 2577165","Water/Eau/Aqua, Mineral Oil/Huile Minerale/Paraffinum Liquidum, Myreth-3 Myristate, PEG-45 / Dodecyl Glycol Copolymer, Dimethicone, Aluminum Sucrose Octasulfate, Octyldodecanol, PEG-7 Glyceryl Cocoate, Aluminum Starch Octenylsuccinate, Glycerin, Beeswax/Cire D'abeille/Cera Alba, Cetyl Alcohol, Copper Sulfate, Dimethiconol, Disteardimonium Hectoritie, Glyceryl Stearate, Magnesium Sulfate, Phenoxyethanol, Sodium Benzoate, Xanthan Gum, Zinc Sulfate.","Apply at least twice a day, concentrating on the most dry and cracked areas."
pimprod2036841,Dior,Micellar Water,Cleansers,Face Wash,$55.00,6.8 oz,https://media.ulta.com/i/ulta/2604185?w=100&h=100&fmt=auto,24 Reviews,"Benefits
This face cleanser is infused with hyaluronic acid, purifying French water lily and soothing cornflower floral water to effortlessly remove makeup, purify the skin and cleanse the pores while strengthening the skin barrier.
Key Ingredients
French water lily helps purify the skin.**
Hyaluronic acid helps maintain skin hydration.
Cornflower floral water helps soothe feelings of discomfort on the skin.
Research Results
*Amount calculated based on the ISO 16128-1 and ISO 16128-2 standard. Water percentage included. The remaining 2% of ingredients contribute to the formula's performance, sensory appeal and stability.
**Ex vivo test on skin explant.
Item 2604185","Aqua (Water), Propanediol, Glycerin, Centaurea Cyanus Flower Water, Nymphaea Alba Root Extract, Saponins, Sodium Hyaluronate, Hydroxyacetophenone, Sodium Benzoate, Parfum (Fragrance), Quillaja Saponaria Wood Extract, Potassium Sorbate, Saponaria Officinalis Leaf/Root Extract, Citric Acid, Tocopherol, Butylene Glycol, Peg-60 Hydrogenated Castor Oil, Caprylyl Glycol.","Apply Micellar Water with a soft cotton pad.
Follow with La Mousse OFF/ON Face Cleanser."
pimprod2008472,TONYMOLY,The Chok Chok Green Tea Cleansing Water,Cleansers,Face Wash,$15.50,,https://media.ulta.com/i/ulta/2554533?w=100&h=100&fmt=auto,42 Reviews,"Benefits
Refreshes tired skin with a one-step cleanse by sweeping away makeup and other skin-clogging impurities.
Preps the skin for the following skincare.
Key Ingredients
Pure Fermented Green Tea Extract - Naturally fermented green tea with high anti-oxidant and moisturizing benefits to skin.
Lemon seed Oil - Filled with antibacterial and antifungal properties
Rosewood Oil - Soothing and revitalizing
Formulated Without
Parabens
Sulfates
Alcohol Gluten
Item 2554533","Water, PEG-6 Caprylic/Capric Glycerides, Dipropylene Glycol, Betaine, Camellia Sinensis Leaf Extract, PEG-40 Hydrogenated Castor Oil, Allantoin, Citrus Limon (Lemon) Seed Oil, Aniba Rosaeodora (Rosewood) Wood Oil, Disodium EDTA, Sodium Citrate, Citric Acid, Phenoxyethanol, Ethylhexylglycerin.","Shake well before use. Apply onto cotton pad and gently sweep over skin. If removing lip and eye makeup, let the soaked cotton pad rest on lip and eyes for a few seconds before wiping away makeup."
pimprod2021805,Kinship,Mint Mud Deep Pore Detox Clay Mask,Treatment & Serums,Face Masks,$26.00,2.0 oz,https://media.ulta.com/i/ulta/2574439?w=100&h=100&fmt=auto,72 Reviews,"Benefits
The dual resurfacing power of lactic acid and jojoba oil beads provide both an chemical and physical exfoliation, revealing smooth, radiant skin
Smells like fresh mint after rain
Good for all skin types, especially oily and blemish-prone skin
Dermatologist-tested
Vegan & Leaping Bunny certified cruelty-free
Sustainably packaged: Jar + lid are made with 50% (PCR) recycled plastic. Mint Mud is part of Kinship's Ocean Waste Plastic (OWP) Program. For each Mint Mud sold, plastic is removed from our oceans + rivers through a fully documented + certified process.
Kinship excludes 1,300+ questionable ingredients banned in the EU
Key Ingredients
Lactic Acid: Exfoliates and helps clear clogged pores for smoother & brighter looking skin
Bentonite & Kaolin clays: Natural clay minerals to help detox, clear pores & balance oil
Moringa: Powerful, nutrient-rich, organic seed oil that rejuvenates & softens skin
Powered by Probiotics: Kinship's patented Kinbiome probiotic strengthens the skin barrier for healthy, glowing, clear skin. It's like kombucha 4 ur face!
Formulated Without
Parabens
Sulfates & SLS
Phthalates
Benzoyl Peroxide
Silicones
Alcohols (denatured)
Hydroquinone
Ethoxylates
Synthetic Dyes & Fragrances
Chemical Sunscreens
GMOs
PEGs/Petroleum-Based Ingredients
Item 2574439","Water (Aqua), Kaolin, Bentonite, Glycerin, Aloe Barbadensis Leaf Juice*, Jojoba Esters, Lactic Acid, Moringa Oleifera Seed Oil*, Lactobacillus Ferment, Hydrolyzed Pea Protein, Allantoin, Xanthan Gum, Octyldodecanol, Sorbitan Oleate, Phenoxyethanol, Ethylhexylglycerin, Potassium Sorbate, Menthol, Mentha Piperita (Peppermint) Oil, May Contain +/- Iron Oxides (CI 77492), Chromium Oxide Greens (CI 77288).
*Certified Organic.","Step 1: Apply an even layer to clean face, or just the t-zone (forehead, nose + chin), wherever skin is congested. You'll feel a cooling tingle as Mint Mud's magic begins. Let sit until dry (about 5-10 minutes).
Step 2: Use warm water to rinse, gently rubbing in the jojoba beads for a deeper exfoliation, or use a washcloth + warm water to remove mask. Follow with your fave moisturizer. Be sure to keep Mint Mud's jar tightly closed after each use. Use up to 3x per week in the PM. If you're using another exfoliator, gradually alternate its use with Mint Mud. For sensitive or dry skin, we recommend using Mint Mud 1x per week and patch testing a small amount on your jaw before use.
TIP: You can use Mint Mud as an exfoliating cleanser, too. Remove any makeup, then apply a small dollop onto fingers + gently massage into skin. Rinse away with warm water.
Precautions: Avoid eye area. Do not use on broken skin. Sunburn alert: Contains an alpha hydroxy acid (AHA) which may increase skin sensitivity. Use sunscreen and limit sun exposure."
pimprod2045736,Lancôme,Brighten & Help Protect 2 Piece Duo,By Category,Skin Gifts,$114.00,,https://media.ulta.com/i/ulta/2625767?w=100&h=100&fmt=auto,,"Research Results
Clarifique Pro-Solution Serum
84% agree dark spots and skin discoloration are visibly reduced
*Based on self-assessment results in a 10-week consumer study with 64 women
Pores are visibly reduced -18.7%
Skin tone is more even +28.2%
90% agree skin feels softer
82% say that product does not leave a white appearance on the skin
After four weeks*:
86% say skin tone looks more even
85% agree skin appears more radiant, with a healthy-looking glow
*Based on self-assessment results in a 4-week consumer study with 88 women
Includes
Full Size Clarifique Pro-Solution Serum (1.0 oz)
Full Size UV Expert Defense 50+ Primer & Moisturizer (1.0 oz)
Item 2625767",See packaging for full listing.,"Twist Clarifique's cap to open and push down on the silver button to dispense the formula onto your fingertips. Apply formula to the face until fully absorbed, avoiding the eye area. Note: Dropper automatically loads the precise dosage amount for one application.
Use UV Expert after cleansing as a facial sunscreen, moisturizer, and makeup primer - all in one!
For a no-makeup look or a day in the sun, apply evenly across all facial zones.
If wearing makeup, use as a makeup primer before applying foundation."
pimprod2033110,Erborian,Bamboo Super Serum,Treatment & Serums,Face Serums,$46.00,1.0 oz,https://media.ulta.com/i/ulta/2598498?w=100&h=100&fmt=auto,184 Reviews,"Benefits
The formula also contains a prebiotic, whose role is to maintain skin ecosystem, for hydrated skin
The formula contains a prebiotic, whose role is to maintain skin ecosystem, for hydrated skin
An efficacy test was also carried out to measure the impact of the super serum on skin's hydration.
Result: 2 hours after application, hydration was increased by 46%
*Efficacy test (by corneometry) on 10 people
Tested under dermatological supervision.
Features
This super serum transforms instantly into a water like texture upon contact with the skin
80% Bamboo extracts, 90% natural origin ingredient
Formulated without silicones.
Key Ingredients
Bamboo Waterlock: helps to improve the skin's natural hydration process
Bamboo Aqueous Extracts: obtained through a process of steam distillation of the Bamboos, they contain minerals necessary for the balance and the hydration of the skin
2 types of Hyaluronic Acid (Hyaluronic Acid, Sodium Hyaluronate): low molecular weight to deeply moisturize and high molecular weight to plump the surface of the skin and prevent dehydration
Glycerin: protects the skin from dehydration
Betaine: extracted from beet sugar preserves moisture
Inulin: a prebiotic which maintains skin balance
Item 2598498","Bambusa Vulgaris (Bamboo Extract), Methylpropanediol, Glycerin, 1-2 Hexanediol, Phyllostachys Bambusoides Extract, Betaine, Inulin, Phyllostachys Bambusoides Juice, Arginine, Sodium Hyaluronate, Hyaluronic Acid, Octyldodeceth-16, Hydroxyacetophenone, Acrylates/C 10 30 Alkyl Acrylate Crosspolymer, Butylene Glycol, Aqua/Water, Parfum/Fragrance, Linalool, Geraniol.","First, cleanse your skin with an oil-based and a water-based cleanser. Next, add one pump of the hydrating face serum serum in the palm of your hands or your fingertips and gently apply it to your face and neck. Once the serum is fully absorbed into your skin, finish up the process by applying your favorite moisturizer.
You can use your moisturising serum both morning and evening. For the first use, press the pump several times to activate it.
Avoid eye contact."
pimprod2048031,CeraVe,Baby Wash and Shampoo,Mother & Baby,,$14.99,16.0 oz,https://media.ulta.com/i/ulta/2632445?w=100&h=100&fmt=auto,,"Benefits
DEVELOPED WITH PEDIATRIC DERMATOLOGISTS
Gentle, tear-free, and non-irritating 3-in-1 baby shampoo, face wash and body wash for sensitive skin & hair
Accepted by the National Eczema Association
Suitable for eczema prone skin for babies', toddlers', and children's skin care
Fragrance-free, paraben-free, dye-free, phthalate-free, sulfate-free, allergy tested, hypoallergenic and non-comedogenic (meaning it won't clog your pores).
Daily body wash and shampoo for babies forms a mild foam as you lather into skin.
Rinses clean with no residue, leaving skin feeling hydrated and fresh, not stripped of moisture
Cleanses skin without disrupting baby’s skin barrier
Key Ingredients
Hyaluronic Acid: Essential for maintaining skin's moisture balance.
Vitamin E: Delivers soothing moisturizing benefits.
3 Essential Ceramides: Help restore baby's skin natural barrier, helping to keep moisture in and harmful elements out.
Ceramides are found naturally in the skin and make up 50% of the lipids in the skin barrier.
Lipids like ceramides fill in the gaps between skin cells so baby's skin can seal in moisture and keep impurities out.
All CeraVe products are formulated with three essential ceramides (1, 3, 6-II) to help maintain the skin’s natural barrier.
Formulated Without
Parabens
Phthalates
Fragrance
Dye
Sulfates
Item 2632445","Aqua / Water / Eau, Coco-Betaine, Disodium Cocoyl Glutamate, Citric Acid, Cetyl Hydroxyethylcellulose, Ceramide Np, Ceramide Ap, Ceramide Eop, Carbomer, Triethyl Citrate, Sodium Chloride, Sodium Cocoyl Glutamate, Sodium Phytate, Sodium Lauroyl Lactylate, Sodium Hyaluronate, Cholesterol, Disodium Edta, Tocopheryl Acetate, Capryloyl Glycine, Caprylyl Glycol, Phytosphingosine, Xanthan Gum, Benzoic Acid.Aqua / Water / Eau, Coco-Betaine, Disodium Cocoyl Glutamate, Citric Acid, Cetyl Hydroxyethylcellulose, Ceramide Np, Ceramide Ap, Ceramide Eop, Carbomer, Triethyl Citrate, Sodium Chloride, Sodium Cocoyl Glutamate, Sodium Phytate, Sodium Lauroyl Lactylate, Sodium Hyaluronate, Cholesterol, Disodium Edta, Tocopheryl Acetate, Capryloyl Glycine, Caprylyl Glycol, Phytosphingosine, Xanthan Gum, Benzoic Acid.","Wet skin with lukewarm water. Massage baby wash into skin in a gentle, circular motion. Rinse.
Precautions: Avoid contact with eyes. In case of eye contact, rinse immediately and thoroughly. Keep out of reach of children. Do not swallow."
pimprod2037502,b.tan,Pump Up The Tan To Ten Bronzing Glow Drops,Suncare,Self-Tanning & Bronzing,$14.99,1.0 oz,https://media.ulta.com/i/ulta/2606225?w=800&h=800&fmt=auto,11 Reviews,"Benefits
Packed with mega hydrating triple action hyaluronic acid + vitamin A
Item 2606225","Water (Aqua, Eau), Dihydroxyacetone, Polysorbate 20, Phenoxyethanol, Argania Spinosa (Argan), Kernel Oil, Cocos Nucifera (Coconut) Oil, Cucumis Sativus (Cucumber) Fruit Extract, Macadamia, Integrifolia (Macadamia) Seed Oil, Persea Gratissima (Avocado) Oil, Rosa Canina (Rose Hip) Fruit Oil, Simmondsia Chinensis (Jojoba) Seed Oil, Vitis Vinifera (Grape) Seed Oil, Retinyl Palmitate, Fragrance, (Parfum), Ascorbic Acid (Vitamin C), Tocopheryl Acetate (Vitamin E), Glycine Soja (Soybean) Oil, Tocopheryl (VItamin E), Hydroxypropyl Methylcellulose, Peg-8 Dimethicone, Propylene Glycol, Sodium Hyaluronate, Sodium Hydroxide.","Shake gently before use. Add drops to your daily moisturizer or serum. Mix 2-6 drops per body part, blend well and thoroughly apply to skin lightly covering areas such as hands, elbows and feet. Add more drops for even darker skin finish. Wash hands after application. alternatively, add to your self tan foam or lotion to boost its depth of color.
Precautions: This product does not contain a sunscreen and does not protect against sunburn. Repeated exposure of unprotected skin while tanning may increase the risk of skin aging, skin cancer, and other harmful effects to the skin even if you do not burn. Use only as directed. Avoid contact with eyes & lips. Carry out a patch test 24 hours before use. Do not apply to broken or irritated skin. Store below 86˚F in a cool, dark area. Keep out of reach of children. For external use only."
pimprod2039900,Proactiv,Zits Happen Hydrocolloid Patches,Treatment & Serums,Acne & Blemish Treatments,$12.00,30 ct,https://media.ulta.com/i/ulta/2612930?w=100&h=100&fmt=auto,215 Reviews,"Benefits
Absorbs gunk
Exfoliates skin
Hydrates & restores
Brightens skin
Retains moisture
Features
Hydrocolloid patch technology helps draw out oil
Pore-cleansing + skin-loving ingredients
Can be used during the day or overnight
Key Ingredients
Hydrocolloid: helps absorb oil and other impurities
Salicylic Acid: a BHA designed to exfoliate and slough away dead skin cells
Niacinamide: helps skin retain moisture
Centella Asiatica: an antioxidant that's designed to help brighten and condition the skin
Hyaluronic Acid: known as a moisture magnet to help keep skin hydrated
Item 2612930","Styrene/Isoprene Copolymer, Cellulose Gum, Hydrogenated Poly(C6-20 Olefin), Polyisobutene, Salicylic Acid, Sodium Hyaluronate, Niacinamide, Asiaticoside, Madecassic Acid, Asiatic Acid, Water.","Apply to clean, dry skin. Do not apply on top of product (e.g., moisturizers, serums, foundation, etc.). Remove clear patch from strip and apply the sticky side to affected area. Can be applied at any time of the day and left on overnight. Remove and replace until desired results are achieved.
For external use only. When using this product keep out of eyes. Stop use and ask a doctor if rash or irritation develops and lasts. Keep out of reach of children. If swallowed get medical help or contact a Poison Control Center right away."
pimprod2036900,Sun Bum,Kids SPF 50 Clear Sunscreen Lotion,Suncare,Sunscreen,$17.49,6.0 oz,https://media.ulta.com/i/ulta/2606181?w=100&h=100&fmt=auto,4 Reviews,"Benefits
Broad Spectrum Protection
Water Resistant (80 Minutes)
Gluten Free
Hawaii Act 104 Reef Compliant
Key Ingredients
Vitamin E: An antioxidant that helps to neutralize free radicals.
Formulated Without
Oxybenzone
Octinoxate
Parabens
Synthetic Fragrance
Item 2606181","Active Ingredients: Homosalate 10.0, Octocrylene 10.0, Octisalate 5.0, Avobenzone 3.0.
Inactive Ingredients: Alcohol Denat. (42%), Diisopropyl Adipate, Isododecane, Butyloctyl Salicylate, Silica, Trimethylpentanediol/Adipic Acid/Glycerin Crosspolymer, Myristyl Lactate, Hydroxypropylcellulose, Fragrance.",Apply liberally 15 minutes before sun exposure. Reapply: After 80 minutes of swimming or sweating. Immediately after towel drying. At least every 2 hours.
pimprod2049867,Tweezerman,3-in-1 Facial Roller Set,Skincare Tools,Facial Rollers,$30.00,,https://media.ulta.com/i/ulta/2631243?w=100&h=100&fmt=auto,128 Reviews,"Features
Stainless steel roller massages, cools and de-puffs skin.
Silicone roller gently exfoliates skin to promote circulation and allow better absorption of moisturizer and serums.
Volcanic stone roller absorbs excess oil build-up, great for touchups throughout the day for use with or without makeup.
Push-handle design is easy to use for roller attachment replacement.
Travel friendly design is great for on-the-go or at home use.
Storage pouch included.
Vegan and Cruelty Free.
Item 2631243",,"Massage skin using the stainless steel roller. Start with freshly washed, makeup free skin. Gently massage from the center of the face and glide outwards toward the hairline. Refrigerate the roller prior to use for a cooling and depuffing effect.
Exfoliate skin using the silicone roller. After makeup is removed, dampen the skin, and apply your favorite cleanser to the roller. Applying light pressure, massage the cleanser into the skin, using circular motions. Glide along the cheeks, forehead or around the nose.
Use the volcanic stone to absorb oil throughout the day. This stone can be used with or without makeup. Make sure to wash the stone after each use and lay flat to dry.
To change roller attachments, locate the circular design on the body of the skincare tool. Slide the roller in place toward the right of the circle to remove it. Select the roller you wish to attach, align the insertion hole to the right handle while the handle is in an open position. Once aligned, direct the left insertion hole of the roller to the left handle and release.
Clean rollers after each use and store in velvet pouch.
Tool Care: Clean each roller before and after each use. Stainless Steel and scrubber rollers can be cleansed with soap and water or wiped down with an alcohol pad. Volcanic stone can be cleaned with soap and water. Lay flat to dry."
pimprod2001371,Patchology,Breakout Box 3-in-1 Acne Treatment Kit,Everyday Care,,$20.00,,https://media.ulta.com/i/ulta/2538968?w=100&h=100&fmt=auto,538 Reviews,"Benefits
You choose the treatment with these customized pore care dots and strips!
Pimple Shrinking Salicylic Acid + Tea Tree Dots: Treat the first signs of redness and inflammation with these nearly-invisible dots
Whitehead-Absorbing Hydrocolloid Dots: When whiteheads pop up and you need next-level pore vacuuming, these patches work double, absorbing the gunk while protecting from bacteria (and fidgety fingers)
Blackhead-Eliminating Nose Strips: Evacuate dirt, excess sebum, and dead skin cells to decongest and minimize the appearance of enlarged pores
Cruelty Free
Formulated Without
Sulfates
Parabens
Phthalates
Includes
Pimple-Shrinking Salicylic Acid + Tea Tree Dots (24 ct)
Whitehead-Absorbing Hydrocolloid Dots (24 ct)
Blackhead-Eliminating Nose Strips (3 ct)
Item 2538968","Acne Patches: Active: Salicylic Acid 0.5%...Acne Treatment.
Inactive: Acrylates Copolymer, Vinyl Caprolactam/Vp/Dimethylaminoethyl Methacrylate Copolymer, Water (Aqua/Eau), Alcohol Denat, Melaleuca Alternifolia (Tea Tree) Leaf Oil, Epilobium Angustifolium Flower/Leaf/Stem Extract, Volcanic Ash, Sodium Hyaluronate, Vitis Vinifera (Grape) Seed Extract, Sodium Metabisulfite, Butylene Glycol, Phytosphingosine, Phenoxyethanol, Polysorbate 80, Pvp.
Nose Strips Inci: Pvp, Vp/Va Copolymer, Water (Aqua/Eau), Glycerin, Bentonite, Charcoal Powder, Polyvinyl Alcohol, Titanium Dioxide, Kaolin, Phenoxyethanol, Butylene Glycol, Potassium Sorbate, Moroccan Lava Clay, 1,2-Hexanediol, Virginiana(Witch Hazel), Aloe Barbadensis Leaf Extract, Menthol, Sodium Hydroxide, Sodium Dehydroacetate, Dipotassium Glycyrrhizate.
Hydrocolloid Patches Inci: None. They Are Hydrocolloid.",
pimprod2027696,Erborian,Yuza Super Serum - Vitamin C Face Serum,Treatment & Serums,Face Serums,$52.00,1.0 oz,https://media.ulta.com/i/ulta/2587608?w=100&h=100&fmt=auto,162 Reviews,"Benefits
Nourishes and protects the skin from drying out
Helps protect against external aggressors
Gives a fresh, healthy glow for radiant, stronger skin
Key Ingredients
Yuzu Fruit Extracts
Vitamin C
Prebiotics
Formulated Without
Parabens
Silicones
Sulfates
Phthlates
Item 2587608","Citrus Junos Fruit Water, Propanediol, Glycerin, 1,2, Hexanediol, Methylgluceth, 20, Butyleneglycol, Inulin, Citrus Junos Fruit Extract, Ascorbylglucoside, Aqua/Water, Sodiumcitrate, Octyldodeceth, 16, Hydroxyethylcellulose, Citricacid, Ethylhexylglycerin, Polysorbate60, Disodiumphosphate, Sodiumphosphate, Parfum/Fragrance, Limonene - Linalool.","Penetration of the active ingredients is better on damp skin. Apply to the face morning and evening before your creams or moisturizers.
For the first use, press the pump several times to activate it. Due to high proportion of natural origin ingredients, formula color may change over time. This does not affect the effectiveness or quality of the product."
pimprod2049775,Ahava,Refreshing Cleansing Gel,Cleansers,Face Wash,$25.00,3.4 oz,https://media.ulta.com/i/ulta/2634775?w=100&h=100&fmt=auto,,"Benefits
Gentle soapless cleansing gel to clean and refresh the skin
Washes off makeup, dirt and impurities
Tones and refreshes
Does not dry the skin
SLS/SLES Free
Paraben free
Suitable for all skin types
Key Ingredients
Osmoter™ stimulates natural, own-to-skin production of hyaluronic acid, collagen, and other compounds and ensures your skin’s health, strength & youthful appearance.
Ginger Root Extract, Gingko Biloba, Ginseng Extracts (Toning)
Vitamin E (Antioxidant)
Dead Sea Minerals (Hydrating)
Allantoin (Soothing)
Item 2634775","Aqua (Mineral Spring Water), Ammonium Lauryl Sulfate, Zinc Coceth Sulfate, Cocamidopropyl Betaine, Maris Aqua (Dead Sea Water/Osmoter), Allantoin, Tocopheryl (Vitamin E) Acetate, Aloe Barbadensis Leaf Juice, Zingiber Officinale (Ginger) Root Extract, Ginkgo Biloba Leaf Extract, Panax Ginseng Root Extract, Phenoxyethanol, Hydroxypropyl Guar Hydroxypropyltrimonium Chloride, Glycerin, Potassium Sorbate, Lactic Acid, Parfum (Fragrance), Linalool, Ethylhexylglycerin, Sodium Benzoate.","Massage the gel on damp face, avoiding eye area. Rinse off with lukewarm water."
pimprod2048422,RMS Beauty,Tinted Daily Lip Balm,Lips,Lip Balms & Treatments,$26.00,Passion Lane,https://media.ulta.com/i/ulta/2632294?w=100&h=100&fmt=auto,882 Reviews,"Benefits
Lip-softening
12 hours of hydration
Flavorless & fragrance-free
Key Ingredients
Organic Jojoba oil: Rich in antioxidants, jojoba oil mimics skin tone & texture to allow for easy absorption of nourishing skin benefits, while creating a protective barrier from environmental stressors
Organic Cocoa seed butter: Rich in antioxidants & fatty acids, it is a natural, nourishing moisturizer that fights free radicals and deeply conditions both skin and hair
Candelilla wax: Rich in vitamins & antioxidants that protect skin while helping to retain optimal moisture
Formulated Without
Parabens
Phthalates
Sulfates
Gluten
Item 2632294","Passion Lane: Caprylic/Capric Triglyceride, *Beeswax/Cera Alba/Cire d'abeille, Octyldodecanol, *Cocos Nucifera (Coconut) Oil, Euphorbia Cerifera (Candelilla) Wax/Candelilla Cera/Cire de candelilla, *Theobroma Cacao (Cocoa) Seed Butter, *Copernicia Cerifera (Carnauba) Wax/Cera Carnauba/Cire de carnauba, *Ricinus Communis (Castor) Seed Oil, Pentylene Glycol, *Simmondsia Chinensis (Jojoba) Seed Oil, Mica, Propanediol, Tocopherol (non-GMO), Titanium Dioxide (CI 77891), Iron Oxide (CI 77499), Red 28 Lake (CI 45410), Yellow 5 Lake (CI 19140).
*Certified Organic/Certifié Biologique",Apply to lips for a moisture rich flush of color and hydration. Equally as lovely on the apples of cheeks.
pimprod2032321,Origins,Ginzing Glow-Boosting Brightening Face Mask,Treatment & Serums,Face Masks,$39.00,2.5 oz,https://media.ulta.com/i/ulta/2595283?w=100&h=100&fmt=auto,24 Reviews,"Benefits
A hydrating, brightening gel face mask that brightens skin instantly with an immediate luminous glow, and long-term with increased radiance over time
Use this leave-on face mask in place of moisturizer for a bare-skin or under-makeup glow
Key Ingredients
3-Glow Complex: Increases radiance both instantly and long-term, with two types of Vitamin C and snap encapsulates of Mineral Optics
Vital Synthesis Technology: Helps naturally energize skin, visibly refresh and recharge it, with Caffeine from coffee beans and Panax Ginger
Snap Encapsulates: contains Mineral Optics to gently burst on application and deliver an instant radiance
Proprietary Veggie-Liposome Vitamin C: works within skin's surface to help boost brightness
Free-Form Vitamin C: releases onto skin to be absorbed and help build lasting brightness over time.
Research Results
100% of panelists had a boost in immediate radiance*
Brighter looking skin in 1 week**
+102% boost in moisture instantly*
*Clinical testing on 21 women, after using product once.
**Clinical testing on 21 women, after using product for 1 week.
Item 2595283","Ngredients: Water\Aqua\Eau, Cetearyl Isononanoate, Butylene Glycol, Glycerin, Polyglyceryl-3 Methylglucose Distearate, Olea Europaea (Olive) Fruit Oil, Caprylic/Capric Triglyceride, Steareth-21, 3-O-Ethyl Ascorbic Acid, Panax Ginseng Root Extract, Caffeine, Terminalia Ferdinandiana Fruit Extract, Magnesium Ascorbyl Phosphate, Salicylic Acid, Sodium Hyaluronate, Betaine, Sucrose, Glycine, Mannitol, Cetearyl Alcohol, Triethyl Citrate, Xanthan Gum, Synthetic Fluorphlogopite, Sodium Hydroxide, Microcrystalline Cellulose, Lecithin, Tin Oxide, Hydroxypropyl Methylcellulose, Caprylyl Glycol, Acrylates/C10-30 Alkyl Acrylate Crosspolymer, Steareth-2, Acrylates/Ammonium Methacrylate Copolymer, Sodium Phytate, Phenoxyethanol, Citrus Grandis (Grapefruit) Peel Oil*, Citrus Limon (Lemon) Peel Oil*, Citrus Aurantium Dulcis (Orange) Peel Oil*, Mentha Viridis (Spearmint) Leaf Oil*, Limonene, Linalool, Citral, Mica, Titanium Dioxide (CI 77891), Iron Oxides (CI 77491), Iron Oxides (CI 77492), Yellow 5 (CI 19140), Yellow 6 (CI 15985).
*Essential Oil.","Use face mask morning and night for best glow-boosting results. Apply a thin layer to clean skin, then gently massage into skin to activate encapsulates. Allow the mask to fully absorb into skin. Do not rinse."
pimprod2007858,SUNDAY RILEY,Flash Fix Good Genes and Ceramic Slip 2 Piece Kit,By Category,Skin Gifts,$25.00,,https://media.ulta.com/i/ulta/2550157?w=100&h=100&fmt=auto,132 Reviews,"Key Ingredients
GOOD GENES LACTIC ACID TREATMENT:
Lactic Acid, one of the most hydrating Alpha Hydroxy Acids (AHAs), exfoliates the surface layers of the skin, helps fight a build-up of dead skin cells and excess sebum, and helps diminish the look of discolorations and dark spots
Licorice Root helps improve skin radiance with naturally brightening properties
Lemongrass acts as a skin refreshing astringent for a toned complexion
Arnica soothes the skin, reducing the feeling of skin discomfort
CERAMIC SLIP CLEANSER:
French Green Clay, Bentonite, and White Clay pull oils, toxic substances, and impurities from the skin to purify, calm, and balance
Rice & Olive Oil Esters strengthen and deeply nourish the skin's moisture barrier to prevent dehydration after cleansing
Research Results
GOOD GENES LACTIC ACID TREATMENT:
100% of users said their skin looked and felt significantly smoother and more radiant, with visibly reduced lines and wrinkles
100% of users said this was the most effective skin plumping product they have ever used and would definitely recommend this product to a friend
Includes
GOOD GENES LACTIC ACID TREATMENT (0.27 oz)
CERAMIC SLIP CLEANSER (1.0 oz)
Item 2550157","GOOD GENES LACTIC: Botanical Blend [Water/Eau/Aqua, Opuntia Tuna Fruit Extract, Cypripedium Pubescens Extract, Opuntia Vulgaris Leaf Extract, Agave Tequilana Leaf Extract, Arnica Montana Flower Extract, Aloe Barbadensis Leaf Extract, Saccharomyces Cerevisiae (Yeast) Extract, Leuconostoc/Radish Root Ferment Filtrate], Caprylic/Capric Triglyceride, Squalane, Lactic Acid, PPG-12/SMDI Copolymer, Propanediol, Butylene Glycol, Stearic Acid, Dimethicone, Cetearyl Alcohol, Phenyl Trimethicone, Disiloxane, Ceteareth-20, Glyceryl Stearate, PEG-100 Stearate, Stearyl Glycyrrhetinate, Glycyrrhiza Glabra (Licorice) Root Extract, Cymbopogon Schoenanthus (Lemongrass) Oil, Potassium Hydroxide, Phenoxyethanol, Xanthan Gum, Caprylyl Glycol, Chlorphenesin, Sodium Phytate, Citral, Geraniol, Limonene.
CERAMIC SLIP: Water/Eau/Aqua, Disodium Laureth Sulfosuccinate, Octyldodecanol, Propanediol, Polyglyceryl-2 Caprate, Polyacrylate-33, Disteardimonium Hectorite, Kaolin, Montmorillonite, Olive Oil Polyglyceryl-6 Esters, Rice Oil Glycereth-8 Esters, Phenylpropanol, Sodium Cocoyl Isethionate, Caprylyl Glycol, Sodium Phytate, Xanthan Gum, Pentylene Glycol, Sodium Lauroamphoacetate, Sodium Methyl Cocoyl Taurate, Coconut Acid, Sodium Chloride, Phospholipids, Benzoic Acid, Dehydroacetic Acid, Bisabolol, Citrus Aurantium Amara (Bitter Orange) Flower Extract, Sodium Isethionate, Phenoxyethanol, Propylene Carbonate, Sodium Sulfate.","Ceramic Slip Cleanser: Massage Ceramic Slip into the skin to remove dirt, oil, pollution and makeup. Rinse with warm water.
Good Genes All-In-One Lactic Acid Treatment: Apply 1-2 pumps to clean, dry skin as a leave-on treatment. Use day or night. Can be applied on top of Luna Sleeping Night oil, and before your moisturizer. For sensitive skin, use as a mask. Apply 1-3 pumps to clean, dry skin and leave on for 15 minutes. Rinse well and pat dry.
How to do a Flash Fix Facial at home: Mix equal parts of Ceramic Slip Clay Cleanser with Good Genes All-In-One Lactic Acid Treatment. Blend together and apply to the face. Rinse with water after 10 minutes."
pimprod2051418,TAN-LUXE,Sci-Tech Sunscreen Photoadaptive Marine Body Mist SPF 50,Suncare,Sunscreen,$36.00,6.76 oz,https://media.ulta.com/i/ulta/2637916?w=100&h=100&fmt=auto,3 Reviews,"Benefits
Photoadaptive Marine Body Mist Sunscreen offers broad spectrum UVA/UVB protection. The lightweight, fast-drying, totally transparent mist hydrates and protects with a skin-like finish.
Formulated with Solar Adapt Technology, this personalized sun protection adjusts SPF levels based on UV intensity providing optimal protection throughout the day.
Sea-Screen Complex developed from shallow water algae supports skin's natural antioxidant defense.
Working to improve skin texture and reduce redness from dry skin, the moisiture mist works to decrease the risk of skin cancer and early signs of aging caused by the sun.
This sunscreen is suitable for sensitive skin and has been dermatologist-tested for safety.
Features
Provides daily hydrating broad-spectrum SPF 50 sun protection without a white cast on all skin types
Ultra-lightweight mist blends invisibly into all skin tones, leaving a soft, silky finish
Solar Adapt Technology offers tailored protection that’s dependent on exposure
Sea-screen Complex supports skin’s natural antioxidant defense
Helps to decrease the risk of skin cancer and early signs of aging caused by the sun if used as directed
Key Ingredients
Solar Adapt Technology: advanced photoadaptive UV protection
Sea Screen Complex: helps shield the skin barrier protecting sensitive skin
Vitamin C: antioxidant
Raspberry Seed Oil: helps restore skin flexibility, promote antioxidant activity, and soothes
Fruit Extract Blend: soothes redness and inflammation
Item 2637916","Active: Avobenzone 3%, Octisalate 5%, Octocrylene 6%.
Inactive: Water (Aqua), Propanediol, Caprylic/Capric Triglyceride, Methoxyphenylethenyl T-butylbenzoxate, 1,2-Hexanediol, Butyloctyl Salicylate, Hydrogenated Poly(C6-20 Olefin), Ethyl Ferulate, Laminaria Ochroleuca Extract, Isoamyl Laurate, Acrylates/C10-30 Alkyl Acrylate Crosspolymer, Dipentaerythrityl Hexacaprylate/Hexacaprate, Hydroxyacetophenone, Pentaerythrityl Tetraisostearate, Tromethamine, Buddleja Officinalis Flower Extract, Rubus Idaeus (Raspberry) Seed Oil, HDI/Trimethylol Hexyllactone Crosspolymer, Caprylyl Glycol, Carrageenan, Rhus Verniciflua Peel Wax, Eclipta Prostrata Extract, Melia Azadirachta Leaf Extract, Moringa Oleifera Seed Oil.","Shake to activate. Apply generously and evenly 15minutes before sun exposure. Re-apply every 2 hours to maintain protection, especially after perspiring, swimming or toweling. Children under 6 months of age: ask a doctor. Protect the product in this container from excessive heat and direct sun.
Precautions: Reducing this quantity will lower the level of protection significantly. Tan Luxe advises a patch test 24 hours before use. Do not apply on broken or irritated skin. Avoid contact with eyes. If reaction occurs, discontinue use/seek medical advice. Do not stay in the sun too long, even when using a protective sun care product. Overexposure to the sun is a serious health threat. Keep babies and young children out of direct sunlight. Flammable:
Avoid getting in eyes. Contents under pressure. Do not puncture or incinerate. Do not store at temperatures above 120ºF. Do not spray near heat, sparks, sources of ignition, or flames. No smoking."
pimprod2051417,TAN-LUXE,Sci-Tech Sunscreen Photoadaptive Marine Body Mist SPF 30,Suncare,Sunscreen,$36.00,6.76 oz,https://media.ulta.com/i/ulta/2637915?w=100&h=100&fmt=auto,444 Reviews,"Benefits
Photoadaptive Marine Body Mist Sunscreen offers broad spectrum UVA/UVB protection. The lightweight, fast-drying, totally transparent mist hydrates and protects with a skin-like finish.
Formulated with Solar Adapt Technology, this personalized sun protection adjusts SPF levels based on UV intensity providing optimal protection throughout the day.
Sea-Screen Complex developed from shallow water algae supports skin's natural antioxidant defense.
Working to improve skin texture and reduce redness from dry skin, the moisiture mist works to decrease the risk of skin cancer and early signs of aging caused by the sun.
This sunscreen is suitable for sensitive skin and has been dermatologist-tested for safety.
Features
Provides daily hydrating broad-spectrum SPF 30 sun protection without a white cast on all skin types
Ultra-lightweight mist blends invisibly into all skin tones, leaving a soft, silky finish
Solar Adapt Technology offers tailored protection that’s dependent on exposure
Sea-screen Complex supports skin’s natural antioxidant defense
Helps to decrease the risk of skin cancer and early signs of aging caused by the sun if used as directed
Key Ingredients
Solar Adapt Technology: advanced photoadaptive UV protection
Sea Screen Complex: helps shield the skin barrier protecting sentitive skin
Vitamin C: antioxidant
Raspberry Seed Oil: helps restore skin flexibility, promote antioxidant activity, and soothes
Fruit Extract Blend: soothes redness and inflammation
Item 2637915","Active: Avobenzone 3%, Octisalate 5%, Octocrylene 6%.
Inactive: Water (Aqua), Propanediol, Caprylic/Capric Triglyceride, Methoxyphenylethenyl T-butylbenzoxate, 1,2-Hexanediol, Butyloctyl Salicylate, Hydrogenated Poly(C6-20 Olefin), Ethyl Ferulate, Laminaria Ochroleuca Extract, Isoamyl Laurate, Acrylates/C10-30 Alkyl Acrylate Crosspolymer, Dipentaerythrityl Hexacaprylate/Hexacaprate, Hydroxyacetophenone, Pentaerythrityl Tetraisostearate, Tromethamine, Buddleja Officinalis Flower Extract, Rubus Idaeus (Raspberry) Seed Oil, HDI/Trimethylol Hexyllactone Crosspolymer, Caprylyl Glycol, Carrageenan, Rhus Verniciflua Peel Wax, Eclipta Prostrata Extract, Melia Azadirachta Leaf Extract, Moringa Oleifera Seed Oil.","Shake to activate. Apply generously and evenly 15minutes before sun exposure. Re-apply every 2 hours to maintain protection, especially after perspiring, swimming or toweling. Children under 6 months of age: ask a doctor. Protect the product in this container from excessive heat and direct sun.
Precautions: Reducing this quantity will lower the level of protection significantly. Tan-Luxe advises a patch test 24 hours before use. Do not apply on broken or irritated skin. Avoid contact with eyes. If reaction occurs, discontinue use/seek medical advice. Do not stay in the sun too long, even when using a protective sun care product. Overexposure to the sun is a serious health threat. Keep babies and young children out of direct sunlight. Flammable: Avoid getting in eyes. Contents under pressure. Do not puncture or incinerate. Do not store at temperatures above 120ºF. Do not spray near heat, sparks, sources of ignition, or flames. No smoking."
pimprod2046993,Rael,Miracle Patch Overnight Spot Cover,K-Beauty,,$12.99,52 ct,https://media.ulta.com/i/ulta/2629921?w=100&h=100&fmt=auto,"1,233 Reviews","Benefits
Safe for use on all skin types, including sensitive skin
Hydrocolloid gently absorbs excess oil and pus
Protects skin against germs, allowing blemishes to heal and flatten
Non-irritating and non-drying
Dermatologist-tested
Key Ingredients
Medical Grade Hydrocolloid: Gently extracts impurities from blemishes while creating a protective barrier against bacteria and picking
Research Results
100% felt comfortable sleeping with this patch overnight*
97% agree this is the most comfortable blemish patch
93% agree pimples are more calm and less irritated after use
*based on an independent consumer clinical study with 30 participants
Item 2629921","Hydrocolloid (Cellulose Gum, Polyisoprene, Polyisobutene).","Apply patch to cleansed skin for a minimum of 4-8 hours or until it turns white. For best results leave on overnight.
Precautions: For external use only. If rash and/or irritation occurs, stop using and see your doctor. Store at room temperature away from high humidity. Keep unused patches in the package. Keep out of reach of children."
pimprod2045930,TONYMOLY,Squishmallows Malcolms Mallow Exfoliating Strawberry Sugar Scrub,Bath & Shower,Body Scrubs & Exfoliants,$16.50,2.37 oz,https://media.ulta.com/i/ulta/2628137?w=100&h=100&fmt=auto,9 Reviews,"Benefits
This sugar scrub is loaded with antioxidant-rich ingredients like Strawberry and Mushroom Extract to help brighten, soothe and protect the skin while removing dead skin!
Key Ingredients
Strawberry Extract - Rich in Vitamin C and antioxidants which brighten and protect skin
Mushroom Extract - High in antioxidants to soothe skin
Strawberry Seeds and Sugar Granules - Gently exfoliate dead skin
Formulated Without
Sulfates
Parabens
Alcohol
Phthalates
Item 2628137","Glycerin, Sucrose, Caprylic/Capric Triglyceride, Butylene Glycol, Glycereth-26, Fragaria Chiloensis (Strawberry) Fruit Extract, Hydroxyethyl Acrylate/Sodium Acryloyldimethyl Taurate Copolymer, Glyceryl Stearate, PEG-100 Stearate, Fragaria Vesca (Strawberry) Seed, Phenoxyethanol, Corthellus Shiitake (Mushroom) Extract, Inonotus Obliquus (Mushroom) Extract, Tricholoma Matsutake Extract,Water, PEG-60 Hydrogenated Castor Oil, Ethylhexylglycerin, Fragrance, Caramel, Buteth-3, CI 17200,1,2-Hexanediol, Sodium Benzotriazolyl Butylphenol Sulfonate, Tributyl Citrate.","Apply an adequate amount onto dry face and gently massage.
Rinse off with lukewarm water.
Use once or twice a week.
TIP: For mild scrubbing, apply to damp skin."
pimprod2049166,I Dew Care,Aqua Kitten Hydrating Hyaluronic Acid Peel-Off Mask,Treatment & Serums,Face Masks,$23.00,2.7 oz,https://media.ulta.com/i/ulta/2635602?w=800&h=800&fmt=auto,140 Reviews,"Benefits
Hydrates skin without irritation
Moisturizes for healthy-looking skin
Promotes skin strength and elasticity
Prevents loss of skin hydration
Easy to use
Features
FSC Packaging
Paraben, Sulfates, and Phthalates Free
Gluten Free
For All Skin Types
Key Ingredients
Adhesive Hyaluronic Acid: hydrates multiple layers of the skin
Jeju Sea Water: reveals a healthy-looking complexion
Blue Agave Leaf Extract: promotes skin strength, resilience and elasticity
Squalane: locks in hydration and prevents moisture loss
Item 2635602","Water, Polyvinyl Alcohol, Alcohol Denat., Methylgluceth-20, Dipropylene Glycol, 1,2-Hexanediol, Bentonite, Xanthan Gum, Hydroxypropyl Methylcellulose, C12-14 Pareth-12, Mica, Calcium Titanium Borosilicate, Calcium Aluminum Borosilicate, Ethylhexylglycerin, Sodium Phytate, Silica, Tin Oxide, Hydroxypropyltrimonium Hyaluronate, Squalane, Sea Water, Tocopherol, Butylene Glycol, Agave Tequilana Leaf Extract, Titanium Dioxide (CI 77891), Ferric Ferrocyanide (CI 77510), Fragrance.","Apply a generous, even layer to clean skin, avoiding eyebrows and hairline.
After 20-30 minutes or once the mask is dry, gently peel off starting from the edges.
Cleanse with lukewarm water after removing the mask to remove any remaining particles.
Recommended to use two times per week on the whole face.
Precautions: For external use only. Do not ingest. Avoid contact with eyes and mouth. Stop using immediately if irritation occurs keep out of reach of children."
pimprod2048543,Oak Essentials,Nightly Retinol Serum,Treatment & Serums,Face Serums,$92.00,1 oz,https://media.ulta.com/i/ulta/2631911?w=100&h=100&fmt=auto,106 Reviews,"Key Ingredients
Retinyl Linoleate : a gentle form of retinol, it effectively helps stimulate collagen, resurface skin, increase cell turnover, and treat congestion. It targets the appearance of fine lines, wrinkles, uneven tone, texture, and dull skin without irritation or downtime.
Squalane: a powerhouse ingredient, naturally derived from plant sugars, helps prevent moisture loss for bouncy, hydrated skin to unveil a glowing complexion.
Avocado Fruit Extract: A natural emollient packed with vitamins and minerals to nourish and soothe skin while locking in hydration.
Formulated Without
Made simply and without compromise, their skincare formulas are non-GMO and organic whenever possible, and always formulated without silicones, colorants, sulfates, phthalates, parabens, PEGs, petrolatum, mineral oil, and nanoparticles
Item 2631911","Aqua (Water, Eau), Propanediol, Caprylic/Capric Triglyceride, Glycerin, Squalane, Sodium Acrylate/Sodium Acryloyldimethyl Taurate Copolymer, C15-19 Alkane, Retinyl Linoleate, Oryza Sativa (Rice) Bran Extract, Linoleic Acid, Persea Gratissima (Avocado) Fruit Extract, Rosmarinus Officinalis (Rosemary) Leaf Extract, Phospholipids, Phytosterols, Sodium Hyaluronate, Magnolia Officinalis Bark Extract, Helianthus Annuus (Sunflower) Extract, Sorbitan Oleate, Polyglyceryl-6 Laurate, Acacia Senegal Gum, Sodium Citrate, Hydroxyacetophenone, Polyglycerin-6, Tetrasodium Glutamate Diacetate, Xanthan Gum, Maltodextrin, Phenoxyethanol, Sorbitan Isostearate, Tocopherol.","Use PM daily. Apply a dime-size amount to clean, dry skin, avoiding the eye area. Let the serum soak in, then follow with Ritual Oil and Moisture Rich Balm to lock in moisture. Apply SPF in the morning.
TIP: Apply to the décolleté and neck to help smooth the appearance of fine lines and wrinkles. Apply SPF in the morning.
Warning: For external use only. Keep out of reach of children. Avoid contact with eyes. If contact occurs, rinse well with water immediately. Discontinue use if irritation occurs. If pregnant or nursing, consult your doctor before use. Do not store at elevated temperatures."
pimprod2030789,ROSEN,Bright Citrus Serum for Dark Spots,Treatment & Serums,Face Serums,$20.00,1.0 oz,https://media.ulta.com/i/ulta/2592178?w=100&h=100&fmt=auto,24 Reviews,"Benefits
Vitamin C and Mulberry Extract help prevent dark spots
High antioxidant levels
Vitamin C helps fight minor breakouts
Helps brighten skin
Best for moderate dark spots and minor breakouts
Features
Airless pump for an extended Vitamin C shelf life
No added scent / fragrance
Black Owned
US Manufactured
Female Owned
Key Ingredients
Vitamin C: full of antioxidant benefits and can help prevent new dark spot from forming
Mulberry Extract: can help prevent new dark spots from forming with tyrosinase inhibition properties
Item 2592178","Water (Aqua), Vitamin C (Ascorbic Acid), Mulberry Root (Morus Nigra Leaf) Extract, Glycerin, Arborcide (Leuconostoc Ferment Filtrate), Sodium Citrate (Trisodium Citrate), Xanthan Gum.",Appy 1-2 pumps of the serum before or with a moisturizer every morning. Best results for dark spots when used with exfoliants.
pimprod2037918,,,,,,,,,,,
pimprod2038331,Estée Lauder,Nutritious Airy Lotion Moisturizer,Moisturizers,Face Moisturizer,$39.00,3.4 oz,https://media.ulta.com/i/ulta/2607435?w=100&h=100&fmt=auto,12 Reviews,"Benefits
If your skin is grumpy, dull and irritable, this collection is what you need. Ingeniously calibrated, nutrient-rich formulas feature naturally derived ingredients. Skincare that will help skin flourish and flaunt its natural vibrancy. It's as simple as that.
Airy Lotion energizes with lightweight, delicate moisture. Re-balances. Refreshes. Renews. Skin looks healthier. Feels blissful. Overflows with vitality.
Hydrates and nourishes skin
Refines texture and minimizes the look of pores
Reduces the look of post-acne marks
Helps prevent redness
Non-pore clogging (non-acnegenic). Suitable for acne-prone, sensitive-prone, grumpy skin.
EWG Verified
Skin-loving. Future-loving. Nutrient-rich, 92% naturally derived formula*. Designed with packaging sustainability.
*Per ISO Standard 16128. From plant sources, non-petroleum mineral sources, and/or water.
CLINICALLY PROVEN: After 1 application:
Barrier is strengthened*
Skin's texture looks refined**
Moisture is boosted*
Radiance is boosted**
Helps prevent redness***
After 10 days: Post-acne marks look reduced****
Overtime*****: Oiliness looks reduced by -33%
Pores look minimized by -29%
*Clinical testing on 33 women immediately after a single product application.
**Clinical testing on 30 women after a single product application.
***After pre-treatment period; clinical testing on 29 people measured for 2.5 hours, versus untreated control.
****Clinical testing on 30 women after using product for 10 days.
*****Clinical testing on 30 women after using product for 8 weeks.
EWG Verified: Nutritious collection is EWG VERIFIED by Environmental Working Group (EWG), a third-party non-profit organization. This verification means that Estée Lauder's formulas meet some of the strictest formulation standards, transparency requirements, and we use good manufacturing processes.
Key Ingredients
92% naturally derived formula.*
Infused with Estée Lauder's Nutri-9 Complex, which includes:
Sweet Kelp to help fight oiliness and minimize the appearance of pores (responsibly sourced)
Red Algae Ferment to soothe and reduce visible redness (responsibly sourced)
Coconut Water Ferment to hydrate and nourish (our proprietary ferment)
Formulated Without
Parabens
Phthalates
Sulfite
Sulfates
Triclosan
Triclocarbon
Formaldehyde and donors
Silicones
Drying alcohol
Mineral oil
Paraffin
Petrolatum
Synthetic fragrance or color
Item 2607435","Water\Aqua\Eau, Coco-Caprylate/Caprate, Propylene Glycol Dicaprylate/Dicaprate, Propanediol, Glycerin, Niacinamide, Polyglyceryl-3 Methylglucose Distearate, Butylene Glycol, Laminaria Saccharina Extract, Porphyridium Cruentum Extract, Lactobacillus Ferment, Hydrolyzed Rice Extract, Punica Granatum (Pomegranate) Extract, Zinc Pca, Dipotassium Glycyrrhizate, Camellia Sinensis (Green Tea) Leaf Extract, Sodium Hyaluronate, Caffeine, Narcissus Tazetta Bulb Extract, Cucumis Sativus (Cucumber) Fruit Extract, Helianthus Annuus (Sunflower) Seed Extract, Hordeum Vulgare Extract\Extrait D'Orge, Sucrose (Organic Brown Sugar), Tocopheryl Acetate, Sodium Phytate, Citric Acid, Propylene Glycol Dicaprate, Caprylyl Glycol, Dicaprylyl Carbonate, Hexylene Glycol, Hydrogenated Lecithin, Potassium Cetyl Phosphate, Glyceryl Stearate, Sodium Hydroxide, Sodium Benzoate, Acrylates/C10-30 Alkyl Acrylate Crosspolymer, Ammonium Acryloyldimethyltaurate/Vp Copolymer, Phenoxyethanol. ILN99154.","Show your skin some love AM and PM:
Start fresh with 2-in-1 Foam Cleanser.
Apply Radiant Essence Lotion. Follow the essence with a serum if you choose.
Hydrate with Airy Lotion."
pimprod2027530,INDIE LEE,Brightening Cream,Moisturizers,Face Moisturizer,$42.00,1.7 oz,https://media.ulta.com/i/ulta/2586077?w=100&h=100&fmt=auto,267 Reviews,"Benefits
Radiance-enhancing
Boosts moisture retention
Helps reduce the appearance of fine lines
Key Ingredients
Strawberry Leaf extract provides brightening benefits
Squalane boosts moisture retention and helps reduce the appearance of fine lines
Sodium Hyaluronate locks in moisture for plump looking skin
Features
Leaping Bunny Certified, cruelty-free, and printed on FSC certified paper
Always formulated without 1,300+ banned ingredients, including: Parabens, Mineral Oil, Sulfate-based detergents, Synthetic Fragrance, Petroleum-based ingredients, Phthalates, Phenoxyethanol, Formaldehyde and GMO ingredients
Vegan
Great for all skin types
Item 2586077","Water (Aqua), Caprylic/Capric Triglyceride, Propanediol, Carthamus Tinctorius (Safflower) Seed Oil, Aloe Barbadensis Leaf Juice, C15-19 Alkane, Cetearyl Alcohol, Squalane (Olive), Euphorbia Cerifera (Candelilla) Wax, Cetearyl Olivate, Mangifera Indica (Mango) Seed Butter, Glycerin, Cetearyl Glucoside, Silica, Sorbitan Olivate, Glyceryl Undecylenate, Centella Asiatica Leaf Extract, Fragaria Ananassa (Strawberry) Leaf Extract, Tocopherol, Xylitylglucoside, Anhydroxylitol, Xanthan Gum, Xylitol, Sodium Hyaluronate, Benzyl Alcohol, Pentylene Glycol, Phenethyl Alcohol, Citric Acid.","Apply 1-2 pumps to freshly cleansed skin, morning and evening. For maximum glow, use with Brightening Cleanser and Resurfacing Mask.
Precautions: For external use only."
pimprod2046983,Rael,Hydration Facial Sheet Mask,Treatment & Serums,Sheet Masks,$15.99,5 ct,https://media.ulta.com/i/ulta/2629913?w=100&h=100&fmt=auto,124 Reviews,"Benefits
Safe for use on all skin types, including sensitive skin
Moisturizes and brightens dry skin
Fragrance-free, non-irritating, and non-drying
Features
Ultra-soft bamboo sheet masks are infused with almost an ounce of serum
Provides skin with an instant hydration boost
Formulated to soothe, brighten, and moisturize skin
Ideal to wear during menstrual phase when skin feels dry
Key Ingredients
Pineapple Extract: Calms skin and promotes softness
Rose Extract: Helps to soothe irritation and leaves skin feeling plump
Orange Fruit Extract: A potent antioxidant that clarifies skin and reduces redness
Item 2629913","Water (Aqua), Glycerin, Glycereth-26, Sodium Hyaluronate, Niacinamide, 1,2-Hexanediol, Carbomer, Arginine, Hydroxyethyl Urea, Xanthan Gum, Betaine, Trehalose, Allantoin, Panthenol, Polysorbate 80, Caprylyl Glycol, Ethylhexylglycerin, Adenosine, Butylene Glycol, Beta-Glucan, Rosa Damascena Flower Water, Portulaca Oleracea Extract, Ananas Sativus (Pineapple) Fruit Extract, Citrus Aurantium Dulcis (Orange) Fruit Extract, Citrus Paradisi (Grapefruit) Fruit Extract, Citrus Aurantium Bergamia (Bergamot) Fruit Oil, Limonene, Linalool.","Wear sheet mask on cleansed face for 10-20 minutes.
Precautions: For external use only. Avoid contact with eyes. Keep out of reach of children. If adverse reaction occurs, stop use and contact you physician immediately."
pimprod2023638,Urban Veda,Rose & Jasmine Reviving Facial Wash - Anti-aging,Cleansers,Face Wash,$20.00,5.0 oz,https://media.ulta.com/i/ulta/2580866?w=100&h=100&fmt=auto,28 Reviews,"Benefits
Pro aging
Moisturizing
Repairing
Cleansing
All Urban Veda products are made with Ayurvedic herbs, flowers and fruits combined with clinically proven actives and antioxidants to help maintain skin's natural state of balance and homeostasis
Key Ingredients
Organic Rosehip: Contains carotenoids, which aid skin-cell turnover. Also supports acne-prone skin
Jasmine: Reduces the appearance of scars
Evening Primrose: Highly moisturising and nourishes the skin
Rose Geranium: Soothes dry skin and helps to decongest clogged pores
Formulated Without
SLS/SLES
Parabens
Silicones
Mineral Oil/paraffinum liquidum
Animal derivatives
Artificial colors
Propylene glycol
MEA/DEA/TEA
EDTA
Microbeads
PEGs
Item 2580866","Aqua (Water), Cocamidopropyl Betaine, Lauryl Glucoside, Rosa Damascena (Rose Damask) Flower Water**, Disodium Laureth Sulfosuccinate, Sodium Chloride, Punica Granatum (Pomegranate) Fruit Extract**, Oenothera Biennis (Evening Primrose) Seed Extract, Terminalia Arjuna Bark Extract, Jasminum Officinale (Jasmine) Flower Extract, Borago Officinalis (Borage) Seed Oil, Pelargonium Graveolens (Rose Geranium) Flower Oil, Rosa Damascena (Rose Damask) Flower Oil, Eugenia Caryophyllus (Clove) Bud Oil, Glycerin (vegetal), Glyceryl Laurate, Glyceryl Oleate, Hydroxypropyl Guar Hydroxypropyltrimonium Chloride, Coco-Glucoside, Citric Acid, Sorbic Acid, Potassium Sorbate, Sodium Benzoate, Isostearamide MIPA, Acrylates Copolymer, Sodium Hydroxide, Tetrasodium Glutamate Diacetate, Parfum, Citronellol*, Eugenol*, Geraniol*
*Naturally occurring in essential oils, **Organic","Apply daily to wet face, massage using gentle circular movements and rinse with cold water to tighten pores."
pimprod2029216,Buttah Skin,Tinted Mineral Sunscreen SPF 30,Suncare,Sunscreen,$26.00,2.0 oz,https://media.ulta.com/i/ulta/2590116?w=100&h=100&fmt=auto,16 Reviews,"Benefits
Zinc Oxide 6% - protects against sun damage.
Titanium Dioxide 2.5% - protects against UVA and UVB rays; gentle for use on face and around eyes.
Mineral Formula - specially created to act as a barrier to protect the skin and deflect light.
Item 2590116","Water, Caprylic/Capric Triglyceride, Cyclopentasiloxane, Propanediol, Dimethicone, Glycerin, C12-15 Alkyl Benzoate, Peg-100 Stearate, Glyceryl Stearate, Cetyl Alcohol, Hydroxyethyl Acrylate/Sodium Acryloyldimethyl Taurate Copolymer, Glyceryl Caprylate, Cyclohexasiloxane, Sucrose Cocoate, Citric Acid, Sodium Citrate, Sodium Pca, Glyceryl Isostearate, Alumina, Caprylyl Methicone, Polyhydroxystearic Acid, Triethoxysilylethyl Polydimethylsiloxyethyl Hexyl Dimethicone, Lauryl Peg-9 Polydimethylsiloxyethyl Dimethicone, Chlorphenesin, Iron Oxides, Allantoin, Xantham Gum, Camellia Oleifera Leaf Extract, Chamomilla Recutita (Matricaria) Flower Extract, Glyceryl Undecylenate, Panthenol, Phytic Acid, Sodium Hyaluronate.","Apply liberally and evenly 15 minutes before sun exposure. Reapply at least every two hours. Use with a water-resistant sunscreen if swimming or sweating. Sun Protection Measures: Spending time in the sun increases your risk of skin cancer and early skin aging. To decrease this risk, regularly use a sunscreen with a broad-spectrum SPF of 15 or higher and other sun protection measures.
Precautions: Avoid contact with eyes. If irritation develops and persists, discontinue use. Children under 6 months: Ask a doctor."
pimprod2042729,Urban Veda,Omega-Rich Oat Lipids - Ceramide Booster,Treatment & Serums,Face Serums,$30.00,0.5 oz,https://media.ulta.com/i/ulta/2620788?w=100&h=100&fmt=auto,9 Reviews,"Benefits
Clinically proven to soothe inflammation
Natural Phospholipids
Formulated Without
SLS/SLES
PEGs
Item 2620788","Avena sativa (Oat) Kernel Oil*, Tocopherol (Vitamin E)*, Beta-Sitosterol (Plant Sterol)*, Squalene*.
*100% Certified Natural Origin Ingredients","To get the most from your oil booster, use in conjunction with facial yoga exercises as part of your skincare regime. This booster oil can be used alone, directly applied to the skin for a potent, nourishing effect or blended into your favorite day/night moisturizer to create your own customized microemulsion.
Our favorite way to use the Oat Lipids Oil Booster is alongside our Calm & Restore Sandalwood + Aloe Vera Soothing Day Cream. Just add 2 drops into your daily dose for an amplified skin-nourishing experience."
pimprod2026729,Beekman 1802,Pure Goat Milk Lip Balm,Lips,Lip Balms & Treatments,$10.00,0.1 oz,https://media.ulta.com/i/ulta/2585206?w=100&h=100&fmt=auto,474 Reviews,"Benefits
A clear swipe of creamy comfort. Your everyday lip refresher, for luscious, breathable lips
Goat milk and shea butter deliver deep, ultra-hydrating moisture for dry or chapped lips
Feels amazing and visibly improves the condition of lips
Formulated Without
Fragrance
Mineral Oil
Key Ingredients
Goat Milk: has the same pH as human skin and is also high in lactic acid, a gentle exfoliator that refines skin texture and is rich is fatty acids to deep condition skin. Ideal for those with sensitive or dry skin.
Sunflower Seed Oil, Coconut Oil, and Vitamin E deliver a healthy dose of antioxidants to deeply nourish and hydrate skin.
Item 2585206","Helianthus Annuus (Sunflower) Seed Oil*, Cera Alba (Beeswax)*, Cocos Nucifera (Coconut) Oil*, Butyrospermum Parkii (Shea Butter) Fruit*, Caprae Lac (Goat Milk), Avena Sativa (Oat) Kernel Flour, Tocopherol (Vitamin E).*Certified Organic.",Apply to lips as needed.
pimprod2049958,Isntree,Hyaluronic Acid Moist Cream,K-Beauty,,$22.20,3.38 oz,https://media.ulta.com/i/ulta/2636333?w=100&h=100&fmt=auto,2 Reviews,"Benefits
Triple-Layer Hydration: A combination of small, medium, and large molecular sizes of hyaluronic acid deeply hydrate the skin, layer by layer.
Fast-Absorbing: This lightweight cream absorbs quickly without feeling heavy.
Hypoallergenic: Dermatologically tested for skin irritation, suitable for all skin types including sensitive skin.
Fragrance-Free: No fragrance, perfect for sensitive skin.
Features
Multi-Molecular Hyaluronic Acid: A blend of 10 hyaluronic acid types with different molecular sizes deeply hydrates and locks in moisture.
Nourishing Vegetable Oils: Helps replenish dry skin with essential nutrients while creating a protective moisture barrier.
Soothing Botanical Extracts: Includes camellia sinensis leaf water and other calming plant ingredients to support a healthy skin barrier.
Key Ingredients
10 Types of Hyaluronic Acid: The organic, ethanol-free formula features 10 types of hyaluronic acid that provide rich moisture, deeply hydrating the skin for long-lasting hydration.
Argan Kernel Oil: Revitalizes and nourishes the skin.
Safflower Seed Oil: Helps condition and improve skin texture.
Apricot Kernel Oil: Provides lasting moisture and enhances skin softness.
Beta-Glucan & Cerminde NP: These natural moisturizing factors help strengthen the skin’s barrier, providing improved hydration and enhanced protection.
Item 2636333","Water, Glycerin, Hydrogenated Polydecene, Caprylic/Capric Triglyceride, Dipropylene Glycol, Cyclopentasiloxane, Butyrospermum Parkii (Shea) Butter, Polyglyceryl-3 Methylglucose Distearate, Cetyl Alcohol, Glycereth-26, Glyceryl Stearate, Betaine, Benhenyl Alcohol, Vinyl Dimethicone, Pentylene Glycol, Laminaria Japonica Extract, Eclipta Prostrata Leaf Extract, Avena Sativa (Oat) KErnel Extract, Cynara Scolymus (Artichoke) Leaf Extract, Prunus Armeniaca (Apricot) Kernel Oil, Argania Spinosa Kernel Oil, Carthamus Tinctorius (Safflower) Seed Oil, Sodium Hyaluronate, Hydrogenated Lecithin, Camellia Sinensis Leaf Water, Polyglyceryl-10 Laurate, 1,2-Hexanediol, Pentaerythrityl Distearate, Ammonium Acryloyldimethyltaurate/VP Copolymer, Hydroxyaceptophenone, Glyceryl Caprylate, Sodium Stearoyl Glutamate, Ethylhexylglycerin, Methylpropanediol, Fructooligosaccharides, Disodium EDTA, Beta-Glucan, Hydrolyzed Hyaluronic Acid, Polyquaternium-51, Butylene Glycol, Hydroxypropyltrimonium Hyaluronate, Dimethylsilanol Hyaluronate, Hydrolyzed Sodium Hyaluronate, Tocopherol, Potassium Hyaluronate, Hyaluronic Acid, Sodium Hyaluronate Crosspolymer, Sodium Acetylated Hyaluronate, Sodium Hyaluronate Dimethylsilanol.","At the final step of your skincare routine, take an appropriate amount of cream and gently apply evenly across your face for absorption."
pimprod2045908,The Crème Shop,Hello Kitty Spa Plush Headband - Red Gingham,K-Beauty,,$6.00,1 ct,https://media.ulta.com/i/ulta/2629313?w=800&h=800&fmt=auto,2 Reviews,"Benefits
Wash your face without washing your hair
Features
Gingham Bow
Item 2629313",,"Wash gently by hand with warm water and soap. Air dry only. Should be washed frequently.
Precautions: For external use only."
pimprod2009191,Banila Co,Clean It Zero Foam Cleanser,Cleansers,Face Wash,$14.00,5.0 oz,https://media.ulta.com/i/ulta/2556099?w=100&h=100&fmt=auto,343 Reviews,"Benefits
ZERO BALANCE TECHNOLOGY: A proprietary blend of actives that effectively cleanses skin deeply without disturbing the skin's natural moisture balance
Formulated with Active botanicals, Hot Springs Water, Vitamin E and Vitamin C for a healthy complexion
Dermatologist Tested
Formulated Without
Parabens
Sulfates
Phthalates
Mineral Oil
Alcohol
Item 2556099","Water, Glycerin, Myristic Acid, Potassium Hydroxide, Lauric Acid, Laureth-7, Palmitic Acid, Glycol Distearate, Glycol stearate, PEG-8, Sodium Methyl Stearoyl Taurate, Sorbitan Olivate, Butylene Glycol, Panax Notoginseng Root Extract, Fragrance, Tocopheryl Acetate, Disodium EDTA, Hydroxyethylcellulose, Malpighia Glabra (Acerola) Fruit Extract, Aspalathus Linearis Leaf Extract, CI 14700.","Wet face and apply cleanser with fingertips, massaging gently and avoiding contact with the eye area. Rinse thoroughly with lukewarm water. Pat skin dry. Follow-up with moisturizer.
Precautions: Keep out of reach of children. Do not use in eye area."
pimprod2032181,fresh,Rose Deep Hydration Sleeping Mask,Treatment & Serums,Face Masks,$30.00,1.0 oz,https://media.ulta.com/i/ulta/2596769?w=100&h=100&fmt=auto,"2,943 Reviews","Benefits
This next-level sleeping mask is proven to give you plump, smooth skin after one night
Step 1: Instantly replenish moisture with a cooling gel essence powered by rosewater, damask rose extract, and hyaluronic acid
Step 2: Lock it in with a silky water-cream mask that uses time-release technology
Proven to lock in hydration for 24 hours*
After one night:
100% saw their skin was supple, dewy, and smooth**
Proven to prevent water loss*
Proven to increase deep hydration***
100% noticed the look of a full night's rest (aka not tired)****
*instrumental test, 10 subjects
**self-assessment, 60 subjects, 4 weeks
***instrumental test, 12 subjects
****self-assessment, 60 subjects during 1 month
Key Ingredients
Rosewater helps comfort the skin
Damask rose extract hydrates, smoothes, and helps strengthen the skin's barrier
Hyaluronic acid enhances suppleness with a plumping effect
Time-release technology forms a moisturizing veil that traps moisture and delivers continuous hydration
Evening primrose root extract locks in hydration
Item 2596769","Cooling Gel Mask: Aqua (water), Rosa Damascena Flower Water, Glycerin, Pentylene Glycol, Polyglyceryl-10 Laurate, Rosa Damascena Flower Extract, Rosa Damascena Flower Oil, Cucumis Sativus (cucumber) Fruit Extract, Sodium Hyaluronate, Carbomer, Sodium Hydroxide, Menthoxypropanediol, Citric Acid, Caramel, 1,2-hexanediol, Caprylyl Glycol, Chlorphenesin, Sodium Benzoate, Potassium Sorbate, Citronellol, Geraniol.
water Cream Mask: Aqua (water), Glycerin, Dicaprylyl Carbonate, Propanediol, Ammonium Acryloyldimethyltaurate/vp Copolymer, Dimethicone, Rosa Damascena Flower Oil, Cucumis Sativus (cucumber) Fruit Extract, Tocopheryl Acetate, Tocopherol, Dimethicone/vinyl Dimethicone Crosspolymer, Caprylyl Glycol, Hydroxyethyl Acrylate/sodium Acryloyldimethyl Taurate Copolymer, Squalane, Butylene Glycol, Pentylene Glycol, Hydroxylated Lecithin, Trehalose, Urea, Polysorbate 60, Algin, Serine, Caramel, Betaine, Inositol, Taurine, Sorbitan Isostearate, Acacia Senegal Gum, Glyceryl Polyacrylate, Pullulan, Sodium Hyaluronate, Disodium Phosphate, Potassium Phosphate, Chlorphenesin, Citronellol, Geraniol.","After cleansing, apply the amber-colored gel essence (1) to your face and let it absorb. Immediately follow with the silky water-cream mask (2). Leave on overnight. Can be used nightly as the last step in your skincare routine."
pimprod2046001,Indeed Labs,Snoxin II Under Eye Patches,Eye Treatments,Eye Masks,$19.99,30 ct,https://media.ulta.com/i/ulta/2629443?w=100&h=100&fmt=auto,71 Reviews,"Benefits
Biodegradable hydrogel patches
Key Ingredients
Acetyl hexapeptide-8: gives a smoothing effect by reducing the look of fine lines
Niacinamide & Soothing Plant Extracts: help to depuff and brighten, giving a refreshed appearance
Item 2629443","Water (Aqua/Eau), Glycerin, Butylene Glycol, Hydroxyacetophenone, 1,2-Hexanediol, Peg/Ppg-17/6 Copolymer, Trehalose, Betaine, Hydroxyethylcellulose, Sodium Hyaluronate, Propanediol, Aloe Barbadensis Leaf Extract, Andrographis Paniculata Extract, Anemarrhena Asphodeloides Root Extract, Arctium Lappa Seed Extract, Centella Asiatica Extract, Forsythia Suspensa Fruit Extract, Glycyrrhiza Uralensis (Licorice) Root Extract, Lonicera Japonica (Honeysuckle) Flower Extract, Nelumbo Nucifera Seed Extract, Propolis Extract, Niacinamide, Retinol, Collagen, Argireline(Acetyl Hexapeptide-8), Euglena Gracilis Polysaccharide, Hydrolyzed Collagen.","Place 1 pair of patches onto clean, dry under-eye area for 10 minutes, or more. Discard after use and massage remaining serum into skin.
Warning: For external use only. Avoid contact with eyes. If product gets into eyes, immediately rinse well with water. If irritation occurs, discontinue use."
pimprod2028052,Drunk Elephant,Pekee Face Cleansing Bar,Cleansers,Face Wash,$28.00,4.0 oz,https://media.ulta.com/i/ulta/2588464?w=100&h=100&fmt=auto,211 Reviews,"Benefits
Infused with blueberry extract, marula oil, and honey
Cleanses and calms without drying or stripping skin of its protective barrier
Promotes moisture retention
Leaves skin feeling firmer and more elastic
Formulated without harsh surfactants (like SLS, i.e. sodium lauryl sulfate)
Formulated at a skin-friendly, non-stripping pH of 6.5
Dermatologist Tested
Key Ingredients
Blueberry Extract: A potent antioxidant with soothing and antiglycation properties
Virgin Marula Oil: A super-absorbable oil - high in critical antioxidants and omega-6 and-9 - that nourishes and visibly rejuvenates the skin
Honey: Has antioxidant properties and soothes and nourishes the skin
Formulated Without
Made without the Suspicious 6 - the six ingredients Drunk Elephant believes are at the root of almost every skin issue (Essential oils, Silicones, Chemical sunscreens, SLS, Fragrances + dyes, and Drying alcohols)
Item 2588464","Sodium Coco-Sulfate, Disodium Lauryl Sulfosuccinate, Triticum Vulgare (Wheat) Starch, Cetearyl Alcohol, Paraffin, Sclerocarya Birrea Seed Oil, Water/Aqua/Eau, Titanium Dioxide (CI 77891), Honey/Mel/Miel, Glycerin, Vaccinium Angustifolium (Blueberry) Fruit Extract.","Wet Pekee Bar and lather until creamy. With your hands, massage over face, neck, and chest. Rinse well withwarm water and pat dry. Use morning or night. Avoid direct contact with eyes."
pimprod2037904,Peace Out,Dark Spots Supercharged Brightening Serum,Treatment & Serums,Acne & Blemish Treatments,$29.00,1.0 oz,https://media.ulta.com/i/ulta/2607965?w=100&h=100&fmt=auto,42 Reviews,"Benefits
Loaded with a potent blend of 2.5% Tranexamic Acid and 10% AHAs, this fragrance-free brightening solution refines skin's surface by revealing fresh skin cells, while brightening boosters, Kojic Acid & Alpha Arbutin, target dark spots at the source for both visible improvement AND long term payoff
91% of participants said this product improves the appearance of dark spots after 2 weeks
91% of participants said the product did not leave their skin feeling sensitive or irritated after 2 weeks
91% of participants said their dark spot(s) appear lighter in color where the product was applied after 6 weeks
Key Ingredients
2.5% TRANEXAMIC ACID - An amino acid derivative that helps minimize the appearance of dark spots
10% AHA Blend - helps improve the appearance of uneven skin tone and texture
0.5% Kojic Acid & 2.5% Alpha-Arbutin - provide brightening benefits to visibly minimize the look of discolorations
Formulated Without
Parabens
Gluten
Aminomethyl
Artificial Colorant & Flavors
BPA(Bisphenol A)
Formaldehydes
Synthetic Fragrance (>1%)
Item 2607965","Water/Aqua/Eau, Propanediol, Lactic Acid, Diglycerin, Squalane, Triheptanoin, Mandelic Acid, Tranexamic Acid, Alpha-Arbutin, Glycolic Acid, Sodium Hydroxide, Silica, Coco-Caprylate/Caprate, Sodium Polyacryloyldimethyl Taurate, Niacinamide, Sodium PCA, Kojic Acid, Bakuchiol, Nonapeptide-1, Oligopeptide-34, Camellia Sinensis (Green Tea) Leaf Extract, Glycerin, Caprylyl Glycol, Cetearyl Olivate, Sorbitan Olivate, Dilinoleic Acid/Butanediol Copolymer, Trisodium Ethylenediamine Disuccinate, Castor Oil/IPDI Copolymer, Sodium Carbonate, Ethylhexylglycerin.","Morning and night, after cleansing, massage one to two pumps onto dry face and neck, avoiding the eye area.
Follow with Peace Out's Repairing Moisturizer and SPF (sold separately) in the morning.
Sensitive skin? Reduce use to once daily until the skin adjusts."
pimprod2032665,kaia naturals,The Detox Starter Kit for Excess Odor,Treatment & Serums,Body Treatments,$24.00,,https://media.ulta.com/i/ulta/2609981?w=100&h=100&fmt=auto,13 Reviews,"Benefits
The takesumi detox two-step method is for natural deodorant users who struggle with excess odor
For natural deodorant success and maximum odor-protection
In the best-selling sakura blossom deodorant scent (lively - spring - blossom): the air fills with a sweet, elegant aroma as the airy pink blossoms bloom and float delicately off the trees
If you are switching from antiperspirant to natural deodorant, there will be a transition period (The Stages of Detox)
Key Ingredients
Activated charcoal acts like a magnet to unclog pores and draw out impurities
Potent fermentation extract controls odor
Certified natural essential oil fragrance blend, no hidden toxins
Includes
Step 1: the underarm bar (2.4 oz)
Step 2: the charcoal deodorant sakura blossom (0.42 oz)
Item 2609981","the underarm bar: Sodium Palmate*, Sodium Cocoate and/or Palm Kernelate, Water (Aqua), Glycerin, Sodium Chloride, Coconut Acid, Charcoal Powder, Methyl Salicylate, Mentha Viridis (Spearmint) Leaf Oil, Menthol, Rosmarinus Officinalis (Rosemary) Leaf Oil, Sodium Gluconate, Cocos Nucifera (Coconut) Oil, Vinegar, Butyrospermum Parkii (Shea) Butter, Citric Acid
*derived from sustainable palm oil
the charcoal deodorant (sakura blossom): Glycerin, Aqua, Maranta Arundinacea Root (Arrowroot) Powder, Propanediol, Sodium Stearate, Hydrated Silica, Saccharomyces Ferment Filtrate, Aloe Barbadensis Leaf Juice, Maltodextrin, Allantoin, Salicylic Acid, Sorbic Acid, Charcoal, Magnesium Hydroxide, Benzyl Alcohol, Potassium Sorbate, Sodium Benzoate, Lavandula Hybrida (Lavandin) Oil, Evernia Prunastri (Oakmoss) Extract, Thuja Occidentalis Leaf.","For maximum odor protection, follow the takesumi detox two-step method:
STEP 1: the underarm bar:
Lather bar and massage into each underarm in a circular motion for 30 seconds.
If you have body hair, ensure the lather reaches the surface of the skin.
STEP 2: the charcoal deodorant:
Follow with a generous application of charcoal deodorant.
If you are switching from antiperspirant to natural deodorant, there will be a transition period (see The Stages of Detox)
For external use only. Discontinue use if irritation develops or persists. Do not use on broken skin."
pimprod2049498,Solawave,LightBoost Eye Cream,Eye Treatments,Eye Cream,$44.00,0.5 oz,https://media.ulta.com/i/ulta/2636715?w=100&h=100&fmt=auto,1 Review,"Benefits
Boosts the effects of light therapy
Reduces the appearance of dark circles, eye bags, and drooping lids
Smooths fine lines, wrinkles, crow’s feet, and expression lines
Visibly strengthens, firms, and lifts
Fragrance-free
Vegan
Cruelty-free
Non-comedogenic
Dermatologist-tested
Made without gluten
Made in the USA
Key Ingredients
LightBoost Tech: Shown to boost the effects of light therapy and further reduce the visible signs of aging
Caffeine: Helps reduce the appearance of dark circles and eye bags
Growth Factors: Enhances the look of firm, resilient skin
Vegan Collagen: Hydrates, smooths, and helps provide a lifted look
Multi Peptides: Helps skin look smoother and firmer
Item 2636715","Water (Aqua), Coco-Caprylate/Caprate, Caprylic/Capric Triglyceride, Glycerin, Isopentyldiol, Cetearyl Alcohol, Betaine, Behenyl Alcohol, 1,2-Hexanediol, Caffeine, Ceramide NP, Acetyl Hexapeptide-8, Acetyl Tetrapeptide-5, Chlorella Sorokiniana Extract, Sh-Polypeptide-121, Sh-Oligopeptide-1, Sh-Oligopeptide-2, Sh-Polypeptide-1, Sh-Polypeptide-11, Sh-Polypeptide-9, Pentapeptide-4, Lindera Strychnifolia Root Extract, Ceramide NS, Ceramide AS, Ceramide AP, Phytosterols, Ubiquinone, Coffea Arabica (Coffee) Seed Extract, Ceramide EOP, Allantoin, Sodium Hyaluronate, Squalane, Lactobacillus/Kelp Ferment Filtrate, Butyrospermum Parkii (Shea) Butter, Macadamia Ternifolia Seed Oil, Avena Sativa (Oat) Kernel Oil, Brassica Campestris (Rapeseed) Seed Oil, Cholesterol, Arginine, Bacillus/Folic Acid Ferment Filtrate Extract, Porphyridium Polysaccharide, Fucoxanthin, Astaxanthin, Glyceryl Behenate, Hydroxyethyl Acrylate/Sodium Acryloyldimethyl Taurate Copolymer, Stearyl Alcohol, Glyceryl Stearate, Hydroxyacetophenone, 2,3-Butanediol, Hydrogenated Lecithin, Acetyl Glucosamine, Helianthus Annuus (Sunflower) Seed Oil Unsaponifiables, Polyglyceryl-10 Myristate, Sodium Polyglutamate, Maltodextrin, Triethylhexanoin, Arachidyl Alcohol, Lecithin, Pentylene Glycol, Sorbitan Isostearate, Arachidyl Glucoside, Stearic Acid, Caprylyl Glycol, Sodium Benzoate, Polyglyceryl-3 Methylglucose Distearate, Carbomer, Acetyl Glutamine, Tocopherol, Butylene Glycol, Lactic Acid/Glycolic Acid Copolymer, Polyvinyl Alcohol, D-Arginyl Tyrosinyl Ornithinyl Phenylalanine.","Use daily, morning and night, as a refreshing eye cream, and with your light therapy eye mask to boost the effects of light therapy.
After cleansing the skin, apply about a pea-sized amount to each eye area. We recommend applying it to the full eye area---including around the orbital bone, on the eyelids, and even between the brows---as the lights from the Eye Recovery Pro light therapy mask will reach this area. Allow the cream to fully absorb before using your eye mask.
Solawave recommends using your Eye Recovery Pro mask immediately after your morning or evening skincare routine, before applying sunscreen and makeup, as they can block some light therapy.
If you choose to use light therapy later in the day and are wearing sunscreen or eye makeup, cleanse your eye area and apply the cream before treatment."
pimprod2049290,Sun Bum,Baby Bum Mineral SPF 50 Sunscreen Spray,Suncare,Sunscreen,$16.49,3.0 oz,https://media.ulta.com/i/ulta/2635074?w=100&h=100&fmt=auto,1 Review,"Benefits
Broad Spectrum, lightweight and non-greasy, Sun Bum's SPF 50 sunscreen lotion is made of minerals to protect babies' skin from UVA/UVB rays.
Fragrance Free for Sensitive Skin
Mineral Sunscreen
Features
Pediatrician Tested
Water Resistant (80 minutes)
Made without Parabens
Gluten Free
Hawaii Act 104 Compliant: Made without Oxybenzone & Octinoxate
Key Ingredients
100% Mineral Based Protection: Applies and absorbs easily with a non-oily feel.
Vitamin E (Tocopherol): An antioxidant that helps to neutralize free radicals, which are the main cause of premature skin aging
Item 2635074","Active: Titanium Dioxide 3.4%, Zinc Oxide 15.7%.
Inactive: Water, Butyloctyl Salicylate, Dicaprylyl Carbonate, Isononyl Isononanoate, Propanediol, Isocetyl Stearoyl Stearate, Methyl Dihydroabietate, Cetearyl Alcohol, Aloe Barbadensis Leaf Juice, Musa Sapientum (Banana) Fruit Extract, Bisabolol, Bentonite, Cellulose Gum, C18-21 Alkane, Caprylyl Glycol, Citric Acid, Coco-Glucoside, Glycerin, Microcrystalline Cellulose, Polyhydroxystearic Acid, Sodium Gluconate, Sodium Stearoyl Glutamate,Tocopherol, Polyester-8, Silica, Alumina, Caprylhydroxamic Acid.","Apply 15 minutes before sun time. Dispense into hands and apply directly to skin, covering all areas, and rub in until absorbed. Reapply after 80 minutes of sweating or swimming, and immediately after a towel dry. At least every two hours is a great rule to live by.
Precautions: For external use only. Do not use on damaged or broken skin. When using this product keep out of eyes. Rinse with water to remove. Stop use and ask a doctor if rash occurs. Keep out of reach of children. If swallowed, get medical help or contact a Poison Control Center immediately."
pimprod2021424,Vichy,Normaderm S.O.S Acne Rescue Spot Corrector,Treatment & Serums,Acne & Blemish Treatments,$22.99,0.6 oz,https://media.ulta.com/i/ulta/2577183?w=100&h=100&fmt=auto,91 Reviews,"Benefits
Maximum-strength sulfur acne treatment and spot corrector
Oil-free acne treatment reduces the size and severity of active blemishes and helps prevent new acne from forming
Soothing spot treatment formula with niacinamide allows skin to heal
Lightweight, fast-absorbing texture blends evenly into skin
Suitable for sensitive skin
Non-comedogenic
Dermatologist, allergy and sensitive skin tested
In 1 week:*
96% agree the size of existing blemishes appears reduced*
92% agree that overall skin quality looks improved and appearance of pores is reduced*
*Self-assessment results based on a four-week consumer test on 54 subjects
Key Ingredients
Maximum-strength 10% sulfur effectively treats and helps control acne blemishes without over-drying skin
Glycolic acid is an Alpha-Hydroxy Acid (AHA) that gently exfoliates to reveal smoother skin
Niacinamide (also known as Vitamin B3) helps reduce moisture loss and dehydration
Formulated Without
Fragrance
Oil
Parabens
Alcohol
Item 2577183","Active: Sulfur. Inactive: Water, Niacinamide, Zea Mays (Corn) Starch, Glycolic Acid, Stearyl Alcohol, Glycerin, Octyldodecyl Myristate, Cetearyl Alcohol, Glyceryl Stearate, Sodium Hydroxide, Magnesium Aluminum Silicate, Peg-100 Stearate, C13-14 Isoparaffin, Allantoin, Ceteareth-20, Phenoxyethanol, Phenylethyl Resorcinol, Tocopheryl Acetate, Disodium Edta, Laureth-7, Hydrogenated Lecithin, Polyacrylamide, Ethylhexylglycerin.","Cleanse skin thoroughly before application. Apply a thin layer directly on acne blemish at night and blend into skin. To complete your regimen, use with Normaderm PhytoAction Acne Control Daily Moisturizer. Avoid eye area.
Sunburn Alert: This product contains an alpha hydroxy acid (AHA) that may increase your skin's sensitivity to the sun and particularly the possibility of sunburn. Use a sunscreen, wear protective clothing, and limit sun exposure while using this product and for a week afterwards."
pimprod2034182,Kopari Beauty,Lychee Clean Vitamin C Face Mask,Treatment & Serums,Face Masks,$34.00,2.1 oz,https://media.ulta.com/i/ulta/2597752?w=100&h=100&fmt=auto,42 Reviews,"Benefits
Packed with brightening lychee extract, exfoliating AHAs, pore-minimizing willow bark, soothing coconut milk
Gentle, creamy, non-stripping formula
Natural aromatic extracts with tropical, fruity, and creamy notes
Good for dry, dull skin
100% recyclable packaging
Key Ingredients
Lychee Extract: A natural source of Vitamin C loaded with antioxidants to help reduce help reduce dark spots and protect skin from skin damaging free radicals
AHAs: Derived from fruit extracts to help slough off dead skin to reveal a glowing complexion
Willow Bark Extract: A natural astringent that helps minimize the appearance of pores
Whipped Coconut Milk: Antioxidant-rich to help hydrate, soothe and shield skin from free radicals
Formulated Without
Silicones, Sulfates, Phthalates, Parabens
Item 2597752","Water/Aqua/Eau, Glycerin, Caprylic/Capric Triglyceride, Methyl Glucose Sesquistearate, Coco-Caprylate/Caprate, Isostearyl Linoleate, Zinc Oxide, Butyrospermum Parkii (Shea) Butter, Stearyl Alcohol, Silica, Cetyl Alcohol, Glyceryl Stearate Citrate, Litchi Sinensis Seed Extract, Ascorbyl Glucoside, Vaccinium Myrtillus Fruit Extract, Saccharum Officinarum (Sugar Cane) Fruit Extract, Acer Saccharum (Sugar Maple) Extract, Pyrus Malus (Apple) Fruit Extract, Salix Alba (Willow) Bark Extract, Cocos Nucifera (Coconut) Fruit) Extract, Lavandula Angustifolia (Lavender) Flower/Leaf/Stem Extract, Ocimum Sanctum Leaf Extract, Ananas Sativus (Pineapple) Fruit Extract, Rubus Ideaeus (Raspberry) Fruit Extract, Prunus Armeniaca (Apricot) Fruit Extract, Vanilla Planifolia Fruit Extract, Passiflora Incarnata Fruit Extract, Prunus Persica (Peach) Fruit Extract, Musa Sapientum (Banana) Fruit Extract, Solarum Melogena (Eggplant) Fruit Extract, Melia Azadirachta Flower Extract, Melia Azadirachta Leaf Extract, Coccinia Indica Fruit Extract, Citrus Limon Fruit Extract, Citrus Paradisi (Grapefruit) Fruit Extract, Aloe Barbadensis Flower Extract, Citrus Aurantium Dulcis (Orange) Fruit Extract, Citrus Aurantium Dulcis (Orange) Peel Extract, Citrus Aurantifolia (Lime) Peel Extract, Citrus Limon (Lemon) Peel Extract, Zea Mays Starch, Xanthan Gum, Cetearyl Alcohol, 1,2-Hexanediol, Caprylyl Glycol, Glyceryl Caprylate, Sclerotium Gum, Pullulan, Triethyl Citrate, Sodium Stearoyl Glutamate, Polyacrylate Crosspolymer-6, Lecithin, Potassium Sorbate, Citric Acid, Sodium Benzoate, Disodium EDTA, Phenoxyethanol.","Apply a generous, even layer to clean, dry skin. Leave on for 15 minutes. Rinse with warm water. Use twice a week for best results."
pimprod2052159,ANUA,Triple Acid Spot Care Microdart Patch,Treatment & Serums,Acne & Blemish Treatments,$14.00,12 ct,https://media.ulta.com/i/ulta/2641344?w=100&h=100&fmt=auto,2 Reviews,"Benefits
Formulated with 200+ microdarts, targets skin concern area
For pore control and calming skin
Overnight 0.3mm slim-fit design
Key Ingredients
AHA, BHA, and PHA: exfoliate dead skin cells and excess oil while deeply treating spots at the source
Research Results
Dermatologically tested
Non-comedogenic
Low-irritation
Item 2641344","Sodium Hyaluronate, Zinc Lactate, Succinic Acid, Centella Asiatica Extract, Gluconolactone, Pentylene Glycol, Lactic Acid, Glycolic Acid, Madecassoside, Butylene Glycol, Sodium Glycolate, Sodium Lactate, Salicylic Acid, 1,2-Hexanediol, Sodium Salicylate.","Gently wash the area where the patch will be applied and let it dry completely.
Remove the white-bordered film, then hold the clear film's slit and peel off the patch.
Place the patch on the spot and press down vertically for at least 10 seconds.
Remove the patch after using it for more than 4 hours or when it turns white."
pimprod2019542,Beekman 1802,Mini Dewy Eyed Illuminating & Depuffing Eye Serum,Travel Size Skin Care,,$15.00,0.16 oz,https://media.ulta.com/i/ulta/2571496?w=100&h=100&fmt=auto,711 Reviews,"Benefits
Instantly cools and awakens dull skin
Fights dark circles and depuffs
Lifts and smooths fine lines and wrinkles
Dewy Eyed is certified microbiome-friendly
Lab tested
Features
Significant improvement in depuffing the under-eye area and reducing the appearance of dark circles
Significantly firmer skin around the eyes for more lifted lids
96% saw significantly smoother skin
96% saw significantly nourished skin
Key Ingredients
Persian Silk Tree Bark Extract: tightens skin and fights dark circles and puffiness, lifting the lids.
Goat Milk & Probiotics: This proprietary blend of goat milk and probiotics deeply nourish and balance for healthy, dewy, radiant complexion. It's like yogurt for your sensitive skin!
Active Botanical Blend: comfrey, blue thistle, chamomile, cucumber, and aloe are packed full of antioxidants to protect skin's moisture barrier.
Item 2571496","Water (Aqua), Glycerin, Propanediol, Hydroxyethylcellulose, Caprae Lac (Goat Milk), Colostrum, Bifida Ferment Lysate, Lactose, Milk Protein, Sodium Hyaluronate, Darutoside, Cucumis Sativus (Cucumber) Fruit Extract, Aloe Barbadensis Leaf Juice, Chamomilla Recutita (Matricaria) Flower Extract, Eryngium Alpinum (Blue Thistle) Flower Extract, Albizia Julibrissin (Silk Tree) Bark Extract, Honey, Linum Usitatissimum (Flax) Seed Extract, Symphytum Officinale (Comfrey) Leaf Extract, Whey Protein, Sodium Levulinate, Sodium Anisate, Citric Acid, Panthenol, Sodium Phytate, C10-18 Triglycerides, Lecithin, Potassium Sorbate, Sodium Benzoate...and kindness.","Apply pea-sized amount under your eyes, around orbital bones, and on eyelids every morning and evening to look and feel refreshed.
Extra Credit: Use their ''Milk Drop'' technique by pumping a drop of serum on each of your ring fingers and patting them lightly under the eye, working from the inner eye outward; it should feel like a sprinkle of tiny milk drops under your eyes. Try it-we dairy you.
Routine: Use right after cleansing skin, and before applying moisturizer and SPF. Try mixing with the Bloom Cream to create a hydrating under-eye mask."
pimprod2041812,DIME,3 Piece Headband and Wristband Set,Accessories,Headbands,$20.00,,https://media.ulta.com/i/ulta/2617901?w=100&h=100&fmt=auto,140 Reviews,"Benefits
Protects your hair and wrists
Super soft and plush feel
Includes
Headband (1 ct)
Wristbands (2 ct)
Item 2617901",,"Prior to beginning your skincare or makeup regimen, put on the headband set to protect hair and wrists from water, product, and/or makeup."
pimprod2047941,COSRX,The AHA 2 BHA 2 Blemish Treatment Serum,Treatment & Serums,Acne & Blemish Treatments,$17.00,1.76 oz,https://media.ulta.com/i/ulta/2632040?w=100&h=100&fmt=auto,9 Reviews,"Benefits
Gentle but effective blemish spot treatment for acne-prone skin.
Mildly exfoliates and clears troubled spots with 2% AHA and BHA.
Easy to use, hygienic cotton balls soaked with serum, perfect for spot targeted area.
Key Ingredients
Glycolic Acid (AHA) 2%: Unclogs pores to help remove impurities from the skin
Salicylic Acid (BHA) 2%: Controls the overproduction of sebum
PHA(Gluconolactone), Allantoin, Zinc PCA, Sodium Hyaluronate: Reduces sebum production from pores
Formulated Without
Parabens
Sulfates
Phthalates
Item 2632040","Water, Propanediol, Polysorbate 20, Glycolic Acid, Salicylic Acid, Gluconolactone, Zinc PCA, Allantoin, Sodium Hyaluronate, Sodium Hydroxide, Dipropylene Glycol, Hydroxyacetophenone, Caprylyl Glycol, Ethylhexylglycerin, Dipotassium Glycyrrhizate, 1,2-Hexanediol, Disodium EDTA","Take out the cotton ball using the tongs included.
Gently tap a cotton ball directly onto target areas.
*Depending on the area of concern, you may gently wipe the blackhead/whitehead on the nose and chin
*For daytime use, please be sure to apply sunscreen."
pimprod2051416,TAN-LUXE,Sci-Tech Sunscreen Photoadaptive Hydra-Gel Face SPF 50,Suncare,Sunscreen,$49.00,1.69 oz,https://media.ulta.com/i/ulta/2637914?w=100&h=100&fmt=auto,236 Reviews,"Benefits
Sea-Screen Complex developed from shallow water algae supports skin's natural antioxidant defense.
Photoadaptive Hydra-Gel Face Sunscreen offers daily broad spectrum UVA/UVB protection.
This sunscreen is suitable for sensitive skin and has been dermatologist-tested for safety.
Features
Provides daily hydrating broad-spectrum SPF 50 sun protection without a white cast on all skin types
Solar Adapt Technology offers tailored protection that’s dependent on exposure
Sea-screen Complex supports skin’s natural antioxidant defense
Helps to decrease the risk of skin cancer and early signs of aging caused by the sun if used as directed
Key Ingredients
Solar Adapt Technology: advanced photoadaptive UV protection
Sea Screen Complex: helps shield the skin barrier protecting sentitive skin
Fruit Extract Blend: reduces free radicals & protects skin barrier integrity
Raspberry Seed Oil: helps restore skin flexibility, promote antioxidant activity, and soothes
Item 2637914","Active: Avobenzone 3%, Homosalate 7%, Octisalate 5%, Octocrylene 4%.
Inactive: Water (Aqua), Propanediol, Caprylic/Capric Triglyceride, Caprylyl Methicone, Methoxyphenylethenyl T-Butylbenzoxate, 1,2-Hexanediol, Acrylates Copolymer, Hydrogenated Poly(C6-20 Olefin), Laminaria Ochroleuca Extract, Acrylates/C10-30 Alkyl Acrylate Crosspolymer, Pongamol, Hydroxyacetophenone, Tromethamine, HDI/Trimethylol Hexyllactone Crosspolymer, Caprylyl Glycol, Buddleja Officinalis Flower Extract, Rubus Idaeus (Raspberry) Seed Oil, Carrageenan, Rhus Verniciflua Peel Wax, Eclipta Prostrata Extract, Octyldodecanol, Melia Azadirachta Leaf Extract.","Apply generously and evenly 15 minutes before sun exposure. Re-apply every 2 hours to maintain protection, especially after perspiring, swimming or toweling. Children under 6 months of age: ask a doctor. Protect the product in this container from excessive heat and direct sun.
Precautions: Reducing this quantity will lower the level of protection significantly. Tan-Luxe advises a patch test 24 hours before use. Do not apply on broken or irritated skin. Avoid contact with eyes. If reaction occurs, discontinue use/seek medical advice. Do not stay in the sun too long, even when using a protective sun care product. Overexposure to the sun is a serious health threat. Keep babies and young children out of direct sunlight."
pimprod2021694,Pixi,+C Vit UnderEye Brightener with Ferulic Acid and Caffeine,Eye Treatments,Eye Cream,$16.00,0.4 oz,https://media.ulta.com/i/ulta/2576879?w=100&h=100&fmt=auto,22 Reviews,"Benefits
Instantly erases dullness
Makes a great base for under eye concealer
Suitable for all skin types
Paraben-free
Not tested on animals
Item 2576879","Aqua/Water/Eau, Glycerin, Propanediol, Neopentyl Glycol Diheptanoate, Mica, Hydrogenated Polyisobutene, Caprylic/Capric Triglyceride, Synthetic Fluorphlogopite, Glycyrrhiza Glabra (Licorice) Root Extract, Hippophae Rhamnoides Extract, Camellia Sinensis Leaf Extract, Citrus Limon (Lemon) Fruit Extract, Squalane, Caffeine, Ascorbic Acid, Ferulic Acid, Tocopheryl Acetate, Arachidyl Alcohol, Candelilla Cera/Euphorbia Cerifera (Candelilla) Wax/Cire de candelilla, Glyceryl Stearate, Behenyl Alcohol, Cetearyl Olivate, Arachidyl Glucoside, Sodium Acrylate/Sodium Acryloyldimethyl Taurate Copolymer, Sorbitan Olivate, Isohexadecane, Tromethamine, Carbomer, Polysorbate 80, Ethylhexylglycerin, Sorbitan Oleate, Glucose, 1,2-Hexanediol, Phenoxyethanol, Chlorphenesin, Titanium Dioxide (CI 77891), Iron Oxides (CI 77491, CI 77492, CI 77499).",Tap to apply under eye area. Use alone or under concealer.
pimprod2014649,Patchology,Moodpatch Chill Mode Soothing Eye Gels,Relax & Renew,Spa Essentials,$15.00,5 ct,https://media.ulta.com/i/ulta/2562993?w=100&h=100&fmt=auto,90 Reviews,"Benefits
Soothing Cannabis Seed Oil contains anti-inflammatory Gamma-Linoleic Acid (not as scary as it sounds, promise) to speed cell turnover
Omega 3 and 6 fatty acids, will nourish and protect brand new skin cells
These eye gels are further boosted with redness-reducing Allantoin, and a botanical blend of antioxidant, leaving under eyes, super chill
Cruelty Free
Key Ingredients
Cannabis sativa seed oil: Soothes and reduces inflammation and heals broken or damaged skin
Rhodiola extract: Calms blotchy redness and regenerates damaged skin barrier
Reishi mushroom extract: Fights fine lines and wrinkles and provides an antioxidant effect
Snow Mushroom Extract: Powerfully hydrating ""nature's Hyaluronic Acid""
Formulated Without
Sulfates
Parabens
Phthalates
Item 2562993","Water (Aqua/Eau), Glycerin, Dipropylene Glycol, Ceratonia Siliqua (Carob) Gum, Chondrus Crispus Powder, Chondrus Crispus Extract, Butylene Glycol, Paeonia Suffruticosa Root Extract, Centella Asiatica Extract, Cellulose Gum, Allantoin, Cannabis Sativa (Hemp) Seed Oil, Ganoderma Lucidum (Reishi Mushroom) Extract, Chamomilla Recutita (Matricaria) Flower Extract, Cocos Nucifera (Coconut) Fruit Extract, Rhodiola Rosea Root Extract, Tremella Fuciformis Sporocarp (Snow Mushroom) Extract, Sodium Hyaluronate, Camellia Sinensis (Green Tea) Leaf Powder, 1,2-Hexanediol, Potassium Chloride, Xanthan Gum, Algin, Glyceryl Caprylate, Sucrose, Polysorbate 20, Ethylhexylglycerin, Dextrin, Ethyl Hexanediol, Disodium Edta, Fragrance (Parfum).","Place 1 pair of gels onto clean, dry under eye area for 10 minutes (or longer if desired). Discard after use and massage remaining serum into skin. Use daily, or as needed."
pimprod2020137,PMD,Personal Microderm Elite Pro - Microdermabrasion Tool,Skincare Tools,Anti-Aging,$299.00,Rose,https://media.ulta.com/i/ulta/2574398?w=100&h=100&fmt=auto,188 Reviews,"Features
Power of Exfoliation: Patented Spinning Discs embedded with aluminum oxide crystals exfoliate away dead, dull cells from the surface of the skin. By removing this dead skin cell barrier, new cell growth is stimulated and glowing youthful skin is revealed.
Strength of Suction: Perfectly Calibrated Vacuum Suction is the power behind effective microdermabrasion. Suction increases circulation and triggers the skin's natural healing process which boosts collagen and elastin leaving skin firm, fresh and radiant.
Beauty of Absorption: Personal Microderm removes the top layer of dead, dull skin cells. Once this barrier is removed, skin care products can penetrate 20X deeper maximizing the benefits of skin care.
Diminishes the appearance of fine-lines & wrinkles.
Reduces the appearance of pore size.
Diminishes the appearance of blemishes.
Benefits
In a panel of 30 women selected by NewBeauty to test the Personal Microderm:
96% noticed their skincare products absorbed better
90% felt skin was healthier with regular use of the Personal Microderm
100% found their skin smoother and softer after using the Personal Microderm
Item 2574398",,"Cleanse and dry skin thoroughly
Using the white disc, practice on arm or leg before using on face
Pull skin tight to help device to smoothly glide over skin
Move the device across skin in an upward motion
Following treatment apply toner and moisturizer
Wash the cap and filter after each use
Precautions: The Personal Microderm should only be used once a week. Microderm removes the top layer of dead dull skin and your body needs one week to rejuvenate. Be patient. Use it consistently and you will see results. Anyone using chemical peels or products containing acids including hydroxy acids, malic acid, lactic acid AND/OR retinoids or retin A ingredients, must not use the Personal Microderm at the same time! This may cause skin to be too sensitive and use of the Personal Microderm is not recommended. Before it is safe to use the Personal Microderm, you must discontinue use of these products for at least seven days. Consult your doctor or dermatologist if you are unsure that the Personal Microderm is suitable for your skin."
pimprod2050816,dearcloud,Miffy & Friends Face & Body Temporary Tattoos,K-Beauty,,$14.00,25 ct,https://media.ulta.com/i/ulta/2639428?w=100&h=100&fmt=auto,5 Reviews,"Benefits
25 unique character art designs
Limited edition
Item 2639428",,"Peel off plastic sheet & place design face down onto skin.
Place damp cloth over sheet & firmly hold down for 10 seconds, or until paper is completely wet.
Gently peel off & reveal.
Precautions: Place on clean, dry skin, in an area with less movement. For external use only. Effectiveness may vary per skin type. Stop use immediately and consult a physician if irritation occurs. Do not apply to sensitive skin, eyes, lips, or if allergic to adhesive."
pimprod2004094,jane iredale,LipDrink Lip Balm,Lips,Lip Balms & Treatments,$25.00,Flirt,https://media.ulta.com/i/ulta/2544974?w=100&h=100&fmt=auto,898 Reviews,"Benefits
Mouthwatering moisture in a lip-saving balm.
Broad spectrum SPF 15 sunscreen.
A variety of waxes and oils combine to provide an antioxidant-rich protective shield.
Refreshing lemon flavor.
Reef safe.
Recommended by The Skin Cancer Foundation as an effective broad spectrum sunscreen.
Key Ingredients
Titanium Dioxide provides broad spectrum sunscreen.
Daucus Carota Sativa (Carrot) Seed Oil smoothes and softens the skin and provides antioxidant benefits.
Persea Gratissima (Avocado) Oil protects and moisturizes.
Coffea Arabica (Coffee) Seed Extract, Rubus Fruticosus (Blackberry), Fruit Extract, Camellia Sinensis (Green Tea) Leaf Extract, Tocopherol provide antioxidant benefits.
Item 2544974","Active: Titanium Dioxide 1.75%. Inactive: Vegetable Oil, Ricinus Communis (Castor) Seed Oil, Octyldodecyl Neopentanoate, Copernicia Cerifera Cera, Daucus Carota Sativa (Carrot) Seed Oil, Persea Gratissima (Avocado) Oil, Lotus Corniculatus (Lotus Flower) Extract, Aloe Barbadensis Leaf Extract, Camellia Sinensis (Green Tea) Leaf Extract, Coconut Alkanes, Stearic Acid, Coffea Arabica (Coffee) Seed Extract, Rubus Fruticosus (Blackberry) Fruit Extract, Alumina, Coco-Caprylate/Caprate, Ascorbyl Palmitate, Tocopherol, Citrus Medica Limonum (Lemon) Peel Oil. May Contain: Mica, Iron Oxides (CI 77489, CI 77491, CI 77492, CI 77499), Red 7 Lake (CI 15850)(Aka 202), Red 30 Lake (CI 73360).",Apply to lips for moisture and sun protection.
pimprod2019024,Erborian,Pink Primer & Care,Face,Face Primer,$42.00,1.5 oz,https://media.ulta.com/i/ulta/2572838?w=100&h=100&fmt=auto,78 Reviews,"Benefits
Get all the benefits of a primer:
Smoothed and unified skin tone
Easy makeup application that helps it to last longer
Plus all the benefits of skincare, thanks to the formula enriched with willow bark extract and glycerin
Moisturizes the skin immediately
Improves the texture of skin day after day and reduces the appearance of pores
Formulated Without
Parabens
Sulfates
Phthalates
Item 2572838",,"Excellent makeup base to apply after your skincare routine and before makeup. Can also be used as a day care, for a radiant finish. Apply one Pink Primer & Care pearl on forehead, cheekbones, and chin, and blend using your fingertips!"
pimprod2042780,Bondi Sands,Everyday Gradual Tanning Milk Face Lotion,Suncare,Self-Tanning & Bronzing,$16.00,1.69 oz,https://media.ulta.com/i/ulta/2620146?w=100&h=100&fmt=auto,3 Reviews,"Benefits
Perfect blend of faily hydration & glowing skin
Enriched with Shea Butter to deeply hydrate skin
Low-level tanning actives help develop into a gradual tan
Dermatologically tested. Suitable for sensitive skin. Non-comedogenic - won't clog pores.
Item 2620146","Aqua (Water), Bis-Peg-18 Methyl Ether Dimethyl Silane, Isopropyl Palmitate, Cocoglycerides, Dihydroxyacetone, Acrylamide/Sodium Acryloyldimethyltaurate Copolymer, Pentylene Glycol, Glyceryl Stearate, Theobroma Cacao (Cocoa) Seed Butter, Butyrospermum Parkii (Shea) Butter, Dimethyl Isosorbide, Cetyl Alcohol, Stearyl Alcohol, C13-14 Isoparaffin, Phenoxyethanol, Chlorphenesin, Erythrulose, Tocopheryl Acetate, Laureth-7, Cetyl Phosphate, Glycerin, Sodium Hydroxide, Aloe Barbadensis Leaf Juice, Potassium Sorbate, Sodium Benzoate.","Step 1: For an even streak free tan, ensure your face is clean and dry prior to application.
Step 2: Massage Bondi Sands Gradual Tanning Face Lotion evenly over face and neck, avoiding eyes.
Step 3: Use daily to ensure a golden tan throughout the year. Wash hands after use."
pimprod2023643,Urban Veda,Oil-Control Neem & Tea Tree Purifying Day Cream,Moisturizers,Face Moisturizer,$32.00,1.6 oz,https://media.ulta.com/i/ulta/2580903?w=100&h=100&fmt=auto,26 Reviews,"Benefits
Detoxifying
Hydrating
Antioxidant rich
Lightweight
Combats oily skin
All Urban Veda products are made with Ayurvedic herbs, flowers and fruits combined with clinically proven actives and antioxidants to help maintain skin's natural state of balance and homeostasis
Key Ingredients
Neem - excellent natural ingredient for those who have excess skin oils as Neem is a powerful antiseptic but non-drying
Tea Tree - Helps to reduce inflammation, cleanse and encourage skin healing. Supports acne, breakouts and skin infections
Wild Mint - Rich in salicylic acid, a Beta Hydroxy Acid which helps to deeply cleanse to relieve congestion
Glycerin - a pure natural vegetable moisturiser, vegan friendly
Formulated Without
SLS/SLES
Parabens
Silicones
Mineral Oil/paraffinum liquidum
Animal derivatives
Artificial colors
Propylene glycol
Triclosan
EDTA
Microbeads
PEGs
Item 2580903","Aqua (Water), Glycerin (vegetal), Isopropyl Myristate, Hamamelis Virginiana (Witch Hazel) Water, Cetearyl Alcohol, Caprylic/Capric Triglyceride, Polyglyceryl-3 Dicitrate/Stearate, Prunus Amygdalus Dulcis (Sweet Almond) Oil, Glyceryl Stearate, Melia Azadirachta (Neem) Leaf Extract, Terminalia Arjuna Bark Extract, Arctostaphylos Uva Ursi (Bearberry) Leaf Extract, Morus Nigra (Black Mulberry) Root Extract, Melia Azadirachta (Neem) Seed Oil**, Melaleuca Alternifolia (Tea Tree) Leaf Oil**, Citrus Aurantium Dulcis (Orange) Peel Oil, Mentha Arvensis (Wild Mint) Leaf Oil, Eucalyptus Globulus (Eucalyptus) Leaf Oil, Illicium Verum (Anise) Fruit Oil, Mentha Viridis (Spearmint) Leaf Oil, Menthol, Ascorbic Acid (Vitamin C), Sodium Polyacrylate, Hydroxyacetophenone, Ethylhexylglycerin, Alcohol denat, Phenoxyethanol, Xanthan Gum, Sodium Phytate, Citric Acid, Potassium Sorbate, Sodium Benzoate, Limonene*, Linalool* *Naturally occurring in essential oils**Organic","Apply to face, neck and chest and massage in with circular motions. Use daily after cleansing and toning."
pimprod2039899,Proactiv,ProactivClean Mild Acne-Fighting Treatment Routine,By Category,Skin Gifts,$36.00,,https://media.ulta.com/i/ulta/2600522?w=100&h=100&fmt=auto,34 Reviews,"Benefits
Helps clear mild acne or occasional breakouts
Clean & gentle routine that smooths & helps calm skin
Dermatologist developed and tested
Formulated for sensitive skin
Non-comedogenic
With proven acne-clearing mineral-derived sulfur & salicylic acid plus skin-loving azelaic acid, bakuchiol & chamomile
Zits Happen Patches are dermatologist-tested & developed with gunk-absorbing hydrocolloid and other skin-loving ingredients to help protect blemishes as they heal
Formulated Without
Parabens
Phthalates
Sulfates
Cyclic silicones
Includes
Mineral Acne Cleanser (2.0 oz)
Azelaic Pore Perfector (1.0 oz)
Acne Clearing Hydrator (1.0 oz)
FREE Zits Happen Patches (15 ct)
Item 2600522","Mineral Acne Cleanser: Active: Sulfur 3.0%. Inactive: Water, Sodium Cocoyl Isethionate, Coco-Glucoside, Acrylates Copolymer, Coconut Acid, Coconut Alcohol, Glycereth-18 Ethylhexanoate, Glycereth-18, Behenyl Alcohol, Titanium Dioxide (CI 77891), Phenoxyethanol, Sodium Isethionate, Sodium Hydroxide, Arachidyl Alcohol, Stearyl Alcohol, Xanthan Gum, Ethylhexylglycerin, Glycerin, Tetrasodium Glutamate Diacetate, Chamomilla Recutita (Matricaria) Flower Extract.
Azelaic Pore Perfector: Water, Propanediol, Glycerin, Azelaic Acid, Squalane, Dicaprylyl Carbonate, Sclerotium Gum, Pentylene Glycol, Caprylyl Glycol, Hydrogenated Lecithin, Allantoin, Ethylhexylglycerin, Glyceryl Acrylate/Acrylic Acid Copolymer, Xanthan Gum, Bisabolol, Tocopheryl Acetate, Hydrolyzed Sodium Hyaluronate, Tetrasodium Glutamate Diacetate, Tocopherol, Polylysine.
Acne Clearing Hydrator: Active: Salicylic Acid 2%. Inactive: Water, Glycerin, Glyceryl Stearate SE, Propanediol, Cetyl Phosphate, Cetyl Alcohol, Stearic Acid, Dicaprylyl Carbonate, Undecane, Acrylates/C10-30 Alkyl Acrylate Crosspolymer, Sodium Hydroxide, Pentylene Glycol, Cetearyl Alcohol, Tridecane, Bakuchiol, Caprylyl Glycol, Xanthan Gum, Ethylhexylglycerin, Tocopheryl Acetate, Sodium Hyaluronate, Phenoxyethanol, Tocopherol
ZITS HAPPEN PATCHES:
Styrene/Isoprene Copolymer, Cellulose Gum, Hydrogenated Poly(C6-20 Olefin), Polyisobutene, Salicylic Acid, Sodium Hyaluronate, Niacinamide, Asiaticoside, Madecassic Acid, Asiatic Acid, Water.","For best results, use the Proactiv Clean 3-Step Routine consistently, morning and night.
Step 1: Mineral Acne Cleanser Daily AM &PM Wash your whole face avoiding eye area. Apply a generous amount to dampened skin and gently massage with fingertips for 1 to 2 minutes. Rinse thoroughly with warm water. See drug facts for more information.
Step 2: Azelaic Pore Perfector Daily AM & PM Apply after using Proactiv Clean Mineral Acne Cleanser. After skin has dried, apply a thin layer to the entire face avoiding the eye area. Do not rinse off.
Step 3: Acne Clearing Hydrator Daily AM & PM Apply after using Proactiv Clean Azelaic Pore Perfector. Apply to the whole face avoiding the eye area. Can be worn alone or under makeup. If going outside, layer a sunscreen with SPF 30 or higher on top of hydrator. See drug facts for more information.
Zits Happen Patches: As needed. For best results apply a patch to clean, dry skin, do not apply on top of product (e.g., moisturizers, serums, foundation, etc.). Remove clear patch from strip and apply the sticky side to affected area. Zits Happen Patches can be applied at any time of the day and left on overnight. Remove and replace until desired results are achieved.
Warnings:
Mineral Acne Cleanser: For external use only. When using this product skin irritation and dryness is more likely to occur if you use another topical acne medication at the same time. If irritation occurs, only use one topical acne medication at a time. Apply only to areas with acne. Avoid contact with eyes. If contact occurs, rinse eyes thoroughly with water. Do not use on broken skin or large areas of the skin. Keep out of reach of children. If swallowed, get medical help or contact a Poison Control Center right away.
Azelaic Pore Perfector: For external use only. When using this product keep out of eyes. Rinse with water to remove. Stop use and ask a doctor if rash or irritation develops and lasts. Keep out of reach of children. If swallowed get medical help or contact a Poison Control Center right away.
Acne Clearing Hydrator: For external use only. When using this product skin irritation and dryness is more likely to occur if you use another topical acne medication at the same time. If irritation occurs, only use one topical acne medication at a time. Avoid contact with eyes. If contact occurs, rinse eyes thoroughly with water. Keep out of reach of children. If swallowed, get medical help or contact a Poison Control Center right away.
Zit Happen Patches: For external use only. When using this product keep out of eyes. Stop use and ask a doctor if rash or irritation develops and lasts. Keep out of reach of children. If swallowed get medical help or contact a Poison Control Center right away."
pimprod2051775,I'm From,Rice Whip Facial Cleanser Set,K-Beauty,,$32.00,,https://media.ulta.com/i/ulta/2642153?w=100&h=100&fmt=auto,,"Benefits
Deeply cleanses and nourishes pores without stripping the skin barrier
Hydrates and nourishes skin to provide a radiant, glass glow
Infused with rice bran extract, it gently cleanses, hydrates, and brightens for smooth, radiant skin.
Key Ingredients
Yeoju Rice Extract - rich in nutrients that promote moisture levels in the skin, helping to prevent water loss and keep the skin hydrated
Rice Bran Extracts - rich in antioxidants, which help protect the skin from damage caused by free radicals and environmental stressors
Includes
Rice Whip Facial Cleanser (5.07 oz)
Rice Toner (1.01 oz)
Rice Whip Facial Cleanser (1.01 oz)
Item 2642153","Rice Whip Facial Cleanser - Glycerin, Water, Sodium Cocoyl Isethionate, Myristic Acid, Potassium Cocoyl Glycinate, Niacinamide, Methylpropanediol, Polyquaternium-7, Butylene Glycol, Ethylhexylglycerin, Caprylyl Glycol, 1,2-Hexanediol, Oryza Sativa (Rice) Extract, Disodium EDTA, Oryza Sativa (Rice) Bran Extract, Steareth-30, Caramel, Sodium Benzoate, Dextrin.
Rice Toner - Oryza Sativa (Rice) Extract (77.78%), Methylpropanediol, Triethylhexanoin, Hydrogenated Poly(C6-14 Olefin), Niacinamide, Pentylene Glycol, Portulaca Oleracea Extract, Oryza Sativa (Rice) Bran Extract, Ulmus Davidiana Root Extract, Amaranthus Caudatus Seed Extract, Hydrogenated Lecithin, Water, Polyglyceryl-10 Myristate, Butylene Glycol, Adenosine, Cellulose Gum, Ethylhexylglycerin, 1,2-Hexanediol.","Rice Whip Facial Cleanser: Simply create foam by adding water, then massage onto skin, and rinse. It can also be used as a Quick Wash-off Mask.
Rice Toner: After cleansing, pat toner onto the skin for a radiant glow. Layer for added benefits. After cleansing, dispense on a cotton pad and wipe off or press onto dry areas."
pimprod2051976,HATCH MAMA,Nipple + Lip Rescue Balm,Everyday Care,,$28.00,1.0 oz,https://media.ulta.com/i/ulta/2642418?w=100&h=100&fmt=auto,,"Benefits
Made with all natural ingredients
The tropical butters and superfruits used create a barrier against chapping and chafing
Calm and soothe irritated nipples from breastfeeding
Relieves dry lips during and post pregnancy
Features
Free of parabens, phthalates, dyes, & fragrance
Lanolin-free & gluten-free
Dermatologist & allergy tested
BPA-free packaging
Key Ingredients
Mango Butter-Intensely hydrates, nourishes, and protects against chapping & chafing
Pomegranate-Nutrient-rich, it helps fight free radicals and increases resiliency and suppleness
Acai-A moisturizing and protective super fruit that helps promote healing
Item 2642418","Euterpe Oleracea Sterols, Punica Granatum Sterols, Argania Spinosa (Argan) Kernel Oil, Ricinus Communis (Castor) Seed Oil, Olea Europaea (Olive) Fruit Oil, Simmondsia Chinensis (Jojoba) Seed Oil, Butyrospermum Parkii (Shea) Butter, Beeswax, Tocopherol, Linoleic Acid, Calophyllum Inophyllum (Tamanu) Seed Oil, Mangifera Indica (Mango) Seed Butter, Theobroma Grandiflorum Seed Butter, Astrocaryum Murumuru Seed Butter, Calendula Officinalis Flower Extract, Althea Officinalis Root Extract, Oleic Acid, Linolenic Acid, Helianthus Annuus (Sunflower) Seed Oil.
*It is suggested to check the ingredient list before use to ensure you do not have any known allergies to the ingredients.","Before: hydrate lips, cuticles and any other dry areas 24/7
During: Massage onto nipples to prep for nursing
After: Apply to soothe and protect nipples while nursing
Keep handy at all times.
It is recommended to gently wipe your breasts prior to feeding to remove any residue."
pimprod2050842,SweetSpot Labs,Moisture Replenishing Mist - Intimate & Body Spray,Treatment & Serums,Body Treatments,$20.00,1.69 oz,https://media.ulta.com/i/ulta/2637013?w=100&h=100&fmt=auto,2 Reviews,"Benefits
A micro-mist that restores hydration and comfort
Soothes irritation, including redness, itch, and flaking
Improves skin elasticity and firmness
Protects and restores the skin barrier after shaving, waxing, or laser
Helps prevent dryness flare-ups during perimenopause, pregnancy, postpartum, and breastfeeding
Features
Non-sticky and absorbs into skin quickly
Quick and easy application
99% naturally-derived
pH-balanced
Hypoallergenic and non-irritating
Tested and recommended by gynecologists + dermatologists
Peta Certified Vegan and Cruelty-Free
Fragrance-free, estrogen-free and free from alcohol, parabens, aluminum, baking soda, sulfates, phthalates, and common yeast triggers
Key Ingredients
Antioxidant Blend: Rosemary, rice bran and sunflower provides superior oxidative skin protection.
Lipid Complex: Hydrates skin better than common emollients, improves skin elasticity and firmness, and enhances skin barrier recovery.
Red Seaweed: Delivers high volumes of water molecules for immediate & sustained hydration and skin softness.
Aloe Vera: Reduces skin flaking, inflammation, and restores suppleness.
Item 2637013","Water/Aqua/Eau, Propanediol, Gluconolactone, C14-22 Alcohols, Caprylyl Caprylate/Caprate, Jojoba Oil/Macadamia Seed Oil, Esters, Squalene, Phyosteryl Macadamiate, Phyosterols, Oryza Sativa (Rice) Bran Extract, Rosmarinus Officinalis, (Rosemary) Leaf Extract, Helianthus Annuus (Sunflower) Extract, Tocopherol, Sodium Hyaluronate, Chondrus Crispus Extract, C12-20 Alkyl Glucoside, Acacia Senegal Gum, Xanthan Gum, Tocopherol, Glucose, Aloe Barbadensis Leaf Juice, Trisodium Ethylenediamine Disuccinate, Phenoxyethanol, Sodium Benzoate, Calcium Gluconate, Sodium Hydroxide.","HOW: Hold upright and spray directly onto skin. Use daily and reapply as needed.
WHERE: Can be used on the body, anywhere you shave or wax, and on any intimate area including the labia, vaginal opening (vestibule), and perineum.
WHEN: Use daily to support the skin moisture barrier and for continued improvement of skin dryness over time.
SSL TIP: Pair with Fragrance-Free Cleanser and Fragrance-Free Wipes to help support a healthy moisture barrier.
For external use only. Discontinue use if rash or discomfort develops"
pimprod2044477,ULTA Beauty Collection,Limited Edition Single Sided Self Tan Applicator Mitt,Suncare,Self-Tanning & Bronzing,$1.50,,https://media.ulta.com/i/ulta/2615350?w=1000&h=1000&fmt=auto,10 Reviews,"Benefits
Water-resistant barrier protects hands during application.
Hand washable for repeated use.
Effortless blending for a streak-free tan.
Item 2615350","Mitt Material: Polyurethane (60%), Polyester (32% ), Viscose (8%)","Cleanse and gently exfoliate the body. Apply sunless tanning product directly onto light side of mitt. Use gentle sweeping motions to blend product into skin.
SMART TIP! Apply sunless tanning products sparingly around ankles, knees and elbows. Try blending knees and elbows to ensure color isn't missed in creases."
pimprod2049559,CHANEL,N°1 DE CHANEL Massage Accessory Strengthens - Stimulates - Smooths,Skin Care,,$70.00,,https://media.ulta.com/i/ulta/2633766?w=100&h=100&fmt=auto,,,,"Before applying N°1 DE CHANEL skincare, position the notched edge of the massage tool on the nose and cheeks and rub up and down, then outward. Target fine lines by using the pointed tip to do zigzag movements along each wrinkle. After applying skincare, use the V-shaped end to make deep strokes along the jawline. Finish with smoothing movements using the concave side of the tool."
pimprod2050128,Lancôme,Absolue Rose 80 Cleansing Balm-To-Foam,Cleansers,Cleansing Balms & Oils,$95.00,5.0 oz,https://media.ulta.com/i/ulta/2632955?w=100&h=100&fmt=auto,1 Review,"Key Ingredients
80% Rose Emulsion
Research Results
97% agree product feels gentle on the skin*
95% agree product leaves skin feeling perfectly clean & clear*
94% agree product leaves skin feeling comfortable after washing off*
91% agree skin feels fresher*
97% agree skin feels fresher**
92% agree product gives the skin a healthy glow**
92% agree skin feels comfortable**
*Based on immediate results in a consumer test of 64 women
**Based on 4-week results in a consumer test of 64 women
Item 2632955","Glycerin, Aqua/Water/Eau, Sodium Cocoyl Isethionate, Sodium Stearate, Coconut Acid, Palmitic Acid, Stearic Acid, Coco-Glucoside, Glyceryl Stearate, Sodium Chloride, 1,2-Hexanediol, Rosa Damascena Flower Water, Sodium Isethionate, Arginine, Propanediol, Citric Acid, Ethylhexylglycerin, Tocopherol, Salicylic Acid, Ci 17200/Red 33, Ci 19140/Yellow 5, Parfum/Fragrance.","Morning: Use this cleansing balm daily to cleanse skin before applying other skincare and makeup products.
Evening: Use this cleansing balm daily to remove makeup before applying other treatment products.
Pick up a generous amount of balm. Transfer to fingertips and melt into cream. Apply creamy balm to dry skin with your fingertips. Add warm water and massage into rich foam. For increased microcirculation, massage into skin using circular motions.
Rinse well with warm water. Pat dry."
pimprod2024791,Benefit Cosmetics,California Kissin' ColorBalm Moisturizing Lip Balm,Lips,Lip Balms & Treatments,$21.00,Cherry 00,https://media.ulta.com/i/ulta/2581274?w=100&h=100&fmt=auto,187 Reviews,"Benefits
Vivid color + moisture in 1 kissable lip balm!
Research Results
100% said lips feel nourished**
98% said lips feel instantly softer**
97% said it provides vivid color**
*instrumental test on 20 women
**self-evaluation by 101 women after 1 week
Item 2581274","Polyglyceryl-2 Triisostearate, Hydrogenated Polyisobutene, Hydrogenated Polydecene, Methyl Hydrogenated Rosinate, Polyglyceryl-2 Isostearate/Dimer Dilinoleate Copolymer, Trimethyl Pentaphenyl Trisiloxane, Bis-Diglyceryl Polyacyladipate-2, Hydrogenated Styrene/Methyl Styrene/Indene Copolymer, Synthetic Wax, Trimethylolpropane Triisostearate, Cera Microcristallina (Microcrystalline Wax), Ethylhexyl Palmitate, Cera Alba (Beeswax), Octyldodecanol, Irvingia Gabonensis Kernel Butter, Hydrogenated Coco-Glycerides, Parfum (Fragrance), Luffa Cylindrica Seed Oil, Pentaerythrityl Tetra-Di-T-Butyl Hydroxyhydrocinnamate, Linalool, Propyl Gallate, Tocopherol, Trihydroxystearin, Limonene, Citronellol, Geraniol, Citral, Sodium Hyaluronate, Glucomannan, BHT. May Contain: CI 12085 (Red 36, Red 36 Lake), CI 15850 (Red 6, Red 7, Red 7 Lake), CI 15985 (Yellow 6, Yellow 6 Lake), CI 17200 (Red 33), CI 19140 (Yellow 5, Yellow 5 Lake), CI 42090 (Blue 1, Blue 1 Lake), CI 45380 (Red 21, Red 21 Lake, Red 22, Red 22 Lake), CI 45410 (Red 27, Red 27 Lake, Red 28, Red 28 Lake), CI 73360 (Red 30, Red 30 Lake), CI 77163 (Bismuth Oxychloride), CI 77491, CI 77492, CI 77499 (Iron Oxides), CI 77742 (Manganese Violet), CI 77891 (Titanium Dioxide).
PRODUCT INGREDIENT LISTINGS ARE UPDATED PERIODICALLY. BEFORE USING A BENEFIT PRODUCT, PLEASE READ THE INGREDIENT LIST ON THE PACKAGING OF YOUR PRODUCT TO BE SURE THAT THE INGREDIENTS ARE APPROPRIATE FOR YOUR PERSONAL USE.","Peace, Love & California Kisses! Glide balm onto lips for smooth, vivid color and long-lasting moisture.
Beauty Tip: It's not just lips that need moisture! Apply The POREfessional: Hydrate Primer (sold separately) to face to hydrate & refresh skin before makeup. Create a fresh, flawless base with Hello Happy Air Stick Foundation (sold separately)."
pimprod2044506,LOOPS,Wrapping Mask with Niacinamide and Hyaluronic Acid,Treatment & Serums,Face Masks,$30.00,1 ct,https://media.ulta.com/i/ulta/2624836?w=100&h=100&fmt=auto,9 Reviews,"Benefits
Elasticizing
Anti-Wrinkle
Restorring
Features
Dermatologist Tested
No Fragrance
Formulated Without
Parabens
Sulfates
Synthetic Fragrances
Drying Alcohol
Mineral Oil
Phthalates
Item 2624836","Water (Aqua/Eau), Glycerin, Polyvinyl Alcohol, Dipropylene Glycol, Butylene Glycol, 1,2-Hexanediol, Niacinamide, Algin, P,olyglyceryl-10 Laurate, Hydroxyethylcellulose, Disodium EDTA, Diospyros Kaki Leaf Extract, Camellia Sinensis Leaf Extract, Ethylhexylglycerin, Caprylyl Glycol, Adenosine, Portulaca Oleracea Extract, Panax Ginseng Root Extract, Hydrolyzed Elastin, Hydrolyzed Collagen, Paecilomyces Japonica/Saussurea Involucrata Ferment Extract Filtrate, Chamomilla Recutita (Matricaria) Flower/Leaf Extract, Opuntia Ficus-Indica Extract, Pyrus Malus (Apple) Fruit Extract, Oryza Sativa (Rice) Extract, Houttuynia Cordata Extract, Jasminum Officinale (Jasmine) Flower Extract, Hydrolyzed Hyaluronic Acid, Lavandula Angustifolia (Lavender) Flower Extract, Rosmarinus Officinalis (Rosemary) Leaf Extract, Iris Versicolor Extract, Salvia Officinalis (Sage) Leaf Extract, Leontopodium Alpinum Extract, Nelumbo Nucifera Flower Extract, Rose Extract, Lilium Tigrinum Extract, Mentha Piperita (Peppermint) Leaf Extract, Freesia Refracta Extract.","At night, apply a thin, generous layer of product across your face and allow it to sit until dry or overnight. Once the mask has dried, gently peel off to reveal firmer, tighter, more flawless-looking skin. 1. Clean and Hydrate Skin 2. Apply a Thin Layer to your Face 3. Leave on Until Dry or Overnight 4. Gently Peel off Mask *If preferred, you can rinse it off with water"
pimprod2042765,Estée Lauder,Perfectionist Pro Rapid Brightening Serum Duo,By Category,Skin Gifts,$225.00,,https://media.ulta.com/i/ulta/2619154?w=100&h=100&fmt=auto,951 Reviews,"Benefits
This duo includes two full-size 1.7 oz./50ml bottles of Perfectionist Pro Rapid Brightening Treatment.
Triple-active power. Inspired by professional treatments, this Vitamin C powered serum rapidly ignites skin's radiance and targets multiple types of dark spots to reveal a more even-toned look.
Inspired by professional treatments, it rapidly brings radiance and luminosity to dull, lackluster skin. Targets the appearance of multiple types of spots and uneven skintone.
Anti-oxidants help protect against environmental damage and the formation of new skin discolorations. Reveals the look of more even-toned, dewy, glowing skin.
The fast-absorbing formula of the Rapid Brightening Treatment helps smooth skin's texture and enhance the natural radiance of your glowing skin.
Anti-oxidants help protect against environmental damage and the formation of new skin discolorations. Oil-free. Gentle on all skin types.
Key Ingredients
3 POWER FERMENTS + VITAMIN C
With its exclusive complex of radiance-boosting actives, this Ferment3 plus Vitamin C serum helps CALM skin so it can help resist irritation-induced dark spots. Helps BREAK the cycle of dullness.
Helps BLOCK the appearance of future dark spots with powerful anti-oxidants. And helps BOOST an undeniable clarity.
What is Ferment3? A powerful triple-ferment combining a high concentration of our exclusive Yeast Ferment with a spot-targeting Molasses Ferment plus a proprietary Algae Ferment with powerful soothing activity.
All three ferments work to help reduce the appearance of dark spots and enhance clarity and calm for glowing skin. Estée Lauder scientists are experts in fermentation, a process that concentrates and amplifies an ingredient. Their ferment complex is 98% naturally derived.(5)
What is Vitamin C? It's a renowned radiance-boosting, anti-aging and skin-boosting active. In this Rapid Brightening Ferment3 + Vitamin C serum, it targets dark spots in the deepest layer of skin's surface to help reduce the look of skin discolorations.
And with its anti-oxidant properties, it helps prevent the appearance of new spots and skin discolorations.
Research Results
1 WEEK
96% said skin felt smoother.(1)
93% said their complexion looked healthy.(1)
87% said skin looked brighter with renewed clarity.(1)
Visible improvement(2) in radiance, even tone, smoothness and texture.
2 WEEKS
Dark spots look reduced—both in intensity and contrast(3)
84% of women said their skin looked more even-toned.(4)
1 BOTTLE
See a significant reduction in the look of:
Dark spots, sun spots, age spots
Discoloration, uneven tone
Post-acne marks
Pores
(1) Consumer testing on 280 women after using product for 1 week.
(2) Clinical testing on 114 women after using product for 1 week.
(3) Clinical testing on 114 women after using product for 2 weeks.
(4) Consumer testing on 280 women after using product for 2 weeks.
(5) Per ISO Standard 16128. From plant sources, non-petroleum mineral sources, and/or water.
Item 2619154","Water\Aqua\Eau, Butylene Glycol, Glycerin, Glycereth-26, Isononyl Isononanoate, Dimethicone, Propanediol, Trametes Versicolor Extract, Ascorbyl Glucoside, Algae Extract, Acetyl Glucosamine, Hydroxyethyl Urea, Lens Esculenta (Lentil) Fruit Extract, Pyrus Malus (Apple) Fruit Extract, Avena Sativa (Oat) Kernel Extract, Bis-PEG-18 Methyl Ether Dimethyl Silane, Citrullus Lanatus (Watermelon) Fruit Extract, Triticum Vulgare (Wheat) Germ Extract, Resveratrol, Artemia Extract, Tocopheryl Acetate, Sucrose, Trehalose, Salicylic Acid, PEG-75, Yeast Extract\Faex\Extrait De Levure, Sodium Hydroxide, Oleth-3 Phosphate, Sorbitol, Caprylyl Glycol, Hordeum Distichon (Barley) Extract\Extrait D'Orge A Deux Rangs, Oleth-3, Sodium Polyaspartate, Carbomer, Myrtus Communis Leaf Extract, Caffeine, Oleth-5, Acrylates/C10-30 Alkyl Acrylate Crosspolymer, Dipotassium Glycyrrhizate, Propylene Glycol Caprylate, Squalane, Sodium Hyaluronate, Choleth-24, Ceteth-24, Xanthan Gum, Sodium Lactate, Oryzanol, Sodium PCA, Glyceryl Acrylate/Acrylic Acid Copolymer, Ethylhexylglycerin, Glucose, Fragrance (Parfum), Sodium Citrate, Citric Acid, Disodium EDTA, BHT, Potassium Sorbate, Sodium Benzoate, Phenoxyethanol.","For radiant, glowing skin that looks more even-toned, apply Rapid Brightening Treatment on clean skin before your moisturizer, AM and PM. Avoid eye area.
Since UV exposure can lead to the appearance of spots/skin discolorations, it is essential to follow Perfectionist Pro Rapid Brightening Treatment with UV protection."
pimprod2049641,dearcloud,Dear Sun Perfecting SPF Cushion,Suncare,Sunscreen,$24.00,0.53 oz,https://media.ulta.com/i/ulta/2634908?w=100&h=100&fmt=auto,9 Reviews,"Benefits
Color-adapting to your natural skin tone
Cushion compact for on-the-go applications & touch-ups
Made in Korea
Key Ingredients
Cica - Helps reduce the appearance of redness.
Zinc - Contains blemish-fighting properties.
Formulated Without
Paraben-Free
Item 2634908","Active: Homosalate 10.0%, Octisalate 3.0%, Octocrylene 2.0%, Zinc Oxide 13.3%.
Inactive: Water, Butyloctyl Salicylate, Glycerin, Cetyl PEG/PPG-10/1 Dimethicone, C12-15 Alkyl Benzoate, Niacinamide, Cyclopentasiloxane, Silica, Sodium Chloride, Polyhydroxystearic Acid, 1,2-Hexanediol, Triethoxycaprylylsilane, Disteardimonium Hectorite, Ceresin, Fragrance, Propylene Carbonate, Trihydroxystearin, Ethylhexylglycerin, Caprylyl Glycol, Butylene Glycol, Caprylic/Capric Triglyceride, Hydrogenated Phosphatidylcholine, Centella Asiatica Extract, Sucrose Stearate, Iron Oxides (CI 77492), Cetearyl Alcohol, Iron Oxides (CI 77491), Tocopherol, Madecassoside, Madecassic Acid, Asiaticoside, Asiatic Acid.","Apply liberally 15 minutes before sun exposure. Use a water resistant sunscreen if swimming or sweating. Reapply at least every 2 hours. See ""Drug Facts"" for more product information.
Precautions: For external use only. Effectiveness may vary per skin type. Stop use immediately and consult a physician if problems occur after use. Do not use on damaged or broken skin. Stop use and ask a doctor if rash occurs. When using this product, keep out of eyes. Rinse with water to remove."
pimprod2027800,The Crème Shop,BT21 Brilliant Skin Hydrocolloid Acne Patches,Treatment & Serums,Acne & Blemish Treatments,$8.00,32 ct,https://media.ulta.com/i/ulta/2588200?w=100&h=100&fmt=auto,78 Reviews,"Benefits
They help conceal pimples and extract impurities
Hydrocolloid patches work by pulling out excess oil while helping to heal tissue around the infected area
Item 2588200","Hydrogenated Poly(C6-20 Olefin), Cellulose Gum, Styrene/Isoprene Copolymer, Salicylic Acid, Poloxamer 407, Aloe Barbadensis Leaf Extract, Melaleuca Alternifolia (Tea Tree) Leaf Oil, Hamamelis Virginiana (Witch Hazel) Extract, Zinc.","After cleansing your skin, apply sticker tacky-side down onto blemish. For best results, wear for 6 hours, or overnight use.
Precautions: Don't apply any skin treatments or moisturizers between the patch and your skin.
Disclaimer: Do not reuse patches."
pimprod2037555,Loving Tan,Deluxe Gradual Tan Dark Rose,Suncare,Self-Tanning & Bronzing,$25.00,3.3 oz,https://media.ulta.com/i/ulta/2608534?w=100&h=100&fmt=auto,16 Reviews,"Benefits
Extends your tan
Moisturizes & softens
Build the perfect shade
Features
Quick drying
Proudly Australian Made
Formulated Without
Parabens
Item 2608534","Water (Aqua/Eau), Isopropyl Myristate, Dihydroxyacetone, Cetearyl Alcohol, Glyceryl Stearate, Propanediol, Ceteareth-20, Cetearyl Glucoside, Butyrospermum Parkii (shea) Butter, Coffea Arabica (Coffee) Fruit Extract, Euterpe Oleracea (Acai) Fruit Extract, Tocopheryl Acetate, Glycerin, Hydroxyethyl Acrylate/Sodium Acryloyldimethyl Taurate Copolymer, Sodium Metabisulfite, Fragrance (Parfum), Phenoxyethanol, Ethylhexylglycerine, Sodium Benzoate, Glucose, Sorbitol, Sorbitan Isostearate, Polysorbate 60, Coumarin, Benzyl Benzoate, Limonene, FD&C Red No. 40 (CI 16035), FD&C Blue No. 1 (42090), FD&C Yellow No. 5 (CI 19140).","Using your Deluxe Applicator Mitt and working in sections, apply to your body in smoothing movements.
Apply sparingly to dry areas such as feet, ankles, knees, hands and elbows.
Build a deeper tan by reapplying daily until the required depth of color is achieved.
Application tip: To maintain your flawless Mousse tan, Loving Tan recommends applying every other day."
pimprod2043771,Wet n Wild,Cooling Hydra De-Puffer Stick For Eyes & Face,Treatment & Serums,Face Serums,$5.99,0.45 oz,https://media.ulta.com/i/ulta/2620745?w=100&h=100&fmt=auto,9 Reviews,"Benefits
Refreshing and Clean: This depuffer wakes up your skin in an instant
Seamless Application: This easy-glide formula blends quickly and seamlessly into the skin.
Travel-Ready: Toss it in a bag, purse, or pocket to make on-the-go touchups and refreshes a breeze.
Item 2620745","Water (Eau), Dipropylene Glycol, Sodium Stearate, Silica, Peg-40 Hydrogenated Castor Oil, Phenoxyethanol, Ethylene Brassylate, Ethylhexylglycerin, Allantoin, Benzotriazolyl Dodecyl P-Cresol, Caffeine, Disodium EDTA, Menthone Glycerin Acetal, Tocopheryl Acetate, Triethoxycaprylylsilane, Butylene Glycol, Camellia Sinensis Leaf Extract, Hydrolyzed Hyaluronic Acid, Caprylyl Glycol, Hexylene Glycol, Blue 1 (CI 42090).",Apply to the under eyes and face as desired.
pimprod2038091,ELEMIS,Mini Pro-Collagen Energising Marine Cleanser,Travel Size Skin Care,,$19.00,1.0 oz,https://media.ulta.com/i/ulta/2604242?w=100&h=100&fmt=auto,30 Reviews,"Benefits
This luxurious gel cleanser helps energize the skin for optimum performance
Supercharged with minerals Magnesium, Zinc and Copper and a trio of acids, the advanced formula leaves the complexion looking beautifully revived and rejuvenated
It builds to a soft, rich lather to easily lift away makeup and daily grime without stripping the skin of essential moisture
The deep cleansing action helps reduce excess oil and minimizes the look of pores, for skin that feels rebalanced and invigorated
Research Results
97% agreed it helped to effectively remove daily grime and pollutants from skin*
95% agreed it helped to reduce excess oil and impurities from skin*
94% agreed it left skin feeling soft and smooth*
90% agreed it left skin looking energized*
*Independent User Trials 2019. Results based on 126 people over 2 weeks
Key Ingredients
Anti-Ageing Acid Trio: Succinic and Lactic acid work together to help gently break down the tiny bonds between dead skin cells, whilst Ferulic acid found in Acai provides moisturisation benefits, revealing a more luminous complexion
Padina Pavonica: A brown algae found on the Mediterranean coast that is known to support the feeling of hydration
Item 2604242","Aqua/Water/Eau, Glycerin, Sodium Lauroyl Sarcosinate, Lauryl Glucoside, Xanthan Gum, Cocamidopropyl Betaine, Phenoxyethanol, Hydroxypropyl Guar Hydroxypropyltrimonium Chloride, Chlorphenesin, Sodium Chloride, Disodium EDTA, Fragrance (Parfum), Copper PCA, Maris Sal/Sea Salt/Sel Marin, Succinic Acid, Euterpe Oleracea (Acai) Fruit Extract, Lactic Acid, Padina Pavonica Thallus Extract, Sodium Hydroxide, Zinc Gluconate, Magnesium Aspartate, Acacia Decurrens (Mimosa) Flower Extract, Rosa Centifolia Flower Extract, Linalool, Lactobacillus Ferment, Citronellol, Geraniol, Copper Gluconate, Rhizobian Gum, Sodium Hyaluronate.
Please note the ingredient lists are subject to change, customers should refer to the product packaging for the correct ingredient list.","Use every morning and evening.
Step 1 - Massage a pea-sized amount into damp skin with fingertips.
Step 2 - Add warm water to create a lather.
Step 3 - Rinse off."
pimprod2029976,Kate Somerville,EradiKate Acne Mark Fading Gel,Treatment & Serums,Acne & Blemish Treatments,$69.00,1.0 oz,https://media.ulta.com/i/ulta/2593460?w=100&h=100&fmt=auto,24 Reviews,"Benefits
Reduce size of post-acne marks
Fade acne marks for clearer skin
Prebiotics promote healthy skin barrier
Key Ingredients
2% Salicylic Acid: helps diminish breakouts and prevent future acne while encouraging natural, gentle exfoliation to unclog pores and slough away dead skin.
Prebiotic Complex: Balances and restores skin's protective microbiome barrier to minimize dry, stripped, damaged skin and assist in longer-lasting skin clarity.
Niacinamide: Brightens and evens skin tone from post-acne marks while improving the appearance of pores
AHAs: Resurface and smooth away uneven texture and dullness.
Research Results
After just 3 days*
81% reported the product reduced the size of post-acne marks.
80% reported the product faded post-acne marks.
After just 1 week*
91% reported the product reduced blemish size and redness.
Clinically proven results based on independent clinical study.
Allure Best of Beauty 2022 Award Winner
Item 2593460","Active: Salicylic Acid 2%
Anti-Acne Inactive: Water/Aqua/Eau, Coconut Alkanes, Pentylene Glycol, Niacinamide, Caprylyl Methicone, Glycerin,Propanediol,Cetearyl Olivate, Polysilicone-11, Potassium Cetyl Phosphate, Sorbitan Olivate, Carbomer, Microcitrus Australis Fruit Extract, Microcitrus Australasica Fruit Extract, Lens Esculenta (Lentil) Fruit Extract, Pyrus Malus (Apple) Fruit Extract, Citrullus Lanatus (Watermelon) Fruit Extract, Citrus Glauca Fruit Extract, Sodium Lactate, Phytosphingosine, Adenosine, Decyl Glucoside, 1,2-Hexanediol, Sodium PCA, Alpha-Glucan Oligosaccharide, Maltodextrin, Polyglyceryl-3 Caprate, Butylene Glycol, Aminomethyl Propanol,Polysorbate 20, Caprylhydroxamic Acid, Zinc PCA, Thymol, Terpineol, Hexylene Glycol, Caprylyl Glycol, Polydextrose, Dextrin, Amylopectin, Lactobacillus Ferment, Phenoxyethanol, Disodium EDTA, Sodium Benzoate, Potassium Sorbate.","Good for: Morning + Evening
How often: Daily
Application: Apply to targeted areas or all over a cleansed and dried face, avoiding eye area. Allow to fully absorb into the skin.
Precautions: When using this product, skin irritation and dryness is more likely to occur if you use another topical acne medication at the same time. If irritation occurs, only use one topical acne medication at a time."
pimprod2025372,I Dew Care,Space Kitten Exfoliating Charcoal Peel-Off Mask,Treatment & Serums,Face Masks,$23.00,2.7 oz,https://media.ulta.com/i/ulta/2582554?w=100&h=100&fmt=auto,132 Reviews,"Benefits
Exfoliating T-zone
Easy to use
Key Ingredients
Sapphire Powder: brightens and exfoliates skin
Charcoal, Volcanic Ash: absorbs sebum, impurities, and whiteheads
Moringa Seed Oil: purifies and provides a barrier against environmental stressors
Formulated Without
Parabens
Sulfates
Phthalates
Item 2582554","Water, Polyvinyl Alcohol, Alcohol Denat., Dipropylene Glycol, Iron Oxides (Ci 77499), Mica, Bentonite, Moringa Oleifera Seed Oil, Sapphire Powder, Charcoal Powder, Volcanic Sand, Xanthan Gum, 1,2-Hexanediol, Titanium Dioxide (Ci 77891), C12-14 Pareth-12, Calcium Titanium Borosilicate, Calcium Aluminum Borosilicate, Ethylhexylglycerin, Silica, Disodium Edta, Tin Oxide, Fragrance.","Apply an even layer to clean skin in the T-zone, avoiding eyebrows and hairline.
After 20-30 minutes or once mask is dry, gently peel off starting from the edges.
Rinse off any remaining product with warm water.
TIP: Recommend to use once a week on T-zone."
pimprod2014433,INDIE LEE,Discovery Kit,By Category,Skin Gifts,$29.00,,https://media.ulta.com/i/ulta/2563187?w=800&h=800&fmt=auto,109 Reviews,"Benefits
Brightening Cleanser (1.0 oz): removes makeup without stripping skin, provides antioxidant benefits for firmer looking skin, and as a gentle skin exfoliant to help deliver a brighter glow
CoQ10 Toner (1.0 oz): balances, refreshes, and nourishes tired skin with powerful antioxidants. Formulated without alcohol and essential oils
Squalane Oil (0.34 oz): boosts moisture retention and helps diminish the appearance of fine lines, improving overall complexion
Features
Leaping Bunny Certified, cruelty-free, and printed on FSC certified paper
Always formulated without 1,300+ banned ingredients, including: Parabens, Mineral Oil, Sulfate-based detergents, Synthetic Fragrance, Petroleum-based ingredients, Phthalates, Phenoxyethanol, Formaldehyde and GMO ingredients
Vegan
Great for all skin
Item 2563187","CoQ-10 Toner: Water (Aqua/Eau), Aloe Barbadensis, Ubiquinone (Coenzyme Q10), Hyaluronic Acid, Anthemis Nobilis (Chamomile), Salvia Officinalis (Sage), Carica Papaya Leaf Extract, Cucums Sativus (Cucumber) Extract, Citrus Aurantium Flower Oil, Propanediol, Ethylhexylglycerin, Potassium Sorbate.
Brightening Cleansing: Water (Aqua/Eau), Decyl Glucoside (Veg. Oils & Sugar), Disodium Coco-Glucoside Citrate, Coco Glucoside (Coconut and Sunflower Oil), Glyceryl Oleate, Hydrolyzed Wheat Protein, Xanthan Gum, Fragaria Chiloensis (Strawberry) Seed Oil, Lycopene (Tomato), Propanediol, Ethylhexylglycerin, Potassium Sorbate.
Squalane Facial Oil: Squalane Oil (Olive derived).","Brightening Cleanser: Apply to damp skin, massage and rinse. For an exfoliating mask, leave on for five minutes before rinsing.
CoQ-10 Toner: Spritz a cotton pad and apply to face and neck, morning and evening after cleansing. Can also spray directly onto the skin, avoiding eye area. Works great as a skin refresher after exercise or travel. For external use only.
Squalane Oil: Apply to freshly cleansed skin, morning and evening. Mix with your favorite foundation for a dewy glow.
Precautions: For external use only."
pimprod2052241,LOOPS,Dew Crew Hydrogel Face & Eye Mask 3 Piece Set,Treatment & Serums,Face Masks,$18.00,,https://media.ulta.com/i/ulta/2643886?w=100&h=100&fmt=auto,14 Reviews,"Benefits
Dew Cloud: Ultra Hydrating, Deeply Moisturizing Enhances Skin Barrier, Restores Youthful Skin
Double Take: Extra Glow, Brightening, Pore Refining, Calming
Weekly Reset: Hydrating, Brightening, Helps Reduce Wrinkles, Nourishing
Formulated Without
Parabens
Sulfates
Phthalates
Synthetic Fragrances
Drying Alcohol
Mineral Oil
Includes
Dew Cloud Ultra Hydrating Hydrogel Face Mask
Double Take Glow Hydrogel Face Mask
Weekly Reset Under Eye Ultra Hydrating Eye Mask
Item 2643886","Double Take: Water (Aqua/Eau), Glycerin, Propanediol, Ceratonia Siliqua (Carob) Gum, Butyrospermum Parkii (Shea) Butter, Chondrus Crispus Powder, Hydroxyacetophenone, Hydroxyethyl Urea, Chlorphenesin, Allantoin, Cellulose Gum, Glucomannan, Panthenol, Xanthan Gum, Disodium EDTA, Potassium Chloride, Sodium Polyacrylate, Dipotassium Glycyrrhizate, Dextrin, Ethylhexylglycerin, Helianthus Annuus (Sunflower) Seed Oil, Aloe Barbadensis Leaf Water, Butylene Glycol, Tocopherol, 1,2-Hexanediol, Cassia Angustifolia Seed Polysaccharide, Phenoxyethanol, Oenothera Biennis (Evening Primrose) Flower Extract, Pinus Palustris Leaf Extract, Pueraria Thunbergiana Root Extract, Ulmus Davidiana Root Extract, Titanium Dioxide (CI 77891), Red 40 (CI 16035), Ext. Violet 2 (CI 60730).
Dew Cloud: Water (Aqua/Eau), Glycerin, Butylene Glycol, Pentylene Glycol, 1,2-Hexanediol, Macadamia Integrifolia Seed Oil, Ceratonia Siliqua (Carob) Gum, Chondrus Crispus Powder, Butyrospermum Parkii (Shea) Butter, Kaolin (CI 77004), Polyglyceryl-3 Methylglucose, Distearate, Hydroxyethyl Urea, Allantoin, Cellulose Gum, Glucomannan, Glyceryl Stearate, Xanthan Gum, Potassium Chloride, Caprylyl, Glycol, Sodium Polyacrylate, Dextrin, Ethylhexylglycerin, Tocopherol, Ceramide NP, Mangifera Indica (Mango) Seed Butter, Niacinamide, Persea Gratissima (Avocado) Oil, Squalane, Centella Asiatica Extract, Beta-Glucan, Sucrose Palmitate, Hydrogenated Lecithin, Linoleic Acid, Tremella Fuciformis (Mushroom) Extract, Olea Europaea (Olive) Fruit Oil, Simmondsia Chinensis (Jojoba) Seed Oil, Vitis Vinifera, (Grape) Seed Oil, Honey Extract, Cellulose, Retinol, Sodium Hyaluronate, Polyglutamic Acid, Hyaluronic Acid, Hydrolyzed Hyaluronic Acid.
Weekly Reset Under Eye: Water (Aqua/Eau), Glycerin, Butylene Glycol, Propanediol, Ceratonia Siliqua (Carob) Gum, Polyglycerin-3, Chondrus Crispus Powder, Panthenol, Hydroxyacetophenone, Allantoin, Betaine, Xanthan Gum, Chlorphenesin, Hydroxyethyl Urea, Cellulose Gum, Glucomannan, Disodium EDTA, Potassium Chloride, Dextrin, Dipotassium Glycyrrhizate, Ethylhexylglycerin, Niacinamide, Tocopherol, 1,2-Hexanediol, Caprylyl Glycol, Pearl Extract, Caprylic/Capric Triglyceride, Polysorbate 20, Retinol, Calendula Officinalis Flower Extract, Impatiens Balsamina Flower Extract, Pelargonium Graveolens Extract, Tropaeolum Majus Flower/Leaf/Stem Extract, Iron Oxides (CI 77491).","Start by cleansing skin and gently patting dry.
Tear package at notch to open.
Apply the textured side of the mask to face, starting with the top half and then bottom.
Peel off remaining film. Leave on for a LOOP (10 minutes), then peel off.
Tap remaining serum into skin for full ingredient absorption.
Use only as directed."
pimprod2046994,Rael,Miracle Patch 3-Step Pore Melting Pack,Treatment & Serums,Acne & Blemish Treatments,$8.99,3 ct,https://media.ulta.com/i/ulta/2629918?w=100&h=100&fmt=auto,145 Reviews,"Benefits
Safe for use on all skin types, including sensitive skin
Deeply clarifies pores and dissolves impurities
Soothes irritation and minimizes the appearance of pores
Fragrance-free, non-irritating, and non-drying
Dermatologist-tested
Features
Pore Melting Sheet delivers sebum clearing ingredients to soften and dissolve blackheads
Cotton Swabs gently wipe away remaining impurities
Soothing Sheet calms redness and irritation
Includes Pore Melting Sheets (3 ct), Cotton Swabs (6 ct), Soothing Sheets (3 ct)
Key Ingredients
Succinic Acid: Reduces sebum and helps eliminate buildup
Peppermint Extract: Dissolves pore-clogging impurities
Jeju Mugwort Extract: A powerful antioxidant that soothes skin and reduces the appearance of redness
Item 2629918","Melting Sheet: Water (Aqua), Hamamelis Virginiana (Witch Hazel) Water, Salvia Officinalis (Sage) Leaf Extract, Butylene Glycol, Arctium Majus Root Extract, Juniperus Communis Fruit Extract, Melissa Officinalis Leaf Extract, Mentha Piperita (Peppermint) Leaf Extract, Hypericum Perforatum Flower/Leaf/Stem Extract, Saponaria Officinalis Leaf Extract, 1,2-Hexanediol, Hydroxyacetophenone, Allantoin, Glycolic Acid, Glycerin, Polyglyceryl-10 Laurate, Polyglyceryl-10 Myristate, Ethylhexylglycerin, Sodium Phytate, Gluconolactone, Vanillyl Butyl Ether, Simmondsia Chinensis (Jojoba) Seed Oil, Succinic Acid, Artemisia Scoparia Extract.
Soothing Sheet: Water (Aqua), Dipropylene Glycol, Glycerin, 1,2-Hexanediol, Hydroxyacetophenone, Allantoin, Xanthan Gum, Carbomer, Dipotassium Glycyrrhizate, Arginine, Sodium Phytate, Sodium Hyaluronate, Succinic Acid, Artemisia Scoparia Extract, Butylene Glycol.","Apply Pore Melting Sheet on nose for 10-15 minutes then remove.
Wipe away remaining impurities with Cotton Swabs.
Place Soothing Sheet on nose for 10-15 minutes.
Remove and pat excess essence into skin.
Precautions: For external use only. Avoid contact with eyes. If irritation or discomfort occurs, discontinue use and consult a physician immediately. Avoid contact with eyes. Keep out of reach of children."
pimprod2041142,DIME,Tinted Lip Balm: Ultra-Hydrating,Lips,Lip Balms & Treatments,$22.00,0.5 oz,https://media.ulta.com/i/ulta/2616846?w=100&h=100&fmt=auto,710 Reviews,"Benefits
Ultra-hydrating
Soothing & reparative
Key Ingredients
Shea Butter: Contains fatty acids, which form a barrier on the lips to assist with increasing moisture retention in the skin. This leaves your lips feeling supple and plump. Shea butter is naturally rich in vitamins A, E, and F, which help repair and soften the lips.
Phospholipids: One of nature's most powerful humectants, which helps lock in moisture and support the body's natural hydration process, and promote skin barrier function.
Formulated Without
Sulfates: DIME products never contain skin-irritating ingredients such as sulfates. Sulfate-free products are gentle on the skin and can help decrease the chances of an allergic reaction.
Phthalates: Certain phthalates (like Dibutyl Phthalate, aka DBP, or DEHP, and DEP) appear on product labels, but most typically remain unlisted, hiding under the term “fragrance.” Since some phthalates have been linked to hormone disruption, DIME avoids them.
Item 2616846","Phytosteryl/Isostearyl/Cetyl/Stearyl/Behenyl Dimer Dilinoleate, Caprylic/Capric Triglyceride, VP/Hexadecene Copolymer, Hydrogenated Polyisobutene, Microcrystalline Wax, Butyrospermum Parkii (Shea) Butter, Glycerin, Vanilla, Meadowfoam Estolide, Theobroma Cacao (Cocoa) Seed Butter, Stearalkonium Hectorite, Sucralose, Euphorbia Cerifera (Candelilla) Wax, Octyldodecyl PCA, Limnanthes Alba (Meadowfoam) Seed Oil, Propylene Carbonate, Linoleic Acid, Phospholipids, Phytosterols, Sodium Hyaluronate, Sucrose Distearate, Ricinus Communis (Castor) Seed Oil, Hydrogenated Castor Oil, Iron Oxides, Water, Helianthus Annuus (Sunflower) Seed Oil, Tocopherol, Plankton Extract.","Apply Tinted Lip Balm to lips as part of your skincare routine. Reapply throughout the day as needed or desired.
As a Conscious Beauty brand, DIME features sustainable packaging. Once product is empty, rinse tube and toss into recycling bin."
pimprod2033567,Bondi Sands,GLO Matte One Day Tan for Face and Body,Suncare,Self-Tanning & Bronzing,$19.00,3.3 oz,https://media.ulta.com/i/ulta/2600654?w=100&h=100&fmt=auto,34 Reviews,"Benefits
Perfect for those looking for an instant, one day touch of color for the face or body
Skin perfecting formula that glides on effortlessly, giving you a flawless bronze finish
Transfer & water resistant
Customizable for face and body
When applying to the body use an application mitt for an even, streak-free finish. When applying to face or using as a contour/highlighter, use a make up brush or blending sponge
Item 2600654","Aqua (Water), Cyclopentasiloxane, Cyclohexasiloxane, CI 77891 (Titanium Dioxide), CI 77492 (Iron Oxides), Peg/Ppg-19/19 Dimethicone, Propylene Glycol, CI 77499 (Iron Oxides), Phenoxyethanol, CI 77491 (Iron Oxides), Disteardimonium Hectorite, Silica, Potassium Sorbate, Sorbitan Isostearate, Tocopheryl Acetate, Cucumis Sativus (Cucumber) Fruit Water, Triethoxycaprylylsilane, Parfum (Fragrance), Ascorbyl Palmitate, Sodium Benzoate, Gluconolactone, Benzyl Salicylate, Hydroxycitronellal, Alpha-Isomethyl Ionone.","Step 1. Shake well. Apply small amount of GLO Matte One Day Tan directly onto the skin.
Step 2. Spread evenly with hands or an application mitt. Reapply GLO Matte One Day Tan as required.
Step 3. Wash hands after application and remove from skin using a cloth with warm water and soap.
Precautions: For external use only. This product does not contain a sunscreen and does not protect against sunburn. Repeated exposure of unprotected skin while tanning may increase the risk of skin aging, skin cancer and other harmful effects to the skin even if you do not burn. Keep out of the sight and reach of children. Carry out a patch test 24 hours prior to use. Do not apply to damaged or inflamed skin. If irritation, redness or itchiness occurs, discontinue use. If swallowed, get medical attention or contact a Poison Control Centre right away. Keep away from eyes. If material accidentally enters the eye, rinse well with plenty of clean water. Seek medical attention if irritation persists."
pimprod2049774,Ahava,Hyaluronic Acid Eye Cream,Eye Treatments,Eye Cream,$40.00,0.5 oz,https://media.ulta.com/i/ulta/2634774?w=100&h=100&fmt=auto,,"Benefits
Long lasting hydration
Helps reduce the look of fine lines
Helps lessen fatigue signs (puffiness, dark circles)
Plumps and softens
Easily absorbed
Fragrance free
Research Results
97% of women indicated the eye zone feels hydrated and plumped throughout the day
97% of women indicated saw improvement in their dark circles
97% of women saw visible reduction in fine lines
93% of women indicated improvement in puffiness
Key Ingredients
Hyaluronic Acid
Osmoter™ stimulates natural, own-to-skin production of hyaluronic acid, collagen, and other compounds and ensures your skin’s health, strength & youthful appearance.
Item 2634774","Aqua (Mineral Spring Water), Glycerin, Cetearyl Ethylhexanoate, Aloe Barbadensis (Aloe-Vera) Leaf Juice, Limnanthes Alba (Meadowfoam) Seed Oil, Isodecyl Neopentanoate, Isodecyl Isononanoate, Propanediol, Hydroxyethyl Acrylate/Sodium Acryloyldimethyl Taurate Copolymer, Dimethicone, Cocos Nucifera (Coconut) Oil, Saccharide Isomerate, Phenoxyethanol, Octyldodecanol, Polyacrylate Crosspolymer-6, Dimethicone/Vinyl Dimethicone Crosspolymer, Octyldodecyl Xyloside, Sorbitan Isostearate, Polysorbate 60, Chlorphenesin, Caprylyl Glycol, Didecyldimonium Chloride, Citric Acid, Sodium Citrate, Sodium Benzoate, Potassium Sorbate, Pentylene Glycol, Tocopherol (Vitamin E), Gardenia Taitensis Flower Extract, Acmella Oleracea Extract, Allantoin, Albizia Julibrissin Bark Extract, Sigesbeckia Orientalis Extract, Sodium Hyaluronate (Hyaluronic Acid Salt), Phoenix Dactylifera (Date) Fruit Extract, Dunaliella Salina (Dead Sea Alga) Extract, Maris Aqua (Dead Sea Water/Osmoter).",Apply twice a day to clean eye area.
pimprod2047586,NUDESTIX,NUDEGLOW Lip Set - Hydrating Peptide Lip Butter,Lips,Lip Balms & Treatments,$35.00,,https://media.ulta.com/i/ulta/2630219?w=100&h=100&fmt=auto,81 Reviews,"Includes
Rose Sparkle: Soft rose gloss tint with a gold shimmer and vanilla-mint flavor
Vanilla Sprinkle: Nude pink gloss tint with an iridescent rose gold shimmer and vanilla-mint flavor
Mocha Magic: Rich chocolate gloss tint with a rosegold shimmer and vanilla-mint flavor
Key Ingredients
Avocado Butter: Juicy avocado butter nourishes to leave your lip skin soft, supple & hydrated
Shea Butter: Rich shea butter is a lipid-rich emollient, loaded with multi-vitamins A & E, that melts over lips to soften dry, soothe chapped, and protects lips
Peptides: Use 2X daily to increase hyaluronic acid by +101% to lock in juicy moisture by over +50%
Formulated Without
Sulfates
Phthalates
Parabens
Gluten
Synthetic fragrances
Item 2630219","Vanille Sprinkle: Hydrogenated Polyisobutene, Butyrospermum Parkii (Shea) Butter, Octyldodecanol, Ethylhexyl Palmitate, Calcium Aluminum Borosilicate, Silica Dimethyl Silylate, Menthone Glycerin Acetal, Cetearyl Ethylhexanoate, Persea Gratissima (Avocado) Oil, Vanillin, Mentha Piperita (Peppermint) Oil, Silica, Tribehenin, Sorbitan Isostearate, Tin Oxide, Portulaca Pilosa Extract, Lactic Acid, Sucrose Cocoate, Palmitoyl Tripeptide-1, Palmitoyl Tripeptide-38, *Menthol, *Pinene, *Beta-Caryophyllene, *Limonene, *Terpineol, *Carvone, *Alpha-Terpinene, *Terpinolene, *Linalool. May Contain: Titanium Dioxide (CI 77891), Iron Oxides (CI 77491, CI 77492, CI 77499) Blue 1 Lake (CI 42090), Red 7 Lake (CI 15850). *Naturally Occurring In Essential Oils Listed
Rose Sparkle: Hydrogenated Polyisobutene, Butyrospermum Parkii (Shea) Butter, Octyldodecanol, Ethylhexyl Palmitate, Calcium Aluminum Borosilicate, Silica Dimethyl Silylate, Menthone Glycerin Acetal, Cetearyl Ethylhexanoate, Persea Gratissima (Avocado) Oil, Vanillin, Mentha Piperita (Peppermint) Oil, Silica, Tribehenin, Sorbitan Isostearate, Portulaca Pilosa Extract, Tin Oxide, Lactic Acid, Sucrose Cocoate, Palmitoyl Tripeptide-1, Palmitoyl Tripeptide-38, *Menthol, *Pinene, *Beta-Caryophyllene, *Limonene, *Terpineol, *Carvone, *Alpha-Terpinene, *Terpinolene, *Linalool. May Contain: Titanium Dioxide (CI 77891), Iron Oxides (CI 77491, CI 77492, CI 77499), Yellow 5 Lake (CI 19140), Red 7 Lake (CI 15850), Blue 1 Lake (CI 42090). *Naturally Occurring In Essential Oils Listed
Mocha Magic: Hydrogenated Polyisobutene, Butyrospermum Parkii (Shea) Butter, Octyldodecanol, Ethylhexyl Palmitate, Silica Dimethyl Silylate, Calcium Aluminum Borosilicate, Menthone Glycerin Acetal, Cetearyl Ethylhexanoate, Persea Gratissima (Avocado) Fruit Butter, Vanillin, Mentha Piperita (Peppermint) Oil, Silica, Tribehenin, Sorbitan Isostearate, Portulaca Pilosa Extract, Tin Oxide, Lactic Acid, Sucrose Cocoate, Palmitoyl Tripeptide-1, Palmitoyl Tripeptide-38 *Menthol, *Pinene, *Beta-Caryophyllene, *Limonene, *Terpineol, *Carvone, *Alpha-Terpinene, *Terpinolene, *Linalool. May Contain: Titanium Dioxide (CI 77891), Iron Oxides (CI 77491, CI 77492, CI 77499), Red 7 Lake (CI 15850). *Naturally Occurring In Essential Oils Listed","Apply daily, morning and night, 2X per day and as required throughout the day."
pimprod2021584,The Crème Shop,How Do Eye Look? Fresh Hydrogel Under Eye Patches,K-Beauty,,$4.00,1 pair,https://media.ulta.com/i/ulta/2576342?w=100&h=100&fmt=auto,35 Reviews,"Benefits
Nourishing and preventative
Helps revitalize tired, dull eyes
Ultra-hydrating, moisturizing
Key Ingredients
Squalane - Assists in nourishing and hydrating to improve overall skin wellness
Peptide - Repairs damaged skin cells and helps produce Collagen to promote a youthful glow
Vitamin E - Helps moisturize while strengthening the skin barrier
Formulated Without
Parabens
Sulfates
Item 2576342","Water, Glycerin, Butylene Glycol, Olive Oil PEG-8 Esters, Chondrus Crispus (Carrageenan), 1,2-Hexanediol, Polysorbate 20, Cyamopsis Tetragonoloba (Guar) Gum, Ceratonia Siliqua (Carob) Gum, Chlorphenesin, Ethylhexylglycerin, Coptis Japonica Root Extract, Potassium Chloride, Schizandra Chinensis Fruit Extract, Glycyrrhiza Glabra (Licorice) Root Extract, Zingiber Officinale (Ginger) Root Extract, Dextrin, Dipotassium Glycyrrhizate, Camellia Sinensis Leaf Extract, Sucrose, Disodium EDTA, Squalane, Fragrance, Caprylyl Glycol, Polyglyceryl-10 Myristate, Hydrogenated Lecithin, Panthenol, Tocopheryl Acetate, Magnesium Ascorbyl Phosphate, Retinyl Palmitate, Acetyl Hexapeptide-8, Glutathione, Oligopeptide-32, Oligopeptide-29, Palmitoyl Pentapeptide-4, Palmitoyl Tripeptide-1.","Apply patches to freshly cleansed under eye area. Smooth out patches to ensure hydrogel sheet makes good contact with skin. Relax and wear patches for 15 minutes, then discard. Gently pat any remaining serum into skin. Follow up with usual skin care regimen.
Precautions: For external use only. Do not reuse patch."
pimprod2051753,FARMACY,Deep Sweep 2% BHA Pore Cleaning Toner,Cleansers,Toner,$34.00,4.0 oz,https://media.ulta.com/i/ulta/2641627?w=100&h=100&fmt=auto,1 Review,"Features
This refreshing, water-light daily toner contains a blend of salicylic acid, moringa water and papaya enzyme to help reduce shine and minimize the look of pores.
Ideal for combination and oily skin, this formula effectively exfoliates and cleans pores to reveal a healthy-looking complexion.
Key Ingredients
Salicylic Acid (BHA) 2%: exfoliates, visibly cleans pores, draws out excess oil, and visibly refines texture
Moringa Seed Extract and Moringa Water: refresh skin by removing visible impurities and dirt
Papaya Enzymes: gently exfoliate and visibly clarify, revealing a fresh-looking complexion
Research Results
Based on a 6-week consumer panel test ages 18 to 36 with combination or oily skin:
100% agreed dirt, oil and impurities were fully removed
95% agreed pores were deeply clean
89% agreed skin looked visibly less oily
Item 2641627","Water/Aqua/Eau, Arginine, Salicylic Acid, Lactobacillus/Papaya Fruit Ferment Extract, Moringa Oleifera Leaf Water, Moringa Oleifera Seed Extract, Eucalyptus Globulus Leaf Water, Chlorella Ferment, Paeonia Suffruticosa Root Extract, Scutellaria Baicalensis Root Extract, Lactic Acid, Glycerin, Butylene Glycol, Xylitylglucoside, Anhydroxylitol, Xylitol, Leuconostoc/Radish Root Ferment Filtrate, Gluconolactone, Maltodextrin, Glucose, Potassium Sorbate, Sodium Benzoate.
The list of ingredients is subject to change, please consult the packaging of the product purchased.","-Swipe onto a clean face, AM and/or PM, avoiding your eye area.
-Do not rinse.
-You may experience a slight tingling sensation.
-Can be used daily in absence of irritation.
-For daytime use, follow with sunscreen."
pimprod2025802,Buttah Skin,Vibe Facial Cleansing Brush,Skincare Tools,Cleansing Brushes,$54.00,1 ct,https://media.ulta.com/i/ulta/2585287?w=100&h=100&fmt=auto,552 Reviews,"Benefits
Recommended for all skin types
High-vibe effective facial cleansing that gently exfoliates, eliminates dullness and dead skin cells
Features
Water resistant, designed to be used in the shower
The sonic pulsation delicately massages skin, stimulating and energizing skin on a deeper level
Pores look less visible and skin's tone and texture is improved
Item 2585287",,"Dampen face with water. Apply the Buttah Cleanser directly onto the Buttah Vibe Brush. Cleanse with sonic pulses for 1 to 2 minutes while massaging the brush in upward motion to energize the skin. Rinse and pat dry. Follow up with Buttah Vitamin C Serum, Facial Shea Butter, or CocoShea Cream."
pimprod2046906,Urban Veda,Anti-Aging Rose Reviving Night Cream,Moisturizers,Night Cream,$34.00,1.6 oz,https://media.ulta.com/i/ulta/2631192?w=100&h=100&fmt=auto,6 Reviews,"Benefits
Best for dry, mature skin types
Lightweight & hydrating
Formulated Without
SLS/SLES
Mineral Oil/paraffinum liquidum
Key Ingredients
Rosehip: Rosehip is a natural retinol alternative that is plant-based and gentle on the skin. Rosehip is a natural alternative to Vitamin A which evens the skin tone, moisturizes dry skin, and replenishes skin cells.
Sweet Almond - Rich in vitamins A and E, monounsaturated fatty acids, proteins, potassium and zinc, sweet almond oil helps to cleanse & moisturize the skin and is used to reduce skin inflammation
Item 2631192","Aqua (Water), Isopropyl Palmitate, Glycerin (vegetal), Caprylic/Capric Triglyceride, Cetearyl Alcohol, Prunus Amygdalus Dulcis (Sweet Almond) Oil, Polyglyceryl-3 Dicitrate/Stearate, Glyceryl Stearate, Rosa Damascena (Rose Damask) Flower Water**, Punica Granatum (Pomegranate) Fruit Extract**, Borago Officinalis (Borage) Seed Extract, Jasminum Officinale (Jasmine) Flower Extract, Oenothera Biennis (Evening Primrose) Seed Extract, Terminalia Arjuna Bark Extract, Rosa Canina (Rosehip) Fruit Oil, Rosa Damascena (Rose Damask) Flower Oil, Pelargonium Graveolens (Rose Geranium) Oil, Eugenia Caryophyllus (Clove) Bud Oil, Xanthan Gum, Citric Acid, Sodium Phytate, Potassium Sorbate, Sodium Benzoate, Sodium Polyacrylate, Hydroxyacetophenone, Phenoxyethanol, Ethylhexylglycerin, Parfum, Citronellol*, Geraniol*
*Naturally occurring in essential oils, **Organic","Apply to face, neck and chest with circular massage. Use each evening after cleansing and hydrating. Blends well with 1-2 drops of facial oil."
pimprod2050103,Wildfleur,P-hyaluronic Acid 5.1% + Sunflower Hydrating Serum,Treatment & Serums,Face Serums,$26.00,1 oz,https://media.ulta.com/i/ulta/2634832?w=100&h=100&fmt=auto,278 Reviews,"Features
5.1% biocompatible p-hyaluronic acid
Patented microfluidic technology, that creates a lightweight, bubble serum to encapsulate actives
Clinically tested
Dermatologist tested
Suitable for all skin types (including sensitive skin)
Formulated without: artificial fragrances, artificial colors, parabens, sulfates (including SLS + SLES), siloxanes, phthalates
Key Ingredients
3% glycerin + 5% tamarind flower solution - Combining one of the most clinically proven humectants (attested to be more effective than topical HA) with a polysaccharide complex derived from the seeds of the tamarind flower, we optimized for skin permeability and deeper hydration
1% micro sunflower - Using agronomic R&D, we developed sunflower microgreens, rich in ⍺-tocopherol that helps protect the skin by serving as a primary barrier antioxidant against lipid peroxidation. They also work synergistically with TSP to stimulate collagen production and inhibit hyaluronidase
Research Results
In a clinical study with over 70 people:
95% saw improvement in skin hydration after only 2 weeks
95% saw improvement in skin softness after only 2 weeks
92% saw visible improvement in skin smoothness after 4 weeks
90% saw visible improvement in skin radiance after 8 weeks
90% saw visible improvement in skin texture after 8 weeks
Item 2634832","Water / Aqua, Propanediol, Pentylene Glycol, Glycerin, Isononyl Isononanoate, Limnanthes Alba (Meadowfoam) Seed Oil, Sodium Hyaluronate, Helianthus Annuus (Sunflower) Leaf/Stem Extract, Borago Officinalis (Borage) Seed Oil, Tamarindus Indica (Tamarind) Seed Gum, Trisodium Ethylenediamine Disuccinate, Chlorphenesin, Glucose, Castor Oil/Ipdi Copolymer, Carbomer, Dehydroxanthan Gum, Sodium Hydroxide, Caprylic/Capric Triglyceride, Coco-Caprylate/Caprate, Tocopherol.","Apply 2 to 3 pumps to clean face and neck (AM + PM). Follow with moisturizer (and sun protection during daytime).
Tip:
Use before or after active-based serums like vitamin C, retinoids etc. (layering the serums depending on thickness) to lock in the benefits of the chosen active while hydrating and replenishing the skin barrier."
pimprod2045896,Coco & Eve,Travel Size Bali Bronzing Foam,Suncare,Self-Tanning & Bronzing,$19.00,1.69 oz,https://media.ulta.com/i/ulta/2629180?w=100&h=100&fmt=auto,,"Benefits
World's first 100% Natural DHA self-tan body treatment with full skincare benefits and ZERO nasties
Color guide technology so your tan is even and works with your skin tone
Fast drying and develops in just 2 hours Tropical Balinese Mango and Guava Scent. (No biscuit smells here!)
No Streaks. No Bad Smells. No Stress.
Key Ingredients
Coco & Eve's signature Raw Virgin Coconuts, along with botanicals and amino acids, hydrate and firm skin
Cocoa, Banana and Papaya blur skin imperfections and reduce uneven pigmentation
Item 2629180","Aqua/Water/Eau, Dihydroxyacetone, Glycerin, Pentylene Glycol, Lotus Maritimus Flower/Leaf Extract, Musa Sapientum (Banana) Fruit Extract/ Musa Sapientum Fruit Extract, Carica Papaya (Papaya) Fruit Extract/Carica Papaya Fruit Extract, Cocos Nucifera (Coconut) Fruit Extract/ Cocos Nucifera Fruit Extract, Ficus Carica (Fig) Fruit Extract/Ficus Carica Fruit Extract, Garcinia Mangostana Fruit Extract, Mangifera Indica (Mango) Fruit Extract/ Mangifera Indica Fruit Extract, Theobroma Cacao (Cocoa) Seed Extract/ Theobroma Cacao Seed Extract, Erythrulose, Coconut Oil Glycereth-8 Esters, PEG-40 Hydrogenated Castor Oil, Trideceth-9, Hydroxypropyl Methylcellulose, Sodium Cocoyl Glutamate, Propylene Glycol, Trisodium Ethylenediamine Disuccinate, Parfum/Fragrance/Perfume, Sodium Metabisulfite, Sodium Benzoate, Potassium Sorbate, Citric Acid, CI 14700/ FD&C Red No. 4, CI 19140/ FD&C Yellow No. 5, CI 42090/ FD&C Blue No. 1.","Exfoliate before use. Apply to dry skin, free from moisturizers. Apply using a self tanning mitt in circular motions. Use sparingly on elbows, knees, wrists and hands. Allow to develop for a minimum of 2 hours or overnight for a deeper tan. Rinse off and gently pat skin dry. Moisturize daily to maintain results.
Precautions: Do not apply to sore, broken, irritated or sensitive skin. Avoid contact with eyes, hair and fabrics. Wash hands after use. Wipe the nozzle/bottle clean before storing away in a cool place, out of direct sunlight. Stored below 86 degrees F. In warmer weather, it is advisable to store the product in a fridge. Remove 2 hours from the fridge prior to use.
This product does not contain a sunscreen and does not protect against sunburn. Repeated exposure of unprotected skin while tanning may increase the risk of skin aging, skin cancer, and other harmful effects to the skin even if you do not burn.
Keep out of the reach of children
For external use only. Use only as directed. Stop using this product if you develop redness or itching."
pimprod2037443,b.tan,Erase Tan Repeat 2-in-1 Body Wash + Scrub,Suncare,Self-Tanning & Bronzing,$12.99,8.0 oz,https://media.ulta.com/i/ulta/2606142?w=100&h=100&fmt=auto,75 Reviews,"Benefits
Create the perfect canvas for your next self tan or remove an old one natural wax beads for light exfoliation.
Formulated Without
Parabens
Item 2606142","Water (Aqua, Eau), Hydrogenated Castor Oil, Acrylates Copolymer, Sodium C-14-16 Olefin Sulfonate, Cocamidopropyl Hydroxysultaine, Cocamidopropyl Betaine, Cocamide MIPA, Phenoxyethanol, Sodium Hydroxide, Sodium Chloride, Glycerin, Hydroxypropylmethyl Cellulose, Panthenol, Lactic Acid, Glycolic Acid, Fragrance (Parfum).","To make your old tan go away wait at least 3 days after applying your self tan before using. apply & gently rub in to wet skin in circular motions using your hands. makes your old tan go away & preps your skin for the next bangin' tan.
Precautions: This product does not contain a sunscreen and does not protect against sunburn. Repeated exposure of unprotected skin while tanning may increase the risk of skin aging, skin cancer, and other harmful effects to the skin even if you do not burn. use only as directed. Avoid contact with eyes & lips. Carry out a patch test 24 hours before use. do not apply to broken or irritated skin. store below 86˚F in a cool, dark area. Keep out of reach of children. For external use only."
pimprod2013506,Pixi,Rose Tonic Nourishing Toner with Rose and Elderflower,Cleansers,Toner,$18.00,4.2 oz,https://media.ulta.com/i/ulta/2562284?w=100&h=100&fmt=auto,15 Reviews,"Benefits
Rehydrates, replenishes and refreshes
Alcohol free
Paraben-free
Suitable for all skin types, including very sensitive
Key Ingredients
Rose Flower Extract calms and minimizes redness
Elderflower soften, tones and brightens
Chamomile soothes skin from irritation
Item 2562284","Water/Aqua/Eau, Rosa Damascena Flower Water, Propanediol, Glycerin, Aloe Barbadensis Leaf Juice, Sodium PCA, Peg-40 Hydrogenated Castor Oil, Triethyl Citrate, Rose Extract, Phenoxyethanol, Rosa Canina Extract, Camellia Sinensis Leaf Extract, Sambucus Nigra Flower (Elder Flower) Extract, Chamomilla Recutita (Matricaria) Flower Extract, Sodium Hyaluronate, Betaine, Sodium Citrate, Montmorillonite, Citric Acid, Disodium EDTA, Ethylhexylglycerin, Potassium Sorbate, Sodium Benzoate.","Use either in the AM and PM or when needed. First, cleanse your face, then sweep a saturated cotton pad across face, neck and décolletage, avoiding eye area. Follow with a serum or moisturizer (no need to rinse off)."
pimprod2038082,ZitSticka,Mini KILLA Kit Deep Zit Microdart Patch,Travel Size Skin Care,,$14.00,4 ct,https://media.ulta.com/i/ulta/2562314?w=100&h=100&fmt=auto,"6,111 Reviews","Benefits
Deep-diving microdart patch. For the deep, hard-to-reach zit.
Each patch is layered with 24-self dissolving microdarts that melt within 2 hours of application, releasing zit-fighting ingredients.
Each kit also contains exfoliating ingredients soaked CLEANA swabs to prime the area prior to application. Elsewhere, can be used independently to placate a superficial zit's appearance.
KILLA Kit includes: KILLA Spot Clarifying Microdart Patch (4 ct) and CLEANA Cleansing Swab (4 ct)
Dermatologically formulated
Key Ingredients
Salicylic Acid: Helps to gently exfoliate the skin and unclog pores by ungluing dead skin cells.
Niacinamide: reduces the appearance of redness.
Oligopeptide-76: Potent but non-irritating antimicrobial peptide that disrupts progression of a zit.
Sodium Hyaluronate (Hyaluronic acid): a moisture magnet that drenches skin to replenish hydration stores.
Formulated Without
Animal Byproducts
Phtalates
Sulfates
Parabens
Gluten
Fragrance
Item 2562314","Patch: Sodium Hyaluronate, Oligopeptide-76, Niacinamide, Sodium Hydroxide, Salicylic Acid.
Swab: Alcohol, Water, Melaleuca Alternifolia (Tea Tree) Leaf Oil, Tocopheryl Acetate, Salicylic Acid.","Swipe the affected area using a CLEANA swab
Apply KILLA patch, place + hold to skin. Feel the tingles!
Microdarts dissolve within 2 hours. Your face is en route to its former 11/10 glory!"
pimprod2018366,Kiehl's Since 1851,Calendula Petal-Infused Calming Mask with Aloe Vera,Treatment & Serums,Face Masks,$47.00,3.4 oz,https://media.ulta.com/i/ulta/2536641?w=100&h=100&fmt=auto,243 Reviews,"Benefits
Hydrates and soothes skin with moisture and helps reduce signs of distress
Bursts into a refreshing surge of cooling hydration upon application
Revitalizes skin over time for a healthy-looking complexion
Key Ingredients
Calendula: native to the Mediterranean, known for skin soothing properties and commonly used in skincare products for oily skin types
Aloe Vera: widely used for centuries in traditional and herbal medicine, it is known to hydrate and soothe skin
Item 2536641","Aqua / Water, Aloe Barbadensis Leaf Juice, Glycerin, Propylene Glycol, Propanediol, 1,2-Hexanediol, Pentylene Glycol, Caprylic/Capric Triglyceride, Tridecyl Trimellitate, Hydroxyacetophenone, Hydroxyethyl Acrylate/Sodium Acryloyldimethyl Taurate Copolymer, Acrylates/C10-30 Alkyl Acrylate Crosspolymer, Polyacrylate Crosspolymer-6, Dimethicone, Isohexadecane, Calendula Officinalis Flower, Potassium Hydroxide, Carbomer, Centella Asiatica Extract, Squalane, Tocopherol, Disodium Edta, Calendula Officinalis Flower Extract, Polysorbate 60, Scutellaria Baicalensis Root Extract, Polygonum Cuspidatum Root Extract, Bisabolol, Glyceryl Polyacrylate, Hedera Helix Extract - Ivy Leaf/Stem Extract, Sorbitan Isostearate, Glycyrrhiza Glabra Root Extract / Licorice Root Extract, Camellia Sinensis Leaf Extract, Chamomilla Recutita Flower Extract / Matricaria Flower Extract, Rosmarinus Officinalis Leaf Extract / Rosemary Leaf Extract, Potassium Sorbate, Sodium Benzoate, Zingiber Officinale Root Extract / Ginger Root Extract.","After cleansing, apply a thick, visible layer of this calming face mask. Leave face mask on for 15 minutes. Rinse with warm water and massage gently in a circular motion. Pat dry with a soft towel. Avoid contact with eyes, in case of contact, rinse immediately with water. Recommended for use 3 times a week."
pimprod2017860,Erborian,Yuza Sorbet Day Cream - Vitamin C,Moisturizers,Face Moisturizer,$49.00,1.7 oz,https://media.ulta.com/i/ulta/2571594?w=100&h=100&fmt=auto,26 Reviews,"Features
Packed with Korean plant extracts known for their skincare benefits
Irresistibly soft texture contains microcapsules with antioxidant properties to help fight the first signs of aging caused by environmental factors
With a natural fragrance of energizing citrus, its perfect to use in the morning to make you feel fresh and ready to take on the day
Formulated Without
Parabens
Sulfates
Phthalates
Item 2571594","Aqua/Water, Cyclomethicone, Glycerin, Nylon-12, Dimethicone, Dipropylene Glycol, Sodium Citrate, Butylene Glycol, Peg/Ppg-18/18 Dimethicone, Prunus Amygdalus Dulcis (Sweet Almond) Oil, Polysorbate 20, Citrus Junos Fruit Extract, Glycyrrhiza Glabra (Licorice) Root Extract, Centella Asiatica Extract, Scutellaria Baicalensis Root Extract, Polygonum Cuspidatum Root Extract, Camellia Sinensis Leaf Extract, Chamomilla Recutita (Matricaria) Flower Extract, Prunus Mume Fruit Extract, Rosmarinus Officinalis (Rosemary) Leaf Extract, Mel/Honey Extract, Zea Mays (Corn) Oil, Sesamum Indicum (Sesame) Seed Oil, Olus Oil/Vegetable Oil, Glycine Soja (Soybean) Oil, Tocopherol, Ethylhexylglycerin, Mannitol, Tocopheryl Acetate, Cellulose, Hydroxypropyl Methylcellulose, Phenoxyethanol, Dimethicone/Vinyl Dimethicone.",Apply to cleansed skin in the AM.
pimprod2035542,Proactiv,ProactivClean Azelaic Pore Perfector,Treatment & Serums,Face Serums,$45.00,3.0 oz,https://media.ulta.com/i/ulta/2600523?w=100&h=100&fmt=auto,22 Reviews,"Benefits
A daily-use, lightweight serum-like lotion that absorbs quickly
Helps to visibly improve skin's tone and radiance while helping to reduce redness and irritation
Decongests pores and helps improve the look of uneven skin tone
Provides overall skin clarity
Key Ingredients
Azelaic acid: A naturally occurring acid that helps improve the look of uneven skin
Skin conditioning complex: Specialized skincare ingredients such as squalane, bisabolol, and allantoin to help soothe and soften the skin
Hyaluronic acid: A hyaluronic acid moisturizer nourishes, balances, and soothes the skin
Glycerin: A humectant that helps relieve dryness and increases hydration by allowing the skin to retain moisture
Vitamin E: An antioxidant that moisturizes while helping to strengthen the protective skin barrier
Formulated Without
Parabens
Phthalates
Sulfates
Cyclic Silicones
Item 2600523","Water, Propanediol, Glycerin, Azelaic Acid, Squalane, Dicaprylyl Carbonate, Sclerotium Gum, Pentylene Glycol, Caprylyl Glycol, Hydrogenated Lecithin, Allantoin, thylhexylglycerin, Glyceryl Acrylate/Acrylic Acid Copolymer, Xanthan Gum, Bisabolol, Tocopheryl Acetate, Hydrolyzed Sodium Hyaluronate, Tetrasodium Glutamate Diacetate, Tocopherol, Polylysine.","Use twice daily, morning and night after skin has dried completely. Apply to entire face avoiding the eye area. Do not rinse off.
Precautions: For external use only. When using this product keep out of eyes. Rinse with water to remove. Stop use and ask a doctor if rash or irritation develops and lasts. Keep out of reach of children. If swallowed get medical help or contact a Poison Control Center right away."
pimprod2045271,Doré,Le Glaçon Soothing Facial Ice Roller,Skincare Tools,Facial Rollers,$40.00,4.4 W x 7.9 H x 1.5 D in,https://media.ulta.com/i/ulta/2626465?w=100&h=100&fmt=auto,25 Reviews,"Benefits
Improves circulation and lymphatic drainage
Soothes muscle tension and headaches
Can help relieve sensitivity, inflammation or itching from skin conditions like rosacea or sunburn
Stainless steel roller holds cold temperatures longer than plastics and other materials
Designed to be used after cleansing and any treatments but before moisturizers as its own stand alone step in your beauty routine
Plastic Neutral through Doré’s partnership with rePurpose Global
Features
304 stainless steel with an antimicrobial silicone cover and a soft touch matte plastic handle
The insert of the Le Glaçon box is made from EPE foam and paper, with a cardboard outer box, and is completely recyclable
Can be stored in the refrigerator or freezer
Item 2626465",,"Place the facial ice roller with its protective cover in the freezer for at least 15 minutes before use. Cleanse your face before using and apply any serums or treatments. Remove the silicone cover and gently roll along the forehead, cheeks, and jawline using upward, outward motion. Follow with your moisturizer.
Clean the skin roller after each use and allow it to dry before placing it in its protective antimicrobial silicone cover in the freezer for the next use.
Avoid using the ice roller on open wounds or extremely sensitive skin. Do not use excessive pressure during application to prevent any discomfort.
Doré always recommends testing the coldness of the roller on a patch of skin such as your wrist before using it on your face.
Pro tip:
Grab for Le Glaçon after a workout, a little too much time in the sun or when you need a little cool down!
Four simple steps, one skincare routine. Suitable for both AM and PM:
Step 1: Cleanse with La Micellaire Botanical Cleansing Water and/or Le Cleanser Gel to Milk Cleanser
Step 2: Reduce puffiness, tighten skin and calm redness with Le Glaçon Facial Ice Roller
Step 3: Hydrate, soften and brighten the skin with La Crème All-in-One Daily Moisturizer
Step 4: Add extra moisture and repair dry skin with Le Baume All-in-One Balm
Precautions: Choking hazard. This product/packaging is not a toy. To avoid danger of suffocation, keep it away from babies and small children. Do not place it in cribs, beds, carriages or playpens."
pimprod2008573,Well People,Lip Butter SPF 15 Tinted Balm,Lips,Lip Balms & Treatments,$15.00,Natural,https://media.ulta.com/i/ulta/2553301?w=100&h=100&fmt=auto,149 Reviews,"Benefits
Unique buttery formula hydrates, soothes & conditions lips
SPF 15 to help keep lips protected from the sun
Imparts lips with a sheer tint of color
Enriched with plant-based ingredients like Non-micronized Zinc, Jojoba Oil and Raspberry Seed Oil
Key Ingredients
Non-micronized Zinc: Provides your lips with physical protection from the sun
Raspberry Seed Oil: High in linoleic acid to soothe and help promote bright, even-toned lips
Jojoba Oil: Makes lips look and feel hydrated while securing a smooth application
Formulated Without
Parabens, avobenzone, oxybenzone, gluten, GMOs, phthalates, sulfates, fragrance, phenoxyethanol, dimethicone, petrolatum, PEGs, propylene glycol, butylene glycol, mineral oil, talc & nanoparticles
Item 2553301","Active: Zinc Oxide 5%. Inactive: Castor Isostearate Succinate, Acacia Decurrens/Jojoba/Sunflower Seed Wax/ Polyglyceryl-Esters, Tribehenin, Oleic/linoleic/linolenic Polyglycerides, Euphorbia Cerifera (Candelilla) Wax*, Simmondsia Chinensis (Jojoba) Oil*, Helianthus Annuus (Sunflower) Seed Oil*, Zinc oxide, Rubus Idaeus (Red Raspberry) Seed Oil*, Daucus Carota Sativa (Carrot) Seed Oil*, Mixed Tocopherols, Camellia Sinensis Leaf Extract*, Mentha Spicata*, Vanilla Planifolia Fruit (or) Vanilla Tahitensis Fruit*. May Contain: Iron Oxide (CI 77489, CI 77491, CI 77492, CI 77499, CI 17200, CI 15850, CI 77742, CI 77019).*Certified Organic.
All W3LL PEOPLE products are made without Petrochemicals, Artificial Preservatives, GMO, Parabens, Dyes, Fragrance, Sulphates, Pthalates, Gylcols, and Nano Particles, as well as thousands of other potentially toxic ingredients.",Apply lip butter directly to lips.
pimprod2051252,Rael,Disposable Period Underwear,K-Beauty,,$8.99,Small / Medium,https://media.ulta.com/i/ulta/2641043?w=100&h=100&fmt=auto,247 Reviews,"Benefits
Experience all-day comfort and coverage with Rael's high performance technology.
Made with certified organic cotton, verified from origin to product.
Safe for all skin types, independently tested, and Dermatest-approved for maximum safety, even for sensitive skin.
Features
Inspired by a rising trend in Korea, Rael's period underwear combines an overnight pad with period underwear for maximum absorbency and coverage.
Perfect for heavy flows, irregular cycles, and postpartum bleeding, it holds as much as 4 regular pads with 12-hour comfort and 360 leak-proof protection.
Composition
Features a 100% certified organic cotton top sheet, made with non-GMO cotton grown without toxins or pesticides.
The 4-layer core absorbs odor and holds as much as 4 regular pads, providing 12 hours of leak-free protection.
Ideal for heavy flows, postpartum, and irregular cycles.
Item 2641043","100% Certified Organic Cotton Top Sheet, Elemental Chlorine-Free Natural Wood Pulp Core with Super Absorbent Polymers, Polyethylene, Polypropylene, Elastics, Waterproof Backing.","Colored stitching indicates front. Wear for up to 12 hours. Tear at side or slip off after use. Dispose in trash.
Precautions: Do not flush. For external use only."
pimprod2050838,TONYMOLY,Squishmallows Archie Hyaluronic Acid Lip Treatment Stick,Lips,Lip Balms & Treatments,$13.00,0.49 oz,https://media.ulta.com/i/ulta/2637299?w=800&h=800&fmt=auto,2 Reviews,"Benefits
The formula is infused with powerful ingredients like Hyaluronic Acid to lock in moisture all day long.
is ultra-hydrating formula is packed with Hyaluronic Acid to deeply hydrate lips and lock in moisture while giving you a sheer, glossy finish. Keep it in your pocket for on the go hydration!
Key Ingredients
Hyaluronic Acid - Locks in moisture, boosts elasticity, and visibly plumps fine lines and wrinkles.
Shea Butter - Hydrates and helps retain moisture for softer, smoother skin.
Formulated Without
Alcohol
Parabens
Sulfates
Phthalates
Item 2637299","Caprylic/Capric Triglyceride, Polybutene, C10-18 Triglycerides, Synthetic Wax, Sorbitan Olivate, Hydrogenated Castor Oil Dimer Dilinoleate, Butyrospermum Parkii (Shea) Butter, Rhus Succedanea Fruit Wax, Copernicia Cerifera (Carnauba) Wax, Cetearyl Alcohol, Hydrogenated Vegetable Oil, Sucrose Tetrastearate Triacetate, Silica, Cetearyl Glucoside, Fragrance, Dehydroacetic Acid, Ricinus Communis (Castor) Seed Oil, Sodium Hyaluronate, Caproic Acid.","Apply to lips as needed to hydrate and nourish.
Tip! For extra care, coat on the balm before bed as a sleeping mask for the lips."
pimprod2049574,RMS Beauty,Skincare Secrets Kit,By Category,Skin Gifts,$55.00,1 ct,https://media.ulta.com/i/ulta/2637214?w=100&h=100&fmt=auto,71 Reviews,"Includes
Kakadu Luxe Cream (0.5 oz)
Lipnights Overnight Lip Mask (0.31 oz)
SuperSerum Hydrating Mist (0.34 oz)
Kakadu Beauty Oil (0.34 oz)
Benefits
24hr hydration & barrier repair
Hydrates, volumizes & adds shine
Formulated without: silicone, gluten, nano particles, alcohol, parabens, phthalates, sulfates & synthetic fragrances
Research Results
Visibly smooths the look of uneven texture*
Suitable for sensitive skin*
*Results observed in a 7-day consumer study on 33 individuals.
**Results observed in a study on 30 individuals.
Item 2637214",Please see packaging for full product ingredient listing.,"Apply 2-3 drops of Kakadu Beauty Oil to clean, damp skin as part of your morning and/or evening skincare regimen. Massage into face, neck and chest with gentle, circular motions. Use after cleansing as a nightly treatment or in the morning to hydrate and prep skin for makeup.
Shake bi-phase SuperSerum Hydrating Mist well to blend before use. Apply AM or PM after cleansing and mist directly onto the face and neck with eyes closed or spray into the palms of your hands, then gently pat to lock in. Also works beautifully over makeup to refresh your skin for a dewy, radiant finish throughout the day.
Apply Kakadu Luxe Cream anytime or when skin needs extra T.L.C. Massage onto face, neck, and décolleté for an instant rush of skin plumping hydration.
Glide Lipnights onto lips at bedtime for a deeply nourishing overnight treatment. Can also be used as a lip prep. Apply to bare lips, leave on for 15 minutes, blot with a tissue and follow with your desired lip color."
pimprod2034715,Olay,Regenerist Vitamin C + Peptide 24 MAX Hydrating Moisturizer,Moisturizers,Face Moisturizer,$43.99,1.7 oz,https://media.ulta.com/i/ulta/2599701?w=100&h=100&fmt=auto,108 Reviews,"Benefits
2x the Bright: Vitamin C + Peptide 24 MAX Face Moisturizer has 2X the Peptides* and delivers 2X Brighter Skin**
*vs Vitamin C +Peptide 24, **vs basic moisturizer
Citrus Scent: Loved by many for its sweet and citrus scent, this gel cream has a silky feel that melts into skin quickly and can be worn under makeup
Bright Day & Night: Smooth evenly over cleansed face and neck both morning and night
Because this face moisturizer includes AHA, it's important that you pair with a SPF
Radiant Hydration: You'll instantly experience moisturized skin, within 1 week you'll see visibly even skin tone, and within 1 month you'll see 2X brighter skin*
*vs basic moisturizer
Key Ingredients
Vitamin C & Peptides: supports skin's natural renewal process
Niacinamide: to visibly improve wrinkles
Formulated Without
Parabens
Phthalates
Synthetic dyes
Mineral oils
Item 2599701","Water, Glycerin, Isohexadecane, Niacinamide, Dimethicone, Lactic Acid, Isopropyl Isostearate, Sodium Polyacryloyldimethyl Taurate, Stearyl Alcohol, 3-o-ethyl Ascorbic Acid*, Palmitoyl Pentapeptide-4**, Palmitoyl Dipeptide-7**, Panthenol***, Trehalose, Dimethiconol, Cetearyl Glucoside, Cetearyl Alcohol, Stearic Acid, Palmitic Acid, Cetyl Alcohol, Behenyl Alcohol, Sodium Lactate, PEG-100 Stearate, Titanium Dioxide, Sodium Benzoate, Fragrance. *vitamin C, **peptide, ***pro-vitamin B5","Smooth evenly over cleansed face and neck, morning and night. Use with SPF in the daytime.
Precautions: Avoid contact with eyes. If contact occurs, rinse eyes with water. If skin irritation develops, discontinue use. Sunburn Alert: This product contains alpha hydroxy acid (AHA) that may increase your sensitivity to the sun and particularly the possibility of sunburn. Use a sunscreen and limit sun exposure while using this product and for a week afterwards."
pimprod2052240,ROUND LAB,1025 Dokdo Lotion,K-Beauty,,$22.00,6.76 oz,https://media.ulta.com/i/ulta/2643240?w=100&h=100&fmt=auto,,"Benefits
Soothes and hydrates with Panthenol and rich moisturizing ingredients
Triple Hyaluronic Acid delivers deep, layered hydration across all skin levels
Lightweight fluid texture absorbs quickly without stickiness or greasiness
Mineral-rich deep sea water helps maintain a healthy moisture balance
Clinically tested and rated “EXCELLENT” by Germany’s Dermatest for skin safety
Key Ingredients
Triple Hyaluronic Acid – Layers deep, medium, and surface hydration for intense moisture
Ulleungdo Deep-Sea Water – Rich in minerals like calcium, magnesium, and zinc to support skin’s natural balance
Panthenol – Helps soothe and hydrate sensitive skin
Queensland Nut Oil – Nourishes and protects the skin’s barrier
Irish Moss Extract – Strengthens and improves skin texture with natural hydration support
Item 2643240","Water(Aqua), Glycerin, Pentaerythrityl Tetraethylhexanoate, Hydrogenated Polydecene, Macadamia Integrifolia Seed Oil, Cetearyl Alcohol, Phenyl Trimethicone, Pentylene Glycol, Polymethylsilsesquioxane, Polyglyceryl-3 Distearate, Hydrogenated Lecithin, 1,2-Hexanediol, Hydrogenated Olive Oil Lauryl Esters, Polygylceryl-3 Methylglucose Distearate, Glyceryl Stearate, Hydrogenated Rice Bran Oil, Dimethicone/Vinyl Dimethicone Crosspolymer, C12-16 Alcohols, Behenic Acid, Caprylic/Capric Triglyceride, Stearic Acid, Palmitic Acid, behenyl Alcohol, Stearyl Alcohol, Carbomer, Panthenol, Squalane, Sea Water(Maris Aqua), Tromethamine, Xanthan Gum, Glyceryl Stearate Citrate, Ammonium Acryloyldimethyltaurate/VP Copolymer, Dipotassiom Glycyrrhizate, Ethylhexyglycerin, Mistric Acid, Sodium Phytate, Silica, Allantoin, Betaine, Polyglyceryl-10 Stearate, Melia Azadirachta Flower Extract, Ocimum Sanctum Leaf Extract, Curcuma Longa (Turmeric) Root Extract, Corallina Officinalis Extract, Tocopherol, Bacillus Ferment, Micrococcus Lysate, Hyaluronic Acid, Hydrolyzed Hyaluronic Acid, Sodium Hyaluronate.","After toner and/or serum, apply a small amount to the face and gently smooth until fully absorbed."
pimprod2017595,Mario Badescu,Brightening Mask with Vitamin C,Treatment & Serums,Face Masks,$22.00,2.0 oz,https://media.ulta.com/i/ulta/2568277?w=100&h=100&fmt=auto,18 Reviews,"Benefits
Brightens uneven skin tone and texture
Fights against skin-aging free radicals
Applies smoothly, dries down evenly, and rinses off easily
Leaves skin feeling fresh and rejuvenated
Item 2568277","Aqua (Water, Eau), Kaolin, Triticum Vulgare (Wheat) Starch, Glycerin, Polysorbate 80, Zinc Oxide, Sorbitol, Avena Sativa (Oat) Kernel Flour, Propylene Glycol, Tetrahexyldecyl Ascorbate, Cellulose Gum, 1,2-Hexanediol, Caprylyl Glycol, Polyacrylate-13, Parfum (Fragrance), Polyisobutene, Polysorbate 20, Sorbitan Isostearate, Tropolone, Benzyl Benzoate, CI 77891 (Titanium Dioxide).","Apply a thin layer of mask on clean skin, avoiding the eye area. Wait 5-10 minutes and rinse thoroughly with warm water. Use 2-3 times a week for best results. If product gets into eyes, rinse well with water."
pimprod2023645,Urban Veda,Soothing Ayurvedic Sandalwood & Botanics Exfoliating Facial Polish,Treatment & Serums,Face Peels & Exfoliators,$22.00,4.2 oz,https://media.ulta.com/i/ulta/2580904?w=100&h=100&fmt=auto,24 Reviews,"Benefits
2-in-1 Exfoliating Facial Polish and Detoxifying Face Mask
Best for those with dry skin
Buffs away dead skin cells
Non-stripping, hydrating formula
Calming & nourishing
Gentle facial scrub with cream base
Key Ingredients
Volcanic Pumice: A bio-degradable scrub alternative, Volcanic Pumice is finely milled for gentle yet effective exfoliation.
Sandalwood: Woody and balmy, Sandalwood’s soothing properties moisturize and heal dry and sensitive skin.
Aloe Vera: Aloe Vera helps to soothe and cool inflamed skin, and its high polysaccharide and plant sterol content helps repair damaged skin.
Ylang Ylang: Ylang Ylang is effective in maintaining moisture and oil balance within the skin.
Palmarosa: Palmarosa helps to preserve the hydration levels in skin tissue, maintaining moisture balance.
Formulated Without
SLS/SLES
Parabens
Silicones
Mineral Oil/paraffinum liquidum
Animal derivatives
Artificial colors
Propylene glycol
Microbeads
PEGs
EDTA
Item 2580904","Aqua (Water), Caprylic/Capric Triglyceride, Isopropyl Palmitate, Glycerin **, Cetearyl Alcohol, Glyceryl Stearate, Glyceryl Stearate SE, Pumice, Polyglyceryl-3 Dicitrate/Stearate, Benzyl Alcohol, Hydroxyacetophenone, Sodium Stearoyl Glutamate, Sodium Stearoyl Glutamate, Citric Acid, Xanthan Gum, Salicylic Acid, Parfum (Fragrance), Lavandula Hybrida Oil, Pelargonium Graveolens (Geranium) Oil, Pogostemon Cablin (Patchouli) Leaf Oil, Sodium Phytate, Cananga Odorata (Ylang Ylang) Flower Oil, Citrus Aurantium Dulcis (Orange) Peel Oil, Citrus Limon (Lemon) Peel Oil, Cymbopogon Martini (Palmarosa) Oil, Eugenia Caryophyllus (Clove) Leaf Oil, Rosmarinus Officinalis (Rosemary) Leaf Oil, Salvia Sclarea (Clary) Oil, Sorbic Acid, Terminalia Arjuna Bark Extract, Santalum Album (Sandalwood) Oil, Commiphora Myrrha Oil, Mentha Piperita (Peppermint) Oil, Geraniol *, Limonene *, Linalool *.
* Derived naturally from essential oils.
** Vegetable Origin.","Use 2-3 times a week after cleansing with one of the Urban Veda Facial Washes. Apply to damp skin, massaging in gentle circular movements over the face and neck before rinsing off.
Can also be applied as a mask and left for 10 minutes. This activates the bio-actives which soothes and calms skin before massaging in to buff the skin."
pimprod2020738,KORRES,Wild Rose Night-Brightening Sleeping Facial,Moisturizers,Night Cream,$52.00,1.35 oz,https://media.ulta.com/i/ulta/2573090?w=100&h=100&fmt=auto,286 Reviews,"Benefits
Glowing skin by morning
Replenished plump hydration
Dermatologically tested
Non-comedogenic
Silicone free
Cruelty free
Recyclable packaging
Key Ingredients
Wild Rose: Glowing hydration
Vitamin C: Evens tone
Rosehip Oil: Smooths
Research Results
100% of people saw improvement in nourished, moisturized skin after 14 days.
100% of people saw improvement in smooth skin texture after 14 days.
97% of people saw more radiant skin after 14 days.
Item 2573090","Aqua/Water/Eau, Glycerin, Glyceryl Stearate Citrate, Dicaprylyl Carbonate, Triheptanoin, Alcohol Denat., Behenyl Alcohol, Glyceryl Stearate, Aloe Barbadensis Leaf Juice, Isodecyl Neopentanoate, Simmondsia Chinensis (Jojoba) Seed Oil, Cera Alba/Beeswax/Cire D'abeille, Lecithin, Imperata Cylindrica Root Extract, Acacia Decurrens/Jojoba/Sunflower Seed Wax Polyglyceryl-3 Esters, Rosa Canina Fruit Oil, Acrylates/C10-30 Alkyl Acrylate Crosspolymer, Ascorbyl Tetraisopalmitate, Caprylyl Glycol, Carbomer, Cetearyl Alcohol, Citric Acid, Distarch Phosphate, Galactoarabinan, Glycine Soja (Soybean) Oil, Glycine Soja (Soybean) Sterols, Helianthus Annuus (Sunflower) Seed Oil, Hydrolyzed Sodium Hyaluronate, Hydroxyethyl Acrylate/ Sodium Acryloyldimethyl Taurate Copolymer, Lactic Acid, Parfum/Fragrance, Phenoxyethanol, Rosa Canina Fruit Extract, Rosmarinus Officinalis (Rosemary) Leaf Extract, Rosmarinus Officinalis (Rosemary) Extract, Sodium Benzoate, Sodium Gluceptate, Sodium Hydroxide, Tetrahydrodiferuloylmethane, Tocopherol, Tocopheryl Acetate, Xanthan Gum.","Apply to your face and neck at bedtime, avoiding the eye area."
pimprod2049499,Solawave,LightBoost Face & Neck Rich Cream,Moisturizers,Neck Cream,$52.00,1.69 oz,https://media.ulta.com/i/ulta/2636716?w=100&h=100&fmt=auto,,"Benefits
Boosts the effects of light therapy
Deeply moisturizes
Visibly strengthens, firms, and lifts
Reduces the appearance of fine lines and wrinkles
Supports a more even-looking skin tone and texture
Fragrance-free
Vegan
Cruelty-free
Non-comedogenic
Dermatologist-tested
Made without gluten
Made in the USA
Key Ingredients
LightBoost Tech: Shown to boost the effects of light therapy and further reduce the visible signs of aging
Multi Peptides: Helps skin look smooth and firm
Vegan Collagen: Hydrates, smooths, and helps provide a lifted look
Pro-Vitamin D: Visibly strengthens and provides a volumized look
Item 2636716","Water (Aqua), Ethylhexyl Palmitate, Squalane, Simmondsia Chinensis (Jojoba) Seed Oil, Isononyl Isononanoate, Glycerin, Caprylic/Capric Triglyceride, Pentaerythrityl Tetraisostearate, Methyl Glucose Sesquistearate, Arachidyl Alcohol, Dimethicone, Cetearyl Olivate, Butyrospermum Parkii (Shea) Butter, Sh-Polypeptide-121, Acetyl Hexapeptide-8, Polyglutamic Acid, Ceramide NP, Chlorella Sorokiniana Extract, Sh-Oligopeptide-1, Sh-Oligopeptide-2, Sh-Polypeptide-1, Sh-Polypeptide-11, Sh-Polypeptide-9, Pentapeptide-4, Lindera Strychnifolia Root Extract, Sodium Hyaluronate, Phytosterols, Ubiquinone, Sea Kelp (Lactobacillus/Kelp Ferment Filtrate) Bioferment, Tranexamic Acid, Acetyl Glutamine, Fucoxanthin, Astaxanthin, Bacillus/Folic Acid Ferment Filtrate Extract, Polyglyceryl-4 Caprate, Behenyl Alcohol, Benzyl Alcohol, Sorbitan Olivate, Sodium Stearoyl Glutamate, Cetyl Alcohol, Silica, Glyceryl Behenate, Arachidyl Glucoside, Acrylates/C10-30 Alkyl Acrylate Crosspolymer, Maltodextrin, Lecithin, Dehydroacetic Acid, Sodium Phytate, Sodium Benzoate, Caprylyl Glycol, 1,2-Hexanediol, Dipropylene Glycol, Butylene Glycol, Potassium Sorbate, Hydroxypropyl Cyclodextrin, Porphyridium Polysaccharide Gel, Lactic Acid/Glycolic Acid Copolymer, Polyvinyl Alcohol, D-Arginyl Tyrosinyl Ornithinyl Phenylalanine.","Use daily, morning and night, as an ultra-moisturizing cream to address the visible signs of skin aging, and with your light therapy tool to boost the effects of light therapy.
After cleansing the skin and applying your preferred serum (we recommend LightBoost Face & Neck Serum), apply a thin layer of cream to the face, neck, and chest. When using your light therapy mask or tool, allow the cream to fully dry beforehand.
Solawave recommends using your light therapy devices immediately after your morning or evening skincare routine, before applying sunscreen and makeup, as they can block light therapy."
pimprod2051805,FARMACY,10% Niacinamide Night Mask,Moisturizers,Night Cream,$45.00,1.7 oz,https://media.ulta.com/i/ulta/2641252?w=100&h=100&fmt=auto,,"Features
This potent 10% Niacinamide Night Mask is clinically tested to visibly even skin tone and refine pores while replenishing and supporting the skin‘s moisture barrier.
With three percent panthenol and up-cycled blueberry seed oil, this silky, cushion-like formula restores hydration, balances oil, and revives the appearance of dull skin. Transform skin overnight for a smooth, even complexion.
Key Ingredients
10% Niacinamide (Vitamin B3): visibly smooths and evens skin texture while refining pores and balancing oil
3% Panthenol and Beta-Glucan: hydrate and support skin’s moisture barrier while protecting skin
Up-cycled Blueberry Seed Oil: an up-cycled antioxidant-rich active that restores and revives the appearance of dull skin
Research Results
Based on instrumental clinical testing after 30 days*:
94% had significant improvement in skin tone clarity
91% had significant improvement in radiance
91% had significant improvement in overall appearance of skin
Based on a consumer panel test of 33 participants after 30 days*:
97% agreed their skin felt moisturized
91% felt product visibly smoothed skin
*Panelists with all skin types including sensitive skin.
Dermatologist Tested
Item 2641252","Water/Aqua/Eau, Propanediol, Niacinamide, C15-19 Alkane, Caprylic/Capric Triglyceride, Glycerin, Panthenol, 1,2-Hexanediol, Cetearyl Olivate, Cetearyl Alcohol, Sorbitan Olivate, Butyrospermum Parkii (Shea) Butter, Betaine, Vaccinium Corymbosum (Blueberry) Seed Oil, Tocopheryl Acetate, Beta-Glucan, Bisabolol, Allantoin, Melia Azadirachta Flower Extract, Glycogen, Coccinia Indica Fruit Extract, Lactobacillus Ferment, Corallina Officinalis Extract, Solanum Melongena (Eggplant) Fruit Extract, Aloe Barbadensis Flower Extract, Simmondsia Chinensis (Jojoba) Seed Oil, Zingiber Officinale (Ginger) Root Extract, Curcuma Longa (Turmeric) Root Extract, Ocimum Basilicum (Basil) Flower/Leaf Extract, Ocimum Sanctum Leaf Extract, Maltodextrin, Arginine, Carbomer, Pentylene Glycol, Sodium Phytate, Melia Azadirachta Leaf Extract, Caprylyl Glycol.
The list of ingredients is subject to change, please consult the packaging of the product purchased.","-Can be used on top or instead of your night moisturizer.
-Apply a thin layer nightly to cleansed skin as the last step in your evening routine.
-Avoid direct contact with eyes.
-External use only. Spatula included."
pimprod2050256,belif,Super Drops Multi-7 Hyaluronic Hydrating Serum,Treatment & Serums,Face Serums,$34.00,1.01 oz,https://media.ulta.com/i/ulta/2635921?w=100&h=100&fmt=auto,50 Reviews,"Benefits
Helps attract and lock in moisture
Helps improve skin radiance
Provides 24 hours of deep hydration
Dermatologically tested
Safe for sensitive skin
Key Ingredients
Multi-7 Hyaluronic Acid: Hydrates, locks in moisture, and helps firm skin.
Panthenol: Helps repair skin barrier and soothe sensitive skin
Research Results
Last external and internal skin moisture for 24 hours
Improve skin moisture by 147% immediately after application
Improve skin radiance by 32% immediately after application
Based on clinical test on 31 women, ages 22-58 for 2 weeks
Item 2635921","Water, Glycerin, Butylene Glycol, Dipropylene Glycol, Propanediol, 2,3-Butanediol, 1,2-Hexanediol, Panthenol, Betaine, Isopentyldiol, Polyglyceryl-10 Stearate, Polyglyceryl-10 Oleate, Carbomer, Allantoin, Trehalose, Ammonium Polyacryloyldimethyl Taurate, Tromethamine, Saccharomyces Ferment Filtrate, Viscum Album (Mistletoe) Extract, Lactobacillus/Soybean Ferment Extract, Sodium Hyaluronate, Xanthan Gum, Imperata Cylindrica Root Extract, Sodium Gluconate, Malachite Extract, PVM/MA Copolymer, Glyceryl Acrylate/Acrylic Acid Copolymer, Hydrolyzed Hyaluronic Acid, Melissa Officinalis Flower/Leaf/Stem Water, Rosmarinus Officinalis (Rosemary) Leaf Water, Thymus Vulgaris (Thyme) Leaf Extract, Eucalyptus Globulus Leaf Extract, Hyaluronic Acid, Hydrolyzed Sodium Hyaluronate, Hydroxypropyltrimonium Hyaluronate, Sodium Acetylated Hyaluronate, Beta-Glucan, Mentha Rotundifolia Leaf Extract, Rosa Canina Fruit Extract, Pentylene Glycol, Ethylhexylglycerin, Sodium Hyaluronate Crosspolymer, Citrus Aurantium Dulcis (Orange) Peel Oil, Citrus Aurantifolia (Lime) Oil, Pelargonium Graveolens Flower Oil, Rosmarinus Officinalis (Rosemary) Leaf Oil, Limonene, Citronellol, Geraniol, Citral, Linalool.","After cleansing and toning, apply 2-3 drops to face, neck, and décolleté. Spread gently and pat until fully absorbed.
Discontinue immediately if a rash or irritation develops. Consult a physician if rash or irritation persists. Do not apply on broken, irritated or itching skin. Keep out of reach of children. Do not store at extreme temperatures or in direct sunlight. For external use only."
pimprod2014510,Hanskin,Hyaluron Bubble Pop Cleanser,Cleansers,Face Wash,$22.00,5.07 oz,https://media.ulta.com/i/ulta/2561096?w=100&h=100&fmt=auto,117 Reviews,"Benefits
Dissolves dirt, oil and makeup leftover from cleansing oils and micellar waters
Two types of hyaluronic acid work together to moisturize as you cleanse
Soft, sulfate-free foam with dense bubbles
Maintains hydration without stripping skin
Thoroughly cleanses with natural soap bark extract without stripping the skin of precious moisture
pH: 5.5
Key Ingredients
Sodium Hyaluronate: A form of hyaluronic acid that draws water into the skin
Hydrolyzed Hyaluronic Acid: A form of hyaluronic acid that plumps, hydrates and illuminates skin
Soap Bark Extract: A natural cleanser that moisturizes as it purifies skin
Madecassoside: An anti-inflammatory plant extract with powerful soothing properties that calms skin irritation and breakouts
Formulated Without
Talc
Sulfates
Silicone
Artificial Fragrance
Benzyl Alcohol
Item 2561096",,"Use it as the second step in your double cleansing routine. Dispense 3-4 pumps of cleanser and massage into damp skin, avoiding the eye area. Thoroughly rinse with lukewarm water.
Precautions: For external use only."
pimprod2015183,cocokind,Chia Omega-3 Facial Oil,Moisturizers,Face Oils,$17.99,1.0 oz,https://media.ulta.com/i/ulta/2566455?w=100&h=100&fmt=auto,892 Reviews,"Benefits
Nourishes and restore skin with essential omega-3 fatty acids
Provides rich moisture
Helps support natural skin barrier
Key Ingredients
Chia Seed Oil is one of the highest botanical source of Omega-3s
Item 2566455","Salvia Hispanica Seed Oil*.
*Certified Organic Chia Seed Oil.","After cleansing and toning, massage 2-4 drops all over face. Quickly absorbed by skin, cocokind's organic Facial Chia Oil can be used as a daily moisturizer once or twice a day. Beauty tip: mix in palm with 1-2 sprays of cocokind's Rosewater Facial Toner for increased and quicker absorption!"
pimprod2049636,Knours.,Soothing Essence Foam Toner,Cleansers,Toner,$22.00,5.07 oz,https://media.ulta.com/i/ulta/2636142?w=100&h=100&fmt=auto,40 Reviews,"Benefits
Easy to apply as an essence or to wipe away impurities after cleansing
Unique foam formula absorbs quickly into skin
Tones and preps for the next skincare steps
Smoothes and restores skin surface for even skin tone and texture
Formula is non-toxic
Key Ingredients
Centella Asiatica to hydrate and soothe skin
Sea Buckthorn to help repair skin
Fruit Extracts to moisturize and deliver antioxidants
Item 2636142","Water, Rosa Damascena Flower Water, Butylene Glycol, 1,2-Hexanediol, Pentylene Glycol, Hippophae Rhamnoides Water, Propanediol, Decyl Glucoside, Betaine, Polyglyceryl-100 Laurate, Xanthan Gum, Crataegus Cuneata Fruit Extract Disodium EDTA, Pyrus Malus (Apple) Fruit Extract, Pyrus Communis (Pear) Fruit Extract, Camellia Japonica Flower Extract, Centella Asiatica Extract, Citrus Unshiu Peel Extract, Citric Acid, Ceramide NP, Polyglyceryl-10 Stearate, Peucedanum Graveolens (Dill) Extract, Eruca Sativa Leaf Extract.","Pump an appropriate amount onto a cotton pad or directly onto the skin and wipe gently along the skin in upwards motions. Tap lightly to fully absorb.
Precautions: For external use only. Do not swallow. Keep out of reach of children. Avoid contact with eyes."
pimprod2020794,No7,Protect & Perfect Intense Advanced Nourishing Hand & Nail Treatment,Nails,Nail Care,$10.00,2.5 oz,https://media.ulta.com/i/ulta/2576787?w=100&h=100&fmt=auto,18 Reviews,"Benefits
With No7 Protect & Perfect hand cream, hands look younger in 2 weeks* (*Consumer study of UK women)
Use this hand cream for dry hands to reveal renewed and younger-looking hands
Instantly, dry skin feels deeply moisturized and feels soothed
With proven 24-hour hydration**, hands continue to feel moisturized and conditioned, even after washing (**Instrumental, skin hydration study)
Item 2576787","Aqua (Water), Glycerin, C12-15 alkyl benzoate, Octocrylene, Butyl methoxydibenzoylmethane, Cetearyl glucoside, Aluminum starch octenylsuccinate, Dimethicone, Tribehenin, Ethylhexyl salicylate, Alcohol denat., Butylene glycol, Cyclopentasiloxane, Ammonium acryloyldimethyltaurate/VP copolymer, Phenoxyethanol, Potassium cetyl phosphate, Cetearyl alcohol, Butyrospermum parkii (Shea) butter, Bis-ethylhexyloxyphenol methoxyphenyl triazine, Panthenol, Methylparaben, Parfum (Fragrance), Propylene glycol, Dimethicone crosspolymer, Xanthan gum, Tocopheryl acetate, Ethylparaben, Diethylhexyl butamido triazone, Ascorbyl glucoside, Retinyl palmitate, Dipropylene glycol, Phyllanthus emblica fruit extract, Hydrolyzed rice protein, Tetrasodium EDTA, Sorbitan laurate, T-butyl alcohol, Panax ginseng root extract, Carbomer, Dimethylmethoxy chromanol, Potassium hydroxide, Medicago sativa (Alfalfa) extract, Polysorbate 20, Hydroxyethylcellulose, Acetyl dipeptide-1 cetyl ester, Morus alba leaf extract, Silica, Sodium benzoate, Tocopherol, Ethylhexylglycerin, Palmitoyl tripeptide-1, Palmitoyl tetrapeptide-7.",Smooth onto hands any time they need a little extra care. Use as an intensive moisture boost during the day or as an overnight treatment to help support skin's nighttime renewal processes.
pimprod2037784,The Crème Shop,Sanrio Kuromi Klean Beauty Intensive Overnight Moisture Gelee Mask,Treatment & Serums,Face Masks,$15.00,2.36 oz,https://media.ulta.com/i/ulta/2605506?w=100&h=100&fmt=auto,49 Reviews,"Benefits
Use daily to promote youthful, bright skin
Enriched with Bakuchiol and Raspberry
Formulated Without
Sulfates
SLS
SLES
Parabens
Formaldehyde
Phthalates
Mineral Oil
Retinyl Palmitate
Oxybenzone
Coal Tar
Hydroquinone
Triclosan
Triclocarban
Item 2605506","Aqua/Water, Butylene Glycol, PEG-240/HDI Copolymer Bis-Decyltebradeceth-20 Ether, Caprylic/Capric Triglyceride Dipropylene glycol, Hydroxocetaophenone, PEG-100 Stearate Dimethicone, Glyceryl Stearate, Glycerin Glycereth-26, Macadamia Ternifolia Seed Oil, Caprylyl Glycol, Allantoin, Coco-Caprylate/Caprate, Tocopheryl/Acetate, Adenosine, Disodium EDTA 1,2-Hexanediol, Vitis Vinifera (Grape) Fruit Extract, Wine Extract, Vaccnium Macrarpon (Cranberry) Fruit Extract, Fragario Vessa (Strawberry) Leaf Extract, Euterpe Oleracea Fruit Extract, Punica Granatum Fruit Extract, Morus Alba Fruit Extract, RUbus Careanus Fruit Extract, Vaccinium Angustifolium (Blueberry) Fruit Extract, Rubus Idaeus (Raspberry) Fruit Extract, Bakuchiol DIpolassiu Glycyntisate, Sodium Hyaluronate, Hydrolyzed Hyaluronic Acid Sodium Acetylated Hyaluronate, Astragalus Membranaceus Root Extract, Cirilium Officinale Root Extract, Angelico Gigas Root Extract, Paeonia Gulinasa Root Extract, Panax Ginseng Root Extract, Glycyrrhiza Glabra (Licorice) Root Extract, Afrogyaldes Japonica Rhizome Extract, Poria Cocos Extract, Prunus Mume Flower Extract, Oenothera Biennis (Evening Primrose) Seed Extract, Paeonia Lactiflora Root Extract, Cinnamamum Cassia Bark Extract, Tocopherol Cetyl Bhyleonade, Eclipta Prostrata Extract, Lithospermum Erythrotizon Root Oil, Brassica Comphesis (Rapeseed) seed Oil, Schisandra Chinensis Fruit Extract, Lycium Chinese Fruit Extract, Melia Azadirachta Leaf Extract, Moringa Oleifera Seed Oil, Melia Azadirachta Flower Extract, Coccinia Indica Fruit Extract, Sobrum Melongera (Eggplant) Fruit Extract, Simmondsia Chinensis (Jojoba) Seed Oil, Ocimum Sanctum Leaf Extract, Carolina Officinalis Extract, Curcuma Longa (Turmeric) Root Extract, Guaisulene, Fragrance.","Concentrate on face, neck, or any areas that need extra moisture. Use daily or overnight as a smoothing treatment mask.
Precautions: For external use only. Effectiveness may vary per skin type. Stop use immediately and consult a physician if problems occur after use."
pimprod2049785,Ahava,Osmoter Skin-Responsive Night Cream,Moisturizers,Night Cream,$89.00,1.7 oz,https://media.ulta.com/i/ulta/2634776?w=100&h=100&fmt=auto,,"Benefits
Re-sets the look of skin during night (Intense night activity)
Replenishes skin’s hydration
Boosts skin renewal for enhanced luminosity
Enriched with peptides and Dunaliella Salina alga to help smooth away multiple aging signs
These micro-capsules are designed to be sensitive to changes in your skin’s pH levels.
Key Ingredients
AHAVA's patented Smartium™ technology allows encapsulation of Osmoter™ - AHAVA’s signature blend of hydrating Dead Sea minerals.
These micro-capsules are designed to be sensitive to changes in your skin’s pH levels.
pH levels drop during the night and activate the capsules to release the Osmoter™ exactly at the right time when the skin is most absorbent.
Niacinamide and yeast protein to even-out skin tone
Features
This innovative formula speeds up skin renewal, enhances the restorative power of the night to reset your skin’s overall youth.
Wake up to smooth, nourished & luminous skin.
Item 2634776","Aqua (Mineral Spring Water), Glycerin, Cetearyl Alcohol, Limnanthes Alba (Meadowfoam) Seed Oil, Cetearyl Ethylhexanoate, Caprylic/Capric Triglyceride, Maris Aqua (Dead Sea Water/Osmoter), Stearyl Dimethicone, Hydroxyethyl Acrylate/Sodium Acryloyldimethyl Taurate Copolymer, C15-19 Alkane, Cyclopentasiloxane, Glycol Palmitate, Saccharide Isomerate, Glyceryl Stearate, Simmondsia Chinensis (Jojoba) Seed Oil, PEG-40 Stearate, Niacinamide, C10-18 Triglycerides, Phenoxyethanol, Fructose, Butylene Glycol, Cetearyl Glucoside, Squalane (Phytosqualane), Dimethicone Crosspolymer, Aloe Barbadensis (Aloe-Vera) Leaf Juice, Ceteareth-20, Parfum (Fragrance), Chlorphenesin, Polyglyceryl-3 Sorbityl Linseedate, Mica, Ethyl Lauroyl Arginate HCl, Iron Oxides (CI 77491), Sodium Benzoate, Sodium Lactate, Glucose, Carbomer, Titanium Dioxide (CI 77891), Citric Acid, Sodium Citrate, Potassium Sorbate, Polysorbate 20, Methoxy PEG-125 Ethylamido Sodium Glutamate/Valine Copolymer, Hydrolyzed Yeast Protein, Withania Somnifera Root Extract, Spilanthes Acmella Flower Extract, Solanum Lycopersicum(Tomato) Fruit Extract, Camellia Sinensis Leaf Extract, Cucumis Sativus (Cucumber) Fruit Extract, Allantoin, Palmitoyl Tripeptide-1, Palmitoyl Tetrapeptide-7, Phoenix Dactylifera (Date) Fruit Extract, Dunaliella Salina (Dead Sea Alga) Extract.","Apply at night on cleansed face, neck and décolleté."
pimprod2036571,Kate Somerville,HydraKate Recharging Serum with Hyaluronic Acid,Treatment & Serums,Face Serums,$79.00,1.0 oz,https://media.ulta.com/i/ulta/2606979?w=100&h=100&fmt=auto,162 Reviews,"Benefits
Revive fatigued skin
Refresh with lasting hydration
Bind moisture to deeper skin layers
Visibly reduces dark spots for a more even tone
Accelerates skin’s natural recovery to help skin bounce back
Key Ingredients
AquaPort Technology - Mimics the benefits of a microchanneling treatment by stimulating the aquaporin channels in the skin, optimizing hydration transportation & retention to deliver faster and deeper hydration for an +81% increase in hydration in just 20 minutes.
Dual-Weight Hyaluronic Acid - Is optimized to bind moisture into various layers of the skin for longer-lasting hydration.
Rosemary Peptide Complex - Fights skin fatigue & accelerates natural recovery by strengthening the barrier and promoting optimal hydration to help skin bounce back.
A Blue Light-Activated Algae Extract - Combats photo and digital aging while boosting skin radiance, improving the look of dark spots, fine lines & wrinkles.
Research Results
95% reported the product left skin feeling smooth, soft & plump after 24 hours*
95% reported the product provided immediate & long-lasting hydration after just 1 week*
93% reported the product provided lightweight, intense moisture after just 1 use*
*Results based on independent clinical study of 30 to 50 people ages 20 to 50
Item 2606979","Aqua/Water/Eau, Glycerin, Betaine, Propanediol, Isostearyl Isostearate, Caprylic/Capric Triglyceride, C9-12 Alkane, Glyceryl Glucoside, Isononyl Isononanoate, 1,2-Hexanediol, Spirulina Maxima Extract, Palmitoyl Tetrapeptide-7, Rosmarinus Officinalis (Rosemary) Leaf Extract, Hydrolyzed Sodium Hyaluronate, Sodium Hyaluronate, Coco-Caprylate/Caprate, Caprylyl/Capryl Glucoside, Ethylhexylglycerin, Sucrose, Lecithin, Chrysin, Parfum/Fragrance, Sodium Acrylate/Sodium Acryloyldimethyl Taurate Copolymer, Pentylene Glycol, Ethylhexyl Isononanoate, Polyisobutene, Disodium EDTA, XanthanGum, Citric Acid, Sorbitan Oleate, Sodium Hydroxide, Phenoxyethanol, Linalool, Limonene.","Good for: Morning + Evening
How often: Daily
Application: After cleansing, apply 2-3 pumps to dry skin. Allow product to absorb fully before applying HydraKate™ Recharging Water Cream."
pimprod2021587,The Crème Shop,How Do Eye Look? Rested Hydrogel Under Eye Patches,K-Beauty,,$4.00,1 pair,https://media.ulta.com/i/ulta/2576344?w=100&h=100&fmt=auto,48 Reviews,"Benefits
Helps brighten and protect from UV damage
Helps revive dullness
Helps fade dark spots
Key Ingredients
Retinol - Stimulates new cell production while fading dark spots
Vitamin C - Helps increase elasticity and brighten skin
Caffeine - Wakes up tired eyes and helps reduce the appearance of dark circles
Formulated Without
Parabens
Sulfates
Item 2576344","Water, Butylene Glycol, Glycerin, Olive Oil PEG-8 Esters, Carrageenan, 1,2-Hexanediol, Polysorbate 20, Cyamopsis Tetragonoloba (Guar) Gum, Ceratonia Siliqua (Carob) Gum, Chlorphenesin, Ethylhexylglycerin, Camellia Sinensis Leaf Extract, Dextrin, Zingiber Officinale (Ginger) Root Extract, Glycyrrhiza Glabra (Licorice) Root Extract, Schizandra Chinensis Fruit Extract, Potassium Chloride, Coptis Japonica Root Extract, Dipotassium Glycyrrhizate, Sucrose, Disodium EDTA, Fragrance, Caprylyl glycol, Polyglyceryl-10 Myristate, Hydrogenated Lecithin, Retinyl Palmitate, Magnesium Ascorbyl Phosphate, Tocopheryl Acetate, Panthenol, Caffeine, Phenoxy Ethanol.","Apply patches to freshly cleansed under eye area. Smooth out patches to ensure hydrogel sheet makes good contact with skin. Relax and wear patches for 15 minutes, then discard. Gently pat any remaining serum into skin. Follow up with usual skin care regimen.
Precautions: For external use only. Do not reuse patch."
pimprod2049497,Solawave,LightBoost Face & Neck Serum,Treatment & Serums,Face Serums,$56.00,1.0 oz,https://media.ulta.com/i/ulta/2636712?w=100&h=100&fmt=auto,,"Benefits
Boosts the effects of light therapy
Supports visible renewal so that skin looks fresher and smoother
Reduces the appearance of fine lines and wrinkles
Supports a more even-looking skin tone and texture
Fragrance-free
Vegan
Cruelty-free
Non-comedogenic
Dermatologist-tested
Made without gluten
Made in the USA
Key Ingredients
LightBoost Tech: Shown to boost the effects of light therapy and further reduce the visible signs of aging
Growth Factors: Enhances the look of firm, resilient skin
Multi Peptides: Helps skin look smooth and firm
Phyto Stem Cell Extract: Supports visibly renewal for skin that looks fresher and smoother
Item 2636712","Water (Aqua), Propanediol, Diethylhexyl Adipate, Dimethicone, Glycerin, Niacinamide, Jojoba Esters, Coconut Alkanes, Symphytum Officinale Root Cell Culture, Acetyl Hexapeptide-8, S-Mu-Conotoxin Cniiic, Chlorella Sorokiniana Extract, Sh-Oligopeptide-1, Sh-Oligopeptide-2, Sh-Polypeptide-1, Sh-Polypeptide-11, Sh-Polypeptide-9, Pentapeptide-4, Lindera Strychnifolia Root Extract, Sodium Hyaluronate, Phytosterols, Ubiquinone, Polyglucuronic Acid, Phospholipids, Bacillus/Folic Acid Ferment Filtrate Extract, Acetyl Glutamine, Benzyl Alcohol, Ammonium Acryloyldimethyltaurate/VP Copolymer, Ammonium Acryloyldimethyltaurate/Beheneth-25 Methacrylate Crosspolymer, Acrylates/C10-30 Alkyl Acrylate Crosspolymer, Hydrolyzed Yeast Extract, Sodium Benzoate, Panthenol, Xanthan Gum, Sodium Hydroxide, Isomalt, Titanium Dioxide (CI 77891), Silica, Mica (CI 77019), Coco-Caprylate/Caprate, Maltodextrin, Lecithin, Dehydroacetic Acid, Glyceryl Polyacrylate, Pentylene Glycol, 1,2-Hexanediol, Caprylyl Glycol, Dipropylene Glycol, Cetyl Hydroxyethylcellulose, Tin Oxide, Butylene Glycol, Hydroxypropyl Cyclodextrin, Lactic Acid/Glycolic Acid Copolymer, Polyvinyl Alcohol, D-Arginyl Tyrosinyl Ornithinyl Phenylalanine, Potassium Sorbate.","Use daily, morning and night, as an ultra-hydrating anti-aging serum to address the visible signs of skin aging, and with your light therapy tool to boost the effects of light therapy.
After cleansing the skin, apply a thin layer of serum to the face, neck, and chest. Follow with LightBoost Face & Neck Rich Cream to lock in moisture and strengthen the skin barrier. When using your light therapy mask or tool, allow the topicals to fully dry beforehand.
Solawave recommends using your light therapy devices immediately after your morning or evening skincare routine, before applying sunscreen and makeup, as they can block light therapy."
pimprod2004937,Vichy,Pureté Thermale Mineral Micellar Water for Sensitive Skin,Cleansers,Face Wash,$19.99,6.7 oz,https://media.ulta.com/i/ulta/2546401?w=100&h=100&fmt=auto,467 Reviews,"Benefits
Multi-benefit micellar water cleanses, removes makeup, soothes and fortifies the skin in one simple step
No rubbing or rinsing required
Formulated for sensitive skin
Ideal for all skin types
Hydrates and reinforces the skin's natural barrier with mineral-rich Vichy Volcanic Water
Non-drying, non-greasy micellar water formula
Suitable for the face and eyes
Safe for contact lens wearers
Non-comedogenic
Paraben Free
Soap Free
Alcohol Free
Colorants Free
Dermatologist, ophthalmologist, allergy and sensitive skin tested
Key Ingredients
Panthenol (Pro-Vitamin B5) has soothing properties that help keep the skin feeling comfortable
Vichy Volcanic Water sourced from French volcanoes features 15 essential minerals to help hydrate and soothe the skin, strengthen its natural barrier and protect against damaging environmental factors like UV rays and pollution
Item 2546401","Aqua, Hexylene Glycol, Glycerin, Sodium Cocoamphoacetate, Sodium Chloride, Poloxamer 184, Disodium Edta, Panthenol, Myrtrimonium Bromide, Parfum.","Apply with a cotton pad over entire face and eye area. Use sweeping motions, starting from the inside of the face and moving outwards. No rinsing required."
pimprod2039463,VOLITION,Grenache Retinol Eye Cream with Peptides + Hyaluronic Acid,Eye Treatments,Eye Cream,$62.00,0.50 oz,https://media.ulta.com/i/ulta/2612117?w=100&h=100&fmt=auto,26 Reviews,"Benefits
Visibly minimizes crow's feet
Firms
Smooths
Key Ingredients
Grenache Grape Seed Oil to neutralize free radicals
Granactive Retinoid to work immediately upon application and address fine lines and wrinkles, but with less irritation, making it the perfect age-defying ingredient for Retinol first-timers or anyone sensitive to traditional Retinol formulas
Hyaluronic Acid to boost moisture retention levels with a plumping effect
Peptides to improve the look of firmness
Niacinamide to control oil, balance, and reinforce the skin barrier function
Shea Butter to intensely nourish and smooth
Formulated Without
Gluten
Fragrance
Synthetic Color
Silicones
Parabens
Phthalates
Alcohol
Item 2612117","Water/Aqua/Eau, Butylene Glycol, Glycerin, Propanediol, C13-15 Alkane, Hydroxyethyl Acrylate/Sodium Acryloyldimethyl Taurate Copolymer, Caprylic/Capric Triglyceride, Vitis Vinifera (Grape) Seed Oil, Hydroxypinacolone Retinoate, Acetyl Tetrapeptide-5, Sodium Hyaluronate, Hyaluronic Acid, Niacinamide, Butyrospermum Parkii (Shea) Butter, Pentylene Glycol, Dimethyl Isosorbide, Xanthan Gum, Caprylyl Glycol, Ethylhexylglycerin, Hydroxypropylcellulose, Citric Acid, Silica.","Gently apply under and around the eye in the evening, using the tip of your ring finger. Gradually build up to use every night.
Precautions: Use SPF protection during the day as retinol may increase skin's sensitivity to the sun. For external purposes only. Avoid direct contact with eyes. In case of redness or irritation, stop use of the product.
Retinol products are not recommended for use by pregnant or nursing mothers. Always check with your doctor before using any new products while pregnant or nursing."
pimprod2007170,Hanskin,Pore Cleansing Balm - BHA,Cleansers,Cleansing Balms & Oils,$22.00,2.82 oz,https://media.ulta.com/i/ulta/2551560?w=100&h=100&fmt=auto,86 Reviews,"Benefits
Thoroughly removes makeup, including waterproof makeup
A blend of nourishing oils softens and maintains skin health and hydration
Salicylic acid helps dissolve sebum and keep pores clear
Solid balm texture makes it mess-free, spill-proof and travel-friendly
Great for oily and acne-prone skin types
Key Ingredients
Salicylic Acid: A beta hydroxy acid that dissolves excess sebum that causes breakouts
Orange Peel Oil: A refreshing fruit extract packed with antioxidants
Jojoba Oil: A plant-based oil that improves skin texture and hydration
Eucalyptus Oil: A purifying plant extract that gives skin a fresh feeling
Formulated Without
Parabens
Dyes
Artificial Fragrances
Alcohol
Item 2551560","Mineral Oil, Ethylhexyl Stearate, Carthamus Tinctorius (Safflower) Seed Oil, PEG-20 Glyceryl Triisostearate, Cocos Nucifera (Coconut) Oil, Polyethylene, C13-15 Alkane, Olea Europaea (Olive) Fruit Oil, PEG-10 Isostearate, Trihydroxystearin, Citrus Aurantium Dulcis (Orange) Peel Oil, Lavandula Angustifolia (Lavender) Oil, Tocopheryl Acetate, Citrus Aurantium Bergamia (Bergamot) Fruit Oil, Salicylic Acid, Argania Spinosa Kernel Oil, Camellia Japonica Seed Oil, Prunus Armeniaca (Apricot) Kernel Oil, Simmondsia Chinensis (Jojoba) Seed Oil, Mentha Piperita (Peppermint) Oil.","Use it as the first step in your double cleansing routine. Warm a small scoop of the cleansing balm between dry palms and massage over dry skin. Wet your hands with a little water and massage the face to emulsify the oil. Rinse well with warm water and pat dry. Follow with a water-based cleanser.
Precautions: For external use only. Do not get into eyes."
pimprod2021454,ZitSticka,GOO GETTER Surface Zit Hydrocolloid Patch,Treatment & Serums,Acne & Blemish Treatments,$14.00,36 ct,https://media.ulta.com/i/ulta/2573990?w=100&h=100&fmt=auto,561 Reviews,"Benefits
GOO GETTER absorbs and drains fluid from superficial zit
Protects from touching
Each box includes 36 patches
Key Ingredients
Salicylic acid (BHA): An exfoliant that sloughs dead skin cells; melts debris.
Vitamin C: Skincare's most notorious antioxidant helps to protect skin cells from free radical damage, while minimizing the risk of post-zit dark spots and brightening the appearance of skin.
Niacinamide: Shrinks the appearance of redness, and improves uneven skin tone. Your skin's calm, logical, level-headed friend, niacinamide can also help to repair signs of damage.
Tea tree: A supercharged oil from Australia that repels zit-causing dirt and debris, while quickly shrinking the size and color of your zit.
Formulated Without
Animal Byproducts
Phtalates
Sulfates
Parabens
Gluten
Fragrance
Item 2573990","Hydrocolloid Dressing, Niacinamide, Vitamin C (Ascorbic Acid), Salicylic Acid, Tea Tree Oil.",Cleanse target site. Allow to dry. Apply patch and remove after 6+ hours.
pimprod2045926,TONYMOLY,Squishmallows Eye Mask,K-Beauty,,$3.50,Emily Bat Gaze Depuffing,https://media.ulta.com/i/ulta/2628135?w=100&h=100&fmt=auto,2 Reviews,"Benefits
Provides a restorative treatment to rough, dull and dry skin for serious hydration, radiance and resilience.
Key Ingredients
Berry Complex - High in vitamin C and antioxidants that will restore and brighten the skin barrier.
Coffee Seed Extract - Depuffs the under eye area
Formulated Without
Parabens
Sulfates
Phthalates
Item 2628135","Water,Butylene Glycol,Propanediol,Dipropylene Glycol,1,2-Hexanediol,Allantoin,Polyglyceryl-10 Laurate,Ethylhexylglycerin,Disodium EDTA,Sodium Citrate,Fragrance,Trehalose,Diospyros Kaki Leaf Extract,Vitis Vinifera (Grape) Fruit Extract,Coffea Arabica (Coffee) Seed Extract,Carthamus Tinctorius (Safflower) Flower Extract,Polygonum Cuspidatum Root Extract,Camellia Sinensis Leaf Extract,Castanea Crenata (Chestnut) Shell Extract,Zanthoxylum Piperitum Fruit Extract,Fragaria Chiloensis (Strawberry) Fruit Extract,Vaccinium Angustifolium (Blueberry) Fruit Extract,Arctostaphylos Uva-Ursi Leaf Extract,Capryloyl Salicylic Acid,Gluconolactone,Rubus Fruticosus (Blackberry) Fruit Extract,Hamamelis Virginiana (Witch Hazel) Water,Salvia Officinalis (Sage) Leaf Extract,Arctium Majus Root Extract,Juniperus Communis Fruit Extract,Melissa Officinalis Leaf Extract,Mentha Piperita (Peppermint) Leaf Extract,Hypericum Perforatum Flower/Leaf/Stem Extract,Saponaria Officinalis Leaf Extract,Ananas Sativus (Pineapple) Fruit Extract,Carica Papaya (Papaya) Fruit Extract,Litchi Chinensis Fruit Extract,Psidium Guajava Fruit Extract.","Apply eye mask on clean and towel dried face.
Keep mask on face for 20-30 minutes.
When time is up, remove mask and gently pat excess essence onto eye area until fully absorbed.
TIP! For an extra cooling and de-puffing effect, store your masks in the refrigerator."
pimprod2042925,Supergoop!,Mini PLAY Body Mousse SPF 50,Suncare,Sunscreen,$20.00,3.0 oz,https://media.ulta.com/i/ulta/2621294?w=100&h=100&fmt=auto,2 Reviews,"Benefits
Broad spectrum sunscreen that protects against UVA, UVB and IRA rays
Water- & sweat-resistant for 80 min.
A fun mousse texture that even kiddos love to apply
Key Ingredients
Olive Fruit Extract and Blue Sea Kale: Reduce the visible effects of free radicals
Coconut Oil: Provides conditioning and moisturizing benefits with rich fatty acids and vitamins
Formulated Without
At Supergoop!, they thoughtfully choose ingredients based on global regulations and the latest scientific research. Their ""No List"" includes 1600+ ingredients that they never add in their products, including oxybenzone, octinoxate, parabens, phthalates, sulfates and synthetic fragrances.
Item 2621294","Aluminum Starch Octenylsuccinate, Ananas Sativus (Pineapple) Fruit Extract, Bis-Hydroxyethoxypropyl Dimethicone, Butyloctyl Salicylate, Butyrospermum Parkii (Shea) Butter, C12-15 Alkyl Benzoate, Cananga Odorata Flower Extract, Caprylic/Capric Triglyceride, Caprylyl Glycol, Cetearyl Alcohol, Chlorphenesin, Citrus Aurantium Dulcis (Orange) Peel Extract, Citrus Grandis (Grapefruit) Fruit Extract, Citrus Limon (Lemon) Peel Extract, Cocos Nucifera (Coconut) Fruit Extract, Cocos Nucifera (Coconut) Oil, Coffea Arabica (Coffee) Seed Extract, Crambe Maritima Leaf Extract, Cucumis Melo Cantalupensis Fruit Extract, Cucumis Sativus (Cucumber) Fruit Extract, Diethylhexyl Syringylidenemalonate, Disodium EDTA, Glycerin, Glyceryl Caprylate, Glyceryl Stearate, Glyceryl Undecylenate, Olea Europaea (Olive) Fruit Oil, Panthenol, Passiflora Incarnata Fruit Extract, Persea Gratissima (Avocado) Oil, Polyester-5, Potassium Cetyl Phosphate, Prunus Amygdalus Dulcis (Sweet Almond) Seed Extract, Prunus Amygdalus Dulcis (Sweet Almond) Oil, Prunus Armeniaca (Apricot) Fruit Extract, Pyrus Malus (Apple) Fruit Extract, Rose Extract, Rubus Idaeus (Raspberry) Fruit Extract, Santalum Album (Sandalwood) Extract, Simmondsia Chinensis (Jojoba) Seed Oil, Theobroma Cacao (Cocoa) Seed Extract, Tocopherol, Trehalose, Vanilla Planifolia Fruit Extract, Water.","Use PLAY Body Mousse as part of your daily bodycare routine.
Spray PLAY Body Mousse into your palm or directly onto your body.
Apply generously and evenly across all visible skin.
Gently rub to blend in.
Precautions: For external use only. Do not use on damaged or broken skin. Stop use and ask a doctor if rash occurs. When using this product keep out of eyes. Rinse with water to remove. Keep out of reach of children. If swallowed, get medical help or contact a Poison Control Center right away."
pimprod2017432,Indeed Labs,Nanobronze Bronzing Drops with Cacao Seed Extract,Suncare,Self-Tanning & Bronzing,$16.99,Deep,https://media.ulta.com/i/ulta/2624576?w=100&h=100&fmt=auto,268 Reviews,"Benefits
Provides an instant illuminated bronzy glow
Ideal for all skin types
Protects skin from pollution and environmental stressors
Supports skin barrier repair
Features
Designed to complement deeper skin tones
Nanobronze Deep uses warm red and gold tones to provide a natural glow for a healthy bronzed effect, while delivering skin-loving ingredients
Item 2624576","Water Caqua/ Eau), Glycerin, Mica, Caprylic/Capric Triglyceride. Butylene Glycol. Pvp, Sodium Acrylates Copolymer, Macrocystis Pyrifera (Kelp) Extract, Phenoxyethanol, Octyldodecanol, Squalane, Lecithin, Ethylhexylglycerin, Sodium Hyaluronate, Sodium Stearate, Cucumis Sativus (Cucumber) Fruit Extract, Cetearyl Alcohol, Ceteareth-20, Calcium Chloride, The03roma, Cacao (Cocoa)Seed Extract, Sodium Benzoate. Pisum Sativum (Pea) Extract, Potassium Sorbate, Iron Oxides (Cl 77491, 77499), Bismuth Oxychloride (Cl 77163), Titanium Dioxide (Cl 77891)","Add 1 to 2 drops to your preferred moisturizer and apply to face. Increase the number of drops or use alone to intensify color. May also be applied to chest, legs, or wherever you want a sun-kissed glow!"
pimprod2025062,fresh,Black Tea Instant Perfecting Mask,Treatment & Serums,Face Masks,$96.00,3.3 oz,https://media.ulta.com/i/ulta/2584247?w=100&h=100&fmt=auto,590 Reviews,"Benefits
This advanced treatment melts onto skin and instantly softens with a cooling sensation (the tingle tells you it's working!) to reveal a luminous complexion.
It's powered by fresh's potent black tea complex, skin-smoothing polysaccharides, and moisturizing hyaluronic acid spheres.
94% felt their skin was immediately soft*
91% said their skin felt silky and velvety*
88% reported more supple skin*
84% reported it smoothed their skin*
*self-assessment, 32 subjects, 4 weeks
Key Ingredients
Fresh's black tea complex of black tea extract, black tea ferment, blackberry leaf extract, and lychee seed extract is proven to inhibit damaging free radicals and helps to improve skin elasticity.
Polysaccharides help to smooth the skin.
Hyaluronic acid spheres help attract and maintain moisture to enhance suppleness.
Item 2584247","Aqua (water), Glycerin, Rice Ferment Filtrate (sake), Caprylic/capric Triglyceride, Pentylene Glycol, Sodium Polyacrylate, Betaine, Saccharomyces Ferment Filtrate, Camellia Sinensis Leaf Extract, Avena Sativa (oat) Kernel Extract, Vitis Vinifera (grape) Seed Oil, Litchi Chinensis Seed Extract, Rubus Fruticosus (blackberry) Leaf Extract, Rosa Damascena Flower Oil, Sodium Hyaluronate, Adenosine, Tocopheryl Acetate, Tocopherol, Ethylhexyl Palmitate, Poloxamer 407, Butylene Glycol, Parfum (fragrance), Hydrogenated Lecithin, Menthoxypropanediol, Maltodextrin, Silica, CI 77891 (titanium Dioxide), Trihydroxystearin, Hydroxyethylcellulose, Disodium EDTA, Sodium Citrate, Caprylyl Glycol, Citric Acid, Caramel, Hexylene Glycol, Potassium Sorbate, BHT, Biotin, Phenoxyethanol, Linalool.","After cleansing, apply a generous amount to damp skin, avoiding the eye area. Leave on for 5-10 minutes and rinse. Use 2-3 times per week."
pimprod2000716,Loving Tan,Easy To Reach Back Applicator for Self Tanning,Suncare,Self-Tanning & Bronzing,$25.00,,https://media.ulta.com/i/ulta/2537378?w=100&h=100&fmt=auto,66 Reviews,"Benefits
Applies tan easily to those hard to reach spots
Unique design lets you reach the trickiest of places for a natural and seamless finish
Cleverly designed to provide even coverage
Conveniently folds away for easy storage and travel
Item 2537378",,
pimprod2052242,LOOPS,Fresh Face Trio Hydrogel Face & Eye Mask 3 Piece Set,Treatment & Serums,Face Masks,$18.00,,https://media.ulta.com/i/ulta/2643888?w=100&h=100&fmt=auto,22 Reviews,"Benefits
Fresh Peel: Exfoliate, Polish, Clarify, Brighten
Hyper Eyes: Softens Appearance of Dark Spots, Promotes Even Complexion, Revives Dull Skin, Boosts Luminosity
Weekly Reset: Hydrating, Brightening, Helps Reduce Wrinkles, Nourishing
Formulated Without
Parabens
Sulfates
Phthalates
Synthetic Fragrances
Drying Alcohol
Mineral Oil
Includes
Fresh Peel Resurfacing Hydrogel Face Mask
Weekly Reset Rejuvenating Hydrogel Face Mask
Hyper Eyes Dark Circles Hydrogel Under Eye Mask
Item 2643888","Fresh Peel: Water (Aqua/Eau), Glycerin, Butylene Glycol, Pentylene Glycol, 1,2-Hexanediol, Ceratonia Siliqua (Carob) Gum, Chondrus Crispus Powder, Butyrospermum Parkii (Shea) Butter, Hydroxyethyl Urea, Allantoin, Cellulose Gum, Glucomannan, Xanthan Gum, Potassium Chloride, Caprylyl Glycol, Sodium Polyacrylate, Dextrin, Chromium Oxide Greens (CI 77288), Ethylhexylglycerin, Iron Oxides (CI 77492), Alpha-Arbutin, Melaleuca Alternifolia (Tea Tree) Leaf Oil, Prunus Armeniaca (Apricot) Seed Powder, Salix Alba (Willow) Bark Extract, Tranexamic Acid, Caprylic/Capric Triglyceride, Helianthus Annuus (Sunflower) Seed Oil, Hydroxypropyl Cyclodextrin, Morus Alba Root Extract, Phytic Acid, Centella Asiatica Extract, Glycyrrhiza Uralensis (Licorice) Root Extract, Cucurbita Pepo (Pumpkin) Fruit Extract, Carthamus Tinctorius (Safflower) Flower Extract, Chrysanthellum Indicum Extract, Lonicera Japonica (Honeysuckle) Flower Extract, Nelumbo Nucifera Flower Extract, Carica Papaya (Papaya) Fruit Extract, Actinidia Chinensis (Kiwi) Fruit Extract, Citrus Limon (Lemon) Fruit Extract, Gaultheria Procumbens (Wintergreen) Leaf Extract, Pyrus Communis (Pear) Fruit Extract, Solanum Lycopersicum (Tomato) Fruit Extract, Vitis Vinifera (Grape) Fruit Extract.
Weekly Reset: Water (Aqua/Eau), Glycerin, Butylene Glycol, Propanediol, Ceratonia Siliqua (Carob) Gum, Polyglycerin-3, Chondrus Crispus Powder, Panthenol, Hydroxyacetophenonem, Allantoin, Betaine, Xanthan Gum, Chlorphenesin, Hydroxyethyl Urea, Cellulose Gum, Glucomannan, Disodium EDTA, Potassium Chloride, Dextrin, Dipotassium Glycyrrhizate, Ethylhexylglycerin, Iron Oxides (CI 77491), Adenosine, Tocopherol, 1,2-Hexanediol, Honey Extract, Oryza Sativa (Rice) Extract, Oenothera Biennis (Evening Primrose) Flower, Pinus Palustris Leaf Extract, Pueraria Thunbergiana Root Extract, Ulmus Davidiana Root Extract.
Hyper Eyes: Water (Aqua/Eau), Glycerin, Butylene Glycol, Ceratonia Siliqua (Carob) Gum, Chondrus Crispus Powder, Pentylene Glycol, Niacinamide, Dipropylene Glycol, 1,2-Hexanediol, Hydroxyacetophenone, Allantoin, Cellulose Gum, Tamarindus Indica Seed Gum, Potassium Chloride, Hydroxyethyl Urea, Calcium Lactate, Dextrin, Caprylyl glycol, Phytic Acid, Ethylhexylglycerin, Caffeine, Ascorbic Acid, Xanthan Gum, Tocopherol, Alpha-Arbutin, Tranexamic Acid, Lactic acid, Paeonia Suffruticosa Root Extract,, Citrus Aurantifolia (Lime) Fruit Extract, Citrus Limon (Lemon) Fruit Extract, Pyrus Malus (Apple) Fruit Extract, Vitis Vinifera (Grape) Fruit Extract, Citrus Aurantium Dulcis, (Orange) Fruit Extract, Brilliant Blue FCF(CI 42090), Glucomannan, Rehmannia Chinensis Root Extract, Glycyrrhiza Glabra (Licorice) Root Extract, Ophiopogon Japonicus Root Extract, Phellodendron Amurense Bark Extract, Paeonia Albiflora Root Extract, Anemarrhena Asphodeloides Root Extract, Angelica Acutiloba Root Extract, Sodium Polyacrylate.","Start by cleansing skin and gently patting dry.
Tear package at notch to open.
Apply the textured side of the mask to face, starting with the top half and then bottom.
Peel off remaining film. Leave on for a LOOP (10 minutes), then peel off.
Tap remaining serum into skin for full ingredient absorption.
Use as directed."
pimprod2006515,Indeed Labs,Nanoblur Instant Skin Perfector Cream,Moisturizers,Face Moisturizer,$19.99,1.0 oz,https://media.ulta.com/i/ulta/2550376?w=100&h=100&fmt=auto,272 Reviews,"Benefits
Blurs and softens the appearance of fine lines and wrinkles
Diffuses the appearance of enlarged pores and shine
Gives a smooth and mattified appearance to the skin
Uses light-diffusing and optical-blurring technology to create a flawless, silky-smooth finish
Instant results in as little as 40 seconds
Features
Skin Type: Balanced, Dry, Combination and Oily
Ingredient Callouts: Free of Phthalates, Sulfates, Parabens, Colorants, Fragrance, Drying Alcohols and Mineral Oil
Key Ingredients
LIGHT DIFFUSING COMPLEX: An emulsion of spherical elastomer powder. Ideally suited for ""instant"" soft focus effect formulations. This ingredient's ability to blur is due to its concentrated elastomer content.
LIGHT DIFFUSING COMPLEX provides an intensified wrinkle blurring property to lines and wrinkles - in addition to added cushion and sensory feel. This complex can be combined with active ingredients to offer both immediate and long-term benefits.
Item 2550376","Water, Adipic Acid/Neopentyl Glycol Crosspolymer, Dimethicone, Glycerin, Cyclopentasiloxane, Vp/Va Copolymer, Cyclohexasiloxane, Phenoxyethanol, Amodimethicone, Hydroxypropyl Methylcellulose, Sodium Acrylate/Sodium Acryloyldimethyl Taurate Copolymer, Caprylyl Glycol, Isohexadecane, Polysilicone-11, Polysorbate 80, Citric Acid.
Please be aware that ingredient lists may be updated from time to time - please refer to the ingredient list on the product package you receive.","For best results, follow these application methods: Without makeup: Gently pat a pea-sized amount over moisturized skin. With makeup: Gently pat a pea-sized amount over liquid foundation or under pressed/loose powder."
pimprod2046984,Rael,Miracle Clear Brightening Carotene Pads,Cleansers,Toner,$20.99,70 ct,https://media.ulta.com/i/ulta/2629914?w=100&h=100&fmt=auto,74 Reviews,"Benefits
Safe for daily use on all skin types, including sensitive skin
Infused with a concentrated brightening complex
Gel-infused side of the pad works to quickly tone or deeply nourish
Textured-side gently exfoliates
Fragrance-free, non-irritating, and non-drying
Dermatologist-tested
Key Ingredients
Beta-Carotene: Promotes a healthy and radiant complexion
Tranexamic Acid: Works to brighten and even skin tone
AHA: Gently exfoliates to smooth and soften skin
Item 2629914","Water, Dipropylene Glycol, Glycerin, Niacinamide, Methylpropanediol, 1,2-Hexanediol, Hydroxyacetophenone, Betaine, Allantoin, Tranexamic Acid, Propanediol, Carbomer, Ethylhexylglycerin, Caprylyl Glycol, Tromethamine, Polyglyceryl-10 Isostearate, Sodium Citrate, Polyglyceryl-10 Oleate, Gluconolactone, Hydroxypropyl Methylcellulose, Sodium Phytate, Xanthan Gum, Butylene Glycol, Arginine, Caffeine, Cynanchum Atratum Extract, Althaea Rosea Flower Extract, Tocopherol, Citric Acid, Lactobacillus/Rye Flour Ferment, Lactobacillus/Soymilk Ferment Filtrate, Bacillus/Soybean Ferment Extract, Glycine Max (Soybean) Oil, Pentylene Glycol, Daucus Carota Sativa (Carrot) Root Extract, Madecassoside, Sodium Hyaluronate, Hydroxypropyltrimonium Hyaluronate, Folic Acid, Pantothenic Acid, Beta-Carotene, Pyridoxine, Hydrolyzed Hyaluronic Acid, Sodium Acetylated Hyaluronate, Thiamine HCl, Hyaluronic Acid, Cyanocobalamin, Hydrolyzed Sodium Hyaluronate, Riboflavin, Sodium Hyaluronate Crosspolymer, Potassium Hyaluronate.","Wipe gel-infused side of pad on cleansed skin to quickly tone or leave it on targeted areas for 2-3 minutes to use as a mask.
Flip to textured side and wipe pad across face to gently exfoliate.
Precautions: Use only as directed. If irritation persists, discontinue use and consult a physician."
pimprod2023642,Urban Veda,Brightening Turmeric & Papaya Radiance Day Cream,Moisturizers,Face Moisturizer,$32.00,1.6 oz,https://media.ulta.com/i/ulta/2580902?w=100&h=100&fmt=auto,32 Reviews,"Benefits
Hydrating
Helps dry skin
Brightening
Fades pigmentation
Antioxidant rich
All Urban Veda products are made with Ayurvedic herbs, flowers and fruits combined with clinically proven actives and antioxidants to help maintain skin's natural state of balance and homeostasis
Key Ingredients
Bio Active Turmeric: a powerful antioxidant - helps with skin ageing and overall skin tone and hyperpigmentation
Vitamin Rich Fruit Enzymes: Papaya, Goji berry, and Orange rich in Vitamins A, B and C for glowing skin
Arjuna: Clinically proven to reduce the depth of wrinkles
Liquorice: Restores skin suppleness and hydrates
Item 2580902","Aqua (Water), Isopropyl Myristate, Glycerin (vegetal), Caprylic/Capric Triglyceride,
Polyglyceryl-3 Dicitrate/Stearate, Prunus Amygdalus Dulcis (Sweet Almond) Oil, Cetearyl
Alcohol, Glyceryl Stearate, Curcuma Longa (Turmeric) Root Extract, Terminalia Arjuna Bark
Extract, Carica Papaya (Papaya) Fruit Extract, Glycyrrhiza Glabra (Licorice) Root Extract,
Lycium Chinense (Goji) Fruit Extract, Tetrapeptide-30, Pogostemon Cablin (Patchouli) Leaf
Oil, Coriandrum Sativum (Coriander) Fruit Oil, Juniperus Mexicana (Texas Cedar) Wood Oil,
Tagetes Minuta (Marigold) Flower Oil, Boswellia Carterii (Frankincense) Oil, Lavandula
Angustifolia (Lavender) Oil, Citrus Aurantium Dulcis (Orange) Peel Oil, Xanthan Gum,
Sodium Benzoate, Potassium Sorbate, Sodium Phytate, Ethylhexylglycerin, Alcohol Denat.,
Parfum, Phenoxyethanol, Hydroxyacetophenone, Sodium Polyacrylate, Hexyl Cinnamal*,
Limonene*, Linalool*
*Naturally occurring in essential oils","Apply to face, neck and chest and massage in with circular motions. Use daily after cleansing and toning."
pimprod2051883,I'm From,Honey Mask,Treatment & Serums,Face Masks,$38.00,4.23 oz,https://media.ulta.com/i/ulta/2643216?w=100&h=100&fmt=auto,2 Reviews,"Benefits
Promotes tissue regeneration and reduce the appearance of scars
Honey is known to be an effective wound healer and can speed up the healing process, leading to the reduction of scarring
Key Ingredients
Honey: Contains enzymes and antioxidants that fight bacteria and reduce inflammation, making it effective against acne, eczema, and psoriasis.
Item 2643216","Honey, Caprylic/Capric Triglyceride, PEG-7 Glyceryl Cocoate, Disteardimonium Hectorite, Macadamia Integrifolia Seed Oil, Helianthus Annuus (Sunflower) Seed Oil, Pentylene Glycol, Microcrystalline Wax, Polysorbate 20, Butyrospermum Parkii (Shea) Butter, Beeswax, Tocopheryl Acetate, Argania Spinosa Kernel Extract, Corylus Avellana (Hazel) Seed Oil, Simmondsia Chinensis (Jojoba) Seed Oil, Snail Secretion Filtrate, Water, Bambusa Vulgaris Water, Nelumbo Nucifera Flower Water, Aloe Barbadensis Leaf Water, Propolis Extract, Beta-Glucan, Bee Venom, Citrus Paradisi (Grapefruit) Fruit Extract, Sophora Angustifolia Root Extract, Eugenia Caryophyllus (Clove) Flower Extract, Eucalyptus Globulus Leaf Extract, Punica Granatum Fruit Extract, Bambusa Vulgaris Extract, Butylene Glycol, Glycerin.","After cleansing, apply an appropriate amount over the face. Relax with the mask on for 10 minutes up to an hour. Remove the mask using a spatula. Gently rinse off with warm water."
pimprod2051413,TAN-LUXE,Sci-Tech Sunscreen Photoadaptive Hydra-Gel Face SPF 30,Suncare,Sunscreen,$49.00,1.69 oz,https://media.ulta.com/i/ulta/2637913?w=100&h=100&fmt=auto,231 Reviews,"Benefits
Photoadaptive Hydra-Gel Face Sunscreen offers daily broad spectrum UVA/UVB protection
Its barely-there, water-based gel texture blends without a white cast for all skin tones and types
Formulated with Solar Adapt Technology, this personalized sun protection adjusts SPF levels based on UV intensity providing optimal protection throughout the day.
Sea-Screen Complex developed from shallow water algae supports skin's natural antioxidant defense
It provides glowy-looking skin while helping to decrease the risk of skin cancer and early signs of aging caused by the sun.
This sunscreen is suitable for sensitive skin and has been dermatologist-tested for safety.
Features
Provides daily hydrating broad-spectrum SPF 30 sun protection without a white cast on all skin types
Barely-there gel texture blends invisibly into all skin tones, leaving a smooth, radiant finish
Solar Adapt Technology offers tailored protection that’s dependent on exposure
Sea-screen Complex supports skin’s natural antioxidant defense
Helps to decrease the risk of skin cancer and early signs of aging caused by the sun if used as directed
Key Ingredients
Solar Adapt Technology: advanced photoadaptive UV protection
Sea Screen Complex: helps shield the skin barrier protecting sentitive skin
Fruit Extract Blend: reduces free radicals & protects skin barrier integrity
Raspberry Seed Oil: helps restore skin flexibility, promote antioxidant activity, and soothes
Item 2637913","Active: Avobenzone 3%, Homosalte 7%, Octisalate 5%, Octocrylene 1%.
Inactive: Water (Aqua), Propanediol, Caprylic/Capric Triglyceride, Methoxyphenylthioethyl T-butylbenzoxate, 1,2-Hexanediol, Butyloctyl Salicylate, Hydrogenated Poly(C6-20 Olefin), Ethyl Ferulate, Laminaria Ochroleuca Extract, Isoamyl Laurate, Acrylates/C10-30 Alkyl Acrylate Crosspolymer, Dipentaerythrityl Hexacaprylate/Hexacaprate, Hydroxyacetophenone, Pentaerythrityl Tetraisostearate, Tromethamine, Buddleja Officinalis Flower Extract, Rubus Idaeus (Raspberry) Seed Oil, HDI/Trimethylol Hexyllactone Crosspolymer, Caprylyl Glycol, Carrageenan, Rhus Verniciflua Peel Wax, Eclipta Prostrata Extract, Melia Azadirachta Leaf Extract, Moringa Oleifera Seed Oil.","Apply generously and evenly 15 minutes before sun exposure. Re-apply every 2 hours to maintain protection, especially after perspiring, swimming or toweling. Children under 6 months of age: ask a doctor. Protect the product in this container from excessive heat and direct sun.
Precautions: Reducing this quantity will lower the level of protection significantly. Tan-Luxe advises a patch test 24 hours before use. Do not apply on broken or irritated skin. Avoid contact with eyes. If reaction occurs, discontinue use/seek medical advice. Do not stay in the sun too long, even when using a protective sun care product. Overexposure to the sun is a serious health threat. Keep babies and young children out of direct sunlight."
pimprod2051768,I'm From,Black Rice Toner,Cleansers,Toner,$28.00,5.07 oz,https://media.ulta.com/i/ulta/2642146?w=100&h=100&fmt=auto,2 Reviews,"Benefits
Fades dark spots and hyperpigmentation to promote a radiant complexion.
Reduces the appearance of fine lines and wrinkles
Key Ingredients
Black Rice - regulates sebum and oil production, while maintaining skin hydration
Item 2642146","Water, Oryza Sativa (Rice) Water, Dicaprylyl Ether, Methylpropanediol, Hydrogenated Poly(C6-14 Olefin), 1,2-Hexanediol, Niacinamide, Sodium Chloride, Glycerin, Melia Azadirachta Flower Extract, Propanediol, Hydrogenated Lecithin, Polyglyceryl-10 Myristate, Coccinia Indica Fruit Extract, Ethylhexylglycerin, Adenosine, Xanthan Gum, Theobroma Cacao (Cocoa) Extract, Dextrin, Polyglycerin-3, Oryza Sativa (Rice) Extract, Tocopherol, Sodium Hyaluronate Crosspolymer, Polyglyceryl-10 Laurate, Butylene Glycol, Oryza Sativa (Rice) Bran Oil, Polyglutamic Acid, Panthenol, Xylose, Glycolic Acid, Disodium EDTA, Anthocyanins.","Before use, shake well to mix the water and emulsion layers.
After cleansing, dispense on a cotton pad and wipe off or press onto dry areas."
pimprod2049794,Ahava,Osmoter Concentrate Illuminating Eye Serum,Eye Treatments,Eye Serums,$64.00,0.5 oz,https://media.ulta.com/i/ulta/2634895?w=100&h=100&fmt=auto,23 Reviews,"Benefits
Reduces the appearance of dark circles and puffiness
Enhances luminosity
Fragrance free
Suitable for all skin types
Research Results
After just four weeks, 78% of women noticed a reduction in under-eye puffiness,
81% reported a more awake and refreshed look around the eyes.
Features
A triple concentration of Osmoter™, our signature blend of hydrating Dead Sea minerals
Osmoter™ stimulates natural, own-to-skin production of hyaluronic acid, collagen, and other compounds and ensures your skin’s health, strength & youthful appearance.
Item 2634895","Aqua (Mineral Spring Water), Glycerin, Maris Aqua (Dead Sea Water/Osmoter), PVP, Hydroxyethyl Acrylate/Sodium Acryloyldimethyl Taurate Copolymer, Caprylyl Methicone, Glycine, Alanine, Lecithin, Creatine, Caffeine, Palmitoyl Tetrapeptide-7, Palmitoyl Oligopeptide, Chrysin, Palmitoyl Carnitine, Darutoside, Phenoxyethanol, Isohexadecane, Isodecyl Neopentanoate, Sodium Lactate, Hydrogenated Polyisobutene, PEG-12 Dimethicone/PPG-20 Crosspolymer, Silica, Disodium Lauriminodipropionate Tocopheryl Phosphates, Urea, Ethylhexylglycerin, Saccharide Hydrolysate, Benzotriazolyl Dodecyl P-Cresol, Magnesium Aspartate, Sodium Benzoate, Titanium Dioxide (CI 77891), Aminomethyl Propanol, Steareth-20, Potassium Sorbate, Tin Oxide, Sodium Citrate, Citric Acid, Trisodium EDTA, N-Hydroxysuccinimide, Tocopherol, Benzoic Acid, Sodium Metabisulfite, Dehydroacetic Acid, Simmondsia Chinensis (Jojoba) Seed Extract, Hamamelis Virginiana (Witch Hazel) Leaf Water, Albizia Julibrissin Bark Extract, Bisabolol, Aloe Barbadensis Leaf Juice, Allantoin, Olea Europaea (Olive) Fruit Oil, Strelitzia Nicolai Seed Aril Extract, Cucumis Sativus (Cucumber) Fruit Extract.",Apply around the eyes day and night. Follow with eye cream.
pimprod2015205,Honest Beauty,Hydrogel Cream,Moisturizers,Face Moisturizer,$5.00,0.57 oz,https://media.ulta.com/i/ulta/2600719?w=100&h=100&fmt=auto,756 Reviews,"Benefits
Award-winning Hydrogel Cream in a convenient travel size
2019 Byrdie Skincare Award
Help soften + firm skin
Cruelty free
EWG Certified
In a consumer study of 32 women, after 2 weeks of use:
90% saw smoother skin after 1 week of use
90% agreed skin looked and felt smoother
89% agreed skin felt firmer and more supple
89% agreed skin appeared more radiant after each use
85% agreed cream provided a brilliant-looking complexion
Key Ingredients
2 sizes of Hyaluronic Acid: hydrate, soften + firm, and reduce the appearance of fine lines
2 types of Hyaluronic Acid with different molecular weights designed to help bind + retain moisture in different layers of the skin
Squalane: an emollient known to moisturize + soften
Jojoba Esters
Item 2600719","Water (Aqua/Eau), Squalane, Propanediol, Glycerin, Polyglyceryl-4 Isostearate, Pyrus Malus (Apple) Fruit Extract, Coco-Caprylate/Caprate, Disteardimonium Hectorite, Jojoba Esters, Sodium PCA, Tocopherol, Sodium Acetylated Hyaluronate, Hydrolyzed Sodium Hyaluronate, Trisodium Ethylenediamine Disuccinate, 1,2-Hexanediol, Caprylhydroxamic Acid.","A little parched? Massage me into your face + neck and feel me burst into liquid form, quenching the skin like a tall glass of water. Because being thirsty is so not cool.
Precautions: Use as directed."
pimprod2049654,Isntree,Hyaluronic Acid Aqua Gel Cream,K-Beauty,,$22.20,3.38 oz,https://media.ulta.com/i/ulta/2636332?w=100&h=100&fmt=auto,,"Benefits
Fresh & Hydrating: A refreshing gel cream that provides intense moisture for the skin.
Fast Absorbing & Non-Residue: A lightweight formula that absorbs quickly, leaving the skin feeling smooth and hydrated, without any sticky feeling.
Suitable for All Skin Types: Ideal for all skin types, especially oily and dehydrated skin.
Fragrance-Free: No fragrance, perfect for sensitive skin.
Features
Multi-Molecular Hyaluronic Acid: 5 types of hyaluronic acid with varying molecular sizes deliver moisture deep into the skin, ensuring long-lasting hydration.
Jelly-Like Texture: A moisture-packed gel-cream formula that absorbs easily and leaves no sticky residue.
Soothing Plant Extracts: Infused with Centella Asiatica and Camellia Sinensis leaf extracts to hydrate and calm the skin without irritation.
Key Ingredients
5 Types of Hyaluronic Acid: Contains 1% hyaluronic acid and 5% aqueous hyaluronic acid solution. Hyaluronic acid attracts and retains over 10 times its weight in water, ensuring optimal hydration. A blend of 5 hyaluronic acids provides intense moisture and lasting hydration.
Betaine: Enhances the skin’s moisture barrier, helping to protect and retain hydration while preventing moisture loss.
Sodium PCA: A natural skin conditioner that supports moisture balance and improves skin softness.
Vegetable Squalane: Forms a protective layer on the skin, locking in moisture and promoting smooth, hydrated skin.
Item 2636332","Water, Methylpropanediol, Coco-Caprylate/Caprate, 1,2-Hexanediol, Glycerin, Betaine, Ammonium Acryloyldimethyltaurate/VP Copolymer, Trehalose, Phenyl Trimethicone, Isostearyl Alcohol, Butylene Glycol Cocoate, Hydrogenated Olive Oil Unsaponifiables, Hydrolyzed Jojoba Esters, Sodium Hyaluronate, Sodium PCA, Butylene Glycol, Allantoin, Pentylene Glycol, Ethylcellulose, Biosaccharide Gum-1, Hydrolyzed Hyaluronic Acid, Propanediol, Xanthan Gum, Squalane, Centella Asiatica Extract, Cetearyl Olivate, Sorbitan Olivate, Ethylhexylglycerin, Sodium Hyaluronate Crosspolymer, Scutellaria Baicalensis Root Extract, Polygonum Cuspidatum Root Extract, Camellia Sinensis Leaf Extract, Glycyrrhiza Glabra (Licorice) Root Extract, Portulaca Oleracea Extract, Houttuynia Cordata Extract, Hyaluronic Acid, Chamomilla Recutitia (Matricaria) Flower Extract, Rosmarinus Officinalis (Rosemary) Leaf Extract, Hydrolyzed Sodium Hyaluronate.","At the final step of your skincare routine, take an appropriate amount and gently spread evenly over the face for absorption."
pimprod2002926,Kiehl's Since 1851,Cucumber Herbal Alcohol Free Toner,Cleansers,Toner,$29.00,8.5 oz,https://media.ulta.com/i/ulta/2536666?w=100&h=100&fmt=auto,338 Reviews,"Benefits
Gently balances and tones skin with a mild astringent effect
Non-drying formula leaves skin soft, clean and toned with an elegant feel
Key Ingredients
Cucumber Extract: obtained through a unique cryoextraction process; it helps to soothe and calm sensitive skin
Allantoin: a compound found in the root of the comfrey plant, a hairy perennial Eurasian herb long used in herbal medicine; known to soothe and comfort skin
Item 2536666","Aqua / Water, Propanediol, Propylene Glycol, Phenoxyethanol, Sodium Pca, Sodium Benzoate, Allantoin, Chamomilla Recutita Flower Extract / Matricaria Flower Extract, Glucose, Cucumis Sativus Fruit Extract / Cucumber Fruit Extract, Aloe Barbadensis Leaf Juice Powder, Camphor, Urtica Dioica Extract / Nettle Extract, Equisetum Arvense Extract, Betula Alba Leaf Extract, Ci 19140 / Yellow 5, Potassium Sorbate, Ci 14700 / Red 4, Ci 42090 / Blue 1, Sodium Hydroxide, Citric Acid.","Moisten a cotton pad with toner
Apply to skin in areas where needed"
pimprod2045163,Beekman 1802,Bloom with Pride Skincare Set,By Category,Skin Gifts,$59.00,,https://media.ulta.com/i/ulta/2620604?w=100&h=100&fmt=auto,8 Reviews,"Benefits
Limited-edition Pride box designed by LGBTQ+ artist, Elly Ayling.
A portion of the profits will be donated to the Ali Forney Center to support at-risk LGBTQ+ youth
Each set comes with a FREE Rainbow Goatie Enamel Pin
Includes a full-size Bloom Cream Moisturizer, plus 5 deluxe mini boosters
Bakuchiol: a plant-based retinol alternative that delivers younger-looking skin with no irritation
Willow Bark: a gentle salicylic acid alternative that exfoliates for smoother, more youthful skin
Calamine: Controls excess oil and reduces the look of blemishes
Formulated Without
Sulfates
Fragrance
Parabens
Includes
Bloom Cream Daily Moisturizer (1.69 oz)
Dream Booster Bakuchiol Better Aging Serum (0.16 oz)
Golden Booster Amla Berry Vitamin C Brightening Serum (0.16 oz)
Smooth Booster Willow Bark Exfoliating Serum (0.16 oz)
Blotting Booster PHA & Calamine Blemish Serum (0.16 oz)
Item 2620604","Bloom Cream Daily Moisturizer: Water (Aqua), Coconut Alkanes, Coco-Caprylate, Propanediol, Magnesium Sulfate, Polyglyceryl-4 Diisostearate/Polyhydroxystearate/Sebacate, Caprae Lac (Goat Milk), Colostrum, Bifida Ferment Lysate, Lactose, Milk Protein, Aloe Barbadensis Leaf Extract, Honey, Eryngium Alpinum (Blue Thistle) Flower Extract, Cucumis Sativus (Cucumber) Fruit Extract, Chamomilla Recutita (Matricaria) Flower Extract, Symphytum Officinale (Comfrey) Leaf Extract, Helianthus Annuus (Sunflower) Seed Oil, Niacinamide, Whey Protein, Gluconolactone, Caprylic/Capric Triglyceride, Coco-Caprylate/Caprate, Polyglyceryl-3 Oleate, Diisostearoyl Polyglyceryl-3 Dimer Dilinoleate, Zinc Stearate, Glycerin, Sodium Benzoate, Calcium Gluconate, Tocopherol, C10-18 Triglycerides, Lecithin.
Dream Booster Bakuchiol Better Aging Serum: Helianthus Annuus (Sunﬂower) Seed Oil, Coco-Caprylate/ Caprate, Simmondsia Chinensis (Jojoba) Seed Oil, Squalane, Bakuchiol, Tocopheryl Acetate, Eclipta Prostrata (False Daisy) Extract, Melia Azadirachta (Chinaberry Tree) Leaf Extract, Melia Azadirachta (Chinaberry Tree) Flower Extract, Corallina Ofﬁcinalis (Algae) Extract, Coccinia Indica (Ivory Gourd) Fruit Extract, Moringa Oleifera (Drumstick Tree) Seed Oil, Solanum Melongena (Eggplant) Fruit Extract, Aloe Barbadensis Flower Extract, Curcuma Longa (Turmeric) Root Extract, Ocimum Basilicum (Basil) Flower/Leaf Extract, Ocimum Sanctum (Holy Basil) Leaf Extract.
Golden Booster Amla Berry Vitamin C Brightening Serum: Water (Aqua), Glycerin, Coco-Caprylate/Caprate, Phyllanthus Emblica (Amla Berry) Fruit Extract, Xanthan Gum, Ascorbyl Palmitate, Withania Somnifera (Ashwagandha) Root Extract, Ocimum Sanctum (Holy Basil) Leaf Extract, Daucus Carota Sativa (Carrot) Root Extract, Daucus Carota Sativa (Carrot) Seed Oil, Helianthus Annuus (Sunﬂower) Seed Oil/Helianthus Annuus Seed Oil, Sesamum Indicum (Sesame) Seed Oil, Lactic Acid, Potassium Sorbate, Propanediol, Sodium Benzoate.
Smooth Booster Willow Bark Exfoliating Serum: Water (Aqua), Coco-Caprylate/Caprate, Glycerin, Salix Alba (Willow) Bark Extract, Xanthan Gum, Microcitrus Australasica (Caviar Lime) Fruit Extract, Curcuma Longa (Turmeric) Leaf Extract, Simmondsia Chinensis (Jojoba) Seed Oil, Moringa Oleifera Seed Oil, Curcuma Longa (Turmeric) Root Extract, Aloe Barbadensis Flower Extract, Ocimum Sanctum (Holy Basil) Leaf Extract, Ocimum Basilicum (Basil) Flower/Leaf Extract, Melia Azadirachta {China Berry) Flower Extract, Adansonia Digitata (Baobab) Seed Oil, Melia Azadirachta (China Berry) Leaf Extract, Corallina Officinalis Extract, Coccinia Lndica Fruit Extract, Solanum Melongena (Eggplant) Fruit Extract, Amber Powder, Lactic Acid, Sodium Benzoate, Sodium Levulinate, Potassium Sorbate, Sodium Anisate.
Collagen Booster Electric Daisy & Peptide Firming Serum: Water (Aqua), Glycerin, Propanediol, Caprylic/Capric Triglyceride, 1,2-Hexanediol, Trehalose, Xylitol, Palmitoyl Tripeptide-38, Acmella Oleracea (Electric Daisy) Extract, Ubiquinone, Tocopherol (Vitamin E), Hydroxypropyl Cyclodextrin, Ethylhexylglycerin, Dehydroxanthan Gum.
Blotting Booster Pha & Calamine Blemish Serum: Water (Aqua), Propanediol, Glycerin, Gluconolactone (Pha), Squalane, Coco-Caprylate/Caprate, Glyceryl Caprylate, Calamine, Acacia Senegal Gum, Cetearyl Olivate, Eclipta Prostrata Extract (False Daisy), Sorbitan Olivate, Melia Azadirachta (Chinaberry) Leaf Extract, Melia Azadirachta (Chinaberry) Flower Extract, Corallina Officinalis (Red Seaweed) Extract, Moringa Oleifera Seed Oil, Coccinia Indica (Ivyy Gourd) Fruit Extract, Solanum Melongena (Eggplant) Fruit Extract, Aloe Barbadensis Flower Extract, Simmondsia Chinensis (Jojoba) Seed Oil, Curcuma Longa (Turmeric) Root Extract, Ocimum Basilicum (Basil) Flower/Leaf Extract, Ocimum Sanctum Leaf Extract, Xanthan Gum, Sodium Benzoate, Sodium Citrate, Potassium Sorbate, Ethylhexylglycerin.","Step 1: Grab your Bloom Cream and pump it twice onto your palm.
Step 2: Add 1-2 drops of your booster to the cream.
Step 3: Swirl and mix together to activate, apply evenly to clean, dry skin."
pimprod2043845,Avène,XeraCalm NUTRITION Moisturizing Balm,Body Moisturizers,Body Lotion & Creams,$29.00,6.7 oz,https://media.ulta.com/i/ulta/2623482?w=100&h=100&fmt=auto,6 Reviews,"Benefits
PROVEN Clinically proven to intensly nourish & hydrate the skin for up to 48 hours
RESTORES Helps restore skin's protective barrier while soothing skin
ULTRA-RICH Nourishing, balm texture that quickly moisturizes and replenishes lipids
Eco-friendly
Non-comedogenic
Key Ingredients
MILK THISTLE OIL Boosts ceramide synthesis to support skin barrier health to lock in moisture and combat skin dryness
NIACINAMIDE Helps strengthen the skin barrier and supports the skin’s 3 essential lipids: ceramides, cholesterol and omegas to promote a healthy skin barrier
AVÈNE THERMAL SPRING WATER Clinically shown by 150 studies to soothe, soften and calm the skin
Formulated Without
Fragrance
Soap
Parabens
Sulfate
Alcohol
Silicone
Wheat
Mineral oil
Silica
Ethoxylated agents
Aluminum
Talc
Mercury
Item 2623482","Avene Thermal Spring Water (Avene Aqua), Glycerin, Carthamus Tinctorius (Safflower) Seed Oil (Carthamus Tinctorius Seed Oil), Pentaerythrityl Tetracaprylate/Tetracaprate, Polyglyceryl-2 Dipolyhydroxystearate, Isopropyl Palmitate, Niacinamide, Behenyl Alcohol, Benzoic Acid, Caprylyl Glycol, Helianthus Annuus (Sunflower) Seed Oil (Helianthus Annuus Seed Oil), Hydroxyethylcellulose, Lauryl Glucoside, Silybum Marianum Seed Oil, Sodium Citrate, Sodium Lauryl Glucose Carboxylate, Sodium Stearoyl Glutamate, Sorbic Acid, Tocopherol, Water (Aqua), Xanthan Gum.","Apply a generous amount 1-2 times a day after cleansing skin. For external use only.
Precautions: For external use only. Avoid contact with eyes."
pimprod2023120,b.tan,Forever + Ever Self Tan Mousse,Suncare,Self-Tanning & Bronzing,$14.99,6.7 oz,https://media.ulta.com/i/ulta/2580510?w=100&h=100&fmt=auto,118 Reviews,"Benefits
Make you b.tan forever + ever (well up to 11 days anyways)
No gross fake tan smell
Features
Scrap your weekly tanning routine and b.tanned longer than ever before
Streak-free natural tanning results
Fast drying
Zero orange tones
Formulated Without
Parabens
Item 2580510","Aqua (Water), Propylene Glycol, Dihydroxyacetone, PEG-6 Caprylic/Capric Glycerides, Dihydroxypropyl PEG-5 Linoleammonium Chloride, PEG-7 Glyceryl Cocoate, Caramel, Sodium Lauroyl Sarcosinate, Phenoxyethanol, Caprylyl Glycol, Potassium Sorbate, Hexylene Glycol, Hamamelis Virginiana Leaf Extract, Ethoxydiglycol, Erythrulose, Algin, Calcium Citrate, Aloe Barbadensis Leaf Powder, Cocos Nucifera Fruit Juice, Tapioca Starch, Argania Spinosa (Argan) Kernel Oil, Macadamia Integrifolia (Macadamia) Seed Oil, Cocos Nucifera (Coconut) Oil, Simmondsia Chinensis (Jojoba) Seed Oil, Rosa Canina (Rosehip) Fruit Oil, Vitis Vinifera (Grape) Seed Oil, Persea Gratissima (Avocado) Oil, Cucumis Sativus (Cucumber) Fruit Extract, Ascorbic Acid (Vitamin C), Tocopheryl Acetate (Vitamin E), Panthenol, Yellow 5 (CI 19140), Green 5 (CI 61570), Red 40 (CI 16035), Red 33 (CI 17200), Blue 1 (CI 42090), Yellow 6 (CI 15985).","First up get naked. Or at least naked enough to tan your super hot bod. Make sure your skin is clean, exfoliated and dry. Apply mousse with your b.tan mitt, wash your hands, wait 4-8 hours and then shower. Repeat 2 to 3 more times as needed for a tan that lasts up to 11 days. It's as easy as tan, rinse, repeat.
This product does not contain a sunscreen and does not protect against sunburn. Repeated exposure of unprotected skin while tanning may increase the risk of skin aging, skin cancer, and other harmful effects to the skin even if you do not burn. Use only as directed. Avoid contact with eyes & lips. Carry out a patch test 24 hours before use. Do not apply to broken or irritated skin. Store below 30ºC/86ºF in a cool, dark area. Keep out of reach of children. For external use only."
pimprod2019865,Vichy,LiftActiv Supreme Firming Anti-Aging Face Moisturizer,Moisturizers,Face Moisturizer,$44.99,1.6 oz,https://media.ulta.com/i/ulta/2575158?w=100&h=100&fmt=auto,553 Reviews,"Benefits
Anti aging face moisturizer smooths the look of wrinkles, targets loss of firmness and brightens the complexion
Daily face moisturizer formula designed to improve dryness, dull skin and visible signs of aging
Provides gentle exfoliation to help smooth and soften the skin
Helps fortify the skin's support structure to minimize visible signs of aging with natural origin rhamnose
Helps replenish and reinforce the skin's barrier with mineral-rich Vichy Volcanic Water
Offers antioxidant benefits with neohesperidine
Blurs the look of imperfections and illuminates the skin with 3D Optical Correctors
Light, non-sticky, non-greasy texture
Dermatologist, allergy and sensitive skin tested
After 4 weeks:
79% agree features look smoother*
85% agree skin feels more comfortable*
38% increase in skin firmness**
*Study on 52 women aged 45 to 65, twice daily application over 4 weeks
**Evaluation on 40 women aged 53 to 67
Key Ingredients
Vichy Volcanic Water sourced from French volcanoes features 15 essential minerals to help strengthen the skin's barrier and protect skin from damaging environmental factors like UV rays and pollution
Natural origin rhamnose is a naturally-derived plant sugar that has been proven to boost the skin's support structure and improve visible signs of aging
3D Optical Correctors instantly blur the look of imperfections and illuminate the skin
Neohesperidine is a powerful antioxidant that provides a long-term lifting effect
Formulated Without
Parabens
Item 2575158","Aqua /Water, Glycerin, Dimethicone, Rhamnose, Isohexadecane, Alcoholdenat., Propanediol, Isopropyl Isostearate, Vinyl Dimethicone/Methicone Silsesquioxane Crosspolymer, Cetyl Alcohol, Dimethicone/Vinyl Dimethicone Crosspolymer, Behenyl Alcohol, Nylon-12, Peg-100 Stearate, Ci 77163 / Bismuth Oxychloride, Ci 77891 / Titaniumdioxide, Stearic Acid, Stearyl Alcohol, Arachidyl Alcohol, Cetearyl Alcohol, Cetearylglucoside, Caffeine, Neohesperidindihydrochalcone, Palmiticacid, Phenoxyethanol, Adenosine, Ammoniumpolyacryldimethyltauramide / Ammoniumpolyacryloyldimethyl Taurate, Disodiumstearoyl Glutamate, Disodiumedta, Caprylyl Glycol, Citric Acid, Syntheticfluorphlogopite, Acrylamide/Sodiumacryloyldimethyltauratecopolymer, Ethylhexylhydroxystearate, Polysorbate 80, Parfum/ Fragrance.",Apply moisturizer in the morning on cleansed face. Smooth on gently until thoroughly absorbed. A light massage will help product absorption and wake up the skin revealing its natural glow.
pimprod2049664,ETUDE,Soonjung 10 Free Moist Emulsion,Moisturizers,Face Moisturizer,$18.30,4.39 oz,https://media.ulta.com/i/ulta/2636342?w=100&h=100&fmt=auto,1 Review,"Benefits
PH BALANCED FORMULA: pH Balanced formula for healthier and more hydrated skin
LIGHTWEIGHT LOTION-LIKE FORMULA: A non-sticky, fast-absorbing emulsion that refreshes and moisturizes irritated skin
GENTLE AND MOIST FOR SENSITIVE SKIN: Specially formulated to address the causes of sensitive skin, such as dryness, a weakened skin barrier, and irritation
REFRESHING AND HYDRATING: Infused with Panthensoside™ to soothe and calm the skin
FRAGRANCE-FREE: Unscented, ideal for sensitive skin
Key Ingredients
Panthensoside™: Panthenol (Protection of skin barrier & retains moisture, and soothes dry skin) + Madecassoside (Soothing effect for irritated skin)
Formulated Without
Free from 10 additives(Free of animal-derived ingredients, mineral oil, silicone oil, synthetic pigment, polyacrylamide, imidazolidinyl urea, triethanolamine, fragrance, PEG, paraben)
Item 2636342","Water / Aqua / Eau, Glycerin, Propanediol, Pentaerythrityl Tetraethylhexanoate, 1,2-Hexanediol, Squalane, Panthenol, Cetearyl Alcohol, Bis-Diglyceryl Polyacyladipate-2, Glyceryl Stearate, Polyglyceryl-3 Methylglucose Distearate, Ammonium Acryloyldimethyltaurate/Vp Copolymer, Hydrogenated Lecithin, Acrylates/C10-30 Alkyl Acrylate Crosspolymer, Xanthan Gum, Glyceryl Caprylate, Hydroxypropyl Starch Phosphate, Disodium Edta, Ethylhexylglycerin, Madecassoside, Tromethamine, Butylene Glycol, Tocopherol, Camellia Sinensis Leaf Extract.","Apply an appropriate amount, and gently pat to help absorb it into your skin."
pimprod2007171,Hanskin,Hyaluron Moisture Cream,Moisturizers,Face Moisturizer,$30.00,1.69 oz,https://media.ulta.com/i/ulta/2550229?w=100&h=100&fmt=auto,87 Reviews,"Benefits
Quenches skin with lightweight moisture
Strengthens the skin barrier to improve skin health
Gel-cream hybrid texture absorbs quickly into skin
Visibly plumps and illuminates for a glass skin glow
Helps balance oil production with niacinamide
Safe for all skin types, including oily skin
Non-sticky, glass skin glow
pH: 6.60 +/- 1.00
Key Ingredients
Sodium Hyaluronate: A form of hyaluronic acid that draws water into the skin
Hibiscus Extract: A rich source of antioxidants that neutralize free radicals
Niacinamide/Vitamin B3: Brightens, minimizes the appearance of pores and softens the look of wrinkles
Formulated Without
Parabens
Artificial Dyes
Artificial Fragrances
Benzyl Alcohol
Item 2550229","Water, Glycerin, Butylene Glycol, Alcohol Denat., Phenyl Trimethicone, Cyclopentasiloxane, Niacinamide, Polyacrylate-13, Cyclohexasiloxane, Dimethicone, Pentylene Glycol, Polyisobutene, Caprylyl Glycol, Carbomer, Dimethiconol, Polysorbate20, Tocopheryl Acetate, Tromethamine, SorbitanIsostearate, Citrus Aurantium Bergamia(Bergamont)FruitOil, Glyceryl Acrylate/Acrylic Acid Copolymer, Sodium Hyaluronate, Ethylhexylglycerin, Adenosine, Citrus Aurantium Dulcis(Orange)Peel Oil, Dipotassium Glycyrrhizate, 1, 2-Hexanediol, Disodium EDTA, Hydrolyzed Hibiscus Esculentus Extract, Lupinus Albus Seed Extract, Moringa Pterygosperma Seed Extract, Xylityglucoside, Anhydroxylitol, Enthritol, Caprylic/Capric Triglyceride, Xylitol, Propandiol, Hydrogenated Lecithin, Sodium Hyaluronate Crosspolymer, Glucose, Hydrolyzed Glycosaminoglycans, Ceramide NP, Benzyl Glycol, Potassium Sorbate, Sodium Benzoate, Hydrolyzed Hyaluronic Acid, Homarine HCI, Hyaluronic Acid, Raspberry Ketone.","Apply a pea-sized portion to skin after cleansing and toning. Use morning and night.
Precautions: For external use only. Do not get into eyes."
pimprod2020064,NUDESTIX,NUDESKIN 3-Step Citrus Renew Set,By Category,Skin Gifts,$30.00,,https://media.ulta.com/i/ulta/2574186?w=100&h=100&fmt=auto,300 Reviews,"Includes
Step 1: Citrus Clean Balm & Makeup Melt - A citrus-infused, aromatherapy cleansing balm is a natural multi- tasker that banishes all traces of makeup, freshly cleanses the skin as it brightens and softens with natural extracts in a no mess tube
Step 2: Lemon-Aid Detox & Glow Micro-Peel - A skin clarifying chemical peel that deeply detoxes pores of excess oil, dirt and pollution, is powered with enzymatic peeling action of papain as well as the cell renewal action of apple and pomegranate extracts
Step 3: Citrus C Mask & Daily Moisturizer - A light layer in the morning provides all-day hydration and preps your palette as a makeup primer. At night, slather on as a sleeping mask and tuck in as the natural skin softeners work their nocturnal magic
Benefits
The NUDESKIN 3 Step: Citrus Renew Set for Makeup provides you with 3 steps to renew your skin: Clean + Exfoliate + Moisturize
NUDESKIN, a skincare regimen collaborated with leading Beverley Hills Dermatologist, Dr. Jason Emer, that are multi-tasking, contain citrus-based, naturally efficacious good-for-you ingredients that re-new skin everyday
Step 2: Lemon-Aid Detox & Glow Micro-Peel - Vitamin C is a powerful anti-oxidant that boosts collagen and along with Lemon Peel Oil brightens skin for a radiant glow
Your skin will love this hydration wonder so much, it'll never want to be without! Fortunately it won't have to
Formulated Without
Parabens
Sulfates
Phthalates
Gluten-free
Synthetic Fragrance-free
Alcohol-free
Item 2574186","Lemon-Aid Detox & Glow Micro-Peel: Aqua/Water/Eau, Dipropylene Glycol, Cellulose, Trehalose, Phenoxyethanol, Arginine, Citrus Limon (Lemon) Peel Oil, Ethylhexylglycerin, Niacinamide, Carica Papaya (Papaya) Fruit Extract, Pyrus Malus (Apple) Peel Extract, Punica Granatum Fruit Extract, Disodium Edta, Glycerin, 1,2-Hexanediol, Acrylates/C10-30 Alkyl Acrylate Crosspolymer, Ascorbyl Tetraisopalmitate, Hydrolyzed Hyaluronic Acid, Butylene Glycol, Lactic Acid, Limonene*.
Citrus Clean Balm & Make-Up Melt: Isodecyl Neopentanoate, Isononyl Isononanoate, PEG-10 Isostearate, PEG-20 Glyceryl Triisostearate, Silica Dimethyl Silylate, Synthetic Wax, Trihydroxystearin, Sorbitan Olivate, Litsea Cubeba Fruit Oil, Citrus Aurantium Dulcis (Orange) Peel Oil, Lavandula Angustifolia (Lavender) Oil, Pelargonium Graveolens Oil, Dehydroacetic Acid, Canarium Luzonicum Gum Nonvolatiles, Rosmarinus Officinalis (Rosemary) Leaf Oil, Eucalyptus Globulus Leaf Oil, Anthemis Nobilis Flower Oil, Citrus Aurantium Amara (Bitter Orange) Flower Oil, Acacia Senegal Gum, Curcuma Longa (Turmeric) Root Extract, Maltodextrin, Water (Aqua), Rosa Canina Fruit Oil, Butylene Glycol, Salvia Hispanica Seed Extract, Pyrus Malus (Apple) Fruit Extract, *Citral, *Limonene, *Linalool, *Citronellol, *Geraniol. *Naturally occurring in essential oils listed. **Nudestix formulations are updated from time to time as part of their commitment to innovation and maintaining global compliance. Therefore, ingredient lists or claims shown here may differ from the box of the product depending on time and global region of purchase.","Citrus Clean Balm & Make-Up Melt: Use daily, morning and night. Massage onto dry skin until skin feels clean and makeup is melted off. Rinse off with warm water or wipe with a dry cloth if no water available. Follow with Nudeskin 5% Citrus Fruit and Glycolic Glow Toner and Nudeskin Citrus-C Mask and Daily Moisturizer.
Lemon-Aid Detox & Glow Micro-Peel: Apply as mask all over skin, massage to peel for 60-90 seconds until peeling is complete, and rinse with warm water to glow. Use 3-4 times per week. Follow with Citrus-C Mask & Daily Moisturizer and sunscreen.
Citrus-C Mask & Daily Moisturizer: Use daily, morning and night after cleansing the skin with the Nudeskin Gentle Hydra-Gel Facial Cleanser and toning with the Nudeskin 5% Citrus Fruit and Glycolic Glow Toner. Use lightly as morning moisturizer, makeup primer and layer as a nightly treatment mask for dehydrated skin."
pimprod2002007,J.Cat Beauty,Moodflick Holo-Stick Lip Balm,Lips,Lip Balms & Treatments,$5.99,State Of Mind,https://media.ulta.com/i/ulta/2540764?w=100&h=100&fmt=auto,54 Reviews,"Features
Hydrating, color shifting lip balm with holographic & boost up sparkles
Item 2540764","Ethylhexyl Palmitate, Tridecyl Trimellitate, Mineral Oil, Paraffin, Microcrystalline Wax, Synthetic Fluorphlogopite, Silica, Calcium Aluminum Borosilicate, Tin Oxide, Tocopheryl Acetate, Fragrance, Phenoxyethanol, Ethylhexylglycerin. May Contain: Iron Oxide CI 77491, D&C Red No.27, Mica CI 77019, Titanium Dioxide CI 77891.","Apply J.Cat Beauty Moodflick Holo-Stick Lip Balm onto your lips.
Precautions: Please read ingredient list."
pimprod2051762,SOME BY MI,Retinol Intense Trial Kit,K-Beauty,,$19.00,,https://media.ulta.com/i/ulta/2641336?w=100&h=100&fmt=auto,1 Review,"Benefits
Reduces the appearance of wrinkles and fine lines
Includes ingredients like Niacinamide and Hyaluronic acid to promote a bright, healthy complexion
Key Ingredients
Retinol - Stimulates collagen and elastin production, reducing wrinkles and fine lines
Retinal - Accelerates skin cell turnover, promoting smoother and more radient skin
Includes
Retinol Intense Triple Action Eye Cream (0.33 oz)
Retinol Intense Reactivating Serum (0.33 oz)
Item 2641336","[Retinol Serum] Water, Cyclohexasiloxane, Dicaprylyl Carbonate, Glycerin, Methylpropanediol, 1,2-Hexanediol, Niacinamide, Hydrogenated Poly(C6-14 Olefin), Panthenol, Tocopheryl Acetate, Piper Methysticum Leaf/Root/Stem Extract, Centella Asiatica Extract, Panax Ginseng Berry Extract, Glycyrrhiza Glabra (Licorice) Root Extract, Ficus Carica (Fig) Fruit Extract, Centella Asiatica Leaf Extract, Centella Asiatica Root Extract, Melaleuca Alternifolia (Tea Tree) Leaf Extract, Artemisia Capillaris Extract, Eclipta Prostrata Extract, Melia Azadirachta Leaf Extract, Elaeis Guineensis (Palm) Oil, Hydrogenated Lecithin, Glyceryl Stearate, Bakuchiol, Palmitic Acid, Sodium Polyacrylate, Stearic Acid, Xanthan Gum, Retinol (0.1 %), Acrylates/C10-30 Alkyl Acrylate Crosspolymer, Butylene Glycol, Dipotassium Glycyrrhizate, Adenosine, Tromethamine, Polyquaternium-51, Beta-Glucan, Cetyl Alcohol, BHT, Collagen, Myristic Acid, BHA, Leuconostoc/Radish Root Ferment Filtrate, Tocopherol, Bifida Ferment Lysate, Ceramide NP, Saccharomyces Ferment, Retinal, Asiaticoside, Glyceryl Polymethacrylate, Madecassoside, Propylene Glycol, Polyglyceryl-10 Oleate, Glycolipids, Glycine Soja (Soybean) Peptide, Resveratrol, Sucrose Distearate, Asiatic Acid, Madecassic Acid, Palmitoyl Tripeptide-1, Moringa Oleifera Seed Oil, PEG-100 Stearate, Polysorbate 20, Fragrance, Ethylhexylglycerin
[Retinol Eye Cream] Water, Glycerin, Caprylic/Capric Triglyceride, Dimethicone, Polysorbate 60, Niacinamide, Methylpropanediol, Cetyl Alcohol, Polymethylsilsesquioxane, Centella Asiatica Extract, Dioscorea Japonica Root Extract, Piper Methysticum Leaf/Root/Stem Extract, Melaleuca Alternifolia (Tea Tree) Leaf Extract, Panax Ginseng Berry Extract, Artemisia Capillaris Extract, Ganoderma Lucidum (Mushroom) Stem Extract, Chlorella Vulgaris Extract, Glycine Soja (Soybean) Seed Extract, Nymphaea Alba Flower Extract, Elaeis Guineensis (Palm) Oil, Hydrogenated Lecithin, Sodium Hyaluronate, 1,2-Hexanediol, Dimethicone/Vinyl Dimethicone Crosspolymer, Panthenol, BHT, Cyclopentasiloxane, Steareth-21, PEG-10 Dimethicone/Vinyl Dimethicone Crosspolymer, Polyacrylamide, Steareth-2, Isohexadecane, Carbomer, Hydroxyacetophenone, C13-14 Isoparaffin, Tromethamine, Palmitic Acid, Polyquaternium-51, Stearic Acid, Polysorbate 20, Retinol(0.1%), Ethylhexylglycerin, Glyceryl Caprylate, Tocopheryl Acetate, Polyglyceryl-10 Myristate, PEG-30 Dipolyhydroxystearate, Hydroxyethylcellulose, Glycosyl Trehalose, Beta-Glucan, Glyceryl Polymethacrylate, Laureth-7, Butylene Glycol, Disodium EDTA, Hydrogenated Starch Hydrolysate, Adenosine, Raffinose, Dipotassium Glycyrrhizate, Lecithin, Tocopherol, Pentylene Glycol, BHA, Myristic Acid, Tranexamic Acid, Propanediol, Dipropylene Glycol, Disodium Phosphate, Caprylyl Glycol, Collagen, Madecassic Acid, Biosaccharide Gum-1, Asiaticoside, Sodium Palmitoyl Proline, Leuconostoc/Radish Root Ferment Filtrate, Asiatic Acid, Glutathione, Retinal, Madecassoside, Sodium Phosphate, Ferulic Acid, Acetyl Hexapeptide-8, Ammonium Acryloyldimethyltaurate/VP Copolymer, Tetrahydropiperine, Phloretin, Arginine, Fragrance.","After washing the face, apply a moderate amount of the serum and gently spread it on the face.
Gently apply the eye cream on the eye area, starting from the inner corners before moving outwards."
pimprod2043936,Clarins,Velvet Hydrating Cleansing Milk,Cleansers,Face Wash,$34.00,6.7 oz,https://media.ulta.com/i/ulta/2620949?w=100&h=100&fmt=auto,55 Reviews,"Benefits
Gently removes makeup and pollutants while boosting hydration
Leaves skin soft, clean, hydrated, and comfortable
Preserves a healthy balance of the skin's microbiota
Safe for use on face, eyes, and lips
Dermatologist- and ophthalmologist-tested. Colorant-free.
Key Ingredients
Organic Golden Gentian* and Organic Lemon Balm extracts* Soothes and softens the skin for an ultra-gentle cleansing experience
Moringa extract helps detoxify skin by eliminating pollutants
Natural Humectants boost the skin's natural hydration
*Organic ingredients are produced in accordance with European regulation (CE 2018/848).
Research Results
96% Comfortable skin*
95% Soft, silky skin*
93% Makeup is completely removed*
*Satisfaction test - 110 women - after 14 days of use
Item 2620949","Aqua/Water/Eau, Dicaprylyl Carbonate, Caprylic/Capric Triglyceride, Glycerin, Propanediol, C14-22 Alcohols, Polysorbate 60, C12-20 Alkyl Glucoside, Parfum/Fragrance, Sodium Citrate, Polyacrylate Crosspolymer-6, Caprylyl Glycol, Citric Acid, Disodium Edta, Ethylhexylglycerin, Xanthan Gum, Melissa Officinalis Leaf Extract, T-Butyl Alcohol, Gentiana Lutea Extract, Maltodextrin, Moringa Oleifera Seed Extract [V3544A].","Warm Velvet Cleansing Milk between hands and smooth over face, eyes and lips, from the center working outward. Remove with water or wipe with a tissue and follow with Toning Lotion if desired."
pimprod2040375,Oh K!,Hydrogel Eye Mask with Multi Hyaluronic Acid,Eye Treatments,Eye Masks,$15.00,16 pair,https://media.ulta.com/i/ulta/2612744?w=100&h=100&fmt=auto,16 Reviews,"Benefits
Hydrates
Plumps
Features
50% PCR Box
Key Ingredients
Hyaluronic Acid - draws water from the air to hydrate the skin.
Ceramides - helps to retain moisture and protect skin against environmental stressors.
Item 2612744","Aqua (Eau, Water), Glycerin, Dipropylene Glycol, Niacinamide, Ceratonia Siliqua (Carob) Gum, Butylene Glycol, 1,2-Hexanediol, Chondrus Crispus Powder, Chondrus Crispus Extract, Aloe Barbadensis Leaf Extract, Cellulose Gum, Paeonia Suffruticosa Root Extract, Centella Asiatica Extract, Potassium Chloride, Sodium Polyacrylate, Algin, Chamomilla Recutita (Matricaria) Flower Extract, Hydrogenated Polydecene, Sucrose, Calcium Aluminum Borosilicate, Glyceryl Caprylate, Polysorbate 20, Adenosine, Ethylhexylglycerin, Titanium Dioxide (CI 77891), Silica, Trideceth-6, Propanediol, Sodium Hyaluronate Crosspolymer, Maltodextrin, Hydrolyzed Glycosaminoglycans, Sodium Hyaluronate, Hamamelis Virginiana (Witch Hazel) Leaf Extract, Magnesium Ascorbyl Phosphate, Benzyl Glycol, Tin Oxide, Hydrolyzed Hyaluronic Acid, Laminaria Japonica Extract, Hyaluronic Acid, Raspberry Ketone, Disodium EDTA, Red 40 (CI 16035).","Place a pair under the eyes on freshly cleansed skin, narrow side towards the nose and leave on for 15 minutes. Gently remove patches and pat the essence into the skin."
pimprod2052451,Patchology,Skin Remedy Soothing Eye Gels,Everyday Care,,$15.00,5 pair,https://media.ulta.com/i/ulta/2643195?w=100&h=100&fmt=auto,,"Key Ingredients
Instantly calms & soothes sensitive, irritated under eyes
Hydrates & refreshes to relieve dryness and discomfort
Helps reduce puffiness & soften fine lines for a smoother look
Strengthens the delicate under-eye skin barrier for long-term resilience
Gentle enough for even the most sensitive & reactive skin
Benefits
Ectoin – Repairs the skin barrier and protects against environmental stressors (like UVA rays, pollutants, & blue light).
Ceramides – Strengthen the skin barrier, locking in hydration and preventing moisture loss.
Probiotics – Balance the skin barrier, reducing sensitivity and promoting a healthy, resilient complexion.
Botanical Blend – Brightens, hydrates, and softens fine lines for a smoother, more radiant look.
Item 2643195","Water (Aqua/Eau), Glycerin, Dipropylene Glycol, Caprylic/Capric Triglyceride, Ectoin, Ceratonia Siliqua (Carob) Gum, Hydroxyacetophenone, Chondrus Crispus Powder, Betaine, Chondrus Crispus, Panthenol, Caprylyl Glycol, Butyrospermum Parkii (Shea) Butter, Cellulose Gum, Xanthan Gum, Jojoba Esters, Glyceryl Stearate, Potassium Chloride, Polyacrylate-13, Cetyl Alcohol, Stearyl Alcohol, Sorbitan Sesquioleate, Algin, Sucrose, Sodium Stearoyl Glutamate, Helianthus Annuus (Sunflower) Seed Wax, Hydrogenated Polyisobutene, Adenosine, Sodium Phytate, Butylene Glycol, Polyglyceryl-10 Laurate, Ethylhexyl Palmitate, Sorbitan Isostearate, Pantolactone, Maltodextrin, Polyglycerin-3, Dipotassium Glycyrrhizate, Bifida Ferment Lysate, Propanediol, Gardenia Florida Fruit Extract, Hydrogenated Lecithin, Dextrin, Calendula Officinalis Flower Extract, Benzyl Glycol, Chamomilla Recutita (Matricaria) Flower Extract, Hydrolyzed Glycosaminoglycans, Sodium Hyaluronate, Centella Asiatica Extract, Ceramide Np, Tocopherol, Hydroxydecyl Ubiquinone, Sodium Hyaluronate Crosspolymer, 1,2-Hexanediol, Hydrolyzed Hyaluronic Acid, Ethylhexylglycerin, Argania Spinosa Kernel Oil, Yeast Extract, Hydroxypropyltrimonium Hyaluronate, Palmitoyl Tripeptide-5, Hyaluronic Acid, Sodium Acetylated Hyaluronate.","Start with clean, dry skin. Place a gel under each eye, adjusting for a comfortable fit. Relax for 5 minutes while the soothing ingredients absorb. Remove and gently tap any remaining serum into the skin---no rinsing needed. Follow with the Skin Remedy Calm & Protect Micro Mist for a full face of on-the-go hydration and protection. Use daily or whenever your under-eyes need a boost for refreshed, balanced skin."
pimprod2040799,TONYMOLY,Timeless Ferment Snail Lip Sleeping Mask,Treatment & Serums,Face Masks,$17.00,1 ct,https://media.ulta.com/i/ulta/2613430?w=100&h=100&fmt=auto,96 Reviews,"Benefits
Snail Mucin works to repair the skin barrier, improve skin texture, boosts collagen production while reducing/preventing fine lines and wrinkles.
Colloidal Gold delivers oxygen to damaged cells which helps speed up skin's healing process.
Key Ingredients
Snail Mucin - Healing properties with moisturizing, soothing, and anti-aging properties help to hydrate and plump the skin, improve skin texture, and reduce the appearance of fine lines and wrinkles.
Gold Fermented Snail Extract - Includes Allantoin, Glycolic Acid, Collagen and Elastin
Cocoa Butter - Hydrates the skin and creates protective barrier to lock in moisture and prevent skin from drying.
Hyaluronic Acid - Draws in moisture beneath the skin's barrier and replenishes hydration.
Formulated Without
Parabens
Sulfates
Phthalates
Item 2613430","Bis-Diglyceryl Polyacyladipate-2, Caprylic/Capric Triglyceride, Diisostearyl Malate, Hydrogenated Polyisobutene, Bis-Behenyl/Isostearyl/Phytosteryl Dimer Dilinoleyl Dimer Dilinoleate, Microcrystalline Wax, Octyldodecanol, Theobroma Cacao (Cocoa) Seed Butter, Silica Silylate, Silica, Glyceryl Behenate/Eicosadioate, Synthetic Wax, Ethylene/Propylene Copolymer, Dehydroacetic Acid, Snail Secretion Filtrate, Water, Butylene Glycol, Centella Asiatica Extract, 1,2-Hexanediol, Polygonum Cuspidatum Root Extract, Scutellaria Baicalensis Root Extract, Sodium Hyaluronate, Camellia Sinensis Leaf Extract, Glycyrrhiza Glabra (Licorice) Root Extract, Chamomilla Recutita (Matricaria) Flower Extract, Rosmarinus Officinalis (Rosemary) Leaf Extract, Ethylhexylglycerin, Hydroxypropyltrimonium Hyaluronate, Hydrolyzed Hyaluronic Acid, Sodium Acetylated Hyaluronate, Hyaluronic Acid, Saccharomyces Ferment, Sodium Hyaluronate Crosspolymer, Potassium Hyaluronate, sh-Oligopeptide-1, sh-Oligopeptide-2, sh-Polypeptide-1, sh-Polypeptide-22, sh-Polypeptide-3.","Apply generously to the lips in the evening and leave on overnight.
Gently wipe off excess in the morning as needed."
pimprod2048146,KORRES,Santorini Grape Volcanic Skin Reset Mask,Treatment & Serums,Face Masks,$39.00,,https://media.ulta.com/i/ulta/2631941?w=100&h=100&fmt=auto,2 Reviews,"Benefits
No-shine glow Instantly smooth texture Removes impurities, dirt and oil
Key Ingredients
A powerful blend of Santorini Grape Extract, white + green clay, AHAs + BHAs.
Research Results
95% saw instantly detoxified pores with a refined and reduced appearance
95% reported more balanced oiliness and improved skin clarity, without stripping skin 100% felt their texture more even, softer and brighter, from the 1st use
Item 2631941","Aqua/Water/Eau, Kaolin, Coco-Betaine, Glycerin, Illite, Sodium Cocoyl Isethionate, Magnesium Aluminum Silicate, Cocamidopropyl Betaine, Sodium Methyl Cocoyl Taurate, Sodium Chloride, Glycolic Acid, Cetearyl Alcohol, Disodium Lauryl Sulfosuccinate, Glyceryl Caprylate, Zea Mays (Corn) Starch, Maris Aqua/Sea Water/Eau De Μer, Menthyl Lactate, Vitis Vinifera (Grape) Fruit Extract*, Caprylhydroxamic Acid, Caprylyl Glycol, Charcoal Powder, Didecyldimonium Chloride, Glyceryl Laurate, Hydrogenated Castor Oil, Lactic Acid, Lonicera Caprifolium (Honeysuckle) Flower Extract, Lonicera Japonica (Honeysuckle) Flower Extract, Mannitol, Methylpropanediol, Microcrystalline Cellulose, Polyquaternium-80, Salix Alba (Willow) Bark Extract, Sodium Hydroxide, Titanium Dioxide, Troxerutin, Volcanic Sand, Potassium Sorbate, Salicylic Acid, Sodium Benzoate. *Korres Santorini Grape Fruit Extract.",Apply an even layer on clean skin avoiding eye area. Massage gently to burst the encapsulated charcoal and leave on for 15 minutes. Rinse thoroughly. Use 2-3 times a week.
pimprod2033210,Pixi,Botanical Collagen & Retinol Volumizing Serum,Treatment & Serums,Face Serums,$24.00,1.0 oz,https://media.ulta.com/i/ulta/2598114?w=100&h=100&fmt=auto,47 Reviews,"Benefits
Helps soften the appearance of fine lines & restore your skin's natural radiance
Rosemary & chamomile extracts provide calming and skin-soothing effects
Suitable for all skin types
Paraben-free
Not tested on animals
Item 2598114","Aqua/Water/Eau, Glycerin, Acacia Seyal Gum Extract, Retinol, Methyl Methacrylate/Glycol Dimethacrylate Crosspolymer, Acetyl Heptapeptide-4, Niacinamide, Rosmarinus Officinalis (Rosemary) Extract, Anthemis Nobilis (Chamomile) Extract, Ascorbic Acid, Tocopheryl Acetate, Citric Acid, Carbomer,] Potassium Sorbate, Hydroxyethyl Cellulose, Caprylyl Glycol, Disodium EDTA, Propyl Gallate, BHT. Made in the US.","Use in the PM. Massage 2-3 drops onto cleansed, toned skin before moisturizer. Pixi recommends using SPF in the daytime especially when using products with retinol."
pimprod2050620,RODAN + FIELDS,Redefine Overnight Reparative + Moisturizing Lotion,Moisturizers,Night Cream,$85.00,1.0 oz,https://media.ulta.com/i/ulta/2635805?w=100&h=100&fmt=auto,475 Reviews,"Benefits
It all starts with science. A reparative overnight lotion that locks in moisture and restores skin overnight.
2-in-1 plumping + firming lightweight lotion.
Balances moisture levels and refines skin’s tone + texture while you sleep.
Use this on combination to oily skin for the ultimate beauty sleep to visibly lift, firm and tighten your natural face contours.
It's popular because it performs- From the #1 Premium Regimen brand in North America in 2023.*
Dermatologist developed.
Rodan + Fields is the #1 Female Dermatologist-Founded Skin Care Brand in the U.S.**
Key Ingredients
Formulated with Retinal-MD and peptides.
Exclusive Peptide Technology: Help lift to minimize the appearance of fine lines and deep wrinkles.
Retinoid Science: Retinal-MD addresses fine lines and deep wrinkles to sculpt, define and smooth skin.
Niacinamide (Vitamin B3): Evens the appearance of skin tone for a youthful glow
Research Results
Clinically tested.
Based on a 4-week US clinical and consumer study:
100% has more moisturized skin
91% has visibly plumper skin.
82% noticed more elastic, smooth and bouncy skin.
*Source: Euromonitor Int'l Ltd. 2023; Beauty and Personal Care 2024 Edition, retail value RSP terms; all channels, Premium Skin Care Sets/Kits.
**Euromonitor International Ltd; Based on custom research conducted Nov-Dec 2024, Retail Value Sales for 2023, Definitions per Beauty & Personal Care 2024ed.
Item 2635805","Water/Aqua/Eau, Niacinamide, Cetyl Ethylhexanoate, Glycerin, Caprylic/Capric Triglyceride, Butylene Glycol, Cetearyl Alcohol, Dimethicone, Glycol Stearate, Ethyl Macadamiate, Alcohol Denat., Isododecane, Nylon-12, Tetrapeptide-21, Tetrapeptide-4, Retinal, Retinyl Palmitate, Malic Acid, Hydroxyapatite, Fragrance/Parfum, Ammonium Acryloyldimethyltaurate/VP Copolymer, Beheneth-20, Methyl Methacrylate Crosspolymer, Sodium Polyacryloyldimethyl Taurate, Xanthan Gum, Tocopherol, Aminomethyl Propanol, Disodium EDTA, Ethylhexylglycerin, Phenoxyethanol.","Use in the PM, avoiding eye area. Apply liberally and evenly over face + neck.
For external use only. Keep out of eyes. If swallowed or in case of irritation, seek medical attention. Not for children."
pimprod2050074,Origins,High-Potency Night-A-Mins Resurfacing Gel Cream,Moisturizers,Night Cream,$56.00,,https://media.ulta.com/i/ulta/2635393?w=100&h=100&fmt=auto,606 Reviews,"Benefits
Light Hydration
Renew & Refine
Key Ingredients
Fruit & Plant-Derived AHAs
Item 2635393","Water\aqua\eau, Methyl Trimethicone, Butylene Glycol, Glycerin, Jojoba Esters, Citrus Aurantium Amara (bitter Orange) Peel Oil*, Citrus Aurantium Dulcis (orange) Peel Oil*, Citrus Aurantium Amara (bitter Orange) Flower Oil*, Cinnamomum Zeylanicum Leaf Oil*, Valeriana Officinalis Root Oil*, Ferula Galbaniflua (galbanum) Resin Oil*, Citrus Aurantium Dulcis (orange) Fruit Extract, Vanilla Planifolia Fruit Extract, Limonene, Linalool, Citral, Coffea Arabica (coffee) Seed Extract, Citric Acid, Tartaric Acid, Lactic Acid, Salicylic Acid, Biotin, Tocopheryl Acetate, Sodium Pca, Magnesium Ascorbyl Phosphate, Calcium Carbonate, Hordeum Vulgare (barley) Extract\extrait D'orge, Triticum Vulgare (wheat) Germ Extract, Simmondsia Chinensis (jojoba) Butter, Gelidiella Acerosa Extract, Ammonium Acryloyldimethyltaurate/vp Copolymer, Sucrose**, Castanea Sativa (chestnut) Seed Extract, Dicaprylyl Carbonate, Butyrospermum Parkii (shea Butter), Hypnea Musciformis (algae) Extract, Linoleic Acid, Phospholipids, Aloe Barbadensis Leaf Juice, Dimethicone, Ethylhexylglycerin, Carbomer, Trehalose, Tromethamine, Arginine, Caprylyl Glycol, Polysilicone-11, Squalane, Sodium Hyaluronate, Hexylene Glycol, Phenoxyethanol* Essential Oil** Organic Sucrose (brown Sugar)
please Be Aware That Ingredient Lists May Change Or Vary From Time To Time. Please Refer To The Ingredient List On The Product Package You Receive For The Most Up To Date List Of Ingredients.",Apply nightly to face & neck.
pimprod2044444,Perricone MD,High Potency Intensive Smoothing Serum,Treatment & Serums,Face Serums,$135.00,2.0 oz,https://media.ulta.com/i/ulta/2621313?w=100&h=100&fmt=auto,482 Reviews,"Benefits
Featuring a high concentration of niacinamide, this skin-smoothing serum minimizes the look of imperfections, including rough, uneven texture, enlarged pores and crepiness
Leaving skin feeling instantly soft, this lightweight, fast-absorbing treatment glides on smoothly for a visibly refined complexion
Key Ingredients
NIACINAMIDE: Visibly Renews & Restores
DMAE: Intensive Firming
CERAMIDES: Potent Barrier Support
Research Results
100% showed significant improvement in skin hydration**
100% showed significant improvement in skin radiance and brightness**
97% showed significant improvement in skin hydration after 2 and 4 weeks*
97% showed significant improvement in skin tone**
*In a clinical study of 33 women
**In a clinical study of 33 women after 8 weeks.
Item 2621313","Water/Aqua/Eau, Diphenylsiloxy Phenyl Trimethicone, Niacinamide, Dimethicone, Polymethylsilsesquioxane, Dimethicone/Phenyl Vinyl Dimethicone Crosspolymer, Glyceryl Stearate, Hydroxyethyl Acrylate/Sodium Acryloyldimethyl Taurate Copolymer, Glyceryl Ricinoleate, Butylene Glycol, Polysorbate 20, Dimethyl Isosorbide, Phenoxyethanol, Squalane, Caprylyl Glycol, Ceramide NP, Gluconolactone, Zinc PCA, Dimethyl MEA, Glycerin, Polysorbate 60, Sorbitan Isostearate, Sodium Hyaluronate Crosspolymer, Olea Europaea (Olive) Leaf Extract, Sodium Hyaluronate, Tocopheryl Acetate, Sodium Acetylated Hyaluronate, Propanediol, Hyaluronic Acid, Hydrolyzed Glycosaminoglycans, Hydrolyzed Sodium Hyaluronate, 1,2-Hexanediol, Ubiquinone, Hydrolyzed Hyaluronic Acid, Acetyl Hexapeptide-38, Heptapeptide-6, Caprylhydroxamic Acid.","After cleansing, massage onto face and neck using a gentle upward motion. Wait until fully absorbed and follow with your favorite Perricone MD moisturizer. Use morning and evening."
pimprod2050121,ROSEN,Super Smoothie Moisturizer,Moisturizers,Face Moisturizer,$22.00,2.0 oz,https://media.ulta.com/i/ulta/2634867?w=100&h=100&fmt=auto,7 Reviews,"Benefits
Improved radiance
Lightweight finish
Dark Spot fading
Features
Black Owned
Woman owned
US Manufactured
Key Ingredients
Lemon Extract fights dark spots and hyperpigmentation
Strawberry extract uses antioxidants to protect the skin
Hyaluronic Acid adds a boost of hydration and radiance
Item 2634867","Water (Aqua), Prunus Amygdalus Dulcis (Sweet Almond) Oil, Fragaria Vesca (Strawberry) Fruit Extract, Caprylyl Glycol (Arborcide), Citrus Limon (Lemon) Fruit Extract, Cetyl Alcohol (Monatov L), Sodium Hyaluronate (Hyaluronic Acid), Xanthan Gum, Citrus Limon (Lemon) Peel Oil, Citrus Aurantium Amara (Bitter Orange) Flower Oil (Neroli).",Apply a dime sized amount to palm before gently rubbing onto damp skin for the ultimate smooth skin glow.
pimprod2038381,,,,,,,,,,,
pimprod2043530,I Dew Care,2-in-1 Silicone Mask Brush,K-Beauty,,$10.00,1 ct,https://media.ulta.com/i/ulta/2619905?w=100&h=100&fmt=auto,193 Reviews,"Features
Reusable (Silicone Material)
Easy to wash
Suitable for traveling
FSC packaging
Item 2619905",,Use the spatula side to apply an even layer of product. Use the bristle side to remove product or to massage and exfoliate while cleansing. Rinse thoroughly with warm water.
pimprod2046986,Rael,Vitamin C Facial Sheet Mask,Treatment & Serums,Sheet Masks,$15.99,5 ct,https://media.ulta.com/i/ulta/2629916?w=100&h=100&fmt=auto,124 Reviews,"Benefits
Safe for use on all skin types, including sensitive skin
Clarifies and brightens uneven skin tone
Fragrance-free, non-irritating, and non-drying
Features
Ultra-soft bamboo sheet masks are infused with almost an ounce of serum
Provides skin with an instant moisture boost
Formulated to brighten, smooth, and even skin tone and texture
Ideal to wear during ovulation phase when skin appears dull
Key Ingredients
Pomegranate Fruit Extract: Evens out skin tone and reduces the appearance of fine lines
Fig Fruit Extract: Exfoliates and brightens skin
Citrus Fruit Extract: Helps clarify skin and reduce the appearance of redness
Item 2629916","Water, Glycerin, Butylene Glycol, Sodium Hyaluronate, Niacinamide, 1,2-Hexanediol, Carbomer, Arginine, Xanthan Gum, Betaine, Trehalose, Allantoin, Panthenol, Polysorbate 80, Caprylyl Glycol, Ethylhexylglycerin, Adenosine, Portulaca Oleracea Extract, Beta-Glucan, Punica Granatum Fruit Extract, Ficus Carica (Fig) Fruit Extract, Ascorbic Acid, Citrus Aurantium Dulcis (Orange) Peel Oil, Limonene.","Wear sheet mask on cleansed face for 10-20 minutes.
Precautions: For external use only. Avoid contact with eyes. Keep out of reach of children. If adverse reaction occurs, stop use and contact you physician immediately."
pimprod2020103,Beekman 1802,Bloom Cream Daily Moisturizer Tube Mini,Travel Size Skin Care,,$19.00,0.5 oz,https://media.ulta.com/i/ulta/2571446?w=100&h=100&fmt=auto,"2,810 Reviews","Benefits
Restores skin’s healthy hydration for a more youthful appearance
Instantly delivers moisture beyond the surface for petal-soft skin
Boosts appearance of skin health and fights dullness for blooming radiance
Easy to squeeze tube that still gives 60 blooms
Accessible one-handed dispenser
The on-the-go Bloom Cream with the same healthy skin benefits
Key Ingredients
Goat Milk: Nourishes, softens, and improves skin barrier function
Niacinamide: Improves skin texture and boosts hydration
Formulated without fragrance, parabens, sulfates, mineral oil, alcohol, and talc
Research Results
100% saw an improvement in skin barrier function
97% saw healthier looking skin*
97% said skin looked radiant*
*Based on a 4-week, 33 subject consumer questionnaire while used as directed
Item 2571446","Water (Aqua), Coconut Alkanes, Coco-Caprylate, Propanediol, Magnesium Sulfate, Polyglyceryl-4 Diisostearate/Polyhydroxystearate/Sebacate, Caprae Lac (Goat Milk), Colostrum, Bifida Ferment Lysate, Lactose, Milk Protein, Aloe Barbadensis Leaf Extract, Honey, Eryngium Alpinum (Blue Thistle) Flower Extract, Cucumis Sativus (Cucumber) Fruit Extract, Chamomilla Recutita (Matricaria) Flower Extract, Symphytum Officinale (Comfrey) Leaf Extract, Helianthus Annuus (Sunflower) Seed Oil, Niacinamide, Whey Protein, Gluconolactone, Caprylic/Capric Triglyceride, Coco-Caprylate/Caprate, Polyglyceryl-3 Oleate, Diisostearoyl Polyglyceryl-3 Dimer Dilinoleate, Zinc Stearate, Glycerin, Sodium Benzoate, Calcium Gluconate, Tocopherol, C10-18 Triglycerides, Lecithin...and Kindness.","Massage a nickel-sized amount of cream into freshly cleansed skin in circular motions until product has been absorbed. Apply morning & night daily.
Routine: Cleanse skin with Milk Wash makeup-removing cleanser, then layer on Milk Drops and seal in moisture with Bloom Cream. To mix it up, use the surface of the pump as your beauty palette to mix in any Beekman 1802 product.
Precautions: Avoid contact with eyes, and wear sunscreen before sun exposure and for a week after ceasing use."
pimprod2002779,I Dew Care,Cake My Day Hydrating Sprinkle Wash-Off Mask,Treatment & Serums,Face Masks,$25.00,3.52 oz,https://media.ulta.com/i/ulta/2540912?w=800&h=800&fmt=auto,879 Reviews,"Benefits
Instant burst of hydration
Infused with hyaluronic acid, squalane, and glacier water to deeply nourish and moisturize the skin
Formulated without parabens, sulfates, & phthalates
Features
Can be used on all skin types
FSC Packaging
Vegan
Item 2540912","Water, Glycerin, Dicaprylyl Carbonate, Kaolin, Caprylic/Capric Triglyceride, Propanediol, Mannitol, Arachidyl Alcohol, 1,2-Hexanediol, Glyceryl Stearate, Cetearyl Alcohol, Cetearyl Olivate, Behenyl Alcohol, Olea Europaea (Olive) Fruit Oil, Xanthan Gum, Potassium Cetyl Phosphate, Microcrystalline Cellulose, Zea Mays (Corn) Starch, Arachidyl Glucoside, Sorbitan Olivate, Titanium Dioxide (CI 77891), Carbomer, Tromethamine, Sucrose, Squalane, Theobroma Cacao (Cocoa) Seed Butter, Water, Fragrance, Ethylhexylglycerin, Hydroxypropyl Methylcellulose, Ultramarines (CI 77007), Allantoin, Iron Oxides (CI 77499), Iron Oxides (CI 77491), Chromium Hydroxide Green(CI 77289), Iron Oxides (CI 77492), Glucose, Tocopheryl Acetate, Sodium Hyaluronate, Vanilla Planifolia Fruit Extract","Apply a generous, even layer to clean skin avoiding eyes and lips. Leave on for 5-10 minutes. Mask will not dry. Rinse off the mask with lukewarm water while massaging the skin in a circular motion. For best results use 2-3 times a week."
pimprod2047346,,,,,,,,,,,
pimprod2005172,Klairs,Gentle Black Deep Cleansing Oil,Cleansers,Cleansing Balms & Oils,$23.00,5.07 oz,https://media.ulta.com/i/ulta/2546689?w=100&h=100&fmt=auto,395 Reviews,"Benefits
Melts away dirt and makeup
Helps control oil to keep pores clear
Natural ingredients help prevent premature signs of aging
Replenishes skin moisture without leaving behind a greasy feeling
Strengthens the skin moisture barrier
Rich in antioxidants, vitamins and minerals
Hypoallergenic
Key Ingredients
Black Bean: Softens the look of lines and wrinkles with anti-aging properties
Black Currant Seed: A skin-soothing plant extract that helps repair damaged skin
Black Sesame Oil: A non-greasy oil with antibacterial properties for acne-prone skin
Cranberry Seed Oil: High in antioxidants to protect against pollutants
Shea Butter: Provides deep hydration and comforts skin
Jojoba Oil: Helps nourish and repair skin with vitamin E
Formulated Without
Ethanol
Silicone
Artificial dyes
Item 2546689","Caprylic/Capric Triglyceride, Cetyl Ethylhexanoate, Isononyl Isononanoate, PEG-7 Glyceryl Cocoate , Isopropyl Myristate, Simmondsia Chinensis (Jojoba) Seed Oil, Glycine Soja (Soybean) Oil, Sesamum Indicum (Sesame) Seed Oil, Ribes Nigrum (Black Currant) Seed Oil, Tocopheryl Acetate, PEG-20 Glyceryl Triisostearate , Polysorbate 20, Fragrance, Butyrospermum Parkii (Shea Butter), Carapa Guaianensis Seed Oil, Vaccinium Macrocarpon (Cranberry) Seed Oil.","Use it as the first step in your double-cleansing routine. Dispense a quarter-sized amount onto dry palms, and massage onto dry skin. Add water to emulsify and transform the oil into a creamy milk. Rinse well with lukewarm water.
Precautions: For external use only. Do not get into eyes."
pimprod2032793,FOREO,UFO 2 Swedish Beauty-Tech Power Mask,Skincare Tools,Anti-Aging,$299.00,,https://media.ulta.com/i/ulta/2598283?w=100&h=100&fmt=auto,6 Reviews,"Benefits
Device boosts the effect of mask formulas for a better result than a mask alone
Thermotherapy warms the skin to soften and prep skin, infusing mask ingredients deeper
Cryotherapy cools the skin shrinking the appearance of pores and reducing puffiness
T-Soni pulsations facilitate absorption of active mask ingredients while providing a soothing facial massage
Each unique smart mask routine incorporates full-spectrum LED light therapy to address different skin concerns such as dullness or blemishes
Use with one of FOREOs Korean formulated UFO-activated masks. Sold separately
Waterproof
2-year limited warranty
Item 2598283","Body-Safe silicone, ABS Plastic, Li-ion Polymer Battery 520 mah 3.7V","Download the FOREO app. Press the button to turn UFO on. In the app, scan the mask barcode and follow the instructions.
Remove the attachment ring from UFO or UFO mini. Remove UFO Activated Mask from sachet. Secure mask on device by clipping the attachment ring in place, with FOREO logo facing up. Enjoy your smart mask treatment.
Using UFO without the app Press the button to turn UFO on. Press once more to activate the Make My Day treatment, twice more to activate the Call It a Night treatment, and so on through each mask. For example, if H2Overdose is on slot 3 in your app, press universal button to turn UFO on, then press 3 times to activate H2Overdose treatment. The treatment routine will begin after 10 seconds of a blinking pink light."
pimprod2050629,RODAN + FIELDS,Hydra Mask Gel Cream with Peptides for Overnight Barrier Repair,Treatment & Serums,Face Masks,$54.00,1.7 oz,https://media.ulta.com/i/ulta/2635810?w=100&h=100&fmt=auto,103 Reviews,"Benefits
It all starts with science. Lock in more than moisture and wake up to plumper-looking, smoother-feeling skin.
Lightweight, leave-on, overnight moisturizing mask creates a protective yet breathable layer on your skin's surface.
Reinforces the skin barrier, prevents water loss, locks in more than moisture, and maximizes the benefits of your nighttime skincare routine.
Use this overnight mask if you want to minimize dehydration lines + wrinkles, weakened skin barrier, dry, unnourished skin.
Dermatologist developed.
Rodan + Fields is the #1 Female Dermatologist-Founded Skin Care Brand in the U.S.*
Key Ingredients
Hyaluronic Acid + Shea Butter Lipids: Plumps for bouncy skin.
Peptides: Smooth the look of dehydration lines + wrinkles.
Electrolytes: Strengthen + support the skin barrier.
Proprietary RFp2 Peptide Technology: Supports the integrity of the skin.
Research Results
Clinically tested.
Based on a US clinical and consumer study after 1 use:
100% had plumper, fuller looking skin.
100% had smoother-feeling skin.
100% had less visible dryness.
92% agreed skin felt more comfortable.
89% agreed skin looks + feels deeply nourished.
*Euromonitor International Ltd; Based on custom research conducted Nov-Dec 2024, Retail Value Sales for 2023, Definitions per Beauty & Personal Care 2024ed.
Item 2635810","Water/Aqua/Eau, Dimethicone, Butylene Glycol, Glycerin, Polysilicone-11, Dimethicone/Vinyl Dimethicone Crosspolymer, Coconut Alkanes, Butyrospermum Parkii (Shea) Butter, Hydroxyethyl Acrylate/Sodium Acryloyldimethyl Taurate Copolymer, Vinyl Dimethicone/Methicone Silsesquioxane Crosspolymer, Isohexadecane, Isododecane, Dipropylene Glycol, Dimethicone/PEG-10/15 Crosspolymer, Diphenylsiloxy Phenyl Trimethicone, Phytosteryl/Octyldodecyl Lauroyl Glutamate, Allantoin, Ethylhexylglycerin, Polysorbate 60, C12-14 Alketh-12, Sorbitan Isostearate, Dimethicone/Phenyl Vinyl Dimethicone Crosspolymer, Coco-Caprylate/Caprate, Carnosine, Magnesium PCA, Sodium PCA, Fragrance/Parfum, Adenosine, Phenoxyethanol, Sodium Benzoate, Chlorphenesin, Panthenol, Salix Alba (Willow) Bark Extract, Honey Extract//Mel Extract/Extrait De Miel, Hydroxyproline, Proline, Sodium Hyaluronate, Boswellia Serrata Extract, Oligopeptide-10, Oryza Sativa (Rice) Bran Extract, Tetrapeptide-16, Silica, Hydroxyacetophenone, Tocopherol, Linalool.","Lock in more than moisture every night to reinforce the skin barrier and amplify the benefits of your nighttime routine with R+F breathable leave-on overnight Mask.
Apply as the last step in your nighttime regimen - First use Cleanser, Toner, Serum (for example, Total RF Serum, Active Hydration Serum or Intensive Renewing Serum), and your PM moisturizer. Then, apply an even layer of Hydra Mask Gel Cream to the face.
Allow time to dry before going to bed.
Rinse off the next morning and wake up to plumper, smoother skin.
For external use only. Keep out of eyes. If swallowed or in case of irritation, seek medical attention. Not for children."
pimprod2049660,ROUND LAB,Birch Juice Moisturizing Mask Set,Treatment & Serums,Sheet Masks,$36.00,10 ct,https://media.ulta.com/i/ulta/2636339?w=100&h=100&fmt=auto,,"Benefits
Replenishes dry skin with moisture, leaving it hydrated and healthy.
Soft cotton sheet infused with a water ampoule gently adheres to the skin, delivering maximum hydration.
Rated ""EXCELLENT"" by Germany's Dermatest and passed skin irritation tests.
Fragrance-free, ideal for sensitive skin.
Key Ingredients
Vitamin C and hyaluronic acid form a hydrating vita-moisture barrier, leaving the skin fresh and radiant.
Glyceryl Glucoside boosts aquaporin production for enhanced moisture retention.
Inje Birch Sap, rich in amino acids and minerals, provides deep hydration.
Hollyhock extract, Allantoin, and DPG soothe and calm irritated skin.
Made with 100% cotton sheets certified by eco-friendly Oeko-Tex.
Item 2636339","Water, Glycerin, Methylpropanediol, Betula Platyphylla Japonica Juice, Althaea Rosea Root Extract, Propanediol, Hydroxyacetophenone, Tromethamine, Sodium Hyaluronate, Allantoin, Polyglyceryl-10 Laurate, Polyglyceryl-10 Myristate, Butylene Glycol, Caprylyl Glycol, Ethylhexylglycerin, 1,2-Hexanediol, Dipotassium Glycyrrhizate, Glyceryl Caprylate, Carbomer, Caffeine, Xanthan Gum, Disodium EDTA.","After cleansing, apply toner to refine skin texture. Place the mask on your face, aligning it with the eye and nose openings. Remove the mask after 10-20 minutes and gently pat the remaining essence into the skin for absorption."
pimprod2007169,Hanskin,Pore Cleansing Oil - AHA,Cleansers,Cleansing Balms & Oils,$27.00,10.14 oz,https://media.ulta.com/i/ulta/2551557?w=100&h=100&fmt=auto,94 Reviews,"Benefits
Thoroughly removes makeup, including waterproof makeup
A blend of nourishing oils softens and maintains skin health and hydration
AHAs like lactic and glycolic acid gently exfoliate dead skin and pore impurities
Easy-to-use pump makes application sanitary and mess-free
Key Ingredients
Lactic Acid: An AHA that dissolves dead skin cells while restoring skin moisture
Glycolic Acid: An AHA that evens out skin texture and helps keep pores clear
Sunflower Seed Oil: Packed with Vitamin E for anti-aging benefits
Jojoba Oil: A plant-based oil that improves skin texture and hydration
Formulated Without
Parabens
Dyes
Artificial Fragrances
Alcohol
Item 2551557","Ethylhexyl Palmitate, Mineral Oil, Helianthus Annuus (Sunflower) Seed Oil, Peg-20 Glyceryl Triisostearate, Caprylic/Capric Triglyceride, 1,2-Hexanediol, Tocopheryl Acetate, Litsea Cubeba Fruit Oil, Pentaerythrityl Tetra-Di-T-Butylhydroxyhydrocinnamate, Citrus Aurantium Dulcis (Orange) Peel Oil, Lavandula Angustifolia (Lavender) Oil, Pelargonium Graveolens Oil, Water, Canarium Luzonicum Gum Nonvolatiles, Rosmarinus Officinalis (Rosemary) Leaf Oil, Eucalyptus Globulus Leaf Oil, Lactic Acid, Glycolic Acid, Citric Acid, Citrus Aurantium Amara (Bitter Orange) Flower Oil, Anthemis Nobilis Flower Oil, Camellia Japonica Seed Oil, Argania Spinosa Kernel Oil, Simmondsia Chinensis (Jojoba) Seed Oil, Glycerin, Butylene Glycol, Glycine, Camellia Japonica Flower Extract, Lysine, Leucine, Methionine, Ficus Carica (Fig) Fruit Extract, Valine, Centella Asiatica Extract, Rhus Semialata Gall Extract, Oxygen, Ceramide Np, Sodium Hyaluronate, Cysteine, Aspartic Acid, Isoleucine, Alanine, Arginine, Tyrosine, Phenylalanine, Proline, Hydrogenated Lecithin, Histidine.","Use it as the first step in your double cleansing routine. Dispense 2-3 pumps into dry palms and massage over dry skin. Wet your hands with a little water and massage the face to emulsify the oil. Rinse well with warm water and pat dry. Follow with a water-based cleanser.
Precautions: For external use only. Do not get into eyes."
pimprod2050109,Wildfleur,Encapsulated Retinol 0.05% + Bakuchi Renewing Moisturizer,Moisturizers,Face Moisturizer,$24.00,1.7 oz,https://media.ulta.com/i/ulta/2634836?w=100&h=100&fmt=auto,180 Reviews,"Features
0.05% encapsulated retinol
TX-Free Time release technology
Designed to be a gentle introduction to retinol, suitable for daily use and for combination with active treatments
Clinically tested
Dermatologist tested
Key Ingredients
0.05% Encapsulated Retinol - A toxin free delivery system that serves as an active reservoir for retinol to optimize its effective release over time, for better bioavailability and lower sensitivity potential
Bakuchiol - We further ensure the biocompatibility of retinol by using bakuchiol (a bioactive found in the babchi flower) as a synergistic partner since it is a functional analog of the proven active as well as an anti-inflammatory agent
Research Results
In a clinical study with over 50 people:
98% saw visible improvement in skin hydration after only 1 week
98% saw visible improvement in skin smoothness after only 2 weeks
Item 2634836","Water / Aqua, Isopropyl Palmitate, Glycerin, Glyceryl Stearate, Cetyl Alcohol, Hydroxyethyl Acrylate/Sodium Acryloyldimethyl Taurate Copolymer, Simmondsia Chinensis (Jojoba) Seed Oil, Peg-100 Stearate, Sorbitan Isostearate, Betaine, Tilia Europaea Flower/Leaf Extract, Butylene Glycol, Retinol, Bakuchiol, Glycyrrhiza Glabra (Licorice) Root Extract, Serine, Sodium Pca, Alanine, Pca, Glycine, Palmitoyl Tripeptide-1, Palmitoyl Tetrapeptide-7, Sodium Lactate, Glutamic Acid, Carbomer, Lysine Hcl, Citric Acid, Threonine, Polysorbate 20, Arginine, Allyl Methacrylates Crosspolymer, Ethylhexylglycerin, Trisodium Ethylenediamine Disuccinate, Proline, Oenothera Biennis (Evening Primrose) Oil, Tocopheryl Acetate, Dipalmitoyl Hydroxyproline, Phenoxyethanol, Polysorbate 60, Tocopherol.","Apply at night to clean face and neck. Always apply SPF during daytime.
Tip: If you're new to retinol or unsure about your skin tolerance, use this moisturizer instead of a concentrated serum to microdose your skin, allowing your skin to adapt to retinol by gradually building tolerance and reducing the risk of irritation."
pimprod2051029,NuFACE,TRINITY+ Effective Lip & Eye Attachment,Skincare Tools,,$160.00,,https://media.ulta.com/i/ulta/2640322?w=100&h=100&fmt=auto,,"Benefits
Delivers gentle microcurrent to hard-to-reach, delicate treatment areas around eyes and lips
Addresses your unique skin concerns like lifting brows, toning crow's feet and smile lines, and depuffing under-eyes
Ergonomic, dual wands hug the contours of the eyes and mouth for seamless treatments
Features
Interchangeable, magnetic attachment design makes it easy to swap attachments with your TRINITY+ NuFACE SMART APP
For use with the TRINITY+ Smart Device, sold separately
Research Results
80% saw a lifted brow & awakened eye*
75% saw improved elasticity around the eyes & brows**
*Results from a consumer post-treatment questionnaire 15 minutes post-treatment **Results from a consumer post-treatment questionnaire after 60 days of use
Item 2640322",,"PREP: Cleanse with an oil-free cleanser.
BOOST: Apply a few drops of Super Booster serum onto fingertips and massage into clean, dry skin until fully absorbed, if desired.
ACTIVATE & LIFT: Apply a mask-like layer of NuFACE Microcurrent Activator in sections as you lift. Perform glides/holds using your TRINITY+ Device with Effective Lip & Eye Attachment to lift and tighten around eyes and lips.
If you are under the care of a healthcare provider, consult your healthcare provider before using the Trinity+ Effective Lip + Eye. Do not use over swollen, infected, inflamed areas or skin eruptions. This Device may not be safe for use on individuals with a known history of carotid artery disease, stroke or transient ischemic attack (TIA), carotid stenosis, unstable blood pressure, easy fainting, thyroid disease, or prior surgical procedures. Please consult your healthcare provider if you have any concerns before use. Men should shave before use."
pimprod2021686,Pixi,Clarity Tonic Clarifying Toner with Salicylic Acid,Cleansers,Toner,$18.00,,https://media.ulta.com/i/ulta/2576872?w=1000&h=1000&fmt=auto,6 Reviews,"Benefits
Suitable for all skin types, especially breakout-prone skin
Promotes the appearance of clearer skin
Alcohol-free
Paraben-free
Not tested on animals
Item 2576872","Aqua/Water/Eau, Aloe Barbadensis Leaf Juice, Propanediol, Glycerin, Sodium PCA, Betaine, Lactobacillus Ferment Lysate Filtrate, Glycolic Acid, Sodium Hyaluronate, Salicylic Acid, Glycyrrhiza Glabra (Licorice) Root Extract, Salix Alba (Willow) Bark Extract, Magnesium Ascorbyl Phosphate, Centella Asiatica Extract, Saccharum Officinarum (Sugarcane) Extract/Extrait de Canne à Sucre, Leuconostoc/Radish Root Ferment Filtrate, Populus Tremuloides Bark Extract, Lactic Acid, Sodium Citrate, Sodium Hydroxide, Ethylhexylglycerin, Citric Acid, Potassium Sorbate, Sodium Benzoate, Phenoxyethanol.","Use AM & PM, or as needed.
Step 1: Cleanse your face.
Step 2: Saturate a cotton pad with the Clarity Tonic and sweep across face, neck and décolletage (avoiding the eye area).
Step 3: Follow with a serum or moisturizer.
Pixi recommends using SPF in the daytime, especially when using a product with AHAs."
pimprod2036535,PROVENCE Beauty,Bloom Baume Makeup Cleansing Balm,Cleansers,Cleansing Balms & Oils,$18.99,4.0 oz,https://media.ulta.com/i/ulta/2605280?w=100&h=100&fmt=auto,192 Reviews,"Benefits
Silky, gelée-oil balm melts makeup + SPF, then turns into a milky lather when it comes in contact with water
The first step in your double cleanse routine or a mega-hydrating cleanser for dry skin
Leaves skin feeling noticeably more hydrated
For all skin types: dry, oily, combination, sensitive, and breakout-prone
Formulated with Provence Beauty's Provençal Complex - a unique blend of ingredients derived from the South of France
Key Ingredients
SOAPBARK + SOAPWOOD: Botanical extracts that provide the oil-gel texture of the product + loosen makeup, SPF, and grime from the skin.
GLYCERIN: A humectant that helps maintain skin hydration + suppleness, and deliver a thorough cleanse without stripping away essential moisture.
IMMORTAL FLOWER: A botanical extract from the South of France that is known to have retinol-like effects + aid in cellular turnover to reduce the appearance of fine lines + wrinkles.
JOJOBA OIL: A natural oil that effectively removes makeup, hydrates skin, and helps balance oiliness.
Formulated Without
Parabens
Sulfates
Phthalates
Silicones
Animal testing
Alcohol
Gluten
Petrolatum
Fragrances
Synthetic colors
Item 2605280","Safflower (Carthamus Tinctorius) Seed Oil, Caprylic/Capric Triglyceride, Glycerin, Jojoba (Simmondsia Chinensis) Seed Oil, Water/Aqua, Everlasting (Helichrysum Stoechas) Flower Extract, Soapbark (Saponaria Wood) Extract, Apricot (Prunus Armeniaca) Fruit Extract, Kakadu Plum (Terminalia Ferdinandiana) Extract, White Mulberry (Morus Alba) Leaf Extract, Maritime Pine (Pinus Pinaster) Bark Extract, Soapwort (Saponaria Officinalis) Leaf/Root, Sea Buckthorn (Hippophae Rhamnoides) Fruit Oil.",Massage a dime-sized amount of Bloom Baume Makeup Cleansing Balm onto dry skin. Rinse with cool water. Follow with Pink Gelee Daily Clarifying Cleanser for a thorough double cleanse.
pimprod2052434,Dolce Glow,Body Balm Broad Spectrum SPF 50 Suncreen,Suncare,Sunscreen,$38.00,0.84 oz,https://media.ulta.com/i/ulta/2644431?w=100&h=100&fmt=auto,15 Reviews,"Benefits
Shimmer Finish for Full Body Glow
Long-wearing, universal shade suitable for all skin types.
Patented smooth cream-to-powder pigment primes, blurs, and moisturizes.
Non-nano, mineral-based broad-spectrum SPF 50 for UVA/UVB + blue light protection.
Packed with hydrating oils and antioxidants.
Features
Broad Spectrum SPF 50
Mineral Based, Non-Nano Formula
UVA, UVB + HEVL Protection
Non-Comedogenic
Dematologist Tested
Fragrance Free
Paraben Free, Sulfate Free, Pthalate Free
Key Ingredients
Zinc Oxide 20%: Broad Spectrum SPF 50 sun protection shields the skin from UVA and UVB rays.
Ricinus Communis (Castor) Seed Oil: Deeply hydrates and locks in moisture, leaving skin soft and supple. Its natural fatty acids help provide a smooth, protective layer for lasting comfort and ultimate shine.
Sodium Hyaluronate: A form of Hyaluronic Acid that helps build collagen and replenishes skin’s moisture for skin that radiates with health.
Lycium Barbarum Seed (Goji Berry) Oil: Packed with vitamins A, C, and essential fatty acids, brightens and revitalizes dull skin, and protects against environmental stressors and supports collagen production.
Vaccinium Macrocarpon (Cranberry) Seed Oil: Naturally contains Vitamin E and is rich in omega-3, 6, and 9 fatty acids, providing powerful antioxidant protection and helps support the skin barrier.
Item 2644431","Actives Zinc Oxide: 20%.
Inactive: Synthetic Fluorphlogopite, C26-28 Alkyl, Dimethicone, Isohexadecane, Polymethylsilsesquioxane, Isododecane, Butyloctyl Salicylate, Mica, Caprylyl Methicone, Titanium Dioxide, C12-15 Alkyl Benzoate, VP/Eicosene Copolymer, Polyglyceryl-3 Diisostearate, Polyglyceryl-3 Polyricinoleate, Trilaureth-4 Phosphate, Dimethiconol/Propylsilsesquioxane/Silicate Crosspolymer, C13-15 Alkane, Phenylpropanol, Propanediol, Silica, Iron Oxides, Tin Oxide, Caprylyl Glycol, Tocopheryl Acetate, Aluminum Dimyristate, Triethoxycaprylylsilane, Disodium Stearoyl Glutamate, Lycium Barbarum Seed Oil, Vaccinium Macrocarpon (Cranberry) Seed Oil, Ricinus Communis (Castor) Seed Oil, Sodium Hyaluronate, Hydrogenated Castor Oil, Tocopherol.","Suitable for face and body. Apply liberally 15 minutes before sun exposure. Reapply at least every 2 hours. Use a water-resistant sunscreen if swimming or sweating. Sun Protection Measures: Spending time in the sun increases your risk of skin cancer and early skin aging. To decrease this risk, regularly use a sunscreen with a broad spectrum SPF value of 15 or higher and other sun protection measures including: limit your time in the sun, especially from 10 a.m. - 2 p.m. Wear long-sleeved shirts, pants, hats, and sunglasses.
Precautions: For cosmetic external topic use only. Avoid contact with eyes, lips, and hair. Wash hands thoroughly after each use. Sun Protection Measures: Repeated exposure of unprotected skin in the sun while tanning may increase the risk of skin aging, skin cancer, and other harmful effects to the skin even if you do not burn. To decrease this risk, regularly use a sunscreen with a broad spectrum SPF value of 15 or higher and other sun protection measures including: limit your time in the sun, especially from 10 a.m. - 2 p.m. Wear long-sleeved shirts, pants, hats, and sunglasses. Do not apply on irritated, broken, or sensitive skin. Stop using if skin becomes irritated. We recommend conducting a patch test at least 24 hours prior to use. Storage: Store in an upright position. Keep out of reach of children."
pimprod2023651,Urban Veda,Neem & Tea Tree Skin Purifying Overnight Hydrator,Moisturizers,Night Cream,$34.00,1.6 oz,https://media.ulta.com/i/ulta/2580909?w=100&h=100&fmt=auto,24 Reviews,"Benefits
Oily skin
Acne prone skin
Antibacterial
Detoxifying
Congested skin
Anti blemish
All Urban Veda products are made with Ayurvedic herbs, flowers and fruits combined with clinically proven actives and antioxidants to help maintain skin's natural state of balance and homeostasis
Key Ingredients
Neem - excellent natural ingredient for those who have excess skin oils as Neem is a powerful antiseptic but non-drying
Sweet Almond - Rich in vitamins A and E, reduces skin inflammation and helpa skin conditions such as eczema and psoriasis
Tea Tree - Helps to reduce inflammation, cleanse and encourage skin healing. Supports acne, breakouts and skin infections
Wild Mint - Rich in salicylic acid, a Beta Hydroxy Acid which helps to deeply cleanse to relieve congestion
Glycerin - a pure natural vegetable moisturiser, vegan friendly
Formulated Without
SLS/SLES
Parabens
Silicones
Mineral Oil/paraffinum liquidum
Animal derivatives
Artificial colors
Propylene glycol
MEA/DEA/TEA
Triclosan
EDTA
Microbeads
PEGs
Item 2580909","Aqua (Water), Isopropyl Myristate, Glycerin (vegetal), Caprylic/Capric Triglyceride, Cetearyl Alcohol, Prunus Amygdalus Dulcis (Sweet Almond) Oil, Hamamelis Virginiana (Witch Hazel) Water, Polyglyceryl-3 Dicitrate/Stearate, Glyceryl Stearate, Melia Azadirachta (Neem) Leaf Extract, Arctostaphylos Uva Ursi (Bearberry) Leaf Extract, Morus Nigra (Black Mulberry) Root Extract, Terminalia Arjuna Bark Extract, Melia Azadirachta (Neem) Seed Oil**, Melaleuca Alternifolia (Tea Tree) Leaf Oil**, Citrus Aurantium Dulcis (Orange) Peel Oil, Cupressus Sempervirens (Cypress) Oil, Mentha Arvensis (Wild Mint) Leaf Oil, Menthol, Mentha Viridis (Spearmint) Leaf Oil, Eucalyptus Globulus (Eucalyptus) Leaf Oil, Illicium Verum (Anise) Fruit Oil, Ascorbic Acid (Vitamin C), Phenoxyethanol, Sodium Polyacrylate, Hydroxyacetophenone, Alcohol, Ethylhexylglycerin, Xanthan Gum, Sodium Phytate, Potassium Sorbate, Sodium Benzoate, Citric Acid, Limonene*, Linalool* *Naturally occurring in essential oils, **Organic","Apply to face, neck and chest in circular motions. Use as your last step after cleansing and exfoliating."
pimprod2049784,Kopari Beauty,Best of Blue Paradise Kit,By Price,$100 and Under,$65.00,11.1 oz,https://media.ulta.com/i/ulta/2637758?w=100&h=100&fmt=auto,,"Benefits
Marine Clean Purifying Gel Cleanser: A skin-balancing and purifying gel-to-foam cleanser packed with nourishing algae extracts, hydrating amino acids and moisture-retaining vitamin B5. Effective, yet gentle, will remove makeup and impurities without stripping or drying skin.
Moisture Whipped Ceramide Cream: Infused with nourishing ceramides and hydrating hyaluronic acid, this lush cream helps lock in moisture, soothes dryness, and restores skin's natural resilience. Its whipped texture absorbs effortlessly, leaving skin supple and moisturized
Kaanapali Coast Hair & Body Mist: A sweet and creamy clean fragrance capturing the signature coconut milk and sweet vanilla scent. This tropical-inspired mist brings an irresistible, sun-drenched scent to your hair and body, transporting you to the shores of paradise with every spritz.
Formulated Without
PEGs, Silicone, Phthalates, Sulfates, & Artificial Colorants
Includes
Marine Clean Purifying Gel Cleanser (5.0 oz)
Moisture Whipped Ceramide Cream (2.1 oz)
Kaanapali Coast Hair & Body Mist (4.0 oz)
Item 2637758","Marine Clean Purifying Gel Cleanser: Water/aqua/eau, Sodium Cocoyl Isethionate, Glycerin, Decyl Glucoside, Lauramidopropyl Betaine, Potassium Cocoyl Glycinate, Acrylates Copolymer, 1,2-hexanediol, Sodium Chloride, Arginine, Fragrance (parfum), Dipropylene Glycol, Hydroxyacetophenone, Xanthan Gum, Butylene Glycol, Caprylyl Glycol, Ethylhexylglycerin, Olea Europaea Fruit Oil, Panthenol, Spirulina Platensis Powder, Disodium EDTA, Pentylene Glycol, Laminaria Japonica Extract, Gelidium Cartilagineum Extract, Undaria Pinnatifida Extract, Hizikia Fusiforme Extract, Hyaluronic Acid, Hydrolyzed Hyaluronic Acid, Sodium Hyaluronate.
moisture Whipped Ceramide Cream: Water/aqua/eau, Glycerin, Caprylic/capric Triglyceride, Octyldodecanol, Dicaprylyl Ether, 2,3-butanediol, Glyceryl Stearate Citrate, Cetearyl Alcohol, 1,2-hexanediol, Squalane, Butyrospermum Parkii (shea) Butter, Behenyl Alcohol, Hydrogenated Lecithin, Polyglyceryl-10 Stearate, Sodium Polyacrylate, Behenic Acid, Stearic Acid, Stearyl Alcohol, Cocos Nucifera (coconut) Fruit Extract, Myristic Acid, Simmondsia Chinensis (jojoba) Seed Oil, Ceramide Np, Triethylhexanoin, Phospholipids, Ethylhexylglycerin, Hydrogenated Polydecene, Adansonia Digitata Seed Oil, Citrullus Lanatus (watermelon) Seed Oil, Glyceryl Undecylenate, Glyceryl Caprylate, Cholesterol, Propanediol, Phytosphingosine, Tocopherol, Aloe Barbadensis Leaf Juice, Adansonia Digitata Fruit Extract, Xanthan Gum, Sodium Hyaluronate.
kaanapali Coast Hair & Body Mist: Alcohol Denat., Water/aqua/eau, Fragrance (parfum), Benzyl Salicylate, Cinnamyl Alcohol, Eugenol, Geraniol, Hexyl Cinnamal, Isoeugenol, Linalool, Hydroxycitronellal, Amyl Cinnamal, Benzyl Alcohol, Benzyl Benzoate, Cinnamal, Citral, Citronellol.","Begin with the Marine Clean Purifying Gel Cleanser to refresh and lift away impurities, then lock in lightweight, deep hydration with the Moisture Whipped Ceramide Cream. Complete your ritual with a spritz of the Kaanapali Coast Hair & Body Mist, a tropical coconut and vanilla fragrance that transports you to sun-drenched shores. Your essentials for radiant skin and paradise in every moment
Precautions: For external use only. Do not use on damaged or broken skin. When using this product keep out of eyes. Rinse with water to remove. Stop use and ask a doctor if rash occurs.
Kaanapali Coast Only: FLAMMABLE: Keep away from heat and open flames."
pimprod2043323,Charlotte Tilbury,Multi-Miracle Glow Cleansing Balm,Cleansers,Cleansing Balms & Oils,$62.00,3.4 oz,https://media.ulta.com/i/ulta/2619538?w=100&h=100&fmt=auto,6 Reviews,"Features
Enriched with firming and nourishing vitamins A, C, and E as well as regenerating rose hip and camellia oils, the multitasking cream-to-oil formula can be used as a wrinkle-defying softening cleanser, face mask, or deep treatment on dry, cracked areas of skin.
The transforming skin remedy deeply cleanses and regenerates skin to combat signs of aging, dullness, and dryness.
Antioxidant sea buckthorn seed oil and cranberry seed oil moisturize skin and stimulate circulation.
Frangipani flower soothes and helps purify skin of dirt and makeup.
Rose hip and camellia oils regenerate skin to delay signs of aging while vitamins A, C, and E smooth the look of wrinkles.
Research Results
Tested on 100 women, aged 55 to 65, over a 1-week period:
100% of users agreed their skin looked and felt smoother after using
Formulated Without
Parabens
Sulfates
Item 2619538","Glycerin, Water, Caprylic/Capric Triglyceride, Cyclopentasiloxane, Sucrose Stearate, Phenyl Trimethicone, Phenoxyethanol, Microcrystalline Cellulose, Ethylhexylglycerin, Chlorphenesin, Cellulose Gum, Xanthan Gum, Fragrance (Parfum), Camellia Oleifera Seed Oil, Rosa Canina Fruit Oil, PEG-8, Helianthus Annuus (Sunflower) Seed Oil, Tocopherol, Ascorbyl Tetraisopalmitate, Rubus Chamaemorus Seed Oil, Tocopheryl Acetate, Vaccinium Macrocarpon (Cranberry) Seed Oil, Retinyl Palmitate, Ascorbyl Palmitate, Ascorbic Acid, Citric Acid, Bht, Plumeria Rubra Flower Extract, Rosmarinus Officinalis (Rosemary) Leaf Extract, Hexyl Cinnamal, Benzyl Benzoate, Linalool, Hydroxycitronellal, Cinnamyl Alcohol, Red 40 (CI 16035).","To use as a deep cleansing anti-wrinkle wash:
Start by applying Multi-Miracle Glow to a dry face, all over using Charlotte's Pro Collagen Wonder Workout (sold separately).
Apply cream to the tips of the middle three fingers on each hand.
Blend into your cheeks starting from the lower cheek, near the mouth, in a sweeping motion up and out.
Repeat this motion, moving up the face to simulate blood flow, and penetrate collagen-boosting ingredients deeper into the skin.
To blend in the excess cream and de-congest puffed up cheeks, tap your cheeks with your fingertips in a pitter-patter motion, starting from the top of the cheek bone and working down.
As an overnight regenerating facial mask:
Cleanse as in step one, then apply a thin layer all over the face, avoiding the eye contour.
Massage into skin using the Pro Collagen Wonder Workout from step one.
Leave on for 10 minutes or overnight for best results, then wash off the excess.
To use as a beauty balm:
Apply directly onto targeted area and massage in to cheat a polished, supermodel finish.
Charlotte's tip: Use this cleanser, mask, and balm as the first step in your skincare routine, followed up by the Magic Night Cream (sold separately)."
pimprod2017190,Earth Therapeutics,Organic Collection Essential Beauty Masks,Treatment & Serums,Sheet Masks,$12.00,5 ct,https://media.ulta.com/i/ulta/2567836?w=100&h=100&fmt=auto,17 Reviews,"Benefits
Beautiful, rejuvenated skin
Simple and quick at home spa treatmetn\Instant visible results
Key Ingredients
Clarifying Tea Tree Oi
Rejuvenating Retinol
Moisturizing Vitamin E
Revitalizing Collagen
Hydrating Hyaluronic Acid
Item 2567836",Ingredients,Cleanse the skin. Carefully remove the mask from packaging and place on the face. Relax as you leave the mask on for 15-20 minutes. Remove the mask and massage the remaining serum into your skin. No need to rinse.
pimprod2013457,Pixi,Overnight Retinol Oil Smoothing Night Oil,Moisturizers,Face Oils,$24.00,1.01 oz,https://media.ulta.com/i/ulta/2562279?w=100&h=100&fmt=auto,46 Reviews,"Benefits
Overnight Skin Renewal
Improves firmness and skin elasticity
Refines skin texture
Paraben-free
Suitable for all skin types
Key Ingredients
Retinol smoothes and refines
Peptides firm and revitalize
Ceramide NP provides time-release moisture
Item 2562279","Prunus Amygdalus Dulcis (Sweet Almond) Oil, Retinyl Palmitate, Jasminum Officinale (Jasmine) Flower/Leaf Extract, Aqua/Water/Eau, Caprylic/Capric Triglyceride, Glycerin, Retinol, Polysorbate-20, Laureth-23, Cetyl Palmitate, Trideceth-6 Phosphate, Phenoxyethanol, Sodium Hydroxide, Ceramide NP, Squalane, Simmondsia Chinensis (Jojoba) Seed Oil, Helianthus Annuus (Sunflower) Seed Oil, Tocopherol, Tocopheryl Acetate, Tetrahexyldecyl Ascorbate, C12-15 Alkyl Benzoate, Sorbitan Laurate, C18-36 Acid Glycol Ester, C18-36 Acid Triglyceride, Palmitoyl Tripeptide-1, Palmitoyl Tetrapeptide-7, Vaccinium Macrocarpon (Cranberry) Seed Oil, Borago Officinalis Seed Oil.",Warm a few drops in your hands and gently press onto skin. Use after cleansing and toning before moisturising.
pimprod2017107,Hanskin,Vitamin C Glow Serum,Treatment & Serums,Face Masks,$36.00,1.01 oz,https://media.ulta.com/i/ulta/2568282?w=100&h=100&fmt=auto,118 Reviews,"Benefits
Helps brighten the appearance of dark spots caused by sun exposure and breakouts
Protects the skin against free radicals from air pollutants
Works with your daily SPF to protect against free radicals from sun exposure
Gives dull and blotchy skin a more even and illuminated tone
Niacinamide helps control oil and minimize the look of enlarged pores
Key Ingredients
Vitamin C (Ascorbic Acid): A potent antioxidant that improves the appearance of fine lines, dark spots and uneven skin tone
Niacinamide/Vitamin B3: Brightens, minimizes the appearance of pores and softens the look of wrinkles
Formulated Without
Talc
Sulfates
Silicones
Artificial Fragrances
Item 2568282","Water, Ethoxydiglycol, Dipropylene Glycol, Ascorbic Acid, Propanediol, 1,2-Hexanediol, Choleth-24, Tromethamine, Polyacrylate Crosspolymer-6, Glycerin, Tocopherol, Polyglyceryl-10 Oleate, Ethylhexylglycerin, Citrus Grandis (Grapefruit) Peel Oil, Hydrogenated Lecithin, Niacinamide, Sodium Phytate, Cyanocobalamin.","Press 3-5 drops of serum into clean, dry skin. Follow with moisturizer and SPF. Replace the cap tightly after use and store in a cool, dry place.
Precautions: Store in a cool, dry place."
pimprod2021437,DERMA E,Gentle Enzyme Peel with Licorice Root and Milk Thistle,Treatment & Serums,Face Peels & Exfoliators,$22.00,1.7 oz,https://media.ulta.com/i/ulta/2577567?w=100&h=100&fmt=auto,138 Reviews,"Benefits
Removes impurities and evens skin tone
Features
Recyclable & wind energy certified
Formulated without GMOs, gluten, or soy
Key Ingredients
Plant-derived enzymes (Papaya, pineapple)
Brightening agents: milk thistle and licorice root
Nutrients: Aloe Vera, Jojoba oil, and Mug wort extract, Vitamin E, Hyaluronic Acid
Item 2577567","Purified Water, Propanediol, Glycerin, Aloe Barbadensis Leaf Juice*, Cetrimonium Chloride, Carbomer, Polysorbate 20, Sodium Hyaluronate, Glycyrrhiza Glabra (Licorice) Root Extract, Silybum Marianum Seed Extract (Milk Thistle), Artemisia Vulgaris Extract (Mugwort), Astaxanthin, Tocopheryl Acetate (Vitamin E), Potassium Sorbate, Menthol, Simmondsia Chinensis (Jojoba) Seed Oil*, Eucalyptus Globulus Leaf Oil, Mentha Piperita (Peppermint) Oil, Mentha Viridis (Spearmint) Leaf Oil, Bromelain (Pineapple Fruit Enzyme), Papain (Papaya Fruit Enzyme), Phenoxyethanol.","Apply a generous amount on clean dry skin. Gently massage in a circular motion to roll, lift and sweep away dead skin cells. Rinse well with water. For extra enzymatic exfoliation, leave on skin for 1 to 5 minutes then rinse. Use 1 to 3 times a week depending on skin sensitivity."
pimprod2014419,INDIE LEE,Purifying Face Wash,Cleansers,Face Wash,$38.00,4.2 oz,https://media.ulta.com/i/ulta/2563190?w=100&h=100&fmt=auto,132 Reviews,"Benefits
Nourishes skin while removing makeup and impurities
Dissolves excess sebum promoting a clearer, brighter complexion
Skin feels soft and supple, never tight
Key Ingredients
Orange and Lavender extracts nourish the skin while dissolving excess sebum
Clove, Burdock and Mandarin promote a clearer, brighter complexion
Rose Damascena and Jasmine ensure skin feels soft and supple
Features
Leaping Bunny Certified, cruelty-free, and printed on FSC certified paper
Always formulated without 1,300+ banned ingredients, including: Parabens, Mineral Oil, Sulfate-based detergents, Synthetic Fragrance, Petroleum-based ingredients, Phthalates, Phenoxyethanol, Formaldehyde and GMO ingredients
Vegan
COSMOS NATURAL
Item 2563190","Water (Aqua/Eau), Capryloyl/Caproyl Methyl Glucamide, Lauroyl/Myristoyl Methyl Glucamide, Coco Glucoside, Sucrose Cocoate, Glycerin, Spondias Mombin Pulp Extract, Mangifera Indica (Mango) Pulp Extract, Caprylic/Capric Triglyceride, Citrus Aurantium Dulcis (Orange) Peel Extract, Citrus Nobilis (Mandarin Orange) Fruit Extract, Rose Damascena Flower Extract, Vanilla Plantifolia Fruit Extract, Vitis Vinifera (Grape) Fruit Extract, Citrus Limon (Lemon) Peel Extract, Eugenia Caryophyllus (Clove) Flower Extract, Lavendula Angustifloia (Lavender) Flower/Leaf/Stem Extract, Jasminum Officinale (Jasmine) Flower Extract, Musa Sapientum (Banana) Pulp Extract, Citrus Reticulata (Tangerine) Fruit Extract, Arctium Lappa Root Extract, Xanthan Gum, Citric Acid, Sodium Benzoate, Potassium Sorbate, Propanediol, Pentylene Glycol (Natural), Phenethyl Alcohol (Natural) 98% Natural Origin Of Total.","Apply to damp skin, gently massage and rinse.
Precautions: For external use only. This product is packaged glass. Glass is fragile which may break if dropped."
pimprod2036488,Flora & Noor,Boost & Brighten Vitamin C Cleanser,Cleansers,Face Wash,$24.00,4.0 oz,https://media.ulta.com/i/ulta/2606285?w=100&h=100&fmt=auto,71 Reviews,"Benefits
Flora & Noor Boost & Brighten Cleanser helps clear and reduce pores, breakouts, and skin blemishes.
Ideal for skin showing signs of uneven pigmentation, discoloration, sun damage, freckles, age spots and dark spots
For up to eight- fold antioxidant protection and prevention of the formation of free radicals in sun exposed skin. With nourishing ingredients to provide daily defense, this cleanser refines skin texture and reduces wrinkle formation as well as minimizing existing wrinkles!
Effective for both single and double cleansing, this antioxidant-rich formula leaves you with glowing, soft, and clean skin without drying or stripping.
100% Vegan
Halal Certified
Helps Treat HYPERPIGMENTATION and MELASMA!
Key Ingredients
Vitamin C - Helps protect your skin against everyday environmental stressors like pollution and UV rays, while also working as a powerful dark spot corrector
Organic Reishi And Organic Gotu Kola - Fades sun spots and damage, reduces wrinkle formation, and boosts cellular hydration. Gotu Kola is a proven collagen stimulant proven to work 120 times more effectively than synthetic collagen!
Vitamin E - Known to decrease redness and yield a brighter and more even complexion, clearer pores, fewer signs of aging, and improved appearance of scars and stretch marks.
Organic Aloe Vera - Anti-inflammatory, can prevent dark spots, and even slow down the signs of aging.
Borage - You'll love its calming, nourishing, redness-erasing effects!
Formulated Without
Parabens
Sulfates
Item 2606285","Aqua (Deionized Water), Aloe Barbadensis Leaf Juice (Organic Aloe), Decyl Glucoside, Cocamidopropyl Betaine (Surfactant), Cocamidopropyl Hydroxysultaine, Dimethyl Sulfone (MSM), Sodium Ascorbyl Phosphate (Vitamin C), Cocamide Mipa, COCAMIDE MIPA, Phenoxyethanol (Preservative), Disodium Laureth Sulfosuccinate, Disodium Lauryl Sulfosuccinate, Acrylates/C10-30 Alkyl Acrylate Crosspolymer, Sodium Hydroxide, Ethylhexylglycerin (Preservative), Olea Europaea Fruit Oil (Organic Olive), Centella Asiatica Extract (Gotu Kola), Equisetum Arvense Extract (Horsetail), Geranium Maculatum Extract (Wild Geranium), Taraxacum Officinale Extract (Organic Dandelion), Borago Officinalis Seed Oil (Borage), Rosa Canina Fruit Oil (Organic Rosehip Seed), Citrus Aurantium Dulcis Peel Extract (Orange), Origanum Vulgare Extract (Oregano), Tocopheryl Acetate (Vitamin E), Melaleuca Alternifolia Leaf Oil (Tea Tree Essential Oil).","Pump cleanser into hands and work into lather. Massage into skin in a gentle, circular motion. Rinse thoroughly and pat dry without rubbing. Cleanse morning and/or evening."
pimprod2014204,Skin Gym,Beauty Lifter Vibrating T-Bar Roller,Skincare Tools,Facial Rollers,$58.00,,https://media.ulta.com/i/ulta/2564079?w=100&h=100&fmt=auto,25 Reviews,"Features
Designed with sonic vibrational technology
6,000 vibrations per minute help temporarily lift and sculpt facial contours, leaving you with a more defined appearance.
The sleek design allows strategic vibrations to smooth between the eyes, along the jaw, and lift the eyebrow area.
Benefits
The gentle sonic technology helps temporarily stimulate circulation, awaking tired skin and promoting a radiant, fresh glow.
Mimic the effects of a massage with the sonic vibrations, instantly providing a lifting and revitalizing effect.
Sonic vibrations gently stimulate the skin, enhancing absorption of your favorite serums and moisturizers.
Item 2564079",,"Use the Skin Gym Beauty Lifter 5-10 minutes daily for radiant skin. Follow the included workout guide for detailed instructions on proper T-Bar movement and targeted strokes to achieve optimal results. Best used with serum, oil or moisturizer on freshly cleansed skin. Effortless Application: Simply apply your favorite serum, oil, or moisturizer to clean skin for a smooth glide. Targeted Techniques: Perform outward and upward strokes with your T-Bar along the contours of your face. See included workout guide for more detailed instructions on proper T-Bar movement. Easy Maintenance: Rinse the T-Bar with clean water and dry thoroughly after each use for optimal hygiene."
pimprod2051777,I'm From,Mugwort Mask,Treatment & Serums,Face Masks,$35.00,3.88 oz,https://media.ulta.com/i/ulta/2642155?w=100&h=100&fmt=auto,,"Benefits
Gentle formulation makes this mask safe for daily use
Calms irritation and redness, while healing the skin barrier
Key Ingredients
Mugwort Extract - contains antimicrobial properties that can help fight off bacteria and fungi that cause skin infections, such as acne and eczema
Item 2642155","Water, Butylene Glycol, Glycerin, Artemisia Princeps Leaf Powder, 1,2-Hexanediol, Cordyceps Sinensis Extract, Polygonum Cuspidatum Root Extract, Scutellaria Baicalensis Root Extract, Methylpropanediol, Ligularia Fishceri Leaf Extract, Rosa Davurica Bud Extract, Camellia Sinensis Leaf Extract, Glycyrrhiza Glabra (Licorice) Root Extract, Chamomilla Recutita (Matricaria) Flower Extract, Rosmarinus Officinalis (Rosemary) Leaf Extract, Centella Asiatica Extract, Glyceryl Polyacrylate, Sodium Polyacrylaste, Carbomer, Arginine, Phenoxyethanol, Allantoin, Dipotassium Glycyrrhizate, Panthenol, Xanthan Gum, Disodium EDTA.","After cleansing, spread the mask all over your face. Leave on for 10-15 minutes and rinse off with lukewarm water."
pimprod2039603,belif,Aqua Bomb PHA Exfoliating Toner Pads,Cleansers,Toner,$24.00,70 ct,https://media.ulta.com/i/ulta/2607786?w=100&h=100&fmt=auto,6 Reviews,"Benefits
Born from the ultra-hydrating Aqua Bomb DNA, these gentle yet effective toner pads have a 3-in-1 multi-benefit formula to exfoliate, soothe, and hydrate skin
Dual-sided pad: Use the gauze side to aid the PHA with gentle physical exfoliation; use the embossed side for softer application
Each pad is soaked in hydrating toner with 2% Polyhydroxy Acid (PHA) that gently exfoliate dead skin cells and help to improve uneven skin texture, leaving skin looking radiant
The gentle cotton pads feel soft on skin and help to smooth skin texture
Skin Type: Normal, Dry, Combination, and Oily
Skincare Concerns: Dryness, Acne and Blemishes, and Oiliness
Key Ingredients
2% Polyhydroxy acid (PHA): gently exfoliates and improves uneven skin texture for a more radiant skin look
Centella asiatica (Cica): herbal ingredient that helps soothe skin
Panthenol (Vitamin B5): helps soothe and hydrate the skin
Napiers Original Formula: an herbal formula with herbs like oat kernel, Calendula flower, and Raspberry leaf for freshness and hydration
Napiers Aqua Formula: An herbal formula with herbs like Lady's mantle, Chickweed, and Nettle leaf that recharges moisture of skin
Research Results
100% agree skin feels softer and smoother after use
96.7% agree skin feels hydrated after use
96.7% agree toner pads help to easily smooth out dead skin cells
Based on 7-day consumer perception study of 30 women ages 20 to 39
Item 2607786","Water/Eau, Glycerin, Butylene Glycol, Dipropylene Glycol, 1,2-Hexanediol, Gluconolactone, Arginine, Panthenol, Allantoin, Polyglyceryl-10 Stearate, Ethylhexylglycerin, Polyglyceryl-10 Oleate, Citric Acid, Inonotus Obliquus (Mushroom) Extract, Sodium Hyaluronate, Scutellaria Baicalensis Root Extract, Centella Asiatica Leaf Extract, Avena Sativa (Oat) Kernel Extract, Calendula Officinalis Flower Extract, Nepeta Cataria Extract, Rubus Idaeus (Raspberry) Leaf Extract, Baptisia Tinctoria Root Extract, Stellaria Media (Chickweed) Extract, Alchemilla Vulgaris Leaf Extract, Equisetum Arvense Leaf Extract, Urtica Dioica (Nettle) Leaf Extract, Bakuchiol, Beta-Glucan, Corchorus Olitorius Leaf Extract, Hamamelis Virginiana (Witch Hazel) Extract, Jasminum Officinale (Jasmine) Extract, Citrus Aurantium Dulcis (Orange) Peel Oil, Citrus Aurantifolia (Lime) Oil, Rosmarinus Officinalis (Rosemary) Leaf Oil, Pelargonium Graveolens Flower Oil, Limonene, Citronellol, Geraniol, Citral.","After cleansing, wipe pad across face and neck. Use 1-3 times a week, adjust the use up to daily if desired. For both AM and PM. Follow with broad-spectrum sunscreen for the AM.
Precautions: For external use only. Discontinue use if irritation or rash occurs. Do not use on broken or damaged skin. Avoid eye area. Do not store at extreme temperatures or in direct sunlight. There may be a slight color change in the product over time, but it does not change the performance. Do not leave pads on skin for a long time. Avoid direct contact with eyes. Do not flush.
AHA+PHA Sunburn Alert This product contains Alpha Hydroxy Acid (AHA) and Polyhydroxy Acid (PHA) that may increase your skin's sensitivity to the sun and particularly the possibility of sunburn. It is recommended that prior to exposure to the sun, users cover areas where AHAs and PHAs have been applied with sunscreen. Contact of the product with the skin must be of limited frequency and duration."
pimprod2013643,Erborian,Milk & Peel Mask,Treatment & Serums,Face Masks,$36.00,,https://media.ulta.com/i/ulta/2563426?w=100&h=100&fmt=auto,36 Reviews,"Benefits
This peeling mask, with its rich, creamy texture, helps to visibly smooth skin's texture
Revive skin's radiance and combats dullness
Improve the texture and quality of skin
Key Ingredients
Erborian's Milk & Peel Mask is formulated with Exfoliating Enzymes, as well as Sesame Milk, which has been known to visibly smooth skin's surface. Milk & Peel Mask exfoliates and gently rids of dead skin cells
Enriched with Sesame Oil, which is known for its fatty acid content, the mask helps to nourish the skin leaving it feeling softer and smoother
Formulated Without
Parabens
Sulfates
Phthalates
Item 2563426","Aqua/Water, Kaolin, Glycerin, Peg-7 Glyceryl Cocoate, Ci 77891/Titanium Dioxide, Palmitic Acid, Butylene Glycol, Stearic Acid, Lauric Acid, Sesamum Indicum (Sesame) Seed Oil, Potassium Cocoyl Glycinate, Stearyl Alcohol, Potassium Hydroxide, Sunflower Seed Oil Glycerides, 1,2-Hexanediol, Camellia Sinensis Leaf Extract, Sesamum Indicum Seed Extract/ Sesamum Indicum (Sesame) Seed Extract, Scutellaria Baicalensis Root Extract, Polygonum Cuspidatum Root Extract, Centella Asiatica Extract, Glycyrrhiza Glabra (Licorice) Root Extract, Rosmarinus Officinalis (Rosemary) Leaf Extract, Chamomilla Recutita (Matricaria) Flower Extract, Bacillus Ferment, Allantoin, Potassium Cocoate, Propylene Glycol, Hydroxyethyl Acrylate/Sodium Acryloyldimethyl Taurate Copolymer, Caprylic/Capric Triglyceride, Magnesium Aluminum Silicate, Capric Acid, Sorbitan Isostearate, Polysorbate 60, Xanthan Gum, Myristic Acid, Citric Acid, Sorbic Acid, Potassium Sorbate, Parfum/Fragrance.","Apply a fine layer to dry skin, avoiding the lips and eye area. Leave on for 5 minutes. Massage the face with wet hands, using circular movements, and then rinse off with water. Use once or twice a week.
It's recommended you also try Milk & Peel Balm, a daily, mild cleansing balm, to remove makeup, cleanse skin of impurities, and gently exfoliate for softer, smoother skin."
pimprod2049651,Isntree,Ultra-Low Molecular Hyaluronic Acid Toner,Cleansers,Toner,$23.30,10.14 oz,https://media.ulta.com/i/ulta/2636345?w=100&h=100&fmt=auto,,"Benefits
Instant 3-Second Hydration: Quenches skin’s thirst in seconds, providing a boost of moisture.
24-Hour Hydration Retention: Deeply hydrates the skin and locks in moisture throughout the day.
Quick Absorption: Lightweight texture absorbs quickly, leaving no greasy residue.
Fragrance-Free: No fragrance, perfect for sensitive skin.
Features
Ultra-Low-Molecular-Weight Hyaluronic Acid: With an average molecular size of 329 Da, this hyaluronic acid deeply penetrates the skin, targeting dryness and tightness for lasting hydration.
14-Layer Hyaluronic Acid Complex: From ultra-low to high molecular of Hyaluronic acid help hydrate the inner and outer part of the skin.
Low pH Toner: Formulated with a pH of 5.33 to maintain and support the skin’s natural barrier.
Key Ingredients
14 Types of Hyaluronic Acid: A unique blend of 14 types of hyaluronic acid that deeply hydrate, leaving skin moisturized, smooth, and revitalized for 24 hours.
Sea Water from Ulleung Island: Packed with magnesium, calcium, and potassium, this mineral-rich seawater replenishes moisture, strengthens the skin’s defenses, and prevents dehydration.
Aquaseal: Enhances moisture retention and strengthens the skin barrier.
Witch Hazel Extract: Refines skin texture and promotes skin turnover.
Cypress Leaf Extract: Soothes and calms the skin.
Item 2636345","Water, Methylpropanediol, 1,2-Hexanediol, Sea Water, Glycerin, Betaine, Allantoin, Butylene Glycol, Caprylyl Glycol, Ethylhexylglycerin, Panthenol, Xanthan Gum, Malachite Extract, Disodium EDTA, Hydrolyzed Hyaluronic Acid, Pentylene Glycol, Xylitylglucoside, Anhydroxylitol, Sodium Hyaluronate, Xylitol, Potassium Hyaluronate, Glucose, Dimethylisilanol Hyaluronate, Sodium Acetylated Hyaluronate, Sodium Hyaluronate Crosspolymer, Hydroxypropyltrimonium Hyaluronate, Hydrolyzed Sodium Hyaluronate, Hydrolyzed Calcium Hyaluronate, Hyaluronic Acid, Hamamelis Virginiana (Witch Hazel) Extract, Sodium Sulfated Hyaluronate, Chamaecyparis Obtusa Leaf Extract, Sodium Stearoyl Hyaluronate, Sodium Oleoyl Hyaluronate.","With a cotton pad pour an appropriate amount onto a cotton pad and gently wipe across the face to refine skin texture. With bare hands Apply additional layers as needed when skin feels dry, gently patting to allow deep hydration to absorb."
pimprod2028054,Drunk Elephant,Juju Exfoliating Face Cleansing Bar,Cleansers,Face Wash,$28.00,4.0 oz,https://media.ulta.com/i/ulta/2588465?w=100&h=100&fmt=auto,170 Reviews,"Benefits
Infused with thermal mud, marula, bamboo, and superfruit
Dissolves excess oil, pore-clogging surface debris, and impurities
Gently exfoliates dead skin cells
Promotes moisture retention
Leaves skin feeling softer and smoother with improved clarity
Formulated without harsh surfactants (like SLS, i.e. sodium lauryl sulfate)
Formulated at a skin-friendly, non-stripping pH of 6.3
Dermatologist Tested
Key Ingredients
Heilmoor Clay: A thermal mud that visibly tones and detoxifies the skin
Virgin Marula Oil: This super-absorbable oil - high in critical antioxidants and omegas 6 and 9 - moisturizes, nourishes, and rejuvenates skin's appearance for a youthful-looking glow
Bamboo Powder: Tiny, smooth spheres that gently exfoliate away dead, dry skin
Formulated Without
Made without the Suspicious 6 - the six ingredients Drunk Elephant believes are at the root of almost every skin issue (Essential oils, Silicones, Chemical sunscreens, SLS, Fragrances + dyes, and Drying alcohols)
Item 2588465","Sodium Coco-Sulfate, Disodium Lauryl Sulfosuccinate, Triticum Vulgare (Wheat) Starch, Cetearyl Alcohol, Bambusa Vulgaris Leaf/Stem Extract, Paraffin, Sclerocarya Birrea Seed Oil, Water/Aqua/Eau, Heilmoor Clay, Titanium Dioxide (CI 77891), Helianthus Annuus (Sunflower) Seed Oil, Euterpe Oleracea Fruit Extract, Lycium Barbarum Fruit Extract.","Wet Juju Bar and lather until creamy. With your hands, gently massage over face, neck, and chest. Rinse with warm water and pat dry. Use 2 or 3 times per week. Do not apply bar directly to skin. Avoid direct contact with eyes.
Tip: Gently massage Juju's lather over chapped, rough lips to exfoliate dead skin and follow with Lippe Balm for a smooth, plump pout!"
pimprod2010023,Ahava,Apple Of Sodom Advanced Deep Wrinkle Cream,Moisturizers,Face Moisturizer,$109.00,1.7 oz,https://media.ulta.com/i/ulta/2555649?w=100&h=100&fmt=auto,2 Reviews,,"Aqua (Mineral Spring Water), Ceteth-20, Cetyl Alcohol, Glyceryl Stearate, PEG-75 Stearate, Steareth-20, Isohexadecane, Isodecyl Isononanoate, Caprylic/Capric Triglyceride, Stearyl Dimethicone, Glycerin, Myristyl Myristate, Hydrogenated Polyisobutene, Propanediol (Corn derived Glycol), Cetearyl Alcohol, Cetearyl Glucoside, Dimethicone, C10-18 Triglycerides, Aloe Barbadensis Leaf Juice, Squalene (Phytosqualene), Phenoxyethanol, Dimethiconol, PVP, Behenyl Behenate, Calotropis Procera (Apple of Sodom) Callus Extract, Butylene Glycol, Spilanthes Acmella Flower Extract, Caprylyl Glycol, Chlorphenesin, Tripeptide-3, Tribehenin, Acmella Oleracea Extract, Ectoin, Allantoin, Maris Aqua (Dead Sea Water), Parfum (Fragrance), Hexyl Cinnamal, Linalool, Limonene, Geraniol.",Apply to clean skin and neck. Massage upwards until fully absorbed. Use morning and evening.
pimprod2037118,Vichy,Neovadiol Post-Menopause Day Cream,Moisturizers,Face Moisturizer,$44.00,1.6 oz,https://media.ulta.com/i/ulta/2608260?w=100&h=100&fmt=auto,191 Reviews,"Benefits
Replenishes skin lipids
Hydrates skin
Skin feels more firm and supple
Allergy and sensitive skin tested fragrance for a unique sensorial experience
Dermatologist tested for safety
For optimal results, use product twice daily for at least 4 weeks
Paraben-Free
Sensitive skin-tested
92% agree skin feels nourished*
86% agree skin feels more supple*
69% agree skin feels firmer*
69% agree fine lines linked with dehydrated skin appear reduced (n=52 women) *
76% agree overall skin appearance looks improved*
Based on a consumer evaluation study on 72 women, 50-77 years old, declaring menopausal for at least 3 years. Self-assessments after 4 weeks
Key Ingredients
Proxylane - Known to provide firmness to the skin and reduce the look of wrinkles.
Cassia Extract - Known to plump and firm the skin.
Vichy Volcanic Water - Strengthens the skin moisture barrier and protects it from exposome factors such as pollution.
Vitamin B3 - Provides antioxidant protection to help restore skin radiance.
Omegas 3-6-9 - Helps to replenish skin lipids.
Item 2608260","Aqua/Water/Eau, Glycerin, Dimethicone, Butvrospermum Park Butter / Shea Butter, Oryza Sativa Bran Oil/ Rice Bran Oil, Niacinamide, Cetearyl Alcohol, Cetearyl Isononanoate, Carthamus Tinctorius Seed Oil / Safflower Seed Oil, Glyceryl Stearate, Behenyl Alcohol, Zea Mays Starch /Corn Starch, Glyceryl Stearate Citrate, Dimethicone Crosspolymer, Sodium Polyacrylate, Sodium Phytate, Adenosine, Disodium Ethylene Dicocamide Peg-15, Disulfate, Tocopherol, Poloxamer 338, Alcohol, Propylene Glycol, Hydroxyacetophenone, Caprylyl Glycol, Hydroxypropyl Tetrahydropyrantriol, Capryloyl Salicylic Acid, Citric Acid, Cassia Angustifolia Seed Polysaccharide, Pentaerythrityl Tetra-Di-T-Butyl Hydroxyhydrocinnamate, Parfum/Fragrance.","Apply to face and neck in the morning after a serum
Complete your post-menopause skincare routine by pairing Neovadiol Post-Menopause Replenishing Firming Day Cream with Neovadiol Meno 5 Serum
For optimal results, use product twice daily for at least 4 weeks
Complete Your Routine: Cleanse with Vichy Pureté Thermale Gel Cleanser
Treat with Vichy Neovadiol Meno 5 Serum for Peri- & Post-Menopause
Moisturize with Vichy Neovadiol Post-Menopause Day Cream"
pimprod2051765,I'm From,Rice Glow Peel off Mask,Treatment & Serums,Face Masks,$28.00,2.46 oz,https://media.ulta.com/i/ulta/2642143?w=100&h=100&fmt=auto,,"Benefits
The mask’s thick, creamy texture spreads smoothly over the skin, delivering a pleasant cooling sensation that calms the skin while it works
Can be removed easily without irritation, ensuring a smooth and glowing complexion.
Key Ingredients
Yeoju Rice Extract - rich in nutrients that promote moisture levels in the skin, helping to prevent water loss and keep the skin hydrated
Rice Bran Extracts - rich in antioxidants, which help protect the skin from damage caused by free radicals and environmental stressors
Item 2642143","Water, Octyldodecanol, Polyvinyl Alcohol, Methylpropa nediol, Butylene Glycol, Caprylic/Capric Triglyceride, 1,2- Hexanediol, Simmondsia Chinensis (Jojoba) Seed Oil, Niacinamide, Algin, Polyglyceryl-10 Oleate, Polysorbate 80, Pentaerythrityl Tetraethylhexanoate, Pullulan, Sphin gomonas Ferment Extract, Oryza Sativa (Rice) Extract, Glyceryl Stearate, PEG-100 Stearate, Panthenol, Distear dimonium Hectorite, Sodium Polystyrene Sulfonate, Microcrystalline Cellulose, Tocopheryl Acetate, Ethylhe xylglycerin, Allantoin, Adenosine, Cellulose Gum, Sodium Phytate, Tocopherol, Ceramide NP, Citric Acid, Soluble Proteoglycan, Hydrolyzed Rice Protein, Rice Amino Acids, Silica, Kaolin.","After cleansing and applying your skincare products, take an appropriate amount and apply evenly to avoid the eyes, eyebrows, lips, and hairline.
After about 40 minutes, once it has been fully absorbed and the creamy texture turns transparent, gently peel off starting from the outer edges."
pimprod2033658,ICONIC LONDON,Tan and Buff Blending Brush,Suncare,Self-Tanning & Bronzing,$25.00,,https://media.ulta.com/i/ulta/2599193?w=800&h=800&fmt=auto,30 Reviews,"Features
The uniquely shaped fluffy brush is designed to expertly diffuse, buff and blend fake tan over the skin, evenly distributing pigments for an ultra-natural, flawless and even fake tan finish.
Ideal for use with liquid, mousse, gel or even powder products - it's perfectly sized to make tanning a breeze (even in those hard-to-blend areas like the ears and hairline).
Plus, the curved handle gives you complete control, meaning you’re guaranteed your best ever tan... every single time.
Great for fake tan novices and glow-getting babes alike, it ensures a perfect, streak-free, buffed and blended application with no mess, no fuss - just gorgeously golden skin.
Item 2599193",,"Mist Prep-Set-Tan (or your glow-giver of choice) over your face, neck and décolletage before using the Tan & Buff Brush to buff the product into your skin. Use circular motions to blend the product into your skin, making sure you don't forget your ears or back of the neck!
For an ultra sunkissed glow, spritz your fake tan mist onto the shoulders and buff into the skin using the Tan & Buff Brush. You can also apply your fake tan directly onto the brush before blending into the skin - depending on your preference.
Top tip: apply tan where you'd usually contour (the jawline, cheekbones and hairline) for a sculpted finish that'll last days on end.
How To Clean: To clean, dip the brush head under running warm water for 2-3 seconds. Use a baby shampoo, brush cleanser or gentle face wash to massage the bristles of the brush before swirling the brush head in the palm of your hand, or a brush mat. Rinse and repeat until the water runs clear and any soapy suds and residue has rinsed away. Gently squeeze any excess water from the brush head, reshape and lay your Tan & Buff Brush flat on a clean towel to fully dry."
pimprod2029889,CHANEL,N°1 DE CHANEL Revitalizing Lotion,Moisturizers,Face Moisturizer,$70.00,5.0 oz,https://media.ulta.com/i/ulta/2589596?w=100&h=100&fmt=auto,14 Reviews,"Key Ingredients
At the heart of the N°1 DE CHANEL line is the Red Camellia flower, whose revitalizing powers and extraordinary energy give it perennial youth.
Red Camellia Extract targets the first 5 signs of aging, supports skin's vitality and protects against environmental aggressors.
Features
The N°1 DE CHANEL collection seeks to minimize its environmental impact with sustainably developed formulas that contain up to 97% naturally derived ingredients.
Each product is housed in environmentally sound packaging for a reduced carbon footprint.
Tested on all skin types, including sensitive.
*Clinical evaluation of 22 women after 1 month of use
Item 2589596","Camellia Japonica Flower Water, Aqua (Water), Glycerin, Pentylene Glycol, Faex (Yeast Extract), Camellia Japonica Flower Extract, Decyl Glucoside, Chlorphenesin, Caprylyl Glycol, Maltodextrin, Acrylates/C10-30 Alkyl Acrylate Crosspolymer, Propanediol, Sodium Hyaluronate, Parfum (Fragrance), Sodium Hydroxide, Glycol Distearate, Biosaccharide Gum-1, Saccharide Isomerate, Coco-Glucoside, Glyceryl Oleate, Glyceryl Stearate, 1,2-Hexanediol, Citric Acid, Benzoic Acid, Il58a.","Warm up a few drops between your hands, then smooth over the entire face from the center outward, avoiding the eye area. Press lotion into the cheeks, forehead and chin. Complete your ritual with the N°1 DE CHANEL eye cream, serum and cream."
pimprod2049655,ROUND LAB,Birch Juice Moisturizing Cleanser,Cleansers,Face Wash,$17.00,5.07 oz,https://media.ulta.com/i/ulta/2636334?w=100&h=100&fmt=auto,2 Reviews,"Benefits
Gently removes impurities, sebum, and makeup residue without causing irritation.
The water-gel texture transforms into a rich foam when mixed with water, delivering both effective cleansing and hydration.
Clinically proven to cleanse fine dust particles, sunscreen, and impurities within pores while enhancing skin's hydration levels.
Rated ""EXCELLENT"" by Dermatest in Germany for its safety, skin compatibility, and proven to be non-irritating.
Fragrance-free, ideal for sensitive skin.
Key Ingredients
Coconut-derived natural surfactants ensure gentle, non-irritating cleansing.
Vitamin C and hyaluronic acid form a hydrating barrier, leaving skin refreshed, hydrated, and radiant.
Glyceryl Glucoside boosts aquaporin production, helping skin retain moisture.
Inje Birch Sap, sourced from the pristine forests of Inje and rich in amino acids and minerals, delivers deep hydration.
Item 2636334","Water, Glycerin, Sodium Cocoyl Alaninate, Lauryl Hydroxysultaine, Disodium Cocoamphodiacetate, Sodium Methyl Cocoyl Taurate, Acrylates/C10-30 Alkyl Acrylate Crosspolymer, Betula Platyphylla Japonica Juice (10,000ppm), Butylene Glycol, Sodium Hyaluronate, Hyaluronic Acid, Sodium Chloride, Glyceryl Glucoside, Ascorbic Acid, 1,2-Hexanediol, Artemisia Annua Extract, Arthemis Nobilis Flower Oil, Pinus Sylvestris Leaf Oil, Quillaja Saponaria Bark Extract, Caprylyl Glycol, Coco-Glucoside, Glyceryl Caprylate, Sodium Cocoyl Isethionate, Hexylene Glycol, Citric Acid, Disodium EDTA.","Dispense a small amount and lather into a rich foam with water. Gently massage the foam over your entire face, then rinse thoroughly with lukewarm water."
pimprod2051802,FARMACY,1% Vitamin A Retinol Serum,Treatment & Serums,Face Serums,$62.00,1.0 oz,https://media.ulta.com/i/ulta/2641250?w=100&h=100&fmt=auto,,"Benefits
Powered by an ultra-stable blend of retinal and encapsulated retinol, this one percent vitamin A retinol serum quickly fights wrinkles and penetrates more intensely than traditional retinol.
This serum visibly improves fine lines, wrinkles, and texture with gradual release benefits causing less irritation.
Ceramides rehydrate the skin while upcycled Kalahari melon and raspberry seed oils work in tandem to soothe and restore moisture for a visibly firmer, more youthful-looking glow.
Key Ingredients
Fast-Acting Retinal: promotes immediate delivery to tighten the look of skin, visibly improve texture, and fight the look of wrinkles and fine lines
Encapsulated Retinol: delivers more stable gradual release results without irritation
Upcycled Kalahari Melon Oil and Raspberry Seed Oil: rich in antioxidants, soothe, and replenish moisture
Research Results
Based on an 8-week clinical study on 34 subjects of all skin types, when using product as instructed:
Improve skin texture by over 20%
Reduce the appearance of crow’s feet lines + wrinkles
Based on consumer panel in a clinical study on subjects of all skin types when using product as instructed:
Immediate improvement in firmness + smoothness after 1 use
Improvement in fine lines + deep wrinkles after 4 weeks
Item 2641250","Water/Aqua/Eau, Glycerin, Caprylic/Capric Triglyceride, Isopentyldiol, Trioctyldodecyl Citrate, Citrullus Lanatus (Watermelon) Seed Oil, 1,2-Hexanediol, Rubus Idaeus (Raspberry) Seed Oil, Panthenol, Triolein, Retinal, Ceramide Np, Tocopherol, Retinol, Tocopheryl Acetate, Haematococcus Pluvialis Extract, Hydroxyethyl Acrylate/Sodium Acryloyldimethyl Taurate Copolymer, Copernicia Cerifera (Carnauba) Wax, Pongamia Glabra Seed Oil, Glyceryl Dioleate, Bisabolol, Allantoin, Dunaliella Salina Extract, Ethyl Ferulate, Humulus Lupulus (Hops) Extract, Zingiber Officinale (Ginger) Root Extract, Arginine, Propanediol, Cellulose Gum, Sclerotium Gum, Ubiquinone, Lactic Acid, Sodium Phytate, Caprylyl Glycol, Inulin, Disodium Cocoamphodiacetate, Helianthus Annuus (Sunflower) Seed Oil, Polysorbate 20, Citric Acid, Cellulose, Fructose, Glucose, Sorbitan Isostearate, Xanthan Gum
The list of ingredients is subject to change, please consult the packaging of the product purchased.","-Apply one pump to clean skin at night.
-Use 1-3x per week.
-Use SPF in the AM.
Avoid contact with eyes.
In case of contact with eyes, rinse thoroughly with water."
pimprod2051778,SOME BY MI,AHA BHA PHA 30 Days Miracle Toner,Cleansers,Toner,$24.00,5.07 oz,https://media.ulta.com/i/ulta/2641258?w=100&h=100&fmt=auto,,"Benefits
Promotes clear skin, as well as soothes inflammation
The addition of Adenosine and Niacinamide target wrinkles and a dull skin tone.
Key Ingredients
Tea Tree - reduces inflammation and the appearance of blemishes
PHA - attract and retain moisture in the skin
Formulated Without
Alcohol
Artificial fragrances
Sulfates
Silicones
Item 2641258","Water, Butylene Glycol, Dipropylene Glycol, Glycerin, Niacinamide, Melaleuca Alternifolia (Tea Tree) Leaf Water, Polyglyceryl-4 Caprate, Carica Papaya (Papaya) Fruit Extract, Lens Esculenta (Lentil) Seed Extract, Hamamelis Virginiana (Witch Hazel) Extract, Nelumbo Nucifera Flower Extract, Swiftlet Nest Extract, Sodium Hyaluronate, Fructan, Allantoin, Adenosine, Hydroxyethyl Urea, Xylitol, Salicylic Acid, Lactobionic Acid, Citric Acid, Sodium Citrate, 1,2-Hexanediol, Benzyl Glycol, Ethylhexylglycerin, Raspberry Ketone, Mentha Piperita (Peppermint) Oil).","After cleansing, soak a cotton pad with the toner and gently wipe over your skin. Tap to ensure absorption."
pimprod2045520,The Crème Shop,Hello Kitty 50 Plushie Sleep Mask,Relax & Renew,Sleep Essentials,$14.00,1 ct,https://media.ulta.com/i/ulta/2625796?w=100&h=100&fmt=auto,17 Reviews,"Features
50th Anniversary Edition
Item 2625796",,
pimprod2040259,Pixi,Retinol CapsuleCare Smoothing Face Serum,Treatment & Serums,Face Serums,$24.00,30 ct,https://media.ulta.com/i/ulta/2612351?w=100&h=100&fmt=auto,13 Reviews,"Benefits
Improves the look of fine lines & pores
Suitable for all skin types
Travel-friendly, biodegradable pods prevent oxidation for maximum potency & efficacy
Paraben-free
Key Ingredients
Retinol smooths & refines
Vitamin E provides antioxidant protection
Plant oils nourish
Item 2612351","Caprylic/Capric Triglyceride, Ascorbic Acid, Boron Nitride, Silica, Hydrogenated Vegetable Oil, Tocopherol, Hydrogenated Rapeseed Oil, Diethylhexyl Syringylidenemalonate.",Twist off capsule tip to open. Smooth serum onto clean skin or mix a capsule in with your moisturizer.
pimprod2002918,Kiehl's Since 1851,Lip Balm #1 Moisturizing Lip Treatment with Squalane,Lips,Lip Balms & Treatments,$14.00,0.51 oz,https://media.ulta.com/i/ulta/2536692?w=100&h=100&fmt=auto,951 Reviews,"Benefits
Smooths and moisturizes dry lips
Also available in Cranberry, Mint or Mango scented lip balms
For lip care
Key Ingredients
Squalane: a highly-refined botanical lipid derived from olives; with an exceptional affinity to skin, it absorbs easily and is known to help replenish skin's barrier keeping it soft, supple, and moisturized
Aloe Vera: known to hydrate and soothe skin
Vitamin E: known to help neutralize skin-damaging free radicals
Item 2536692","Petrolatum, Squalane, Lanolin, Triticum Vulgare Germ Oil/Wheat Germ Oil, Pentylene Glycol, Tocopherol, Caprylyl Glycol, Pentaerythrityl Tetra-Di-T-Butyl Hydroxyhydrocinnamate, Allantoin, Benzyl Benzoate, Limonene, Benzyl Alcohol, Anise Alcohol, Linalool, Aloe Barbadensis Extract/Aloe Barbadensis Leaf Extract, Amyl Cinnamal, Parfum/Fragrance.",Apply a generous layer to lips. Reapply throughout the day as desired. Use day or night.
pimprod2037628,Tweezerman,Reusable Makeup Remover Pads,Cleansers,Makeup Remover,$15.00,,https://media.ulta.com/i/ulta/2605766?w=100&h=100&fmt=auto,299 Reviews,"Features
Gentle enough to delicately cleanse any skin type. Also great to use for toner application.
Sustainable alternative to disposable cotton pads.
Each pad is machine washable and durable up to 40 times.
One pack of 6 pads will replace up to 720 single use cotton pads per year based on an average usage of 3 cotton pads per makeup removal.
Item 2605766",,"Apply makeup remover, oil based cleanser, or toner to reusable pad.
Gently wipe away makeup around face and eyes.
Use each pad once. Place used pads inside the drawstring laundry pouch to machine wash them for your next use.
Cleaning Tips: Pads and pouch: Place pads in pouch to machine wash with warm water after each use. Do not bleach. Dry flat. Dry normal, low heat. Do not iron. Do not dry clean."
pimprod2051858,Peter Thomas Roth,Mini Water Drench Hyaluronic Cloud Moisturizer Broad Spectrum SPF 45,Travel Size Skin Care,,$24.00,0.67 oz,https://media.ulta.com/i/ulta/2640020?w=100&h=100&fmt=auto,,"Benefits
Non-greasy, cream-to-water SPF 45 sunscreen drenches skin with fluffy-light moisture
Key Ingredients
Broad Spectrum SPF 45: water-resistant sunscreens free of Oxybenzone and Octinoxate helps shield skin from aging UVA/UVB rays
30% Hyaluronic Acid Complex: draws in water and helps plump the look of skin with moisture
Formulated Without
Oxybenzone
Octinoxate
Item 2640020","Active: Avobenzone 3%, Homosalate 5%, Octisalate 5%, Octocrylene 10%. Inactive: Water/Aqua/Eau, Polymethylsilsesquioxane, Glycerin, Dipropylene Glycol, Dimethicone, Argania Spinosa Kernel Oil, Tocopheryl Acetate, Yeast Extract, Cyclopentasiloxane, Cyclohexasiloxane, Phenoxyethanol, Lauryl PEG-9 Polydimethylsiloxyethyl Dimethicone, Isododecane, Dimethicone/PEG-10/15 Crosspolymer, Saccharide Isomerate, Methyl Gluceth-20, Sodium Chloride, Sodium Hyaluronate, Bisabolol, PEG-15/Lauryl Dimethicone Crosspolymer, Sodium PCA, Propylene Glycol, Ceteareth-25, Sodium Benzoate, Potassium Sorbate, Sodium Citrate, Citric Acid, Sambucus Nigra Fruit Extract, Cetyl Alcohol, Saccharomyces/Magnesium Ferment, Hydrolyzed Silk, Behenic Acid, Ceramide NP, Cholesterol, Ethylhexylglycerin, Tocopherol, Ceramide NS, Saccharomyces/Iron Ferment, Saccharomyces/Copper Ferment, Saccharomyces/Silicon Ferment, Saccharomyces/Zinc Ferment, Butylene Glycol, Ceramide AP, Ceramide EOP, Ceramide EOS, Olea Europaea (Olive) Leaf Extract, Caprooyl Phytosphingosine, Caprooyl Sphingosine, Disodium EDTA, Ascorbyl Palmitate, Mica (CI 77019).","-Shake well and apply to face and neck liberally 15 minutes before sun exposure.
-Reapply at least every 2 hours.
-For external use only.
-Do not use on damaged or broken skin.
-When using this product keep out of eyes. Rinse with water to remove.
-Stop use and ask a doctor if rash occurs.
-Keep out of reach of children. If swallowed, get medical help or contact a Poison Control Center right away."
pimprod2030679,Pacifica,Kind Tint Tinted Serum,Moisturizers,Tinted Moisturizer,$14.00,09,https://media.ulta.com/i/ulta/2596536?w=100&h=100&fmt=auto,308 Reviews,"Benefits
Breathable, ultra-thin tinted serum packed with skin loving ingredients to help your skin look & feel its best
Kind coverage that lets YOU shine through - with a natural, dewy finish
Clean formula
100% Vegan
Cruelty-free
Made with a 50% PCR (Post Consumer Recycled) plastic bottle & cap
Key Ingredients
Vegan collagen
Hyaluronic acid
Vitamin C
Niacinamide
Caffeine
Formulated Without
Talc
Parabens
Phthalates
Mineral oil
Item 2596536","Aqua (Eau), Squalane, Caprylic/Capric Triglyceride, Stearyl Alcohol, Cetyl Alcohol, Helianthus Annuus (Sunflower) Seed Oil, Coco-Caprylate, Glyceryl Stearate, Butyrospermum Parkii (Shea) Butter, Sodium Hyaluronate, Sr-Hydrozoan Polypeptide-1 (Vegan Collagen), Ascorbic Acid (Vitamin C), Citrus Aurantium Dulcis (Orange) Flower Extract, Niacinamide, Tocopherol (Vitamin E), Caffeine, Jasminum Officinale (Jasmine) Flower Extract, Leuconostoc/Radish Root Ferment Filtrate, Xanthan Gum, Sodium Phytate, Lauroyl Lysine, Glycerin, Citric Acid, Propanediol, Phenoxyethanol, Ethylhexylglycerin, Sodium Benzoate. May Contain/Peut Contenir: Titanium Dioxide (CI77891), Iron Oxides (CI 77492, CI77491, CI 77499).",Shake well before use. Can be applied sheer or layered.
pimprod2046080,BeautyBio,Clarifying Booster - Salicylic Acid Treatment Serum,Treatment & Serums,Face Serums,$42.00,1.0 oz,https://media.ulta.com/i/ulta/2626477?w=100&h=100&fmt=auto,53 Reviews,"Benefits
Precision click-pen design for targeted application
Helps clarify and exfoliate
Helps even tone and discoloration
Helps reduce excess oiliness
Key Ingredients
Salicylic Acid: BHA known for exfoliating power, helps clarify pores and improve skin texture
Azelaic Acid: Anti-inflammatory benefits that help improve skin tone and redness reduction
Morinda Citrifolia Extract: Powerful antioxidant that helps calm and protect against free radicals for overall skin health
Formulated Without
Parabens
Phthalates
Sulfates
Formaldehyde
Triclosan
Hydroquinone
Triclocarban
Oxybenzone
Item 2626477","Water/Aqua/Eau, Glycerin, Potassium Azeloyl Diglycinate, Propanediol, Dimethicone, Salicylic Acid, Polyacrylate Crosspolymer-6, Morinda Citrifolia Extract, Hydrogenated Lecithin, Polyphosphorylcholine Glycol Acrylate, Dimethicone Crosspolymer, Butylene Glycol, Ethylhexylglycerin, Sodium Polyacrylate, Phenoxyethanol, Citric Acid, Caprylyl Glycol, T-Butyl Alcohol, Chlorphenesin, Sodium Hydroxide, Sodium Benzoate.",Cleanse face and pat dry. Use alone as a targeted spot treatment or mix 2-3 drops with your favorite serum or moisturizer to boost your routine and enhance results.
pimprod2015697,,,,,,,,,,,
pimprod2037919,Solawave,Solabiome Nourishing Moisturizer,Moisturizers,Face Moisturizer,$36.00,1.7 oz,https://media.ulta.com/i/ulta/2608840?w=100&h=100&fmt=auto,25 Reviews,"Benefits
Ultra-clean, oil-free moisturizer helps to even skin tone and reduce the appearance of fine lines and wrinkles
Promotes a more radiant, bouncy complexion
Deeply hydrates and nourishes the skin
Promotes smoother-looking skin
Fosters a robust skin microbiome
Features
Dermatologist tested
Petroleum free
The skin's delicate barrier - its microbiome - is a living, breathing community of diligent microorganisms. At peak performance levels, they keep your skin at its healthy, happy, hydrated best
Solabiome consists of a proprietary blend of clean, active ingredients and pre- and probiotics that nourish the microbiome, effectively uncovering and gently maintaining skin's optimal baseline by providing the ideal environment for these derma-dwelling 'good guys' to thrive
The result is skin that's clean (never stripped), hydrated, and ready to soak up skincare all while defending itself from physical stressors like pollution, sweaty workouts, makeup, sunscreen, dirt, bacteria, and sun damage
Key Ingredients
5% Solabiome: A proprietary complex of skin soothing synbiotics (a synergistic combo of prebiotics and probiotics!) and skin barrier strengthening ingredients derived from mushrooms
Triple Hyaluronic Acid: A blend of hyaluronic acids with different molecular weights that penetrate multiple layers of skin to deeply hydrate and reduce the appearance of wrinkles
Palmitoyl Pentapeptide-4: AKA Collagen Peptide, known to aid in stimulating collagen production to help reduce fine lines and wrinkles and improve skin texture
Polyglutamic Acid: A peptide with humectant properties to deeply hydrate skin
Beta-Glucan: A mushroom humectant that locks in moisture and reduces the appearance of fine lines
Item 2608840","Water/Aqua/Eau, Lactobacillus Ferment Lysate, Panthenol, Hydrogenated Poly (C6-14 Olefin), Butylene Glycol, Glycerin, Cetearyl Alcohol, 1,2-Hexanediol, Caprylic/Capric Triglyceride, Vinyl Dimethicone, Beta-Glucan, Sparassis Crispa Extract, Sodium Hyaluronate, Hydrolyzed Hyaluronic Acid, Hyaluronic Acid, Palmitoyl Pentapeptide-4, Polyglutamic Acid, Cetearyl Olivate, Ammonium Acryloyldimethyltaurate/ VP Copolymer, Sorbitan Olivate, Propanediol, Arginine, Carbomer, Allantoin, Ethylhexylglycerin, Tocopherol, Caprylyl Glycoll.","Apply morning and evening to cleansed skin, smoothing over face and neck. Use with Solabiome Refreshing Jelly Mist, Plumping Peptide Serum, and Hydrating Cleanser for a comprehensive microbiome-boosting and deeply hydrating skincare ritual.
Precautions: Patch test prior to use. For external use only. Keep out of reach of children. Avoid direct contact with eyes."
pimprod2011280,THE ROUTE,The Party Peel - At-Home Chemical Peel,Treatment & Serums,Face Masks,$35.00,0.5 oz,https://media.ulta.com/i/ulta/2605886?w=100&h=100&fmt=auto,34 Reviews,"Benefits
Rooted in science and tested on patients in Nurse Nancy’s bustling practice in Newport Beach, CA
This medical grade product range addresses not just one, but the MANY reasons our skin ages
Great for all skin types
The Modern Luxury Riviera Breakthrough Beauty Award Winner 2021
Key Ingredients
PROPRIETARY BLEND OF EXFOLIATING ACIDS: A quartet of gentle, exfoliating acids to help reveal your most radiant skin – Succinic Acid, Phytic Acid, Malic Acid, and Mandelic Acid
ADVANCED CHARDONNAY GRAPEFRUIT EXTRACT: An advanced botanical ingredient extracted from the Chardonnay Grape to help maintain skin rhythm and improve skin barrier
OXYGEN DELIVERY SYSTEM: Oxygenating bubbles that form on contact for enhanced delivery of actives
Formulated Without
Human Derived Ingredients
Parabens
Formaldehyde Releasing Preservatives
Phthalates
Triethanolamine
Sulfates
Fragrance
Masking Agents
PEGs
DEAs
Item 2605886","Water/Aqua/Eau, Methyl Perfluorobutyl Ether, Isododecane, Cocamidopropyl Betaine, Synthetic Fluorphlogopite, Polyacrylate-13, Titanium Dioxide (CI 77891), Butylene Glycol, Polysilicone-11, Succinic Acid, Phytic Acid, Malic Acid, Mandelic Acid, Vitis Vinifera (Grape) Fruit Extract, Decyl Glucoside, Polyacrylate Crosspolymer-6, Glycerin, Polysorbate 20, Ethylhexylglycerin, Sorbitan Isostearate, Sodium Glycolate, Hexylene Glycol, Caprylyl Glycol, Polyisobutene, Phenoxyethanol, Sodium Chloride, Sodium Hydroxide, Tin Oxide (CI 77861), Iron Oxides (CI 77491).","Apply 6-8 pumps of The Party Peel - At-Home Chemical Peel to the face starting with the forehead, nose, sides of the face, jawline, nose, chin and above the lip.
Apply 6-8 pumps to the neck, décolleté and hands. Allow oxygenating bubbles to form. You can reactive the oxygenating bubbles by massaging while moist, until action stops.
Leave on for 5-15 minutes.
Rinse thoroughly with cool water and pat dry. For optimal results, follow immediately with The Girlfriend.
Let's party! Enjoy your soft, glowing, PARTY-ready skin and dance the night (or day) away looking fabulous!"
pimprod2046985,Rael,Cycle Synced Facial Mask Kit,Treatment & Serums,Sheet Masks,$13.99,4 ct,https://media.ulta.com/i/ulta/2629915?w=100&h=100&fmt=auto,108 Reviews,"Benefits
Safe for use on all skin types, including sensitive skin
Nourishes, brightens, and clarifies skin
Fragrance-free, non-irritating, and non-drying
Features
Hydration Facial Sheet Mask: Moisturizes and refreshes dehydrated skin
Collagen Facial Sheet Mask: Plumps skin and boosts natural glow
Vitamin C Facial Sheet Mask: Clarifies and brightens uneven skin tone
Tea Tree Facial Sheet Mask: Purifies and soothes to help keep skin clear
Key Ingredients
Vitamin C Mask: Pomegranate Fruit Extract, Fig Fruit Extract, Citrus Fruit Extract
Collagen Mask: Hydrolyzed Collagen, Wheat Amino Acids, Licorice Root
Tea Tree Mask: Chamomile Extract, Tea Tree Extract, Cica Extract
Hydration Mask: Pineapple Extract, Rose Extract, Orange Fruit Extract
Item 2629915","Vitamin C Sheet Mask: Water, Glycerin, Butylene Glycol, Sodium Hyaluronate, Niacinamide, 1,2-Hexanediol, Carbomer, Arginine, Xanthan Gum, Betaine, Trehalose, Allantoin, Panthenol, Polysorbate 80, Caprylyl Glycol, Ethylhexylglycerin, Adenosine, Portulaca Oleracea Extract, Beta-Glucan, Punica Granatum Fruit Extract, Ficus Carica (Fig) Fruit Extract, Ascorbic Acid, Citrus Aurantium Dulcis (Orange) Peel Oil, Limonene.
Collagen Sheet Mask: Water, Glycerin, Butylene Glycol, Sodium Hyaluronate, 1,2-Hexanediol, Hydrolyzed Collagen, Carbomer, Arginine, Xanthan Gum, Betaine, Trehalose, Allantoin, Panthenol, Polysorbate 80, Caprylyl Glycol, Ethylhexylglycerin, Adenosine, Portulaca Oleracea Extract, Beta-Glucan, Wheat Amino Acid, Copper Tripeptide-1, Palmitoyl Pentapeptide-4, Acetyl Hexapeptide-8, Glycyrrhiza Glabra (Licorice) Root Extract, Cimicifuga Racemosa Root Extract Polygonum Multiflorum Root Extract, Sesamum Indicum (Sesame) Seed Extract, Phellinus Linteus Extract, Angelica Gigas Root Extract, Morus Alba Bark Extract, Paeonia Lactiflora Root Extract, Sophora Flavescens Root Extract, Scutellaria Baicalensis Root Extract, Citrus Aurantium Bergamia (Bergamot) Fruit Oil, Limonene, Linalool.
Tea Tree Sheet Mask: Water, Glycerin, Butylene Glycol, 1,2-Hexanediol, Melaleuca Alternifolia (Tea Tree) Leaf Extract, Carbomer, Arginine, Xanthan Gum, Betaine, Trehalose, Allantoin, Panthenol, Polysorbate 80, Caprylyl Glycol, Ethylhexylglycerin, Adenosine, Centella Asiatica Extract, Houttuynia Cordata Extract, Lavandula Angustifolia (Lavender) Extract, Chamomilla Recutita (Matricaria) Extract Citrus Limon (Lemon) Fruit Extract, Melaeuca Alternifolia (Tea Tree) Leaf Oil, Limonene.
Hydration Sheet Mask : Water (Aqua), Glycerin, Glycereth-26, Sodium Hyaluronate, Niacinamide, 1,2-Hexanediol, Carbomer, Arginine, Hydroxyethyl Urea, Xanthan Gum, Betaine, Trehalose, Allantoin, Panthenol, Polysorbate 80, Caprylyl Glycol, Ethylhexylglycerin, Adenosine, Butylene Glycol, Beta-Glucan, Rosa Damascena Flower Water, Portulaca Oleracea Extract, Ananas Sativus (Pineapple) Fruit Extract, Citrus Aurantium Dulcis (Orange) Fruit Extract, Citrus Paradisi (Grapefruit) Fruit Extract, Citrus Aurantium Bergamia (Bergamot) Fruit Oil, Limonene, Linalool.","Wear sheet mask on cleansed face for 10-20 minutes.
Precautions: For external use only. Avoid contact with eyes. Keep out of reach of children. If adverse reaction occurs, stop use and contact your physician."
pimprod2024901,Oh K!,Bubble Sheet Mask,Treatment & Serums,Sheet Masks,$3.00,1 ct,https://media.ulta.com/i/ulta/2583227?w=100&h=100&fmt=auto,27 Reviews,"Benefits
Exfoliates
Deeply Cleanses
Key Ingredients
Willow Bark Extract - helps pores appear smaller and skin to appear tighter.
Formulated Without
Parabens
Sulfates
Phthalates
Item 2583227","Aqua (Water, Eau), Glycerin, Dipropylene Glycol, Disiloxane, Cocamidopropyl Betaine, Disodium Cocoamphodiacetate, PEG-60 Hydrogenated Castor Oil, Potassium Cocoyl Glycinate, Sodium Chloride, Betaine, Sodium Polyacrylate, Butylene Glycol, Xanthan Gum, Paeonia Suffruticosa Root Extract, Centella Asiatica Extract, 1,2-Hexanediol, Chamomilla Recutita (Matricaria) Flower Extract, Hexylene Glycol, Glyceryl Caprylate, Ethylhexylglycerin, Origanum Vulgare Leaf Extract, Chamaecyparis Obtusa Leaf Extract, Salix Alba (Willow) Bark Extract, Lactobacillus/Soybean Ferment Extract, Portulaca Oleracea Extract, Scutellaria Baicalensis Root Extract, Cinnamomum Cassia Bark Extract, Disodium EDTA, Fragrance (Parfum).","Before opening the pouch, gently rub the mask sachet to mix and evenly distribute the serum across the mask. Apply the mask to cleansed skin. Allow the mask to bubble for 10 minutes and leave on for no longer than 15. Remove mask and rinse face in warm water.
In the rare event of an adverse reaction discontinue use. For external use only. Avoid contact with eyes and lips. Do not use on sensitive or broken skin."
pimprod2027803,Patchology,Serve Chilled Bubbly Brightening Eye Gels,Relax & Renew,Spa Essentials,$15.00,5 pair,https://media.ulta.com/i/ulta/2589107?w=100&h=100&fmt=auto,187 Reviews,"Benefits
Formulated with antioxidants Resveratrol (from grapes!) and Orange Extract to help protect from environmental stressors,which can lead to early signs of aging
Niacinamide brightens dull under eyes
Pro tip: keep 'em chilling in the fridge for a top-shelf refresh
Cruelty Free
Formulated Without
Parabens
Sulfates
Phthalates
Item 2589107","Water (Aqua/Eau), Glycerin, Dipropylene Glycol, Ceratonia Siliqua (Carob) Gum, Chondrus Crispus Powder, Betaine, Chondrus Crispus Extract, Butylene Glycol, Centella Asiatica Extract, Paeonia Suffruticosa Root Extract, Chamomilla Recutita (Matricaria) Flower Extract, Citrus Aurantium Dulcis (Orange) Fruit Extract, Morus Nigra Fruit Extract, Camellia Sinensis Leaf Extract, Gardenia Florida Fruit Extract, Hydrolyzed Gardenia Florida Extract, Niacinamide, Ascorbic Acid, Citric Acid, Resveratrol, Cellulose Gum, Algin, Xanthan Gum, 1,2-Hexanediol, Potassium Chloride, Glyceryl Caprylate, Sucrose, Polysorbate 20, Ethylhexylglycerin, Dextrin, Maltodextrin, Acacia Senegal Gum, Peat Water, Hydroxypropyl Methylcellulose, Potassium Sorbate, Disodium Edta, Fragrance (Parfum), Limonene.","Place 1 pair of gels onto clean, dry under eye area for 10 minutes (or longer if desired). Discard after use and massage remaining serum into skin."
