pimprod2036369,Dermalogica,Dynamic Skin Retinol Serum,Treatment & Serums,Face Serums,$98.00,1.0 oz,https://media.ulta.com/i/ulta/2603403?w=100&h=100&fmt=auto,772 Reviews,"Benefits
Helps reverse the appearance of wrinkles
Retexturizes and reduces appearance of pores
Evens skin tone
Key Ingredients
Retinol: improves texture and firmness and fades the appearance of dark spots
Encapsulated Retinol Spheres: carry time released retinol to improve fine lines and wrinkles, and even skin tone
Granactive Retinoid: a stable retinoid ester that reduces fine lines, wrinkles, pores, and the appearance of dark spots as well as skin smoothness
10 HAS (Retinol Booster): works to boost the already potent abilities of retinol
Squalane: moisturizes skin, aids in hydration, and improves moisture barrier
Beta-Glucan: hydrates and soothes the skin
Research Results
Proven to reduce the 4 signs of skin aging within 2 weeks","Water/Aqua/Eau, Squalane, Glycerin, Hexyldecanol, Propanediol, Dimethyl Isosorbide, Hydroxyethyl Acrylate/Sodium Acryloyldimethyl Taurate Copolymer, Hydroxyacetophenone, Hydroxypinacolone Retinoate, Retinol, Helianthus Annuus (Sunflower) Seed Oil, Rosmarinus Officinalis (Rosemary) Leaf Extract, Pelargonium Graveolens Flower Oil, Aniba Rosodora (Rosewood) Wood Oil, Eucalyptus Globulus Leaf Oil, Santalum Album (Sandalwood) Oil, Oryza Sativa (Rice) Bran Extract, Helianthus Annuus (Sunflower) Extract, Cupressus Sempervirens Oil, Juniperus Virginiana Oil, Abies Sibirica Oil, Tocopherol, Beta-Glucan, Caprylyl Glycol, BHT, Ceramide NP, Caprylic/Capric Triglyceride, Cetyl Palmitate, 1,2-Hexanediol, Ethylhexylglycerin, Polysorbate 60, Tetrasodium Glutamate Diacetate, Hydroxystearic Acid, Polysorbate 20, Sorbitan Isostearate, Laureth-23, Trideceth-6 Phosphate, Sodium Hydroxide, Citric Acid, Polyacrylate Crosspolymer-6, Sodium Benzoate, Benzyl Alcohol, Linalool.","After cleansing, apply a thin layer over face. Keep out of eyes. Use nightly. If dryness or redness occurs, reduce frequency. Wear an SPF during the day."
pimprod2008310,Loving Tan,Deluxe Gradual Tan,Suncare,Self-Tanning & Bronzing,$30.00,Medium,https://media.ulta.com/i/ulta/2552001?w=100&h=100&fmt=auto,281 Reviews,"Benefits
Extends your tan
Moisturizes & softens
Build the perfect shade
Features
Quick drying
Proudly Australian Made","Water (Aqua), Isopropyl Myristate, Dihydroxyacetone, Cetearyl Alcohol, Glyceryl Stearate, Cetearyl Glucoside, Propanediol, Ceteareth-20, Butyrospermum Parkii (Shea) Butter, Coffea Arabica (Coffee) Seed Extract, Euterpe Oleracea (Acai) Fruit Extract, Tocopheryl Acetate, Glycerin, Pentaerythrityl Tetra-di-t-butyl Hydroxyhydrocinnamate, Hydroxyethyl Acrylate/Sodium Acryloyldimethyl Taurate Copolymer, Sodium Metabisulfite, Fragrance (Parfum), Phenoxyethanol, Ethylhexylglycerin, Coumarin, Benzyl Benzoate, Limonene, FD&C Red No. 40 (CI 16035), FD&C Blue No.1 (CI 42090), FD&C Yellow No. 5 (CI 19140).","For a more radiant and even result, exfoliate skin the night before application. Using your Loving Tan Deluxe Applicator Mitt and working in sections, apply to your body in smoothing movements. Apply sparingly to dry areas such as feet, ankles, knees, hands and elbows. Build a deeper tan by reapplying daily until the required depth of color is achieved."
pimprod2033546,Hero Cosmetics,Mighty Patch Nose Pore Pimple Patches,K-Beauty,,$17.99,10 ct,https://media.ulta.com/i/ulta/2598128?w=100&h=100&fmt=auto,931 Reviews,"Benefits
Traps pore & pimple gunk
Absorbs oil
Improves look of pores
Features
Flexes to fit your nose contours. Designed with extra slits to customize the fit.
Shows the gunk coming out. Turns white as it absorbs oily pimple gunk.
Peels off painlessly. Comfy-peel adhesive comes off gently
Key Ingredients
Made of 100% pure medical-grade hydrocolloid, a naturally fluid-absorbing gel that traps oil and pimple gunk like a sponge.
Drug-free, non-drying, and safe for sensitive skin.",Hydrocolloid,"Start with clean, dry skin. Apply the patch and leave on 6-8 hours (until it turns white with gunk). Now the fun part - peel it off.
PRO TIPS:
Peel the backing from the center first. Get the patch in place, then smooth down the sides.
Patching a pimple cluster? Mighty Patch works best on whiteheads!
For extra-satisfying results, exfoliate before you patch - it helps loosen up the gunk.
Need to re-patch? Wait at least 6 hours (to let your skin breathe)."
pimprod2021636,Tarte,Maracuja Vegan Juicy Lip Balm,Lips,Lip Gloss,$27.00,Rose,https://media.ulta.com/i/ulta/2566166?w=100&h=100&fmt=auto,"1,840 Reviews","Benefits
Cushion Comfort Complex instantly plumps the appearance of lips & smooths the look of lip lines
Maracuja drenches lips in moisture
10+ antioxidant-rich fruits smooth & nourish
Mirror-shine formula feels ultra comfortable
Click-up packaging keeps formula clean & pristine
Cushiony formula without petrolatum or lanolin
Smells like coconut!
Vegan & cruelty-free
Features
Buildable coverage glossy balm finish
Vegan
Dermatologist-tested
12-hr hydration
*based on a clinical study of 33 subjects
Key Ingredients
Maracuja oil: rich in essential fatty acids & vitamin C for firmer, brighter, smoother-looking lips
Grapeseed oil: antioxidant & moisturizer
Goji: smooths & moisturizes
Acai: powerful antioxidant packed with vitamins A, B, C & E to help restore moisture
Acerola: antioxidant rich
Pomegranate: provides maximum hydration
Watermelon: rich in vitamin C & hydrates
Strawberry: rich in vitamin C
Blueberry: packed with vitamin A, C & E
Peach: hydrates & nourishes cranberry: boosts radiance
Lemon: antioxidant-rich
Passion fruit: rich in vitamins A & C, hydrating & plumping
Vitamin E: natural preservative that also acts as an emollient & antioxidant","Diisostearyl Malate, Phytosteryl/Isostearyl/Cetyl/Stearyl/Behenyl Dimer Dilinoleate, Bis-Diglyceryl Polyacyladipate-2, Polyglyceryl-2 Triisostearate, Hydrogenated Polyisobutene, Ceresin, Microcrystalline Wax/Cera Microcristallina/Cire Microcrystalline, 1,2-Hexanediol, Fragrance/Parfum, Benzyl Benzoate, Tocopheryl Acetate, Passiflora Edulis Seed Oil, Benzyl Alcohol, Vitis Vinifera (Grape) Seed Oil, Euterpe Oleracea Fruit Extract, Punica Granatum Fruit Extract, Lycium Barbarum Fruit Extract, Malpighia Punicifolia (Acerola) Fruit Extract, Passiflora Incarnata Fruit Extract, Citrus Limon (Lemon) Fruit Extract, Citrullus Lanatus (Watermelon) Fruit Extract, Fragaria Vesca (Strawberry) Fruit Extract, Vaccinium Angustifolium (Blueberry) Fruit Extract, Prunus Persica (Peach) Fruit Extract, Vaccinium Macrocarpon (Cranberry) Fruit Juice, Tocopherol. (+/-): Red 28 Lake (CI 45410), Yellow 6 Lake (CI 15985), Titanium Dioxide (CI 77891), Red 7 Lake (CI 15850), Iron Oxides (CI 77491, CI 77492, CI 77499), Blue 1 Lake (CI 42090).","Customizable coverage!
Click up once, non-retractable click reveals the perfect amount of product every time.
Apply 1 swipe as a hydrating treatment balm.
Swipe on multiple layers for the perfect pop of color.
PRO tip: line lips with maracuja juicy lip liner for precision application, everytime."
pimprod2012179,CeraVe,Resurfacing Retinol Facial Serum for Acne Prone Skin,Treatment & Serums,Acne & Blemish Treatments,$21.99,1.0 oz,https://media.ulta.com/i/ulta/2556947?w=100&h=100&fmt=auto,"2,248 Reviews","Benefits
Formulated with encapsulated retinol to refine skin texture and improve smoothness
Helps skin look brighter, smoother and more even-toned
Reduces the appearance of post-acne marks and visible pores
Helps restore the skin's protective barrier with ceramides
Provides soothing benefits with niacinamide
Lightweight and fast-absorbing
Non-comedogenic
Developed with dermatologists
Key Ingredients
Encapsulated retinol helps resurface skin texture and minimize the look of visible pores
Licorice root extract is known to help brighten the appearance of skin
Ceramides help restore and maintain the skin's natural barrier
Niacinamide helps calm the skin
MVE Technology, a patented delivery system, continually releases moisturizing ingredients
Formulated Without
Fragrance
Parabens","Aqua/Water, Propanediol, Dimethicone, Cetearyl Ethylhexanoate, Niacinamide, Ammonium Polyacryloyldimethyl Taurate, Dipotassium Glycyrrhizate, Hydrogenated Lecithin, Potassium Phosphate, Ceramide Np, Ceramide Ap, Ceramide Eop, Carbomer, Cetearyl Alcohol, Behentrimonium Methosulfate, Dimethiconol, Lecithin, Sodium Citrate, Retinol, Sodium Hyaluronate, Sodium Lauroyl Lactylate, Cholesterol, Phenoxyethanol, Alcohol, Isopropyl Myristate, Caprylyl Glycol, Citric Acid, Trisodium Ethylenediamine Disuccinate, Pentylene Glycol, Phytosphingosine, Xanthan Gum, Polysorbate 20, Ethylhexylglycerin.","Apply evenly to face daily. Avoid contact with eyes& lips. If contact occurs, rinse thoroughly with water. If discomfort occurs during the first application, space out the applications until skin adjusts. Apply a sunscreen while using the product.
Build your Everyday Routine with CeraVe:
Step 1: Cleanse with CeraVe Acne Foaming Cream Cleanser
Step 2: Treat with CeraVe Resurfacing Retinol Serum
Morning Step 3: Moisturize & Protect with CeraVe AM Facial Moisturizing Lotion with Broad Spectrum SPF 30
Night Step 3: Moisturize with CeraVe PM Facial Moisturizing Lotion
Precautions: For external use only."
pimprod2050656,Saltair,Lip Oil Balm,Lips,Lip Balms & Treatments,$9.00,Dragon Fruit,https://media.ulta.com/i/ulta/2636812?w=100&h=100&fmt=auto,218 Reviews,"Features
With coconut vanilla flavor
Key Ingredients
Coconut Oil - hydrates and rejuvenates
Plant-Derived Esters - provide excellent moisture while adding sheen to the lips
Murumuru Butter - naturally rich in fatty acids for beneficial hydration
Shea Butter - nourishes and softens dry lips","Petrolatum, Diisostearyl Malate, Polybutene, Hydrogenated Polyisobutene, Phytosteryl/Isostearyl/Cetyl/Stearyl/Behenyl Dimer Dilinoleate, Butyrospermum Parkii Butter, Hydrogenated Poly(C6-14 Olefin), Octyldodecanol, Microcrystalline Wax, Flavor, Ricinus Communis (Castor) Seed Oil, Synthetic Wax, Polyglyceryl-2 Diisostearate, Disteardimonium Hectorite, Propylene Carbonate, Astrocaryum Murumuru Seed Butter, Cocos Nucifera Oil, Mica, Siraitia Grosvenorii Fruit Extract, Oryza Sativa (Rice) Bran Extract, Isopropyl Titanium Triisostearate, Helianthus Annuus Extract, Rosmarinus Officinalis Leaf Extract, Tocopherol, BHT, Citric Acid. [+/-: Titanium Dioxide (CI 77891), Iron Oxides (CI 77491, 77492, 77499), Red 33 Lake (CI 17200), Red 7 Lake (CI 15850), Blue 1 Lake (CI 42090)].",Apply the lip balm oil onto lips as needed to nourish.
pimprod2028063,Drunk Elephant,T.L.C Framboos Glycolic Resurfacing Night Serum,Treatment & Serums,Face Serums,$134.00,1.69 oz,https://media.ulta.com/i/ulta/2588445?w=100&h=100&fmt=auto,228 Reviews,"Benefits
Formulated with a dream-team of glycolic, tartaric, lactic, citric, and salicylic acids blended with raspberry extract and horse chestnut
Delivers chemical exfoliation without dryness or sensitization
Refines uneven texture, targets breakouts, and curbs excess oiliness
Enhances the performance of other products by clearing the way for maximum absorption
Dermatologist Tested
2023 InStyle Award Winner: Best Dark Spot Corrector
Key Ingredients
T.L.C. Framboos AHA blend: Resurfaces and exfoliates skin for a smoother, more even-looking complexion
Salicylic Acid (BHA): Loosens sebum to unclog pores while soothing skin
Raspberry Fruit Extract: Rehydrates and soothes skin with antioxidants
Research Results
In a consumer-perception study with 106 people after 2 weeks:
98% agreed skin felt smoother
93% agreed skin appeared restored to a healthy and radiant glow
92% agreed the look of dullness was improved","Water/Aqua/Eau, Glycolic Acid, Butylene Glycol, Glycerin, Sodium Hydroxide, Lactic Acid, Salicylic Acid, Tartaric Acid, Vitis Vinifera (Grape) Juice Extract, Aloe Barbadensis Leaf Juice, Opuntia Ficus-Indica Extract, Aesculus Hippocastanum (Horse Chestnut) Seed Extract, Camellia Sinensis Leaf Extract, Rubus Idaeus (Raspberry) Fruit Extract, Saccharomyces Cerevisiae Extract, Buddleja Davidii Meristem Cell Culture, Sclerocarya Birrea Seed Oil, Sodium Hyaluronate Crosspolymer, Allantoin, Hydroxyethylcellulose, Galactoarabinan, Propanediol, Citric Acid, Tetrasodium Glutamate Diacetate, Xanthan Gum, Hexylene Glycol, Phenoxyethanol, Sodium Benzoate, Caprylyl Glycol, Potassium Sorbate, Pentylene Glycol, Sodium Carbonate, Sodium Chloride, Disodium Phosphate, Sodium Phosphate, Ethylhexylglycerin.","In the evening, apply to a clean, dry face (and even to the chest and backs of hands), avoiding the eye area.
Note: Slight tingling may be experienced, particularly for the first few days of application. This typically dissipates as your skin becomes adjusted. Start slowly by using every other night.
Tip: Also works incredibly well as a spot treatment!
Smoothie tip: ""Oh What a Night Smoothie""- 1 pump T.L.C. Framboos + 1 pump Lala Retro + 1 pump B-Hydra, for smoother, hydrated, more radiant skin.
How to Recycle:
Pop off the top, unscrew the clear vial from the top and recycle the vial + outer container.
Precautions: Use only as directed. Avoid contact with eyes. Discontinue use immediately if irritation occurs and consult a physician. Use a sunscreen daily while using this product and for a week after ceasing use. Product's contact with skin must be of limited frequency or duration."
pimprod2048022,La Roche-Posay,Anthelios Mineral Tinted Fluid Face Sunscreen SPF 40,Moisturizers,Tinted Moisturizer,$39.99,Medium/Deep,https://media.ulta.com/i/ulta/2625717?w=100&h=100&fmt=auto,283 Reviews,"Benefits
Anthelios Tinted Mineral Sunscreen is now available in four flexible shades, ideal for a broad range of skin tones
Formulated with Cell-Ox Shield Technology® for broad spectrum UVA/UVB protection and a powerful antioxidant sun protection
Tinted mineral sunscreen formula with iron oxides features a light tint
Lightweight, non-greasy matte sunscreen leaves skin hydrated with a radiant, natural finish
Ideal for all skin types, including Sensitive Skin
Water resistant up to 40 minutes
Non-comedogenic
Recommended by the Skin Cancer Foundation
Dermatologist Tested, Sensitive Skin Tested, Allergy Tested
Key Ingredients
Cell-Ox Shield technology features titanium dioxide for broad-spectrum mineral sunscreen protection plus powerful antioxidant protection to help defend skin cells against damaging free radicals caused by UV rays.
Formulated Without
Fragrance
Parabens
Oxybenzone
Octinoxate
Avobensone
Oil","Isohexadecane, Water, Dimethicone, Triethylhexanoin, C15-19 Alkane, Silica, C12-15 Alkyl Benzoate, Caprylyl Methicone, Butyloctyl Salicylate, Iron Oxides, Aluminum Stearate, Dicaprylyl Carbonate, Dicaprylyl Ether, Talc, Dimethicone/Peg-10/15 Crosspolymer, Alumina, Polyhydroxystearic Acid, Peg-9 Polydimethylsiloxyethyl Dimethicone, Pentylene Glycol, Acrylates/Dimethicone Copolymer, Aluminum Hydroxide, Stearic Acid, Niacinamide, Phenoxyethanol, Magnesium Sulfate, Caprylyl Glycol, Triethoxycaprylylsilane, Disteardimonium Hectorite, Diethylhexyl Syringylidenemalonate, Tocopherol, Disodium Stearoyl Glutamate, Propylene Carbonate, Cassia Alata Leaf Extract, Maltodextrin, Dipropylene Glycol, Sodium Citrate, Caprylic/Capric Triglyceride.",Shake well before use. Apply generous amount 15 minutes before sun exposure. Massage into skin until fully absorbed. Reapply at least every 2 hours. Reapply immediately after towel drying.
pimprod2049765,BYOMA,Milky Moisture Hydrating Duo,Cleansers,Face Wash,$19.99,,https://media.ulta.com/i/ulta/2635707?w=100&h=100&fmt=auto,110 Reviews,"Benefits
Milky Moisture Cleanser gently refreshes skin and brightens complexion
Hydrating Milky Toner soothes dry, dehydrated, and sensitive skin
Clinically proven to provide all-day hydration and protect skin barrier
Features
Dermatologist tested & approved
Alcohol and fragrance-free
Recyclable bottles
Key Ingredients
Milky Moisture Cleanser (2.02 oz): Tri-Ceramide Complex supports skin barrier health - Oat Extract and Panthenol ease inflammation and hydrate
Hydrating Milky Toner (5.07 oz): Barrier Lipids help restore skin barrier and Polyglutamic Acid and Cica deeply hydrate and minimize TEWL","Milky Moisture Cleanser: Aqua, Glycerin, Decyl Glucoside, Cetyl Ethylhexanoate, Ethylhexyl Palmitate, Helianthus Annuus (Sunflower) Seed Oil, Diisostearyl Malate, Arachidyl Alcohol, Cetearyl Alcohol, Panthenol, Glucose, Glyceryl Stearate, Behenyl Alcohol, Avena Sativa (Oat) Meal Extract, Dipropylene Glycol, Arachidyl Glucoside, Ceramide NP, Cholesterol, Caprylic/Capric Triglyceride, Tocopherol, Hydrogenated Lecithin, Oryza Sativa (Rice) Germ Extract, Xanthan Gum, Hydroxyacetophenone, Phytosphingosine, Acrylates/C10-30 Alkyl Acrylate Crosspolymer, Sodium Stearoyl Glutamate, Caprylyl Glycol, Citric Acid, Ethylhexylglycerin, Disodium EDTA, Stearic Acid, Oleic Acid, Maltodextrin, Cetyl Alcohol, Dipotassium Glycyrrhizate, Astaxanthin, 1,2-Hexanediol, Butylene Glycol, Cocos Nucifera (Coconut) Fruit Extract, Lactic Acid, Cyanocobalamin, Sodium Citrate, Caprylhydroxamic Acid.
Hydrating Milky Toner: Aqua, Butylene Glycol, Glycerin, Dipropylene Glycol, 1,2-Hexanediol, Panthenol, Limnanthes Alba (Meadowfoam) Seed Oil, Polyglutamic Acid, Pullulan, Saccharide Isomerate, Xanthan Gum, Centella Asiatica Extract, Gluconolactone, Sphingolipids, Sodium Citrate, Beta-Glucan, Tocopherol, Ceramide NP, Citric Acid, Carbomer, Ethylhexylglycerin, Polyglyceryl-3, Methylglucose Distearate, Tromethamine, Symphytum Officinale Root Extract, Hydrogenated Lecithin, Sodium Phytate, Sodium Hyaluronate, Methyl Glucose Sesquistearate, Cetearyl Glucoside.","Formulated with a host of hydrating heroes, including Oat Extract, Panthenol, and Barrier Lipids. These skin-saving ingredients work to lock in moisture across multiple layers of the skin, soothe inflammation, and nourish skin for a stronger skin barrier.
Precautions: Eye irritation."
pimprod2035466,Bubble,Day Dream Vitamin C + Niacinamide Tone & Texture Serum,Treatment & Serums,Face Serums,$17.00,1.0 oz,https://media.ulta.com/i/ulta/2600874?w=100&h=100&fmt=auto,"2,970 Reviews","Benefits
For all skin types
Fragrance free
Key Ingredients
Vitamin C is like an antioxidant superfood for your skin—and it's essential if you're looking to promote a bright, smooth, even complexion or reduce sun damage.
Niacinamide is a skincare powerhouse that can hydrate skin, calm irritation, improve skin barrier function, and reduce signs of aging.
Plant Derived Ceramides replenish the natural building blocks of your skin barrier, and a healthy skin barrier equals a healthier face.
Alpha Arbutin works to visibly reduce the appearance of spots & uneven skin tone
Formulated Without
Denatured Alcohols
Parabens
Artificial color
Added fragrance","Water (Aqua), Sodium Ascorbyl Phosphate, Coco-Caprylate/Caprate, Glycerin, Niacinamide, Alpha-Arbutin, Tranexamic Acid, Ceramide NP, Ceramide AP, Ceramide AS, Cholesterol, Ceramide NS, Ceramide EOP, Xanthan Gum, Brassica Campestris Seed Oil, Ethylhexylglycerin, Glycyrrhiza Glabra (Licorice) Root Extract, Polyglyceryl-3 Diisostearate, Sorbitan Isostearate, Hydrogenated Lecithin, Althaea Officinalis (Marshmallow) Root Extract, Oryza Sativa (Rice) Bran Extract, Dipropylene Glycol, Glyceryl Stearate, Hydroxyethyl Acrylate/Sodium Acryloyldimethyl Taurate Copolymer, Sodium Polyacryloyldimethyl Taurate, Sodium Polyacrylate, Sucrose Distearate, Phenoxyethanol.","After toner, apply 1 pump to clean, dry skin. Allow to absorb for one minute before applying moisturizer. Use once or twice a day.
Precautions: Use only as directed."
pimprod2049089,TATCHA,Limited Edition Little Luxuries Value Set,By Category,Skin Gifts,$49.00,,https://media.ulta.com/i/ulta/2634097?w=100&h=100&fmt=auto,50 Reviews,"Key Ingredients
The Rice Wash:
Hyaluronic Acid + Red Algae, Japanese Rice Powder, pH-Neutral Amino Acid Base
The Dewy Skin Cream:
Hyaluronic Acid + Red Algae + Hadasei-3: Attract moisture to plump & hydrate skin
The Water Cream:
BHA-Alternative + Hadasei-3: Visibly reduces pore count‡ & smooths
The Kissu Lip Mask:
Japanese Peach Extract: a traditional Japanese beauty secret used centuries ago to help repair damaged lips
Japanese Camellia Oil: helps seal in moisture
Biomimetic Squalane: richly moisturizes + improves the skin barrier
Research Results
The Rice Wash:
Clarifies & softens after 1 use**
**based on a self-assessment study on 25 panelists
The Dewy Skin Cream:
3x Instant Hydration*
100% showed immediate improvement in skin plumpness, suppleness,and radiance**
88% showed a visible improvement in dry fine lines after 2 weeks**
*based on a bio-instrumentation study of 30 panelists/**based on a clinical study of 36 panelists
The Water Cream:
3x Hydration Instantly & 72-Hour Hydration*
97% showed improvement in clogged and enlarged pores after 1 week**
100% showed a reduction in oil after 1 week†
*based on a bio-instrumentation study of 27 panelists
**based on a clinical study of 36 panelists
†based on a bio-instrumentation study of 36 panelists
Includes
The Rice Wash (1.7 oz)
The Water Cream (0.5 oz)
The Dewy Skin Cream (0.5 oz)
The Kissu Lip Mask (0.17 oz)","The Rice Wash: Aqua/Water/Eau, Microcrystalline Cellulose, Propanediol, Sodium Cocoyl Glutamate, Glycerin, Acrylates Copolymer, Sodium Caproyl Methyl Taurate, Coco-Betaine, Parfum/Fragrance, Saccharomyces/Camellia Sinensis Leaf/Cladosiphon Okamuranus/Rice Ferment Filtrate*, Oryza Sativa (Rice) Powder, Chondrus Crispus Extract, Sodium Hyaluronate, Betaphycus Gelatinum Extract, Lauryl Glucoside, Potassium Hydroxide, Polyquaternium-39, Limonene, Linalool, Phenoxyethanol, Ethylhexylglycerin, Sodium Benzoate, Alcohol *Hadasei-3
The Water Cream: Aqua/Water/Eau, Saccharomyces/Rice Ferment Filtrate, Dimethicone, Propanediol, Glycerin, Diglycerin, Diphenylsiloxy Phenyl Trimethicone, Camellia Sinensis Leaf Extract, Cladosiphon Okamuranus Extract, Peg-9 Polydimethylsiloxyethyl Dimethicone, Gold, Belamcanda Chinensis Root Extract, Rosa Multiflora Fruit Extract, Houttuynia Cordata Extract, Sophora Angustifolia Root Extract, Sodium Hyaluronate, Lecithin, Pistacia Lentiscus (Mastic) Gum, Sodium Chloride, Sodium Citrate, Mica, Tin Oxide, Dimethicone/Peg-10/15 Crosspolymer, Dimethicone/Phenyl Vinyl Dimethicone Crosspolymer, Tocopherol, Butylene Glycol, Ethylhexylglycerin, Dipropylene Glycol, Parfum/Fragrance, Alcohol, Phenoxyethanol, Limonene, Linalool, Titanium Dioxide (Ci 77891)
The Dewy Skin Cream: Aqua/Water/Eau, Saccharomyces/Rice Ferment Filtrate, Glycerin, Propanediol, Dimethicone, Squalane, Diisostearyl Malate, Behenyl Alcohol, Myristyl Myristate, Dipentaerythrityl Hexahydroxystearate, Bis-Diglyceryl Polyacyladipate-2, Tridecyl Trimellitate, Inositol, Sorbitan Tristearate, Beheneth-20, Camellia Sinensis Leaf Extract, Cladosiphon Okamuranus Extract, Chondrus Crispus Extract, Betaphycus Gelatinum Extract, Oryza Sativa (Rice) Bran Extract, Panax Ginseng Root Extract, Origanum Majorana Leaf Extract, Thymus Serpyllum Extract, Malva Sylvestris (Mallow) Flower Extract, Sodium Hyaluronate, Gold, Sericin, Phytosteryl Macadamiate, Tocopherol, Hydroxyethyl Acrylate/Sodium Acryloyldimethyl Taurate Copolymer, Sorbitan Isostearate, Polysorbate 60, Butylene Glycol, Dimethicone/Vinyl Dimethicone Crosspolymer, Sodium Benzoate, Gluconolactone, Ethylhexylglycerin, Parfum/Fragrance, Alcohol, Phenoxyethanol, Citral, Limonene, Linalool, Mica, Tin Oxide, Titanium Dioxide (Ci 77891), Violet 2 (Ci 60725).
The Kissu Lip Mask: Triisostearin, Polyglyceryl-2 Triisostearate, Squalane, Dextrin Palmitate, Vp/Hexadecene Copolymer, Silica, Dextrin Palmitate/Ethylhexanoate, Camellia Japonica Seed Oil, Prunus Persica (Peach) Kernel Extract, Prunus Persica (Peach) Juice, Prunus Persica (Peach) Leaf Extract, Citrus Unshiu Peel Extract, Saccharomyces/Rice Ferment Filtrate, Camellia Sinensis Leaf Extract, Cladosiphon Okamuranus Extract, Allantoin, Stearyl Glycyrrhetinate, Tocopherol, Pyridoxine Hcl, Aqua/Water/Eau, Propanediol, Butylene Glycol, Ethylhexylglycerin, Parfum/Fragrance, Phenoxyethanol, Limonene, Linalool, Iron Oxides (Ci 77491).","The Rice Wash: Add water to create a rich foam and massage onto face. Rinse.
The Water Cream: Scoop desired amount onto face, neck, and décolletage, morning and night. Massage in with upward strokes until fully absorbed into skin.
The Dewy Skin Cream: Scoop desired amount onto face, neck, and décolletage, morning and night. Massage in with upward strokes until fully absorbed into skin.
The Kissu Lip Mask: Massage a generous, even layer onto clean, dry lips and leave on."
pimprod2007127,The Ordinary,"Retinol 0.5% in Squalane, Intermediate Retinol Serum",Treatment & Serums,Face Serums,$8.60,1.0 oz,https://media.ulta.com/i/ulta/2551172?w=100&h=100&fmt=auto,606 Reviews,"Benefits
Targets signs of aging
Improves skin's elasticity, texture, and radiance
Formulated Without
Alcohol
Gluten
Nuts
Silicone
Parabens
Sulfates","Squalane, Caprylic/capric Triglyceride, Simmondsia Chinensis (jojoba) Seed Oil, Retinol, Solanum Lycopersicum (tomato) Fruit Extract, Rosmarinus Officinalis (rosemary) Leaf Extract, Hydroxymethoxyphenyl Decanone, BHT.","The Ordinary recommends performing a patch test prior to incorporating a new product into your skin care routine.
Apply a small amount to the face in the PM, after water serums but before heavier treatments. Do not use with other retinoid treatments. Use sun protection in the AM.
Contraindications: Do not use in the same routine as other retinoids, direct acids, pure or ethylated vitamin C, or ''Buffet'' + Copper Peptides 1%."
pimprod2016354,Peach Slices,Acne Spot Dots,K-Beauty,,$4.99,30 ct,https://media.ulta.com/i/ulta/2567110?w=800&h=800&fmt=auto,"5,427 Reviews","Benefits
Purest medical-grade hydrocolloid maximizes gunk absorption and is safe for sensitive skin
Visibly flattens developing blemishes and pimples that are already there
Creates a moist and insulated healing environment for breakouts
Clinically tested and derm-approved
Works in as little as 4 hours*
Won't dry out skin and stays put, with painless removal
Flat and breathable dots sit transparently on bare skin or under makeup
Hypoallergenic and made of biodegradable material
Comes in 3 sizes to target every type of pimple
Peach Slices offers easy, clinical solutions, powered by K-beauty innovations, for tough skin issues like acne, oily skin, and redness. Formulated without any harsh chemicals: fragrance-free, kind to skin, alcohol-free, and cruelty-free.
*3rd party consumer study results
Research Results
92% saw blemishes flattened and reduced in size in just 24 hours*
97% saw less intense, red, inflamed blemishes in 24 hours*
97% said blemish looked calmer and less intense in 24 hours*
*3rd party consumer study results",Hydrocolloid.,"Cleanse and dry the area you'll be treating, without applying other skincare steps. Center and apply a Spot Dot that's slightly larger than your blemish. After 8 hours, gently peel off and discard. Cleanse again and reapply if needed.
Precautions: Keep out of reach of children. For external use only. Do not use on damaged or broken skin. Stop using and ask a doctor if rash and/or irritation occurs. When using this product, keep out of eyes. Rinse with water to remove. If product is swallowed, get medical help or contact a Poison Control Center right away. Protect the product in this pouch from excessive heat and direct sun."
pimprod2049116,TATCHA,The Rice Wash Skin-Softening Cleanser,Cleansers,Face Wash,$40.00,4.0 oz,https://media.ulta.com/i/ulta/2634177?w=100&h=100&fmt=auto,454 Reviews,,,
pimprod2012938,IT Cosmetics,Confidence in Your Beauty Sleep Night Cream,Moisturizers,Night Cream,$64.00,2.0 oz,https://media.ulta.com/i/ulta/2557701?w=100&h=100&fmt=auto,"2,883 Reviews",,,
pimprod2039921,Shiseido,Benefiance Wrinkle Smoothing Eye Cream,Eye Treatments,Eye Cream,$65.00,0.51 oz,https://media.ulta.com/i/ulta/2612330?w=100&h=100&fmt=auto,"2,714 Reviews",,,
pimprod2046015,Magic Molecule,Hypochlorous Acid Spray,Treatment & Serums,Body Treatments,$20.00,8.0 oz,https://media.ulta.com/i/ulta/2628365?w=100&h=100&fmt=auto,"2,992 Reviews",,,
pimprod2049113,TATCHA,Mini The Dewy Skin Cream Line-Plumping Moisturizer,Travel Size Skin Care,,$25.00,0.50 oz,https://media.ulta.com/i/ulta/2634099?w=100&h=100&fmt=auto,"1,144 Reviews",,,
pimprod2006754,CeraVe,"Skin Renewing Vitamin C Serum, Skin-Brightening Antioxidant Face Serum",Treatment & Serums,Face Serums,$29.99,1.0 oz,https://media.ulta.com/i/ulta/2548800?w=100&h=100&fmt=auto,"1,003 Reviews",,,
pimprod2038374,Patchology,Serve Chilled On Ice Cooling & Firming Under Eye Gel Patches,Relax & Renew,Spa Essentials,$15.00,5 pair,https://media.ulta.com/i/ulta/2610032?w=100&h=100&fmt=auto,144 Reviews,,,
pimprod2041127,Hero Cosmetics,Mighty Patch Face Pore Pimple Patches,K-Beauty,,$19.99,5 ct,https://media.ulta.com/i/ulta/2615336?w=100&h=100&fmt=auto,202 Reviews,,,
pimprod2036148,MAËLYS,B-POISED Neck & Décolleté Firming Cream,Moisturizers,Neck Cream,$49.00,1.7 oz,https://media.ulta.com/i/ulta/2605437?w=100&h=100&fmt=auto,"1,140 Reviews",,,
pimprod2017700,OSEA,Hyaluronic Sea Serum,Treatment & Serums,Face Serums,$88.00,1.0 oz,https://media.ulta.com/i/ulta/2570020?w=100&h=100&fmt=auto,961 Reviews,,,
pimprod2033399,Clinique,Even Better All-Over Primer and Color Corrector,Face,Face Primer,$32.00,Apricot,https://media.ulta.com/i/ulta/2598022?w=100&h=100&fmt=auto,76 Reviews,,,
pimprod2037861,La Roche-Posay,Lipikar Body Lotion Daily Repair Moisturizing Lotion for Dry Skin,Moisturizers,Face Moisturizer,$19.99,13.52 oz,https://media.ulta.com/i/ulta/2609329?w=100&h=100&fmt=auto,662 Reviews,,,
pimprod2003902,COOLA,Organic Classic Face Sunscreen SPF 50,Suncare,Sunscreen,$32.00,Fragrance-Free,https://media.ulta.com/i/ulta/2541377?w=100&h=100&fmt=auto,"3,358 Reviews",,,
pimprod2049891,Clarins,Double Serum Light Texture,Treatment & Serums,Face Serums,$135.00,1.7 oz,https://media.ulta.com/i/ulta/2634897?w=100&h=100&fmt=auto,"4,320 Reviews",,,
pimprod2049737,La Roche-Posay,Effaclar Acne Face Wash with 4% Benzoyl Peroxide,Treatment & Serums,Acne & Blemish Treatments,$19.99,6.76 oz,https://media.ulta.com/i/ulta/2633773?w=100&h=100&fmt=auto,313 Reviews,,,
pimprod2046013,Naked Sundays,100% Mineral Primer Sunscreen SPF 50+ Lotion with Collagen,Face,Face Primer,$25.00,1.7 oz,https://media.ulta.com/i/ulta/2629770?w=100&h=100&fmt=auto,"1,119 Reviews",,,
pimprod2022908,Exuviance,AGE REVERSE + Rebuild-5 Firming & Moisturizing Face Cream,Moisturizers,Night Cream,$96.00,1.7 oz,https://media.ulta.com/i/ulta/2577622?w=100&h=100&fmt=auto,199 Reviews,,,
pimprod2039808,BYOMA,De-puff and Brightening Eye Gel,Eye Treatments,Eye Cream,$13.99,0.68 oz,https://media.ulta.com/i/ulta/2611683?w=100&h=100&fmt=auto,195 Reviews,,,
pimprod2049853,BYOMA,Phyto Mucin Glow Serum,Treatment & Serums,Face Serums,$16.99,1.35 oz,https://media.ulta.com/i/ulta/2635219?w=100&h=100&fmt=auto,263 Reviews,,,
pimprod2045649,Naturium,Dew-Glow Moisturizer SPF 50,Moisturizers,Face Moisturizer,$21.99,1.7 oz,https://media.ulta.com/i/ulta/2627346?w=100&h=100&fmt=auto,109 Reviews,,,
pimprod2050745,The Crème Shop,Sanrio Gloss Jelly Lip Glaze,Lips,Lip Balms & Treatments,$13.00,Bubblegum,https://media.ulta.com/i/ulta/2637545?w=100&h=100&fmt=auto,149 Reviews,,,
pimprod2049177,TATCHA,The Silk Cream Line-Smoothing & Firming Moisturizer,Moisturizers,Face Moisturizer,$125.00,1.69 oz,https://media.ulta.com/i/ulta/2634123?w=100&h=100&fmt=auto,258 Reviews,,,
pimprod2051917,Lancôme,Renergie C.R.x Triple Serum Retinol,Treatment & Serums,Face Serums,$69.00,0.67 oz,https://media.ulta.com/i/ulta/2638729?w=100&h=100&fmt=auto,"1,385 Reviews",,,
pimprod2045112,TULA,24-7 Weightless Moisture Day & Night Gel Cream,Moisturizers,Night Cream,$58.00,1.5 oz,https://media.ulta.com/i/ulta/2624255?w=100&h=100&fmt=auto,329 Reviews,,,
pimprod2034807,BYOMA,3 Piece Hydrating Trio Set,By Category,Skin Gifts,$24.99,,https://media.ulta.com/i/ulta/2601414?w=100&h=100&fmt=auto,153 Reviews,,,
pimprod2043572,Charlotte Tilbury,Travel Size Magic Cream Moisturizer with Hyaluronic Acid,Travel Size Skin Care,,$30.00,0.5 oz,https://media.ulta.com/i/ulta/2619312?w=100&h=100&fmt=auto,25 Reviews,,,
pimprod2049688,COSRX,Advanced Snail Hydrogel Mask,Treatment & Serums,Face Masks,$15.00,,https://media.ulta.com/i/ulta/2634737?w=100&h=100&fmt=auto,20 Reviews,,,
pimprod2044314,Dermalogica,Phyto Nature Lifting Eye Cream,Eye Treatments,Eye Cream,$118.00,0.5 oz,https://media.ulta.com/i/ulta/2624462?w=100&h=100&fmt=auto,261 Reviews,,,
pimprod2023928,Good Molecules,Discoloration Correcting Serum,Treatment & Serums,Face Serums,$12.00,1.0 oz,https://media.ulta.com/i/ulta/2582306?w=100&h=100&fmt=auto,"3,270 Reviews",,,
pimprod2027016,Origins,Ginzing Brightening Eye Cream,Eye Treatments,Eye Cream,$39.00,Cool,https://media.ulta.com/i/ulta/2586078?w=100&h=100&fmt=auto,"1,199 Reviews",,,
pimprod2023934,Good Molecules,Pineapple Exfoliating Powder,Treatment & Serums,Face Peels & Exfoliators,$16.00,2.1 oz,https://media.ulta.com/i/ulta/2582313?w=100&h=100&fmt=auto,471 Reviews,,,
pimprod2049088,TATCHA,The Water Cream Oil-Free Pore Minimizing Moisturizer,Moisturizers,Face Moisturizer,$93.00,2.53 oz,https://media.ulta.com/i/ulta/2634103?w=100&h=100&fmt=auto,491 Reviews,,,
pimprod2008736,Clinique,Moisture Surge Lip Hydro-Plump Treatment Lip Balm,Lips,Lip Balms & Treatments,$23.00,0.34 oz,https://media.ulta.com/i/ulta/2549347?w=100&h=100&fmt=auto,281 Reviews,,,
pimprod2049447,Supergoop!,Unseen Sunscreen SPF 50 Invisible Sun Protection for Face,Face,Face Primer,$38.00,1.7 oz,https://media.ulta.com/i/ulta/2632648?w=100&h=100&fmt=auto,267 Reviews,,,
pimprod2019793,TULA,Brightening Treatment Drops Triple Vitamin C Serum,Treatment & Serums,Face Serums,$58.00,1.0 oz,https://media.ulta.com/i/ulta/2571148?w=100&h=100&fmt=auto,"1,025 Reviews",,,
pimprod2010478,TULA,Rose Glow & Get It Cooling & Brightening Eye Balm,Eye Treatments,Eye Cream,$38.00,0.35 oz,https://media.ulta.com/i/ulta/2555741?w=100&h=100&fmt=auto,"4,786 Reviews",,,
pimprod2028065,Drunk Elephant,Lala Retro Whipped Cream Moisturizer with Ceramides,Moisturizers,Face Moisturizer,$64.00,1.69 oz,https://media.ulta.com/i/ulta/2588438?w=100&h=100&fmt=auto,638 Reviews,,,
pimprod2031824,IT Cosmetics,CC+ Nude Glow Lightweight Foundation + Glow Serum with SPF 40,Moisturizers,Tinted Moisturizer,$47.00,Light Medium,https://media.ulta.com/i/ulta/2594106?w=100&h=100&fmt=auto,"3,982 Reviews",,,
pimprod2007108,The Ordinary,Alpha Arbutin 2% + Hyaluronic Acid for Hyperpigmentation,Treatment & Serums,Face Serums,$11.50,1.0 oz,https://media.ulta.com/i/ulta/2551165?w=100&h=100&fmt=auto,"2,440 Reviews",,,
pimprod2033684,IT Cosmetics,Confidence in a Cream Anti-Aging Hydrating Moisturizer,Moisturizers,Face Moisturizer,$59.00,2.0 oz,https://media.ulta.com/i/ulta/2598796?w=100&h=100&fmt=auto,"9,613 Reviews",,,
pimprod2049733,bareMinerals,COMPLEXION RESCUE Natural Matte Tinted Moisturizer Mineral SPF 30,Moisturizers,Tinted Moisturizer,$39.00,Opal 01,https://media.ulta.com/i/ulta/2632935?w=100&h=100&fmt=auto,"1,552 Reviews",,,
pimprod2043464,La Roche-Posay,Anthelios UV Hydra Sunscreen SPF 50 with Hyaluronic Acid,Suncare,Sunscreen,$39.99,1.7 oz,https://media.ulta.com/i/ulta/2620128?w=100&h=100&fmt=auto,979 Reviews,,,
pimprod2035356,Good Molecules,The Daily Essentials,By Category,Skin Gifts,$24.00,,https://media.ulta.com/i/ulta/2601692?w=100&h=100&fmt=auto,84 Reviews,,,
pimprod2039907,CeraVe,Hydrating Foaming Oil Cleanser,Cleansers,Face Wash,$17.99,12.0 oz,https://media.ulta.com/i/ulta/2611324?w=100&h=100&fmt=auto,815 Reviews,,,
pimprod2043524,Clinique,Acne Solutions Liquid Makeup Foundation,Face,Foundation,$39.00,CN 10 Alabaster,https://media.ulta.com/i/ulta/2619813?w=100&h=100&fmt=auto,"1,719 Reviews",,,
pimprod2028585,Live Tinted,"Hueguard 3-in-1 Mineral Sunscreen, Moisturizer, Primer SPF 30",Face,Face Primer,$34.00,1.7 oz,https://media.ulta.com/i/ulta/2588656?w=100&h=100&fmt=auto,447 Reviews,,,
pimprod2049266,Too Faced,Pillow Balm Hydrating Lip Treatment,Lips,Lip Balms & Treatments,$26.00,Pink Pineapple Kiss,https://media.ulta.com/i/ulta/2632552?w=100&h=100&fmt=auto,760 Reviews,,,
pimprod2004468,PEACH & LILY,Power Calm Hydrating Gel Cleanser,K-Beauty,,$29.00,3.38 oz,https://media.ulta.com/i/ulta/2541744?w=100&h=100&fmt=auto,"3,257 Reviews",,,
pimprod2028609,CeraVe,Acne Control Cleanser,Treatment & Serums,Acne & Blemish Treatments,$18.99,8.0 oz,https://media.ulta.com/i/ulta/2586060?w=100&h=100&fmt=auto,587 Reviews,,,
pimprod2018261,La Roche-Posay,Effaclar Clarifying Solution Acne Toner,Cleansers,Toner,$18.99,6.7 oz,https://media.ulta.com/i/ulta/2570210?w=100&h=100&fmt=auto,370 Reviews,,,
pimprod2049162,Eucerin,Radiant Tone Dual Serum Dark Spot Corrector,Treatment & Serums,Face Serums,$39.99,1.0 oz,https://media.ulta.com/i/ulta/2634615?w=100&h=100&fmt=auto,568 Reviews,"Benefits
Facial serum helps minimize the look of persistent dark spots due to sun exposure, aging and imperfections
Face serum helps smooth the look of fine lines and wrinkles
Features
Lightweight, non-sticky hydrating serum
Suitable dark spot serum for all skin types, even sensitive skin
Key Ingredients
Formula with Thiamidol helps reduce the look of persistent dark spots due to sun exposure, aging and imperfections
Enriched with Hyaluronic Acid","Water, Alcohol Denat., Butylene Glycol, Glycerin, Isopropyl Palmitate, Cetearyl Isononanoate, Diisopropyl Adipate, Propylheptyl Caprylate, Cetearyl Alcohol, Distarch Phosphate, Sodium Hyaluronate, Tocopherol, Sodium Ascorbyl Phosphate, Isobutylamido Thiazolyl Resorcinol, Glycyrrhiza Inflata Root Extract, Glucosylrutin, Isoquercitrin, Glycine Soja (Soybean) Oil, Glyceryl Stearate, Hydroxypropyl Starch Phosphate, Dimethicone, Dehydroxanthan Gum, Sodium Stearoyl Glutamate, Xanthan Gum, Gellan Gum, Sodium Chloride, Phenoxyethanol, Ethylhexylglycerin, Trisodium EDTA, Citric Acid, Fragrance.","Apply Eucerin Radiant Tone Dual Serum to your face and neck after cleansing. Limit the collective use of Radiant Tone skincare products to four times daily.
Precautions: Keep out of reach of children. For external use only. Avoid contact with eyes. Discontinue use if irritation occurs."
pimprod2049575,Loving Tan,2 HR Express Face Tanning Serum,Suncare,Self-Tanning & Bronzing,$35.00,Medium,https://media.ulta.com/i/ulta/2634876?w=100&h=100&fmt=auto,12 Reviews,"Benefits
Treat your skin to the professional-level, natural-looking tan you've come to expect from Loving Tan's cult-favorite tanning mousses—now in a luxurious face serum infused with skincare actives.
Lightweight formula for a luxe application experience with ultra-hydrating hyaluronic acid, nourishing B5 and soothing chamomile extract.
Formulated with an easy-to-apply color guide, a visible tint that shows exactly where the product has been applied, to ensure flawless coverage.
Fast-acting results in just 2 hours. Rinse off the color guide and see visible results, with your final tan developing into a deeper, natural shade over the next 24 hours.
Dermatologist tested.
Best suited for Light to Medium skin tones.
Proudly Australian made.
Key Ingredients
Formulated with the same proprietary naturally derived DHA blend, found in Loving Tan's professional-level mousses.
Infused with ultra-hydrating Hyaluronic Acid
Nourishing vitamin B5
Enriched with Chamomile extract to moisturise and soothe","Water (Aqua/Eau), Dihydroxyacetone, Cetearyl Alcohol, Ethoxydiglycol, Glycerin, Simmondsia Chinensis (Jojoba) Seed Oil, Coco-Caprylate/Caprate, Squalane, Glyceryl Stearate, Sodium Hyaluronate, Chamomilla Recutita (Matricaria) Flowers Extract, Panthenol, Tocopheryl Acetate, Shorea Robusta Resin, Rhus Verniciflua Peel Cera/ Rhus Succedanea Fruit Wax/Cera, Ceteareth-20, Helianthus Annuus (Sunflower) Seed Cera/Wax, Sorbitan Oleate, Olea Europaea (Olive) Oil Unsaponifiables, Hydroxyethyl Acrylate/Sodium Acryloyldimethyl Taurate Copolymer, Fragrance (Parfum), Ethylhexylglycerin, Sodium Benzoate, Phenoxyethanol, Sodium Metabisulfite, Benzyl Benzoate, Coumarin, Limonene,
Fd&C Red No. 40 (CI 16035), Fd&C Blue No.1 (CI 42090), FD&C Yellow No. 5 (CI 19140).","Using fingertips, apply the serum evenly to clean, dry skin on face, neck and décolleté. Blend lightly into your hairline.
Wash hands immediately after application with soapy water.
After 2 hours, rinse off the color guide, a visible tint that shows exactly where the product has been applied, and pat your skin dry.
Your tan will continue to develop for up to 24 hours."
pimprod2004930,Vichy,Mineral 89 Hyaluronic Acid Face Serum for Stronger Skin,Treatment & Serums,Face Serums,$19.99,1.0 oz,https://media.ulta.com/i/ulta/2546395?w=100&h=100&fmt=auto,"1,996 Reviews","Benefits
Pure, clean, oil-free face serum that hydrates, plumps and fortifies skin
Strengthens and repairs the skin's barrier
Minimalist face serum formula with only 11 ingredients
Boosts skin's resistance to visible signs of aging caused by exposome factors such as UV rays, pollution and stress with mineral-rich Vichy Volcanic Water
Visibly plumps and hydrates the skin with Hyaluronic Acid
Non-greasy, non-sticky formula for fast absorption
100% transparent face moisturizer formula
Accepted by the National Eczema Association
Non-comedogenic
Dermatologist, allergy and sensitive skin tested
Immediately: 8 of 10 women feel their skin is smoother and healthier
After 1 week: 8 of 10 women feel their skin is plumped and toned
After 1 month: 9 of 10 women feel their skin is more luminous and glowing
Received the 2022 “Beauty Authority” award from New Beauty
Key Ingredients
Vichy Volcanic Water sourced from French volcanoes features 15 essential minerals to help strengthen the skin's barrier and protect skin from damaging environmental factors like UV rays and pollution
Pure Hyaluronic Acid hydrates and visibly plumps the skin
Formulated Without
Parabens
Oil
Alcohol
Silicone
Colorants
Fragrance
Animal-derived ingredients
Animal byproducts","Aqua/Water/Eau, PEG/PPG/Polybutylene Glycol-8/5/3 Glycerin, Glycerin, Butylene Glycol, Methyl Gluceth-20, Carbomer, Sodium Hyaluronate, Phenoxyethanol, Caprylyl Glycol, Citric Acid, Biosaccharide Gum-1.",Use alone as a face moisturizer or as a hyaluronic acid serum with your daily moisturizer for a boost of hydration.
pimprod2048666,STARFACE,Hydro-Star + Salicylic Acid,Treatment & Serums,Acne & Blemish Treatments,$12.99,32 Count,https://media.ulta.com/i/ulta/2631422?w=100&h=100&fmt=auto,505 Reviews,"Benefits
Salicylic acid, a well-known beta hydroxy acid (BHA), helps visibly shrink and soothe spots by dissolving dead skin cells and unclogging pores.
Hydro-Star® + Salicylic Acid Patches are perfect for spots that need something more powerful. Because hydrocolloid and salicylic acid work together to dissolve dead skin cells and absorb fluid, deep spots might like these stars best.
These blue stars protect your spots from outside bacteria and serve as a gentle reminder to avoid skin picking.
Dermatologist tested, and safe for every skin type, including sensitive.
Features
Perfectly shaped to grip the contours of the face, Hydro-Stars are designed to really stick and keep you feeling cute while caring for your skin.
Their little arms are great for reaching spots in tight or awkward spaces, like the corner of your nose or side of your lip.
Take your stars everywhere you go with Big Blue, a reusable, mirrored compact (sold separately) that holds your patches for easy application and storage.
Key Ingredients
Salicylic acid is a powerful exfoliant that helps unclog pores by cutting through oil, gunk, and dead skin cells.
Hydrocolloid is clinically proven to improve the appearance of pimples overnight: It draws out fluid, which can help soothe redness and inflammation.","Cellulose Gum, Polyisobutene, Petroleum Resins, Styrene/Butadiene Copolymer, Paraffinum Liquidum, Polyurethane, Salicylic Acid, Pentaerythrityl Tetra-Di-T-Butyl Hydroxyhydrocinnamate.","Apply Hydro-Star + Salicylic Acid Patches to clean, dry skin. Leave on overnight (or 6+ hours) and limit use to 1-3x per week.
Precautions: Keep out of reach of children. For external use only. Do not use on damaged or broken skin. Stop using and ask a doctor if rash and/or irritation occur. If product is swallowed, get medical help or contact a poison control center right away. Protect the product in this pouch from excessive heat and direct sun."
pimprod2035357,Good Molecules,Blemish Scar & Discoloration Duo,By Category,Skin Gifts,$26.00,,https://media.ulta.com/i/ulta/2601691?w=100&h=100&fmt=auto,79 Reviews,"Includes
Good Molecules Niacinamide Brightening Toner to target uneven skin tone, dullness, and visible pores with niacinamide (vitamin B3) (4.0 oz)
Good Molecules Discoloration Correcting Serum formulated with an advanced form of tranexamic acid to visibly improve the appearance of dark spots, acne scars, melasma, and sun damage (1.0 oz)","Niacianmide Brightening Toner: Water, Glycerin, Niacinamide, 1,2-Hexanediol, Propanediol, Arbutin, Betaine, Glycyrrhiza Glabra (Licorice) Root Extract, 3-O-Ethyl Ascorbic Acid, Ethylhexylglycerin, Carbomer, Tromethamine, Trisodium Ethylenediamine Disuccinate, Theobroma Cacao (Cocoa) Seed Extract, Sodium Hyaluronate, Dextrin Discoloration Correcting Serum: Water, Propanediol, Glycerin, Niacinamide, Cetyl Tranexamate Mesylate, Cetearyl Alcohol, Ceratonia Siliqua (Carob) Gum, Caprylyl Glycol, Tamarindus Indica Seed Gum, Ethylhexylglycerin.",Dispense toner onto a cotton pad and gently sweep over freshly cleansed skin. Can also be dispensed into palms and patted into skin until fully absorbed. Apply a few drops of serum before oils and moisturizers. Can be used in the morning and at night.
pimprod2045572,The Ordinary,Balancing & Clarifying Serum for Oily Skin and Pore Refinement,Treatment & Serums,Face Serums,$19.90,1.0 oz,https://media.ulta.com/i/ulta/2626328?w=100&h=100&fmt=auto,625 Reviews,"Benefits
Minimises excess shine in 1 week
Balances oily skin in 1 week*
Improves uneven skin texture for smoother-looking skin in 1 week*
Reduces visible post-acne marks
Key Ingredients
Sarcosine and L-Carnitine: Naturally occurring molecules that reduce the appearance of oiliness and shine.
Polylysine: A patented molecule that also reduces the appearance of oiliness and shine. It has a unique three-dimensional branched structure that is composed of 48 naturally-derived lysine amino acids.
N-Acetylglucosamine (NAG): An amino sugar that offers similar exfoliation properties to direct acids. Through this exfoliation, it helps target signs of congestion, while also targeting the look of uneven skin tone.
Ectoin: Protects the skin barrier against water loss and helps maintain skin hydration. The ingredient ectoin is an amino acid derivative produced via fermentation from ectoine - a naturally occurring molecule found in a wide range of bacteria that live in extreme conditions.
Lactococcus Ferment Lysate: Works to help support the skin barrier. It is a mixture of fragmented molecules derived from the breakdown of the bacteria lactococcus lactis.","Aqua (Water), Lactococcus Ferment Lysate, Propanediol, Potassium Azeloyl Diglycinate, Carnitine, Acetyl Glucosamine, Sarcosine, Ectoin, Adenosine, Polylysine, Silanetriol, Glycerin, Pentylene Glycol, Sclerotium Gum, Xanthan Gum, Isoceteth-20, Citric Acid, Sodium Citrate, Trisodium Ethylenediamine Disuccinate, Sodium Chloride, Ethylhexylglycerin, Sodium Benzoate, Phenoxyethanol, Chlorphenesin.",Shake well before use. Apply a few drops to the face in the morning and evening.
pimprod2033123,Clinique,Clinique Smart Clinical Repair Wrinkle Correcting Face Cream,Moisturizers,Face Moisturizer,$77.00,1.7 oz,https://media.ulta.com/i/ulta/2598026?w=100&h=100&fmt=auto,"2,287 Reviews","Benefits
All Skin Types
Anti-wrinkle face cream strengthens, visibly repairs lines and wrinkles, hydrates.
A powerful addition to Clinique's most advanced de-aging line yet, Clinique Smart Clinical Repair, this ultra-nourishing moisturizer is engineered to visibly reduce lines and wrinkles for supple, younger-looking skin.
Cutting-edge formula with CL1870 Peptide Complex helps boost skin's natural collagen to help fortify the dermal structure, leaving skin feeling stronger and looking smoother.
Moisturizer plumps skin with lasting hydration, which helps minimize the appearance of fine, dry lines.
Available in two textures: Wrinkle Correcting Cream is a lightweight cream for All Skin Types and Wrinkle Correcting Rich Cream is a luxe, denser cream for those with drier skin.
Built on Dermatological Science: As a dermatologist-guided brand, Clinique's commitment to safety starts with skincare science. Clinique partners with the best minds in dermatology and formulate for all skin types, tones, concerns - in service of all skin.
Fragrance-free, Paraben-free, Phthalate-free, Oil-free, Free of synthetic colors.
More Responsible Packaging:
50ml and 15ml jars each contain a minimum of 30% post-consumer recycled content.
Carton is made from responsibly sourced paperboard. Please recycle.
Safe for sensitive skin
Allergy Tested
Fragrance free
Key Ingredients
Powered by peptides, this anti-wrinkle face cream helps strengthen skin and visibly repair lines and wrinkles.
CL1870 Peptide Complex: An expert peptide blend engineered to fight the look of wrinkles by boosting natural collagen, which helps strengthen skin's natural support structure.
Hyaluronic acid: Exclusive formula uses two molecular weights of hyaluronic acid. This intense humectant helps flood your skin with hydration -and holds on. Helps restore suppleness and visibly smooth fine, dry lines.
Soybean seed extract: An ingredient rich in lysophosphatidic acid (LPA), which nourishes to help fortify skin.
Leveraging Clinique's 35 years of peptide expertise, formula includes ''self-assembly,'' ''neuropeptide,'' and ''signaling peptides:''
Palmitoyl tripeptide-1
Acetyl hexapeptide-8
Palmitoyl tetrapeptide-7
Palmitoyl hexapeptide-12
Research Results
Sensory testing (applies only to the Cream formula for All Skin Types):
After 1 use, 91% of 148 women say skin looks smoother and feels firmer.
After 1 week:
95% of 148 women say skin feels hydrated throughout the day.
95% say skin feels hydrated throughout the night.
After 4 weeks:
92% of 146 women say skin feels firmer.
92% of 146 women say skin looks smoother.
93% of 146 women say neck feels smoother.
94% of 146 women say skin looks healthier.
85% of 143 women say lines and wrinkles look reduced.","Water\Aqua\Eau, Glycerin, Isostearyl Neopentanoate, Butylene Glycol, Glyceryl Stearate, PEG-100 Stearate, Dimethicone, Cetearyl Alcohol, Acetyl Hexapeptide-8, Acetyl Octapeptide-3, Aminopropyl Ascorbyl Phosphate, Palmitoyl Tetrapeptide-7, Algae Extract, Sodium Hyaluronate, Palmitoyl Hexapeptide-12, Sigesbeckia Orientalis (St. Paul'S Wort) Extract, Whey Protein\Lactis Protein\Protéine Du Petit-Lait, Dipeptide Diaminobutyroyl Benzylamide Diacetate, Acetyl Glucosamine, Caffeine, Palmitoyl Tripeptide-1, Glycine Soja (Soybean) Seed Extract, Cetearyl Glucoside, Tocopheryl Acetate, Isohexadecane, Petrolatum, Caprylyl Glycol, Glycereth-26, Acrylates/C10-30 Alkyl Acrylate Crosspolymer, Tromethamine, Glyceryl Polymethacrylate, PEG-8, Polysorbate 20, Hexylene Glycol, Polysorbate 80, Carbomer, Acrylamide/Sodium Acryloyldimethyltaurate Copolymer, Sorbitan Oleate, Cetyl Alcohol, Sodium Citrate, Disodium Edta, Phenoxyethanol, Potassium Sorbate, Sodium Benzoate, ILN50530.","Use moisturizer twice a day, morning and night as part of daily skincare routine.
Apply wrinkle cream to face and neck after using Clinique Smart Clinical Repair Wrinkle Correcting Serum.
Follow with Clinique Smart Clinical Repair Wrinkle Correcting Eye Cream for the ultimate de-aging routine.
Always include SPF sunscreen as the last step in the AM."
pimprod2018264,La Roche-Posay,Thermal Spring Water,Moisturizers,Face Mists & Essences,$19.00,10.2 oz,https://media.ulta.com/i/ulta/2615026?w=100&h=100&fmt=auto,567 Reviews,"Benefits
Intensely soothing face mist gently refreshes and tones skin on the face and body
Features a high concentration of mineral salts and trace elements
Provides protection against environmental free radicals with the natural antioxidant selenium
Sourced from the French town of La Roche-Posay, this exclusive thermal spring water has been used at the La Roche-Posay Thermal Center, Europe's leading center of thermal dermatology, since 1905
Ideal for all skin types, including sensitive skin
Suitable for adults, children and babies
Non-comedogenic
Dermatologist tested
Key Ingredients
Selenium is a powerful, natural, mineral-rich antioxidant that provides immediate, intense soothing
La Roche-Posay Thermal Spring Water is naturally rich in minerals with scientifically demonstrated soothing and antioxidant properties
Formulated Without
Fragrance
Oil
Parabens
Additives",Aqua/Water.,"Face mist spray can be used as the last step in cleansing or first step in caring to tone and refresh skin. After a mild cleansing, spray 8 to 12 inches from face then leave on 2-3 minutes. Gently pat off excess spray without rubbing. Use as often as desired, at home, at the office, or on the go."
pimprod2034186,The Ordinary,"Salicylic Acid 2% Solution, Exfoliating Serum for Acne",Treatment & Serums,Face Serums,$6.70,1.0 oz,https://media.ulta.com/i/ulta/2600087?w=100&h=100&fmt=auto,311 Reviews,"Benefits
Suitable for the use in teenagers with mild to moderate acne
Key Ingredients
Salicylic Acid 2%
Saccharide Isomerate
Research Results
Helps clear up acne blemishes and allows the skin to heal *
*Clinical efficacy study was performed on 29 subjects applying Salicylic Acid 2% Solution once daily in the evening for six weeks","Aqua (water),saccharide Isomerate, Cocamidopropyl Dimethylamine, Salicylic Acid,hydroxy Ethyl Cellulose, Polysorbate20, Citric Acid, Sodium Citrate, Sodium Hydroxide, Phenoxyethanol, Chlorphenesin.","Apply once daily in the evening. Apply a small dot to the target area or apply a small amount over the face for general use.
Do not use on sensitive, peeling or compromised skin. Avoid the eye contour and contact with eyes.
Patch testing prior to use is advised.
Precautions: Sunburn Alert: This product contains a beta hydroxy acid (BHA) that may increase your skin's sensitivity to the sun and particularly the possibility of sunburn. Use a sunscreen, wear protective clothing, and limit sun exposure while using this product and for a week afterwards."
pimprod2021860,Black Girl Sunscreen,Moisturizing Sunscreen Lotion SPF 30,Suncare,Sunscreen,$15.99,Vanilla,https://media.ulta.com/i/ulta/2635216?w=800&h=800&fmt=auto,528 Reviews,"Benefits
Water Resistant
Moisturizer for the Face and Body
TSA travel Friendly
Helps Prevent Sunburn
Features
Infused with Aromatic Vanilla Scent
Broad Spectrum SPF 30
Zero White Cast","Acrylates/Cl0-30 Alkyl Acrylate CrosSpolymer, Acrylates/Cl2-22 Alkyl Methacrylate Copolymer, Aloe Barbadensis Leaf Juice, Carbomer, Daucus Carota Sativa (Carrot) Seed Oil, Disoclum EDTA, Ethylhexylglycerin, Flavor, Helianthus Annuus (Sunflower) Seed lOil, Hydroxypropyl Methylcellulose, Lecithin, Persea Gratissima {Avocadc() Oil, Phenoxyethanol, Propylene Glycol, Simmondsia Chinensis {Jojobjl) Seed Oil, Sodium Hydroxide, Sorbitan Oleate, Theobroma Cacao (qocoa) Seed Butter, Tocopheryl Acetate,Water.","Apply liberally 15 minutes before sun exposure, reapply after 8O minutes of swimming or swimming or sweating, immediately after towel drying, at least every 2 hours.
Precautions: For external use only. Do not use on damaged or broken skin. When using this product keep out of eyes. Rinse with water to remove. Stop use and ask a doctor if rash occurs. Keep out of reach of children. If product is swallowed, get medical help or contact a Poison Control Center right away."
pimprod2043273,BYOMA,Barrier + Repair Treatment,Treatment & Serums,Face Serums,$18.99,1.69 oz,https://media.ulta.com/i/ulta/2620415?w=100&h=100&fmt=auto,150 Reviews,"Benefits
Intensely hydrating barrier repair treatment
Supercharges skin's regenerative process
Dermatologist tested & approved skincare
Alcohol & fragrance-free
Recyclable Bottles
Clinically proven to provide immediate increase in moisturization
Clinically proven to reduce skin sensitivity
Clinically proven to protect and maintain the skin barrier
National Eczema Association Approved
Features
Features Barrier Lipids, Avocado Oil, Ectoin, and Squalane to deliver instant relief and lasting hydration to irritated, dry skin
Multi-Purpose: Use as a treatment for a damaged skin barrier or as a daily moisturizer for dry skin
Key Ingredients
Tri-Ceramide Complex supports skin barrier health
Avocado Oil, Ectoin and Squalane intensely hydrate skin","Aqua, Glycerin, Butylene Glycol, Pentaerythrityl Tetraisostearate, Butylene Glycol Dicaprylate/Dicaprate, Diisostearyl Malate, Cetyl Ethylhexanoate, Methyl Trimethicone, Butyrospermum Parkii (Shea) Butter, Phenyl Trimethicone, Behenyl Alcohol, Cetearyl Olivate, Cetearyl Alcohol, Squalane, Persea Gratissima (Avocado) Oil, Sorbitan Olivate, C14-22 Alcohols, Ectoin, Dipropylene Glycol, Simethicone, Ethylhexylglycerin, Sphingolipids, Arachidyl Glucoside, 1,2-Hexanediol, Glucose, Ceramide NP, Polyacrylate-13, Hydroxyacetophenone, Palmitic Acid, Arachidyl Alcohol, C11-13 Isoalkane, Stearic Acid, C12-20 Alkyl Glucoside, Hydrogenated Polyisobutene, Isohexadecane, Caprylyl Glycol, Dimethiconol, Allantoin, Carbomer, Ammonium Acryloyldimethyltaurate/VP Copolymer, Tromethamine, Sodium Hyaluronate, Polyglyceryl-10 Laurate, Ethylhexyl Palmitate, Sorbitan Isostearate, Sodium Phytate, Cyanocobalamin, Dipotassium Glycyrrhizate, Tocopherol.","Apply a pea sized amount onto cleansed skin as needed. Smooth onto skin until fully absorbed.
Precautions: Eye irritation."
pimprod2004294,Fur,Fur Oil,Body Moisturizers,Body Serums & Oils,$55.00,2.5 oz,https://media.ulta.com/i/ulta/2545157?w=100&h=100&fmt=auto,"1,408 Reviews","Benefits
With daily use, your skin will be less ingrown and irritation prone, no matter how you choose to groom.
Fur Oil works as an all-over hair conditioner: use it on itchy or dry beards, head hair, and body hair for a noticeably softer texture.
Drop it onto your fingers and run through the ends of your hair to help prevent split ends.
Pour a few dropper fulls of Fur Oil into the bath for an all-over moisturizer.
Apply a few drops of Fur Oil to incision scars and it will help to reduce redness and inflammation.
Dermatologically and gynecologically tested.
Free of phthalates, parabens, silicones, and artificial colors or fragrance.
Gluten-free and vegan.
Key Ingredients
Grape Seed Oil and Jojoba Oil hydrate the skin and absorb quickly without a greasy residue.
Tea Tree Oil eliminates excess oil in the skin to prevent clogged pores and ingrowns.
Research Results
In a clinical trial:
100% agreed that the product minimizes ingrown hair.
100% agreed that the area is hydrated & protected.
95% agreed that pubic hair was silky, soft, & supple.","Vitis Vinifera (Grape) Seed Oil, Simmondsia Chinensis (Jojoba) Seed Oil, Citrus Medica Limonum (Lemon) Peel Oil, Mentha Piperita (Peppermint) Oil, Cymbopogon Schoenanthus (Lemongrass) Oil, Melaleuca Alternifolia (Tea Tree) Leaf Oil, Lavandula Angustifolia (Lavender) Oil, Salvia Sclarea (Clary Sage) Oil, Cinnamomum Camphora (Camphor) Bark Oil, D-Limonene.","For everywhere hair meets skin, including pubic area, underarms, chest, legs and face. Apply liberally on clean hair and skin. This oil is residue-free and the scent disappears in minutes. For best results use daily.
Precautions: Store in a cool place and keep out of direct sunlight. Avoid contact with eyes. For external use only. In rare instances of irritation, discontinue use."
pimprod2034789,BYOMA,Creamy Jelly Cleanser,Cleansers,Face Wash,$13.99,5.9 oz,https://media.ulta.com/i/ulta/2601331?w=100&h=100&fmt=auto,884 Reviews,"Benefits
Gentle and effective hydrating daily cleanser
Tri-Ceramide Complex to support skin barrier health
pH balanced = healthy results for all skin types
Licorice root + green tea rich in antioxidants
Clinically proven to instantly moisturize skin after one use
Clinically proven to protect and maintain skin barrier with regular use
Allure Best of Beauty 2022 Award Winner for Best Cream Facial Cleanser!
National Eczema Association Approved
Features
Dermatologist tested & approved skincare
Alcohol & fragrance-free
Recyclable bottles
Key Ingredients
Tri-Ceramide Complex: 3 key components of the stratum corneum- ceramides, cholesterol, and fatty acids – to rebuild the skin barrier and restore natural moisture levels
Licorice Root: Antioxidant-rich to improve tone + soothe skin
Green Tea: Skin-soothing + balancing, with anti-inflammatory properties","Aqua, Cocamidopropyl Betaine, Disodium Laureth Sulfosuccinate, Cocamide Methyl MEA, Sodium Lauryl Sulfoacetate, Sodium Chloride, Sodium Methyl Cocoyl Taurate, Propylene Glycol, Glycerin, Camellia Sinensis Leaf Extract, Ceramide NP, Cholesterol, Phytosphingosine, Stearic Acid, Glycyrrhiza Glabra Root Extract, Oleic Acid, Caprylic/Capric Triglyceride, Hydrogenated Lecithin, Butylene Glycol, Allantoin, Decyl Glucoside, Lactic Acid, Tocopheryl Acetate, Caprylyl Glycol, Sodium Benzoate, Potassium Sorbate, Caprylhydroxamic Acid, Phenoxyethanol.",Massage 1-2 pumps onto damp skin in slow circular motions and rinse off with warm water. Can be used alone or as the second step in a double cleanse routine.
pimprod2041883,Neutrogena,Hydro Boost Gel Cream Fragrance Free Moisturizer,Moisturizers,Face Moisturizer,$29.99,1.7 oz,https://media.ulta.com/i/ulta/2615397?w=100&h=100&fmt=auto,"6,773 Reviews","Benefits
For nourished, dewy skin Ideal for normal to dry skin types, and is clinically-proven to be gentle on sensitive skin
Lightweight water-like gel cream absorbs quickly and instantly nourishes and soothes skin
Fragrance free face gel cream formulated with hyaluronic acid, a dermatologist-recommended hydrator
Hydro Boost Gel Cream strengthens skin's barrier after just 1 use
Key Ingredients
Lightweight facial moisturizer contains hyaluronic acid, a dermatologist recommended hydrator
Formulated Without
Fragrance
Dyes
Parabens
Phthalates","Water, Glycerin, Dimethicone, Cetearyl Olivate, Sorbitan Olivate, Sodium Hyaluronate, Serine, Glycine, Alanine, Threonine, Arginine, Proline, Lysine HCl, Glutamic Acid, Sodium PCA, PCA, Sodium Lactate, Urea, Sodium Chloride, Citric Acid, Betaine, Allantoin, Fructose, Maltose, Trehalose, Glucose, Pentylene Glycol, Synthetic Beeswax, Polyacrylate Crosspolymer-6, Dimethicone Crosspolymer, Dimethiconol, Ethylhexylglycerin, Caprylyl Glycol, Sodium Hydroxide.","Apply evenly to face and neck daily after cleansing.
Precautions: For external use only. Keep out of reach of children."
pimprod2048679,STARFACE,Hydro-Star Salicylic Acid Patches + Big Blue Compact,Treatment & Serums,Acne & Blemish Treatments,$16.99,32 ct,https://media.ulta.com/i/ulta/2631423?w=100&h=100&fmt=auto,367 Reviews,"Benefits
Salicylic acid, a well-known beta hydroxy acid (BHA), helps visibly shrink and soothe spots by dissolving dead skin cells and unclogging pores.
Hydro-Star® + Salicylic Acid Patches are perfect for spots that need something more powerful. Because hydrocolloid and salicylic acid work together to dissolve dead skin cells and absorb fluid, deep spots might like these stars best.
These blue stars protect your spots from outside bacteria and serve as a gentle reminder to avoid skin picking.
Dermatologist tested, and safe for every skin type, including sensitive.
Features
Perfectly shaped to grip the contours of the face, Hydro-Stars are designed to really stick and keep you feeling cute while caring for your skin.
Their little arms are great for reaching spots in tight or awkward spaces, like the corner of your nose or side of your lip.
Take your stars everywhere you go with Big Blue: a reusable, mirrored compact that holds your patches for easy application and storage.
Key Ingredients
Salicylic acid is a powerful exfoliant that helps unclog pores by cutting through oil, gunk, and dead skin cells.
Hydrocolloid is clinically proven to improve the appearance of pimples overnight: It draws out fluid, which can help soothe redness and inflammation.","Cellulose Gum, Polyisobutene, Petroleum Resins, Styrene/Butadiene Copolymer, Paraffinum Liquidum, Polyurethane, Salicylic Acid, Pentaerythrityl Tetra-Di-T-Butyl Hydroxyhydrocinnamate.","Apply Hydro-Star + Salicylic Acid Patches to clean, dry skin. Leave on overnight (or 6+ hours) and limit use to 1-3x per week.
Precautions: Keep out of reach of children. For external use only. Do not use on damaged or broken skin. Stop using and ask a doctor if rash and/or irritation occur. If product is swallowed, get medical help or contact a poison control center right away. Protect the product in this pouch from excessive heat and direct sun."
pimprod2038272,Clinique,Moisture Surge Broad Spectrum SPF 28 Sheer Hydrator Moisturizer,Moisturizers,Face Moisturizer,$49.00,1.7 oz,https://media.ulta.com/i/ulta/2604860?w=100&h=100&fmt=auto,657 Reviews,"Benefits
All Skin Types
Concern: Dehydration, dry skin.
Clinique's daily moisturizer for face with SPF 28 delivers the hydration you love from Moisture Surge, plus sheer sun protection.
This cloud-like cream with Aloe Bioferment + Hyaluronic Acid Complex and provitamin D penetrates deep into skin's surface for all-day stabilizing hydration.
Leaves skin hydrated and glowing—not shiny.
It helps keep the sun’s glow from dulling yours. SPF 28 filters up to 96% of UV rays when used as directed.*
*UV rays associated with sunburn; based on SPF testing.
Protecting your skin against UV rays has many benefits. UV exposure can: Exacerbate existing dark spots and trigger new ones. Speed up visible aging. Interfere with skin's natural turnover for more noticeable pores. Lead to irritation, which can leave skin looking tired.
For all skin tones—even for deep skin tones. Looks opaque going on, blends in sheer. Without a white cast, residue, or stickiness.
Preps for Makeup: Lightweight moisturizer with SPF provides a smooth canvas for makeup application.
Free Of: Fragrance, Parabens, Phthalates, Oil, Drying alcohol, Oxybenzone.
Dermatologist tested. Allergy tested. 100% fragrance free.
Key Ingredients
Aloe Bioferment + Hyaluronic Acid Complex: combines two hydrating ingredients into one powerhouse complex to help attract moisture and retain it.
Aloe bioferment: Clinique scientists transformed the aloe vera plant through an exclusive fermentation process. One of the benefits of fermentation is that it breaks apart larger molecules into smaller ones, making them more easily absorbed into skin.
Made with lactobacillus, activated aloe water, and responsibly sourced and certified organic aloe extract powder, this nutrient-rich ingredient helps skin retain moisture.
Research Results
After one use:
100% instantly show a boost in hydration* and glow.**
When used as directed:
SPF 28 filters up to 96% of UV rays.***
*Clinical testing on 24 women.
**Clinical testing on 27 women.
***Filters UV rays associated with sunburn; based on SPF testing.","Active: Avobenzone 3.0%, Homosalate 7.0%, Octinoxate 7.0%, Octisalate 4.5%. Inactive: Water\Aqua\Eau, Butylene Glycol, Ethylhexyl Methoxycrylene, Butyloctyl Salicylate, Dextrin Palmitate, Polymethylsilsesquioxane, Glycerin, Lactobacillus Ferment Lysate, Aloe Barbadensis Leaf Polysaccharides, Sodium Hyaluronate, Caffeine, Sodium Polyaspartate, 7-Dehydrocholesterol, Caprylyl Glycol, Acrylates Copolymer, Sorbitol, Dimethicone, Polyglyceryl-2 Stearate, Sucrose, Saccharide Isomerate, Hydroxyethyl Urea, PPG-8-Ceteth-20, Sorbeth-30 Tetraisostearate, Glyceryl Stearate, Sorbitan Sesquiisostearate, Potassium Hydroxide, Carbomer, Dipropylene Glycol, Dehydroxanthan Gum, Stearyl Alcohol, Sodium Polyacryloyldimethyl Taurate, Hexylene Glycol, Acrylates/Beheneth-25 Methacrylate Copolymer, Acrylates/C10-30 Alkyl Acrylate Crosspolymer, Tocopheryl Acetate, Bht, Disodium Edta, Sodium Citrate, Citric Acid, Potassium Sorbate, Sodium Benzoate, Phenoxyethanol, Red 4 (CI 14700).","The formula looks opaque going on, so you can see where you apply it.
Start in the center, applying at the highest points, where the sun hits first.
Pat or massage outward, covering your entire face. Pat or massage in until fully sheer."
pimprod2048834,StriVectin,Peptight Face Lift Serum,Treatment & Serums,Face Serums,$89.00,1.0 oz,https://media.ulta.com/i/ulta/2631442?w=100&h=100&fmt=auto,221 Reviews,"Benefits
Tightens, lifts and contours the look of sagging skin
Brightens skin and reduces the look of dark spots
Key Ingredients
Botanical Tensors: Red Seaweed and Mamaku Black Fern act as structural scaffolding for skin
Tetrapeptides: Provide matrix support to firm skin and smooth fine lines
Chlorogenic Acid: Targets the breakdown of elastin for sculpted-looking contours
Research Results
Based on instrumentation testing:
Clinically proven results on menopausal skin saw improved skin elasticity after 1 week and improved skin firmness after 8 weeks.
Based on expert grading evaluation of 34 subjects:
Clinically proven results on menopausal skin saw improvement in the look of sagging after 4 weeks","Water/Aqua/Eau, Triheptanoin, Propanediol, Dicaprylyl Ether, Myristyl Nicotinate, Bis-Stearyl Dimethicone, Glyceryl Behenate, Behenyl Alcohol, Ethylene/Acrylic Acid Copolymer, Tetrapeptide-1, Ethylhexylglycerin, Biotin, Rosmarinus Officinalis (Rosemary) Leaf Extract, Ethyl Linolenate, Nannochloropsis Oculata Extract, Terminalia Ferdinandiana Fruit Extract, Althaea Officinalis Root Extract , Oryza Sativa (Rice) Bran Extract, Macrocystis Pyrifera (Kelp) Extract, Brassica Campestris Seed Oil, Lecithin, 1,2-Hexanediol, Glycerin, Pullulan, Sodium Acrylate/Sodium Acryloyldimethyl Taurate Copolymer, Xanthan Gum, Polyisobutene, Potassium Sorbate, PVP, Maltodextrin, Disodium EDTA, Sarcothalia Circumcincta, Hydrolyzed Vegetable Protein , Ethyl Oleate, Pentylene Glycol, Ethly Palmitate, Polyglyceryl-3 Diisostearate, Glycyrrhiza Glabra (Licorice) Root Extract, Citric Acid, Heliantus Annuus (Sunflower) Seed Extract, Cyathea Medullaris Leaf Extract, Adenosine, Ethyl Stearate, Alpinia Officinarum Root Extract, Limonene, Sorbitan Oleate, Caprylyl/Capryl Glucoside, Tocopherol, Hydrolyzed Hyaluronic Acid, Caprylyl Glycol, Helianthus Annuus (Sunflower) Seed Oil, Sodium Benzoate, Pueraria Lobata Root Extract, Eucommia Ulmoides Leaf Extract, Lepidium Sativum Sprout Extract, Acetyl Hexapeptide-1, Xylitol, Caprylic Acid, Ammonium Acryloyldimethyltaurate/VP Copolymer, Ethyl Linoleate, Phenoxyethanol, Caprylhydroxamic Acid, Fragrance (Parfum) [ILN 240520].","Apply to clean face before moisturizer morning and evening. Use a circular motion, gently massaging until completely absorbed."
pimprod2018393,Peach Slices,Snail Rescue All-In-One Oil Free Moisturizer,K-Beauty,,$16.99,2.8 oz,https://media.ulta.com/i/ulta/2567117?w=100&h=100&fmt=auto,703 Reviews,"Benefits
Weightless moisturizer quenches thirsty skin, minimizes shine and leaves skin with a balanced glow
Tackles dryness, dullness, blemishes, and uneven skin tone
Lightweight and does not clog pores
Peach Slices formulas are formulated for all skin types and deliver holistic and easy solutions for stubborn skin issues
Key Ingredients
95% Snail Mucin: hydrates, exfoliates, brightens, and calms
Hyaluronic Acid: draws moisture to skin for deep hydration
Cica: contains antibacterial and healing properties
Strawberry: antioxidant-rich extract leaves skin brighter and more balanced
Birch Juice: packed with skin-renewing vitamins to balance uneven skin tone","Snail Secretion Filtrate, Cetyl Ethylhexanoate, 1,2-Hexanediol, Betaine, Water, Centella Asiatica Extract, Hydrolyzed Hyaluronic Acid, Sodium Hyaluronate, Hyaluronic Acid, Betula Alba Juice, Fragaria Chiloensis (Strawberry) Fruit Extract, Sodium Carbomer, Propanediol, Sorbitan Olivate, Cetearyl Olivate, Butylene Glycol, Disodium EDTA, Phenoxyethanol.","Apply as last step of your routine before SPF.
Can be used AM and PM.
Precautions: External use only. Avoid contact with eyes. Keep out of reach of children. Store in a cool and dry place."
pimprod2050402,Murad,Superactive Mattifying Oil + Pore Control Moisturizer SPF 50,Moisturizers,Face Moisturizer,$45.00,1.7 oz,https://media.ulta.com/i/ulta/2635510?w=100&h=100&fmt=auto,163 Reviews,"Benefits
Supercharged 3-in-1 moisturizer smooths and softens skin while minimizing the appearance of pores
Controls shine and blurs imperfections for a smooth, polished look that lasts all day
High-level, ultra-sheer SPF 50 with no white cast
Layers well under makeup
Key Ingredients
Precision-delivery salicylic acid blend: gently smooths texture and minimizes the look of pores
Oil-trapping microspheres: mattify, smooth, and blur imperfections all day
Ultra-sheer SPF 50: helps prevent premature aging from UVA/UVB damage
Research Results
Helps keep skin matte and controls shine all day*
Smooths skin texture and minimizes the look of pores
100% agreed product does not leave a white cast*
Non-comedogenic
*2-week consumer perception study on 35 participants, Fitzpatrick II-IV","Active: Avobenzone 3.0%, Homosalate 7.0%, Octisalate 5.0%, Octocrylene 7.5%. Inactive: Water (Aqua), Tapioca Starch, Polysilicone-11, Propanediol, Butyloctyl Salicylate, Glycerin, Pentylene Glycol, Propanediol Dicaprylate, Amylopectin, Coconut Alkanes, Cetearyl Alcohol, PEG-100 Stearate, Glyceryl Stearate, Butyl Avocadate, Capryloyl Salicylic Acid, Coco-Glucoside, Urea, Yeast Amino Acids, Trehalose, Inositol, Taurine, Betaine, Persea Gratissima (Avocado) Oil, Xylitylglucoside, Anhydroxylitol, Bisabolol, Allantoin, Amylose, Xylitol, Zinc Gluconate, Aminomethyl Propanol, Hydrogenated Vegetable Oil, Tocopherol, Polyacrylate Crosspolymer-6, Coco-Caprylate/Caprate, Caprylic/Capric Triglyceride, Ethylhexylglycerin, Xanthan Gum, Laureth-12, Cellulose, Cellulose Gum, Tetrasodium Glutamate Diacetate, Citric Acid, Glucose, Leuconostoc/Radish Root Ferment Filtrate, Phenoxyethanol, Chlorphenesin, Sodium Benzoate, Potassium Sorbate, Citrus Aurantium Peel Oil, Limonene, Linalool, Dimethyl Phenethyl Acetate, Linalyl Acetate, Citral, Pinene, Fragrance (Parfum), Iron Oxides (CI 77492)/","To Use: AM. Apply liberally over face, neck, and chest.
For external use only. Avoid contact with eyes. Keep out of reach of children. If swallowed, get medical help or contact a Poison Control Center right away."
pimprod2046170,MAC,Glow Play Tendertalk Lip Balm,Lips,Lip Balms & Treatments,$26.00,Photogenic,https://media.ulta.com/i/ulta/2626246?w=100&h=100&fmt=auto,592 Reviews,"Benefits
Strengthens and protects moisture barrier of lips
24-hour moisture*
91% naturally derived ingredients**
Prevents dryness and locks in moisture
PH-activated, shade-shifting color
Comfortable formula
Free of parabens, phthalates, animal-derived ingredients
*Clinical testing on 27 women after using product once
**Using the ISO 16128 Standard from plant, non-petroleum mineral and/or water sources","Octyldodecanol, Helianthus Annuus (Sunflower) Seed Oil, Hydrogenated Castor Oil Dimer Dilinoleate, Ricinus Communis (Castor) Seed Oil, Polyglyceryl-2 Sostearate/Dimer Dilinoleate Copolymer, Bis-Behenyl/Isostearyl/Phytosteryl Dimer Dilinoleyl Dimer Dilinoleate, Euphorbia Cerifera (Candelilla) Wax\Candelilla Cera\Cire De Andelilla, Simmondsia Chinensis (Jojoba) Seed Oil, Polyethylene, Caprylic/Capric Riglyceride, Butyrospermum Parkii (Shea) Butter, Dimer Dilinoleyl Dimer Dilinoleate, Microcrystalline Wax\Cera Microcristallina\Cire Microcristalline, Sucrose Tetrastearate Triacetate, Caprylyl Glycol, Polyglyceryl-2 Diisostearate, Diglyceryl Sebacate/Isopalmitate, Polyglyceryl-2 Triisostearate, Diisostearyl Malate, Vanillin, Tocopherol, [+/- Titanium Dioxide (CI 77891), Iron Oxides (CI 77491), Iron Oxides (CI 77492), Iron Oxides (CI 77499), Red 6 (CI 15850), Red 21 (CI 45380), Red 27 (CI 45410), Blue 1 Lake (CI 42090), Red 7 Lake (CI 15850), Red 22 Lake (CI 45380), Red 28 Lake (CI 45410), Red 33 Lake (CI 17200), Yellow 5 Lake (CI 19140), Yellow 6 Lake (CI 15985)]","Apply directly to lips or cheeks. Use your fingertips to blend out the color across cheekbones, temples or the bridge of your nose."
pimprod2047420,Naked Sundays,CabanaClear Water Gel Serum Sunscreen SPF 50,Suncare,Sunscreen,$22.00,1.01 oz,https://media.ulta.com/i/ulta/2631841?w=100&h=100&fmt=auto,356 Reviews,"Benefits
An innovative completely clear hydrating water-based serum sunscreen with ZERO Silicone
Clean SPF made for all skin types and skin tones, especially sensitive skin
Unique water based serum formula consistency combines the lightness of a gel with the hydration of a cream, leaving a barely there feel, perfect for under makeup, no pilling.
Lightweight, quick-drying, hydrating, antioxidant-filled, powerful SPF50
Feels like nothing on the skin!
Features
Especially great for Sensitive skin types, fragrance free, this clear formula is made for all skin types and skin tones.
Powerful SPF 50 sunscreen hydrating water-based gel serum with ZERO Silicone
Lightweight, gentle, quick-drying, hydrating, antioxidant-filled, powerful SPF50. Serum blends into skin seamlessly with a satin finish with no pilling
Barely there sunscreen formula great for under makeup
Key Ingredients
Hyaluronic acid
Kakadu Plum
Vitamin E
Vitamin C","Active: Avobenzone 3%, Homosalate 6%, Octisalate 5%.
Inactive: Acrylates Copolymer, Acrylates/C10-30 Alkyl Acrylate Crosspolymer, Butyloctyl Salicylate, Citric Acid, Disodium EDTA, Ethylhexylglycerin, Euphorbia Cerifera (Candelilla) Wax, Glycerin, Hydroxyacetophenone, Phenoxyethanol, Polyacrylate Crosspolymer-6, Propylene Glycol, Sodium Hyaluronate, Sodium Hydroxide, Terminalia Ferdinandiana (Kakadu Plum) Fruit Extract, Tocopheryl Acetate, Water.","SPF should be your last step in the morning before your makeup. Apply 1/4 teaspoon for Face, 1/2 tsp for face & neck. Reapply your SPF every 90 minutes when outdoors. Wear protective clothing and avoid direct sunlight.
Precautions: For external use only. Do not use on damaged or broken skin. When using this product, keep out of eyes. Rinse with water to remove. Stop use and ask a doctor if rash occurs. Keep out of reach of children. If product is swallowed, get medical help or contact a poison control center right away."
pimprod2031673,Fur,Ingrown Eliminator Serum,Body Moisturizers,Body Serums & Oils,$37.00,1.1 oz,https://media.ulta.com/i/ulta/2593251?w=100&h=100&fmt=auto,325 Reviews,"Benefits
Derm & gyno-tested for safe use from head to toe.
Clears pores & eradicates bumps.
Helps brighten & even out skin tone.
Research Results
In a clinical trial: 100% agreed the product brightens skin.
100% agreed their skin felt toned after use.
96% agreed the product minimized the appearance of ingrown hairs.
Key Ingredients
WILLOW BARK EXTRACT: A natural form of salicylic acid, this astringent penetrates the pores and clears oil buildup to prevent inflammation.
LACTIC ACID: A powerful alpha hydroxy acid (AHA) that breaks the bonds between the skin cells to enhance the skin's natural moisturizing abilities and brighten uneven skin tone.
LAVENDER OIL: An essential oil rich in antioxidants with anti-inflammatory and antibacterial properties that soothe irritated skin and regulate sebum to promote healing and prevent scarring.
ALOE: An antimicrobial cold pressed juice that restores suppleness to the skin, and gently hydrates to prevent irritation.","Aqua, Hamamelis Virginiana (Witch Hazel) Extract, Salix Alba (Willow) Bark Extract, Aloe Barbadensis Leaf Juice, Lactic Acid, Phytic Acid, Polyglyceryl-6 Caprylate, Polyglyceryl-3 Cocoate, Polyglyceryl-4 Caprate, Polyglyceryl-6 Ricinoleate, Galactoarabinan, Glycerin, Phenoxyethanol, Ethylhexylglycerin, Saccharide Isomerate, Citric Acid, Sodium Citrate, Lavandula Angustifolia (Lavender) Oil, Salvia Sclarea (Clary) Oil, Hydroxyethylcellulose, Linalool, D-Limonene, Geraniol.","Use the serum on ingrown-prone areas to treat and prevent irritation. It's safe for head-to-toe use including pubic area, underarms, legs, brows, lip and chin. Post-hair removal or when ingrowns appear, apply liberally onto target areas. Spray the formula onto larger patches of skin, or apply on clean hands first and press onto skin for more targeted application.
For more ingrown-prone skin, apply daily or more as needed. Shake well before use.
Precautions: After waxing wait 24 hours before use. Avoid contact with eyes. External use only. In rare instances of irritation, discontinue use."
pimprod2043908,TULA,The Cult Classic Fragrance Free Purifying Face Cleanser,Cleansers,Face Wash,$34.00,6.7 oz,https://media.ulta.com/i/ulta/2618422?w=100&h=100&fmt=auto,54 Reviews,"Benefits
Removes dirt, impurities & makeup without stripping or over-drying
Gently exfoliates skin
Refreshes skin, leaving it purified & clarified
Helps maintain skin balance with probiotic extracts
Helps prep your skin for the next product & boost skin radiance
Key Ingredients
S6Pro Complex: proprietary blend of prebiotics & probiotic extracts to help improve skin smoothness & maintain skin balance
Turmeric, White Tea & Blueberry: help improve skin texture
Does not contain live cultures
Contains milk proteins
Research Results
After 1 week*
100% agreed skin does not feel stripped
After 4 weeks**
100% agreed skin looks healthier & smoother
96% agreed skin looks brighter & more radiant
Self assessment on 31 subjects after 1 use
** Self assessment on 31 subjects during 4 weeks
^Source: The NPD Group, Inc. / U.S. Prestige Beauty Total Department, Classification, Dollar Sales, 12 months ending March 2023","Aqua/Water/Eau, Cocamidopropyl Betaine, Disodium Laureth Sulfosuccinate, Lauryl Glucoside, Glycerin, Sodium Lauryl Sulfoacetate, Bifida Ferment Lysate, Hydrolyzed Rice Protein, Curcuma Longa (Turmeric) Root Extract, Camellia Sinensis (Green Tea) Leaf Extract, Vaccinium Angustifolium (Blueberry) Fruit Extract, Cichorium Intybus (Chicory) Root Extract, Camelina Sativa Seed Oil, Lactose, Lactis Proteinum/Milk Protein/Protéine du lait, Yogurt Powder, Olus Oil/Vegetable Oil/Huile végétale, Tocopheryl Acetate, Ascorbyl Palmitate, Panthenol, Carthamus Tinctorius (Safflower) Seed Oil, Polyquaternium-10, Butylene Glycol, Glycereth-7 Caprylate/Caprate, Inulin, Pentylene Glycol, Caprylyl Glycol, Bulnesia Sarmientoi Wood Oil, Citrus Limon (Lemon) Fruit Oil, Citrus Aurantium Dulcis (Orange) Oil, Juniperus Mexicana Oil, Cananga Odorata Flower Oil, Citric Acid, Sorbic Acid, Ethylhexylglycerin, Disteareth-75 IPDI, Fragrance (Parfum), Phenethyl Alcohol, Alpha-Isomethyl ionone, Butylphenyl Methylpropional, Linalool, Phenoxyethanol.","Apply onto wet skin & massage in circular motions. Rinse with water. Use 2x daily, AM & PM."
pimprod2048075,PEACH & LILY,Rice Dough Smoothing Facial Scrub,K-Beauty,,$45.00,2.82 oz,https://media.ulta.com/i/ulta/2631278?w=100&h=100&fmt=auto,93 Reviews,"Benefits
Gently exfoliates and visibly resurfaces while nourishing to reveal fresh, renewed, radiant skin
Unique, cloud-like, whipped dough texture easily buffs and smooths with an invigorating sensorial experience
Ferments and bamboo extract nourish and soften for touchably smooth skin
Brightens and improves the appearance of skin tone and texture
100% Worry Free: Peach & Lily formulas are alcohol-free, fragrance-free, & gluten-free and.
Key Ingredients
Proprietary Rice Complex and Konjac Fibers: natural exfoliants buff and smooth while brightening
Ferments and Bamboo extract: highly potent and easily absorb into the skin to nourish and soften
Asian Plum: helps boost exfoliation for maximum resurfacing benefits
Panthenol and Allantoin: visibly calm and soothe skin
Mulberry: improves the appearance of hyperpigmentation and uneven skin tone
Research Results
96% agree scrub effectively resurfaced and exfoliated skin*
100% saw smoother skin and more even texture*
100% felt softer and nourished skin*
100% saw glowing and more luminous skin*
*Brand study results","Water, Glycerin, Butylene Glycol, Glucomannan, Cellulose, 1,2-Hexanediol, Sodium Acrylates Crosspolymer-2, Oryza Sativa (Rice) Powder, Saccharomyces/Rice Ferment Filtrate Extract, Oryza Sativa (Rice) Bran Water, Oryza Sativa (Rice) Bran Extract, Bambusa Vulgaris Leaf Extract, Lactobacillus/Punica Granatum Fruit Ferment Extract, Panthenol, Betaine, Prunus Mume Fruit Extract, Allantoin, Ethylhexylglycerin, Potassium Cocoyl Glycinate, Caprylhydroxamic Acid, Salvia Sclarea (Clary) Oil, Ocimum Basilicum (Basil) Oil, Castanea Crenata (Chestnut) Pellicle Extract, Morus Alba Fruit Extract, Rosmarinus Officinalis (Rosemary) Leaf Oil, Citrus Limon (Lemon) Fruit Extract, Citrus Grandis (Grapefruit) Peel Oil, Citrus Aurantium Dulcis (Orange) Oil, Sodium Phytate, Lavandula Angustifolia (Lavender) Oil, Pelargonium Graveolens Flower Oil","Scoop an olive-sized dollop and massage onto dry skin. If needed, add water for a gentler scrub. Rinse off with water. Can be used once daily, or as needed."
pimprod2007111,The Ordinary,Niacinamide 10% + Zinc 1% Serum for Oily Skin,Treatment & Serums,Face Serums,$6.00,1.0 oz,https://media.ulta.com/i/ulta/2551167?w=100&h=100&fmt=auto,"5,892 Reviews","Benefits
Helps to reduce the signs of congestion and visible sebum activity
Aids in appearance of textural irregularities
Suited for Oily Skin
Key Ingredients
Niacinamide
Zinc PCA
Formulated Without
Fragrance
Alcohol
Gluten
Nuts
Oil
Silicone
Parabens
Sulfates
Mineral Oil
Methylchloroisothiazolinone
Methylisothiazolinone
Animal Oils
Coal Tar Dyes
Formaldehyde
Mercury
Oxybenzone","Aqua (water), Niacinamide, Pentylene Glycol, Zinc Pca, Dimethyl Isosorbide, Tamarindus Indica Seed Gum, Xanthan Gum, Isoceteth-20, Ethoxydiglycol, Phenoxyethanol, Chlorphenesin.","The Ordinary recommends performing a patch test prior to incorporating a new product into your skin care routine.
Apply to entire face morning and evening before heavier creams. Use after Squalane Cleanser and before Natural Moisturizing Factors + HA.
Contraindications: Do not use in the same routine as pure or ethylated vitamin C."
pimprod2042287,OLEHENRIKSEN,Strength Trainer Peptide Boost Moisturizer,Moisturizers,Face Moisturizer,$52.00,1.7 oz,https://media.ulta.com/i/ulta/2617224?w=100&h=100&fmt=auto,877 Reviews,"Key Ingredients
Eight Amino Acids: hydrate, supporting skin elasticity
Eight Peptides: condition and support strong skin
Three Ceramides: bind moisture, fortifying skin's moisture barrier
Research Results
Instantly doubles skin's hydration
Boosts skin barrier by 28% all day
Improves skin firmness by 38% in just 4 weeks","Aqua/Water/Eau, Propanediol, Dicaprylyl Carbonate, Glycerin, Methylpropanediol, Cetearyl Alcohol, Stearyl Alcohol, Mangifera Indica (Mango) Seed Butter, Niacinamide, Acetyl Hexapeptide-1, Acetyl Hexapeptide-8, Acetyl Octapeptide-3, Acetyl Tetrapeptide-2, Acetyl Dipeptide-1 Cetyl Ester, Palmitoyl Tripeptide-1, Palmitoyl Tetrapeptide-7, Carnosine, Ceramide Np, Ceramide Ap, Ceramide Eop, Serine, Alanine, Glycine, Glutamic Acid, Lysine Hcl, Threonine, Arginine, Proline, Hyaluronic Acid, Sodium Hyaluronate, Linoleic Acid, Linolenic Acid, Sodium Pca, Sodium Lactate, Panthenol, Tocopherol, Tocopheryl Acetate, Betaine, Pca, Cyanocobalamin, Xylitol, Anhydroxylitol, Xylitylglucoside, Sorbitan Olivate, Carbomer, Hydroxyethylcellulose, Xanthan Gum, Cetearyl Olivate, Sorbitan Laurate, Phytosphingosine, Cholesterol, Polysorbate 60, Butylene Glycol, Hydroxyacetophenone, Hydrolyzed Vegetable Protein, Acrylates/C10-30 Alkyl Acrylate Crosspolymer, Polysorbate 20, Ammonium Acryloyldimethyltaurate/Beheneth-25 Methacrylate Crosspolymer, Dimethicone, Sodium Phytate, Sodium Lauroyl Lactylate, Pentaerythrityl Tetra-Di-T-Butyl Hydroxyhydrocinnamate, Leuconostoc/Radish Root Ferment Filtrate, Citric Acid, Caprylyl Glycol, Ethylhexylglycerin, Phenoxyethanol, Parfum/Fragrance*, Citral, Limonene, Linalool.
*Naturally Derived Fragrance Per Iso Standard 16128-1","After serum, apply evenly to face and neck, AM and PM.
For external use only.
Use as directed."
pimprod2042713,OSEA,Dream Night Cream with Bio-Retinol,Moisturizers,Night Cream,$68.00,1.9 oz,https://media.ulta.com/i/ulta/2617636?w=100&h=100&fmt=auto,895 Reviews,"Benefits
Ultra-hydrating, plumping overnight cream
Clinically shown to reduce the effects of stress on skin
Visibly reduces fine lines and wrinkles
Softer, smoother, more hydrated skin by morning
Firmer skin in just 2 weeks*
Calming and relaxing lavender scent
Sustainably packaged: Jar is made of frosted glass.
Key Ingredients
Bio-Retinol: Extract derived from blue-green microalgae, visibly improves lines and wrinkles without irritation.
King of Bitters: A super-plant that improves signs of fatigue on tired skin, including wrinkles.
Pink Rock-Rose Extract: Improves skin dullness and dehydration for healthier, more youthful-looking skin
Organic Wild Lavender: Known for its calming effects, this extract increases hydration and improves visible signs of skin fatigue.
5 Vital Hydrators: Revive dry skin leaving it soft, smooth and deeply moisturized.
Research Results
Clinically shown to: Reduce the effects of stress on skin, visibly firm skin in 2 weeks, visibly reduce dark circles by up to 80% in 4 weeks*
100% agreed skin felt softer and smoother**
97% agreed skin looked hydrated and moisturized**
94% agreed skin looked brighter and regained its youthful bounce**
*Based on a third-party clinical study.
**Based on a third-party consumer study.","Water / Aqua / Eau, Butyrospermum Parkii (Shea) Butter, Glycerin, Coco-Caprylate/Caprate, Diheptyl Succinate, Propanediol, Capryloyl Glycerin/Sebacic Acid Copolymer, Cetearyl Olivate, Squalane, Cetyl Stearate, Hydrogenated Starch Hydrolysate, Macadamia Ternifolia Seed Oil, Sorbitan Olivate, Behenyl Alcohol, Carthamus Tinctorius (Safflower) Seed Oil, Myristyl Myristate, Aphanizomenon Flos-aquae Extract, Cocoyl Hydrolyzed Collagen, Avena Sativa (Oat) Kernel Flour, Andrographis Paniculata Leaf Extract, Cistus Incanus Flower/Leaf/Stem Extract, Lavandula Hybrida Extract, Triheptanoin, Oryza Sativa (Rice) Bran Extract, Rosmarinus Officinalis (Rosemary) Leaf Extract, Helianthus Annuus (Sunflower) Extract, Tocopherol, Musa Sapientum (Banana) Fruit Extract, Hedera Helix (Ivy) Extract, Ziziphus Jujuba Fruit Extract, Melia Azadirachta Flower Extract, Coccinia Indica Fruit Extract, Lavandula Angustifolia (Lavender) Oil, Sodium Hydroxide, Potassium Sorbate, Caprylhydroxamic Acid, Citric Acid, Trisodium Ethylenediamine Disuccinate, Xanthan Gum, 1,2-Hexanediol, Phenoxyethanol, Phenylpropanol, Fragrance / Parfum*, Linalool, Limonene, Citral, Geraniol.
*Natural Fragrance is a blend of aromatic compounds and/or essential oil(s) extracted from different parts of plants including flowers and fruits. These can be used to help get the sophisticated fragrances that make OSEA products smell wonderful.","At night, massage into face and neck until absorbed."
pimprod2002975,Kiehl's Since 1851,Creamy Eye Treatment with Avocado,Eye Treatments,Eye Cream,$38.00,0.51 oz,https://media.ulta.com/i/ulta/2536674?w=100&h=100&fmt=auto,"3,274 Reviews","Benefits
Kiehl's #1 hydrating eye cream delivers a pop of energy for tired, fatigued eyes
Provides all day hydration, which may help prevent early signs of aging
Immediately improves under eye texture
Unique water-in-oil formula that provides instant and long-term hydration
Uniquely concentrated formula does not migrate into eyes
Ophthalmologist- and dermatologist-tested for safety
For all skin types, including sensitive skin
Made with recyclable packaging
Key Ingredients
Avocado Oil: visibly de-puffs & nourishes the eye area with moisture
Beta-Carotene: brightens the eye area & defends against tired-looking eyes
Sodium & Copper PCA: fortifies & helps skin retain moisture for a visibly smoother eye area
Research Results
Reduces puffiness by 32%*
Improves smoothness by 25%**
Improves brightness by 11%***
BEFORE & AFTER 94% Agree Eye Area Looks Less Puffy* 90% Agree Eye Area Looks Smoother** 90% Agree Under-Eye Area Looks Brighter***
*Results based upon expert grading evaluated with product in a 4-week clinical test.
**Results based on a 4-week consumer perception study on 50 subjects.
***Results based on expert grading in a 4-week clinical study using average results for puffiness and brightness.","Aqua/Water, Butyrospermum Parkii Butter / Shea Butter, Butylene Glycol, Tridecyl Stearate, Peg-30 Dipolyhydroxystearate, Isodecyl Salicylate, Tridecyl Trimellitate, Persea Gratissima Oil / Avocado Oil, Isocetyl Stearoyl Stearate, Propylene Glycol, Dipentaerythrityl Hexacaprylate/Hexacaprate, Sorbitan Sesquioleate, Magnesium Sulfate, Hydrogenated Castor Oil, Sodium Pca, Phenoxyethanol, Chlorphenesin, Hydrogenated Jojoba Oil, P-Anisic Acid, Tocopheryl Acetate, Isopropyl Palmitate, Disodium Edta, Copper Pca, Helianthus Annuus Seed Oil / Sunflower Seed Oil, CI 40800/Beta-Carotene, Citric Acid.","Kiehl's brightening eye cream transforms into a burst of fresh hydration while leaving a protective layer that seals in all day moisture.
Step 1: Scoop a rice grain-size amount onto your ring finger.
Step 2: Rub it between your fingers to break up the formula.
Step 3: Gently tap the hydrating eye cream around your eye area until it's completely absorbed.
Tip: Use morning and night, after cleansing and toning to brighten & hydrate the under-eye area."
pimprod2034788,BYOMA,Brightening Serum for Dark Spots + Texture,Treatment & Serums,Face Serums,$16.99,1.0 oz,https://media.ulta.com/i/ulta/2601280?w=100&h=100&fmt=auto,368 Reviews,"Benefits
Powerful brightening facial serum to improve dull tone and texture
Delivers effective results without drying or stripping the skin
Tri-Ceramide Complex to support skin barrier health
Niacinamide + hyaluronic acid to brighten & hydrate
Clinically proven to: - reduce skin hyperpigmentation + the results from our testing panel demonstrated: -Skin tone appears more even by up to 114% -Skin tone appears more radiant by up to 118%
Features
Dermatologist tested & approved skincare
Alcohol & fragrance-free
Recyclable bottles
Key Ingredients
Tri-Ceramide Complex: 3 key components of the stratum corneum- ceramides, cholesterol, and fatty acids – to rebuild the skin barrier and restore natural moisture levels
Niacinamide: Brighten skin while improving tone + texture
Hyaluronic Acid: Effectively hydrates skin","Aqua, Methylpropanediol, Niacinamide, 1,2-Hexanediol, Glycerin, Polyglyceryl-10 Laurate, Sodium Hyaluronate, Ceramide NP, Cholesterol, Caprylic/Capric Triglyceride, Phytosphingosine, Sodium Phytate, Ascorbic Acid, Stearic Acid, Oleic Acid, Hydrogenated Lecithin, Ethylhexylglycerin, Xanthan Gum, Squalane, Tocopherol, Lactic Acid, Carbomer, Tromethamine, Caprylyl Glycol, Caprylhydroxamic Acid.","Apply 4-6 drops to cleansed skin, gently pressing until fully absorbed. Follow with hydrating serum + moisturizer."
pimprod2041040,Neutrogena,Hydro Boost Hyaluronic Acid Water Cream - Fragrance Free,Moisturizers,Face Moisturizer,$31.99,1.7 oz,https://media.ulta.com/i/ulta/2615560?w=100&h=100&fmt=auto,"1,852 Reviews","Benefits
Face cream replenishes vital water content within skin's surface for more resilient, glowing skin
Face moisturizer is ideal for providing weightless hydration to dry, sensitive, & acne-prone skin
Facial cream leaves skin feeling plump and glowing in 2 weeks & more resilient in 4 weeks
Key Ingredients
Lightweight face moisturizer contains hyaluronic acid, a dermatologist-recommended hydrator
Water cream with Natural Moisturizing Factors is clinically proven to provide hydration for 72 hours
Formulated Without
Fragrance
Dyes
Parabens
Phthalates","Water, Glycerin, Isopropyl Palmitate, Cetyl Alcohol, Cetearyl Olivate, Sorbitan Olivate, C10-30 Cholesterol/Lanosterol Esters, Ceramide NP, Stearic Acid, Palmitic Acid, Sodium Hyaluronate, Serine, Glycine, Alanine, Threonine, Arginine, Proline, Lysine HCl, Glutamic Acid, Sodium PCA, PCA, Sodium Lactate, Urea, Sodium Chloride, Citric Acid, Betaine, Allantoin, Fructose, Maltose, Trehalose, Glucose, Pentylene Glycol, Dimethicone, Polyacrylate Crosspolymer-6, Ethylhexylglycerin, Caprylyl Glycol, 1,2-Hexanediol, Tropolone, Sodium Hydroxide.","Apply evenly to face and neck daily after cleansing.
Precautions: For external use only. Keep out of reach of children."
pimprod2004947,Bali Body,Streak Free Self Tanning Mousse,Suncare,Self-Tanning & Bronzing,$33.00,Ultra Dark,https://media.ulta.com/i/ulta/2558655?w=100&h=100&fmt=auto,"7,668 Reviews","Benefits
Delivers a natural looking result
Lightweight, streak free formula
Color guide technology to tailor the perfect tan to your skin tone
Long lasting results
Light floral scent
Skin is left looking bronzed, flawless, hydrated & glowing
Soothing & suitable for all babes
Made in Australia
Key Ingredients
Soothing chamomile extract
Antioxidant rich coffee seed extract
Rejuvenating pomegranate extract
100% natural DHA
Formulated Without
Parabens
PEGs","Water (Aqua), Dihydroxyacetone, Propanediol, Glycerin, PEG-40 Hydrogenated Castor Oil, Chamomilla Recutita (Matricaria) Flower Extract, Punica Granatum Fruit Extract, Coffea Arabica (Coffee) Seed Extract, Cocos Nucifera (Coconut) Oil, Caprylyl/Capryl Glucoside, Cocamidopropyl Betaine, Cetyl Hydroxyethylcellulose, Silica Dimethyl Silylate, Sodium Metabisulfite, Sodium Lauroamphoacetate, Hydrated Silica, Fragrance (Parfum), Xanthan Gum, Citric Acid, Sodium Citrate, Sodium Phosphate, Disodium Phosphate, Ethylhexylglycerin, Potassium Sorbate, Benzyl Alcohol, Phenoxyethanol, Alcohol, Red 40 (CI 16035), Blue 1 (CI 42090), Yellow 5 (CI 19140), Limonene, Linalool, Hexyl Cinnamal, Citronellol, Geraniol, Alpha-Isomethyl Ionone.","Step 1: For an even streak free tan, exfoliate prior to application, moisturize any dry areas including elbows, knees, ankles and feet.
Step 2: Shake well. For best results, apply using a tanning mitt in long sweeping motions, starting at the ankles and working your way up. Then move towards your back, and apply in the same motion. Ensure all areas are covered before lightly gliding any excess tan from the mitt over your hands and feet.
Step 3: Wait until touch dry before getting dressed.
Step 4: Skin can be washed after 1 hour with warm water, pat dry. For a longer lasting, darker tan, allow 4-8 hours before showering to reveal your developed tan. For the deepest tan, reapply BB Self Tanning Mousse 30 minutes after initial application.
Precautions: Patch test before use. Do not use on damaged or broken skin. Discontinue use if irritation occurs. For external use only. Wash palms after use. May stain clothing. Avoid contact with eyes. This product does not contain sunscreen and does not protect against sunburn. Repeated exposure of unprotected skin while tanning may increase the risk of skin ageing, skin cancer and other harmful effects to the skin even if you do not burn. Store in a cool, dark place."
pimprod2032155,Perricone MD,Cold Plasma Plus+ Power Quad,By Category,Skin Gifts,$165.00,,https://media.ulta.com/i/ulta/2595061?w=100&h=100&fmt=auto,491 Reviews,"Includes
Cold Plasma Plus+ Advanced Serum Concentrate (1.0 oz)
Cold Plasma Plus+ The Intensive Hydrating Complex (1.0 oz)
Cold Plasma Plus+ Sub D Neck (1.0 oz)
Cold Plasma Plus+ Advanced Eye Cream (0.25 oz)","Cold Plasma Plus+ Advanced Serum Concentrate- Water/Aqua/Eau, Isopropyl Palmitate,
Glycerin, Cetearyl Alcohol, Glyceryl Stearate, PEG-100 Stearate, Butylene
Glycol, Phosphatidylcholine, Tetrahexyldecyl Ascorbate, Dimethyl MEA, Acetyl
Hexapeptide-8, Palmitoyl Tripeptide-1, Palmitoyl Tetrapeptide-7, Tyrosine,
Echium Plantagineum Seed Oil, Glycolic Acid, Hydrolyzed Myrtus Communis Leaf
Extract, Copper Tripeptide-1, Helianthus Annuus (Sunflower) Seed Oil,
Magnesium Aspartate, Zinc Gluconate, Copper Gluconate, Ethylhexylglycerin,
Rosmarinus Officinalis (Rosemary) Leaf Extract, Sodium Hyaluronate, Retinyl
Palmitate, Disodium EDTA, Carbomer, Ceteareth-20, Hydrogenated Vegetable
Glycerides, Dimethicone, Caprylyl Glycol, Polysorbate 20, Phenoxyethanol,
Sorbic Acid, Potassium Sorbate.
Cold Plasma Plus+ Sub D Neck-
Water/Aqua/Eau, Hydrogenated Polyisobutene, Isononyl Isononanoate, Glycerin,
Propanediol, Acetyl Carnitine HCL, Dimethyl MEA, Cetearyl Alcohol,
Niacinamide, Jojoba Esters, Hydrogenated Vegetable Glycerides, Dimethicone,
Glycolic Acid, PEG-100 Stearate, Glyceryl Stearate, Phosphatidylcholine,
Tetrahexyldecyl Ascorbate, Palmitoyl Tripeptide-5, Xanthan Gum, Echium
Plantagineum Seed Oil, Acetyl Tyrosine, Squalane, Phytic Acid,
Ethylhexylglycerin, Helianthus Annuus (Sunflower) Seed Oil, Tocopherol,
Lecithin, Zinc Gluconate, Magnesium Aspartate, Glycine Soja (Soybean) Oil,
Caffeine, Tetradecyl Aminobutyroylvalylaminobutyric Urea Trifluoroacetate,
Sodium Hyaluronate, Palmitoyl Carnitine, Copper Gluconate, Rosmarinus
Officinalis (Rosemary) Leaf Extract, Carrageenan, Disodium EDTA, Hydroxyethyl
Acrylate/Sodium Acryloyldimethyl Taurate Copolymer, Cetearyl Glucoside,
Sclerotium Gum, Caprylyl Glycol, Polysorbate 60, Phenoxyethanol, Potassium
Sorbate, Fragrance/Parfum, Silica, Titanium Dioxide (CI 77891), Iron Oxides
(CI 77491), Sodium Benzoate, Sodium Metabisulfite, Benzyl Benzoate, Limonen.
Cold Plasma Plus+ The Intensive
Hydrating Complex- Water/Aqua/Eau, C12-15 Alkyl Benzoate, Caprylic/Capric
Triglyceride, Dicaprylyl Carbonate, Propanediol, Shea Butter Ethyl Esters,
Glycerin, Cetearyl Alcohol, Behenyl Alcohol, Bentonite, Glyceryl Stearate,
Hydrogenated Vegetable Glycerides, PEG-100 Stearate, Dimethicone, Isoamyl
Laurate, Hydrogenated Vegetable Oil, Hydrogenated Soybean Oil, Butylene
Glycol, Sodium Hyaluronate, Copper Tripeptide-1, Phosphatidylcholine, Acetyl
Hexapeptide-8, Acetyl Tetrapeptide-11, Acetyl Tetrapeptide-9, Palmitoyl
Tripeptide-1, Palmitoyl Tetrapeptide-7, Dimethyl MEA, Tetrahexyldecyl
Ascorbate, Tyrosine, Hydro- lyzed Myrtus Communis Leaf Extract, Rosmarinus
Officinalis (Rosemary) Leaf Extract, Polysorbate-20, Dimethyl Isosorbide,
Polysilicone-11, Phenoxyethanol, Petrolatum, Hydrogenated Olive Oil, Caprylyl
Glycol, Coco-Glucoside, Hydrogenated Jojoba Oil, Echium Plantagineum Seed
Oil, Citric Acid, Glycolic Acid, Helianthus Annuus (Sunflower) Seed Oil,
Glycine Soja (Soybean) Lipids, Carbomer, Disodium EDTA, Phytosterols,
Ethylhexylglycerin.
Cold Plasma Plus+ Advanced Eye
Cream- Water/Aqua/Eau, Isopropyl Palmitate, Cetearyl Alcohol, Glyceryl
Stearate, Jojoba Esters, PEG-100 Stearate, Ceteareth-20, Benzyl Alcohol,
Hydrogenated Olive Oil, Olea Europaea (Olive) Fruit Oil, Tetrahexyldecyl
Ascorbate, Phosphatidylcholine, Acetyl Tetrapeptide-5, Palmitoyl
Tripeptide-1, Palmitoyl Tetrapeptide-7, Echium Plantagineum Seed Oil,
Helianthus Annuus (Sunflower) Seed Oil, Copper Tripeptide-1, Magnesium
Aspartate, Zinc Gluconate, Sodium Hyaluronate, Rosmarinus Officinalis
(Rosemary) Leaf Extract, Copper Gluconate, N-Hydroxysuccinimide, Chrysin,
Disodium EDTA, Dimethicone, Glycerin, Butylene Glycol, Steareth-20,
Dimethicone Crosspolymer, Silica, Titanium Dioxide (CI 77891), Iron Oxides
(CI 77491).","ColdPlasma Plus+ Advanced Serum Concentrate- After cleansing, massage onto face
and neck using a gentle upward motion. Wait until fully absorbed and follow
with your favorite Perricone MD moisturizer. Use mornings and evenings.
Cold Plasma Plus+ Sub D Neck-
Apply generously to cleansed neck and jawline area. Begin by massaging along
the bottom of the neck area in gentle, circular motions, moving up the front
and back of the neck, under the chin and around the jawline. Use morning and
evening.
Cold Plasma Plus+ The Intensive Hydrating Complex- Warm for a few seconds between fingertips. Massage onto
cleansed face and neck using a gentle upward motion until fully absorbed. For
best results, apply after your favorite Perricone MD serum or serum concentrate.
Use morning and evening.
Cold Plasma Plus+ Advanced Eye Cream- Gently pat onto eye area using your ring finger. Use mornings and
evenings. Keep out of eyes."
pimprod2023931,Good Molecules,Hydrating Facial Cleansing Gel,Cleansers,Face Wash,$12.00,6.7 oz,https://media.ulta.com/i/ulta/2582311?w=100&h=100&fmt=auto,343 Reviews,,"Water, Propanediol, Glycerin, Sodium Cocoamphoacetate, Coco-betaine, Disodium Cocoyl Glutamate, Dehydroxanthan Gum, Rosa Damascena Flower Water, Citric Acid, Sodium Cocoyl Glutamate, Caprylyl Glyceryl Ether, Caprylhydroxamic Acid, Ananas Sativus (Pineapple) Fruit Extract.","Dispense one pump into palms and massage into dampened skin. Continue massaging until a light lather forms. Rinse thoroughly with warm water. Avoid the eye area. To double cleanse, use as your second step after a cleansing balm or oil."
pimprod2027916,Good Molecules,Gentle Retinol Cream,Moisturizers,Face Moisturizer,$8.00,1.0 oz,https://media.ulta.com/i/ulta/2589110?w=100&h=100&fmt=auto,411 Reviews,"Features
Nourishing, soothing ingredients help to hydrate and minimize dryness and irritation.
Key Ingredients
Formulated with 0.1% retinol, an effective concentration for softening the look of fine lines and wrinkles
Antioxidant-rich bakuchiol boosts the effects of retinol without irritation
Grapeseed oil, allantoin, and acmella oleracea extract help nourish and soothe skin","Water, C13-16 Isoparaffin, Glycerin, Diheptyl Succinate, Heptyl Undecylenate, 1,2-hexanediol, Ammonium Acryloyldimethyltaurate/vp Copolymer, Polyglyceryl-10 Oleate, Propanediol, Vitis Vinifera, (Grape) Seed Oil, Caprylic/capric Triglyceride, Bakuchiol, Tocopherol, Acmella Oleracea Extract, Butylene Glycol, Retinol, Allantoin, Helianthus Annuus (Sunflower) Seed Oil, Capryloyl Glycerin/sebacic Acid Copolymer, Ethylhexylglycerin, Salix Alba (Willow) Bark Extract, Camellia Sinensis Leaf Extract, Lilium Candidum Bulb Extract.","For sensitive skin or dry skin types: Use up to 3x weekly at night. For normal skin types: Use up to 4x weekly at night. Apply a pea-sized amount to cleansed skin after serums. Wear SPF during the day when using this product. Avoid contact with eyes. If irritation or redness occurs, discontinue use."
pimprod2003120,Dermalogica,Intensive Moisture Balance Moisturizer,Moisturizers,Face Moisturizer,$82.00,3.4 oz,https://media.ulta.com/i/ulta/2535727?w=100&h=100&fmt=auto,"1,456 Reviews","Benefits
Intensely moisturizes dry, depleted skin
This formula locks in hydration, enhances moisture content, improves firmness, and reduces the appearance of fine lines
Restores balance to dry skin to give a clean, healthy appearance
Suggested for those concerned with fines line and wrinkles, dryness, dullness and uneven skin texture
Key Ingredients
Hyaluronic Acid: hydrates the skin
BioReplenish Complex: enhances skin's natural resilience and barrier
Lactic Acid: hydrates and exfoliates the skin
Prebiotic Chlorella Algae Complex: helps rebalance the skin's natural microbiome for healthy-looking skin
Aloe Vera: soothes the skin
Research Results
Clinically proven to deliver nourishment in the skin 10 layers deep","Water, Ethylhexyl Hydroxystearate, Butylene Glycol, Cetearyl Ethylhexanoate, Cetyl Caprylate, Stearic Acid, PEG-8, Octyldodecanol, Dimethicone, Glyceryl Stearate SE, PEG-100 Stearate, Sodium Hyaluronate, Hydrolyzed Sodium Hyaluronate, Sodium Ascorbyl Phosphate, Chlorella Vulgaris Extract, Ceramide NP, Phytosterols, Centella Asiatica Extract, Linoleic Acid, Echinacea Purpurea Extract, Aloe Barbadensis Extract, Palmitic Acid, Myristic Acid, Rosa Centifolia Flotheyr Extract, Lactic Acid, Linolenic Acid, Propanediol, Tocopherol, Potassium Cetyl Phosphate, Helianthus Annuus (Sunflotheyr) Seed Oil, TetrasodiumGlutamate Diacetate, Ethylhexylglycerin, Cetyl Alcohol, Carbomer, Hydroxystearic Acid, Aminomethyl Propanol, Sodium Hydroxide, Phenoxyethanol.","After cleansing and toning, apply over face and neck in light, upward strokes. Use twice daily, morning and night."
pimprod2042679,Kiehl's Since 1851,Better Screen UV Serum Sunscreen SPF 50+,Suncare,Sunscreen,$45.00,1.7 oz,https://media.ulta.com/i/ulta/2617292?w=100&h=100&fmt=auto,"2,295 Reviews","Benefits
Specifically formulated to protect against sun damage and help visibly correct early signs of aging
Helps boost skin's radiance
Invisible finish across multiple skin tones
Suitable for all skin types, including oily and acne-prone skin
Made with a glass bottle with post-consumer recycled material
Key Ingredients
SPF 50+ UVA/UVB: provides advanced UV filters to protect skin against UV damage
Collagen Peptide: works to visibly correct signs of UV damage such as tone and texture
Research Results
94% agree skin felt smoother*
89% agree skin looks more radiant*
87% agree skin tone looks more even*
*Results based on a consumer perception study after 4 weeks of use","Active: Avobenzone 3% Homosalate 7% Octisalate 5% Octocrylene 7%. Inactive: Water, Glycerin, C15-19 Alkane, Propanediol, C12-22 Alkyl Acrylate/Hydroxyethylacrylate Copolymer, Tocopherol, Sodium Stearoyl Glutamate, Butylene Glycol, Cetearyl Alcohol, Sclerotium Gum, Hydroxyacetophenone, Caprylyl Glycol, Sodium Starch Octenylsuccinate, Glyceryl Stearate, Jojoba Esters, Helianthus Annuus (Sunflower) Seed Wax, Hydroxypropyl Starch Phosphate, Trisodium Ethylenediamine Disuccinate, Carbomer, Sodium Lactate, Sodium Hydroxide, Polysorbate 20, Polyglycerin-3, Palmitoyl Tripeptide-1, Palmitoyl Tetrapeptide-7.",Apply generously as the last step in your skincare routine. Wait 15 mins before UV exposure. Re-apply every 2 hours.
pimprod2049550,e.l.f. Cosmetics,Holy Hydration! Thirst Burst Drops Dewy + Brightening,Treatment & Serums,Face Serums,$12.00,1.0 oz,https://media.ulta.com/i/ulta/2631986?w=800&h=800&fmt=auto,"2,323 Reviews","Benefits
Gel serum drops reveal a juicy, radiant complexion both instantly and over time
Gives skin a dewy, plump look with a non-greasy feel
Infused with 1% hydrating hibiscus complex & hyaluronic acid, plus brightening 5% niacinamide
Multi-use & customizable: can be worn on its own as a serum, mixed into your foundation or under makeup as a primer
e.l.f. is proud to partner with Fair Trade USA & manufacture products in Fair Trade Certified facilities; look for the Fair Trade Certified seal on your e.l.f. product
Key Ingredients
1% hydrating hibiscus complex
5% niacinamide
Hyaluronic acid
Formulated Without
Sulfates
Phthalates
Parabens
Nonylphenol ethoxylates
Triclosan
Triclocarban
Hydroquinone","Water (Aqua), Dipropylene Glycol, Butylene Glycol, Niacinamide, Cetyl Ethylhexanoate, Glycerin, Glycereth-26, Hydroxyacetophenone, 1,2-Hexanediol, Tocopherol, Tromethamine, Carbomer, Synthetic Fluorphlogopite, Hydrolyzed Sodium Hyaluronate, Ammonium Acryloyldimethyltaurate/VP Copolymer, Helianthus Annuus (Sunflower) Seed Oil, Acrylates/C10-30 Alkyl Acrylate Crosspolymer, Erythritol, Disodium EDTA, Hibiscus Sabdariffa Fruit Extract, Tin Oxide. May Contain: Titanium Dioxide (Cl 77891), Red 40 (CI 16035).
Ingredients may change or vary from time to time. Please refer to the packaging of the product you receive for the list of ingredients in your particular product.","Use on its own and apply 1-2 pumps of serum to skin after cleansing and toning.
Prime your skin with serum for a hydrating base for your makeup look.
Mix with your favorite foundation for a quick boost of hydration with your makeup routine (more drops = more glow!)."
pimprod2004959,COSRX,Hyaluronic Acid Intensive Cream,K-Beauty,,$25.00,3.53 oz,https://media.ulta.com/i/ulta/2542834?w=100&h=100&fmt=auto,201 Reviews,"Benefits
Quickly absorbs, providing long-lasting hydration
Reduces the appearance of fine lines and wrinkles
Plumps and softens the skin
Deeply replenishes dehydrated skin
Lightweight, non-irritating formula
For all skin types, especially dry, dehydrated, or sensitive skin
Dermatologist tested
Hypoallergenic
pH: 6-7
Key Ingredients
Hyaluronic Acid: Deeply moisturizes depleted skin
Formulated Without
Parabens
Sulfates
Phthalates
Alcohol","Hippophae Rhamnoides Water, Glycerin, Butylene Glycol, Caprylic/capric Triglyceride, Betaine, Helianthus Annuus (sunflower) Seed Oil, Cetearyl Alcohol, Cetearyl Olivate, Sorbitan Olivate, Macadamia Ternifolia Seed Oil, 1,2-hexanediol, Sodium Hyaluronate, Arginine, Panthenol, Dimethicone, Ethylhexylglycerin, Carbomer, Allantoin, Xanthan Gum.",Apply a proper amount of cream onto the face and use your fingers to gently pat into the skin for better absorption.
pimprod2013655,Clinique,Moisture Surge Sheertint Hydrator Broad Spectrum SPF 25 Tinted Moisturizer,Moisturizers,Tinted Moisturizer,$46.00,Light Medium,https://media.ulta.com/i/ulta/2562149?w=100&h=100&fmt=auto,489 Reviews,"Benefits
All Skin Types.
Coverage: Sheer.
Finish: Natural.
Sheer tint moisturizer perfects and covers.
Powerful hydrating ingredients, including hyaluronic acid and activated aloe water, keep skin plumped and dewy for 12 hours.
Sweat- and humidity-resistant formula leaves skin with a fresh, natural finish all day.
Dermatologist and ophthalmologist tested.
Non-acnegenic.
Allergy tested.
Formulated Without
Parabens
Phthalates
Oil
Fragrance","Water\Aqua\Eau, Ethylhexyl Methoxycinnamate, C12-15 Alkyl Benzoate, Ethylhexyl Salicylate, Titanium Dioxide, Zinc Oxide, Caprylyl Methicone, Neopentyl Glycol Diheptanoate, Butylene Glycol, Pentylene Glycol, Glycerin, Polyglyceryl-10 Pentastearate, Hydrogenated Lecithin, Behenyl Alcohol, PEG-100 Stearate, Sucrose, Laminaria Saccharina Extract, Cucumis Sativus (Cucumber) Fruit Extract, Aloe Barbadensis Leaf Water, Hordeum Vulgare (Barley) Extract\Extrait D'Orge, Caffeine, Tocopheryl Acetate, Isohexadecane, Lecithin, Sodium Stearoyl Lactylate, Propylene Glycol Dicaprate, Sodium Hyaluronate, Helianthus Annuus (Sunflower) Seedcake, Trehalose, Isostearic Acid, Polyhydroxystearic Acid, Polysorbate 80, Dimethicone, Xanthan Gum, Polyethylene, Acrylamide/Sodium Acryloyldimethyltaurate Copolymer, Silica, Disodium EDTA, Tetrasodium EDTA, BHT, Phenoxyethanol, Iron Oxides (CI 77491), Iron Oxides (CI 77492), Iron Oxides (CI 77499), Titanium Dioxide (CI 77891).
Please be aware that ingredient lists may change or vary from time to time. Please refer to the ingredient list on the product package you receive for the most up to date list of ingredients.","In AM, apply tinted moisturizer directly to clean skin or over your favorite Clinique moisturizer. A little goes a long way. Squeeze small amount of moisturizer and warm between fingers."
pimprod2028069,Drunk Elephant,Virgin Marula Luxury Facial Oil,Moisturizers,Face Oils,$39.00,0.5 oz,https://media.ulta.com/i/ulta/2588444?w=100&h=100&fmt=auto,"2,081 Reviews","Benefits
Pure, unrefined oil straight from the pip of the marula fruit
Highly absorbable oil, sinks in quickly
Moisturizes and nourishes for a healthy-looking glow
Visibly diminishes fine lines and wrinkles
Powerful antioxidant defense against pollution and damaging environmental free radicals
Suitable for all skin, including the most sensitive
Recyclable packaging
Formulated without the Suspicious 6 - the six ingredients Drunk Elephant believes are at the root of almost every skin issue (Essential oils, Silicones, Chemical sunscreens, SLS, Fragrances + dyes, and Drying alcohols)
Key Ingredients
Sclerocarya Birrea (Marula) Seed Oil: This super-absorbable oil - rich in critical antioxidants such as tocopherol (vitamin E), tocotrienols, phenolic compounds, flavonoids & omegas 6 and 9 fatty acids - moisturizes, nourishes & visibly rejuvenates skin for a youthful-looking glow
Research Results
In a consumer-perception study with 101 people after 28 days:
93% agreed skin felt hydrated
91% agreed skin felt softer
90% agreed skin looked renewed",100% Unrefined Sclerocraya Birrea (Marula) Kernel Oil.,"Apply two to three drops evenly onto face, neck, chest, hands, back of arms, or any place needing increased moisture.
Tip: Use with Drunk Elephant cleansers, serums, and sun protection as part of your complete Drunk Elephant skincare routine.
Smoothie Tip: ""Here Comes the Sun Smoothie"" - 1-2 drops Virgin Marula Oil + 1 pump B-Hydra + 1 pump D-Bronzi, for a healthy, bronzy glow.
How to Recycle:
Unscrew and remove the dropper and cap, recycle both pieces."
pimprod2029934,Supergoop!,PLAY Everyday Lotion SPF 50 with Sunflower Extract PA++++,Suncare,Sunscreen,$24.00,2.4 oz,https://media.ulta.com/i/ulta/2589381?w=100&h=100&fmt=auto,"1,975 Reviews","Benefits
Broad spectrum sunscreen that protects against UVA, UVB and IRA rays
Their original broad spectrum sunscreen lotion for face and body
Formulated with natural extracts of citrus and basil to give a light, non-sunscreen, and non-synthetic smell
For all skin types
Fast-absorbing and non-greasy
Water- and sweat-resistant for 80 minutes
Ideal for a day of play
Key Ingredients
Contains a natural antioxidant blend of Rice Bran Extract, Rosemary Extract, Sunflower Extract and Tocopherol (vitamin E derivative)
Rice Bran Extract: Helps condition and soften the skin
Rosemary Extract: Has a calming effect on the skin
Sunflower Extract: Helps protect your skin from the visual effects of external environmental elements
Tocopherol: Helps nourish and soften the skin
Natural aromatic extracts of basil, eucalyptus, orange, lemon, patchouli and wild geranium give the formula a fresh scent
Active Ingredients: Avobenzone 3%, Homosalate 10%, Octisalate 5%, Octocrylene 7.5%
Formulated Without
At Supergoop!, they thoughtfully choose ingredients based on global regulations and the latest scientific research. Their ""No List"" includes 1600+ ingredients that they never add in their products, including oxybenzone, octinoxate, parabens, phthalates, sulfates and synthetic fragrances.","Active: Avobenzone 3%, Homosalate 10%, Octisalate 5%, Octocrylene 7.5%.
Inactive: Water, Acrylates Copolymer, Diisopropyl Sebacate, Glycerin, Isodecyl Neopentanoate, Isododecane, Lauryl Lactate, Cetyl Alcohol, Potassium Cetyl Phosphate, Brassica Campestris/Aleurites Fordi Oil Copolymer, Oryza Sativa (Rice) Bran Extract, Cetearyl Olivate, Ammonium Acryloyldimethyltaurate/VP Copolymer, Hydroxyacetophenone, Sorbitan Olivate, Diethylhexyl Syringylidenemalonate, Aniba Rosaeodora (Rosewood) Wood Oil, Chlorphenesin, Citrus Aurantium Dulcis (Orange) Peel Oil, Citrus Limon (Lemon) Peel Oil, Ethylhexylglycerin, Eucalyptus Globulus Leaf Oil, Ocimum Basilicum (Basil) Flower/Leaf Extract, Pelargonium Graveolens Flower Oil, Pogostemon Cablin Oil, Pentylene Glycol, 1,2-Hexanediol, Caprylyl Glycol, Xanthan Gum, Helianthus Annuus (Sunflower) Extract, Behenic Acid, Cetyl Behenate, Isostearyl Isostearate, Trisodium Ethylenediamine Disuccinate, Tocopherol, Allantoin, Rosmarinus Officinalis (Rosemary) Leaf Extract, Caprylic/Capric Triglyceride, Dexpanthenol, Pentasodium Triphosphate, Citric Acid.","Apply generously and evenly 15 minutes before sun exposure. Reapply at least every 2 hours, after 80 minutes of swimming or sweating or immediately after towel drying.
Precautions: For external use only. Do not use on damaged or broken skin. Stop use and ask a doctor if rash occurs. When using this product keep out of eyes. Rinse with water to remove. Keep out of reach of children. If swallowed, get medical help or contact a Poison Control Center right away."
pimprod2023924,Good Molecules,Daily Brightening Serum,Treatment & Serums,Face Serums,$8.00,1.0 oz,https://media.ulta.com/i/ulta/2582305?w=100&h=100&fmt=auto,272 Reviews,"Benefits
The lightweight, water-based formula layers seamlessly under skincare and makeup, making it ideal for daily use.
Key Ingredients
Hyaluronic Acid - binds to moisture and draws it into the skin to maintain a healthy moisture balance and protect from dehydration.
Beta Arbutin - gently brightens and targets dullness for a visibly clear, even skin tone.","Water, Arbutin, 1,2-Hexanediol, Propanediol, Glycyrrhiza Glabra (Licorice) Root Extract, Dipropylene Glycol, Glycerin, Sodium Hyaluronate, Polyacrylate Crosspolymer-6, Hydrolyzed Hyaluronic Acid, Ethylhexylglycerin, Tocopherol.",Apply a few drops in the morning and at night before oils and moisturizers. Let absorb for 30 seconds. Suitable for daily use. Discontinue use if irritation occurs.
pimprod2049081,Clinique,Even Better Clinical Dark Spot Clearing Serum with Vitamin C,Treatment & Serums,Face Serums,$63.00,1.0 oz,https://media.ulta.com/i/ulta/2634958?w=100&h=100&fmt=auto,432 Reviews,"Benefits
Clinique's fourth generation brightening serum includes the brand's proprietary brightening molecule, UP302, niacinamide, and even more vitamin C than previous formulas.
Visibly reduces stubborn dark spots, including sun spots, age spots, and post-acne marks.
Helps soothe skin from environmental irritants that can trigger future hyperpigmentation.
Skin looks brighter and more radiant, with a more even-looking tone.
Lightweight, oil-free formula sinks in quickly.
Gentle enough for all skin types, including sensitive skin.
Dermatologist tested
Safe for sensitive skin
Allergy tested
Fragrance free
Non-acnegenic
Key Ingredients
UP302: Researchers screened over two thousand plant extracts and found dianella ensifolia to have powerful properties. UP302, Clinique’s proprietary brightening molecule, was bioengineered to mimic the botanical and found to have powerful antioxidant and brightening benefits.
Vitamin C: This serum is made with two types of vitamin C - magnesium ascorbyl phosphate and ascorbyl glucoside - for precisely calibrated formulation. Together these potent brightening antioxidants help visibly reduce dark spots, including post-acne marks, and help skin tone look more even.
Niacinamide: Helps visibly reduce discoloration such as dark spots and post-acne marks.
Salicylic acid: Gently sloughs off the uppermost layers of the skin to help reveal fresher, more even-looking skin.
Glucosamine: Helps weaken the bonds that hold dead skin cells together to encourage the exfoliation of surface discoloration for brighter, more even-looking skin.
Glycyrrhetinic acid, derived from licorice extract: A potent anti-irritant, it helps calm skin by visibly reducing skin irritation that could trigger dark spots.
Gyokuro: This green tea is hand-harvested in Japan in such a way that its natural anti-irritant properties are optimized for full potential. Helps quell the look of irritation that could lead to discoloration.
Formulated without: Fragrance, Parabens, Phthalates, Oil, Drying alcohol, Sodium lauryl sulfate, Sodium laureth sulfate, Synthetic colors
Research Results
Proven to visibly reduce tough dark spots on different skin tones:
Up to 49% visible reduction in sun and age spots on lighter skin tones.*
Up to 56% visible reduction in post-acne mark intensity on deeper skin tones.**
*Clinical testing of 53 panelists after 12 weeks showed 49% visible improvement in top responders (21 of 53 panelists) and a 34% average visible improvement across all 53 panelists.
**Clinical testing of 34 panelists after 12 weeks showed 56% visible improvement in top responders (9 of 34 panelists) and a 37% average visible improvement across all 34 panelists.","Water\Aqua\Eau, Dimethicone, Isododecane, Yeast Extract\Faex\Extrait De Levure, Butylene Glycol, Polysilicone-11, Niacinamide, Ascorbyl Glucoside, Peg-10 Dimethicone, Peg-6, Acetyl Glucosamine, Glycerin, Sodium Hyaluronate, Squalane, Cholesterol, Helianthus Annuus (Sunflower) Seed Extract, Trametes Versicolor Extract, Glycyrrhiza Glabra (Licorice) Root Extract, Hordeum Vulgare Extract\Extrait D'Orge, Oryza Sativa (Rice) Bran Extract, Triticum Vulgare (Wheat) Germ Extract, Cucumis Sativus (Cucumber) Fruit Extract, Camellia Sinensis Leaf Extract, Caffeine, Salicylic Acid, Isohexadecane, Propylene Glycol Dicaprate, Glycyrrhetinic Acid, Dimethoxytolyl Propylresorcinol, Caprylyl Glycol, Stearamidopropyl Dimethylamine, Phosphatidylcholine, Sorbitan Oleate, Polysorbate 20, Polysorbate 80, Stearic Acid, Hexylene Glycol, Tromethamine, Citric Acid, Acrylamide/Sodium Acryloyldimethyltaurate Copolymer, Ammonium Acryloyldimethyltaurate/Vp Copolymer, Tocopheryl Acetate, Magnesium Ascorbyl Phosphate, Bht, Sodium Citrate, Disodium Edta, Nylon-12, Phenoxyethanol.","Use serum for dark spots twice a day, morning and night.
Dispense 1 to 2 pumps onto fingertips.
Spread serum all over your face, avoiding eye area.
Follow with moisturizer.
Daily sunscreen is imperative. Apply in the AM after your moisturizer."
pimprod2051939,Maybelline,Lifter Glaze Oil Balm,Lips,Lip Balms & Treatments,$8.99,Caramel Glow,https://media.ulta.com/i/ulta/2639789?w=100&h=100&fmt=auto,429 Reviews,"Features
Maybelline's new next level lip balm melts to lips without feeling sticky or greasy
Lifter Glaze Oil Balm is formulated with Hyaluronic Acid, a hydrating oil blend, and Acerola Cherry Extract that hydrates lips for up to 24 hrs. This oil balm melts to lips for a glazed, smooth look and ultra-comfortable feel
Maybelline New York Lifter Glaze Oil Balm delivers up to 24-hour hydration and a fuller lip look.
Lip lines visibly reduced by 20 percent and after 4 weeks of daily use lips feel softer, look smoother and healthier. Based on immediate expert grading
This hydrating lip balm has glazed pigments that tint lips in sheer, buildable color.
Lifter Glaze is available in multiple glazed shades that last with up to 24-hour hydration that you crave
Key Ingredients
Formulated with Hyaluronic Acid, a Hydrating Oil Blend, and Acerola Cherry Extract that hydrates lips for up to 24 hrs","Polyglyceryl-2 Triisostearate, Bis-Behenyl/Isostearyl/Phytosteryl Dimer Dilinoleyl Dimer Dilinoleate, Squalane, Butyrospermum Parkii Butter / Shea Butter, Cellulose, Dimer Dilinoleyl Dimer Dilinoleate, Polyglyceryl-3 Beeswax, Helianthus Annuus Seed Cera / Sunflower Seed Wax, Hydrogenated Castor Oil Dimer Dilinoleate, Simmondsia Chinensis Butter / Jojoba Butter, Hydrogenated Jojoba Oil, Candelilla Cera / Candelilla Wax / Cire De Candelilla, Parfum / Fragrance, Pentaerythrityl Tetra-Di-T-Butyl Hydroxyhydrocinnamate, Ethylhexyl Palmitate, Synthetic Fluorphlogopite, Calcium Aluminum Borosilicate, Caprylic/Capric Triglyceride, Propylene Glycol, Calcium Sodium Borosilicate, Citric Acid, Magnesium Silicate, Silica, Tocopherol, Trihydroxystearin, Benzyl Benzoate, Aluminum Hydroxide, Benzyl Cinnamate, Tin Oxide, Benzyl Alcohol, Limonene, Sodium Hyaluronate, Malpighia Punicifolia Fruit Extract / Acerola Fruit Extract, Tocopheryl Acetate, Glucomannan. May Contain: Mica, CI 77491, CI 77492, CI 77499 / Iron Oxides, CI 77891 / Titanium Dioxide, CI 15985 / Yellow 6 Lake, CI 19140 / Yellow 5 Lake, CI 45410 / Red 28 Lake, CI 45380 / Red 22 Lake, CI 15850 / Red 7, CI 42090 / Blue 1 Lake, CI 45380 / Red 21. (F.I.L. T70048721/4).",Swipe Lifter Glaze onto lips. Keep glazing for more color
pimprod2050124,Supergoop!,Clear Favorites Invisible SPF Duo,By Category,Skin Gifts,$35.00,,https://media.ulta.com/i/ulta/2635696?w=100&h=100&fmt=auto,8 Reviews,"Benefits
Invisible SPF essentials everyone is obsessed with
Unseen Sunscreen SPF 50 is the iconic 100% invisible, weightless, scentless sunscreen that doubles as a primer for all-day makeup wear2 and is clinically tested to improve skin clarity.1
Unseen Sunscreen Stick SPF 40 is a 100% invisible sunscreen stick for on-the-go, clear sun protection that helps reduce the appearance of oil and shine and glides seamlessly over makeup.
Recommended skin types: Normal, Combination, Dry, Oily
Based on an independent clinical study with 33 women: 1After using product for 4 weeks, 28 hours after one application as compared to foundation alone
Includes
Unseen Sunscreen SPF 50 (0.5 oz)
Unseen Sunscreen Stick SPF 40 (0.70 oz)
Key Ingredients
Unseen Sunscreen SPF 50: A Complex of Chamomile-Derived Bisabolol & Licorice Root Known to visibly soothe & help improve skin’s clarity
Unseen Sunscreen Stick SPF 40: Olive Leaf and Fruit Extracts Helps retain moisture, soothe skin & support skin’s natural barrier","Unseen Sunscreen SPF 50: Isododecane, Dimethicone/Bis-Isobutyl PPG-20 Crosspolymer, Dimethicone/Vinyl Dimethicone Crosspolymer, Dimethicone, Dimethicone Crosspolymer, Caprylic/Capric Triglyceride, Butyrospermum Parkii (Shea) Butter, Physalis Angulata Extract, Himanthalia Elongata Extract, Meadowfoam Estolide, Tocopherol, Jojoba Esters, Polymethylsilsesquioxane, Caprylyl Glycol, Diethylhexyl Syringylidenemalonate, Silica, Bisabolol, Dipotassium Glycyrrhizate.
Unseen Sunscreen Stick SPF 40: Isododecane, Octyldodecanol, Polymethylsilsesquioxane, Dicaprylyl Carbonate, Caprylic/Capric Triglyceride, Diisopropyl Adipate, Silica, Butyloctyl Salicylate, C12-15 Alkyl Benzoate, Isohexadecane, Dimethicone Crosspolymer, Dibutyl Lauroyl Glutamide, Silica Silylate, Dibutyl Ethylhexanoyl Glutamide, Ethylcellulose, Caprylyl Glycol, Diethylhexyl Syringylidenemalonate, Himanthalia Elongata Extract, Meadowfoam Estolide, Tocopherol.","Unseen Sunscreen SPF 50: Wear Unseen Sunscreen on its own or as a makeup-gripping primer. Complete your skincare routine. Apply Unseen Sunscreen generously and evenly across your face and neck. Allow 30 seconds for product to absorb before applying makeup.
Unseen Sunscreen Stick SPF 40: Use Unseen Sunscreen Stick after your skincare routine, and reapply throughout the day as needed. Remove the cap and discard the clear plastic disc on the top of the stick. Twist the bottom of the pack to expose the sunscreen stick. Swipe Unseen Sunscreen Stick generously and evenly across your face and body.
Precautions: For external use only. Do not use on damaged or broken skin. Stop use and ask a doctor if rash occurs. When using this product keep out of eyes. Rinse with water to remove. Keep out of reach of children. If product is swallowed, get medical help or contact a Poison Control Center right away."
pimprod2042676,Dermalogica,Pro-Collagen Banking Serum,Treatment & Serums,Face Serums,$89.00,1.0 oz,https://media.ulta.com/i/ulta/2617479?w=100&h=100&fmt=auto,355 Reviews,"Benefits
Helps collagen last longer
Hydrates and plumps for a firmer appearance
Helps minimize the appearance of fine lines and wrinkles
Key Ingredients
Potent Pro-Collagen Preservation Complex: helps save collagen by creating and defending a healthy environment for skin
Innovative blend of Collagen Amino Acids, Jojoba Ester, and Polyglutamic Acid: nourish the skin's moisture barrier while hydrating skin to visibly plump for a firmer appearance
Wild Indigo Extract and Arginine PCA: help to restore skin's radiance
Carnosine Dipeptide and Pink Carnation Flower Extract: help improve skin's softness and overall resilience","Water/Aqua/Eau, Pentylene Glycol, Coco-Caprylate/Caprate, Glycerin, Propanediol, Simmondsia Chinensis (Jojoba) Seed Oil, Trehalose, Oryza Sativa (Rice) Bran Water, Butylene Glycol, Ethoxydiglycol, Triheptanoin, Arginine PCA, Diglycerin, Dipotassium Glycyrrhizate, Sodium Hyaluronate, Collagen Amino Acids, Glycine Soja (Soybean) Oil, Helianthus Annuus (Sunflower) Seed Oil, Citrus Aurantium Dulcis (Orange) Peel Oil, Citrus Aurantium Bergamia (Bergamot) Fruit Oil, Citrus Paradisi (Grapefruit) Peel Oil, Rosmarinus Officinalis (Rosemary) Leaf Extract, Cupressus Sempervirens Leaf/Nut/Stem Oil, Santalum Album (Sandalwood) Oil, Citrus Limon (Lemon) Peel Oil, Rosa Damascena Flower Oil, Jasminum Sambac (Jasmine) Flower Extract, Hydrolyzed Jojoba Esters, Oryza Sativa (Rice) Bran Extract, Aloe Barbadensis Leaf Extract, Tephrosia Purpurea Seed Extract, Helianthus Annuus (Sunflower) Extract, Juniperus Virginiana Oil, Tagetes Minuta Flower Oil, Rosmarinus Officinalis (Rosemary) Leaf Oil, Cistus Ladaniferus Leaf/Stem Extract, Hydrolyzed Rice Protein, Tocopheryl Acetate, Tocopherol, Phospholipids, Carnosine, Glyceryl Stearate Citrate, Caprylyl Glycol, Polyglutamic Acid, Glycolipids, Glycine Soja (Soybean) Sterols, Acrylates/C10-30 Alkyl Acrylate Crosspolymer, Glyceryl Caprylate, Sclerotium Gum, Polyquaternium-80, Didecyldimonium Chloride, Dianthus Caryophyllus Flower Extract, Xanthan Gum, Methylpropanediol, Cetearyl Alcohol, PEG-40 Hydrogenated Castor Oil, Ammonium Acryloyldimethyltaurate/Beheneth-25 Methacrylate Crosspolymer, Phytic Acid, Polysorbate 20, Tetrasodium Glutamate Diacetate, Citric Acid, Sodium Hydroxide, Sodium Polyacryloyldimethyl Taurate, Sodium Benzoate, Potassium Sorbate, Limonene, Linalool.","Apply 2-3 pumps to clean, dry skin. Use once or twice daily, followed by a moisturizer.
Precautions: Keep out of eyes."
pimprod2037882,Coco & Eve,Self Tan Travel Kit,By Category,Skin Gifts,$25.00,Dark,https://media.ulta.com/i/ulta/2609313?w=100&h=100&fmt=auto,657 Reviews,"Benefits
Blurs Pigmentation and Perfects Skin.
100% Natural DHA
No Nasties
Allergen Free
Includes
Dark Bali Bronzing Foam (1.6 oz)
Hypoallergenic Soft Velvet Self Tan Mitt (1 ct)","Aqua/Water/Eau, Dihydroxyacetone, Pentylene Glycol, Glycerin, Lotus Maritimus Flower/Leaf Extract, Musa Sapientum (Banana) Fruit Extract/ Musa Sapientum Fruit Extract, Carica Papaya (Papaya) Fruit Extract/Carica Papaya Fruit Extract, Cocos Nucifera (Coconut) Fruit Extract/ Cocos Nucifera Fruit Extract, Ficus Carica (Fig) Fruit Extract/Ficus Carica Fruit Extract, Garcinia Mangostana Fruit Extract, Mangifera Indica (Mango) Fruit Extract/ Mangifera Indica Fruit Extract, Theobroma Cacao (Cocoa) Seed Extract/ Theobroma Cacao Seed Extract, Erythrulose, Coconut Oil Glycereth-8 Esters, PEG-40 Hydrogenated Castor Oil, Trideceth-9, Hydroxypropyl Methylcellulose, Sodium Cocoyl Glutamate, Propylene Glycol, Parfum/Fragrance/Perfume, Sodium Metabisulfite, Sodium Benzoate, Potassium Sorbate, Citric Acid, CI 14700/ FD&C Red No. 4, CI 19140/ FD&C Yellow No. 5, CI 42090/ FD&C Blue No. 1.","Apply the bronzing foam using Coco & Eve's soft velvet mitt in circular motions on dry skin. Allow to develop for a minimum of two hours, or overnight for a deeper tan. Rinse off and gently pat skin dry. Moisturize daily to maintain results.
Precautions: Do not apply to sore, broken, irritated or sensitive skin. Avoid contact with eyes, hair and fabrics. Wash hands after use. Wipe the nozzle/bottle clean before storing away in a cool place, out of direct sunlight. Stored below 86 degrees F. In warmer weather, it is advisable to store the product in a fridge. Remove 2 hours from the fridge prior to use. This product does not contain a sunscreen and does not protect against sunburn. Repeated exposure of unprotected skin while tanning may increase the risk of skin aging, skin cancer, and other harmful effects to the skin even if you do not burn. Keep out of the reach of children. For external use only. Use only as directed. Stop using this product if you develop redness or itching."
pimprod2051969,ULTA Beauty Collection,Velvet Self Tanning Mitt,Suncare,Self-Tanning & Bronzing,$9.99,,https://media.ulta.com/i/ulta/2631011?w=100&h=100&fmt=auto,,"Benefits
Double sided design for a perfect glow from every angle
Protects hands from self-tanner. No stain, more gain
Soft, velvet-like texture for a luxurious feel
Hand-washable and reusable - ready for your next session
Features
Polybag made from 100% post-consumer recycled plastic",,"Cleanse and gently exfoliate your body. Apply your favorite self-tanning products directly onto the self-tanning mitt. Use gentle sweeping motions to blend the product into your skin.
Pro tip: Apply self-tanning products sparingly around ankles, knees, and elbows. Try bending your knees and elbows while applying to help avoid streaking.
Care Instructions: After use, gently hand wash the mitt in cool water with mild detergent, rinse thoroughly, and air dry naturally away from direct heat."
pimprod2025025,BOBBI BROWN,Mini Vitamin Enriched Face Base Moisturizer & Primer with Vitamin C + Hyaluronic Acid,Travel Size Makeup,,$25.00,0.5 oz,https://media.ulta.com/i/ulta/2583729?w=100&h=100&fmt=auto,"3,157 Reviews","Benefits
A blend of Vitamins B, C and E helps replenish and condition skin with essential nourishment.
A moisturizing complex of Hyaluronic Acid, Squalane, and Shea Butter helps instantly hydrate, plump, and prep skin for a fresh, healthy-looking glow.
Rich yet lightweight and fast-absorbing primer texture cushions skin and grips foundation for smooth, flawless makeup application.
Grapefruit and Geranium leave a light, uplifting scent on skin.
Research Results
From consumer testing on 123 women after using product for one week:
98% said it left skin looking rejuvenated.96% said it left skin feeling nourished and conditioned.
96% said it left skin feeling moisturized throughout the day.
96% said it left skin looking healthy.
95% said it left skin feeling healthy and infused with moisture.
95% said it gripped makeup for flawless application.
95% said it layers well with makeup, helping makeup apply smoothly and evenly.
93% said if left skin feeling plumped.
91% said it improved the look of foundation.
Formulated Without
Parabens
Phthalates
Sulfates
Animal-Derived Ingredients
Gluten","Ingredients: Water\Aqua\Eau , Cyclopentasiloxane , Bis-Diglyceryl Polyacyladipate-2 , Butylene Glycol , Ppg-2 Myristyl Ether Propionate , Cetyl Alcohol , Peg-40 Stearate , Butyrospermum Parkii (Shea Butter) , Squalane , Glyceryl Stearate , Sorbitan Stearate , Epilobium Angustifolium Extract , Yeast Extract\Faex\Extrait De Levure , Beta-Carotene , Sodium Hyaluronate , Citrus Grandis (Grapefruit) Peel Oil , Tocopheryl Acetate , Methyl Glucose Sesquistearate , Pelargonium Graveolens (Geranium) Flower Oil , Dimethicone Crosspolymer , Acrylates/C10-30 Alkyl Acrylate Crosspolymer , Carbomer , Peg-20 Methyl Glucose Sesquistearate , C12-15 Alkyl Ethylhexanoate , Tetrasodium Edta , Sodium Hydroxide , Panthenol , Magnesium Ascorbyl Phosphate , Limonene , Citronellol , Geraniol , Linalool , Chlorphenesin , Phenoxyethanol Please be aware that ingredient lists may change or vary from time to time. Please refer to the ingredient list on the product package you receive for the most up to date list of ingredients.","Massage moisturizer primer base onto just-cleansed skin, avoiding eye area. Use with Vitamin Enriched Eye Base to achieve moisturizing prep for undereyes."
pimprod2049739,La Roche-Posay,Anthelios UV Tone Sunscreen SPF 50 with Niacinamide,Suncare,Sunscreen,$39.99,1.7 oz,https://media.ulta.com/i/ulta/2634598?w=100&h=100&fmt=auto,3 Reviews,"Benefits
Provides hydrating SPF 50 sun proction without a white cast on all skin types
Helps to smooth skin and even skin tone
Barely there texture blends invisibly into all skin tones, leaving a smooth, radiant finish
Helps to decrease the risk of skin cancer and early skin aging caused by the sun *when used with other sun protection measures
Oxybenzone-free & Octinoxate-free
Dermatologist Tested
Key Ingredients
La Roche-Posay Prebiotic Thermal Water is naturally rich in minerals with scientifically demonstrated soothing and antioxidant properties
Cell-Ox Shield Technology, a key antioxidant technology that combines photostable UVA/UVB filters to deliver broad spectrum protection and powerful antioxidant proctection
Niacinamide, Soothes and helps restore skin barrier
Formulated Without
Fragrance
Parabens
Oxybenzone
Octinoxate","Water, Glycerin, C15-19 Alkane, Niacinamide, Propanediol, C12-22 Alkyl Acrylate/Hydroxyethylacrylate Copolymer, Tocopherol, Sodium Stearoyl Glutamate, Cetearyl Alcohol, Sclerotium Gum, Hydroxyacetophenone, Caprylyl Glycol, Sodium Starch Octenylsuccinate, Glyceryl Stearate, Jojoba Esters, Helianthus Annuus (Sunflower) Seed Wax, Hydroxypropyl Starch Phosphate, Trisodium Ethylenediamine Disuccinate, Pentylene Glycol, Diethylhexyl Syringylidenemalonate, Cassia Alata Leaf Extract, Maltodextrin, Sodium Hydroxide, Caprylic/Capric Triglyceride, Polyglycerin-3, Citric Acid.",Apply 15 minutes before sun exposure. Reapply every 2 hours. Use a water resistant sunscreen if sweating
pimprod2031119,St. Tropez,Gradual Tan Classic Daily Firming Lotion,Suncare,Self-Tanning & Bronzing,$29.00,Medium / Dark,https://media.ulta.com/i/ulta/2592027?w=100&h=100&fmt=auto,71 Reviews,"Benefits
A medium to dark gradual golden glow
Moisturizer with a hint of tan
5 high performing skincare benefits; hydrate, protect, smooth, soothe and firm skin
New lighter, fast absorbing & non-sticky fake tan
Easy-to-apply, night or day. Reapply daily as desired to build your color
Streak-free & hydrating for up to 72 hours with even fade
95% natural ingredients
Vegan friendly, 100% natural tanning active, cruelty free
Suitable for sensitive skin
Made with recycled plastic & 100% recyclable
Key Ingredients
Marine Algae: for firmer & more youthful looking skin over time
High Molecular Weight Hyaluronic Acid: firms skin & is clinically proven to hydrate skin for 72 hours
Antioxidant blend of upcycled Blueberry & Raspberry seed oils: protects the skin from external aggressors
100% Natural Tanning Active
Natural Melanin Booster","Aqua (Water), Coco-Caprylate, Dihydroxyacetone, Cetearyl Alcohol, Pentaerythrityl Distearate, Cetearyl Glucoside, Glycerin, Dimethicone, Ethoxydiglycol, Vitis Vinifera (Grape) Seed Oil, Alaria Esculenta Extract, Rubus Idaeus (Raspberry) Seed Oil, Vaccinium Myrtillus Seed Oil, Biosaccharide Gum-1, Sodium Hyaluronate, Caprylic/Capric Triglyceride, Capryloyl/Capryloyl Leucine Isosorbide Esters, Ceteareth-20, Parfum (Fragrance), Phenoxyethanol, Caprylyl Glycol, Cellulose, Xanthan Gum, Isosorbide, Pentaerythrityl Tetra-Di-t-Butyl Hydroxyhydrocinnamate, Tocopherol, Helianthus Annuus (Sunflower) Seed Oil, Hexanediol, Hydroxyacetophenone, Benzyl Salicylate, Linalool, Coumarin, Limonene, Citronellol.","Step 1. APPLY all over body ensuring no missed patches. Wash hands after use.
Step 2. GLOW Your tan will develop over 4-8 hours into a medium golden tan. Allow 8 hours before showering or getting wet for the tan to fully develop.
Step 3. MAINTAIN Top up as desired to maintain and deepen your tan.
Precautions: Patch test 24 hrs. before use. Do not apply to broken or irritated skin. Do not get in eyes, if you do rinse well with water. Avoid contact with lips. Gradual tan may stain. Wash palms after use. Store below 86 degrees F. Warning: This product does not contain a sunscreen and does not protect against sunburn. Repeated exposure of unprotected skin while tanning may increase the risk of skin ageing, skin cancer and other harmful effects to the skin even if you do not burn."
pimprod2012593,MAËLYS,B-TIGHT Lift & Firm Booty Mask,Treatment & Serums,Body Treatments,$49.00,3.4 oz,https://media.ulta.com/i/ulta/2560647?w=100&h=100&fmt=auto,"7,273 Reviews","Benefits
Reduces the appearance of cellulite
Visibly firms the skin around the booty and thighs
Research Results
Clinically proven to smooth the look of skin on the booty.
Clinically proven to reduce the look of rough skin on the booty.
Clinically proven to visibly firm skin around the booty and thighs.
Clinically proven to give a tighter-looking booty.
*Based on a 56-day clinical trial with 29 participants.
Key Ingredients
Formulated without: Parabens, SLS, and Phthalates.
Brazilian Peppertree: A plant extract that helps invigorate the skin and is proven to smooth the look of fatty skin.
Hyaluronic Acid: Helps preserve your skin’s moisture for a more hydrated look.","Water (Aqua), C12-15 Alkyl Benzoate, Cetyl Alcohol, Cetearyl Alcohol, Glyceryl Stearate Citrate, Kaolin, Glycerin, Sodium Benzoate, Xanthan Gum, Chlorphenesin, Disodium EDTA, Schinus Terebinthifolius Seed Extract, Sodium Hyaluronate, Paullinia Cupana (Guarana) Seed Extract, Ilex Paraguariensis Leaf Extract, Caffeine, Coffea Arabica (Coffee) Seed Extract, Soluble Collagen, Hydrolyzed Elastin, Glyceryl Caprylate, Citric Acid, Ethylhexylglycerin, Vanillyl Butyl Ether, Laureth-7, Phenoxyethanol, Polyacrylamide, C13-14 Isoparaffin, PVP, Fragrance (Parfum), Benzyl Salicylate, Benzyl Alcohol, Coumarin, Linalool, Hydroxycitronellal, Hexyl Cinnamal, Limonene, Blue 1 Lake (CI 42090), Red 40 (CI 16035).","Apply a generous layer to the visible cellulite on your booty and thighs. Massage into the skin in circular motions until fully absorbed. You may start to feel a warming sensation, that's totally normal! If you're not into the tingle, we recommend waiting at least 20 minutes after a shower before applying. Use twice a day for best results."
pimprod2032777,HOURGLASS,Phantom Volumizing Glossy Balm,Lips,Lip Balms & Treatments,$38.00,Lucid 155,https://media.ulta.com/i/ulta/2595487?w=100&h=100&fmt=auto,429 Reviews,"Benefits
Hydrating, smoothing, and softening
Delivers high-shine color that melts onto lips
Visibly plumps lips
Provides a refreshing cooling sensation
Vegan and cruelty-free
2023 Allure Best of Beauty Winner
Key Ingredients
Menthyl Lactate: Provides an instant cooling sensation
Conditioning Complex: A blend of emollients and oils that nourishes, conditions, and hydrates lips
Formulated Without
Gluten
Parabens
Phthalates
Synthetic Fragrance
Sulfates
Talc","Lucid 155: Diisostearyl Malate, Phytosteryl/Isostearyl/Cetyl/Stearyl/Behenyl Dimer Dilinoleate, Hydrogenated Polyisobutene, Polyglyceryl-2 Triisostearate, Bis-Diglyceryl Polyacyladipate-2, Ceresin, Menthyl Lactate, Microcrystalline Wax/Cera Microcristallina, Argania Spinosa Kernel Oil, Mangifera Indica (Mango) Seed Butter, Persea Gratissima (Avocado) Oil, Butyrospermum Parkii (Shea) Butter, Hydrogenated Vegetable Oil, Tocopherol, Titanium Dioxide (CI 77891), Red 7 Lake (CI 15850), Yellow 5 Lake (CI 19140), Yellow 6 Lake (CI 15985), Red 28 Lake (CI 45410).
*Ingredient lists and claims may change or vary from time to time as part of our commitment to innovation and maintaining global compliance. Please refer to the ingredient list on the product packaging you receive to ensure the ingredients are suitable for your personal use.","Twist base slightly to dispense desired amount. Pen does not retract. For more intense color, apply a second layer."
pimprod2007100,The Ordinary,100% Organic Cold-Pressed Rose Hip Seed Oil for Skin Elasticity,Moisturizers,Face Oils,$10.90,1.0 oz,https://media.ulta.com/i/ulta/2551162?w=100&h=100&fmt=auto,"1,050 Reviews","Benefits
Replenishes lost moisture
Maintains healthy-looking skin
Provides enhanced barrier support
Targets visible signs of aging
Key Ingredients
100% Cold Pressed Rose Hip Seed Oil: rich in vitamin A, Linoleic (omega-6), and Linolenic (omega-3) acids
Formulated Without
Fragrance
Alcohol
Gluten
Nuts
Silicone
Parabens
Sulfates
Mineral Oil
Methylchloroisothiazolinone
Methylisothiazolinone
Animal Oils
Coal Tar Dyes
Formaldehyde
Mercury
Oxybenzone",Rosa Canina Seed Oil.,"The Ordinary recommends performing a patch test prior to incorporating a new product into your skin care routine.
Apply once a day to the face, ideally in the PM after application of water-based treatments."
pimprod2040492,Lancôme,Rénergie H.P.N. 300-Peptide Cream,Moisturizers,Face Moisturizer,$145.00,1.7 oz,https://media.ulta.com/i/ulta/2612984?w=100&h=100&fmt=auto,"1,011 Reviews","Benefits
Rénergie H.P.N. 300-Peptide Cream combines 3 ingredients represented by the name H.P.N. (Hyaluronic Acid, over 300 different Peptides, and Niacinamide) into a highly sensorial formula to reach an exceptional level of efficacy.
Peptides are well known for their key role in skin renewal and are among skin's best ally against visible signs of aging.
An unprecedented number and variety of peptides have been formulated into this unique cream: the complementary effect of the 300 peptides stimulates faster and enhanced skin renewal.
This innovative formula helps improve visible signs of aging, such as: wrinkles, dark spots, & lower face sagging, with clinically significant results as early as two weeks.
Committed to Science & Sustainability: This unique combination of peptides in Lancôme's formula is obtained from the protein extracts of three naturally derived sources, using green sciences.
Key Ingredients
Hyaluronic Acid: Ferment-based and obtained using biotechnology, hyaluronic acid is known to absorb several times its own weight in water, helping to smooth and re-plump the skin. Lancôme's Hyaluronic acid offers enhanced skin penetration and additional benefits on wrinkles and skin roughness.
300 types of Peptides: Ultra-concentrated and potent, this combination of more than 300 types of natural peptides helps the skin appear renewed by improving firmness, elasticity, and wrinkles.
Niacinamide (or vitamin B3): Known to soothe the skin, contribute to skin tone management and help visibly reduce dark spots.
*Ingredient benefits are based on product formula testing, not on the individual ingredients.
Research Results
Clinically Significant Results:
Decreased appearance of wrinkles -21% and fine lines -26%*
Reduced visibility of dark spots -22%*
Skin tone is more even +22%*
Improved firmness +38%*
Lower face sagging reduced -27%*
Consumer Self Assessment Results:
96% agree overall skin appearance looks improved**
93% agree skin looks regenerated/renewed**
86% agree skin appears younger**
*Based on self-assessment results in an 8-week consumer study with 58 women
**Based on 8-week results in a clinical study of 45 women","Aqua / Water, Glycerin, Dimethicone, Cetearyl Alcohol, Theobroma Grandiflorum Seed Butter, Alcohol Denat., Cetearyl Isononanoate, Niacinamide, Glyceryl Stearate, PEG-100 Stearate, Isopropyl Palmitate, Octyldodecanol, Cyclodextrin, Hydrolyzed Lupine Protein, Pisum Sativum Extract / Pea Extract, Adenosine, Capryloyl Salicylic Acid, Hydrolyzed Hyaluronic Acid, Hydrolyzed Linseed Extract, Pentaerythrityl Tetra-Di-T-Butyl Hydroxyhydrocinnamate, Trisodium Ethylenediamine Disuccinate, Tocopheryl Acetate, Cera Alba / Beeswax, Orbignya Oleifera Seed Oil, Simmondsia Chinensis Butter / Jojoba Butter, Cetearyl Glucoside, Citric Acid, Hydroxyethyl Acrylate/Sodium Acryloyldimethyl Taurate Copolymer, Polysorbate 60, Potassium Cetyl Phosphate, Sorbitan Isostearate, Tocopherol, Dimethicone/Polyglycerin-3 Crosspolymer, Benzyl Alcohol, Geraniol, Limonene, Chlorphenesin, Dipropylene Glycol, Phenoxyethanol, Sodium Benzoate, Perfume / Fragrance.","For best results, use this day moisturizer consistently as a part of your morning routine. Apply once a day on the face, neck, and décolleté after cleansing, toning, and using your facial serums. Gently massage into skin using small, upward, circular motions until the cream is fully absorbed."
pimprod2050653,Saltair,Sunscreen Body Oil Broad Spectrum SPF 50,Body Moisturizers,Body Serums & Oils,$26.00,Pink Beach,https://media.ulta.com/i/ulta/2636808?w=100&h=100&fmt=auto,70 Reviews,"Benefits
Formulated with an innovative gel-like texture
Leaves skin lightly fragranced, with a subtle shimmer
Contains a nourishing blend of oils to leave skin radiant, while protecting from the sun
Features
Key Notes: Coconut. Almond Blossom. Vanilla.
Paraben Free, Gluten Free
Key Ingredients
Mongongo Oil: lightweight, non-comedogenic oil that is rich in essential fatty acids and vitamins, helps enhance the skin barrier and improve skin's overall appearance for smoother, moisturized skin.
Kukui Oil: lightweight, non-comedogenic oil that is rich in essential fatty acids to help improve skin barrier function.
Helianthus Annuus Seed (Sunflower) Oil: a non-irritating, non-comedogenic oil beneficial for dry skin due to its linoleic acid content. It forms a barrier on skin to help reduce the loss of skin’s water content which provides a smoother, softer and healthier-looking appearance.","Avobenzone 3.0%, Homosalate 10.0%, Octisalate 5.0%, Octocrylene 10% Inactive Ingredients: Helianthus Annuus Seed Oil, Octyldodecanol, C12-15 Alkyl Benzoate, Butyloctyl Salicylate, Polyamide-3, Diisopropyl Adipate, Bis-Octyldodecyl Dimer Dilinoleate/Propanediol Copolymer, Fragrance (Parfum), Aleurites Moluccanus Seed Oil, Schinziophyton Rautanenii Kernel Oil, Silica, Tetrahexyldecyl Ascorbate, Tocopheryl Acetate, Calcium Sodium Borosilicate, Pentaerythrityl Tetra-Di-T-Butyl-Hydroxyhydrocinnamate, Alpha-Isomethyl Ionone, Benzyl Salicylate, Hexyl Cinnamal, Limonene, Linalool, Iron Oxides (CI 77491, CI 77499), Mica (CI 77019), Titanium Dioxide (CI 77891).""",Apply to the body. Apply liberally and evenly 15 minutes before sun exposure. Reapply at least every 2 hours. Use a water resistant sunscreen if swimming or sweating.
pimprod2018698,La Roche-Posay,Lipikar Wash AP+ Gentle Foaming Moisturizing Wash,Treatment & Serums,Body Treatments,$19.99,13.5 oz,https://media.ulta.com/i/ulta/2570172?w=100&h=100&fmt=auto,696 Reviews,"Benefits
Moisturizing foaming body and face wash gently cleanses dry and extra dry skin
Provides long-lasting, 24-hour hydration
Gentle, comforting, non-stripping foaming face and body wash hydrates dry and sensitive skin with shea butter and glycerin
Leaves dry skin feeling clean, soft and soothed with niacinamide and La Roche-Posay Prebiotic Thermal Water
Helps protect skin from the drying effects of water
Safe for sensitive skin
Suitable for adults, children and babies over 2 weeks old
Non-comedogenic
Accepted by the National Eczema Association
Dermatologist, allergy and sensitive skin tested
*Packaging may vary
Key Ingredients
La Roche-Posay Prebiotic Thermal Water is naturally rich in minerals with scientifically demonstrated soothing and antioxidant properties
Shea butter hydrates and replenishes essential skin lipids
Glycerin moisturizes and hydrates the skin
Niacinamide helps soothe dry skin","Water, Glycerin, Sodium Laureth Sulfate, Peg-200 Hydrogenated Glyceryl Palmate, Coco-Betaine, Polysorbate 20, Citric Acid, Peg-7 Glyceryl Cocoate, Niacinamide, Acrylates Copolymer, Butyrospermum Parkii Butter, Cocamide Mea, Disodium Edta, Glycol Distearate, Mannose, Polyquaternium-11, Sodium Benzoate, Sodium Chloride, Sodium Hydroxide, Vitreoscilla Ferment.",Massage body & face wash onto wet skin. Rinse & pat dry. Apply Lipikar Balm AP+ Body Cream after washing. Fragrance-Free.
pimprod2002804,Kiehl's Since 1851,Ultra Facial Cream with Squalane,Moisturizers,Face Moisturizer,$39.00,1.7 oz,https://media.ulta.com/i/ulta/2540233?w=100&h=100&fmt=auto,"7,151 Reviews","Benefits
This non-greasy moisturizer is clinically demonstrated to hydrate 15 layers deep for softer, smoother, and healthier-looking skin
Paraben-free & fragrance free
Ultra Facial Cream has received the National Eczema Association's Seal of Acceptance
Key Ingredients
Squalane: a highly-refined botanical lipid derived from olives; with an exceptional affinity to skin, it absorbs easily and is known to help replenish skin's barrier keeping it soft, supple, and moisturized
Glacial Glycoprotein: originally sourced from Antarctic sea glaciers; helps to deeply hydrate and maintain skin's moisture balance
Pro-Ceramides: help to reinforce skin's barrier strength and help skin better resist external disruptors
Research Results
Provides lasting 72-hour hydration for soft, smooth, healthy-looking skin*
Strengthens skin's barrier and hydrates up to 15 surface layers deep**
Repairs the skin barrier in just 1 hour***
Absorbs into skin easily with an ultra-lightweight texture
Tested in everyday and extreme environments
Now in a 125ml lightweight jar with 40% less plastic
For all skin types, including sensitive skin
*72-hour hydration results based on an instrumental study.
**In the stratum corneum. Based on an instrumental study vs untreated skin
*** Barrier repair results based on an instrumental study on tape-stripped skin.","Aqua / Water, Glycerin, Dimethicone, Squalane, Bis-Peg-18 Methyl Ether Dimethyl Silane, Sucrose Stearate, Stearyl Alcohol, Peg-8 Stearate, Myristyl Myristate, Prunus Armeniaca Kernel Oil / Apricot Kernel Oil, Phenoxyethanol, Persea Gratissima Oil / Avocado Oil, Glyceryl Stearate, Cetyl Alcohol, Oryza Sativa Bran Oil / Rice Bran Oil, Olea Europaea Fruit Oil / Olive Fruit Oil, Chlorphenesin, Stearic Acid, Palmitic Acid, Carbomer, Acrylates/C10-30 Alkyl Acrylate Crosspolymer, Trisodium Ethylenediamine Disuccinate, Prunus Amygdalus Dulcis Oil / Sweet Almond Oil, Xanthan Gum, Ethylhexylglycerin, Sodium Hydroxide, Tocopherol, Glycine Soja Oil / Soybean Oil, Pseudoalteromonas Ferment Extract, Myristic Acid, Hydroxypalmitoyl Sphinganine, Salicylic Acid, Helianthus Annuus Seed Oil / Sunflower Seed Oil, Rosmarinus Officinalis Leaf Extract / Rosemary Leaf Extract, Citric Acid.","After cleansing and toning, apply a dime-sized amount of Kiehl's hydrating facial cream to skin. Use twice daily, both day and night as the ultimate compliment to your skincare routine."
pimprod2028056,Drunk Elephant,D-Bronzi Anti-Pollution Bronzing Drops with Peptides,Suncare,Self-Tanning & Bronzing,$39.00,1.0 oz,https://media.ulta.com/i/ulta/2588470?w=100&h=100&fmt=auto,"1,817 Reviews","Benefits
Provides a bronzy glow that flatters every complexion
Defends against pollution and environmental stressors
Mimics the antioxidant benefits of vitamin D
Replenishes the delicate balance that supports a healthy barrier function
Dermatologist Tested
Formulated at a skin-friendly pH of 4.8
Formulated without the Suspicious 6 - the six ingredients Drunk Elephant believes are at the root of almost every skin issue (Essential oils, Silicones, Chemical sunscreens, SLS, Fragrances + dyes, and Drying alcohols)
2024 Allure Best of Beauty Award Winner: Best Bronzing Drops
Key Ingredients
Cocoa Extract: Rich in phytocompounds, cocoa provides powerful antioxidant and soothing benefits
Matrixyl 3000 Peptide Blend: Helps reduce the appearance of fine lines and wrinkles while promoting elasticity and resilience
Chronocyclin: This chronopeptide mimics the antioxidant benefits of vitamin D
Research Results
In a consumer-perception study with 32 people after 28 days:
90% agreed skin felt smooth
87% agreed skin felt soothed and hydrated","Water/Aqua/Eau, Hydrogenated Polyisobutene, Glyceryl Oleate Citrate, Mica, Hydroxyethyl Acrylate/Sodium Acryloyldimethyl Taurate Copolymer, Glycerin, Ribes Nigrum (Black Currant) Seed Oil, Sclerocarya Birrea Seed Oil, Theobroma Cacao (Cocoa) Extract, Caprylic/Capric Triglyceride, Vitis Vinifera (Grape) Seed Extract, Lecithin, Acetyl Tetrapeptide-17, Linoleic Acid, Linolenic Acid, Sorbitan Isostearate, Camellia Sinensis Leaf Extract, Maltodextrin, Sodium Hyaluronate Crosspolymer, Magnolia Officinalis Bark Extract, Glutamylamidoethyl Imidazole, Colloidal Platinum [nano], Tocopherol, Phenoxyethanol, Pentylene Glycol, Sodium Benzoate, Sorbic Acid, Caprylyl Glycol, Boron Nitride, Hexylene Glycol, Polysorbate 60, Ethylhexylglycerin, CI 77491 (Iron Oxides), CI 77492 (Iron Oxides), CI 77499 (Iron Oxides), Sodium C14-16 Olefin Sulfonate.","Shake before use. Add a drop or more to any Drunk Elephant serum, oil, or cream for a gorgeous glow and a potent dose of protective antioxidants and omega fatty acids peptides. For best dispensing, store upside down.
Tip: May be applied to face, chest, legs, or anywhere else you want a touch of bronze.
Skincare smoothie tip: Try a Drunk Elephant Glow Big Smoothie by mixing 1 drop D-Bronzi + 1 pump C-Firma Fresh + 1 pump B-Hydra in the palm of your hand and applying all at once for a just-got-back-from-somewhere-sunny glow. Don't forget to top it off with Umbra Sheer for mineral SPF 30 protection.
How to Recycle: Just remove the cap and toss the bottle in a plastic-recycling bin."
pimprod2023933,Good Molecules,Yerba Mate Wake Up Eye Gel,Eye Treatments,Eye Cream,$6.00,0.5 oz,https://media.ulta.com/i/ulta/2582312?w=100&h=100&fmt=auto,"1,852 Reviews","Benefits
The lightweight, fast-absorbing gel texture sinks into skin instantly for seamless wear under makeup.
Key Ingredients
Yerba Mate - sourced from Brazilian farms that are committed to zero deforestation, pesticide-free farming, and traceability.
Caffeine, Peptides, & 3 Forms of Hyaluronic Acid - help to plump up appearance of fine lines, reduce puffiness, and promote a bright, energized look.","Water, Propanediol, Butylene Glycol, Glycerin, 1,2-Hexanediol, Sodium Polyacryloyldimethyl Taurate, Cetyl Ethylhexanoate, Corn Starch Modified, Ilex Paraguariensis Leaf Extract, Cetearyl Olivate, Sorbitan Olivate, Panthenol, Allantoin, Adenosine, Tocopherol, Helianthus Annuus (Sunflower) Seed Oil, Hydrolyzed Hyaluronic Acid, Sodium Hyaluronate, Hyaluronic Acid, Caffeine, Acetyl Tetrapeptide-5, Cichorium Intybus (Chicory) Root Extract.",Dispense a pea-sized amount and pat around the eye area with your ring finger. Massage into the eye contour until fully absorbed. Avoid direct contact with eyes.
pimprod2043664,Loving Tan,Platinum 2 HR Express Self Tanning Mousse,Suncare,Self-Tanning & Bronzing,$45.00,3.3 oz,https://media.ulta.com/i/ulta/2620164?w=100&h=100&fmt=auto,22 Reviews,"Benefits
Deeper, darker than ever before, Loving Tan Platinum Mousse is the next level in self-tanning.
Rinse off in just 2 hours.
Contains high concentrations of active ingredients, giving you a darker tan in one layer.
Contains an instant bronzer, making the application foolproof.
Dries in as little as 60 seconds.
Quick and easy option for those with limited time.
Recommended for experienced tanners only.
Proudly Australian made.
Key Ingredients
Naturally derived DHA with a hydrating Aloe Vera base.
Collagen-boosting Coffee Extract to rejuvenate your skin.
Antioxidant-rich Pomegranate Extract.","Water (Aqua/Eau), Dihydroxyacetone, Propylene Glycol, Ethoxydiglycol, Juglans Nigra (Black Walnut) Shell Extract, Glycerin, Erythrulose, Decyl Glucoside, Coffea Arabica (Coffee) Seed Extract, Punica Granatum (Pomegranate) Fruit Extract, Aloe Barbadensis (Aloe Vera) Leaf Juice, Panthenol, Dimethicone Peg-8 Phosphate, Hydroxypropyl Methylcellulose, Sodium Metabisulfite, Citric Acid, Fragrance (Parfum), Phenoxyethanol, Ethylhexylglycerin, Sodium Benzoate, Benzyl Benzoate, Benzyl Salicylate, Coumarin, CI 16035 (FD & C Red 40), CI 17200 (FD & C Red 33), CI 19140 (FD & C Yellow 5), CI 42090 (FD & C Blue 1).","Apply moisturizer liberally to any dry areas, including your hands, feet, ankles, wrists, knees and elbows. Pump a generous amount of mousse onto your Deluxe Applicator Mitt. Using circular motions, apply mousse directly to your body, blending as you go to ensure even coverage. Allow 60 seconds before dressing. Wipe excess tan from hands and feet after 30 minutes to prevent over-development. After 2 hours rinse body gently in the shower with water. Avoid perspiration and water while the tan develops. For best results, apply to clean, dry and exfoliated skin.
Precautions: Do not use on broken, irritated or sensitive skin. Avoid contact with eyes. Carry out a patch test 24 hours prior to use. If Irritation occurs, stop use and consult a doctor. This product does not contain sunscreen and does not protect against sunburn.
Repeated exposure of unprotected skin while tanning may increase the risk of skin ageing, skin cancer, and other harmful effects to the skin even if you do not burn. This product may stain so avoid contact with light colored fabrics, furnishings & hair. Store under 86 degrees Fahrenheit."
pimprod2013394,ColourPop,Pretty Fresh Hyaluronic Acid Tinted Moisturizer,Moisturizers,Tinted Moisturizer,$15.00,Light 8N,https://media.ulta.com/i/ulta/2561393?w=100&h=100&fmt=auto,"1,858 Reviews","Benefits
Lightweight, hydrating coverage
Perfect for the ""no-makeup"" makeup look
Evens the look of skintone
Dermatologist tested
No added oil
Natural skin-like finish
Key Ingredients
Hyaluronic acid, known to hydrate & support healthy-looking skin
Coconut water supports hydration & skin softness","Cyclopentasiloxane, Water, Butylene Glycol, Cetearyl Alcohol, Trimethylsiloxysilicate, Dimethicone, Peg/ppg-18/18-dimethicone, Cetyl Peg/ppg-10/1 Dimethicone, Polypropylsilsesquioxane, Silica Silylate, Sodium Hyaluronate, Pyrus Malus (apple) Fruit Extract, Cocos Nucifera (coconut) Fruit Juice, Cocos Nucifera (coconut) Water, Potassium Sorbate, Polysorbate 20, Disteardimonium Hectorite, Tribehenin, Sodium Chloride, Propylene Carbonate, Caprylyl Glycol, Glycerin, Hexylene Glycol, Phenoxyethanol ; May Contain: Iron Oxides (CI 77491, CI 77492, CI 77499), Titanium Dioxide (CI 77891).","Use Pretty Fresh Blending Sponge for light coverage, Flat Kabuki Face Brush for medium coverage, or fingertips for on-the-go application. Lightly dab and blend into skin."
pimprod2037600,MAËLYS,B-GLOSSY Smoothing Body Serum,Body Moisturizers,Body Serums & Oils,$59.00,3.38 oz,https://media.ulta.com/i/ulta/2606404?w=100&h=100&fmt=auto,"2,339 Reviews","Benefits
Smooths the look of wrinkles on the skin
Decreases the appearance of crepey skin on the body
Research Results
Clinically proven to decrease the look of wrinkles on the skin.
Clinically proven to decrease the appearance of crepey skin on the body.
Clinically proven to give the skin a more youthful-looking appearance.
*Based on a 56-day clinical trial with 23 participants.
Key Ingredients
Formulated without: Parabens, SLS, and Phthalates.
Peptide Duo: A blend of 2 peptides, Palmitoyl Tripeptide 1 & 7, that helps to reduce the look of fine lines and wrinkles and visibly smooth skin while supporting the look of skin elasticity.
Shea Butter: A rich plant lipid that promotes moisturized and supple-looking skin.
Hyaluronic Acid: Helps preserve your skin’s moisture for a more hydrated and plump look.","Water (Aqua), Glycerin, Propanediol, Pentylene Glycol, Isononyl Isononanoate, Limnanthes Alba (Meadowfoam) Seed Oil, Castor Oil/IPDI Copolymer, Carbomer, Palmitoyl Tripeptide-1, Caprylic/Capric Triglyceride, Palmitoyl Tetrapeptide-7, Sodium Hydroxide, Trisodium Ethylenediamine Disuccinate, Sodium Lactate, Polysorbate 20, Sodium Hyaluronate, Cellulose Gum, Butyrospermum Parkii (Shea) Butter, Sorbitan Oleate, Triethoxycaprylylsilane, Ethylene/Propylene/Styrene Copolymer, Phenoxyethanol, Butylene Glycol, Chlorphenesin, Tocopherol, Fragrance (Parfum), Iron Oxides (CI 77491, CI 77499), Titanium Dioxide (CI 77891).","For a more precise application, apply a thin layer directly to areas of your body with fine lines and wrinkles. Massage into the skin in circular motions until fully absorbed. Use twice a day for best results.
Pro tip! B-GLOSSY makes the perfect base layer for the rest of your routine."
pimprod2045642,Naturium,Vitamin C Complex Serum,Treatment & Serums,Face Serums,$20.99,1.0 oz,https://media.ulta.com/i/ulta/2627280?w=100&h=100&fmt=auto,570 Reviews,"Benefits
Helps improve appearance of fine lines & wrinkles, for younger-looking skin
Helps skin look more radiant & bright
Shields skin from environmental stressors
Dermatologist tested
Fragrance free
Vegan, paraben & cruelty free
Key Ingredients
Stable L-Ascorbic Acid & Sodium Ascorbyl Phosphate: pure vitamin C conjugated to gold particles, diminishes the appearance of fine lines & wrinkles, works to brighten look of uneven skin tone, protects skin from environmental stressors
Glycerin: Potent humectant that hydrates & locks in moisture while leaving skin feeling soft & supple
Bioactive Fruit Complex: derived from mango, papaya, & pineapple; nourishes & moisturizes while helping to promote glowing skin
Research Results
100% of subjects showed improvement in hydration immediately
100% of subjects showed improvement in the look of fine lines & wrinkles in 8 weeks*
In an 8-week clinical study on subjects (women & men), representation across all skin types & self-perceived sensitive skin","Water (Aqua), Glycerin, Propanediol, Sodium Ascorbyl Phosphate, Ascorbic Acid, Glutathione, Ananas Sativus (Pineapple) Fruit Extract, Carica Papaya (Papaya) Fruit Extract, Mangifera Indica (Mango) Fruit Extract, Terminalia Ferdinandiana Fruit Extract, Pleiogynium Timoriense Fruit Extract, Podocarpus Elatus Fruit Extract, Aloe Barbadensis Leaf Juice, Sodium Hyaluronate, Carbomer, Tocopheryl Acetate, Phenoxyethanol, Caprylyl Glycol, Citric Acid, Hydroxyethylcellulose, Sodium Hydroxide, Beta-Glucan, Potassium Sorbate, Hexylene Glycol, Sorbitol, Xanthan Gum, Algin, Benzoic Acid, Sorbic Acid, 1,2-Hexanediol, Sodium Benzoate, Disodium Phosphate, Gold, Polysorbate 60, Sodium Phosphate.","Shake well. Apply an even layer onto face, neck and chest morning and night, avoiding the eye area. For best results, follow with moisturizer and use SPF in the morning. Patch test prior to use is advised.
For external use only. Use only as directed."
pimprod2049983,PEACH & LILY,Pure Radiance Brightening Eye Cream,Eye Treatments,Eye Cream,$43.00,0.5 oz,https://media.ulta.com/i/ulta/2635658?w=100&h=100&fmt=auto,9 Reviews,"Benefits
Triple-action formula visibly brightens, depuffs, and tightens the delicate eye area
Powerful yet gentle ingredients energize and awaken the appearance of dull, tired eyes
Improves the appearance of dark circles, undereye bags, and puffiness
Hydrating and nourishing formula promotes a healthy-looking all-over eye area
Rich, creamy yet weightless formula absorbs quickly
Wears well with makeup without pilling or flaking
100% Worry Free: Peach & Lily formulas are non-toxic, alcohol-free, fragrance-free, & gluten-free
Key Ingredients
Caffeine: helps to reduce the look of puffiness and discoloration
Diglucosyl Gallic Acid: visibly brightens and improves the appearance of dark circles
Korean Herbal Eye Complex: a proven, time-tested blend of fruit and herbal extracts that holistically target the root causes of visibly tired, dull eyes","Water, Glycerin, Butylene Glycol, Caprylic/capric Triglyceride, Cetyl Ethylhexanoate, Polyglyceryl-3 Methylglucose Distearate, Hydrogenated Polyisobutene, 1,2-hexanediol, C10-18 Triglycerides, Butyrospermum Parkii (shea) Butter, Hydrogenated Polydecene, Cetearyl Alcohol, Caffeine, Diglucosyl Gallic Acid, Hexylresorcinol, Angelica Acutiloba Root Extract, Nelumbo Nucifera Root Extract, Ginkgo Biloba Leaf Extract, Glycyrrhiza Glabra (licorice) Leaf Extract, Panax Ginseng Root Extract, Caesalpinia Sappan Bark Extract, Prunus Persica (peach) Kernel Extract, Lindera Strychnifolia Root Extract, Sodium Hyaluronate, Theobroma Cacao (cocoa) Extract, Ceramide Np, Ceramide As, Ceramide Ns, Ceramide Ap, Ceramide Eop, Cyperus Rotundus Root Extract, Nonapeptide-1, Dipeptide-2, Acetyl Tetrapeptide-5, Acetyl Hexapeptide-8, Copper Tripeptide-1, Tripeptide-1, Palmitoyl Tripeptide-1, Hexapeptide-9, Palmitoyl Pentapeptide-4, Cetearyl Olivate, Sorbitan Olivate, Gardenia Florida Fruit Extract, Paeonia Lactiflora Root Extract, Adansonia Digitata Seed Oil, Carthamus Tinctorius (safflower) Extract, Cinnamomum Zeylanicum Bark Extract, Dioscorea Japonica Root Extract, Hibiscus Esculentus Fruit Extract, Euphorbia Cerifera (candelilla) Wax, Carbomer, Hydrogenated Lecithin, Glyceryl Stearate Se, Palmitic Acid, Stearic Acid, Tocopherol, Dextrin, Ethylhexyl Palmitate, Sorbitan Isostearate, Arginine, Caprylyl Glycol, Polyglyceryl-10 Laurate, Hydroxyethyl Acrylate/sodium Acryloyldimethyl Taurate Copolymer, Polyacrylate-13, Glyceryl Acrylate/acrylic Acid Copolymer, Ethylhexylglycerin.","Tap onto clean, dry skin, all over the eye area from undereyes to lids. Can be used daily, AM and PM,
Avoid contact with eyes. Keep out of reach of children. Store in a cool and dry place.
Precautions: Avoid contact with eyes. Keep out of reach of children. Store in a cool and dry place."
pimprod2023927,Good Molecules,Niacinamide Serum,Treatment & Serums,Face Serums,$6.00,1.0 oz,https://media.ulta.com/i/ulta/2582309?w=100&h=100&fmt=auto,789 Reviews,"Benefits
The lightweight, water-based formula layers seamlessly under skincare and makeup, making it ideal for daily use.
Key Ingredients
Niacinamide - Improve the look of enlarged pores, uneven skin tone and texture, and dullness; also helps to maintain a healthy, hydrated looking complexion.","Water, Niacinamide, Dipropylene Glycol, 1,2-Hexanediol, Glycerin, Betaine, Ammonium Acryloyldimethyltaurate/VP Copolymer, Xanthan Gum, Ethylhexylglycerin.","Apply a few drops to your skin in the morning and at night before oils, moisturizers, and creams. Suitable for daily use."
pimprod2049864,Bubble,Super Cuties Trial Kit,Eye Treatments,Eye Cream,$30.00,,https://media.ulta.com/i/ulta/2636991?w=100&h=100&fmt=auto,626 Reviews,"Benefits
Developed with dermatologists.
Helps support a healthy skin barrier.
Promotes a calm, balanced, and hydrated complexion.
Key Ingredients
Hyaluronic Acid helps your skin attract and retain moisture.
Plant Based Ceramides help replenish the natural building blocks of your skin barrier.
Green Tea Extract helps calm and soothe skin, plus protect it from environmental stressors.
Lavender Flower Water helps calm, purify, and soothe skin.
Avocado Oil helps nourish dry skin, reduce redness, soften, and moisturize.
Includes
Fresh Start Gel Cleanser (0.33 oz)
Soft Launch Hydrating Cream Cleanser (0.33 oz)
Water Slide Hydration Boosting Serum (0.17 oz)
Slam Dunk Hydrating Moisturizer (0.33 oz)
Cloud Surf Water Cream Moisturizer (0.33 oz)
Morning Rays Brightening Eye Cream (0.10 oz)
Travel bag","Fresh Start: Water (Aqua), Disodium Cocoyl Glutamate, Glycerin, Acrylates/Steareth-20 Methacrylate Copolymer, Sodium Cocoyl Glutamate, Lavandula Angustifolia (Lavender) Flower Water, Aloe Barbadensis Leaf Juice, Ascorbic Acid, Butylene Glycol, Caffeine, Citric Acid, Ethylhexylglycerin, Gluconolactone, Hydrolyzed Rhodophyceae Extract, Mentha Viridis (Spearmint) Leaf Extract, Tocopherol, Phenoxyethanol, Potassium Sorbate, Sodium Benzoate, Sodium Sulfite.
Soft Launch: Water (Aqua), Cocamidopropyl Hydroxysultaine, Polyglyceryl-2 Stearate, Behenyl Alcohol, Polyacrylate Crosspolymer-6, Glycolipids, Glyceryl Stearate, Pentylene Glycol, Sphingomonas Ferment Extract, Allantoin, Ceramide NP, Ceramide AP, Ceramide EOP, Persea Gratissima (Avocado) Oil, Sodium Phytate, Sodium Lauroyl Lactylate, Polylysine, Phytosphingosine, Cholesterol, Sodium Methyl Cocoyl Taurate, Xanthan Gum, Carbomer, Phenoxyethanol, Stearyl Alcohol, Citric Acid, Trisodium Ethylenediamine Disuccinate, Polyglyceryl-6 Dicaprate, Ethylhexylglycerin.
Water Slide: Water (Aqua), Propanediol, Glycerin, Squalane, Saccharide Isomerate, Niacinamide, Capryloyl Glycerin/Sebacic Acid Copolymer, Acrylates/C10-30 Alkyl Acrylate Crosspolymer, Aloe Barbadensis Leaf Juice, Anastatica Hierochuntica Extract, Beta-Sitosterol, Butyrospermum Parkii Butter, Ceramide NG, Ceramide NP, Cetearyl Olivate, Cetyl Alcohol, Citric Acid, Diheptyl Succinate, Ethylhexylglycerin, Euphorbia Cerifera (Candelilla) Cera, Gluconolactone, Glyceryl Acrylate/Acrylic Acid Copolymer, Glyceryl Behenate, Lactic Acid, Lauryl Glucoside, Lecithin, Oleic Acid, Opuntia Ficus-Indica Seed Oil, Palmitoyl Tetrapeptide-7, Palmitoyl Tripeptide-1, Pentylene Glycol, Phytic Acid, Polyglyceryl 4 Isostearate, Potassium Hydroxide, Sodium Citrate, Sodium Hyaluronate, Sodium Hyaluronate Crosspolymer, Sodium Lactate, Sorbitan Olivate, Sucrose, Tocopherol, Tocopheryl Acetate, Tremella Fuciformis (Mushroom) Extract, Xanthan Gum, Phenoxyethanol, Sodium Benzoate.
Slam Dunk: Water (Aqua), Isononyl Isononanoate, Glycerin, Heptyl Undecylenate, Glyceryl Stearate Citrate, Caprylic/Capric Triglyceride, Polyglyceryl-3 Stearate, Acrylates/C10-30 Alkyl Acrylate Crosspolymer, Aloe Barbadensis Leaf Juice Powder, Anthemis Nobilis Flower Extract, Arginine, Butyrospermum Parkii (Shea) Butter, Cetyl Alcohol, Glucose, Hoya Lacunosa Flower Extract, Hydrogenated Lecithin, Hydrolyzed Pea Protein, Oenothera Biennis (Evening Primrose) Oil, Persea Gratissima (Avocado) Oil, Sodium Chloride, Sodium Phytate, Sodium Succinate, Tocopherol, Tocopheryl Acetate, Phenoxyethanol.
Cloud Surf: Water (Aqua), Caprylic/Capric Triglyceride, Glycerin, Cetyl Ethylhexanoate, Cetearyl Alcohol, Dicaprylyl Carbonate, Butylene Glycol, Glyceryl Stearate, Isododecane, 1,2-Hexanediol, Apium Graveolens (Celery) Seed Extract, Biosaccharide Gum-4, Citric Acid, Ethylhexylglycerin, Fructose, Hibiscus Sabdariffa Flower Extract, Hydroxyethyl Acrylate/Sodium Acryloyldimethyl Taurate Copolymer, Maltodextrin, Polyacrylate Crosspolymer-6, Polylysine, Sodium Hydroxide, Sorbitan Isostearate, Syringa Vulgaris (Lilac) Extract, Tocopherol, Trifolium Pratense (Clover) Flower Extract, Withania Somnifera Root Extract, Phenoxyethanol, Potassium Sorbate.
Morning Rays: Water (Aqua), Glycerin, Ethylhexyl Palmitate, Tetrahexyldecyl Ascorbate, Cetearyl Alcohol, Hydroxyethyl Acrylate/Sodium Acryloyldimethyl Taurate Copolymer, Butylene Glycol, Simmondsia Chinensis (Jojoba) Seed Oil, Acetyl Tetrapeptide-5, Anhydroxylitol, Camellia Sinensis Seed Oil, Cetearyl Glucoside, Cetearyl Olivate, Curcuma Longa (Turmeric) Root Extract, Ethylhexylglycerin, Fraxinus Excelsior Bark Extract, Glycolic Acid, Leuconostoc/Radish Root Ferment Filtrate, Niacinamide, Resveratrol, Silanetriol, Sodium Hydroxide, Sorbitan Isostearate, Sorbitan Olivate, Tocopherol, Vitis Vinifera (Grape) Seed Oil, Xylitol, Xylitylglucoside, Phenoxyethanol.","AM and PM, apply 1-2 pumps of Fresh Start or Soft Launch to wet skin. Rinse off and pat dry. Follow with 1 pump of Water Slide and allow to absorb for one minute. Next, evenly apply 1-2 pumps of Slam Dunk or Cloud Surf. Finish by gently tapping 1-2 pumps of Morning Rays on the undereye area (and top it all off with a Bubble SPF if it's your morning routine)."
pimprod2045652,Naturium,Multi-Peptide Moisturizer,Moisturizers,Face Moisturizer,$19.99,1.7 oz,https://media.ulta.com/i/ulta/2627353?w=100&h=100&fmt=auto,356 Reviews,"Benefits
Moisturizes, leaving skin feeling soft and supple
Helps improve appearance of texture, for smoother feeling skin
Fragrance free
Vegan, paraben & cruelty free
Key Ingredients
Multi-Peptide Blend: improves the look of fine lines & wrinkles
Encapsulated Ethylated Vitamin C: provides anti-oxidant protection from free radicals and helps brighten appearance of skin
Panthenol: moisturizes the skin and helps reduce inflammation
Research Results
CLINICALLY PROVEN RESULTS*
100% of subjects showed improvement in the look of fine lines & wrinkles in 8 weeks
100% of subjects showed doubled hydration levels instantly
*In an 8-week clinical study on subjects (women & men), representation across all skin types & self-perceived sensitive skin","Aqua, Glycerin, Dimethicone, Simmondsia Chinensis (Jojoba) Seed Oil, Squalane, Glyceryl Stearate, Cetyl Alcohol, Niacinamide, Stearyl Alcohol, Palmitoyl Tripeptide-5, Pantolactone, Palmitoyl Tripeptide-1, Palmitoyl Tetrapeptide-7, Hydrolyzed Plukenetia Volubilis Seed Extract, Dunaliella Salina Extract, Sodium Hyaluronate, 3-O-Ethyl Ascorbic Acid, Panthenol, Caryodendron Orinocense Seed Oil, Honokiol, Magnolol, Palmitic Acid, Sorbitan Oleate, Aluminum Starch Octenylsuccinate, Hydroxyacetophenone, Stearic Acid, Acrylamide/Sodium Acryloyldimethyltaurate Copolymer, Polyglyceryl-6 Laurate, 1,2-Hexanediol, Boron Nitride, Caprylyl Glycol, Polyglyceryl-10 Oleate, Isohexadecane, Butylene Glycol, Chlorphenesin, Acrylates/C10-30 Alkyl Acrylate Crosspolymer, Tocopheryl Acetate, Polysorbate 80, Sorbitan Palmitate, Sodium Hydroxide, Sodium Benzoate, Carbomer, Sodium Lactate, Phenoxyethanol, Polysorbate 20, Citric Acid, Ethylhexylglycerin, Potassium Sorbate.","Using upward motions, massage gently onto face, neck and chest. Wear SPF during the day. Patch test prior to use is advised."
pimprod2043255,St. Tropez,Self Tan Suprême Violet Bronzing Mousse,Suncare,Self-Tanning & Bronzing,$48.00,6.7 oz,https://media.ulta.com/i/ulta/2620253?w=100&h=100&fmt=auto,651 Reviews,"Benefits
Tinted for easy application, no streaks here
Hydrating mousse for nourished looking skin
Rinse off after 8 hours for optimum results. A taste of the good life in as little as 30 minutes if you desire
An undeniable, ultra-rich, natural olive tan
Long-lasting deep tan that fades evenly","Aqua (Water), Dihydroxyacetone, Caramel, Pentylene Glycol, Ethoxydiglycol, Glycerin, PPG-5-Ceteth-20, Erythrulose, Coco-Glucoside, Dimethyl Isosorbide, Propanediol, Phenoxyethanol, Parfum (Fragrance), Melanin, Hydrolyzed Jojoba Esters, Sodium Metabisulte, Hydroxyethylcellulose, Tocopherol, Benzyl Salicylate, Citric Acid, Caprylyl Glycol, Decylene Glycol, Porphyridium Cruentum Extract, Leuconostoc/Radish Root Ferment Filtrate, Geraniol, Coumarin, Limonene, Alpha-Isomethyl Ionone, CI 16035 (Red 40), CI 19140 (Yellow 5), CI 42090 (Blue 1), CI 17200 (Red 33).","Step 1. PREP It's in the details. Create a flawless base by exfoliating and moisturizing dry areas, hands, feet, ankles and wrists.
Step 2. APPLY Glide on using a mitt.
Step 3. RINSE Shower off after 8 hours for an ultra dark result or rinse after 30 minutes for a taste of the good life.
Step 4. BE BEACH READY Your tan will develop over 3-6 hours. Exfoliate & moisturize daily to extend the glow.
Precautions: Patch test 24 hours prior to use. Do not apply to sensitive, broken, irritated skin. Do not get in eyes, if you do rinse well with water. Avoid contact with lips. Self tan may stain. Wash palms after use. Store below 86 degrees F. This product does not contain a sunscreen and does not protect against sunburn. Repeated exposure of unprotected skin while tanning may increase the risk of skin ageing, skin cancer and other harmful effects to the skin even if you do not burn."
pimprod2021621,Sun Bum,Face Mist SPF 45,Moisturizers,Face Mists & Essences,$18.49,3.4 oz,https://media.ulta.com/i/ulta/2575599?w=100&h=100&fmt=auto,143 Reviews,"Benefits
Lightweight protection from harmful UV Rays
Relieve minor skin irritations
Soothe sensitive skin with Witch Hazel
Reef Friendly (Oxybenzone Free & Octinoxate Free)","Active: Avobenzone 3%, Homosalate 15%, Octisalate 5%, Octocrylene 7%.",Precautions: Keep out of eyes
pimprod2022940,Clarins,Total Eye Lift Firming & Smoothing Eye Cream,Eye Treatments,Eye Cream,$92.00,0.5 oz,https://media.ulta.com/i/ulta/2567848?w=100&h=100&fmt=auto,"4,785 Reviews","Benefits
Formulated with ingredients of 94% natural origin
Minimizes the appearance of dark circles and persistent puffiness
Leaves the eye area looking replenished, rested, brighter, and refreshed
Enhances lashes and brows
Sensorial, lightweight balm melts into the skin - prepping the delicate eye area for flawless makeup application and long-lasting wear
Gentle eye cream is ideal for all ages and skin types, including contact lens wearers and those with sensitive eyes
Key Ingredients
Albizia Extract + Escin: minimize the look of dark circles
Organic Harungana Extract: as effective as retinol**, and gentle on the skin - firms skin around the eye contours
Cassie Flower Wax: helps tighten and smooth lines and wrinkles
Organic Shea Butter: nourishes, softens and comforts skin
D-panthenol: enhances lashes and eyebrows
Research Results
Immediate ""Lift"" Effect: 81% more open eye area, 80% eye contour is visibly lifted in 60 seconds***
Results in 4 weeks: 88% eyes appear rested, 86% skin is firmer, 85% skin is tighter, 83% dark circles minimized, 82% wrinkles diminished, 81% skin is replenished****
***Satisfaction test - reported by 110 women - 60 seconds after the first application
****Satisfaction test-reported by 110 women after 28 days of use","Aqua/Water/Eau, Glycerin, Caprylic/Capric Triglyceride, Propanediol, Cetearyl Alcohol, Betaine, Hydrogenated Coco-Glycerides, Panthenol, Glyceryl Stearate, Peg-100 Stearate, Pentylene Glycol, Butyrospermum Parkii (Shea) Butter, Cetearyl Glucoside, Albizia Julibrissin Bark Extract, Acacia Farnesiana Flower Wax, Caffeine, Steareth-21, Dimethicone, Carbomer, Chlorphenesin, Ethylhexylglycerin, Tocopheryl Acetate, CI 77891/Titanium Dioxide, Synthetic Fluorphlogopite, Disodium Edta, Escin, Parfum/Fragrance, Butylene Glycol, Dimethiconol, Sodium Hydroxide, Alcohol, Harungana Madagascariensis Extract, Olea Europaea (Olive) Fruit Extract, Paullinia Cupana Seed Extract, Sodium Benzoate, Tin Oxide, Acetyl Tetrapeptide-2, Dextran [V3894A].","With fingertips, gently press under the eyes, over the eyelids, and onto lashes - from inner corners of eyes to temples. Tap gently between eyebrows."
pimprod2042403,VANICREAM,Daily Facial Moisturizer with Hyaluronic Acid and Ceramides,Moisturizers,Face Moisturizer,$18.99,3.0 oz,https://media.ulta.com/i/ulta/2619671?w=100&h=100&fmt=auto,149 Reviews,"Benefits
Contains ingredients that are essential components of the skin and benefit all skin types
Kid-friendly
Dermatologist Recommended
Key Ingredients
Hyaluronic acid: Helps retain the skin's moisture
5 key ceramides: Help to hydrate and retain the skin's moisture
Formulated Without
Dyes
Essential oils
Gluten
Parabens
Fragrance","Water, Squalane, Glycerin, Pentylene Glycol, Polyglyceryl-2 Stearate, Glyceryl Stearate, Stearyl Alcohol, Hyaluronic Acid, Ceramide EOP, Ceramide NG, Ceramide NP, Ceramide AS, Ceramide AP, Carnosine, Hydrogenated Lecithin, Phytosterols, Caprylyl Glycol, Polyacrylate Crosspolymer-11, 1,2-Hexanediol.",Apply as needed day or night.
pimprod2049889,Kopari Beauty,Sun Voyage SPF Travel Kit,By Category,Skin Gifts,$42.00,,https://media.ulta.com/i/ulta/2634894?w=100&h=100&fmt=auto,17 Reviews,"Benefits
Sun Shield Body Glow Sunscreen SPF 50: Lightweight, body-gel SPF packed with moisturizing oils and vitamins. Offers organic broad-spectrum UVA/UVB protection, applies clear, and absorbs seamlessly. Infused with Kopari's signature coconut milk scent.
Sun Shield On-The-Glow Sheer Stick Sunscreen SPF 40: Portable, easy-to-use stick offers a radiant glow on the go with a non-greasy formula. With 40 minutes of sweat- and water-resistant, this glowing stick offers organic broad-spectrum UVA/UVB protection for the face and body.
Sunglaze Sheer Setting Mist Sunscreen SPF 50: Fine face mist that provides a weightless, invisible finish with SPF 50 protection, setting makeup and easily refreshing skin throughout the day with a radiant glow.
Formulated Without
PEGs, Silicone, Phthalates, Sulfates, & Artificial Colorants
Includes
Sun Shield Body Glow Sunscreen SPF 50 (1.0 oz)
Sun Shield On-The-Glow Sheer Stick Sunscreen SPF 40 (1.0 oz)
Sunglaze Sheer Setting Mist Sunscreen SPF 50 (1.35 oz)
Limited Edition Mesh Travel Pouch","Sun Shield Body Glow Sunscreen Spf 50: Active: Avobenzone 3% Homosalate 10% Octocrylene 10% Octisalate 5%. Inactive: Octyldodecanol, C12-15 Alkyl Benzoate, Polyamide-3, Butyloctyl Salicylate, Octyldodecyl Neopentanoate, Fragrance (Parfum), Persea Gratissima (Avocado) Oil, Hibiscus Sabdariffa Seed Oil, Cocos Nucifera (Coconut) Oil, Pentaerythrityl Tetra-Di-T-Butyl Hydroxyhydrocinnamate, Aleurites Moluccana Seed Oil, Tocopheryl Acetate, Macadamia Ternifolia Seed Oil, Benzyl Salicylate, Hexyl Cinnamal, Linalool, Mica (Ci 77019), Titanium Dioxide (Ci 77891), Iron Oxides (Ci 77491).
Sun Shield On-The-Glow Sheer Stick Sunscreen Spf 40: Active: Homosalate 10% Octocrylene 10% Octisalate 5% Avobenzone 3%. Inactive: C12-15 Alkyl Benzoate, Octyldodecanol, Butyloctyl Salicylate, Octyldodecyl Neopentanoate, Isostearyl Linoleate, Dibutyl Lauroyl Glutamide, Polyester-8, Dibutyl Ethylhexanol Glutamide, Silica Silyate, Cocos Nucifera (Coconut) Oil, Tocopherol, Glycine Soja (Soybean) Oil, Bisabolol, Zingiber Officinale (Ginger) Root Extract, Helianthus Annuus (Sunflower) Seed Oil, Aloe Barbadensis Leaf Extract, Fragrance/Parfum Benzyl Salicylate, Hexyl Cinnamal, Linalool, Synthetic Fluorphlogopite, Silica, Iron Oxides (Ci 77489), (Ci 77491).
Sunglaze Sheer Setting Mist Sunscreen Spf 50: Active: Avobenzone - 3.0% Homosalate - 0.5% Octisalate - 5.0% Octocrylene - 10.0%. Inactive: Alcohol Denat., Butyloctyl Salicylate, Diisopropyl Adipate, Lauryl Lactate, Dicaprylyl Carbonate, Sodium Hyaluronate, Sodium Hyaluronate Crosspolymer, Tetrahexyldecyl Ascorbate, Tocopherol, Citrus Aurantifolia (Lime) Oil, Litsea Cubeba Fruit Oil, Citrus Aurantium Dulcis (Orange) Peel Oil, Mentha Viridis (Spearmint) Leaf Oil, Citrus Aurantium Peel Oil, Hydrogenated Castor Oil, Oryza Sativa (Rice) Bran Extract, Communis (Castor) Seed Oil, Glycerin, Triethyl Citrate, Gamma Decalactone, Maltol, Dimethyl Heptenal, Hexyl Acetate, Ethyl Butyrate, Va/Butyl Maleate/Isobornyl Acrylate Copolymer, T-Butyl Alcohol, Mica, Water/Aqua/Eau, Propanediol, Polyglutamic Acid, Citric Acid, Sodium Benzoate, Limonene, Geraniol, Geranyl Acetate, Terpineol, 3,6-Nonadienol, Tin Oxide, Ci 77891 (Titanium Dioxide), Ci 77491 (Iron Oxides).","Sun Shield Body Glow Sunscreen SPF 50: Apply one layer of the gel onto skin and let it absorb. Reapply every 2 hours.
Sun Shield On-The-Glow Sheer Stick Sunscreen SPF 40: Glide the glow stick directly on face and body 15 minutes before sun exposure. Can be used on entire body throughout the day. Reapply every 2 hours to maintain sun protection and radiant glow.
Sunglaze Sheer Setting Mist Sunscreen SPF 50 Shake well before use. With eyes closed, spray generously and evenly over your face while holding spray 8-10 inches away. Apply 15 minutes before sun exposure and reapply every 2 hours. Do not spray directly into eyes.
Precautions: For external use only. Do not use on damaged or broken skin. When using this product keep out of eyes. Rinse with water to remove. Stop use and ask a doctor if rash occurs."
pimprod2046330,ULTA Beauty Collection,Jelly Bomb Lip Balm,Lips,Lip Balms & Treatments,$9.00,Passionfruit,https://media.ulta.com/i/ulta/2620109?w=100&h=100&fmt=auto,39 Reviews,"Benefits
Glossy finish with a sheer wash of color
Soft, jelly-like texture that feels comfortable on the lips
A blend of oils nourishes lips
Features
Proudly cruelty free with clean ingredients
Key Ingredients
Avocado oil: helps to nourish and condition lips
Castor seed oil: provides a smooth, glossy finish
Sunflower seed oil: rich in Vitamin E, it helps to keep lips soft and supple","Polybutene, Octyldodecanol, Polyglyceryl-2 Triisostearate, Dibutyl Lauroyl Glutamide, Silica Dimethyl Silylate, Tocopheryl Acetate, Fragrance/Parfum, Caprylyl Glycol, Phenoxyethanol, Persea Gratissima (Avocado) Oil, Ricinus Communis (Castor) Seed Oil, Tocopherol, Caprylic/Capric Triglyceride, Limonene, Linalool, Hexylene Glycol, Aloe Barbadensis Leaf Extract, Citral, Geraniol, Yellow 10 Lake (CI 47005), Yellow 5 Lake (CI 19140), Titanium Dioxide (CI 77891)",Swipe this must-have lip balm across your lips for a sheer wash of color and a burst of shine. It's the perfect addition to your lip routine. Pro tip: layer it over your favorite Ulta Beauty Collection lipstick for an extra glossy finish.
pimprod2049712,e.l.f. Cosmetics,The Hottest Drops Duo: Bronzing Drops & Holy Hydration! Thirst Burst Drops,By Category,Skin Gifts,$9.00,,https://media.ulta.com/i/ulta/2631987?w=100&h=100&fmt=auto,325 Reviews,"Includes
Bronzing Drops Mini in Pure Gold (0.33 oz)
Holy Hydration! Thirst Burst Drops Mini (0.33 oz)
Benefits
Travel-size duo of brightening & bronzing serums for a dewy, sun-kissed look (with or without makeup)
Thirst Burst Drops hydrate & brighten skin and leave a dewy, glowy finish
Bronzing Drops nourish, hydrate & impart skin with a sun-kissed tint
Great for: dry, oily & combination skin
Formulated without sulfates, phthalates, parabens, nonylphenol ethoxylates, triclosan, triclocarban & hydroquinone
e.l.f. is double-certified cruelty-free by Leaping Bunny & PETA
e.l.f. is proud to partner with Fair Trade USA & manufacture products in Fair Trade Certified facilities; look for the Fair Trade Certified seal on your e.l.f. product
Key Ingredients
Holy Hydration! Thirst Burst Drops are infused with 1% hydrating hibiscus complex & hyaluronic acid, plus brightening 5% niacinamide
Bronzing Drops contain antioxidants & sunflower seed oil","Holy Hydration! Thirst Burst Drops: Water (Aqua), Dipropylene Glycol, Butylene Glycol, Niacinamide, Cetyl Ethylhexanoate, Glycerin, Glycereth-26, Hydroxyacetophenone, 1,2- Hexanediol, Tocopherol, Tromethamine, Carbomer, Synthetic Fluorphlogopite, Hydrolyzed Sodium Hyaluronate, Ammonium Acryloyldimethyltaurate/VP Copolymer, Helianthus Annuus (Sunflower) Seed Oil, Acrylates/C10-30 Alkyl Acrylate Crosspolymer, Erythritol, Disodium EDTA, Hibiscus Sabdariffa Fruit Extract, Tin Oxide. May Contain: Titanium Dioxide (Cl 77891), Red 40 (CI 16035).
Bronzing Drops (Pure Gold): Water (Aqua), Trimethyl Pentaphenyl Trisiloxane, Hydrogenated Polyisobutene, Helianthus Annuus (Sunflower) Seed Oil, Glycerin, Synthetic Fluorphlogopite, Glyceryl Stearate Citrate, Bis-Behenyl/Isostearyl/Phytosteryl Dimer Dilinoleyl Dimer Dilinoleate, Mica, Tocopherol, Phenoxyethanol, Sorbitan Isostearate, Hydroxyethyl Acrylate/Sodium Acryloyldimethyl Taurate Copolymer, Carbomer, Caprylyl Glycol, Ethylhexylglycerin, Tromethamine, Disodium EDTA, Polysorbate 60, Tin Oxide Xanthan Gum, Sodium Citrate, Sclerocarya Birrea (Marula) Seed Oil, C12-15 Alkyl Benzoate, Tocopheryl Acetate, Rubus Idaeus (Raspberry) Seed Oil, Ubiquinone. May Contain: Iron Oxides (CI 77492, CI 77491, CI 77499), Titanium Dioxide (Cl 77891), Black 2 (CI 77266).
Ingredients may change or vary from time to time. Please refer to the packaging of the product you receive for the list of ingredients in your particular product.","Add 1-3 drops of Thirst Burst Drops and 1-3 drops of Bronzing Drops to the back of your hand, then mix together.
Apply to skin for your brightest, bronziest look yet."
pimprod2040110,First Aid Beauty,Facial Radiance Pads with Glycolic + Lactic Acids,Treatment & Serums,Face Peels & Exfoliators,$38.00,60 ct,https://media.ulta.com/i/ulta/2611953?w=100&h=100&fmt=auto,817 Reviews,"Benefits
Exfoliate away dull skin to help reveal a radiant and naturally glowing complexion
With regular use, this gentle exfoliator for sensitive skin also helps refine look of pores and texture for smoother skin that’s ready for flawless makeup application
Now compostable for daily use
Key Ingredients
Glycolic & Lactic Acids: Alpha hydroxy acids (AHAs) that exfoliate skin, helping it appear brighter and with improved texture
Lemon Peel: A natural extract that helps brighten skin's appearance
Cucumber Water: Helps cool, calm and soothe skin
Research Results
In a consumer perception study with 55 participants after 4 weeks:
92% agreed this product gently exfoliates and makes their skin look smoother
98% agreed these pads removed residual dirt and impurities after cleansing
92% agreed this product did not irritate or feel harsh on their skin","Aqua/Water/Eau, Aloe Barbadensis Leaf Juice, Glycerin, Cucumis Sativus (Cucumber) Fruit Water, Lactic Acid, Glycolic Acid, Sodium Hydroxide, Phenoxyethanol, Chrysanthemum Parthenium (Feverfew) Extract, Polysorbate 20, Camellia Sinensis Leaf Extract, Citrus Medica Limonum (Lemon) Peel Extract, Citrus Nobilis (Mandarin Orange) Fruit Extract, Glycyrrhiza Glabra (Licorice) Root Extract, Potassium Sorbate, Phyllanthus Emblica Fruit Extract, Sodium Benzoate, Citric Acid, Hyaluronic Acid, Chlorphenesin, EDTA, Tetrasodium EDTA.","Start with clean, dry skin.
Wipe pad across face, neck and décolleté once or twice daily.
Follow with moisturizer and SPF.
Dispose in trash or compost after use.
Precautions: Avoid contact with eyes. If contact occurs, rinse well with water. If irritation persists, discontinue use and consult a physician. Keep out of reach of children.
Anyone can use this product. A patch test is recommended for those with sensitive skin.
Sunburn Alert: This product contains Glycolic and Lactic Acids that may increase your skin's sensitivity to the sun and particularly the possibility of sunburn. Use sunscreen, wear protective clothing, and limit sun exposure while using this product and for a week afterwards."
pimprod2021615,Clinique,Moisture Surge 100H Auto-Replenishing Hydrator Gel Moisturizer with Hyaluronic Acid,Moisturizers,Face Moisturizer,$47.00,1.7 oz,https://media.ulta.com/i/ulta/2576545?w=100&h=100&fmt=auto,"4,023 Reviews","Benefits
All Skin Types.
Concern: Dehydration, dry skin.
Delivers instant hydration that soothes in 3 seconds.
100% instantly show a boost in hydration and glow.
Many things can dehydrate your skin, including stress, lack of sleep, pollution, air travel, and time spent in the sun. Fight back with Moisture Surge™ 100H Hydrator. Clinique’s gel moisturizer penetrates deep into skin’s surface for 100 hours of stabilizing hydration.
An antioxidant blend of vitamins C and E helps protect against daily dehydrators so your skin is more resilient.
Skin feels soothed with hydration in 3 seconds, and it keeps on glowing.
Preps for Makeup: Lightweight, refreshing moisturizer with hyaluronic acid provides a smooth canvas for makeup application.
Free Of: Fragrance, Parabens, Phthalates, Oil, Drying alcohol.
Dermatologist tested. Safe for sensitive skin. Allergy tested. 100% fragrance free.
Key Ingredients
Aloe bioferment: The aloe vera plant is concentrated over 500 times, then further transformed into a bioferment through a meticulous 10-step fermentation process over 5+ days. The result is a nutrient-rich ingredient that helps skin retain moisture.
Hyaluronic acid: This moisture-binding ingredient helps create a “moisture reservoir” for ideal hydration. Clinique’s formula is expertly blended with two different molecular weights of hyaluronic acid.
Blend of vitamins C and E: Helps provide antioxidant protection against daily dehydrators.
Auto-Replenishing Technology: Using activated aloe water and caffeine, it helps trigger skin’s own rehydration system.
Research Results
After one use:
100% show a boost in hydration* and glow.**
Boosts moisture immediately by +174%.
Provides 100 hours of stabilizing hydration.
*Clinical testing on 19 women.
**Clinical testing on 27 women.
After one week:
99% say skin feels deeply hydrated.*
95% say skin looks plump.*
91% say skin looks glowing.*
98% say skin feels more resilient.*
95% say skin feels healthier.*
*Consumer testing on 110 women.","Water\Aqua\Eau, Dimethicone, Butylene Glycol, Glycerin, Trisiloxane, Trehalose, Sucrose, Ammonium Acryloyldimethyltaurate/Vp Copolymer, Hydroxyethyl Urea, Camellia Sinensis (Green Tea) Leaf Extract, Silybum Marianum (Lady's Thistle) Extract, Betula Alba (Birch) Bark Extract, Saccharomyces Lysate Extract, Aloe Barbadensis Leaf Water, Aloe Barbadensis Leaf Extract, Thermus Thermophillus Ferment, Caffeine, Sorbitol, Palmitoyl Hexapeptide-12, Sodium Hyaluronate, Caprylyl Glycol, Oleth-10, Sodium Polyaspartate, Aloe Barbadensis Leaf Polysaccharides, Lactobacillus Ferment Lysate, Saccharide Isomerate, Hydrogenated Lecithin, Tocopheryl Acetate, Acrylates/C10-30 Alkyl Acrylate Crosspolymer, Glyceryl Polymethacrylate, Tromethamine, PEG-8, Hexylene Glycol, Magnesium Ascorbyl Phosphate, Citric Acid, BHT, Disodium EDTA, Sodium Citrate, Potassium Sorbate, Sodium Benzoate, Phenoxyethanol, Red 4 (CI 14700), Yellow 5 (CI 19140).
Please be aware that ingredient lists may change or vary from time to time. Please refer to the ingredient list on the product package you receive for the most up to date list of ingredients.",Use moisturizer morning and night on clean skin. Can be used under or over makeup and also as a 5-minute moisture mask.
pimprod2043900,Supergoop!,Unseen Sunscreen Stick SPF 40 Invisible Sun Protection,Suncare,Sunscreen,$32.00,0.7 oz,https://media.ulta.com/i/ulta/2620575?w=100&h=100&fmt=auto,304 Reviews,"Benefits
Supergoop!'s bestselling invisible Unseen Sunscreen in a portable, easy-to-apply stick!
Velvety formula with a natural finish
Powerful sun protection, with no white cast!
Glides over makeup with little-to-no transfer and no need to rub in
Recommended for normal, combination, dry, and oily skin types
Key Ingredients
Marina Bamboo Extract: Antioxidant that protects skin from the visible effects of blue light
Silica Powders: Absorb excess oils & gently reflect light to blur the appearance of skin
Meadowfoam Estolide: Helps increase hydration levels","Active: Avobenzone 3%, Homosalate 6%, Octisalate 5%, Octocrylene 9%.
Inactive: Isododecane, Octyldodecanol, Polymethylsilsesquioxane, Dicaprylyl Carbonate, Caprylic/Capric Triglyceride, Diisopropyl Adipate, Silica, Butyloctyl Salicylate, C12-15 Alkyl Benzoate, Isohexadecane, Dimethicone Crosspolymer, Dibutyl Lauroyl Glutamide, Silica Silylate, Dibutyl Ethylhexanoyl Glutamide, Ethylcellulose, Caprylyl Glycol, Diethylhexyl Syringylidenemalonate, Himanthalia Elongata Extract, Meadowfoam Estolide, Tocopherol.","Use Unseen Sunscreen Stick after your skincare routine, and reapply throughout the day as needed.
Remove the cap and discard the clear plastic disc on the top of the stick.
Twist the bottom of the pack to expose the sunscreen stick.
Swipe Unseen Sunscreen Stick generously and evenly across your face and body.
SPF Directions:
If this is the only SPF in your skincare routine, apply generously & evenly 15 minutes before sun exposure. Reapply at least every 2 hours or after 40 minutes of swimming or sweating.
Precautions: For external use only. Do not use on damaged or broken skin. Stop use and ask a doctor if rash occurs. When using this product keep out of eyes. Rinse with water to remove. Keep out of reach of children. If swallowed, get medical help or contact a Poison Control Center right away."
pimprod2018453,PEACH & LILY,Pure Peach Retinoic Eye Cream,Eye Treatments,Eye Cream,$43.00,0.67 oz,https://media.ulta.com/i/ulta/2568397?w=100&h=100&fmt=auto,593 Reviews,"Benefits
Visibly improve lines, deeply etched wrinkles, loss of firmness, dark circles and dryness
Eyes look visibly brighter, firmer, smoother, and more hydrated
Opthamologist-tested formula glides easily and absorbs quickly
100% Worry Free: Peach & Lily formulas are non-toxic, alcohol-free, fragrance-free, & gluten-free
Key Ingredients
Bakuchiol: a natural retinol alternative that visibly improves signs of photo-aging
Peach Extract: helps keep skin firm, radiant, and resilient
Superfood Complex: packed with antioxidants to help reverse visible signs of damage
Niacinamide: brightens the look of dark spots","Water, Cetyl Ethylhexanoate, Propanediol, Butylene Glycol, 1,2-Hexanediol, Glycerin, Niacinamide, Cetearyl Alcohol, Sodium Hyaluronate, Sodium Acetylated Hyaluronate, Hydrolyzed Hyaluronic Acid, Bambusa (Bamboo) Textilis Stem Extract, Arctium Lappa (Burdock) Root Extract, Morus Alba (Mulberry) Leaf Extract, Prunus Persica (Peach) Fruit Extract, Bakuchiol, Rosa Rubiginosa Seed Oil, Daucus Carota (Carrot) Sativa Root Water, Brassica Oleracea Italica (Broccoli) Extract, Panax Ginseng Root Extract, Spinacia Oleracea (Spinach) Leaf Extract, Aloe Barbadensis Leaf Extract, Acetyl Octapeptide-3, Camellia Sinensis Leaf Extract, Cucumis Sativus (Cucumber) Extract, Apium Graveolens (Celery) Extract, Melia Azadirachta Leaf Extract, Caprylyl Glycol, Sorbitan Olivate, Lactuca Scariola Sativa (Lettuce) Leaf Extract, Ceramide Np, Coccinia Indica Fruit Extract, Melia Azadirachta Flower Extract, Tocopheryl Acetate, Ferulic Acid, Tocopherol, Panthenol, Caprylic/Capric Triglyceride, Mangifera Indica (Mango) Seed Butter, Adenosine, Cetearyl Olivate, Hydrogenated Rapeseed Alcohol, Betaine, Acrylates/C10-30 Alkyl Acrylate Crosspolymer, Tromethamine, Ethylhexylglycerin, Polyglyceryl-4 Oleate, Glyceryl Olivate, Glyceryl Stearate, Propylene Glycol, Asparagus Officinalis Extract, Hydrogenated Lecithin, Phosphoric Acid, Corallina Officinalis Extract.","Pat onto eye area on clean, dry skin. Use in the PM daily.
External use only. Avoid contact with eyes. Keep out of reach of children. Store in a cool and dry place."
pimprod2030963,PEACH & LILY,Ginger Melt Oil Cleanser,K-Beauty,,$35.00,5.07 oz,https://media.ulta.com/i/ulta/2592879?w=100&h=100&fmt=auto,"1,101 Reviews","Benefits
Effortlessly dissolve and remove all makeup, including stubborn waterproof makeup
Deep clean skin thoroughly down to pores
Rinses off well without any residue - zero waxiness, greasiness, or heaviness
Leaves skin balanced and hydrated
100% Worry Free: Peach & Lily formulas are non-toxic, alcohol-free, fragrance-free, & gluten-free
Key Ingredients
Ginger: preserves skin elasticity and bounce
Pineapple: gently exfoliates dead skin cells
Sunflower Seed Oil: shields against dehydration
Grapeseed Oil: combats bacteria and evens skin tone","Cetyl Ethylhexanoate, Polyglyceryl-5 Dioleate, Glycerin, Hydrogenated Polydecene, Sorbitol, Water, Pentaerythrityl Tetraisostearate, Polyglyceryl-5 Oleate, Polyglyceryl-6 Caprylate, Helianthus Annuus (Sunflower) Seed Oil, Vitis Vinifera (Grape) Seed Oil, Camellia Sinensis Seed Oil, Zingiber Officinale (Ginger) Root Extract, Ananas Sativus (Pineapple) Fruit Extract, Centella Asiatica Extract, Lactobacillus/Papaya Fruit Ferment Extract, Calendula Officinalis Flower Extract, Glycyrrhiza Glabra (Licorice) Root Extract, Caprylyl Glycol, Citrus Junos Fruit Extract, Chamomilla Recutita (Matricaria) Flower Extract, Caprylhydroxamic Acid, Butylene Glycol, 1,2-Hexanediol, Ethylhexylglycerin.","Massage onto dry or damp skin. Rinse off thoroughly with water. Can be used daily, both AM and PM. Achieve a gentle and hydrating double cleanse by following up with Peach & Lily's Power Calm Hydrating Gel Cleanser.
External use only. Avoid contact with eyes. Keep out of reach of children. Store in a cool and dry place."
pimprod2030630,Supergoop!,PLAY Everyday Lotion SPF 30 with Sunflower Extract PA++++,Suncare,Sunscreen,$36.00,5.5 oz,https://media.ulta.com/i/ulta/2589405?w=100&h=100&fmt=auto,167 Reviews,"Benefits
Broad spectrum sunscreen that protects against UVA, UVB and IRA rays
Supergoop's original broad spectrum sunscreen lotion for face and body
Formulated with natural extracts of citrus and basil to give a light, non-sunscreen, and non-synthetic smell
For all skin types
Fast-absorbing and non-greasy
Water- and sweat-resistant for 80 minutes
Ideal for a day of play
Key Ingredients
Contains a natural antioxidant blend of Rice Bran Extract, Rosemary Extract, Sunflower Extract and Tocopherol (vitamin E derivative)
Rice Bran Extract: Helps condition and soften the skin
Rosemary Extract: Has a calming effect on the skin
Sunflower Extract: Helps protect your skin from the visual effects of external environmental elements
Tocopherol: Helps nourish and soften the skin
Natural aromatic extracts of basil, eucalyptus, orange, lemon, patchouli and wild geranium give the formula a fresh scent
Active Ingredients: Homosalate 10%, Octisalate 5%, Avobenzone 3%
Formulated Without
Supergoop! thoughtfully chooses ingredients based on global regulations and the latest scientific research. Supergoop! ""No List"" includes 1600+ ingredients that are never added in products, including oxybenzone, octinoxate, parabens, phthalates, sulfates and synthetic fragrances.","Active: Homosalate 10%, Octisalate 5%, Avobenzone 3%.
Inactive: Water, Polyester-8, Acrylates Copolymer, Diisopropyl Sebacate, Glycerin, Isodecyl Neopentanoate, Isododecane, Lauryl Lactate, Cetyl Alcohol, Potassium Cetyl Phosphate, Brassica Campestris/Aleurites Fordi Oil Copolymer, Oryza Sativa (Rice) Bran Extract, Cetearyl Olivate, Ammonium Acryloyldimethyltaurate/VP Copolymer, Hydroxyacetophenone, Sorbitan Olivate, Diethylhexyl Syringylidenemalonate, Aniba Rosaeodora (Rosewood) Wood Oil, Chlorphenesin, Citrus Aurantium Dulcis (Orange) Peel Oil, Citrus Limon (Lemon) Peel Oil, Ethylhexylglycerin, Eucalyptus Globulus Leaf Oil, Ocimum Basilicum (Basil) Flower/Leaf Extract, Pelargonium Graveolens Flower Oil, Pogostemon Cablin Oil, Pentylene Glycol, 1,2-Hexanediol, Caprylyl Glycol, Xanthan Gum, Helianthus Annuus (Sunflower) Extract, Behenic Acid, Cetyl Behenate, Isostearyl Isostearate, Trisodium Ethylenediamine Disuccinate, Tocopherol, Allantoin, Rosmarinus Officinalis (Rosemary) Leaf Extract, Caprylic/Capric Triglyceride, Panthenol, Pentasodium Triphosphate, Citric Acid.","Apply generously and evenly 15 minutes before sun exposure. Reapply at least every 2 hours, after 80 minutes of swimming or sweating or immediately after towel drying.
Precautions: For external use only. Do not use on damaged or broken skin. Stop use and ask a doctor if rash occurs. When using this product keep out of eyes. Rinse with water to remove. Keep out of reach of children. If swallowed, get medical help or contact a Poison Control Center right away."
pimprod2018263,La Roche-Posay,Cicaplast Balm B5 Soothing Therapeutic Multi Purpose Cream,Treatment & Serums,Body Treatments,$18.99,1.3 oz,https://media.ulta.com/i/ulta/2570171?w=100&h=100&fmt=auto,"2,115 Reviews","Benefits
Hydrates dry skin and soothes visible signs of skin irritation caused by dryness
Skin balm provides daily relief for dry to very dry skin on the face, lips, body and hands with shea butter and glycerin
Rich, hydrating, non-greasy, non-sticky skin balm formula leaves a matte finish
Soothes the skin with panthenol (a form of vitamin B5) and mineral-rich La-Roche Posay Thermal Spring Water
Suitable for adults, children and babies over 4 months old
Suitable for sensitive skin
Dermatologist and allergy tested
Key Ingredients
Panthenol (a form of vitamin B5) soothes rough, dry skin
Shea butter and glycerin help nourish and hydrate the skin
Madecassoside, copper, zinc and maganese help visibly reduce the appearance of dry, irritated skin
La Roche-Posay Thermal Spring Water is naturally rich in minerals with scientifically demonstrated soothing and antioxidant properties
Formulated Without
Lanolin
Fragrance
Parabens","Aqua/ Water, Hydrogenated Polyisobutene, Dimethicone, Glycerin, Butyrospermum Parkii Butter / Shea Butter, Panthenol, Propanediol, Butylene Glycol, Aluminum Starch Octenylsuccinate, Cetyl Peg/Ppg-10/1 Dimethicone, Trihydrox Tearin, Zinc Gluconate, Madecassoside, Manganese Gluconate, Silica, Aluminum Hydroxide, Magnesium Sulfate, Disodium Edta, Copper Gluconate, Capryloyl Glycine, Citric Acid, Acetylated Glycol Stearate, Polyglyceryl-4 Isostearate, Tocopherol, Pentaerythrityl Tetra-Di-T-Butyl Hydroxyhydrocinnamate, Ci 77891 / Titanium Dioxide.","Step 1: Use to nourish and soothe dry skin irritations.
Step 2: Apply cream as needed to clean, dry skin.
Can be applied to body, face, and lips Avoid eye area"
pimprod2043525,The Ordinary,Hyaluronic Acid 2% + B5 Hydrating Serum with Ceramides,Treatment & Serums,Face Serums,$9.90,1.0 oz,https://media.ulta.com/i/ulta/2618749?w=100&h=100&fmt=auto,"1,156 Reviews","Benefits
Replenishes dehydrated skin
Smooths skin texture for healthy-looking skin
Minimizes the appearance of fine dry lines
Hyaluronic acid serum to hydrate, smooth and visibly reduce lines and wrinkles
Lightweight serum texture that dries with a non-tacky finish
Key Ingredients
This serum formulation contains five types of hyaluronic acid, pro-vitamin B5 and ceramides
Hyaluronic Acid 2%: help the skin retain moisture, re-plump dry, dehydrated areas, and improve skin suppleness
Ceramides: lock in moisture and support the skin barrier, ensuring long-term hydration
Pro-Vitamin B5 (Panthenol): Supports the formation of essential skin barrier components like ceramides and fatty acids, improving the skin's moisture retention and a healthy appearance
Research Results
Instantly: Skin is hydrated, barrier is supported.*
After 1 week: Skin feels smoother and softer. Hydration levels increase continually week over week.*
After 2 weeks: Skin is firmer and more plump.*
After 4 weeks: Lines and wrinkles look smoothed, nasolabial folds look plumper. Skin's elasticity and suppleness are improved.*
*Clinical testing in 32 people, 2 times per day.","Aqua (water), Sodium Hyaluronate, Propanediol, Pentylene Glycol, Hydrolyzed Hyaluronic Acid, Sodium Hyaluronate Crosspolymer, Phospholipids, Sphingolipids, Panthenol, Ahnfeltiopsis Concinna Extract, Glycerin, Polysorbate 20, Citric Acid, Sodium Citrate, P-anisic Acid, Tocopherol, Trisodium Ethylenediamine Disuccinate, Caprylyl Glycol, Ethoxydiglycol, Ethylhexylglycerin, Hexylene Glycol, Phenoxyethanol, Chlorphenesin.
Formulated without: Alcohol, Oil, Silicone, Gluten","Apply a few drops to the face in the morning and evening.
If irritation occurs, rinse off, cease use, and consult a physician.
Use only as directed on unbroken skin.
Patch testing prior to use is advised.
Keep out of reach of children.
This new serum formula has a hint of yellow due to the addition of ceramides"
pimprod2039392,SUNDAY RILEY,Wake Up With Me Complete Brightening Morning Routine,By Price,$100 and Under,$95.00,,https://media.ulta.com/i/ulta/2610062?w=100&h=100&fmt=auto,19 Reviews,,,
pimprod2032672,Dermalogica,Mini Daily Milkfoliant Exfoliator,Travel Size Skin Care,,$19.50,0.45 oz,https://media.ulta.com/i/ulta/2595548?w=100&h=100&fmt=auto,"1,096 Reviews",,,
pimprod2050011,Bioderma,Sensibio H2O Micellar Water Face Cleanser for Sensitive Skin,Cleansers,Face Wash,$19.99,16.9 oz,https://media.ulta.com/i/ulta/2636044?w=100&h=100&fmt=auto,143 Reviews,,,
pimprod2042764,Estée Lauder,Perfectionist Pro Rapid Brightening Serum,Treatment & Serums,Face Serums,$95.00,1.0 oz,https://media.ulta.com/i/ulta/2619152?w=100&h=100&fmt=auto,951 Reviews,,,
pimprod2050470,First Aid Beauty,Hydrating Dewy Gel Cream Moisturizer with Hyaluronic Acid +Ceramides,Moisturizers,Face Moisturizer,$38.00,1.9 oz,https://media.ulta.com/i/ulta/2635396?w=100&h=100&fmt=auto,105 Reviews,,,
pimprod2022854,Shiseido,Clear Sunscreen Stick SPF 50+,Suncare,Sunscreen,$32.00,0.7 oz,https://media.ulta.com/i/ulta/2576053?w=100&h=100&fmt=auto,"1,488 Reviews",,,
pimprod2042521,MAËLYS,RE-LURE Tight & Tone Body Serum,Body Moisturizers,Body Serums & Oils,$69.00,3.5 oz,https://media.ulta.com/i/ulta/2619661?w=100&h=100&fmt=auto,618 Reviews,,,
pimprod2050096,TULA,24-7 Moisture Hydrating Day Cream with SPF 30,Moisturizers,Face Moisturizer,$58.00,1.5 oz,https://media.ulta.com/i/ulta/2635150?w=100&h=100&fmt=auto,219 Reviews,,,
pimprod2035703,Garnier,SkinActive Micellar Replumping Hyaluronic Acid Micellar Water,Cleansers,Face Wash,$11.99,13.5 oz,https://media.ulta.com/i/ulta/2600829?w=100&h=100&fmt=auto,"2,410 Reviews",,,
pimprod2052328,Bubble,Cosmic Silk Hydrating Milky Toner,Cleansers,Toner,$16.00,3.4 oz,https://media.ulta.com/i/ulta/2640130?w=100&h=100&fmt=auto,"1,043 Reviews",,,
pimprod2045868,MEDIHEAL,Vitamide Brightening Pad,Cleansers,Toner,$24.00,100 ct,https://media.ulta.com/i/ulta/2626998?w=100&h=100&fmt=auto,22 Reviews,,,
pimprod2006051,TULA,Glow & Get It Cooling & Brightening Eye Balm,Eye Treatments,Eye Cream,$38.00,.35 oz,https://media.ulta.com/i/ulta/2548458?w=100&h=100&fmt=auto,"3,675 Reviews",,,
pimprod2031340,Dermalogica,Circular Hydration Serum,Treatment & Serums,Face Serums,$69.00,1.0 oz,https://media.ulta.com/i/ulta/2591108?w=100&h=100&fmt=auto,"1,098 Reviews",,,
pimprod2048455,Good Molecules,Travel Size Lightweight Daily Moisturizer,Travel Size Skin Care,,$6.00,1.0 oz,https://media.ulta.com/i/ulta/2630809?w=800&h=800&fmt=auto,12 Reviews,,,
pimprod2033456,Murad,Deep Relief Acne Treatment,Treatment & Serums,Acne & Blemish Treatments,$45.00,1.0 oz,https://media.ulta.com/i/ulta/2595539?w=100&h=100&fmt=auto,574 Reviews,,,
pimprod2043466,La Roche-Posay,"Mela B3 UV Daily Moisturizer Sunscreen, SPF 30",Moisturizers,Face Moisturizer,$34.99,1.35 oz,https://media.ulta.com/i/ulta/2620363?w=100&h=100&fmt=auto,922 Reviews,,,
pimprod2043909,TULA,24-7 Moisture Fragrance Free Hydrating Day & Night Cream,Moisturizers,Night Cream,$58.00,1.5 oz,https://media.ulta.com/i/ulta/2618423?w=100&h=100&fmt=auto,49 Reviews,"Benefits
Deeply hydrating & nourishing
Helps improve skin firmness, lock in moisture & maintain skin balance
Help even the look of skin tone & improve smoothness
Helps calm the look of irritation & redness
Key Ingredients
Prebiotics & Probiotic Extracts: help calm the look of irritation & maintain skin balance
Apple & Watermelon: hydrate & help smooth the look of fine lines & wrinkles
Peptides: help even the look of skin tone & firm skin
Squalane: helps nourish skin
Does not contain live cultures
Research Results
After 1 week*
96% felt skin was hydrated all day
After 6 weeks**
93% agreed skin looked firmer
90% felt skin was more supple & plump
*Self assessment on 32 subjects during 1 week;
**Self assessment on 32 subjects during 6 weeks","Aqua/Water/Eau, Ethylhexyl Palmitate, Squalane, Glycerin, Caprylic/Capric Triglyceride, Cetyl Alcohol, Dimethicone, Hydrogenated Vegetable Oil, Lactococcus Ferment Lysate, Glyceryl Stearate, PEG-100 Stearate, Bifida Ferment Lysate, Lactose, Lactobacillus, Lactobacillus Ferment, Lactis proteinum/Milk Protein/Protéine du lait, Hydrolyzed Rice Protein, Collagen Amino Acids, Sodium Hyaluronate, Lactic Acid, Cichorium Intybus (Chicory) Root Extract, Alpha-Glucan Oligosaccharide, Vaccinium Angustifolium (Blueberry) Fruit Extract, Olus Oil/Vegetable Oil/Huile végétale, Camelina Sativa Seed Oil, Camellia Sinensis Leaf Extract, Curcuma Longa (Turmeric) Root Extract, Tocopheryl Acetate, Ascorbyl Palmitate, Olea Europaea (Olive) Fruit Oil, Pyrus Malus (Apple) Fruit Extract, Citrullus Lanatus (Watermelon) Fruit Extract, Lens Esculenta (Lentil) Fruit Extract, Inulin, Leuconostoc/Radish Root Ferment Filtrate, Beta Vulgaris (Beet) Root Extract/Beta Vulgaris/Extrait de racine de betterave, Polymnia Sonchifolia Root Juice, Sodium Lactate, Sodium PCA, Carbomer, Sodium Hydroxide, Pentylene Glycol, Ethylhexylglycerin, Stearyl Alcohol, Citric Acid, Phenethyl Alcohol, Sodium Benzoate, Potassium Sorbate, Phenoxyethanol, Trisodium Ethylenediamine Disuccinate, Sodium Chloride, Butylene Glycol, 1,2-Hexanediol, Maltodextrin",Use on clean skin or after serum. Apply daily AM & PM.
pimprod2031314,Clarins,Double Serum Eye Firming & Hydrating Concentrate,Eye Treatments,Eye Serums,$84.00,0.6 oz,https://media.ulta.com/i/ulta/2592792?w=100&h=100&fmt=auto,"2,800 Reviews","Benefits
Visibly firms skin to smooth the look of fine lines and wrinkles
Deeply nourishes and hydrates
Visibly reduces puffiness and dark circles
Illuminates the eye area
Revitalizes the delicate skin around eyes
Key Ingredients
Turmeric + Organic Wild Chervil: revitalize the delicate eye area and visibly reduces signs of eye aging
Organic Oat: sugars visibly tighten and smooth
Organic Leaf of Life: powers the skin's natural hydration
Horse Chestnut Escin: boosts radiance and visibly reduces dark circles
Plant-based Caffeine: visibly reduces puffy eyes
Ginger Lily Extract: fights skin-aging free radicals
Organic White Horehound, Nipplewort and Furcellaria Extracts: help protect skin from indoor and outdoor pollution, including damaging blue lights from electronics
Vegetal Squalane: supports the skin's hydrolipidic film","Aqua/Water/Eau, Propanediol, Glycerin, Squalane, Boron Nitride, Caffeine, Polyacrylate Crosspolymer-6, Caprylyl / Capryl Glucoside, Hydroxyethyl Acrylate/Sodium Acryloyldimethyl Taurate, Co- Polymer, 1,2-Hexanediol, Parfum/Fragrance, Pentylene Glycol, Avena Sativa (Oat) Kernel Extract, Tocopheryl Acetate, Ethylhexylglycerin, Ppg-26-Buteth-26, Escin, Persea Gratissima (Avocado) Oil Unsaponifiables, Disodium Edta, Peg-40 Hydrogenated Castor Oil, Ammonium Acryloyldimethyltaurate/Vp Copolymer, Curcuma Longa (Turmeric) Root Extract, Caramel, Butylene Glycol, Actinidia Chinensis (Kiwi) Fruit Extract, Kalan- Choe Pinnata Leaf Extract, Sodium Hydroxide, Marrubium Vulgare Extract, Sodium Benzoate, Anthriscus Sylvestris Extract, Hedychium Coronarium Root Extract, T-Butyl Alcohol, Citric Acid, Phenethyl Alcohol, Furcellaria Lumbricalis Extract, Potassium Sorbate, Maris Sal/Sea Salt/Sel Marin, Lap- Sana Communis Flower/Leaf/Stem Extract [V3818A].","Apply to clean eye contours, morning and evening.
Turn the rotating push button to dispense the desired amount. Mix both phases between fingertips. Apply temple-to-temple, gently pressing over the upper and lower eyelids-from the inner corners of the eyes, out to the hairline. Tap gently between eyebrows.
Follow with Double Serum to address all visible signs of skin and eye aging."
pimprod2046622,DIME,The Works Discovery Set,By Category,Skin Gifts,$49.00,,https://media.ulta.com/i/ulta/2627477?w=800&h=800&fmt=auto,58 Reviews,"Benefits
Removes dirt, oil, and impurities
Clean, EWG VERIFIED® formulas that work
Includes
Gentle Jelly Cleanser (2.0 oz)
Restorative Night Cream (0.5 oz)
Super Skin Toner (2.0 oz)
Hyper Glow Serum (0.33 oz)
Dewy Day Cream (0.5 oz)
Hyaluronic Acid Serum (0.33 oz)","Gentle Jelly Cleanser: Water, Decyl Glucoside, Coco Glucoside, Glycerin, Glyceryl Oleate, Hydrolyzed Wheat Protein, Xanthan Gum, Citric Acid, Strawberry Oil, Solanum Lycopersicum (Tomato) Fruit Extract, Tocopherol, Phenylpropanol, Ethylhexylglycerin
Super Skin Toner: Water, Hamamelis Virginiana (Witch Hazel) Extract, Propanediol, Glycerin, Hyaluronic Acid, Ubiquinone, Tocopherol, Ascorbyl Tetraisopalmitate, Aloe Barbadensis (Aloe Vera) Leaf Extract, Chamomilla Recutita (Matricaria) Flower Extract, Salvia Officinalis (Sage) Extract, Cucumis Sativus (Cucumber) Fruit Extract, Citrus Sinensis (Blood Orange) Fruit Extract, Phenoxyethanol, Ethylhexylglycerin
Hyper Glow Serum: Water, L-Ascorbic Acid, Ethoxydiglycol, Aloe Barbadensis (Aloe Vera) Juice, Glycerin, Hyaluronic Acid, Sodium Metabisulfate, Tocopherol, Ferulic Acid, Lecithin, Bitis Vinifera (Grape) Seed Extract, Resveratrol, Magnolia Officinalis (Magnolia) Bark Extract, Citrus Sinensis (Blood Orange) Fruit Extract, Xanthan Gum, Phenoxyethanol, Lecithin, Sodium Hydroxide, Ethylhexylglycerin
Dewy Day Cream: Water, Ethylhexyl Olivate, Cetearyl Alcohol, Glycerin, Isononyl Isononanoate, Pentylene Glycol, Glyceryl Stearate, 1,2 Hexanediol, Squalane, Vitis Vinifera (Grape) Seed Oil, Caprylic/Capric Triglyceride, Sodium Stearoyl Lactylate, Hydroxyacetophenone, Olea Europaea (Olive) Fruit Unsaponifiables, Xanthan Gum, Behenyl Alcohol, Carbomer, Rosa Moschata Seed Oil, Linoleic Acid, Phospholipids, Phytosterols, Tetrasodium Glutamate Diacetate, Betaine, Chamomilla Recutita (Matricaria) Flower Extract, Ceramide NP, Sodium Hyaluronate, Glycolipids, Tremella Fuciformis Sporocarp Extract, Soybean Phytosterols, Aloe Barbadensis Leaf Juice
Restorative Night Cream: Water, Glycerin, Cetearyl Alcohol, Ethylhexyl Olivate, Isononyl Isononanoate, Glyceryl Stearate, Pentylene Glycol, 1,2 Hexanediol, Behenyl Alcohol, Simmondsia Chinensis (Jojoba) Seed Oil, Squalane, Sodium Stearoyl Lactylate, Hydroxyacetophenone, Caprylic/Capric Triglyceride, Butyrospermum Parkii (Shea) Butter, Carbomer, Xanthan Gum, Camellia Oleifera Seed Oil, Olea Europaea (Olive) Fruit Unsaponifiables, Stearyl Glycyrrhetinate, Tetrasodium Glutamate Diacetate, Linoleic Acid, Phospholipids, Phytosterols, Ceramide NP, Hydroxypropyl Cyclodextrin, Sodium Hyaluronate, Glycolipids, Soybean Phytosterols, Aloe Barbadensis Leaf Juice, Hippophae Rhamnoides Fruit Oil, Palmitoyl Tripeptide-38.","In the morning, apply Gentle Jelly Cleanser, Super Skin Toner, 3-4 drops of the Hyper Glow Serum, and then Dewy Day Cream.
At night, apply Gentle Jelly Cleanser, Super Skin Toner, 3-4 drops of the Hyaluronic Acid Serum, and then Restorative Night Cream. For best results, use daily.
As a Conscious Beauty brand, DIME features sustainable packaging. Once product is empty, twist off cap, rinse bottle/jar, and toss into recycling bin."
pimprod2051137,Bushbalm,Watermelon Sugar 2 Step Ingrown Hair & Razor Bump Kit,Treatment & Serums,Body Treatments,$44.10,,https://media.ulta.com/i/ulta/2636732?w=100&h=100&fmt=auto,17 Reviews,"Benefits
Relieves redness after hair removal
Hydrates skin + softens coarse pubic hair leading to a smoother shave
Gynecologist + Dermatologist approved
Signature sweet and refreshing scent that will remind you of a juicy watermelon slice
Includes ingrown hair oil and exfoliating scrub
Key Ingredients
Grapeseed Oil: High in vitamin A & E and antioxidants, Grapeseed Oil infuses skin and body hair with intense, soothing moisture.
Tea Tree Oil: Fresh and revitalizing, it helps calm and reduces the look of redness or irritation on the skin.
Jojoba Seed Oil: helps soften skin while increasing hydration and smoothness.
Research Results
96% of participants agreed that the Ingrown Hair Routine helps reduce the appearance of ingrown hairs and bumps.
100% of participants would recommend the Ingrown Hair Routine to a friend.
98% of participants agreed their skin felt softer and hydrated using the Ingrown Hair Routine.","Watermelon Sugar Ingrown Hair Exfoliating Scrub: Sucrose, Vitis Vinifera (Grape) Seed Oil, Simmondsia Chinensis (Jojoba) Seed Oil, Fragrance/Parfum, Melaleuca Alternifolia Leaf Oil, Copaifera Reticulata Balsam Oil, Oryza Sativa (Rice) Bran Extract, Rosmarinus, Officinalis (Rosemary) Leaf Extract, Helianthus Annus (Sunflower) Extract, Tocopherol.
Watermelon Sugar Ingrown Hair Oil: Vitis Vinifera (Grape) Seed Oil, Simmondsia Chinensis (Jojoba) Seed Oil, Fragrance/Parfum, Melaleuca Alternifolia Leaf Oil, Copaifera Reticulata Balsam Oil.","Scrub: In the shower, massage a generous handful of scrub in circular motions over desired areas. Rinse thoroughly. Use the scrub 2-3 times weekly, and always before hair removal.
Oil: Use your oil day and night. For best results use daily within 2 minutes of showering or bathing. To lock in hydration, apply morning and night or more as needed.
Recommended Areas: Our products are designed to be used on your entire body including the bikini line, underarms, legs, and any other areas that experience ingrown hairs or dryness."
pimprod2045122,Dermalogica,Skin Aging Solutions Skincare Kit,By Category,Skin Gifts,$78.00,,https://media.ulta.com/i/ulta/2624463?w=100&h=100&fmt=auto,115 Reviews,"Benefits
Exfoliate and retexturize skin
Minimize the appearance of pores and evens skin tone
Nourish dry, dehydrated while combatting the appearance of skin aging
Key Ingredients
Retinol: helps reduce the appearance of fine lines and wrinkles, promoting smoother skin
Antioxidants: shield your skin from environmental damage and maintain a healthy, radiant complexion
Peptides: improve skin's elasticity and firmness
SPF: provides essential protection against harmful UV rays, preventing visible signs of premature aging
Includes
Dynamic Skin Recovery SPF 50 Moisturizer (0.5 oz)
Dynamic Skin Retinol Serum (0.34 oz)
Super Rich Repair Moisturizer (0.5 oz)
Skin Resurfacing Cleanser (1.0 oz)",Please refer to product packaging for a complete list of ingredients.,"Daytime:
Skin Resurfacing Cleanser: Lather and massage onto damp face and neck for at least 30 seconds. Avoid eye area. Rinse thoroughly then apply your favorite Dermalogica toner and serum.
Dynamic Skin Recovery SPF 50: After cleansing, toning, and serum, apply a generous amount to face and neck, preferably 30 minutes prior to sun exposure.
Nighttime:
Dynamic Skin Retinol Serum: After cleansing, apply a thin layer onto face. Keep out of eyes. Use nightly. If dryness or redness occurs, reduce frequency. Wear SPF during the day.
Super Rich Repair: Apply to face and neck with light, upward strokes. Wait for cream to absorb before applying additional products. Use twice daily. Store at room temperature."
pimprod2049173,TATCHA,The Silk Serum Wrinkle-Smoothing Peptide + Retinol Alternative,Treatment & Serums,Face Serums,$98.00,1.01 oz,https://media.ulta.com/i/ulta/2634106?w=100&h=100&fmt=auto,515 Reviews,"Benefits
Reduces the look of wrinkles & boosts radiance
Visibly firms & contours for a powerful lifting effect
Multilayer age spot correction to restore even skin tone & calm visible redness
Dermatologist tested
Includes up to 30% PCR (recycled plastic)
Formulated Without: mineral oil, synthetic fragrance, sulfates, detergents, parabens, urea, DEA, TEA, phthalates
Key Ingredients
Retinol Alternative Duo: reduces the look of wrinkles
Tetrapeptide-4 & Silk Protein: visibly firm + contour
Diglucosyl Gallic Acid provides: multilayer age spot correction
Research Results
85% showed improvement in the look of under-eye + forehead lines and evenness of tone after 2 weeks*
100% showed improvement in skin texture, suppleness & radiance after 1 use*
100% showed a reduction in skin redness after 2 weeks*
78% showed improvement in the look of deep wrinkles after 4 weeks*
*based on a clinical study of 41 panelists","Aqua/Water/Eau, Saccharomyces/Rice Ferment Filtrate, Glycerin, Betaine, Pentylene Glycol, Caprylic/Capric Triglyceride, Propanediol, Parfum/Fragrance, Vaccinium Macrocarpon (Cranberry) Fruit Extract, Crithmum Maritimum Extract, Camellia Sinensis Leaf Extract, Cladosiphon Okamuranus Extract, Squalane, Sericin, Morus Alba Leaf Extract, Hydrolyzed Silk, Carthamus Tinctorius (Safflower) Seed Oil, Tetrapeptide-4, Polyglyceryl-10 Stearate, Diglucosyl Gallic Acid, Helianthus Annuus (Sunflower) Seed Oil, Hydrolyzed Conchiolin Protein, Caprylyl Glycol, Acrylates/C10-30 Alkyl Acrylate Crosspolymer, 1,2-Hexanediol, Butylene Glycol, Sodium Citrate, Citric Acid, Potassium Hydroxide, Synthetic Fluorphlogopite, Citral, Limonene, Linalool, Ethylhexylglycerin, Phenoxyethanol, Titanium Dioxide (Ci 77891), Tin Oxide (Ci 77861).",Apply 1-2 pumps and massage onto face and neck.
pimprod2033279,fresh,Sugar Lip Balm Hydrating Treatment,Lips,Lip Balms & Treatments,$26.00,Berry,https://media.ulta.com/i/ulta/2596652?w=100&h=100&fmt=auto,"4,295 Reviews","Benefits
The #1 Lip Treatment Brand in the U.S.*, Fresh offers a best-selling Sugar lip balm with 24hr hydration and sheer-to-buildable color that complements different skin tones for soft, smooth lips
*Source: The NPD Group/U.S. Prestige Beauty Total Department/Specialty, Skincare Dollar Sales, Jan-May 2022
Infused with sugar and plant-based fruit oils - including upcycled cranberry seed oil - this clear or tinted lip balm leaves lips feeling and looking healthy
24hr proven hydration even as color wears**
95% agreed it moisturized, softened & protected against dryness***
12 buildable shades developed for a wide range of skin tones
97% agreed lips looked and felt smoother***
**instrumental test, 11 subjects
***self-assessment, 62 subjects, 4 weeks
Key Ingredients
Sugar is scientifically proven to have a long-lasting hydrating effect
Cranberry seed oil helps to smooth
Grapeseed oil helps to soften
Vitamin C and E helps protect","Ricinus Communis (castor) Seed Oil, Simmondsia Chinensis (jojoba) Seed Oil, Cera Alba (beeswax), Vitis Vinifera (grape) Seed Oil, Helianthus Annuus (sunflower) Seed Wax, Hydroxystearic Acid, Parfum (fragrance), Oryza Sativa (rice) Bran Wax, Persea Gratissima (avocado) Oil, Limnanthes Alba (meadowfoam) Seed Oil, Sucrose Tetrastearate Triacetate, Vaccinium Macrocarpon (cranberry) Seed Oil, Citrus Limon (lemon) Peel Oil, Helianthus Annuus (sunflower) Seed Oil, Ribes Nigrum (black Currant) Seed Oil, Rosmarinus Officinalis (rosemary) Leaf Extract, Tocopherol, Ascorbyl Palmitate, Ascorbyl Tetraisopalmitate, Synthetic Fluorphlogopite, Ammonium Glycyrrhizate, Polyglyceryl-3 Polyricinoleate, Ethyl Vanillin, Pentaerythrityl Tetra-di-t-butyl Hydroxyhydrocinnamate, Propyl Gallate, Limonene, Citral, Linalool, Benzyl Alcohol, Geraniol, [may Contain: CI 77491, CI 77492 (iron Oxides), CI 15850 (red 7 Lake), CI 77891 (titanium Dioxide), CI 42090 (blue 1 Lake), CI 45410 (red 28 Lake)].",Apply on lips as needed.
pimprod2028683,OSEA,Travel Size Undaria Algae Body Oil,Travel Size Skin Care,,$16.00,1.0 oz,https://media.ulta.com/i/ulta/2587282?w=100&h=100&fmt=auto,"3,277 Reviews","Benefits
Instantly improves the look of skin elasticity and deeply moisturizes
Softens, nourishes and firms
Visibly improves sagging skin for a more toned, sculpted look
Replenishes the skin’s moisture barrier for a healthy, full-body glow
Fast-absorbing and non-greasy
Uplifting citrusy scent
Sustainably packaged: Bottle is made of frosted glass.
Key Ingredients
Undaria Seaweed: replenishes the skin's moisture barrier and keeps skin looking healthy; a naturally occurring seaweed sediment may be present at the bottom of your bottle; this is completely normal and does not affect the quality or efficacy of the product
White Lupin (Flower): promotes more youthful looking skin by visibly contouring, firming and improving skin elasticity
Botanical Oil Blend: a blend of passion fruit, acai, babassu and rice bran oils provide deep moisture to replenish dry skin
Research Results
After 1 use: 100% showed a significant improvement in moisturization and skin elasticity, 98% agreed skin looked visibly smoother, 96% agreed it gave skin a healthy, youthful glow.
After 2 weeks: 100% agreed skin looked firmer and and less crepey, 100% agreed skin felt softer, smoother and more supple, 96% agreed body felt more sculpted and toned.
Based on a third-party clinical and consumer study conducted over 2 weeks on 53 women ages 25-65.","Helianthus Annuus (Sunflower) Seed Oil, Undaria Pinnatifida Powder, Citrus Paradisi (Grapefruit) Peel Oil, Tocopherol, Lupinus Albus Seed Extract, Passiflora Edulis Seed Oil, Oryza Sativa (Rice) Bran Oil, Euterpe Oleracea Fruit Oil, Orbignya Oleifera Seed Oil, Sesamum Indicum (Sesame) Seed Oil, Linum Usitatissimum (Linseed) Seed Oil, Oryza Sativa (Rice) Bran Extract, Rosmarinus Officinalis (Rosemary) Leaf Extract, Helianthus Annuus (Sunflower) Extract, Citrus Latifolia Peel Oil, Cupressus Sempervirens Leaf/Stem Oil, Fragrance/Parfum.*
*Natural Fragrance is a blend of aromatic compounds and/or essential oil(s) extracted from different parts of plants including flowers and fruits. These can be used to help get the sophisticated fragrances that make OSEA products smell wonderful.","Apply generously to dry or damp skin.
Pro Tip: Pops the color of body art and tattoos.
This oil contains Undaria Seaweed and as such, a naturally occurring seaweed sediment may be present at the bottom of your bottle. This is completely normal and does not affect the quality or efficacy of the product."
pimprod2045880,SKIN1004,Madagascar Centella Ampoule,Treatment & Serums,Face Serums,$25.00,3.38 oz,https://media.ulta.com/i/ulta/2626854?w=100&h=100&fmt=auto,41 Reviews,"Benefits
Restores and Balances skin
Ultimate Hydrating
Madagascan Centella asiatica contains 7 times more soothing actives than other centella asiatica
Features
Light and refreshing texture
Suitable for all skin type including acne skin
Non-Comedogenic
Key Ingredients
Centella Asiatica Extract: Soothes and replenishes skin hydration level.","Centella Asiatica Extract (Water, Glycerin, Butylene Glycol, Centella Asiatica Extract, 1,2-Hexanediol, Cellulose Gum, Ethylhexylglycerin).","Apply 2-3 drops or as needed on cleansed skin. Pat or gently massage into skin. Follow with a moisturizer. Can be used twice a day morning and night.
Precautions: For external use only. Stop using if irritation occurs. Keep out of reach of children. Avoid contact with eyes."
pimprod2016307,Smashbox,Halo Healthy Glow Tinted Moisturizer Broad Spectrum SPF 25,Moisturizers,Tinted Moisturizer,$41.00,Medium,https://media.ulta.com/i/ulta/2568499?w=100&h=100&fmt=auto,"1,710 Reviews","Benefits
Primer-infused for all-day wear & a healthy glow, this SPF tinted moisturizer gives you lightweight, natural-looking dewy coverage that hydrates skin for up to 24 hours. Smashbox Halo Healthy Glow Tinted Moisturizer is a breathable, oil-free formula that primes & perfects in one easy step.
Formulated Without
Synthetic Fragrance, Phthalates, Oil, Parabens, Retinyl Palmitate, Talc, Mineral Oil, Alcohol, Formaldehyde, Hydroquinone, Triclosan, Triclocarban, Coal Tar, Lauryl Sulfate, Laureth Sulfate, Oxybenzone","Active: Octinoxate 6.7%, Titanium Dioxide 3.1%, Zinc Oxide 1.3%.
Water\Aqua\Eau, Octyldodecyl Neopentanoate, Butyloctyl Salicylate, Dimethicone, Butylene Glycol, Methyl Trimethicone, Niacinamide, Cetyl PEG/PPG-10/1 Dimethicone, Lauryl PEG-9 Polydimethylsiloxyethyl Dimethicone, Diethylhexyl Succinate, Laureth-4, Tocopheryl Acetate, Sodium Hyaluronate, Lecithin, Rosa Hybrid Flower Extract, Pyrus Malus (Apple) Fruit Extract, Lens Esculenta (Lentil) Fruit Extract, Citrullus Lanatus (Watermelon) Fruit Extract, Lycium Chinense (Wolfberry) Fruit Extract, Palmitoyl Hexapeptide-14, Peat extract, Gold, Sodium Lactate, Methicone, Sodium PCA, Hydrolyzed Wheat Protein/PVP Crosspolymer, Glycerin, Barium Sulfate, Magnesium Sulfate, Dimethyl isosorbide, Maltodextrin, Triethoxycaprylylsilane, Dimethicone Crosspolymer-3, Silica, Aluminum Hydroxide, Dimethicone/PEG-10/15 Crosspolymer, Trimethylsiloxysilicate, Hexylene Glycol, Isostearic Acid, Caprylyl Glycol, Stearic Acid, Polyglyceryl-2 Triisostearate, Dipentaerythrityl Tri-Polyhydroxystearate, Dipropylene Glycol, Sodium Citrate, BHT, Disodium EDTA, Sodium Benzoate, Potassium Sorbate, Phenoxyethanol. May Contain: Mica, Titanium Dioxide (CI 77891), Iron Oxides (CI 77491), Iron Oxides (CI 77492), Iron Oxides (CI 77499), Bismuth Oxychloride (CI 77163).","Shake well. Tap on with fingers & blend.
Studio tip: Use it as a tinted primer by layering under powder or foundation.
Use it with:
The Original Photo Finish Smooth & Blur Primer
Halo Healthy Glow 4-in-1 Concealer
Blurring Foundation Brush"
pimprod2039887,Drunk Elephant,B-Goldi Bright Drops with Niacinamide,Treatment & Serums,Face Serums,$39.00,1.0 oz,https://media.ulta.com/i/ulta/2610310?w=100&h=100&fmt=auto,683 Reviews,"Benefits
Illuminates dull skin without sparkle or glitter
Fades hyperpigmentation, dark spots, and post-breakout marks, improving skin's clarity
Dermatologist Tested
Formulated without the Suspicious 6, the six ingredients Drunk Elephant believes are at the root of almost every skin issue (essential oils, drying alcohols, silicones, chemical sunscreens, fragrances/dyes, and SLS)
2024 Allure Reader's Choice Award Winner: Skin Breakthrough Award
Key Ingredients
5% Niacinamide: Aka vitamin B3, niacinamide helps improve signs of aging (fine lines, wrinkles, loss of firmness) as well as uneven tone and texture
Diglucosyl Gallic Acid: Inhibits excess melanin production, soothes skin, and provides antioxidant benefits
Morus Alba Leaf Extract: Commonly known as mulberry leaf, this extract soothes skin and helps improve the look of hyperpigmentation
Research Results
In a clinical study with 34 people after 8 weeks:
100% showed improvement in skin-tone evenness and brightness
97% showed improvement in skin's clarity
97% showed a reduction in dark spots, hyperpigmentation, and fine lines","Water/Aqua/Eau, Glycerin, Butylene Glycol, Niacinamide, Propanediol, Neopentyl Glycol Diheptanoate, Mica, Ethylhexyl Olivate, C9-12 Alkane, Coco-Caprylate/Caprate, Sclerocarya Birrea Seed Oil, Cetearyl Alcohol, Simmondsia Chinensis (Jojoba) Seed Oil, Diglucosyl Gallic Acid, Squalane, Sorbitan Sesquiisostearate, Plukenetia Volubilis Seed Oil, Morus Alba Leaf Extract, Calcium Chloride, Sea Salt/Maris Sal/Sel Marin, Sodium Stearate, Hydroxyethyl Acrylate/Sodium Acryloyldimethyl Taurate Copolymer, Tocopheryl Acetate, Quercetin, PPG-8-Ceteth-20, Sodium Carrageenan, Glyceryl Acrylate/Acrylic Acid Copolymer, Xanthan Gum, Phenoxyethanol, Sodium Metabisulfite, Ubiquinone, Acrylates/Beheneth-25 Methacrylate Copolymer, C12-15 Alkyl Benzoate, Citric Acid, Tetrasodium Glutamate Diacetate, Sodium Citrate, Ceteareth-20, Dipropylene Glycol, Tocopherol, Sorbitan Isostearate, Polysorbate 60, Sodium Hydroxide, Sorbeth-30 Tetraisostearate, Iron Oxides (CI 77491), Iron Oxides (CI 77492), Titanium Dioxide (CI 77891).","Shake before use. Apply a drop or more to skin. May be used with any Drunk Elephant serum, oil, or cream for a sheer golden glow and a boost of brightening benefits and antioxidant defense. For best dispensing, store upside down.
Tip: Dab directly on cheekbones, brow bones, and the bridge of the nose for a dewy, champagne-y luminosity.
Skincare smoothie tip: Try a Drunk Elephant Sun Kind of Wonderful Smoothie by mixing 1 pump Lala Retro + 1 drop D-Bronzi + 1 drop B-Goldi for nourished, bronzy skin with a luminous glow."
pimprod2051525,The Ordinary,The Daily Set with Hyaluronic Acid Serum,Cleansers,Face Wash,$21.70,3 ct,https://media.ulta.com/i/ulta/2637072?w=100&h=100&fmt=auto,5 Reviews,"Benefits
Squalane Cleanser removes makeup and cleanses the skin while supporting your skin’s moisture barrier through hydration
Hyaluronic Acid 2% + B5 uses five forms of hyaluronic acid to support hydration to multiple layers of your skin's surface
Natural Moisturizing Factors + HA is a daily moisturizer that works with your skin to support its natural hydration barrier
Includes
Squalane Cleanser (1.69 oz)
Hyaluronic Acid 2% + B5 (with Ceramides) (1.0 oz)
Natural Moisturizing Factors + HA (1.0 oz)","Hyaluronic Acid 2% + B5 with Ceramides
Aqua (water), Sodium Hyaluronate, Propanediol, Pentylene Glycol, Hydrolyzed Hyaluronic Acid, Sodium Hyaluronate Crosspolymer, Phospholipids, Sphingolipids, Panthenol, Ahnfeltiopsis Concinna Extract, Glycerin, Polysorbate 20, Citric Acid, Sodium Citrate, P-anisic Acid, Tocopherol, Trisodium Ethylenediamine Disuccinate, Caprylyl Glycol, Ethoxydiglycol, Ethylhexylglycerin, Hexylene Glycol, Phenoxyethanol, Chlorphenesin.
Squalane Cleanser
Squalane, Aqua (water), Coco-caprylate/caprate, Glycerin, Sucrose Stearate, Ethyl Macadamiate, Caprylic/capric Triglyceride, Sucrose Laurate, Hydrogenated Starch Hydrolysate, Sucrose Dilaurate, Sucrose Trilaurate, Polyacrylate Crosspolymer-6, Isoceteth-20, Sodium Polyacrylate, Tocopherol, Hydroxymethoxyphenyl Decanone, Trisodium Ethylenediamine Disuccinate, Malic Acid, Ethylhexylglycerin, Chlorphenesin.
Natural Moisturizing Factors + Hyaluronic Acid Daily Moisturizer
Aqua (water), Caprylic/capric Triglyceride, Cetyl Alcohol, Propanediol, Stearyl Alcohol, Glycerin, Sodium Hyaluronate, Arginine, Aspartic Acid, Glycine, Alanine, Serine, Valine, Isoleucine, Proline, Threonine, Histidine, Phenylalanine, Glucose, Maltose, Fructose, Trehalose, Sodium Pca, Pca, Sodium Lactate, Urea, Allantoin, Linoleic Acid, Oleic Acid, Phytosteryl Canola Glycerides, Palmitic Acid, Stearic Acid, Lecithin, Triolein, Tocopherol, Carbomer, Isoceteth-20, Polysorbate 60, Sodium Chloride, Citric Acid, Trisodium Ethylenediamine Disuccinate, Pentylene Glycol, Triethanolamine, Sodium Hydroxide, Phenoxyethanol, Chlorphenesin.","Dispense Squalane Cleanser into hands. Rub together to warm the product, allowing it to melt into an oil. Massage well onto dry face and rinse with warm water.
Apply a few drops of Hyaluronic Acid + B5 with Ceramides to the face in the morning and evening.
Apply Natural Moisturizing Factors + HA after serums as needed for effective surface hydration."
pimprod2039944,e.l.f. Cosmetics,Suntouchable All Set for Sun SPF 45,Suncare,Sunscreen,$14.00,2.0 oz,https://media.ulta.com/i/ulta/2611368?w=100&h=100&fmt=auto,"4,600 Reviews","Benefits
Clear setting spray with broad spectrum SPF 45 sunscreen
Primes, protects, refreshes, and sets makeup in place for long-lasting wear
Allows for easy SPF re-application over makeup throughout the day
Quick-dry spray formula that won’t leave a white cast or a greasy feel
Infused with skin-loving ingredients like watermelon fruit extract, prickly pear seed oil, and bisabolol
Clear formula great for all skin tones
Fragrance-free
100% vegan and cruelty-free, e.l.f. is Leaping Bunny Certified
e.l.f. is proud to partner with Fair Trade USA and manufacture products in Fair Trade Certified facilities. Look for the Fair Trade Certified seal on your e.l.f. product!
Key Ingredients
Watermelon fruit extract
Prickly pear seed oil
Bisabolol
Formulated Without
Sulfates
Phthalates
Parabens
Nonylphenol Ethoxylates
Triclosan
Triclocarban
Hydroquinone","Active: Avobenzone 2.9%, Octisalate 4.9%, Octocrylene 9.5%.
Inactive: Alcohol Denat., Butyloctyl Salicylate, Isododecane, Diisooctyl Succinate, Diheptyl Succinate, Silica Caprylyl Silylate, Dicaprylyl Carbonate, Helianthus Annuus (Sunflower) Seed Oil, Citrullus Lanatus (Watermelon) Fruit Extract, Opuntia Ficus-Indica Seed Oil, Bisabolol, PVP, Capryloyl Glycerin/Sebacic Acid Copolymer, Ethyl Ferulate, Tocopherol, Beta-Sitosterol, Squalene, Nylon-12, Lauroyl Lysine.
Ingredients may change or vary from time to time. Please refer to the packaging of the product you received for the list of ingredients in your particular product.","Apply 15 minutes before sun exposure, or before makeup application to prime skin and over makeup to set it in place.
Shake well before each use.
Closing eyes and lips, spray generously and evenly over face from 8-10 "" away.
Keep eyes closed for 3 seconds post-application.
Re-apply every 2 hours."
pimprod2002893,Kiehl's Since 1851,Ultra Facial Cleanser,Cleansers,Face Wash,$26.00,5.0 oz,https://media.ulta.com/i/ulta/2536613?w=100&h=100&fmt=auto,664 Reviews,"Benefits
Gently cleanses without over-drying or stripping skin of its natural oils
Helps dissolve excess oil, dirt and debris
Tested for safety and gentleness
pH-balanced
For all skin types, including sensitive skin
A customer favorite
Key Ingredients
Squalane: a highly-refined botanical lipid derived from olives; with an exceptional affinity to skin, it absorbs easily and is known to help replenish skin's barrier keeping it soft, supple, and moisturized
Apricot Kernels: derived from crushed apricot seeds and act as a gentle exfoliant
Avocado Oil: has a rich, emollient texture and contains a balance of lipids including omega essential fatty acids","Aqua/Water/Eau, Glycerin, Decyl Glucoside, Sodium C14-16 Olefin Sulfonate, Acrylates Copolymer, Disodium Cocoamphodiacetate, Lauryl Glucoside, Peg-200 Hydrogenated Glyceryl Palmate, Cocamidopropyl Betaine, Glycol Distearate, Pentylene Glycol, Phenoxyethanol, Peg-7 Glyceryl Cocoate, Sodium Hydroxide, Citric Acid, Sodium Benzoate, Sodium Chloride, Hydroxyacetophenone, Benzoic Acid, Squalane, Glycine Soja Oil/Soybean Oil, Prunus Amygdalus Dulcis Oil/Sweet Almond Oil, Prunus Armeniaca Kernel Oil/Apricot Kernel Oil, Tocopherol, Ascorbyl Glucoside, Persea Gratissima Oil/Avocado Oil.","Apply a small amount to damp face. Work into a generous lather using a gentle upward, circular motion, and avoiding the immediate eye area. Rinse thoroughly or remove with a damp wash cloth."
pimprod2037182,MAC,Hyper Real Serumizer Skin Balancing Hydration Serum,Treatment & Serums,Face Serums,$65.00,1.0 oz,https://media.ulta.com/i/ulta/2603731?w=100&h=100&fmt=auto,813 Reviews,"Benefits
THE M·A·C DIFFERENCE
Wear serum alone or underneath makeup for a perfectly prepped, makeup-ready complexion.
Non-greasy and non-pilling
Lightweight, breathable serum texture absorbs instantly for a smoother, better makeup application
Keeps makeup looking fresh for 12 hours.
Key Ingredients
Japense Peony Extract & Ceramides: Supports and restores skin barrier strength
12% Hyaluronic Acid Solution & 4% Niacinamide: Hydrates, plumps and refines the skin
Research Results
AFTER 1 USE: Retexturizes skin
+161% increased hydration for balanced skin*
+71% strengthened skin barrier*
Keeps makeup looking fresh for 12 hours
AFTER 4 WEEKS: 100% had a visible reduction in dark spots**
-30% reduction in the appearance of pores***
95% said skin looked more radiant and healthier****
94% said the appearance of skin texture and pores were minimized****
94% said skin looked more even*****
AFTER 12 WEEKS: -49% visible reduction in dark spots******
*Clinical testing on 25 panelists after one use.
**Clinical testing on 35 panelists after four weeks of use, twice a day
***Clinical testing on 28 panelists after four weeks of use, twice a day.
****Consumer testing on 181 panelists after four weeks of use, twice a day.","Water\Aqua\Eau, Dimethicone, Butylene Glycol, Glycerin, Niacinamide, Trisiloxane, Octyldodecyl Stearoyl Stearate, Trehalose, Paeonia Albiflora Flower Extract, Cholesterol, Ceramide Ng, Linoleic Acid, Salicylic Acid, Lactic Acid, Glycolic Acid, Citric Acid, Algae Extract, Saccharomyces Lysate Extract, Betula Alba Bark Extract, Camellia Sinensis Leaf Extract, Thermus Thermophillus Ferment, Laminaria Saccharina Extract, Silybum Marianum (Lady'S Thistle) Extract, Caffeine, Bis-Peg-18 Methyl Ether Dimethyl Silane, Acetyl Glucosamine, Sodium Hyaluronate, Sorbitol, Sodium Magnesium Silicate, Peg-8, Sucrose, T-Butyl Alcohol, Polyacrylate Crosspolymer-6, Oleth-10, Carbomer, Ammonium Acryloyldimethyltaurate/Vp Copolymer, Xanthan Gum, Hydrogenated Lecithin, Jojoba Wax Peg-120 Esters, Sodium Hydroxide, Tromethamine, Di-C12-18 Alkyl Dimonium Chloride, Silica, Fragrance (Parfum), Benzyl Salicylate, Limonene, Linalool, Titanium Dioxide (Ci 77891), Synthetic Fluorphlogopite, Tin Oxide, Mica, Caprylyl Glycol, Bht, Disodium Edta, Hexylene Glycol, Tocopheryl Acetate, Magnesium Ascorbyl Phosphate, Phenoxyethanol, Sodium Benzoate.","•Apply serum twice a day, morning and evening, as part of your Hyper Real skincare routine.
•Dispense one to two pumps directly onto fingertips or use the 001 Serum + Moisturizer Brush to apply evenly onto freshly cleansed skin, in place of your serum and moisturizer, if desired.
•Use the Artist-crafted Petal-Press Technique to apply by gently pressing the formula upward and outward into the skin.
•Avoid eye area."
pimprod2043257,St. Tropez,Self Tan Express Mini Kit,By Category,Skin Gifts,$20.00,,https://media.ulta.com/i/ulta/2620254?w=100&h=100&fmt=auto,95 Reviews,"Benefits
100% clean, vegan-friendly & natural tanning active
No self tan smell, with a mood-boosting fragrance
Tinted tanning mousse for an easy to apply streak-free glow
Quick-drying and non-sticky, with no transfer
Advanced 3-in-1 technology for a sunkissed glow in just 1 hour
Includes
Express Bronzing Mousse (1.69 oz)
Double Sided Applicator Mitt (1 ct)","MINI EXPRESS MOUSSE: Aqua (Water), Dihydroxyacetone, Caramel, Propylene Glycol, Ethoxydiglycol, Glycerin, PPG-5-Ceteth-20, Decyl Glucoside, Phenoxyethanol, Parfum (Fragrance), Melanin, Cetyl Hydroxyethylcellulose, Dimethyl Isosorbide, Sodium Metabisulfite, Ethylhexylglycerin, Linalool, Benzyl Salicylate, CI 14700 (Red 4), Hexyl Cinnamal, CI 19140 (Yellow 5), Citronellol, CI 42090 (Blue 1), Limonene, Aloe Barbadensis Leaf Juice, Geraniol, Coumarin, Alpha-Isomethyl Ionone, Hydroxycitronellal, Potassium Sorbate, Citric Acid.
MITT: Polyester 53%, Polyurethane 47%.","Step 1. PREP It's in the details. Create a flawless base by exfoliating and moisturizing dry areas, hands, feet, ankles and wrists.
Step 2. APPLY Glide on using St. Tropez Luxe Applicator Mitt for a seamless finish.
Step 3. RINSE Shower off after 1, 2 or 3 hours depending on your desired shade.
Step 4. BE BEACH READY Your tan will develop over 4-6 hours. Exfoliate & moisturize daily to extend the glow.
Precautions: Patch test 24 hours before use. Do not apply to sensitive, broken or irritated skin. Do not get in eyes, if you do rinse well with water. Avoid contact with lips. Instant tan may stain. Wash palms after use. Store below 86 degrees fahrenheit. This product does not contain a sunscreen and does not protect against sunburn."
pimprod2046122,CeraVe,Intensive Moisturizing Lotion,Body Moisturizers,Body Lotion & Creams,$17.99,8.0 oz,https://media.ulta.com/i/ulta/2625701?w=100&h=100&fmt=auto,17 Reviews,"Benefits
Moisturizing lotion for extra dry skin with controlled release for long lasting hydration
Non greasy body lotion instantly absorbs with no greasy or sticky feel
Formulated for dry to very dry, itchy skin
Suitable for use as a body lotion, foot lotion, and hand cream.
Fast absorbing and fast acting formula relieves and defends against 5 key signs of dryness for intensely moisturized and healthier looking skin
5 key signs of dryness: itch, tightness, roughness, scaling & flaking, and redness
Allergy tested, Fragrance Free, and pH balanced
Suitable for use by all skin types, even sensitive skin and all skin tones
Developed with dermatologists, CeraVe is the #1 Dermatologist Recommended Skin Care Brand
Key Ingredients
Hydro-ureaf: Urea lotion with NMF complex to hydrate deep within skin's surface layers for skin barrier repair. Lotion with urea helps soothe dry, itchy skin at application
MVE Delivery Technology: Delivers hydration throughout the day
Ceramides: Essential for healthy skin, ceramides help restore and maintain the skin’s natural barrier
Ceramides are found naturally in the skin and make up ~50% of the lipids in the skin barrier.
CeraVe's moisturizers are formulated with three essential ceramides (1, 3, 6-ii) & help restore the skin’s natural barrier
Research Results
Immediately boosts skin’s hydration by 100%
2X increase in skin’s hydration with on-going twice daily use
42% increase in skin's moisture barrier function with on-going twice daily use
72-hour hydration
Improves skin's radiance immediately","Aqua/Water/Eau, Glycerin, Butyrospermum Parkii Butter / Shea Butter, Hydroxyethyl Urea, Isopropyl Palmitate, Propanediol, Cetearyl Alcohol, Octyldodecanol, C15-19 Alkane, Glycine, Stearic Acid, Ceramide Np, Ceramide Ap, Ceramide Eop, Sorbitan Tristearate, Sorbitan Oleate, Carbomer, Glyceryl Stearate, Dimethicone, Behentrimonium Methosulfate, Triethyl Citrate, Isohexadecane, Sodium Pca, Serine, Sodium Lauroyl Lactylate, Sodium Hydroxide, Myristic Acid, Sodium Hyaluronate, Cholesterol, Palmitic Acid, Alanine, Tocopherol, Hydroxyacetophenone, Caprylyl Glycol, Hydroxyethylpiperazine Ethane Sulfonic Acid, Trisodium Ethylenediamine Disuccinate, Xanthan Gum, Pentaerythrityl Tetra-Di-T-Butyl Hydroxyhydrocinnamate, Phytosphingosine, Acrylamide/Sodium Acryloyldimethyltaurate Copolymer, Acrylates/C10-30 Alkyl Acrylate Crosspolymer, Polysorbate 80, Benzoic Acid, Peg-100 Stearate, Peg-20 Methyl Glucose Sesquistearate.","Apply liberally as often as needed or as directed by a physician. Avoid direct contact with eyes. If contact occurs, rinse thoroughly with water."
pimprod2046690,Bubble,Drink Up Duo Dewy Skin Set,By Category,Skin Gifts,$28.00,,https://media.ulta.com/i/ulta/2626624?w=100&h=100&fmt=auto,163 Reviews,"Benefits
Promotes healthy and hydrated skin.
Formulas work in tandem to boost hydration.
Supports skin barrier function.
Features TWO of the Bubble community’s most loved products.
Fragrance-free.
Dermatologist-tested.
Key Ingredients
Hyaluronic Acid aids in holding water and binding it to skin.
Peptide Blend helps support skin repair and boost skin barrier function.
Avocado Oil helps nourish dry skin, reduce redness, soften, and moisturize.
Includes
Slam Dunk (1.7 oz)
Water Slide (1.0 oz)","Water Slide: Water (Aqua), Propanediol, Glycerin, Squalane, Niacinamide, Saccharide Isomerate, Capryloyl Glycerin/Sebacic Acid Copolymer, Diheptyl Succinate, Tremella Fuciformis (Mushroom) Extract, Sodium Hyaluronate, Sodium Hyaluronate Crosspolymer, Palmitoyl Tripeptide-1, Palmitoyl Tetrapeptide-7, Aloe Barbadensis Leaf Juice, Glyceryl Acrylate/Acrylic Acid Copolymer, Opuntia Ficus-Indica Seed Oil, Tocopheryl Acetate, Lauryl Glucoside, Xanthan Gum, Sodium Lactate, Phytic Acid, Cetearyl Olivate, Sorbitan Olivate, Cetyl Alcohol, Sucrose, Anastatica Hierochuntica Extract, Acrylates/C10-30 Alkyl Acrylate Crosspolymer, Euphorbia Cerifera (Candelilla) Wax/Candelilla Cera/Cire de candelilla, Butyrospermum Parkii (Shea) Butter, Beta-Sitosterol, Glyceryl Behenate, Polyglyceryl-4 Isostearate, Oleic Acid, Ceramide NP, Ceramide NG, Lecithin, Tocopherol, Potassium Hydroxide, Gluconolactone, Phenoxyethanol, Sodium Benzoate, Lactic Acid, Citric Acid, Sodium Citrate, Ethylhexylglycerin
Slam Dunk: Water (Aqua), Isononyl Isononanoate, Glycerin, Heptyl Undecylenate, Glyceryl Stearate Citrate, Caprylic/Capric Triglyceride, Polyglyceryl-3 Stearate, Cetyl Alcohol, Aloe Barbadensis Leaf Juice Powder, Acrylates/C10-30 Alkyl Acrylate Crosspolymer, Persea Gratissima (Avocado) Oil, Butyrospermum Parkii (Shea) Butter, Glucose, Hydrolyzed Pea Protein, Sodium Chloride, Sodium Succinate, Oenothera Biennis (Evening Primrose) Oil, Hoya Lacunosa Flower Extract, Anthemis Nobilis Flower Extract, Hydrogenated Lecithin, Arginine, Tocopheryl Acetate, Tocopherol, Sodium Phytate, Phenoxyethanol","Water Slide: Apply 1-2 pumps to clean, dry skin after toner and before moisturizer. Use 1-2 times daily.
Slam Dunk: After using Water Slide, evenly apply 1-2 pumps of Slam Dunk to clean, dry skin. Use AM and PM."
pimprod2024051,cocokind,Revitalizing Eye Cream,Eye Treatments,Eye Cream,$18.99,0.5 oz,https://media.ulta.com/i/ulta/2582488?w=100&h=100&fmt=auto,"1,726 Reviews","Benefits
Hydrates, refreshes, and revitalizes the eye area
Reduces the appearance of bags and dark circles by moisturizing the contour of the under eye
Locks in hydration around the eyes (this area loses moisture 50% faster than the rest of your skin)
Soothes and depuffs skin with a hygienic metal applicator tip","Water, Caprylic/Capric Triglyceride, Glycerin, Cetearyl Alcohol, Glyceryl Stearates, Cetearyl Olivate, Leuconostoc/Radish Root Ferment Filtrate, Sorbitan Olivate, Potassium Cetyl Phosphate, Sclerocarya Birrea Seed Oil**, Tetradecane, Butyrospermum Parkii (Shea) Butter, Albizia Julibrissin Bark Extract***, Darutoside, Hibiscus Sabdariffa Flower Extract*, Avena Sativa (Oat) Kernel Extract, Xanthan Gum, Potassium Sorbate, Sodium Dehydroacetate.
*Certified Organic
**Marula Oil
***Persian Silk Tree Extract",Glide onto your eye area and gently pat in.
pimprod2003422,CeraVe,Travel Size Foaming Facial Cleanser for Balanced to Oily Skin,Travel Size Men's Care,,$6.99,3.0 oz,https://media.ulta.com/i/ulta/2541441?w=100&h=100&fmt=auto,"18,512 Reviews","Benefits
Gentle gel-based foaming face wash formula effectively dissolves dirt, excess oil & makeup such as foundation & eyeliner
Helps restore the skin's protective barrier with ceramides
Face cleanser formula helps attract moisture to the skin with hyaluronic acid
Provides soothing benefits with niacinamide
Travel size, under TSA liquid limit
Ideal for normal / balanced to oily skin
Non-drying and non-irritating
Non-comedogenic
Developed with dermatologists
Key Ingredients
Ceramides: Essential for healthy skin, Ceramides are found naturally in the skin and help restore and maintain the skin's natural barrier
Hyaluronic acid: This ingredient attracts hydration to the skin’s surface and helps the skin retain moisture
Niacinamide: Helps calm skin
Formulated Without
Fragrance","Purified Water, Glycerin, Behentrimonium Methosulfate and Cetearyl Alcohol, Ceramide 3, Ceramide 6-II, Ceramide 1, Hyaluronic Acid, Cholesterol, Polyoxyl 40 Stearate, Glyceryl Monostearate, Stearyl Alcohol, Polysorbate 20, Potassium Phosphate, Dipotassium Phosphate, Sodium Lauroyl Lactylate, Cetyl Alcohol, Disodium EDTA, Phytosphingosine, Methylparaben, Propylparaben, Carbomer, Xanthan Gum.","**Step 1.) Wet skin with lukewarm water.**
**Step 2.) Massage cleanser into skin in a gentle, circular motion.**
Step 3.) Rinse.
Build your Everyday Routine with CeraVe **:**
Cleanse:
Foaming Facial Cleanser: Cleanses and removes makeup & oil without disrupting the protective skin barrier. Gentle foaming action refreshes and cleanses skin, including removing excess oils.
**Moisturize:**
Daily Moisturizing Lotion: Moisturizes and helps restore the protective skin barrier
Treat:
++Skin Renewing Vitamin C Serum++ :
10% pure Vitamin C to help visibly brighten and even skin tone while providing antioxidant benefits
**Protect:**
Ulta Light Moisturizing Lotion: Moisturizes with a matte finish & helps repair the protective skin barrier
Also comes in a travel friendly, under TSA liquid limit: Travel Size Foaming Facial Cleanser"
pimprod2044489,Loving Tan,Deluxe Medium Self-Tanning Kit,By Category,Skin Gifts,$26.00,,https://media.ulta.com/i/ulta/2622907?w=100&h=100&fmt=auto,9 Reviews,"Benefits
Loving Tan's professional strength formula contains high concentrations of active ingredients, giving you a darker tan in one layer.
Natural olive color.
The built-in color guide contains an instant bronzer, making the application foolproof.
Quick drying in as little as 60 seconds.
Perfect for tanning on-the-go.
Best suited for Light to Medium skin tones.
Proudly Australian made.
Key Ingredients
Naturally derived DHA
Hydrating Aloe Vera base.
Includes
Deluxe Bronzing Mousse Medium (1.6 oz)
Deluxe Applicator Mitt (1 ct)","Deluxe Bronzing Mousse Medium: Water (Aqua/Eau), Dihydroxyacetone, Propylene Glycol, Ethoxydiglycol, Panthenol, Erythrulose, Decyl Glucoside, Dimethicone Peg-8 Phosphate, Phenoxyethanol, Ethylhexylglycerin, Juglans Nigra (Black Walnut) Shell Extract, Aloe Barbadensis (Aloe Vera) Leaf Juice, Fragrance (Parfum), Hydroxypropyl Methylcellulose, Sodium Metabisulfite, Citric Acid, Salix Alba Bark Extract, Maltodextrin, Benzyl Benzoate, Benzyl Salicylate, Coumarin, CI 16035 (FD&C Red 40), CI 17200 (D&C Red 33), CI 19140 (FD&C Yellow 5), CI 42090 (Fd&C Blue 1).","For best results, apply to
clean, dry and exfoliated skin. Apply moisturiser liberally to hands, wrists, elbows, feet, ankles and knees. Pump mousse onto your Loving Tan Deluxe Applicator Mitt. Using circular motions, apply mousse to your body, blending as you go for even coverage.
Allow 60 seconds before dressing. Avoid perspiration or water while your tan develops. After 6 hours, shower off the colour guide to reveal a gorgeous natural tan. Your tan will continue to darken and develop for up to 24 hours."
pimprod2007849,SUNDAY RILEY,A+ High-Dose Retinoid Serum,Treatment & Serums,Face Serums,$85.00,1.0 oz,https://media.ulta.com/i/ulta/2550152?w=100&h=100&fmt=auto,504 Reviews,"Benefits
Fights the signs of aging
Improves the look of congested skin
Improves the appearance of damaged skin
Balances and soothes skin
Calms the appearance of redness for a more even-toned complexion
Vegetarian
Cruelty-free
Formulated without artificial fragrances, sulfates, parabens, gluten, soy, and phthalates
Key Ingredients
Retinol Ester Blend 5% + Liposome-encapsulated Retinol Blend 1% helps reduce the appearance of wrinkles and lines and encourages signs of clearer skin
CoQ10 improves the appearance of aging or UV-exposed skin, for a healthier-looking, balanced complexion
Hawaiian White Honey, Bisabolol, Cactus Extract, and Ginger balance and soothe the skin
Research Results
In an independent blinded study of 102 women, after 4 weeks:
90% of women saw boosted skin radiance and healthy-looking skin, and agreed the product was gentler than other facial retinoid serums used in the past
88% reported that skin looked brighter
87% of women saw renewed skin
After 6 weeks:
96% of women felt the product was effective in addressing skin concerns
95% of women were happy with the results of the product
92% of women felt the product was gentle and non-irritating
86% of women saw a reduction in the appearance of sun-damaged skin
84% reported that skin clarity was improved and saw a reduction in the appearance of dark spots
82% reported that their skin tone looked more even
80% felt that their lines looked smoother
72% felt that skin appeared less red
71% saw an improvement in the look of expression lines","Water/Eau/Aqua, Dimethyl Isosorbide, Propanediol, Triheptanoin, Dimethicone, Glycerin, Pentylene Glycol, Cetyl PEG/PPG-10/1 Dimethicone, Disiloxane, Hexyldecanol, Diheptyl Succinate, Phenylpropanol, Phenyl Trimethicone, PPG-24-Glycereth-24, Hydroxypinacolone Retinoate, Sodium Acrylates Copolymer, Helianthus Annuus (Sunflower) Seed Oil, Honey Extract/Extrait de Miel, Opuntia Ficus-Indica (Prickly Pear) Fruit Extract, Bisabolol, Butyrospermum Parkii (Shea) Butter, Retinol, Sodium Hyaluronate Crosspolymer, Ubiquinone, Zingiber Officinale (Ginger) Root Extract, Tocopherol, Hydrogenated Polydecene, Lecithin, 1,2-Hexanediol, 4-t-Butylcyclohexanol, Caprylyl Glycol, Phospholipids, Polyglyceryl-10 Stearate, Sorbitol, Cetylhydroxyproline Palmitamide, Polysilicone-11, Benzoic Acid, Dehydroacetic Acid, Capryloyl Glycerin/Sebacic Acid Copolymer, Sodium Phytate, Phenoxyethanol, Glyceryl Polyacrylate, Alcohol, Polysorbate 20, Saccharomyces Cerevisiae Extract, Brassica Campestris (Rapeseed) Sterols, Hydroxyphenyl Propamidobenzoic Acid, Stearic Acid, Sodium Benzoate, Potassium Phosphate, Benzyl Alcohol, Decyl Glucoside, Algae Extract, Hexylene Glycol, Potassium Sorbate.","Apply 1-2 pumps in the evening to clean, dry skin. For targeted instructions, see below: For new retinoid users: Use two days on, two days off. Work your way up to every other day, then to daily, evening use. Follow with a hydrating oil or moisturizer, like C.E.O. Glow or Juno. Use an AHA serum, like Good Genes Lactic Acid Treatment, on alternate nights to sweep away dead skin cells.
For advanced retinoid users: Use daily, in the evenings. Follow with a hydrating oil or moisturizer, like C.E.O. Glow or Juno. Use an AHA serum, like Good Genes Lactic Acid Treatment, in the mornings to sweep away dead skin cells.
For sensitive skin: Apply a few drops of a gentle, hydrating oil, like C.E.O. Glow or Juno to your skin before applying A+ serum."
pimprod2035461,Bubble,Level Up Balancing Moisturizer,Moisturizers,Face Moisturizer,$16.00,1.7 oz,https://media.ulta.com/i/ulta/2600869?w=100&h=100&fmt=auto,"1,288 Reviews","Benefits
For oily, combination, and normal skin types.
Gel texture.
Fragrance free.
Key Ingredients
Zinc PCA + Niacinamide help improve texture and radiance.
Yarrow Extract helps heal and restore moisture.
Our Bluelight Protection is a superfood protein compound helps protect against + repair blue light damage.
Formulated Without
Denatured alcohols
Parabens
Artificial color
Added fragrance","Water (Aqua), Glycerin, Caprylic/Capric Triglyceride, Cannabis Sativa (Hemp) Seed Oil, Oleyl Erucate, Niacinamide, Zinc PCA, Hydrolyzed Pea Protein, Glucose, Sodium Chloride, Sodium Succinate, Ammonium Acryloyldimethyltaurate/VP Copolymer, Acrylates/C10-30 Alkyl Acrylate Crosspolymer, Oenothera Biennis (Evening Primrose) Oil, Squalane, Achillea Millefolium Flower Extract, Ethylhexylglycerin, Neopentyl Glycol Diheptanoate, Tocopheryl Acetate, Phenoxyethanol, Sodium Phytate, Sodium Hydroxide.","After toner, apply 1-2 pumps to clean, dry skin. Use morning and night for soft, balanced skin.
Precautions: Use only as directed."
pimprod2008508,TULA,So Polished Exfoliating Sugar Face Scrub,Treatment & Serums,Face Peels & Exfoliators,$34.00,2.9 oz,https://media.ulta.com/i/ulta/2549757?w=100&h=100&fmt=auto,"1,275 Reviews","Benefits
Reveals smoother, brighter & more even-looking skin
Melts away excess sebum, buildup & debris without stripping skin
Provides gentle yet effective chemical & physical exfoliation
Smells like a beach vacation
Dermatologist-tested
Key Ingredients
Probiotic Extracts: help improve skin smoothness
Sugar: provides gentle physical exfoliation
Papaya & Pineapple Enzymes: naturally-derived fruit enzymes that brighten & exfoliate to remove impurities
Does not contain live cultures","Sucrose, Propylene Glycol Dicaprylate/dicaprate, Octyldodecanol, PEG-7 Glyceryl Cocoate, Mangifera Indica (mango) Seed Butter, Candelilla Cera/euphorbia Cerifera (candelilla) Wax/cire De Candelilla, Disteardimonium Hectorite, Lactococcus Ferment Lysate, Bromelain, Papain, Lactic Acid, Carica Papaya (papaya) Fruit Extract, Citrus Limon (lemon) Fruit Extract, Ananas Sativus (pineapple) Fruit Extract, Vitis Vinifera (grape) Seed Extract, Tocopheryl Acetate, Aqua/water/eau, Glycerin, Propylene Carbonate, Butylene Glycol, Sodium Chloride, Sodium Benzoate, Phenoxyethanol, Fragrance (parfum), Limonene, Benzyl Salicylate, Hydroxycitronellal.","Gently massage a dime-size amount of scrub into wet skin for 30-60 seconds, avoiding the eye area. Rinse with warm water. May use up to 2-4 times per week."
pimprod2046257,La Roche-Posay,"Lipikar Urea 10% Smoothing Body Lotion for Rough, Dry Skin",Body Moisturizers,Body Lotion & Creams,$22.99,13.5 oz,https://media.ulta.com/i/ulta/2625719?w=100&h=100&fmt=auto,22 Reviews,"Benefits
Smoothing lotion exfoliates skin without disrupting the skn barrier
Softens and smooths dry, rough, and bumpy skin with only 1 application
Improves skin's moisture barrier in 1 hour
Non-sticky, fast-absorbing texture
Bottle made from 96% recycled plastic, *excluding the pump
Dermatologist Tested & Sensitive Skin Tested
Key Ingredients
10% Urea, hydrates and moisturizes dry to extra dry, rough skin
Shea Butter, known for it's soothing and restoring properties
Hepes, exfoliates the skin and reduces inflammation
Formulated Without
Oil
Parabens
Fragrance","Aqua / Water / Eau, Urea, Glycerin, Butyrospermum Parkii Butter / Shea Butter, Brassica Campestris Seed Oil / Rapeseed Seed Oil, Dicaprylyl Carbonate, Isopropyl Palmitate, Pentylene Glycol, Glycine, Cetearyl Alcohol, Silica, Stearic Acid, Allantoin, Sorbitan Oleate, Sorbitan Tristearate, Glyceryl Stearate, Peg-100 Stearate, Peg-20 Methyl Glucose Sesquistearate, Isohexadecane, Sodium Hydroxide, Sodium Lactate, Myristic Acid, Palmitic Acid, Mannose, Hydroxyacetophenone, Hydroxyethylpiperazine Ethane Sulfonic Acid, Caprylyl Glycol, Citric Acid, Trisodium Ethylenediamine Disuccinate, Xanthan Gum, Polysorbate 80, Acrylamide/Sodium Acryloyldimethyltaurate Copolymer, Acrylates/C10-30 Alkyl Acrylate Crosspolymer, Tocopherol, Pentaerythrityl Tetra-Di-T-Butyl Hydroxyhydrocinnamate, Chlorhexidine Digluconate.","Apply morning and evening on clean, dry skin."
pimprod2043298,Bubble,Bounce Back Balancing Toner Mist,Cleansers,Toner,$13.00,1.8 oz,https://media.ulta.com/i/ulta/2619147?w=100&h=100&fmt=auto,351 Reviews,"Benefits
All skin types: dry, oily, combination
Fragrance free
Key Ingredients
Sea Water helps mattify and reduce the appearance of pores.
Sodium PCA + Niacinamide help improve texture and radiance.
Willow Bark Extract gently exfoliates while calming redness and reducing oiliness.
Formulated Without
Denatured alcohols
Parabens
Artificial color
Added fragrance","Water (Aqua), Rosa Damascena Flower Water, Glycerin, Pentylene Glycol, Leuconostoc/Radish Root Ferment Filtrate, Sea Water, Sodium PCA, Niacinamide, Citric Acid, Salix Nigra (Willow) Bark Extract, Camellia Sinensis Leaf Extract, Echinacea Purpurea Extract, Echinacea Angustifolia Root Extract, Echinacea Purpurea Root Extract, Sodium Benzoate, Potassium Sorbate, Sodium Phytate, Citronellol, Geraniol, Linalool.","Spray 3-5 inches from face for an instant skin reset anytime.
Precautions: Use only as directed."
pimprod2025445,e.l.f. Cosmetics,Holy Hydration! Face Cream SPF 30,Moisturizers,Face Moisturizer,$13.00,1.7 oz,https://media.ulta.com/i/ulta/2582406?w=100&h=100&fmt=auto,"1,235 Reviews","Benefits
Replenishes lost moisture for supple skin
Offers Broad Spectrum SPF 30 protection
Brightens and evens out skin tone
Instantly absorbs into skin
Lightweight and non-greasy
Fresh, clean scent
Great for all skin types
Proud to be 100% vegan and cruelty-free, worldwide. Because kindness is chic.
Key Ingredients
Broad Spectrum SPF 30 - Protects skin from harsh UVA/UVB rays
Hyaluronic Acid - Locks in moisture for a plump complexion
Niacinamide - Minimizes pores and evens out skin tone
Peptides - Promotes collagen and improves skin texture
Formulated Without
Phthalates
Parabens
Nonylphenol Ethoxylates
Triclosan,
Triclocarban
Hydroquinone
Sulfates","Active: Avobenzene 3.0%, Homosalate 9.0%, Octisalate 5.0%, Octocrylene 7.0%. Inactive:Water (Aqua), Glycerin, Polyglyceryl-3 Distearate, Niacinamide, Aluminum Starch Octenylsuccinate, Trehalose, Stearyl Heptanoate, Silica, Palmitoyl Tripeptide-1, Palmitoyl Tetrapeptide-7, Panthenol, Sodium Hyaluronate, Squalane, Butylene Glycol, Stearic Acid, Cetearyl Olivate, Sorbitan Olivate, Cetearyl Alcohol, Glyceryl Stearate Citrate, Dimethicone, Acrylates/Polytrimethylsiloxymethacrylate Copolymer, Disodium EDTA, Polyacrylate-13, Polyisobutene, Polysorbate 20, Carbomer, Fragrance(Parfum), Caprylyl Glycol, Phenoxyethanol, Ethylhexylglycerin, Geraniol, Linalool.","Use in the AM and apply a generous amount onto clean ski as the last step in your skincare routine. Great to use alone, apply before makeup to help prep and prime skin for perfect application. Apply 15 minutes before sun exposure."
pimprod2049581,Peach Slices,Super Fade Discoloration Serum,Treatment & Serums,Face Serums,$11.99,1.01 oz,https://media.ulta.com/i/ulta/2634854?w=100&h=100&fmt=auto,34 Reviews,"Benefits
Visibly and rapidly brightens post-blemish marks, dark spots and hyperpigmentation
Helps visibly even skin tone
Nourishing K-beauty ingredients visibly soothe and calm skin
Peach Slices offers easy, clinical solutions, powered by K-beauty innovations, for tough skin issues like acne, oily skin, and redness. Formulated without any harsh chemicals: silicone-free, fragrance-free, and alcohol-free
Key Ingredients
3.5% Cetyl Tranexamate Mesylate (Tranexamic Acid): superior form of Tranexamic acid targets discoloration, post-blemish marks, dark spots, and hyperpigmentation and promotes visibly even skin tone
4.5% Niacinamide: helps visibly brighten hyperpigmentation and dark spots
Licorice: visibly boosts brightening benefits
Centella Asiatica (Cica): visibly soothes and calms skin","Water, Propanediol, Niacinamide, Cetyl Tranexamate Mesylate, 1,2-Hexanediol, Glycerin, Acetyl Glucosamine, Cucumis Sativus (Cucumber) Fruit Extract, Glycyrrhiza Glabra (Licorice) Root Extract, Panthenol, Camellia Sinensis Leaf Extract, Madecassoside, Asiaticoside, Madecassic Acid, Asiatic Acid, Kojic Acid, Allantoin, Salix Alba (Willow) Bark Water, Calendula Officinalis Flower Extract, Malus Domestica (Apple) Fruit Extract, Citrullus Lanatus (Watermelon) Fruit Extract, Lens Esculenta (Lentil) Fruit Extract, Euterpe Oleracea Fruit Extract, Butylene Glycol, Sucrose, Ceratonia Siliqua (Carob) Gum, Hydroxyethylcellulose, Sodium Phytate, Caprylyl Glycol, Ethylhexylglycerin.","Shake well. Apply onto clean, dry skin. Can be used daily, AM and PM. Follow up with moisturizer, and use SPF during the daytime.
Precautions: External use only. Avoid contact with eyes. Keep out of reach of children. Store in a cool and dry place."
pimprod2030632,COOLA,Classic Face Sunscreen Mist SPF 50,Suncare,Sunscreen,$32.00,3.4 oz,https://media.ulta.com/i/ulta/2591973?w=100&h=100&fmt=auto,469 Reviews,"Benefits
Powerful SPF 50 protection.
Enriched with antioxidant-rich Plant Protection complex
70%+ certified organic ingredients
Broad Spectrum SPF 50 UVA/UVB protection
Water Resistant (80 minutes)
Dermatologist tested
Farm to Face
Hawaii Reef Compliant
Gluten Free","Avobenzone 2.9%, Octisalate 4.9%, Octocrylene 9.5% Alcohol (ORGANIC), Butyloctyl Salicylate, Ethylhexyl Methoxycrylene, Polyester-8, Fragrance (Natural), VA/Butyl Maleate/Isobornyl Acrylate Copolymer, Carthamus Tinctorius (Safflower) Seed Oil (ORGANIC), Rubus Idaeus (Raspberry) Seed Oil (ORGANIC), Mauritia Flexuosa (Buriti) Fruit Oil (ORGANIC), Limnanthes Alba (Meadowfoam) Seed Oil, Brassica Campestris (Rapeseed) Seed Oil, Camellia Sinensis Leaf Extract (ORGANIC), Glycyrrhiza Glabra (Licorice) Root Extract (ORGANIC), Opuntia Ficus-Indica Flower Extract, Camelina Sativa Seed Oil, Bisabolol (ORGANIC), Glycerin (ORGANIC), Water, Ethyl Ferulate, Diisooctyl Succinate.","SHAKE WELL before use. With your eyes completely closed, mist face evenly, holding bottle 10-12 inches away from face. Wait until dry. apply liberally 15 minutes before sun exposure reapply after 80 minutes of swimming or sweating, immediately after towel drying, at least every 2 hours.
Sun Protection Measures. Spending time in the sun increases your risk of skin cancer and early skin aging. To decrease this risk, regularly use a sunscreen with a broad spectrum SPF of 15 or higher and other sun protection measures including limit time in the sun, especially from: 10 am-2 pm, wear long-sleeve shirts, pants, hats, and sunglasses. Children under 6 months, ask a doctor."
pimprod2025100,fresh,Soy pH-Balanced Hydrating Face Wash,Cleansers,Face Wash,$39.00,5.0 oz,https://media.ulta.com/i/ulta/2593081?w=100&h=100&fmt=auto,"23,525 Reviews","Benefits
Supports skin's moisture barrier
Instantly calms visible redness & hydrates
Delivers a clear, healthy look over time
Key Ingredients
Soy Proteins: help retain hydration, improve elasticity & smooth skin.
Aloe Vera: helps to soothe & hydrate the skin.
Cucumber Extract: helps to provide a cooling effect & crisp, refreshing scent.
Research Results
+10% hydration, even after you rinse*
Proven effective on all skin types & tones, including sensitive**
Scientifically proven to maintain skin’s pH*
98% agreed it deeply cleanses pores***
*instrumental test, 11 subjects
**skin types normal, dry, oily, combination, sensitive; skin tones tested using the Fitzpatrick scale
***self-assessment, 122 subjects, 4 weeks","Aqua (water), Coco-glucoside, Butylene Glycol, Glycerin, Propanediol, Xanthan Gum, 1,2-hexanediol, Polyglyceryl-10 Laurate, Centaurea Cyanus Flower Water, Cucumis Sativus (cucumber) Fruit Extract, Helianthus Annuus (sunflower) Seed Oil, Borago Officinalis Seed Oil, Hydrolyzed Soy Protein, Rosa Damascena Extract, Rosa Damascena Flower Water, Aloe Barbadensis Leaf Juice, Panax Ginseng Root Extract, Malva Sylvestris (mallow) Flower Extract, Rosa Damascena Flower Oil, Tocopherol, Caprylic/capric Triglyceride, Caprylyl Glycol, Hydrolyzed Jojoba Esters, Silica, Citric Acid, Pentylene Glycol, Caramel, Sodium Hydroxide, Sodium Benzoate, Potassium Sorbate.","Wet the skin and massage over face and eyes to clear skin of dirt and makeup, then rinse. Use daily, morning and night. Special note: It's ophthalmologist-tested to be suitable for sensitive eyes and contact lens wearers and helps to remove stubborn eye makeup-including mascara!"
pimprod2037934,PEACH & LILY,Glass Skin Face Polisher,K-Beauty,,$48.00,2.64 oz,https://media.ulta.com/i/ulta/2605763?w=100&h=100&fmt=auto,381 Reviews,"Benefits
Gently exfoliate and polish skin without being harsh on skin
Remove dead skin cells and flaky skin
Brighten skin and even skin tone
Carefully rounded microcrystalline edges prevent micro-tears or scratches on skin
100% Worry Free: Peach & Lily formulas are non-toxic, alcohol-free, fragrance-free, & gluten-free
Key Ingredients
Crystal Rice: gently micro-exfoliates
Allantoin: reduces the appearance of scars and helps heal skin
Green Tea: moisturizes, brightens, and repairs skin while calming inflammation
Research Results
96% saw more luminosity and even skin texture*
*Based on brand study results","Zea Mays (Corn) Starch, Microcrystalline Cellulose, Sodium Cocoyl Isethionate, Sodium Lauroyl Glutamate, Diglycerin, Oryza Sativa (Rice) Bran Extract, Aspergillus/Rice, Ferment Filtrate, Papain, Prunus Mume (Korean Plum) Fruit Extract, Vitis Vinifera (Muscat Grape) Fruit Extract, Carica Papaya (Papaya) Fruit Extract, Pyrus Malus (Apple) Fruit Extract, Camellia Sinensis Leaf Extract, Salicylic Acid, Angelica Acutiloba Root Extract, Glycerin, Panax Ginseng Root Extract, Allantoin, Vigna Radiata Seed Extract, Moringa Pterygosperma Seed Extract, Maltodextrin, Water, Butylene Glycol, 1,2-Hexanediol, Ethylhexylglycerin, Caprylyl Glycol.","Twist off cap, remove the protective inner lid, and twist outer cap back on. Dispense a dime-sized amount onto wet hands and rub to create a creamy texture. Massage onto face avoiding the eye area for one minute. Rinse thoroughly. Gentle enough for daily use.
For external use only. Avoid contact with eyes. If contact occurs, rinse thoroughly with water. Discontinue use and consult a doctor if irritation occurs. Keep out of reach of children. Store in a cool, dry place. The formula can be hardened by water, please cover the cap tightly after use to avoid humidity in the bottle."
pimprod2018407,Peach Slices,Deep Blemish Microdarts,Treatment & Serums,Acne & Blemish Treatments,$8.99,9 ct,https://media.ulta.com/i/ulta/2567109?w=100&h=100&fmt=auto,607 Reviews,"Benefits
Rapidly diminish early-stage and deep blemishes
Microdarts self-dissolve into blemish for deep ingredient delivery
Absorbs secretions for faster healing and less inflammation
Strong grip secures patch overnight while lifting easily and painlessly
Non-drying and non-irritating
Effective and fun: Peach Slices formulas are formulated for all skin types and deliver holistic and easy solutions for stubborn skin issues
Research Results
98% said blemishes were visibly smaller, calmer, and less intense within 48 hours*
97% said Microdart reversed the blemish journey to prevent a more intense breakout*
*Results from a third party consumer study","Sodium Hyaluronate, 1,3-Butylene Glycol, Niacinamide, Salicylic Acid, Centella Asiatica Extract, Melaleuca Altemifolia (Tea Tree) Leaf Oil, Salix Alba (Willow) Bark Extract, 1,2-Hexanediol, Sodium Dehydrocetate, Water.","Cleanse area to be treated. Adhere patch over the area. Microdarts self-dissolve into skin within 2 hours. Patch also absorbs secretion from blemish to flatten it. After 8 hours, remove by gently peeling back and discarding. Cleanse the treated area, and apply another patch if desired. Apply every 8 hours as often as needed. No-color, transparent patches can be worn overnight, or under makeup.
Precautions: Keep out of reach of children. For external use only. When using this product, skin irritation and dryness may occur if used in conjunction with other topical substances. Avoid applying on eye area or to damaged or broken skin. If the product is swallowed, get medical help or contact a Poison control center right away."
pimprod2030349,Hero Cosmetics,Mighty Patch Surface Acne Pimple Patches,K-Beauty,,$17.99,10 ct,https://media.ulta.com/i/ulta/2591988?w=100&h=100&fmt=auto,838 Reviews,"Benefits
It's medical-grade, chemical-free, allergy tested, and gentle on all skin types
It also visibly sucks out more gunk
Extra adhesive to stay on through tossing, turning, and pillow-squishing
Each sheet is gamma sterilized before sealing
Key Ingredients
Mighty Patch is made of one mighty ingredient: Ultra high-quality hydrocolloid, a natural fluid-absorbing gel
Formulated Without
Chemical
Paraben
Phthalates
Fragrance
Synthetic Colorant",Hydrocolloid.,"See a pimple that looks ready to pop? That's when you use Mighty Patch. It works best on whiteheads to pull all the gunk out.
Precautions: For external use only. Stop using and ask a doctor if a rash and/or irritation occurs. Keep out of reach of children."
pimprod2043259,belif,The True Cream - Aqua Bomb Hydrating Moisturizer,Moisturizers,Face Moisturizer,$38.00,1.69 oz,https://media.ulta.com/i/ulta/2619876?w=100&h=100&fmt=auto,209 Reviews,"Key Ingredients
Hyaluronic Acid: delivers intense hydration to the skin
Niacinamide: helps gently exfoliate dead skin cells
Squalane: helps stabilize the skin's moisture barrier and maintain skin hydration
Napiers Original Formula: an herbal formula that helps the skin feel fresh and hydrated
Napiers Aqua Formula: an herbal formula that recharges moisture to the skin
Research Results
231.4% instant increase in skin hydration level*
Delivers deep hydration to the skin 10 layers deep in just 10 seconds after application**
Climate Proof: tested in 4 different climate conditions delivering the same hydration benefits
100% agreed that skin was hydrated immediately and visibly replenished the skin***
100% agreed that it feels like the skin's hydration level has increased***
100% felt that hydration was delivered to the skin***
100% agreed that skin appeared plumper due to hydration***
Targets: Dryness, Dullness,, Uneven Texture
Formulation: Lightweight Gel
Lightweight, fast-absorbing gel moisturizer formulated with two Napiers formulas, Hyaluronic Acid, and Niacinamide to provide a refreshing ""drink of water"" to dull, dry skin and deliver deep and fast hydration to 10 layers of the skin in just 10 seconds of application**
Dermatologically tested
Skin Types: Normal, Combination, Dry, Oily
*Based on a clinical test
**Based on clinical testing of tape stripping skin layers and stripped skin instrumental study
***Based on a survey of 30 subjects
Formulated Without
Mineral Oil
Synthetic Fragrances
Synthetic Colors
Synthetic Preservatives","Water/Eau, Dipropylene Glycol, Glycerin, Methyl Trimethicone, Alcohol Denat., Dimethicone, Cyclopentasiloxane, 1,2-Hexanediol, Caprylic/Capric Triglyceride, Peg/Ppg/Polybutylene Glycol-8/5/3 Glycerin, Pentaerythrityl Tetraethylhexanoate, Avena Sativa (Oat) Kernel Extract*, Calendula Officinalis Flower Extract*, Nepeta Cataria Extract*, Rubus Idaeus (Raspberry) Leaf Extract*, Baptisia Tinctoria Root Extract*, Stellaria Media (Chickweed) Extract***, Alchemilla Vulgaris Leaf Extract**, Equisetum Arvense Leaf Extract**, Urtica Dioica (Nettle) Leaf Extract**, Sodium Hyaluronate, Niacinamide, Polymethylsilsesquioxane, Panthenol, Peg-150, Pentaerythrityl Tetraisostearate, Phenyl Trimethicone, Hydroxyethyl Acrylate/Sodium Acryloyldimethyl Taurate Copolymer, Carbomer, Tromethamine, Squalane, Peg-40 Hydrogenated Castor Oil, Dimethiconol, Acrylates/C10-30 Alkyl Acrylate Crosspolymer, C14-22 Alcohols, Polysorbate 60, Butylene Glycol, Macadamia Ternifolia Seed Oil, Malachite Extract, Triethylhexanoin, Trisodium Edta, Arachidyl Glucoside, Butyrospermum Parkii (Shea) Butter, Hydrogenated Lecithin, Sorbitan Isostearate, Glyceryl Stearate, Stearic Acid, Ceramide Np, Cholesterol, Peg-100 Stearate, Rosmarinus Officinalis (Rosemary) Leaf Oil***, Citrus Aurantifolia (Lime) Oil ***, Pelargonium Graveolens Flower Oil ***, Citrus Aurantium Dulcis (Orange) Peel Oil ***, Citral , Citronellol , Limonene, Geraniol, Linalool.
*Napiers Original Formula
**Napiers Aqua Formula
***Fragrances Of Botanical Origin","After cleansing and toner, apply dime-sized or desired amount to face in a gentle patting motion.
Can be used daily, morning and night."
pimprod2023402,megababe,Thigh Rescue Mini Anti-Friction Stick,Travel Size Body Care,,$10.00,0.81 oz,https://media.ulta.com/i/ulta/2577316?w=100&h=100&fmt=auto,111 Reviews,"Benefits
Allure 2021 Best of Beauty Award Winner provides instant protection against thigh chafe!
Non-toxic formula glides on smooth, creating a friction-free barrier
Thighs that rub glide smoothly against each other without pain or irritation!
Use anywhere chafe is an issue!
Packed with skin-boosting botanicals for soft, happy skin
Pocket-sized for easy on-the-go application
Key Ingredients
Aloe soothes skin with anti-inflammatory and cooling properties
Pomegranate seed extract protects skin's outer layer, promoting cell regeneration and rapid healing
Grapeseed oil supplies skin-firming flavonoids to help build up collagen
Antioxidant-rich vitamin E and grapeseed oil defend against damaging free radical aggressors
Ginger root extract evens skin tone and improves elasticity
Orange oil provides quick and effective relief from inflammation
Formulated Without
Synthetic fragrance
Aluminum
Parabens
Phthalates
Sulfates","Caprylic/Capric Triglyceride, Stearyl Alcohol, Isopropyl Palmitate, Cetyl Esters, Ozokerite, Tribehenin, Dimethicone/Vinyl Dimethicone Crosspolymer, Silica, Zinc Oxide, Zingiber Officinale (Ginger) Root Extract, Aloe Barbadensis Leaf Extract, Punica Granatum (Pomegranate) Seed Extract, Vitis Vinifera (Grape) Seed Oil, Chamomilla Recutita (Chamomile) Flower Extract, Alcohol, Allyl Caproate, Anisaldehyde, Benzyl Acetate, Citral, Citrus Aurantifolia (Lime) Oil, Citrus Aurantium Bergamia (Bergamot) Fruit Oil, Citrus Aurantium Dulcis (Orange) Oil, Citrus Medica Limonum (Lemon) Peel Oil, Cymbopogon Martinii Oil, Hexenyl Acetate, Hexyl Acetate, Juniperus Mexicana Oil, Phenethyl Alcohol, Tagetes Minuta Flower Oil, D-Alpha-Tocopheryl Acetate (Vitamin E).","Swipe directly onto skin as needed throughout the day. For use on thighs, toes, shoulders, elbows - anywhere chafe is a problem. Note that product transfer to clothing isn't common, but could occur. Not recommended for use with silk and other similarly delicate fabrics.
External use only. Keep away from children. Avoid contact with eyes and broken skin. Stop use/consult physician if irritation or rash occurs. Store at room temperature."
pimprod2033290,DERMAFLASH,LUXE+ Advanced Sonic Dermaplaning + Peach Fuzz Removal,Hair Removal Tools,,$199.00,Sea Foam,https://media.ulta.com/i/ulta/2603509?w=100&h=100&fmt=auto,"1,722 Reviews","Features
This face exfoliator and hair removal device de-flakes, de-fuzzes and removes dull build-up—revealing smooth, glowing, fuzz-free skin instantly
Improves the appearance of fine lines, wrinkles + darks spots with regular use
Proprietary Microfine™ Edges provide maximum protection from nicks and cuts (unlike a razor)
Clinically proven hair will NOT grow back thicker or faster
Recommended by dermatologists + estheticians
For all ages, skin tones and types—including sensitive
PREFLASH Cleanser (included in your set) is vegan, cruelty-free and free of oil, silicone, alcohol, phenoxyethanol, phthalates, dye and fragrance.
Research Results
100% saw instant improvement in skin texture*
97% had less visible fine lines + wrinkles**
94% had reduced appearance of dark spots**
*Consumer panel survey using LUXE+ 1x
**Instrumental analysis after 4 weeks
Includes
DERMAFLASH LUXE+ device
4 single-use Microfine™ Edges
PREFLASH® Essential Skin Prep (0.33 oz)
USB Charging Cable
Charging Base","Hamamelis Virginiana Water, Water / Aqua / Eau, Disodium Cocoamphodipropionate, Butylene Glycol, Decyl Glucoside, Citric Acid, Cellulose Gum, Niacinamide, Papain, Salix Alba (Willow) Bark Extract, Salicylic Acid, Saccharomyces Ferment Filtrate, Polyglyceryl-4 Caprate, 1,2-Hexanediol, Caprylyl Glycol, Dextrin, Polydextrose, Benzoic Acid, Amylopectin, Tetrasodium Glutamate Diacetate, Sodium Chloride, Sodium Hydroxide, Hydroxyacetophenone, Sodium Glycolate.","Use once a week to maintain your fuzz-free glow and reveal visibly smoother, brighter, younger-looking skin over time.
STEP ONE: PREP Always prepare skin with PREFLASH first. This removes surface oil and temporarily ""tightens"" skin for effortless exfoliation and peach-fuzz removal.
STEP TWO: FLASH Load a fresh Microfine Edge into your LUXE+ device and hold at a 45° angle. Use your other hand to gently hold skin taut and Flash using short, feathery strokes. Choose from two speeds (gentle and invigorating).
STEP THREE: CARE Apply your favorite serum or moisturizer. Skincare sinks in beautifully on freshly Flashed skin!"
pimprod2029938,Supergoop!,Mineral Sheerscreen SPF 30,Suncare,Sunscreen,$40.00,1.5 oz,https://media.ulta.com/i/ulta/2589387?w=100&h=100&fmt=auto,264 Reviews,"Benefits
Broad spectrum sunscreen that protects against UVA, UVB and IRA rays
Helps filter blue light (light emitted from your phone, computer, & other screens)
Applies with a lightweight veil-like consistency for protection from UV rays
Whipped texture blends to a smooth, sheer finish on application
For all skin types, including sensitive
Sheer, satin finish
Formulated with clean, superpowered, hydrating ingredients
Can be used as a primer or on its own
Key Ingredients
Bush Clover Extract: Helps reduce the visible effects of free radicals
Aloe Leaf Juice, Sodium Hyaluronate and Plant-Sugar Squalane: Provide a natural-feeling moisturizing benefit, leaving the skin smooth, soft and without a greasy residue
Active Ingredients: Zinc Oxide 17.5%
Formulated Without
At Supergoop!, they thoughtfully choose ingredients based on global regulations and the latest scientific research. Their ""No List"" includes 1600+ ingredients that they never add in their products, including oxybenzone, octinoxate, parabens, phthalates, sulfates and synthetic fragrances.","Active: Zinc Oxide 17.5%.
Inactive: Water, Isododecane, Caprylic/Capric Triglyceride, Butyloctyl Salicylate, Propanediol, Glycerin, Squalane, Trioctyldodecyl Citrate, Polyglycerin-3, Polyclyceryl-3 Lactate/Laurate, Polysilicone-11, Cetearyl Alcohol, Glyceryl Stearate, Sodium Stearoyl Glutamate, Butylene Glycol, Xanthan Gum, Polyacrylate Crosspolymer-6, Isostearic Acid, Lecithin, Polyglyceryl-3 Polyricinoleate, Polyhydroxystearic Acid, Caprylhydroxamic Acid, Citric Acid, Aloe Barbadensis Leaf Juice, Lespedeza Capitata Leaf/Stem Extract, Maltodextrin, Sodium Hyaluronate.","Use after the last step in your skincare routine and before makeup to prime skin for easy makeup application. Apply generously and evenly 15 minutes before sun exposure. Reapply at least every 2 hours. Use a water resistant sunscreen if swimming or sweating.
Precautions: For external use only. Do not use on damaged or broken skin. Stop use and ask a doctor if rash occurs. When using this product keep out of eyes. Rinse with water to remove. Keep out of reach of children. If swallowed, get medical help or contact a Poison Control Center right away."
pimprod2045647,Naturium,Barrier Bounce Advanced Skin Hydrator,Treatment & Serums,Face Serums,$23.99,1.7 oz,https://media.ulta.com/i/ulta/2627345?w=100&h=100&fmt=auto,158 Reviews,"Benefits
Plumps for instant hydration
Leaves complexion visibly radiant
Provides a dewy finish
Dermatologist tested
Fragrance free
Vegan, paraben & cruelty free
Features
Multi-functional product that can be used throughout your routine to instantly help plump, hydrate and brighten dehydrated, dull, and dry skin
Key Ingredients
2% Urea: moisturizing humectant that helps preserve skin hydration & health
5% Squalane: supports a healthy skin barrier
Ceramide Complex: supports skin barrier, nourishing, conditioning & plumping skin with moisture","Aqua/Water/Eau, Octyldodecanol, Squalane, Shea Butter Ethyl Esters, Polyglyceryl-4 Diisostearate/Polyhydroxystearate/Sebacate, Propanediol, C13-15 Alkane, Crambe Abyssinica Seed Oil Phytosterol Esters, Urea, Glycerin, Silica, Polyglyceryl-3 Polyricinoleate, Sodium Chloride, Simmondsia Chinensis (Jojoba) Seed Oil, Silybum Marianum Seed Oil, Ceramide NP, Cholesterol, Oleic Acid, Blakeslea Trispora Mycelium Extract, Salicornia Herbacea Extract, Sodium Hyaluronate, Caprylic/Capric Triglyceride, Disteardimonium Hectorite, Phytosphingosine, Hydrogenated Poly(C6-14 Olefin), Benzotriazolyl Dodecyl P-Cresol, Hydrogenated Lecithin, Lactic Acid, Butylene/Ethylene/Styrene Copolymer, Ethylene/Propylene/Styrene Copolymer, Stearic Acid, Sodium Hydroxide, Citric Acid, Ethylhexylglycerin, Pentaerythrityl Tetra-di-t-butyl Hydroxyhydrocinnamate, Sodium Sulfate, Sodium Carbonate, Tocopherol, Caprylyl Glycol, Caprylhydroxamic Acid, 1,2-Hexanediol, Phenoxyethanol, Manganese Violet (CI 77742).","Shake well! Apply an even layer onto face, neck and chest. If you have dry skin, use Barrier Bounce as your serum step for enhanced barrier support. If you want glowing skin, use Barrier Bounce on top of your skincare routine for that extra radiant complexion."
pimprod2048931,ANUA,Rice Enzyme Brightening Cleansing Powder,K-Beauty,,$18.00,1.41 oz,https://media.ulta.com/i/ulta/2634192?w=100&h=100&fmt=auto,121 Reviews,"Benefits
A multi-purpose powder cleanser for brighter skin compexion
For bright glowy skin
Fragrance-free
Free Of: Alcohol / Parabens / Artificial Color / Silicones / Sulfates / Mineral Oil / Methylchloroisothiazolinone / Methylisothiazolinone / Nuts
Key Ingredients
Rice Powder and Extract: Helps even out skin texture including mild bumps on the skin
Alpha-Arbutin: Helps with uneven skin tone and overall brighter complexion
Ceramides: Doesn't strip skin and keeps the skin hydrated after cleansing
Lactic Acid: Gently exfoliates the skin surface
Research Results
20% improvement in dead skin cell removal immediately after use
98% improvement in pore waste cleansing
Suitable for acne-prone skin test completed
Skin low-irritation test completed","Zea Mays (Corn) Starch, Kaolin, Sodium Bicarbonate, Sodium Cocoyl Isethionate, Sodium Lauroyl Glutamate, Citric Acid, Sodium Polyacrylate, Diglycerin, Allantoin, Water, Maltodextrin, Papain, Oryza Sativa (Rice) Powder, Oryza Sativa (Rice) Lees Extract, Oryza Sativa (Rice) Bran Water, Butylene Glycol, 1,2-Hexanediol, Ceramide NP, Ascorbic Acid, Alpha-Arbutin, Glucose, Oryza Sativa (Rice) Extract, Protease, Dipropylene Glycol, Glycerin, Tartaric Acid, Lactic Acid, Oryza Sativa (Rice) Seed Protein, Hydrolyzed Rice Protein, Caprylyl Glycol.","As a wash-off mask
Step 1: After cleansing, put 1 tablespoon amount of powder onto dry hands.
Step 2: For mild exfoliation & even skin tone:
Add 1 to 1.5 tablespoon amount of water, then mix and tap for unique elastic texture.
For mild exfoliation & hydration:
Add tablespoon of Rice 70 Glow Milky Toner and mix together.
As a powder cleanser
Step 1: On wet hands, put 0.5 tablespoon amount of powder.
Step 2: Mix with the palm of your hands.
Step 3: Once powder dissolves and forms foam, gently massage onto the face.
Use as the second step of your double cleansing routine after using a cleansing oil.
After your cleansing routine, use as a wash-off mask for mild exfoliation and hydration.
Can be used every day, AM & PM."
pimprod2009492,Neutrogena,Hydro Boost Facial Cleansing Wipes,Cleansers,Makeup Remover,$9.99,25 ct,https://media.ulta.com/i/ulta/2554009?w=100&h=100&fmt=auto,"1,434 Reviews","Benefits
Neutrogena Hydro Boost Facial Cleansing Wipes with hydrating hyaluronic acid, cleanse & moisturize
Cleansing face wipes effectively remove dirt, oil, makeup & impurities, including waterproof mascara
The disposable facial towelettes effortlessly glide over the face & eyes for thorough cleansing
The unique formula quenches skin with a boost of hydration, leaving it clean & touchably soft
These hydrating facial cleansing wipes are ideal for daily use & gentle enough for sensitive skin
Designed with the earth in mind, these face wipes are made with 100% plant-based cloth
Key Ingredients
Combines Neutrogena cleansing technology & hyaluronic acid, an ingredient naturally found in skin
Formulated Without
Phthalates
Parabens
Sulfates
Alcohols
Soaps
Dyes","Water, Decyl Isostearate, Isopropyl Isostearate, Glycerin, Dimethicone, Isohexadecane, Hexylene Glycol, PEG-6 Caprylic/Capric Glycerides, Trisiloxane, Phenoxyethanol, Sucrose Cocoate, Chlorphenesin, Polysorbate 20, Fragrance, Acrylates/C10-30 Alkyl Acrylate Crosspolymer, Sodium Hydroxide, Hydrolyzed Hyaluronic Acid.","Gently wipe face with towelette, removing dirt, oil, and all traces of makeup. There is no need to rinse. Dispose of the towelette in trash receptacle (do not flush). After removing towelette, reseal pack."
pimprod2036147,MAËLYS,B-FOXY Inner Thigh Firming Cream,Treatment & Serums,Body Treatments,$49.00,3.38 oz,https://media.ulta.com/i/ulta/2605436?w=100&h=100&fmt=auto,"2,040 Reviews","Benefits
Helps give a tighter & firmer appearance to the inner thighs
Helps to fade the appearance of stretch marks
Consumer Results:
100% Said the skin of their inner thighs feels smoother
87% Said the loose skin on their inner thighs is less visible
83% Said their inner thighs appear tighter and firmer
*Self-assessment on 30 participants after 56 day
Key Ingredients
Microalgae: Clinically proven to target the look of fatty skin
Tapioca Starch: Absorbs the extra moisture in the chafing zone
Coconut Oil: Helps to fade the appearance of stretch marks
Free of: Parabens, SLS, and Phthalates
Research Results
MAËLYS formulas go through rigorous clinical trials conducted on panels of real women. The trial found that B-FOXY is:
Clinically proven to help to give tighter and firmer-looking thighs
Clinically proven to smooth the appearance of the thighs
Clinically proven to contour the look of saggy thighs
Clinically proven to give the thighs a smoother silhouette
Clinically proven to help to improve rough skin texture on the thighs
*Based on a 56-day clinical trial with 31 participants","Water (Aqua), Tapioca Starch, Cocos Nucifera (Coconut) Oil, Glycerin, Cetearyl Alcohol, Caprylic/Capric Triglyceride, Cetearyl Olivate, Plankton Extract, Butyrospermum Parkii (Shea) Butter, Tocopherol, Sorbitan Olivate, Panthenol, Marrubium Vulgare Extract, Neopentyl Glycol Diheptanoate, Pantolactone, Palmitoyl Tripeptide-5, Nelumbo Nucifera Leaf Extract, Isododecane, Phenoxyethanol, Silica, Potassium Sorbate, Xanthan Gum, Citric Acid, Sodium Phytate, Sodium Benzoate, Butylene Glycol, Fragrance (Parfum), Hexyl Cinnamal, Hydroxycitronellal, Limonene, Linalool, Red 33 (CI 17200), Yellow 6 (CI 15985).",Apply a thin and even layer to the loose skin in your inner thigh area. Lightly rub it in and let it set. The cream will dry to a soft powdery finish. Use twice a day for best results. Boost Your Regimen! Use with leave-on B-TIGHT Lift & Firm Booty Mask for the perfect pair.
pimprod2046161,Naked Sundays,BeautyScreen Mineral Peptide Foundation Tint SPF 50,Moisturizers,Tinted Moisturizer,$38.00,Shade 5,https://media.ulta.com/i/ulta/2629939?w=100&h=100&fmt=auto,292 Reviews,"Benefits
Protects your skin against UVA, UVB, Blue Light and Infrared with its non nano mineral SPF 50 filters
Reduces pollution-induced free radicals by over 85%
Blocks over 35% of blue light that hits the skin
Non Comedogenic
Sensitive skin safe
80 Minutes water resistant
Features
A lightweight, 2-in-1 mineral sunscreen foundation SPF Tint with SPF50
13 blendable shades, perfect for any and all skin tones
Light to medium coverage (buildable) and second-skin
Paraben free. Fragrance free. Alcohol free
PA++++ Rating
Key Ingredients
Peptides- A Super anti-ageing ingredient, Palmitoyl Pentapeptide-4 (Peptides) helps boost collagen, firm and repair the skin. Works to plumps the skin and helps to reduce lines.
Polyglutamic Acid - Acts as a humectant and powerful skin hydrator. It can hold 4 times more water than Hyaluronic Acid, attracting moisture and sealing it in. It provides intense hydration and supports your skin barrier.
Niacinamide - A form of vitamin B3 that helps even and brighten your skin tone.
Squalane - Anti-inflammatory properties and effectively helps increase hydration.","Actives: Zinc Oxide: 12%.
Inactive: Water, C12-15 Alkyl Benzoate, Butyloctyl Salicylate, Isododecane, Lauryl PEG-8 Dimethicone, Titanium Dioxide, Propanediol, Caprylyl Methicone, Dimethicone Niacinamide, Octyldodecyl Neopentanoate, Polymethylsilsesquioxane, Trilaureth-4 Phosphate, Dimethiconol/Propylsilsesquioxane/Silicate Crosspolymer, Lauryl PEG-10 Tris(Trimethylsiloxy)silylethyl Dimethicone, Sodium Chloride, Phenoxyethanol, Bisabolol, Iron Oxides CI77492, Capryl Glycol, Allantoin, Iron Oxides CI77491, Aluminum Hydroxide, Polyglyceryl-4 Diisostearate/Polyhydroxystearate/Sebacate, Ethylhexylglycerin, Hexylene Glycol, Hydrogenated Lecithin, PEG-10, Tetrasodium Glutamate Diacetate, Palmitoyl Pentapeptide-4, Squalane, Iron Oxides CI77499, Sodium Hydroxide, Polyglutamic Acid.","Shake to activate the tint.
Apply desired coverage amount onto fingertips or directly onto your brush.
Press into the skin with fingertips like you would a tint or work into the skin with your brush until fully blended.
Allow the SPF tint 4-5 minutes to fully absorb.
Enjoy your brightened and revitalized complexion!
Precautions: For external use only. Do not use on damaged or broken skin. When using this product: Keep out of eyes. Rinse with water to remove. Stop use and ask a doctor if a rash occurs. Keep out of reach of children: If product is swallowed, get medical help or contact a Poison Control Center right away."
pimprod2049076,cocokind,Electrolyte Water Cream,Moisturizers,Face Moisturizer,$19.99,1.7 oz,https://media.ulta.com/i/ulta/2632910?w=100&h=100&fmt=auto,233 Reviews,"Benefits
Unique gel texture absorbs quickly with a shine-free, non-sticky finish
Optimized formula locks in lightweight, calming hydration
Visibly calms stressed, irritated skin and reduces redness
Helps replenish and maintain optimal moisture levels
Helps improve skin barrier strength and restores moisture balance to dehydrated skin
Dermatologist Tested and Clinically Tested for Sensitive Skin
Perfect for combo, oily, and blemish-prone skin, daytime skin prep, or anytime you want a weightless, smooth finish
Key Ingredients
Electrolyte Blend (magnesium PCA, zinc PCA, sodium PCA) Optimizes performance of the formula's hydrating ingredients and supports skin’s own natural moisturizing factors to balance moisture levels, support healthy skin barrier function, and defend against environmental stress.
Magnesium PCA: activates natural skin functions to revitalize dull, lackluster skin, while also supporting the skin barrier.
Zinc PCA: helps visibly calm stressed skin, reduce redness, and control oil.
Sodium PCA: helps balance skin’s hydration levels over time and keeps skin looking plump.
Beta Glucan: Delivers hydration that can outperform many forms of hyaluronic acid and supports optimal skin barrier function
Glycerin: Powerful humectant draws in moisture helping to hydrate, soften, and soothe skin's appearance.
Microalgae peptides: Sustainably cultivated, helps protect sensitive skin from signs of stress and redness.","Water/Eau, Glycerin, Propanediol, Coco-Caprylate/Caprate, Caprylic/Capric Triglyceride, Sodium Acrylates Copolymer, Pentylene Glycol, Magnesium Pca, Sodium Pca, Zinc Pca, Manganese Pca, Beta-Glucan, Chlamydomonas Extract, Sea Water (Maris Aqua) (Eau De Mer), Ceramide Np, Lecithin, Caprylyl Glycol, Glyceryl Acrylate/Acrylic Acid Copolymer, Maltodextrin, Aloe Barbadensis Flower Extract, Curcuma Longa (Turmeric) Root Extract, Solanum Melongena (Eggplant) Fruit Extract, Ocimum Basilicum (Basil) Flower/Leaf Extract, Coccinia Indica Fruit Extract, Melia Azadirachta Leaf Extract, Melia Azadirachta Flower Extract, Corallina Officinalis Extract, Ocimum Sanctum Leaf Extract, Ethylhexylglycerin.","Dispense 2-3 pumps onto clean skin and gently massage over the face and neck. Cream can be used in the morning and/or evening to soften, plump, and revitalize skin."
pimprod2028067,Drunk Elephant,Beste No. 9 Jelly Cleanser,Cleansers,Face Wash,$35.00,5.0 oz,https://media.ulta.com/i/ulta/2588440?w=100&h=100&fmt=auto,"1,678 Reviews","Benefits
Unique blend of mild surfactants and makeup-dissolving emollients
Light foam rinses away without an ounce of residue
Leaves skin feeling clean and soft
Effectively dissolves even stubborn makeup, sunscreen, and oils
Dermatologist Tested
Formulated at a skin-friendly, non-stripping pH of 5.5
Formulated without the Suspicious 6 - the six ingredients Drunk Elephant believes are at the root of almost every skin issue (Essential oils, Silicones, Chemical sunscreens, SLS, Fragrances + dyes, and Drying alcohols)
Key Ingredients
Mild Surfactant Blend: Mild cleansing agents, including coconut-based surfactants rich in fatty acids, work together to create a gentle lather that effectively dissolves even stubborn makeup, sunscreen, and oils while supporting a healthy skin barrier
Glycerin: A skin-identical humectant, glycerin helps replenish hydration levels that are normally lost in skin during the cleansing process
Cantaloupe Fruit Extract: Rich in antioxidants, this extract soothes and hydrates
Research Results
In a consumer-perception study with 106 people after 1 day:
99% agreed skin felt free of impurities and surface debris
97% agreed Beste was non-irritating to skin
93% agreed skin felt balanced, soft, and supple","Water/Aqua/Eau, Glycerin, Cocamidopropyl Betaine, Coco-Glucoside, Sodium Lauroyl Methyl Isethionate, Cocamidopropyl Hydroxysultaine, Sodium Methyl Oleoyl Taurate, Propanediol, Aloe Barbadensis Leaf Extract, Glycolipids, Linoleic Acid, Linolenic Acid, Lauryl Glucoside, Cucumis Melo Cantalupensis Fruit Extract, Sclerocarya Birrea Seed Oil, Dipotassium Glycyrrhizate, Tocopherol, Citric Acid, Phenoxyethanol, Sodium Hydroxide, Sodium Benzoate, Sodium Chloride, Polylysine.","Squeeze into your palm and gently massage over wet or dry skin.
Add water to lather.
Rinse well and pat dry.
Use nightly or in alternation with other Drunk Elephant cleansers.
Tip: Drunk Elephant recommends skipping the morning cleanse, as it's not necessary if you've cleansed your skin the night before.
How to Recycle:
No need to disassemble. The whole thing is recyclable!"
pimprod2025212,Good Molecules,Glycolic Exfoliating Toner,Cleansers,Toner,$14.00,4.0 oz,https://media.ulta.com/i/ulta/2582410?w=800&h=800&fmt=auto,189 Reviews,"Benefits
Gentle, fragrance-free formula supports skin's renewal process without dryness or irritation.
Vegan
Cruelty-Free
Key Ingredients
Glycolic acid helps to exfoliate dead skin cells to reveal smoother, brighter skin.
Galactomyces ferment, hyaluronic acid, and aloe help to hydrate and nourish skin.","Water, Dipropylene Glycol, Glycolic Acid, Propanediol, Sodium Citrate, 1,2-Hexanediol, Glycerin, Galactomyces Ferment Filtrate, Butylene Glycol, Salicylic Acid, Pentylene Glycol, Niacinamide, Aloe Barbadensis Leaf Extract, Tricholoma Matsutake Extract, Ethylhexylglycerin, Rhododendron Chrysanthum Leaf Extract, Hydrolyzed Cicer Seed Extract, Trisodium Ethylenediamine Disuccinate, Sodium Hyaluronate, Hydrolyzed Hyaluronic Acid, Hyaluronic Acid.",Dispense a few drops into your hands or a cotton pad. Apply to skin after cleansing and before serums and moisturizers. Good Molecules recommends wearing SPF during the day when using this product.
pimprod2040091,PEACH & LILY,Copper Peptide Pro Firming Serum,Treatment & Serums,Face Serums,$49.00,1.01 oz,https://media.ulta.com/i/ulta/2612448?w=100&h=100&fmt=auto,311 Reviews,"Benefits
Visibly erases the appearance of fine lines and deeply etched wrinkles
Promotes visibly firmer and bouncier-looking skin
Delivers a burst of hydration for smooth, supple skin
Supports the skin barrier for more resilient and youthful-looking skin
Visibly improves signs of free-radical damage and inflammation
Ideal for those looking to prevent and visibly reverse the look of fine lines and wrinkles
100% Worry Free: Peach & Lily formulas are non-toxic, alcohol-free, fragrance-free, & gluten-free
Key Ingredients
Potent 0.2% Copper Peptide: one of the biggest powerhouse peptides impacting skin texture and strength, prevents and reverses the appearance of fine lines and wrinkles
12 additional high-performing peptides: penetrate deep into skin to boost firming and smoothing benefits
4 powerhouse amino acids: essential building blocks of collagen and elastin, amplify peptide results and help skin retain moisture
Hyaluronic Acid and Squalane: deeply hydrate and maximize skin’s elasticity
Time-tested Korean Root Extracts: chicory root and shiitake mushroom calm skin and visibly protect against environmental stressors
Research Results
96% noticed a visible improvement in skin firmness*
*Results from a third party consumer study","Water, Dipropylene Glycol, Glycerin, 1,2-Hexanediol, Betaine, Copper Tripeptide-1, Acetyl Hexapeptide-8, Palmitoyl Tripeptide-1, Tetrapeptide-21, Tetrapeptide-30, Heptasodium Hexacarboxymethyl Dipeptide-12, Acetyl Tetrapeptide-5, Palmitoyl Tripeptide-38, Palmitoyl Pentapeptide-4, Dipeptide-2, Tripeptide-1, Hexapeptide-9, Nonapeptide-1, Collagen Extract (Vegan), Serine, Methionine, Cysteine, Arginine, Acmella Oleracea Extract, Alpha-Glucan Oligosaccharide, Sodium PCA, Ulmus Davidiana Root Extract, Cichorium Intybus (Chicory) Root Extract, Helianthus Tuberosus Root Extract, Tremella Fuciformis (Mushroom) Extract, Fomes Officinalis (Mushroom) Extract, Lentinus Edodes (Shiitake Mushroom) Extract, Pyrus Malus (Apple) Fruit Extract, Lens Esculenta (Lentil) Fruit Extract, Citrullus Lanatus (Watermelon) Fruit Extract, Sodium Acetylated Hyaluronate, Hydrolyzed Hyaluronic Acid, Hyaluronic Acid, Sodium Hyaluronate, Sodium Hyaluronate Crosspolymer, Potassium Hyaluronate, Squalane, Ficus Carica (Fig) Fruit Extract, Cynanchum Atratum Extract, Hydroxypropyltrimonium Hyaluronate, Ocimum Sanctum Leaf Extract, Melia Azadirachta Leaf Extract, Curcuma Longa (Turmeric) Root Extract, Corallina Officinalis Extract, Solanum Melongena (Eggplant) Fruit Extract, Coccinia Indica Fruit Extract, Gellan Gum, Butylene Glycol, Adenosine, Aloe Barbadensis Flower Extract, Melia Azadirachta Flower Extract, Polyglyceryl-10 Eicosanedioate/Tetradecanedioate, Polyquaterium-51, Sodium Polyacryloyldimethyl Taurate, Hydroxypropyl Cyclodextrin, Ethylhexylglycerin, Hydroxyethylcellulose, Caprylyl Glycol.","Apply to skin after cleansing and toning. Apply before or after Glass Skin Refining Serum for enhanced results. Follow up with a moisturizer like Peptide Pro Firming Moisturizer.
For external use only. Avoid contact with eyes. Keep out of reach of children. Store in a cool, dry place."
pimprod2027915,Good Molecules,Super Peptide Serum,Treatment & Serums,Face Serums,$12.00,1.0 oz,https://media.ulta.com/i/ulta/2589109?w=100&h=100&fmt=auto,235 Reviews,"Benefits
Target multiple signs of aging at once.
Specially formulated blend of peptides and copper tripeptides helps to hydrate, brighten, and smooth for a healthy, youthful-looking glow.
Key Ingredients
Smooth, plump and firm appearance of skin with copper tripeptides that reinforce visible signs of firmness.
Reduce the appearance of fine lines and wrinkles caused by repeated facial expressions with peptides including Acetyl hexapeptide-8 and acetyl octapeptide-3.","Water, Propanediol, Glycerin, Ammonium Acryloyldimethyltaurate/VP Copolymer, 1,2-hexanediol, Diheptyl Succinate, Capryloyl Glycerin/Sebacic Acid Copolymer, Glycine, Xanthan Gum, Ethylhexylglycerin, Caprylyl Glycol, Acetyl Hexapeptide-8, Acetyl Octapeptide-3, Sodium Hyaluronate, Copper Tripeptide-1.","Apply a few drops in the morning and at night before oils, creams, and moisturizers. Let sit for 30 seconds before continuing with your routine. Suitable for daily use.
Precautions: This product contains a small amount of citrus essential oil in a concentration that is not known to cause photosensitivity. As with any new addition to your skincare routine, we recommend patch-testing prior to use."
pimprod2043839,Charlotte Tilbury,Magic Water Cream Gel Moisturizer with Niacinamide,Moisturizers,Face Moisturizer,$100.00,1.7 oz,https://media.ulta.com/i/ulta/2620075?w=100&h=100&fmt=auto,140 Reviews,"Benefits
Hydrating
Niacinamide
Good for: Pores
Good for: Redness
Good for: Dryness
Best for Dry, Combo, Oily, Normal Skin
Key Ingredients
Niacinamide: Brightens and balances appearance of skin tone and refines the look of pores.
Waterlocking Fusion Technology: Traps moisture immediately and retains over time for up to 100 hours of hydration.
Biopeptide Complex: Visibly improves skin tone and texture.
Features
This moisturizer achieves long-lasting hydration and visibly evens texture and tone for a glowing complexion.
Perfect for all skin types, the gel-like formula delivers up to 100 hours of hydration with every application.
Never heavy or greasy, it gives a glass-like, dewy skin finish for flawless makeup.","Aqua/Water/Eau, Glycerin, Butyrospermum Parkii (Shea) Butter, Caprylic/Capric Triglyceride, Squalane, Propanediol, Pentylene Glycol, 1,2-Hexanediol, Glyceryl Glucoside, Niacinamide, Mannitol, Aloe Barbadensis Leaf Juice, Carbomer, Camellia Oleifera (Camellia) Seed Oil, Rosa Canina Fruit Oil, Caprylyl Glycol, Acrylates/C10-30 Alkyl Acrylate Crosspolymer, Helianthus Annuus (Sunflower) Seed Oil, Sodium Gluconate, Sodium Hydroxide, Tocopherol, Beta-Glucan, Sodium Hyaluronate, Backhousia Citriodora Leaf Extract, Vaccinium Macrocarpon (Cranberry) Fruit Extract, Plumeria Rubra Flower Extract, Ascorbyl Palmitate, Acetyl Tetrapeptide-11, Citric Acid, Acetyl Tetrapeptide-9, Potassium Sorbate, Sodium Benzoate.","Apply to face and neck morning and night after using Glow Toner.
For day, finish your routine with Charlotte's Invisible UV Flawless Primer SPF 50 (sold separately), to protect, hydrate, and prime.
For night, finish your routine with Charlotte's Magic Night Moisturizer (sold separately) to visibly firm and plump overnight."
pimprod2041756,PanOxyl,Acne Creamy Wash with 4% Benzoyl Peroxide,Treatment & Serums,Acne & Blemish Treatments,$12.49,6.0 oz,https://media.ulta.com/i/ulta/2615398?w=100&h=100&fmt=auto,357 Reviews,"Features
Contains Benzoyl Peroxide, the #1 recommended acne fighting ingredient
Gentle enough for everyday use
Cleans and unclogs pores to clear, treat and prevent acne
Kills acne-causing bacteria
Contains 3 humectants and 4 emollients to combat dryness
Key Ingredients
4% Benzoyl Peroxide
Formulated Without
Parabens
Fragrances
Phthalates","Benzoyl Peroxide 4%, Carbomer Homopolymer Type C, Carbomer Interpolymer Type A, Decyl Glucoside, Dimethicone, Dioctyl Sodium Sulfosuccinate, Glycerin, Palmitic Acid, Polyacrylate Crosspolymer-6, Polyoxyl 40 Stearate, Propanediol, Purified Water, Silica, Sodium Chloride, Sodium Citrate, Sodium Hydroxide, Sodium Laurylglucosides Hydroxypropylsulfonate, Sorbitan Stearate, Sorbitol, Stearic Acid, T-Butyl Alcohol, Xanthan Gum.","Wet area to be cleansed. Apply acne wash and gently massage area for 1-2 minutes. Rinse thoroughly and pat dry. Because excessive drying of the skin may occur, start with 1 application daily, then gradually increase to 2 or 3 times daily if needed or as directed by a doctor. If bothersome dryness or peeling occurs, reduce application to once a day or every other day. If going outside, apply sunscreen after using this product. If irritation or sensitivity develops, stop use of both products, and ask a doctor.
Precautions: For external use only Do not use if you: have very sensitive skin, are sensitive to benzoyl peroxide. When using this product: skin irritation and dryness is more likely to occur if you use another topical acne medication at the same time. If irritation occurs, only use one topical acne medication at a time. Avoid unnecessary sun exposure and use a sunscreen. Avoid contact with the eyes, lips and mouth. Avoid contact with hair and dyed fabrics, which may be bleached by this product. Skin irritation may occur, characterized by redness, burning, itching, peeling, or possibly swelling. Irritation may be reduced by using the product less frequently or in a lower concentration. Stop use and ask a doctor if: irritation becomes severe If pregnant or breast-feeding, ask a health professional before use. Keep out of reach of children. If swallowed, get medical help or contact a Poison Control Center right away."
pimprod2039809,BYOMA,Brightening Toner with Lactic Acid,Cleansers,Toner,$15.99,5.07 oz,https://media.ulta.com/i/ulta/2611684?w=100&h=100&fmt=auto,154 Reviews,"Benefits
A brightening toner that helps soften skin and control oiliness
Unique Barrier Lipid Complex helps restore the skin barrier
Lactic and mandelic acids gently exfoliate
Urea and birch extracts improve tone and texture
Dermatologist tested & approved skincare
Alcohol & fragrance-free
Gentle enough for daily use
Recyclable bottles
Clinically proven to boost hydration by up to 100% after first use
Clinically proven to protect and maintain skin's natural barrier when used regularly
Clinically proven to boost hydration all day
Features
Featuring Byoma's unique Barrier Lipid Complex, this lactic and mandelic acid-based formula combined with urea and birch extracts
Works to gently exfoliate skin to help improve tone and texture without compromising the skin barrier.
Key Ingredients
Barrier Lipid Complex to help restore the skin barrier
Lactic and Mandelic Acid gently exfoliates to improve tone and texture
Urea and birch extracts improve tone and texture","Water, Dipropylene Glycol, Sodium Lactate, Lactic Acid, Glycerin, Diglycerin, 1,2-Hexanediol, Urea, Salix Alba (Willow) Bark Extract, Ceramide NP, Mandelic Acid, Benzoic Acid, Sphingolipids, Sodium Phytate, Betula Alba Juice, Tocopherol, Benzaldehyde, Ethylhexylglycerin, Polyglyceryl-10 Laurate.","Apply to clean, dry skin with hands and pat gently into face, neck and décolletage. Use AM + PM. Follow with your preferred Byoma serums + moisturizer.
Precautions: Eye irritant."
pimprod2044443,Estée Lauder,Revitalizing Supreme+ Youth Power Cream SPF 25 Moisturizer,Moisturizers,Face Moisturizer,$120.00,1.7 oz,https://media.ulta.com/i/ulta/2618891?w=100&h=100&fmt=auto,355 Reviews,"Benefits
See a more lifted look, and firmness, strength and radiance. All in a supremely indulgent texture.
Lines and wrinkles look reduced. Firmness and elasticity are significantly improved.
Skin glows with a new healthy looking vitality. And is stronger, radiant, deeply nourished and hydrated - empowered to reveal its youth potential. Live uplifted.
PHOTOAGING PROTECTION: BROAD SPECTRUM UVA/UVB SUNSCREEN
This anti-aging moisturizer with SPF 25 and anti-oxidants helps defend skin against the damaging effects of UVA/UVB rays and other environmental damage.
Why use a moisturizer with SPF? Protecting your skin with a broad spectrum sunscreen helps prevent early skin aging - including lines, wrinkles, discolorations and loss of firmness - caused by the sun.
Key Ingredients
YOUTH POWER INGREDIENTS
Collagen Boosting Technology
Estée Lauder's formula combines their nature-powered ingredients with their Collagen Boosting Technology, to help reignite skin's power to help skin feel firmer, look more lifted.
Exclusive Hibiscus Morning Bloom Extract
Nature at its most powerful. Estée Lauder scientists discovered that Hibiscus sinensis flowers harvested early in the day hold the highest ""youth power"" activity.
So they gather hand-selected blooms in the morning for peak potency, then - in a process that takes 83 days from harvest to manufacture - create our powerful extract that helps firm and lift the look of skin.
Exclusive Moringa Extract
Often referred to as the ""miracle tree,"" Moringa is one of the most effective Youth Power ingredients they've ever discovered. Their extract, created through an exclusive, patent-pending process, helps skin empower multiple anti-aging pathways.
Cactus Stem Cell Extract and Hyaluronic Acid
Additional high-performance ingredients add to the power of Revitalizing Supreme+. An infusion of Cactus Stem Cell Extract and Hyaluronic Acid helps reveal stronger, nourished skin, saturated with 72-hour hydration. Skin's vital moisture barrier is strengthened.
Research Results
Clinical testing showed:
-31% reduction in the look of neck lines(A)
-22% line reduction(A)
+22% smoothness(A)
-15% pore reduction(B)
Women who tried it were convinced:
94% said skin felt stronger(C)
94% said skin's elasticity and bounce improved(D)
90% said skin looked more even toned(C)
89% said skin looked more lifted(D)
Lightweight, silky-soft and nourishing. Oil-free. Absorbs quickly.
95% said it penetrated and melted deeply into skin(E)
92% said it left skin residue-free(E)
For all ages and skintypes. Proven results for women 40+.
(A) Clinical testing on 50 women after using product for 12 weeks.
(B) Clinical testing on 54 women, after using product for 12 weeks.
(C) Consumer testing on 131 women after using product for 2 weeks.
(D) Consumer testing on 131 women after using product for 4 weeks.
(E) Consumer testing on 131 women after using product for 1 week.","Avobenzone 3%, Homosalate 7%, Octisalate 4.5%, Octocrylene 6%Ingredients: Water\Aqua\Eau, Butyloctyl Salicylate, Glycerin, Dibutyl Adipate, Dextrin Palmitate, Silica, Cetyl Alcohol, Butylene Glycol, Myristyl Myristate, Acrylates Copolymer, Glyceryl Stearate, Peg-100 Stearate, Vp/Eicosene Copolymer, Methyl Methacrylate Crosspolymer, Moringa Oleifera Seed Extract, Hibiscus Sinensis Flower Extract, Sodium Hyaluronate, Acetyl Hexapeptide-8, Laminaria Digitata Extract, Whey Protein\Lactis Protein\Protéine Du Petit-Lait, Opuntia Tuna Extract, Acetyl Glucosamine, Tocopheryl Acetate, Narcissus Tazetta Bulb Extract, Algae Extract, Pyrus Malus (Apple) Fruit Extract, Cucumis Sativus (Cucumber) Fruit Extract, Lens Esculenta (Lentil) Fruit Extract, Citrullus Lanatus (Watermelon) Fruit Extract, Silybum Marianum (Lady'S Thistle) Extract, Helianthus Annuus (Sunflower) Seed Extract, Sigesbeckia Orientalis (St. Paul'S Wort) Extract, Caffeine, Hordeum Vulgare Extract\Extrait D'Orge, Sodium Lactate, Sorbitol, Propylene Glycol Dicaprate, Sucrose, Sodium Pca, Pentylene Glycol, Caprylyl Glycol, Polysorbate 60, Hexylene Glycol, Steareth-21, Disodium Edta, Dimethicone, Trisiloxane, Myristyl Laurate, C13-15 Alkane, Biosaccharide Gum-4, Heptyl Undecylenate, Isoceteth-20, Tetrahexyldecyl Ascorbate, Isohexadecane, Hydroxyethyl Acrylate/Sodium Acryloyldimethyl Taurate Copolymer, Citric Acid, Fragrance (Parfum), Bht, Phenoxyethanol, Potassium Sorbate, Sodium Dehydroacetate, Sodium Benzoate, Red 4 (Ci 14700), Yellow 5 (Ci 19140).","Apply all over face and neck, AM and PM. Ideal after your repair serum. Avoid eye area."
pimprod2008051,Garnier,SkinActive Micellar Cleansing Water with Rose Water,Cleansers,Face Wash,$11.99,13.5 oz,https://media.ulta.com/i/ulta/2553715?w=100&h=100&fmt=auto,751 Reviews,"Benefits
Water Rose Micellar Cleansing Water cleanses, removes makeup and hydrates skin all-in-1
Micellar lifts away dirt, oil and makeup without harsh rubbing leaving skin clean and hydrated
Micellar water is paraben free, fragrance free, sulfate free
No-rinse makeup remover cleanses and hydrates skin
Formulated Without
Alcohol
Fragrance
Oils
Parabens
Sulfates","Aqua/Water, Propanediol, Rosa Damascena Flower Water, Glycerin, Coco-Betaine, Sodium Benzoate, Caprylyl/Capryl Glucoside, Sodium Chloride, Citric Acid, Arginine, Salicylic Acid.","Pour onto cotton pad until fully saturated. Gently wipe pad across face to cleanse and remove face makeup. To remove eye makeup, hold pad over closed eyelids for a few seconds, then gently wipe away. Use daily. No need to rinse.
Precautions: Avoid contact with eyes. If contact occurs, rinse thoroughly with water."
pimprod2013329,e.l.f. Cosmetics,Fragrance Free Holy Hydration! Face Cream,Moisturizers,Face Moisturizer,$13.00,1.7 oz,https://media.ulta.com/i/ulta/2563564?w=100&h=100&fmt=auto,"5,729 Reviews","Benefits
Replenishes lost moisture for supple skin
Brightens and evens out skin tone
Instantly absorbs into skin
Fragrance-free formula great for sensitive skin
For all skin types: normal, combination, dry, oily, and sensitive
Proud to be 100% vegan and cruelty-free, worldwide. Because kindness is chic.
Key Ingredients
Hyaluronic Acid - Locks in moisture for a plump complexion
Niacinamide - Minimizes pores and evens out skin tone
Peptides - Promotes collagen and improves skin texture
Squalene - Improves balance and elasticity
Vitamin B5 - Soothes and hydrates skin
Formulated Without
All e.l.f. products are free from phthalates, parabens, nonylphenol ethoxylates, triclosan, triclocarban, and hydroquinone
All skincare is also free from sulfates","Water (Aqua), Isohexadecane, Stearyl Heptanoate, Glycerin, Butylene Glycol, Isopropyl Isostearate, Niacinamide, Cetearyl Olivate, Trehalose, Squalane, Dimethicone, Stearic Acid, Aluminum Starch Octenylsuccinate, Polymethylsilsesquioxane, Silica, Sodium Hyaluronate, Palmitoyl Tripeptide-1, Palmitoyl Tetrapeptide-7, Panthenol (Vb5), Sorbitan Olivate, Cetearyl Alcohol, Glyceryl Stearate, PEG-100 Stearate, Polyethylene, Disodium EDTA, Polyacrylate-13, Polyisobutene, Polysorbate 20, Caprylyl Glycol, Phenoxyethanol, Ethylhexylglycerin, Carbomer.","Gently massage a small amount of cream onto clean skin. Use in the morning alone, or follow with your favorite e.l.f. makeup. Can also be used at night after cleansing."
pimprod2043543,Drunk Elephant,Bora Barrier Repair Cream,Moisturizers,Face Moisturizer,$70.00,1.69 oz,https://media.ulta.com/i/ulta/2619870?w=100&h=100&fmt=auto,283 Reviews,"Benefits
Ultra-rich cream delivers clinically proven 24-hour moisture and restores a healthy skin barrier
Soothes skin and reduces the look of redness
Encourages healthy collagen production, firming skin and minimizing the look of fine lines and wrinkles
Dermatologist Tested
2024 Cosmopolitan Clean Beauty Award Winner
2024 Allure Best of Beauty Award Winner - Clean Category
Key Ingredients
6-Butterlipid Complex (glucosyl ceramides; glycosphingolipids; beta-sitosterols; and ceramides AP, NP, and EOP): Soothes skin, supports natural ceramide and hyaluronic acid production, strengthens the skin barrier, and boosts and protects skin's moisture levels.
Zinc and Copper Gluconates: Salt minerals with anti-redness benefits and powerful antioxidant properties.
Alpha Glucan: Derived from rice and used for its soothing, hydration-boosting benefits.
Research Results
In a clinical study of 33 people Bora Barrier was proven to:
Provide 24-hour moisture
Increase moisture immediately by 98%
Strengthen the skin barrier in 8 hours
Improve fine lines, wrinkles, elasticity, and firmness after 4 weeks","Water/Aqua/Eau, Glycerin, Propanediol, Ethylhexyl Olivate, Butyrospermum Parkii (Shea) Butter, C10-18 Triglycerides, Cetearyl Alcohol, Hydroxyethyl Acrylate/Sodium Acryloyldimethyl Taurate Copolymer, Cetearyl Olivate, Sorbitan Olivate, Beta-Sitosterol, Oenothera Biennis (Evening Primrose) Oil, Sclerocarya Birrea Seed Oil, Simmondsia Chinensis (Jojoba) Seed Oil, Calophyllum Inophyllum Seed Oil, Oleic Acid, Squalane, Butylene Glycol, Glucosyl Ceramide, Linoleic Acid, Linolenic Acid, Glycosphingolipids, Rosa Canina Fruit Oil, Moringa Oleifera Seed Oil, Alpha-Glucan, Resveratrol, Epigallocatechin Gallate, Magnesium Aspartate, Zinc Gluconate, Copper Gluconate, Acacia Senegal Gum, Sodium PCA, Palmitoyl Tripeptide-1, Palmitoyl Tetrapeptide-7, Sorbitan Isostearate, Haematococcus Pluvialis Extract, Quercetin, Astaxanthin, Magnesium Ascorbyl Phosphate, Ceramide AP, Ceramide NP, Ceramide EOP, Dextrin, Palmitic Acid, Coco-Glucoside, Sodium Lactate, Stearic Acid, Pentylene Glycol, Brassica Campestris (Rapeseed) Seed Oil, Tetrahexyldecyl Ascorbate, Sodium Lauroyl Lactylate, Phytosphingosine, Cholesterol, Xanthan Gum, Tetrasodium Glutamate Diacetate, Citric Acid, Phenoxyethanol, Sodium Hydroxide, Tocopherol, Polysorbate 60, Carbomer, Ethylhexylglycerin.","Apply one pump morning and night to clean, dry skin. Use daily or in rotation with other Drunk Elephant moisturizers. May be mixed with any Drunk Elephant serum, treatment, or cream.
TIP: Create an ultra-rich mask that can be used overnight: Mix Bora Barrier with F-Balm and wake up to a deeply quenched and strengthened skin barrier.
Skincare Smoothie Tip: Try a Drunk Elephant Are We Clear Smoothie by mixing 1 pump T.L.C Framboos + 1 pump Bora Barrier + 1 pump Bouncy Brightfacial at night for smoother, clearer, healthier-looking skin."
pimprod2007112,The Ordinary,100% Plant-Derived Squalane for Skin and Hair Hydration,Treatment & Serums,Face Serums,$10.40,1.0 oz,https://media.ulta.com/i/ulta/2551177?w=100&h=100&fmt=auto,791 Reviews,"Benefits
Replenishes lost moisture
Maintains healthy-looking skin
Provides enhanced barrier support
For Hair: increase heat protection, add shine and reduce breakage potential
Key Ingredients
100% Plant-Derived Squalane: non-comedogenic and suitable for use on all skin types
Formulated Without
Fragrance
Alcohol
Gluten
Nuts
Oil
Silicone
Parabens
Sulfates
Mineral Oil
Methylchloroisothiazolinone
Methylisothiazolinone
Animal Oils
Coal Tar Dyes
Formaldehyde
Mercury
Oxybenzone","100% Pure Plant-derived Squalane*.
*ecocert Approved & Usda Certified Bio-based Product.","The Ordinary recommends performing a patch test prior to incorporating a new product into your skin care routine.
Apply a few drops daily or as needed to entire face ideally after water-based treatments."
pimprod2032406,COOLA,Organic Liplux Classic Sunscreen Lip Balm SPF 30,Lips,Lip Balms & Treatments,$12.00,Original,https://media.ulta.com/i/ulta/2594870?w=100&h=100&fmt=auto,669 Reviews,"Benefits
70%+ Certified Organic Ingredients
Broad Spectrum SPF 30
Water Resistant (80 Minutes)
Dermatologist Tested
Features
Non-Nano
Octinoxate-Free
Oxybenzone-Free
PABA-Free
Soy-Free Nut-Free (except Coconut)
Gluten-Free
Plant Protection
Reef Friendly
Key Ingredients
Cupuaçu Butter hydrates
Raspberry Seed Oil nourishes
Jojoba Seed Oils moisturize and smooth","Avobenzone 2.9%, Octisalate 4.9%, Octocrylene 7.6% Aloe Barbadensis Leaf Extract, Astrocaryum Vulgare Kernel Oil*, Behenyl Behenate, Butyloctyl Salicylate, Caprylic/Capric Triglyceride, Carthamus Tinctorius (Safflower) Seed Oil, Cocos Nucifera (Coconut) Oil*, Copernicia Cerifera (Carnauba) Wax*, Euphorbia Cerifera (Candelilla) Wax, Flavor, Helianthus Annuus (Sunflower) Seed Oil*, Linoleic Acid, Persea Gratissima (Avocado) Oil*, Phospholipids, Phytosterols, Polyhydroxystearic Acid, Ricinus Communis (Castor) Seed Oil*, Rosa Canina Fruit Extract*, Rosmarinus Officinalis (Rosemary) Leaf Extract*, Rubus Idaeus (Raspberry) Seed Oil*, Simmondsia Chinensis (Jojoba) Seed Oil*, Stevia Rebaudiana Extract, Tetrahexyldecyl Ascorbate, Theobroma Grandiflorum Seed Butter*, Tocopherol.*
*Organic.","Apply evenly over lips. Use alone for a subtle glow, or apply over your favorite lip color for added shine and protection. Reapply as necessary; after swimming or sweating, immediately after towel drying and at least every 2 hours.
Precautions: For external use only Do not use on damaged or broken skin When using this product keep out of eyes. Rinse with water to remove. Stop use and ask doctor if skin rash occurs Keep out of reach of children. If product is swallowed, get medical help or contact a Poison Control Center right away."
pimprod2049919,Peter Thomas Roth,Peptide Skinjection Fill + Fix Under-Eye Cream,Eye Treatments,Eye Cream,$45.00,0.5 oz,https://media.ulta.com/i/ulta/2635700?w=100&h=100&fmt=auto,320 Reviews,"Benefits
Provides a filler effect and is clinically proven to improve the look of volume and fine lines*
Key Ingredients
4% Peptilift Peptide Technology: peptide technology that helps lift and fill the look of fine lines
3% Juveneye CLR: clinically advanced plant complex that brightens the look of dark circles
Hyaluronic Acid Filling Spheres, Illuminating Minerals, and Caffeine: smooth the look of under-eye dryness and puffiness
Research Results
Clinically proven to improve the look of volume and fine lines*
Users agree this product is a great alternative to filler and invasive treatments**
Users agree concealer applies smoothly over this product**
After just 1 use, users agree:
Eye area appears smooth, refreshed and hydrated**
Eye area appears bright, less tired and firm**
After 4 weeks, users agree:
Under-eye area looks rejuvenated**
Under-eye volume appears restored and dark circles look less noticeable**
Under-eye area appears plump and less sunken**
*Based on a 1-week clinically measured study on 45 women ages 29 to 65.
**Based on a 4-week consumer perception study on 45 women ages 29 to 65.","Water/aqua/eau, Dimethicone, Butylene Glycol, Cetyl PEG/PPG-10/1 Dimethicone, Glycerin, Polysilicone-11, Bellis Perennis (daisy) Flower Extract, PEG/PPG-18/18 Dimethicone, Sh-pentapeptide-5, Hieracium Pilosella Extract, Caffeine, Sodium Hyaluronate, Potassium Glutathione Isomerized Linoleate, Glucomannan, Sodium Chloride, Silica, Silica Silylate, Sodium Citrate, Citric Acid, Trihydroxystearin, Ethylhexyl Palmitate, Lauryl Glucoside, Sodium Benzoate, Ethylhexylglycerin, Potassium Chloride, Tetrasodium Glutamate Diacetate, Propylene Glycol, Decyl Glucoside, Trisiloxane, Potassium Sorbate, Sodium Dehydroacetate, 1,2-hexanediol,mica, Triethoxycaprylylsilane, Titanium Dioxide / CI 77891, Iron Oxides / CI 77492, Iron Oxides / CI 77491, Iron Oxides / CI 77499, Phenoxyethanol.",Squeeze out a small amount. Use cooling metal tip to gently spread and massage onto under-eye area until absorbed. Lightly pat any excess into skin with ring finger. Use alone or under concealer.
pimprod2035355,Evian Mineral Spray,Travel Size Natural Mineral Water Facial Spray,Travel Size Skin Care,,$8.50,1.7 oz,https://media.ulta.com/i/ulta/2600917?w=100&h=100&fmt=auto,19 Reviews,"Benefits
Boost skin's hydration with the unique mineral balance found only in Evian water
Expertly blend & finish makeup with its ultra-fine micro-droplet mist
Instantly refresh makeup & soothe skin
Airplane-friendly size to keep skin hydrated and fresh while in-flight
Leak-proof & recyclable canister
Works with all skin types
Formulated Without
Sulfates
Parabens
Formaldehydes
Phthalates
Mineral oil
Synthetic fragrance
Research Results
A consumer research panel of women using this product twice daily for 30 days felt improved hydration, relieved tightness, and a softer overall feel of skin.","Evian Water, Nitrogen.","Spray as desired throughout the day to instantly refresh makeup and soothe skin. Mist generously after cleansing and before applying moisturizer to improve skin's hydration. Spray brushes and sponges while applying makeup for bolder color and smoother blending. Spray lightly after applying makeup to set powder cosmetics for a more natural, dewy look.
Precautions: Pressurized container. Protect from sunlight and do not expose to temperatures exceeding 122 degrees F. Do not pierce or burn, even after use."
pimprod2051032,Lancôme,Génifique Ultimate Recovery Serum Gift Set,By Price,$100 and Under,$69.00,,https://media.ulta.com/i/ulta/2636225?w=100&h=100&fmt=auto,2 Reviews,"Includes
Full size Génifique Ultimate (0.7 oz)
Advanced Génifique Eye Cream mini (0.17 oz)
Advanced Génifique Repairing Night Cream mini (0.17 oz)
Benefits
Génifique Ultimate
93% better skin barrier repair in 1 hour*
95% of women had visibly reduced fine lines**
97% of women had smoother feeling skin**
88% of women saw improved overall skin quality**
Génifique Ultimate increased surface cell renewal/turnover in 22 days***
*Moisture Barrier Recovery vs bare skin.
**Based on an 8-week study with 81 women of multi-phototypes.
***Based on a 22-day study with 31 women.
***Based on a clinical study with 83 women after 8 weeks.
Research Results
Advanced Génifique Night Cream
In 1 night, skin feels hydrated & nourished*
90% agree skin feels hydrated/moisturized*
85% agree skin feels nourished/nurtured*
In 4 weeks, skin looks healthier & feels stronger*
87% agree skin looks healthier*
82% agree skin feels as strengthened*
Improved signs of aging**
Smoothness improved by +43%**
Radiance improved by +37%**
Firmness improved by +35%**
Plumpness improved by +33%**
Evenness improved by +23%**
Fine Lines reduced by -21%**
Instantly locks in hydration lasting 72 hours***
After one hour, skin water loss is reduced by -18%****
*Based on multi-ethnic self-assessment results in an 8-week consumer study of 79 women.
**Results after 8 weeks of use.
***In a clinical study on 24 women, after 72 hours.
****In a clinical study on 24 women, 1 hour after application.",See product packaging for complete ingredient listing.,"After cleansing and toning, apply Génifique Ultimate first before other serums.
Press Advanced Génifique Night Cream onto face.
Dab several small pearls of Advanced Génifique Eye Cream to the under eye and brow bone and gently massage.
Post-Procedure Recovery*:
Suitable for use during post-procedure recovery. Can be used immediately after IPL procedure and 10 days after CO2 fractional laser treatment.
Shown to improve skin's hydration & moisture barrier function when used post-procedure.
*Post-procedure must be preceded by consultation with a physician."
pimprod2023935,Good Molecules,Instant Cleansing Balm,Cleansers,Cleansing Balms & Oils,$15.00,2.5 oz,https://media.ulta.com/i/ulta/2582315?w=100&h=100&fmt=auto,671 Reviews,"Benefits
Sea buckthorn oil, camellia oil, and shea butter ensure skin retains its essential moisture.
Rinses away with just water, leaving skin comfortably clean.
Melts on contact with skin to dissolve makeup, dirt and other impurities.","Ethylhexyl Palmitate, Cetyl Ethylhexanoate, PEG-20 Glyceryl Triisostearate, Synthetic Wax, PEG-8 Isostearate, Butyrospermum Parkii (Shea) Butter, 1,2-Hexanediol, Tocopheryl Acetate, Camellia Oleifera Seed Oil, Caprylic/Capric Triglyceride, Hippophae Rhamnoides Oil.",Scoop out a generous amount with the enclosed spatula and massage into dry skin. Rinse with water or wipe away with a damp cloth. Suitable for daily use. Discontinue use if irritation occurs.
pimprod2026412,Dermalogica,Daily Glycolic Cleanser,Cleansers,Face Wash,$39.00,5.1 oz,https://media.ulta.com/i/ulta/2583210?w=100&h=100&fmt=auto,657 Reviews,"Benefits
Brightening and conditioning
Renews dull, uneven skin tone
Helps remove buildup caused by environmental factors such as pollution and dead skin cells that build up
Key Ingredients
Glycolic Acid: effectively exfoliates the skin It blasts dullness and uneven skin tone by dissolving dulling dead skin cells for brighter-looking skin
Calendula Extract: derived from the marigold flower, this botanical extract helps visibly calm and soothe skin while delivering antioxidant benefits
Jojoba Seed Oil: a lightweight, skin-identical oil that conditions and softens skin, helping to preserve the skin's moisture barrier with each cleanse
Allantoin: conditions and protects, while providing the skin with essential nourishment and antioxidants
Formulated Without
Parabens
Sulfates
Phthalates
Synthetic Fragrance","Water/Aqua/Eau, Cocamidopropyl Hydroxysultaine, Glycolic Acid, Glycerin, Peg-6 Cocamide, Polyacrylate Crosspolymer-6, Disodium Cocoyl Glutamate, Hydroxyacetophenone, Succinoglycan, Simmondsia Chinensis (Jojoba) Seed Oil, Calendula Officinalis Flower Extract, Citrus Aurantium Dulcis (Orange) Peel Oil, Citrus Paradisi (Grapefruit) Peel Oil, Leuconostoc/Radish Root Ferment Filtrate, Urea, Allantoin, Polyquaternium-51, Trehalose, Caprylyl Glycol, Sodium Hyaluronate, Tocopherol, Hydrogenated Palm Glycerides Citrate, Glyceryl Oleate, Coconut Acid, 1,2-Hexanediol, T-Butyl Alcohol, Coco-Glucoside, Sodium Pca, Sodium Chloride, Sodium Hydroxide, Citric Acid, Potassium Sorbate, Sodium Benzoate, Limonene.","Massage onto dampened face and neck. Rinse with warm water. Precaution: Use and frequency only as directed. Avoid contact with eyes. If irritation persists, discontinue use and consult a physician. AHAs may increase your skin's sensitivity to the sun. It is recommended that prior to exposure to the sun, users cover areas where AHAs have been applied with a sunscreen, wear protective clothing, and limit sun exposure for a week afterwards. Contact of the product with the skin must be of limited frequency or duration.
Precautions: Use and frequency only as directed. Avoid contact with eyes. If irritation persists, discontinue use and consult a physician. AHAs may increase your skin's sensitivity to the sun. It is recommended that prior to exposure to the sun, users cover areas where AHAs have been applied with a sunscreen, wear protective clothing, and limit sun exposure for a week afterwards. Contact of the product with the skin must be of limited frequency or duration."
pimprod2004295,Fur,Ingrown Concentrate,Treatment & Serums,Body Treatments,$34.00,0.5 oz,https://media.ulta.com/i/ulta/2545156?w=100&h=100&fmt=auto,"1,036 Reviews","Benefits
Ingrown Concentrate works as a spot treatment on existing ingrowns; however, with daily use, it can also be a preventative measure against future irritation.
For those who choose to remove their body hair, it immediately soothes skin after hair removal and maintains skin health between sessions.
Rub a few drops of Ingrown Concentrate onto a rash to soothe any itchiness or irritation.
Apply Ingrown Concentrate onto scars to help lessen any hyperpigmentation that occurs.
Apply Ingrown Concentrate onto any discoloration that occurs after hair removal to help gradually tone the skin.
Dermatologically and gynecologically tested.
Free of phthalates, parabens, silicones, and artificial colors or fragrance.
Key Ingredients
Tamanu Oil, derived from the tamanu nut, is packed with moisturizing omega fatty acids to soften and soothe skin.
Coconut Oil deeply penetrates the hair follicles to soften trapped ingrown hairs, helping them easily slide out of the skin.
Research Results
In a clinical trial:
95% agreed that the product soothes irritation caused by hair removal and feeling of discomfort.
91% agreed that the product quickly absorbs.
86% agreed that the product softens skin and hair to help trapped hair out.","Ricinus Communis (Castor) Seed Oil, Vitis Vinifera (Grape) Seed Oil,Caprylic/Capric Triglyceride (Fractionated Coconut Oil),Carthamus Tinctorius (Safflower) Seed Oil, Prunus Amygdalus Dulcis (Sweet Almond) Oil, Simmondsia Chinensis (Jojoba) Seed Oil, Lavandula Angustifolia (Lavender) Oil, Salvia Sclarea (Clary Sage) Oil, Calophyllum Inophyllum (Tamanu) Seed Oil, Borago Officinalis (Borage) Seed Oil, Oenothera Biennis (Evening Primrose) Oil, D-Alpha Tocopheryl (Vitamin E), Bisabolol (Chamomile Extract), Melaleuca Alternifolia (Tea Tree) Leaf Oil, Linalool, D-Limonene, Geraniol.","For areas prone to redness, including pubic area, underarms, legs, brows, lip and chin. In the shower, use the finger mitt to exfoliate, focusing on ingrowns. Out of the shower, apply a few drops to bumps. For best results use daily, or more as needed. Hang mitt to dry, machine wash.
Precautions: Store in a cool place and keep out of direct sunlight. Avoid contact with eyes. For external use only. In rare instances of irritation, discontinue use."
pimprod2045859,MEDIHEAL,Phyto-enzyme Peeling Pad,K-Beauty,,$24.00,90 ct,https://media.ulta.com/i/ulta/2626996?w=100&h=100&fmt=auto,38 Reviews,"Benefits
Improves skin exfoliation by 93%
Reduces blackheads by 66%
Visibly improves pores by 27%
Features
Dual-sided pad
Embossed textured side for enhanced exfoliation
Smooth side for gentle exfoliation in sensitive areas
Sized (2.6"") to cover a wide area
Rounded corners for a perfect fit on skin
Key Ingredients
Natural Papaya Enzyme from the superfood that is rich in antioxidants and dissolves dead skin cells
Lipohydroxy Acid (LHA) works on the surface of the skin and has a larger molecule size compared to AHA, making it less irritating","Water, Dipropylene Glycol, Glycerin, Butylene Glycol, 1,2-Hexanediol, Betaine Salicylate, Betaine, Hydroxyacetophenone, Tromethamine, Octyldodeceth-16, Sodium Citrate, Citric Acid, Disodium Edta, Papain. Pogostemon Cablin Oil, Junipers Virginiana Oil, Capryloyl Salicylic Acid, Artemisia Vulgaris Oil, Beta-Glucan, Mentha Arvensis Leaf Oil.","As a treatment mask: Apply on targeted areas (forehead, cheeks and chin) after cleansing for an intensive treatment. Leave on for 15 minutes, remove and let the remaining serum absorb into skin.
As a treatment pad: After cleansing, gently swipe across skin to tone, moisturize and prep skin. Can be used daily both in the AM and PM."
pimprod2026568,Avène,Tolerance Control Skin Recovery Cream,Moisturizers,Face Moisturizer,$38.00,1.3 oz,https://media.ulta.com/i/ulta/2586855?w=100&h=100&fmt=auto,"3,437 Reviews","Benefits
Calms skin in 30 seconds and soothes skin discomfort, including tingling, burning sensations and tightness
Provides 24 hours of continuous hydration
Ingredients are 98% of natural origin
Soothes and calms skin hyperreactivity
Key Ingredients
D-Sensinose postbiotic ingredient derived from Avène Thermal Spring Water helps calm all sensations of discomfort and restore skin's barrier","Avene Thermal Spring Water (Avene Aqua), Caprylic/Capric Triglyceride, Ethylhexyl Palmitate, Glycerin, Cetearyl Alcohol, Squalane, Cetearyl Glucoside, Cetyl Esters, Aquaphilus Dolomiae Extract Filtrate, Arginine, Beeswax (Cera Alba), Citric Acid, Tromethamine, Water (Aqua), Xanthan Gum.","Apply to the face, neck and eye contour, morning and evening.
Precautions: For external use only."
pimprod2051284,IT Cosmetics,Hydrate with Confidence Anti-Aging Skincare Set,By Price,$100 and Under,$67.00,,https://media.ulta.com/i/ulta/2638647?w=100&h=100&fmt=auto,1 Review,"Benefits
4-piece, anti-aging skincare gift set features your day-to-night Confidence skincare routine
Each product is dermatologist-tested for all skin types, especially sensitive or dry skin
With high-performance ingredients including ceramides and hyaluronic acid for dramatic results instantly and over time
Includes
Confidence in a Cream Anti-Aging Hydrating Moisturizer (Full Size 60 ml)
Confidence in Your Beauty Sleep Night Cream (Travel Size 14 ml)
Confidence in a Cleanser (Travel Size 50 ml)
Confidence in an Eye Cream (Trial Size 5 ml)","Confidence in a Cream
AQUA / WATER / EAU, GLYCERIN, NIACINAMIDE, CETEARYL ALCOHOL, HYDROXYETHYLPIPERAZINE ETHANE SULFONIC ACID, GLYCERYL STEARATE, SQUALANE, DIMETHICONE, MYRISTYL MYRISTATE, ETHYLHEXYL PALMITATE, BUTYROSPERMUM PARKII BUTTER / SHEA BUTTER, PHENOXYETHANOL, PEG-100 STEARATE, CAPRYLYL GLYCOL, SODIUM POLYACRYLATE, TOCOPHEROL,
CITRIC ACID, SODIUM HYALURONATE, CAPRYLIC/CAPRIC TRIGLYCERIDE, PENTYLENE GLYCOL, PENTAERYTHRITYL TETRA-DI-T-BUTYL HYDROXYHYDROCINNAMATE, HYDROLYZED RICE PROTEIN, CERAMIDE NP, ADENOSINE, TRISODIUM ETHYLENEDIAMINE DISUCCINATE, COLLOIDAL OATMEAL, HYDROXYPALMITOYL SPHINGANINE, BUTYLENE GLYCOL, LIMONENE, CARAMEL, CITRAL, LINALOOL, CARBOMER, SODIUM LACTATE, POLYSORBATE 20, PALMITOYL TRIPEPTIDE-1, PALMITOYL TETRAPEPTIDE-7, PARFUM / FRAGRANCE.
Confidence in Your Beauty Sleep Night Cream
AQUA/WATER/EAU, DIMETHICONE, GLYCERIN, SIMMONDSIA CHINENSIS SEED OIL/JOJOBA SEED OIL, HYDROGENATED CASTOR OIL DIMER DILINOLEATE, PROPANEDIOL, ALCOHOL DENAT., CAPRYLIC/CAPRIC TRIGLYCERIDE, CETYL ALCOHOL, CETYL HYDROXYETHYLCELLULOSE, OCTYLDODECANOL, SILICA, PHENOXYETHANOL, ALBIZIA JULIBRISSIN BARK EXTRACT, CAPRYLYL GLYCOL, PARFUM/FRAGRANCE, POLOXAMER 338, CAPRYLOYL SALICYLIC ACID, LIMONENE, ADENOSINE, TOCOPHEROL, XANTHAN GUM, DISODIUM EDTA, LINALOOL, CERAMIDE NP, HYDROXYPALMITOYL SPHINGANINE, SILICA DIMETHYL SILYLATE, HYDRATED SILICA, SODIUM HYALURONATE, POLYSORBATE 60, CITRONELLOL, SODIUM BENZOATE, CI 16035/RED 40, GERANIOL, CEREUS GRANDIFLORUS FLOWER EXTRACT/CACTUS FLOWER EXTRACT, CITRAL, DARUTOSIDE, CI 42090/BLUE 1, GLUCOSE, LACTIC ACID, POTASSIUM SORBATE.
Confidence in a Cleanser
AQUA / WATER / EAU, GLYCERIN, SODIUM METHYL COCOYL TAURATE, COCO-BETAINE, SODIUM COCOYL ISETHIONATE, SODIUM CHLORIDE, PPG-5-CETETH-20, GLYCOL DISTEARATE, SODIUM HYDROXIDE, ACRYLATES/C10-30 ALKYL ACRYLATE CROSSPOLYMER, PHENOXYETHANOL, GLYCERYL STEARATE, CITRIC ACID, PEG-100 STEARATE, COCONUT ACID, COCO-GLUCOSIDE, CAPRYLYL GLYCOL, TOCOPHEROL, PEG-55 PROPYLENE GLYCOL OLEATE, PROPYLENE GLYCOL, SQUALANE, PARFUM / FRAGRANCE, SALICYLIC ACID, CHLORPHENESIN, GLYCERYL OLEATE, TRISODIUM ETHYLENEDIAMINE DISUCCINATE, POLYQUATERNIUM-53, BUTYROSPERMUM PARKII BUTTER / SHEA BUTTER, LIMONENE, PEG-30 DIPOLYHYDROXYSTEARATE, TRIDECETH-6, ADENOSINE, COLLOIDAL OATMEAL, BUTYLENE GLYCOL, BENZOIC ACID, LINALOOL, GERANIOL, CERAMIDE NP, SODIUM HYALURONATE, HYDROXYPALMITOYL SPHINGANINE, CITRONELLOL, CARBOMER, SODIUM LACTATE, CI 19140 / YELLOW 5, POLYSORBATE 20, PALMITOYL TRIPEPTIDE-1, PALMITOYL TETRAPEPTIDE-7.
Confidence in an Eye Cream
AQUA / WATER / EAU, THEOBROMA CACAO SEED BUTTER / COCOA SEED BUTTER, GLYCERIN, DIMETHICONE, ISOHEXADECANE, PROPANEDIOL, GLYCERYL STEARATE, PEG-20 STEARATE, NIACINAMIDE, PEG/PPG/POLYBUTYLENE GLYCOL-8/5/3 GLYCERIN, HYDROXYPROLINE, HYDROLYZED SOY PROTEIN, STEARIC ACID, PEG-100 STEARATE, PALMITIC ACID, GLYCINE, OCTYLDODECANOL, POLYACRYLAMIDE, SILICA SILYLATE, BUTYLENE GLYCOL, PHENOXYETHANOL, CAFFEINE, C13-14 ISOPARAFFIN, PENTYLENE GLYCOL, CI 77891 / TITANIUM DIOXIDE, TOCOPHEROL, HYDROLYZED RICE PROTEIN, CAPRYLYL GLYCOL, CARBOMER, MICA, LAURETH-7, PANAX GINSENG ROOT EXTRACT, SODIUM HYALURONATE, PROLINE, ALANINE, CAPRYLOYL SALICYLIC ACID, TRISODIUM ETHYLENEDIAMINE DISUCCINATE, MYRISTIC ACID, PENTAERYTHRITYL TETRA-DI-T-BUTYL HYDROXYHYDROCINNAMATE, CERAMIDE NP, ADENOSINE, SODIUM LACTATE, HYDROXYPALMITOYL SPHINGANINE, POLYSORBATE 20, SODIUM HYDROXIDE, CI 77491 / IRON OXIDES, TIN OXIDE, PALMITOYL TRIPEPTIDE-1, PALMITOYL TETRAPEPTIDE-7.","• Morning and night, use Confidence in a Cleanser to gently wash away impurities without stripping the skin. • Dab a pea-size amount of Confidence in an Eye Cream from inner to outer eye and smooth onto upper lid and brow bone. • Hydrate your entire face with a quarter-size amount of Confidence in a Cream during the day and Confidence in Your Beauty Sleep Night Cream before bed."
pimprod2050032,St. Tropez,Cherry Macaron Self Tan and Body Mist Set,Suncare,Self-Tanning & Bronzing,$45.00,,https://media.ulta.com/i/ulta/2635407?w=100&h=100&fmt=auto,103 Reviews,"Benefits
Natural medium tan after 8 hours
Streak-free and quick drying formula
Flawless results for a 10 day tan
Lightweight quick-drying formula
Tinted guide color for easy application
Enriched with vitamin E for long-lasting hydration
Scent of cherry, white florals & warm vanilla
Includes
Classic Bronzing Mousse in Cherry Macaron Fragrance (6.7 oz)
Hair & Body Mist in Cherry Macaron Fragrance (2.7 oz)
Limited-Edition Pink Applicator Mitt (1 ct)","Cherry Macaron Mousse: Aqua (Water), Dihydroxyacetone, Glycerin, PPG-5-Ceteth-20, Propylene Glycol, Ethoxydiglycol, Coco-Glucoside, Caramel, Phenoxyethanol, Parfum (Fragrance), Sodium Metabisulfite, Hydrolyzed Jojoba Esters, Hydroxyethylcellulose, Tocopherol, Citric Acid, Caprylyl Glycol, Decylene Glycol, Linalool, Limonene, Alpha-Isomethyl Ionone, Hexyl Cinnamal, Citronellol, CI 14700 (Red 4), CI 19140 (Yellow 5), CI 42090 (Blue 1).
Cherry Macaron Mist: Aqua (Water), PEG-40 Hydrogenated Castor Oil, Glycerin, Niacinamide, Phenoxethanol, Benzyl Alcohol, Parfum (Fragrance), Citric Acid, Disodium Edta, Hydrolyzed Hyalurolic Acid, Linalool, Limonene, Sodium Hydroxide, Alpha-Isomethyl Ionone, Hexyl Cinnamal, Cirtonellol.
Applicator Mitt: Polyester 53%,Polyurethane 47%.","Step 1. Exfoliate and moisturize dry areas, hands, feet, ankles and wrists.
Step 2. Glide on using a Mitt to ensure no missed patches.
Step 3. Leave for 8 hours before showering off.
Step 4. Your tan will develop over 6-8 hours into a medium golden glow. Moisturize daily to prolong your tan.
Precautions: Patch test 24 hours prior to use. Do not apply to sensitive, broken, irritated skin. Do not get in eyes, if you do rinse well with water. Avoid contact with lips. Self tan may stain. Wash palms after use. Store below 86 degrees F. This product does not contain a sunscreen and does not protect against sunburn. Repeated exposure of unprotected skin while tanning may increase the risk of skin ageing, skin cancer and other harmful effects to the skin even if you do not burn."
pimprod2037847,Dermalogica,Phyto Nature Oxygen Cream,Moisturizers,Face Moisturizer,$129.00,1.7 oz,https://media.ulta.com/i/ulta/2606355?w=100&h=100&fmt=auto,899 Reviews,"Benefits
Firms and lifts to reduce the appearance of skin aging
Revitalizes with oxygen-optimizing phytoactives for brighter, more radiant skin
Plumps and hydrates for ultra-smooth skin
Key Ingredients
Ligustrum Lucidum Seed, Glycogen, and Nasturtium Flower: help oxygenate skin's surface by hydrating its upper layers for a smooth, energized appearance
Adaptogenic Astragalus: smooths and tightens for a lifted look
Luffa Root + Squalene: visibly firm, minimizing the appearance of fine lines and wrinkles
Rose of Winter: soothes and boosts skin's resilience
Research Results
Clinically proven to give 4 years back - firmer and more lifted skin after 1 week","Water/Aqua/Eau, Panthenol, Squalane, Glycerin, Pentylene Glycol, Hydrogenated Ethylhexyl Olivate, Propanediol, Triethylhexanoin, Prunus Amygdalus Dulcis (Sweet Almond) Oil, Hydrogenated Vegetable Oil, Glyceryl Stearate SE, Cetearyl Alcohol, Bis-Ethoxydiglycol Cyclohexane 1,4-Dicarboxylate, PEG-100 Stearate, Glyceryl Stearate, Tocopheryl Acetate, Hydroxyacetophenone, Dipotassium Glycyrrhizate, Sodium Hyaluronate, Ubiquinone, Rosmarinus Officinalis (Rosemary) Leaf Extract, Helianthus Annuus (Sunflower) Seed Oil, Citrus Limon (Lemon) Peel Oil, Citrus Aurantium Bergamia (Bergamot) Fruit Oil, Salvia Sclarea (Clary) Oil, Citrus Aurantium Dulcis (Orange) Peel Oil, Avena Sativa (Oat) Kernel Extract, Viola Odorata Leaf Extract, Camellia Sinensis Seed Oil, Carthamus Tinctorius (Safflower) Seed Oil, Oryza Sativa (Rice) Bran Extract, Tapioca Starch, Chenopodium Quinoa Seed Extract, Helianthus Annuus (Sunflower) Extract, Camellia Sinensis Leaf Powder, Sphingomonas Ferment Extract, Spilanthes Acmella Flower/Leaf/Stem Extract, Astragalus Membranaceus Root Extract, Hordeum Vulgare Seed Extract, Candida Bombicola/Glucose/Methyl Rapeseedate Ferment, Rosmarinus Officinalis (Rosemary) Leaf Oil, Lavandula Spica (Lavender) Flower/Leaf/Stem Extract, Litsea Cubeba Fruit Oil, Zingiber Officinale (Ginger) Root Extract, Hydrogenated Olive Oil Unsaponifiables, Mentha Piperita (Peppermint) Oil, Tocopherol, Carnosine, Allantoin, Caprylyl Glycol, Acetyl Tetrapeptide-9, Beta-Glucan, Caffeine, Mannitol, Bisabolol, Trehalose, Lactobacillus Ferment, 1,2-Hexanediol, Steareth-21, Tetrasodium Glutamate Diacetate, Sodium Hydroxide, Aminomethyl Propanol, Carbomer, Microcrystalline Cellulose, Cellulose Gum, Sodium Benzoate, Potassium Sorbate, Limonene, Linalool, Citral.","After cleansing and toning, apply over face and neck in light, upward strokes. Use twice daily, morning and night."
pimprod2044242,BYOMA,Liptide Lip Mask with Peptides,Lips,Lip Balms & Treatments,$11.99,0.16 oz,https://media.ulta.com/i/ulta/2621902?w=100&h=100&fmt=auto,245 Reviews,"Benefits
Lightweight mask supercharges skin– repairing and restoring lips
Liptide Complex powered by peptides, ceramides + lipids plumps + hydrates
PHA gently exfoliates to enhance cell turnover
Helps heal dry, damaged lips – fast
Vegan and cruelty free
Features
Multi-purpose leave-on mask can be used as a hydrating lip mask throughout the day or an overnight treatment
BYOMA's Liptide Complex- a lip-compatible blend of actives- strengthens the skin barrier + minimizes water loss for full, healthy lips
Skin-loving ingredients work fast to intensely hydrate and condition dry, chapped lips
Key Ingredients
Liptide Complex works to strengthen the skin barrier for fuller, healthier lips
Babassu Oil intensely replenishes skin's moisture levels and nourishes skin
PHA gently exfoliates to remove dead skin cells, revealing smooth, hydrated lips","Hydrogenated Polyisobutene, Butyrospermum Parkii (Shea) Butter, Ethylhexyl Palmitate, Octyldodecanol, Synthetic Wax, Fragrance, Lithospermum Erythrorhizon Root Extract, Sorbitan Isostearate, 1,2-Hexanediol, Caprylic/Capric Triglyceride, Persea Gratissima (Avocado) Fruit Extract, Gluconolactone, Mandelic Acid, Glycerin, Orbignya Oleifera Seed Oil, Ethylene/Propylene Copolymer, Caprylyl Glycol, Ethylhexylglycerin, Palmitoyl Tetrapeptide-7, Sphingolipids, Water, Ceramide NP, Lactic Acid, Benzyl Benzoate.",Apply generously to the lips in the PM before bed and throughout day as needed.
pimprod2043280,Sun Bum,Daily 50 Body Lotion,Suncare,Sunscreen,$23.99,8.0 oz,https://media.ulta.com/i/ulta/2619925?w=100&h=100&fmt=auto,187 Reviews,"Benefits
For All Skin Types, Broad Spectrum Protection, Dermatologist Tested, Paraben Free, Hawaii Act 104 Reef Compliant.
Key Ingredients
Antioxidants & Vitamin E
Formulated Without
Sulfates
Parabens
Oxybenzone
Octinoxate","Active: Avobenzone 3%, Homosalate 8%, Octisalate 5%, Octocrylene 9%.
Inactive: Water, Butyloctyl Salicylate, Polymethylsilsesquioxane, Fragrance, Acrylates/C10-30 Alkyl Acrylate Crosspolymer, Acrylates/Polytrimethylsiloxymethacrylate Copolymer, Aminomethyl Propanol, Ethylhexylglycerin, Glycerin, Isododecane, Lysolecithin, Phenoxyethanol, Polyglyceryl-6 Behenate, Polyglyceryl-6 Stearate, Pongamia Pinnata Seed Extract, Propanediol, Pullulan, Sclerotium Gum, Silica, Sodium Polyacrylate, Tetrahexyldecyl Ascorbate, Tocopherol, Trisodium Ethylenediamine Disuccinate, Xanthan Gum.","Dispense Daily 50 Body Lotion into hands and apply liberally all over body 15 minutes before sun exposure. Reapply every 80 minutes and more frequently after swimming/sweating, or towel drying.
Precautions: For external use only. Do not use on damaged or broken skin. When using this product keep out of eyes. Rinse with water to remove. Stop use and ask a doctor if rash occurs.Keep out of reach of children. If swallowed, get medical help or contact a Poison Control Center immediately."
pimprod2050830,Tree Hut,Overnight Lip Mask,Lips,Lip Balms & Treatments,$9.99,Vanilla,https://media.ulta.com/i/ulta/2635639?w=100&h=100&fmt=auto,90 Reviews,"Benefits
This luxurious treatment ensures you wake up to soft, supple lips ready for the day ahead. Simply apply before bedtime and let the hydrating formula work its magic overnight
Use it alone or pair with Tree Hut Lip Scrub Stick and Tree Hut Lip Butter for the ultimate lip care routine
Tree Hut's Overnight Lip Mask is paraben-free, sulfate-free, contains no formaldehyde donors, and has a smooth, rich and non-sticky formula to create a protective barrier for supple lips when you wake up
Key Ingredients
Vanilla Extract contains antioxidants that can moisturize and soothe lips
Shea Butter is known to deeply moisturize, nourish and soften dry lips, while helping to promote elasticity
Vitamin E helps seal in moisture and strengthen the skin barrier","Diisostearyl Malate, Polyisobutene, Microcrystalline Wax, Hydrogenated Polydecene, Butyrospermum Parkii (Shea) Butter, Hydrogenated Polyisobutene, Euphorbia Cerifera (Candelilla) Wax, Polyethylene, Fragrance, Helianthus Annuus (Sunflower) Seed Oil, Olea Europaea (Olive) Fruit Oil, Cocos Nucifera (Coconut) Oil, Polyglyceryl-2 Triisostearate, Vanilla Planifolia Fruit Extract, Tocopherol, Tocopheryl Acetate, Water, Stevioside, CI 77492, CI 77491, 1,2-Hexanediol.","Apply generously onto lips. Leave on overnight. Wake up to soft, hydrated lips."
pimprod2038390,Supergoop!,PLAY Lip Shield SPF 30 Sunscreen Lip Balm,Lips,Lip Balms & Treatments,$10.00,Mint,https://media.ulta.com/i/ulta/2606706?w=100&h=100&fmt=auto,46 Reviews,"Benefits
SPF lip balm for daily wear
Replenishes dry, cracked and dehydrated lips back to being feel-good smooth
Why wear a lip balm with SPF? Your lips are one of the most sun-sensitive parts of your skin and prone to drying when not protected
Key Ingredients
Coconut Oil: Conditions & moisturizes skin with rich fatty acids, vitamins & antioxidants
Sunflower Seed Oil: Helps skin retain moisture & helps protect against environmental damage
Avocado Oil: Helps nourish, moisturize & provide antioxidant protection
Formulated Without
At Supergoop!, they thoughtfully choose ingredients based on global regulations and the latest scientific research. Their ""No List"" includes 1600+ ingredients that they never add in their products, including oxybenzone, octinoxate, parabens, phthalates, sulfates and synthetic fragrances","Active: Avobenzone 3%, Homosalate 10%, Octisalate 5%, Octocrylene 10%
Inactive: Cocos Nucifera (Coconut) Oil, Ozokerite wax, Euphorbia Cerifera (Candelilla) Wax, Helianthus Annuus (Sunflower) Seed Oil, Butyloctyl Salicylate, Tocopherol, Glycine Soja (Soybean) Oil, Persea Gratissima (Avocado) Oil, Simmondsia Chinensis (Jojoba) Seed Oil, Butyrospermum Parkii (Shea) Butter, Piper Mentha Piperita (Natural Flavor), Stevia Rebaudiana Extract, Aloe Barbadensis Leaf Extract, Rosmarinus Officinalis (Rosemary) Oil, Vitis Vinifera (Grape) Seed Oil.","Apply to your lips as needed throughout the day
SPF Directions:
If this is the only SPF in your skincare routine, apply generously & evenly 15 minutes before sun exposure. Reapply at least every 2 hours or after 80 minutes of swimming or sweating.
Precautions: For external use only. Do not use on damaged or broken skin. Stop use and ask a doctor if rash occurs. When using this product keep out of eyes. Rinse with water to remove. Keep out of reach of children. If swallowed, get medical help or contact a Poison Control Center right away."
pimprod2046260,La Roche-Posay,Travel Size Toleriane Purifying Foaming Face Wash for Oily Skin,Cleansers,Face Wash,$8.99,1.69 oz,https://media.ulta.com/i/ulta/2626351?w=100&h=100&fmt=auto,5 Reviews,"Benefits
Purifying foaming face wash for combination and oily skin effectively removes dirt, oil, impurities and makeup
Dermatologist tested
Key Ingredients
La Roche-Posay Thermal Spring Water is naturally rich in minerals with scientifically demonstrated soothing and antioxidant properties
Glycerin moisturizes and hydrates the skin
Formulated Without
Fragrance
Oil","Aqua/Water/Eau (La Roche-Posay Prebiotic Thermal Water), Glycerin, Coco-Betaine, Propylene Glycol, Sodium Cocoyl Glycinate, Peg-120 Methyl Glucose Dioleate, Sodium Chloride, Ceramide Np, Niacinamide, Sodium Hydroxide, Disodium Edta, Capryloyl Glycine, Caprylyl Glycol, Citric Acid, Acrylates Copolymer.","Use as a daily face cleanser. Cleanse morning and evening. Use fingertips to apply foam to the whole face. Gently massage, then rinse.
Precautions: Avoid direct contact with eyes."
pimprod2046246,Philosophy,Ultimate Miracle Worker Nourish & Rejuvenate Face & Neck Cream,Moisturizers,Face Moisturizer,$89.00,2.0 oz,https://media.ulta.com/i/ulta/2626355?w=100&h=100&fmt=auto,790 Reviews,"Benefits
Suitable for sensitive skin and first-time retinol users, with no irritation or compromise to skin barrier health
Leaves skin feeling nourished and softer
Research Results
After just one use, skin is deeply nourished and softer
In 2 weeks
Over 95% said skin is visibly smoother and healthier
91% said skin looks noticeably brighter in 4 weeks
Over 94% agree skin is firmer and skin’s texture is improved
92% said neck appears smoother
9/10 agree makeup wear is improved¹
Dermatologist tested
Suitable for sensitive skin and first-time retinol users
*Based on an 8-week consumer study with 101 (¹91) women aged 40-65 with 2x/day application","Aqua/Water/Eau, Glycerin, Butyrospermum Parkii (Shea) Butter, Hydrogenated Polyisobutene, Cetearyl Alcohol, Behenyl Alcohol, Polyglyceryl-2 Diisostearate, Propanediol, Squalane, Arachidyl Alcohol, Dimethicone, Glyceryl Stearate, Butylene Glycol, Bakuchiol, Hydroxyacetophenone, Arachidyl Glucoside, Glycine Soja (Soybean) Oil, Sodium Potassium Aluminum Silicate, 1,2-Hexanediol, Caprylyl Glycol, Carbomer, Xanthan Gum, Ceramide Np, Iris Pallida Root Extract, Alcohol, Parfum/Fragrance, Sodium Hydroxide, Silica, Laureth-3, Adenosine, Lecithin, Polysorbate 20, Retinol, Acrylates/C10-30 Alkyl Acrylate Crosspolymer, Bht, Cellulose Gum, Chitosan (Derived From Shellfish), Ethylhexylglycerin, Glycolic Acid, Hydroxyethylcellulose, Phenoxyethanol, Sorbitan Oleate, Acetyl Dipeptide-1 Cetyl Ester, Limonene, Dimethylmethoxy Chromanol, Potassium Sorbate, Behentrimonium Chloride, Potassium Phosphate, Palmitoyl Tripeptide-5, Citral, Tocopherol, Citric Acid, Ascorbyl Palmitate, Biotin, Titanium Dioxide (CI 77891).",Apply philosophy cream all over face and neck. Use morning and evening.
pimprod2029779,Philosophy,Hope In A Jar Smooth-Glow Multi-Tasking Moisturizer,Moisturizers,Face Moisturizer,$52.00,2.0 oz,https://media.ulta.com/i/ulta/2589221?w=100&h=100&fmt=auto,"9,052 Reviews","Benefits
Formula delivers instant and long-term visible results, while respecting the skin's natural functions.
Research Results
Immediate clinical improvement in skin texture, fine lines, and wrinkles**
Clinically proven to deliver instant & long-lasting hydration for up to 24 hours***
Clinically proven to increase skin's healthy radiance in just 1 week**
**Based on a 2-week clinical study with 42 women ages 25-55, twice a day usage ***based on a clinical study with 35 women ages 18-65, single usage
Key Ingredients
Hyaluronic acid from biotechnology to deeply hydrate
High-purity glycolic acid to promote skin surface cell renewal and our exclusive radiance complex
Pro-vitamin p and responsibly sourced","Aqua/Water/Eau, Dimethicone, Stearic Acid, Glycerin, Butylene Glycol, Glycolic Acid, C12-15 Alkyl Benzoate, Pentylene Glycol, Hydroxyethyl Acrylate/Sodium Acryloyldimethyl Taurate Copolymer, Cetearyl Alcohol, Squalane, Sodium Hydroxide, Dimethicone Crosspolymer, Ceteareth-20, Boron Nitride, Ammonium Acryloyldimethyltaurate/Vp Copolymer, Polysilicone-11, Acrylates/C10-30 Alkyl Acrylate Crosspolymer, 1,2-Hexanediol, Caprylyl Glycol, Hydroxyacetophenone, Polysorbate 60, Parfum/Fragrance, Methylpropanediol, Sorbitan Isostearate, Citrus Reticulata (Tangerine) Peel Extract, Glucosyl Hesperidin, Limonene, Hyaluronic Acid, Silanetriol, Citric Acid, Citrus Reticulata (Tangerine) Fruit Extract, Sodium Benzoate, Potassium Sorbate.","Use the hydrating face moisturizer in the morning and in the evening on clean, dry skin.
Precautions: Avoid contact with eyes. If contact occurs, flush with water."
pimprod2048493,Good Molecules,Discoloration Correcting Body Treatment,Treatment & Serums,Body Treatments,$15.00,4.0 oz,https://media.ulta.com/i/ulta/2631488?w=100&h=100&fmt=auto,12 Reviews,"Key Ingredients
2% TeraCeutic TXVector™ (cetyl tranexamate mesylate) delivers tranexamic acid deep into the skin to help fade hyperpigmentation.
4% Niacinamide & 2% Acetyl Glucosamine is a clinically tested combination known to help improve the appearance of skin discoloration.
Linoleic Acid is an essential fatty acid that supports the skin barrier and steadily promotes skin lightening.
Capryloyl Salicylic Acid (LHA) exfoliates dead skin cells for smoother skin.","Aqua/Water/Eau, Glycerin, Aspergillus Ferment, Propanediol, Cetearyl Alcohol, Niacinamide, Saccharomyces Ferment, Glyceryl Stearate, Cetyl Tranexamate Mesylate, Acetyl Glucosamine, Linoleic Acid, Panthenol, Cetyl Alcohol, Behentrimonium Methosulfate, Palmitic Acid, Stearic Acid, Capryloyl Salicylic Acid, Caprylyl Glyceryl Ether, Arginine, Oleic Acid, Allantoin, Caprylhydroxamic Acid, Bisabolol, Trisodium Ethylenediamine, Disuccinate, Sodium Hydroxide, Linolenic Acid, Tocopherol.",Apply morning and night to areas of concern. For external use. Avoid contact with eyes.
pimprod2046016,Magic Molecule,Mini Hypochlorous Acid Spray,Travel Size Body Care,,$8.00,2.0 oz,https://media.ulta.com/i/ulta/2628364?w=100&h=100&fmt=auto,"2,992 Reviews","Features
Helps promote healing for acne-prone skin, cuts & scrapes, sunburns, eczema, zits, redness, and more
Clarify skin, remove bacteria, reduce redness, minimize imperfections, and naturally calm skin
Use whenever your skin needs a boost!
Key Ingredients
Powered by hypochlorous acid, the same solution naturally produced by our white blood cells for skin healing.
Pure, medical-grade, and FDA-cleared
Formulated Without
Non-toxic, all-natural and pet-safe, good for all skin types & safe for sensitive skin
Free of alcohol, silicones, parabens, sulfates, phthalates, oil, and talc","Hypochlorous Acid (0.018%), Ionized Water (99.918%), Sodium Chloride (0.06%), Hypochlorite Ion (0.004%)","Spray solution on skin to flush away any dirt and debris. Spray skin thoroughly and let air dry as often as needed. Use Magic Molecule as the first step in your skincare routine after cleansing, or throughout the day - whenever your skin needs a boost!"
pimprod2028661,Cetaphil,"Daily Facial Cleanser, Face Wash for Sensitive Skin",Cleansers,Face Wash,$11.99,8.0 oz,https://media.ulta.com/i/ulta/2586967?w=100&h=100&fmt=auto,"5,874 Reviews","Benefits
For combination to oily skin
Reinforces the skin barrier, balances skin and minimizes the appearance of pores
Clinically proven to deep clean by removing dirt, excess oils, impurities and pollution microparticles
DEFENDS AGAINST 5 SIGNS OF SKIN SENSITIVITY: Dryness, irritation, roughness, tightness and a weakened skin barrier
DERMATOLOGIST RECOMMENDED for Sensitive Skin
Key Ingredients
Glycerin hydrates and moisturizes the skin, improving the skin barrier, and promoting overall skin health
Panthenol (vitamin B5) to hydrate, soothe and preserve the skin barrier
Niacinamide (vitamin B3) to help smooth skin's texture and retain skin's moisture barrier
Formulated Without
Fragrance
Parabens
Sulfates
Hypoallergenic
Non-comedogenic","Water, Glycerin, Cocamidopropyl Betaine, Disodium Laureth Sulfosuccinate, Sodium Cocoamphoacetate, Panthenol, Niacinamide, Pantolactone, Acrylates/C10-C30 Alkyl Acrylate Crosspolymer, Sodium Benzoate, Masking Fragrance, Sodium Chloride.",Massage a small amount onto wet skin. Rinse.
pimprod2040931,BOBBI BROWN,Vitamin Enriched Hydrating Skin Tint SPF 15,Moisturizers,Tinted Moisturizer,$48.00,Deep 1,https://media.ulta.com/i/ulta/2612309?w=100&h=100&fmt=auto,347 Reviews,"Benefits
Gives skin a boost of moisture and just-right coverage
Melts seamlessly into skin with sheer coverage that adapts to a range of skin tones
Helps replenish and condition skin with essential nourishment
Helps strengthen skin's barrier
Helps protect from environmental aggressors
Features
Pigment-Flex Technology features specially coated pigments that help shades melt seamlessly into skin with sheer coverage that adapts to a range of skin tones
Lightweight, sweat and humidity-resistant formula stays color-true for 12 hours of non-fading, non-creasing, non-settling wear
SPF 15 helps prevent UVA and UVB rays from damaging skin
Clinical results: 12-hour moisture and color-true wear. Non-fading, non-creasing, non-settling, sweat and humidity-resistant
Key Ingredients
Signature blend of Vitamins B, C, and E helps replenish and condition skin with essential nourishment
Pro-Vitamin D and Cactus flower help strengthen skin's barrier
Vitamin E Complex helps defend skin from environmental aggressors
Hyaluronic Acid helps instantly moisturize while Shea Butter helps soften and condition
Refreshing scent of Grapefruit and Geranium uplifts the senses","Water\Aqua\Eau, Ethylhexyl Methoxycinnamate, Glyceryl Triacetyl Ricinoleate, Octyldodecyl Neopentanoate, Diethylhexyl Succinate, Butylene Glycol, Ethylhexyl Salicylate, Titanium Dioxide, Butyrospermum Parkii (Shea) Butter, Glycerin, Steareth-21, Glyceryl Stearate, Citrus Grandis (Grapefruit) Peel Oil, Pelargonium Graveolens (Geranium) Flower Oil, Cereus Grandiflorus (Cactus) Flower Extract, Lactobacillus Ferment, Niacinamide, Ethylhexylglycerin, Caprylyl Glycol, Cholesterol, Isohexadecane, 7-Dehydrocholesterol, Sodium Hyaluronate, Biosaccharide Gum-1, Magnesium Aluminum Silicate, Aluminum Hydroxide, Steareth-2, Cetyl Alcohol, Acrylamide/Sodium Acryloyldimethyltaurate Copolymer, Xanthan Gum, Lecithin, Potassium Stearate, Sodium Hydroxide, Polysorbate 80, Sorbitan Oleate, Citric Acid, Limonene, Citronellol, Geraniol, Linalool, Citral, Tocopheryl Acetate, Bht, Phytic Acid, Disodium Edta, Magnesium Ascorbyl Phosphate, Phenoxyethanol, Sorbic Acid, [+/- Mica, Titanium Dioxide (CI 77891), Iron Oxides (CI 77491), Iron Oxides (CI 77492), Iron Oxides (CI 77499)]
Ingredients are subject to change at the manufacturer's discretion. For the most complete and up-to-date list of ingredients, refer to the product packaging.","Use fingers or a foundation brush to blend product onto skin, starting at the center of the face. After product is applied evenly, use the warmth of fingers to melt the product into skin."
pimprod2017697,OSEA,Ocean Cleanser Purifying Face Wash,Cleansers,Face Wash,$48.00,5.0 oz,https://media.ulta.com/i/ulta/2570071?w=100&h=100&fmt=auto,"1,108 Reviews","Benefits
Removes surface impurities and excess oils without stripping skin
Gently exfoliates while cleansing to unclog pores
Delivers mineral-rich hydration for a clear, radiant complexion
pH balanced
Invigorating citrusy scent
Sustainably packaged: Bottle is made of frosted glass and pump is made with 50% PCR (post-consumer recycled) plastic.
Key Ingredients
Undaria Seaweed: rich in amino acids, antioxidants and nutrients
Bentonite: removes surface impurities and excess oils without stripping
Lactic Acid: gently exfoliates skin
Glycerin: gently moisturizes, smooths and hydrates
Research Results
100% agreed skin looked balanced and clean*
100% agreed skin felt hydrated and refreshed*
97% agreed it cleansed pores and didn’t strip skin*
97% agreed skin felt softer and looked more radiant**
*Based on a third-party consumer perception study of 33 women ages 30-59, after 1 use.
**Based on a third-party consumer perception study of 33 women ages 30-59, after 1 week.","Water / Aqua / Eau, Undaria Pinnatifida Extract, Coco-Glucoside, Bentonite, Glycerin, Simmondsia Chinensis (Jojoba) Seed Oil, Sesamum Indicum (Sesame) Seed Oil, Sorbitan Olivate, Disodium Cocoyl Glutamate, Citrus Aurantium Dulcis (Orange) Peel Oil, Xanthan Gum, Lactic Acid, Sodium Cocoyl Glutamate, Hydrolyzed Oat Protein, Tocopherol, Citrus Aurantium Bergamia (Bergamot) Fruit Oil, Citrus Aurantifolia (Lime) Oil, Juniperus Communis Fruit Oil, Cupressus Sempervirens Leaf/Nut/Stem Oil, Jasminum Officinale (Jasmine) Oil, Melia Azadirachta Leaf Extract, Melia Azadirachta Flower Extract, Sea Water / Maris Aqua / Eau de mer, Kappaphycus Alvarezii Extract, Gigartina Stellata/Kappaphycus Alvarezii Extract, Corallina Officinalis Extract, Hydroxyacetophenone, 1,2-Hexanediol, Caprylyl Glycol, Tropolone, Tetrasodium Glutamate Diacetate, Citric Acid, Sodium Benzoate, Potassium Sorbate, Limonene.","Apply to damp face and rinse with warm water.Follow with preferred OSEA serum, moisturizer and face oil. Use morning and night.
Pro Tip: Ocean Cleanser makes an ideal shaving medium for face or even body. Apply with water. Seaweed softens skin for a close, clean shave."
pimprod2042965,Kopari Beauty,Travel Size Sun Shield Body Glow Gel SPF 50,Travel Size Body Care,,$18.00,1.0 oz,https://media.ulta.com/i/ulta/2619700?w=100&h=100&fmt=auto,870 Reviews,"Benefits
SPF 50 for primetime protection
Broad spectrum UVA/UVB protection
40 minute sweat and water-resistant
Luxurious and lightweight gel texture
Applies on clear, absorbs well into skin, non-greasy and will not stick
Easy, mess-free application
A blend of SPF protection, superfood oils, antioxidants and natural pearlescent minerals for safe sun protection and a hydrated glow
Infused with Kopari's signature sweet coconut milk scent
Clinically-tested, non-irritating, allergy-testedand
100% Recyclable
Key Ingredients
Macadamia Oils helps minimize UV irritation while antioxidant-rich Hibiscus Oil is known to protect & repair
Vitamin E helps calm and protect skin from environmental stressors
Moisturizing Avocado & Coconut Oils boost skin hydration and help reduce the appearance of fine lines and wrinkles
Sustainably sourced gold shimmer mica adds a subtle glow
Formulated Without
PABA, Silicones, Parabens, Phthalates, Sulfates","Octyldodecanol, C12-15 Alkyl Benzoate, Polyamide-3, Butyloctyl Salicylate, Octyldodecyl Neopentanoate, Persea Gratissima (Avocado) Oil, Hibiscus Sabdariffa Seed Oil, Cocos Nucifera (Coconut) Oil, Aleurites Moluccana Seed Oil, Macadamia Ternifolia Seed Oil, Tocopheryl Acetate, Fragrance (Parfum), Pentaerythrityl Tetra-di-t-butyl Hydroxyhydrocinnamate, Hexyl Cinnamal, Butylphenyl Methylpropional, Benzyl Salicylate, Linalool, CI 77019 (Mica), CI 77891 (Titanium Dioxide), CI 77491 (Iron Oxides).","Apply generously and evenly 15 minutes before sun exposure. REAPPLY: After 40 minutes of swimming or sweating immediately after towel drying. Sun Protection Measures: spending time in the sun increases your risk of skin cancer and early skin aging. To decrease this risk, regularly use a sunscreen with a Broad Spectrum SPF value of 15 or higher and other sun. protection measures including: Limit time in the sun, especially from 10 a.m.- 2 p.m.
Precautions: For external use only. Do not use on damaged or broken skin. When using this product, keep out of eyes. Rinse with water to remove. Stop use and ask a doctor if rash occurs. Keep out of reach of children. If product is swallowed, get medical help or contact a Poison Control Center right away. Children under 6 months: Ask doctor."
pimprod2039387,La Roche-Posay,Travel Size Toleriane Hydrating Gentle Face Cleanser for Dry Skin,Travel Size Skin Care,,$8.99,1.6 oz,https://media.ulta.com/i/ulta/2606177?w=100&h=100&fmt=auto,"2,602 Reviews","Benefits
Oil-free face cleanser removes excess oil, impurities and makeup without irritating sensitive skin
Gentle cleanser formula for dry skin restores comfort and helps retain moisture
Milky-cream face cleanser texture leaves dry skin feeling fresh and comfortable with no pore-clogging residue
Maintains the skin barrier
Hydrates the skin
Soothes the skin with niacinamide and mineral-rich La-Roche Posay Thermal Spring Water
Non-comedogenic
Fragrance Free
Oil Free
Paraben Free
Soap Free
Sulfate Free
Dermatologist and allergy tested on sensitive skin
Key Ingredients
La Roche-Posay Thermal Spring Water is naturally rich in minerals with scientifically demonstrated soothing and antioxidant properties
Ceramide-3 is a natural component of the skin barrier
Niacinamide is form of vitamin B3 with soothing properties
Glycerin moisturizes and hydrates the skin","Aqua/Water/Eau, Glycerin, Pentaerythrityl Tetraethylhexanoate, Propanediol, Ammonium Polyacryloyldimethyl Taurate, Polysorbate 60, Ceramide Np, Niacinamide, Sodium Chloride, Coco-Betaine, Disodium Edta, Caprylyl Glycol, Panthenol, Tocopherol (F.I.L. D242855/1).","Wet skin with lukewarm water. Pump cleanser into hands and work into lather. Massage into skin in a gentle, circular motion. Rinse thoroughly and pat dry without rubbing. Cleanse morning and/or evening."
pimprod2048745,PEACH & LILY,Hydrobubble Deep Foam Cleanser,K-Beauty,,$29.00,3.38 oz,https://media.ulta.com/i/ulta/2631357?w=100&h=100&fmt=auto,45 Reviews,"Benefits
Ideal for normal to oily skin types
Gentle, sulfate-free formula rich in fatty acids effectively cleanses without stripping skin
Rich hydrobubbles lift away dirt, oil, and impurities while hydrating
Visibly nourishes, soothes, and softens skin
Luxurious cream lathers into a refreshing bubble foam
100% Worry Free: Peach & Lily formulas are alcohol-free, fragrance-free, & gluten-free and.
Key Ingredients
9 Korean Botanical and Root Extracts: natural antioxidant properties visibly nourish, brighten, and soften skin
Fatty Acids: help hydrate, lock in moisture, and visibly improve dullness
Rice Bran: supports the skin barrier for visibly resilient, calm skin
Research Results
100% agree cleanser removed dirt, excess oils, makeup, and SPF without stripping skin*
94% saw clearer skin with visibly reduced sebum, blackheads, and breakouts*
100% felt skin was refreshed, soothed, and softer*
*Brand study results","Water, Glycerin, Sodium Cocoyl Isethionate, Potassium Cocoyl Glycinate, Papain, Coptis Japonica Root Extract, Vigna Radiata Seed Extract, Prunus Serotina (Wild Cherry) Fruit Extract, Hydrolyzed Hyaluronic Acid, Polyglutamic Acid, Hordeum Distichon (Barley) Extract, Vaccinium Macrocarpon (Cranberry) Fruit Extract, Punica Granatum Fruit Extract, Butylene Glycol, Beta Vulgaris (Beet) Root Extract, Prunus Armeniaca (Apricot) Seed Powder, Glyceryl Glucoside, Oryza Sativa (Rice) Powder, Collagen Extract, Oryza Sativa (Rice) Bran, Coix Lacryma-Jobi Ma-yuen Seed Powder, Sedum Sarmentosum Extract, Orchis Mascula Extract, Allantoin, Glucose, 1,2-Hexanediol, Citric Acid, Sodium Chloride, Lauryl Betaine, Sodium Methyl Cocoyl Taurate, Cimicifuga Dahurica Root Extract, Coconut Acid, Hydroxypropyl Starch Phosphate, Caprylyl Glycol, Sodium Phytate.","Squeeze a dime-sized amount onto hands. Lather with water, and massage onto face. Rinse with warm water and pat skin dry. Daily use. AM and PM."
pimprod2039812,BYOMA,Milky Oil Gentle Cleanser,Cleansers,Face Wash,$13.99,2.12 oz,https://media.ulta.com/i/ulta/2611687?w=100&h=100&fmt=auto,354 Reviews,"Benefits
Deeply cleanses skin and melts away makeup, SPF + other impurities
Barrier Lipids help restore the skin barrier
Moringa Seed Oil, Olive Fruit Oil + Squalane nourish skin leaving it feeling soft, smooth and supple
Dermatologist tested & approved skincare
Alcohol & fragrance-free
Clinically proven to immediately increase moisturization after one use
Clinically proven to protect and maintain skin barrier
Clinically proven to remove 100% of makeup and effectively cleanse into pores
Features
Featuring Barrier Lipids, moringa seed oil, olive fruit oil and squalane to soothe and intensely hydrate for bright, bouncy, balanced skin post-cleanse.
The luxurious, milky formula glides over skin and rinses off effortlessly, without clogging pores or leaving an oily residue.
Key Ingredients
Barrier Lipids to help restore the skin barrier
Moringa Seed Oil, Olive Fruit Oil + Squalane nourish skin leaving it feeling soft, smooth, and supple","Olea Europaea (Olive) Fruit Oil, Cetyl Ethylhexanoate, Sorbeth-30 Tetraoleate, Rosmarinus Officinalis (Rosemary) Leaf Oil, Hippophae Rhamnoides Oil, Tocopherol, Ethylhexylglycerin, Tocopherol, Sphingolipids, Ceramide NP, Squalane, Moringa Oleifera Seed Oil.","Massage 2-4 pumps onto dry skin in slow, circular motions. Add water to emulsify and rinse thoroughly. Use AM + PM as your first cleanse.
Precautions: Eye irritant."
pimprod2045307,Hero Cosmetics,Mighty Patch for Tired Eyes Patches,Eye Treatments,Eye Masks,$14.99,3 pair,https://media.ulta.com/i/ulta/2624660?w=100&h=100&fmt=auto,20 Reviews,"Benefits
Awakens tired-looking eyes*
Visibly de-puffs under eyes*
Minimizes the look of eye bags*
Smooths the look of under eyes*
*after multiple applications
Features
Contoured to fit under eyes
Doesn’t slip off skin
Feels cooling on skin
Doesn’t leave a sticky residue
Key Ingredients
Tri-Hyaluronic Acid: Delivers a blend of hydration
Niacinamide: Energizes skin
Panthenol + Allantoin: Moisturizes and calms under eyes","Water/Aqua/Eau, Glycerin, Acrylates Copolymer, Dipropylene Glycol, Niacinamide, Chondrus Crispus Powder, 1,2-Hexanediol, Ceratonia Siliqua (Carob) Gum, Lecithin, Escin, Beta-Sitosterol, Sodium Hyaluronate, Hyaluronic Acid, Hydrolyzed Hyaluronic Acid, Ascorbyl Glucoside, Adenosine, Betaine, Allantoin, Cellulose Gum, Panthenol, Xanthan Gum, Cyamopsis, Tetragonoloba (Guar) Gum, Glucomannan, Caprylyl Glycol, Potassium Chloride, Dextrin, Polyglyceryl-10 Laurate, Sodium Phytate, Dipotassium Glycyrrhizate, Butylene Glycol, Hydroxyacetophenone, Ethylhexylglycerin.","Prep eye area. Start with clean skin.
Place the patches. Remove film and smooth patches under eyes.
Watch it work. Leave on for 30+ minutes (or until gel turns clear).
Precautions: For external use only. Stop use if signs of irritation occur. Avoid direct contact with eyes. If contact occurs, rinse thoroughly with water."
pimprod2039174,The Ordinary,Natural Moisturizing Factors + Beta Glucan Lightweight Gel Moisturizer,Moisturizers,Face Moisturizer,$13.50,3.4 oz,https://media.ulta.com/i/ulta/2609860?w=100&h=100&fmt=auto,832 Reviews,"Benefits
A lightweight, gel-cream which provides topical delivery of skin-identical natural moisturizing factors, ceramides and beta glucan
Immediately boosts skin hydration *
After one application strengthens/improves skin barrier that is maintained throughout the day *
(*IEC France. 2022. Protective effect against water loss and moisturizing effect)
Key Ingredients
Beta Glucan
Natural Moisturizing Factors","Aqua (water), PPG-24-glycereth-24, Propanediol, Betaine, Beta-glucan, Arginine, Glycine, Alanine, Serine, Proline, Threonine, Glutamic Acid, Lysine Hcl, Glucose, Maltose, Fructose, Trehalose, Xylitol, Anhydroxylitol, Xylitylglucoside, Sodium Pca, Pca, Sodium Lactate, Urea, Allantoin, Sodium Hyaluronate, Phospholipids, Sphingolipids, Glycerin, Pentylene Glycol, Acrylates/c10-30 Alkyl Acrylate Crosspolymer, Sodium Hydroxide, Sodium Chloride, Sodium Citrate, Citric Acid, Tocopherol, P-anisic Acid, Aminomethyl Propanol, Phenoxyethanol, Chlorphenesin.","Apply a small amount to the face in the morning & evening. If irritation occurs, cease use and consult a physician. Use only as directed on unbroken skin. Patch testing prior to use is advised. Keep out of reach of children."
pimprod2017446,CeraVe,Travel Size Daily Moisturizing Lotion for Balanced to Dry Skin,Travel Size Men's Care,,$7.99,3.0 oz,https://media.ulta.com/i/ulta/2559602?w=100&h=100&fmt=auto,"18,513 Reviews","Benefits
Provides all day hydration and helps restore the skin's barrier with three essential ceramides
Lightweight moisturizing body and face lotion formula features hyaluronic acid to leave dry skin feeling smooth and comfortable
Suitable for use as a face lotion, body lotion and hand cream
Absorbs quickly to soften skin without leaving a greasy or sticky feel
Travel Size / Under TSA liquid limit
Ideal for normal / balanced to dry skin
Allergy-tested
Non-comedogenic
Accepted by the National Eczema Association
Developed with dermatologists
Key Ingredients
Ceramides: Essential for healthy skin, Ceramides are found naturally in the skin and help restore skin's natural barrier, helping to lock in moisture and keep harmful elements out.
Hyaluronic acid: This ingredient attracts hydration to the skin’s surface and helps the skin retain moisture
MVE Technology: A patented delivery system, continually releases moisturizing ingredients for all day hydration
Formulated Without
Fragrance
Parabens
Oil","Purified Water, Glycerin, Caprylic/Capric Triglyceride, Behentrimonium Methosulfate and Cetearyl Alcohol, Ceteareth-20 and Cetearyl alcohol, Cetyl Alcohol, Polyglyceryl-3-Diisosterate, Dimethicone, Hyaluronic Acid, Ceramide 1, Ceramide 3, Ceramide 6-II, Cholesterol, Phytosphingosine, Potassium Phosphate, Dipotassium phosphate, Methylparaben, Propylparaben, Disodium EDTA, Sodium Lauroyl Lactylate, Polysorbate 20, Carbomer, Xanthan Gum.","Apply liberally as often as needed, or as directed by physician.
Build your Travel Friendly Routine with CeraVe:
Cleanse:
Travel Size Foaming Facial Cleanser Cleanses and removes makeup & oil without disrupting the protective skin barrier. Gentle foaming action refreshes and cleanses skin, including removing excess oils.
Moisturize:
Travel Size Daily Moisturizing Body & Face Lotion Moisturizes and helps restore the protective skin barrier.
Treat:
Skin Renewing Vitamin C Serum 10% pure Vitamin C to help visibly brighten and even skin tone while providing antioxidant benefits.
Protect:
Ultra Light Moisturizing Lotion Moisturizes with a matte finish & helps restore the protective skin barrier."
pimprod2006476,Thayers,Alcohol-Free Witch Hazel Facial Toner,Cleansers,Toner,$10.95,Rose Petal,https://media.ulta.com/i/ulta/2540933?w=100&h=100&fmt=auto,"4,625 Reviews","Benefits
Helps to reduce visible pores, remove impurities, smooth texture and even skin tone while immediately hydrating and maintaining skin's moisture barrier
98 PERCENT NATURAL ORIGIN INGREDIENTS: Formulated with certified organic witch hazel, aloe vera, and rose water to balance, visibly tighten pores and soothe skin.
CLINICALLY TESTED: This face toner is clinically tested to immediately hydrate skin by 50 percent, visibly improve skin texture by 22 percent, and reduce the appearance of pores by 7 percent.
ALWAYS ALCOHOL-FREE: This alcohol-free face toner is non-drying and non-comedogenic leaving skin feeling balanced, hydrated, and soothed.
DERMATOLOGIST-TESTED: Thayers is dermatologist-tested for safety and backed by science. Thayers fuses natural plant ingredients with derm actives for real results to improve overall skin quality.
Key Ingredients
Witch Hazel to soothe the skin
Aloe Vera to hydrate
Rose Water to tighten pores and control oil
Research Results
After 1 use: skin feels nourished and balanced
After 1 week of use: skin looks radiant/glowy
Pores look smaller
Skin texture looks smoother and skin tone appears even","Aqua / Water / Eau, Glycerin, Hamamelis Virginiana Bark/Leaf/Twig Extract - Witch Hazel Bark/Leaf/Twig Extract, Rosa Damascena Flower Water, Aloe Barbadensis Leaf Extract, Potassium Hydroxide, Caprylyl Glycol, Citric Acid, Ethylhexylglycerin, Potassium Sorbate, Sodium Benzoate, Phenoxyethanol, Parfum / Fragrance, Geraniol, Citronellol (F.I.L. N296244/1).","Apply with a cotton ball or soft pad to cleanse, soften, refresh and moisturize skin. Use anytime throughout the day as a softening refresher."
pimprod2030935,Kopari Beauty,Sun Shield Body Glow Gel SPF 50,Suncare,Sunscreen,$42.00,5.0 oz,https://media.ulta.com/i/ulta/2592141?w=100&h=100&fmt=auto,870 Reviews,"Benefits
SPF 50 for primetime protection
Broad spectrum UVA/UVB protection
40 minute sweat and water-resistant
Luxurious and lightweight gel texture
Applies on clear, absorbs well into skin, non-greasy and will not stick
Easy, mess-free application
A blend of SPF protection, superfood oils, antioxidants and natural pearlescent minerals for safe sun protection and a hydrated glow
Infused with Kopari's signature sweet coconut milk scent
Clinically-tested, non-irritating, allergy-tested
Clean, Vegan, and Cruelty-Free
100% Recyclable
Key Ingredients
Macadamia Oils helps minimize UV irritation while antioxidant-rich Hibiscus Oil is known to protect & repair
Vitamin E helps calm and protect skin from environmental stressors
Moisturizing Avocado & Coconut Oils boost skin hydration and help reduce the appearance of fine lines and wrinkles
Sustainably sourced gold shimmer mica adds a subtle glow
Formulated Without
Paba
Silicone
Paraben
Phthalate
Sulfate","Octyldodecanol, C12-15 Alkyl Benzoate, Polyamide-3, Butyloctyl Salicylate, Octyldodecyl Neopentanoate, Persea Gratissima (Avocado) Oil, Hibiscus Sabdariffa Seed Oil, Cocos Nucifera (Coconut) Oil, Aleurites Moluccana Seed Oil, Macadamia Ternifolia Seed Oil, Tocopheryl Acetate, Fragrance (Parfum), Pentaerythrityl Tetra-di-t-butyl Hydroxyhydrocinnamate, Hexyl Cinnamal, Butylphenyl Methylpropional, Benzyl Salicylate, Linalool, CI 77019 (Mica), CI 77891 (Titanium Dioxide), CI 77491 (Iron Oxides).","Apply generously and evenly 15 minutes before sun exposure. REAPPLY: After 40 minutes of swimming or sweating immediately after towel drying. Sun Protection Measures: spending time in the sun increases your risk of skin cancer and early skin aging. To decrease this risk, regularly use a sunscreen with a Broad Spectrum SPF value of 15 or higher and other sun. protection measures including: Limit time in the sun, especially from 10 a.m.- 2 p.m.
Precautions: For external use only. Do not use on damaged or broken skin. When using this product, keep out of eyes. Rinse with water to remove. Stop use and ask a doctor if rash occurs. Keep out of reach of children. If product is swallowed, get medical help or contact a Poison Control Center right away. Children under 6 months: Ask doctor."
pimprod2048307,Vaseline,Lip Therapy Lip Balm,Lips,Lip Balms & Treatments,$3.99,Original,https://media.ulta.com/i/ulta/2633486?w=100&h=100&fmt=auto,16 Reviews,"Benefits
This lip treatment provides long-lasting moisturization and lip care, as Vaseline's pure petroleum jelly creates a protective barrier for lips.
Features
This lip balm gives lips a natural, glossy shine, helping heal dry and cracked lips.
Key Ingredients
Made from pure Vaseline Jelly, this lip moisturizer helps seal in moisture to soothe and heal lips with its lip repair properties.","Petrolatum, Yellow 5 Lake.","This lip balm has a non-sticky, non-greasy formula that makes it a lip moisturizer suitable for regular use; dab it on your dry lips as needed."
pimprod2043759,PEACH & LILY,Ultra Plush Rich Cream,K-Beauty,,$45.00,1.69 oz,https://media.ulta.com/i/ulta/2620276?w=100&h=100&fmt=auto,103 Reviews,"Benefits
Deeply relieves and quenches dry skin with an instant flood of moisture
Clinically proven to deliver 100 hours of hydration*
Transforms tight, flaky skin to soft, dewy skin with luxe nutrients and lipids
Supports the hydrolipid barrier and seals moisture deep within skin for an Ultra Plush glow
Replenishes moisture reservoirs (Aquaporins) and supports natural moisturizing factors
100% Worry Free: Peach & Lily formulas are non-toxic, alcohol-free, fragrance-free, & gluten-free
Key Ingredients
Aquaporin Boosters + Polyglutamic Acid: intelligently boost skin's moisture reservoirs for deep, long-lasting hydration
5% Glycerin + 5 Hyaluronic Acids: floods skin with moisture
Red Ginseng: rejuvenates dull, tired skin and fights signs of aging
Marula, Rosehip and Babassu Oil Blend: nourishes, protects and supports the lipid barrier
Tremella: celebrated for binding up to 500 times its weight in water, sinks in deep and imparts radiance from within
Research Results
Significantly increases skin hydration instantly*
Delivers 100 hours of hydration*
Improves the skin barrier within minutes*
*Based on instrumental clinical study by expert clinical graders","Water, Butylene Glycol, Glycerin, Hydrogenated Polyisobutene, Caprylic/Capric Triglyceride, Hydrogenated Polydecene, Cetearyl Alcohol, 1,2-Hexanediol, C10-18 Triglycerides, Polyglyceryl-3 Methylglucose Distearate, Cetyl Ethylhexanoate, Butyrospermum Parkii (Shea) Butter, Phytosphingosine, Squalane, Polyglutamic Acid, Panax Ginseng (Red Ginseng) Root Extract, Orbignya Oleifera Seed Oil, Sclerocarya Birrea Seed Oil, Limnanthes Alba (Meadowfoam) Seed Oil, Rosa Canina Fruit Oil, Panthenol, Sodium PCA, Hydrolyzed Hyaluronic Acid, Hydrolyzed Sodium Hyaluronate, Glucose, Hyaluronic Acid, Sodium Hyaluronate, Ceramide NP, Xylityglucoside, Anhydroxylitol, Xylitol, Arginine, Methionine, Cysteine, Palmitic Acid, Houttuynia Cordata Extract, Tremella Fuciformis (Mushroom) Extract, Hydrogenated Lecithin, Sodium Hyaluronate Crosspolymer, Phytosteryl Macadamiate, Adansonia Digitata Seed Extract, Sophora Angustifolia Root Extract, Punica Granatum Fruit Extract, Prunus Serotina (Wild Cherry) Fruit Extract, Vaccinium Macrocarpon (Cranberry) Fruit Extract, Portulaca Oleracea Extract, Lens Esculenta (Lentil) Fruit Extract, Malus Domestica Fruit Extract, Citrullus Lanatus (Watermelon) Fruit Extract, Gardenia Florida Fruit Extract, Stearic Acid, Cetearyl Olivate, Cetearyl Glucoside, Sorbitan Isostearate, Sorbitan Olivate, Glyceryl Stearate SE, Ethylhexyl Palmitate, Pentylene Glycol, Polyglyceryl-10 Laurate, Dextrin,Hydroxyethyl Acrylate/Sodium Acryloyldimethyl Taurate Copolymer, Polyacrylate-13, Carbomer, Ethylhexylglycerin, Caprylyl Glycol.","Massage onto clean skin as your moisturizer step. Use daily, AM and PM. For best results, apply after Super Oasis Concentrated Serum.
For external use only. Avoid contact with eyes. Keep out of reach of children. Store in a cool, dry place."
pimprod2013851,COSRX,Master Patch Hydrocolloid Patches Set,K-Beauty,,$19.00,,https://media.ulta.com/i/ulta/2561117?w=100&h=100&fmt=auto,290 Reviews,"Benefits
Protects blemishes from outside irritation and contaminants
Helps to reduce the appearance of redness
Helps absorb excess oil and pore impurities
Formulated without parabens, sulfates, phthalates or alcohol
Key Ingredients
Hydrocolloid Bandage: A medical-grade material that speeds healing and protects blemishes from bacteria
Includes
Acne Pimple Master Patch
Clear Fit Master Patch","Acne Pimple Master Patch: Cellulose Gum, Styrene Isoprene Styrene Block Copolymer, Polyisobutylene, Petroleum Resin, Polyurethane Film, Liquid Paraffin, Tetrakis Methane.
clear Fit Master Patch: Polyurethane Film, Cellulose Gum, Styrene Isoprene Styrene Block Copolymer, Polysobutylene, Petroleum Resin, Liquid Parrafin, Tetrakis Methane","After cleansing and toning, apply a small amount on your entire face and gently pat using fingertips to aid absorption. Follow with moisturizer.
Precautions: For external use only. Stop using and ask a doctor if a rash occurs. Keep unused covers in the plastic pouch. Store in a cool place and avoid direct sunlight exposure."
pimprod2023376,Loving Tan,Deluxe Face Tan,Suncare,Self-Tanning & Bronzing,$33.00,Dark,https://media.ulta.com/i/ulta/2579641?w=100&h=100&fmt=auto,206 Reviews,"Benefits
Designed specifically for your face & décolleté
Gentle formulation that leaves the skin softer and smoother
Tinted formula for flawless application and finish
Fast absorbing and luxuriously lightweight formula
Infused with powerful antioxidants
Allows you to build a deeper tan by reapplying daily until you reach your desired color
The perfect wear 'n' go product
Perfect match to your favorite Loving Tan Mousse
Best suited for Medium to Dark skin tones
Key Ingredients
Infused with Acai Berry, Pomegranate, Aloe Vera and Green Tea to protect your skin against free radicals and enhance your complexion
Formulated Without
Parabens","Water (Aqua), Iropropyl Myristate, Dihydroxyacetone, Cetearyl Alcohol, Glyceryl Stearate, Cetearyl Glucoside, Propanediol, Ceteareth-20, Aloe Barbadensis (Aloe Vera) Leaf Extract, Camellia Sinensis (Green Tea) Leaf Extract, Punica Granatum (Pomegranate) Fruit Extract, Euterpe Oleracea (Acai) Fruit Extract, Tocopheryl Acetate, Glycerin, Pentaerythrityl Tetra-di-t-butyl Hydroxyhydrocinnamate, Hydroxyethyl Acrylate/Sodium Acryloyldimethyl Taurate Copolymer, Sodium Metaisulfite, Fragrance (Parfum), Phenoxyethanol, Ethylhexylglycerin, Coumarin, Benzyl, Benzoate, Limonene, FD&C Red No.40 (Cl 16035), FD&C Blue No.1 (Cl 42090), FD&C Yellow No.5 (Cl 19140).","Spread evenly with fingertips over face and neck. Blend lightly into hairline avoiding eyes. Wash hands, fingers and nails immediately after application with warm soapy water. After two hours, gently rinse off and pat skin dry. For a deeper colour, can be left on longer. Build daily until the required depth of colour is achieved."
pimprod2034142,MAËLYS,B-THICC Booty Enhancing Mask,Treatment & Serums,Body Treatments,$49.00,3.38 oz,https://media.ulta.com/i/ulta/2598315?w=100&h=100&fmt=auto,"3,907 Reviews","Benefits
Promotes a plump-looking booty
Invigorates skin for a smoother and tighter look
Free of: Parabens, SLS, and Phthalates
Key Ingredients
Mix of Mangosteen, Algae & Quince: Helps skin appear visually full and plump
Patented Glucose Complex: Helps to make the skin appear tighter and smoother
Grape Seed Oil: Brings ultimate nourishment for supple-looking skin
Research Results
MAËLYS formulas go through rigorous clinical trials conducted on panels of real women. The trial found that B-THICC is:
Clinically proven to significantly firm the skin the booty area*
Clinically proven to visibly improve skin elasticity*
*Based on a 56-day clinical trial with 32 participants
100% Saw a smoother-looking booty**
100% Saw a firmer-looking booty**
97% saw a plumper-looking booty**
**Self-assessment on 32 participants after 56 day","Water (Aqua), Glycerin, Cetearyl Alcohol, Ethylhexyl Palmitate, Synthetic Beeswax, Xylitylglucoside, Anhydroxylitol, Sodium Polyacrylate Starch, Glyceryl Stearate, Glyceryl Stearate SE, PEG-100 Stearate, Phenoxyethanol, Vitis Vinifera (Grape) Seed Oil, Xylitol, Caprylyl Glycol, Dimethicone, Hydroxyethyl Acrylate/Sodium Acryloyldimethyl Taurate Copolymer, Fragrance (Parfum), Alcohol Denat., Glucose, Xanthan Gum, Chlorella Vulgaris/Lupinus Alba Protein Ferment, Garcinia Mangostana Peel Extract, Pyrus Cydonia Seed Extract, Limonene, Sodium Benzoate, Panthenol, Sodium Hyaluronate, Disodium EDTA, Potassium Sorbate, Maltodextrin, Linalool, Blue 1 (CI 42090).","Apply a generous layer all over the booty area. Massage into the skin in circular motions until fully absorbed. Use twice daily for best results.
Boost Your Regimen! Use with leave-on B-TIGHT Lift & Firm Booty Mask for the perfect pair."
pimprod2045564,dearcloud,Tone Blur Essence Sunscreen SPF 50+ PA++++,Suncare,Sunscreen,$18.00,1.69 oz,https://media.ulta.com/i/ulta/2625740?w=100&h=100&fmt=auto,87 Reviews,"Benefits
Broad Spectrum UVA and UVB Protection
Lightweight cream formula for a skin-blurring effect
No white cast For face and body
Suitable for all skin types and sensitive skin
Made in Korea
Key Ingredients
Cica: Helps soften the appearance of dark spots and blemishes
Aloe: Rich in cooling and moisturizing properties
SPF 50/PA++++: Broad spectrum protection against UVA and UVB rays
Formulated Without
Paraben
Sulfate","Active: Avobenzone 3%, Homosalate 10%, Octocrylene 8.7%, Octisalate 5%.
Inactive Ingredients: Water, Butyloctyl Salicylate, Dicaprylyl Carbonate, Cetearyl Alcohol, Cetearyl Glucoside, Dipropylene Glycol, Sorbitan Olivate, Poly C10-30 Alkyl Acrylate, Polymethylsilsesquioxane, Niacinamide, Benzyl Glycol, Glyceryl Stearate SE, Panthenol, Arginine, Carbomer, Tocopherol, Butylene Glycol, Xanthan Gum, Hydroxypropyl Methylcellulose Stearoxy Ether, Ethylhexylglycerin, Glycerin, Adenosine, Ethyl Hexanediol, 1,2-Hexanediol, Centella Asiatica Extract, Madecassic Acid, Asiaticoside, Asiatic Acid, Aloe Barbadensis Leaf Juice, Sodium Hyaluronate.","Apply 30 minutes before sun exposure to ensure your skin has absorbed the SPF essence.
Use as the last step in your skincare routine, before applying any makeup.
Squeeze out enough to cover the length of two fingers.
Apply to face, décolletage, ears, and body.
Precautions: Effectiveness may vary per skin type. For external use only. Stop use immediately and consult a physician if irritation occurs."
pimprod2033958,Clinique,Skin School Supplies: Cleanser Refresher Course Set - Dry Combination,By Category,Skin Gifts,$18.00,,https://media.ulta.com/i/ulta/2598062?w=100&h=100&fmt=auto,31 Reviews,"Benefits
Skin Types: Dry Combination
This kit includes everything you need to upgrade your cleansing routine to Clinique's signature 3-step system.
Includes
All About Clean Liquid Facial Soap Mild (1.0 oz)
Clarifying Lotion 2 Twice A Day Exfoliator (2.0 oz)
Dramatically Different Moisturizing Lotion+ (1.0 oz)",See packaging for full ingredient listing.,
pimprod2047172,Estée Lauder,Advanced Night Repair Skincare Starter Set,By Category,Skin Gifts,$45.00,,https://media.ulta.com/i/ulta/2628915?w=100&h=100&fmt=auto,21 Reviews,"Benefits
School is in session and here's your first lesson. Target the skin-aging effects of lack of sleep with these high-performance skincare essentials. Use daily to experience powerful nighttime renewal to stand out and glow.
Advanced Night Cleansing Gelée washes away makeup and impurities from skin's surface, without stripping or disturbing the moisture barrier. Helps skin feel soft, comfortable, balanced.
Advanced Night Repair Serum helps skin look smoother and less lined, younger, more radiant and even toned with continued use.
Revitalizing Supreme+ Moisturizer significantly improves skin's firmness, density and elasticity for a firmer feel and more lifted look.
Over time, Advanced Night Repair Eye Supercharged Gel-Creme significantly reduces the look of lines, wrinkles, undereye puffiness and dark circles.
Includes
Travel Size Advanced Night Cleansing Gelée with 15 Amino Acids (1.0 oz)
Travel Size Advanced Night Repair Synchronized Multi-Recovery Complex (0.24 oz)
Travel Size Revitalizing Supreme+ Youth Power Creme (0.5 oz)
Travel Size Advanced Night Repair Eye Supercharged Gel-Creme Synchronized Multi-Recovery (0.17 oz)",See packaging for details.,"Step 1: AM and PM massage Advanced Night Cleansing Gelée gently over damp skin. Rinse thoroughly with warm water. Avoid eye area.
Step 2: Apply Advanced Night Repair Serum AM and PM on clean skin before your moisturizer.
Step 3: Apply Revitalizing Supreme+ Face Creme all over face and neck, AM and PM.
Step 4: Apply Advanced Night Repair Eye Supercharged Gel-Creme AM and PM around eye area."
pimprod2033800,OSEA,Ocean Eyes Age-Defying Eye Serum,Eye Treatments,Eye Serums,$58.00,0.58 oz,https://media.ulta.com/i/ulta/2598942?w=100&h=100&fmt=auto,717 Reviews,"Benefits
Hydrates delicate skin around the eyes
Reduces appearance of dark circles, eye puffiness and under eye bags
Visibly smooths the look of fine lines and crow's feet
Skin around the eyes look brighter, healthier, and firmer
Cooling roller ball applicator awakens the entire eye area
Sustainably packaged: Roll-on bottle is made of frosted glass.
Key Ingredients
Seaweed: a seaweed blend of Undaria and red algae brightens skin under the eyes and erases the look of fatigue by reducing the look of crow’s feet and under eye bags
Caffeine: Smooths and reduces the look of crow’s feet.
Bark and Plant extract: a plant extract blend that improves the appearance of dark circles
Peptide: a biomimetic tetrapeptide that smooths the look of fine lines and wrinkles
Quinoa: clinically tested quinoa extract that acts as a peptide to reduce puffiness under the eyes
Hyaluronic Acid: helps hydrate the skin
Research Results
After 1 use: 87% agreed skin around the eyes feels immediately hydrated.*
After 2 weeks: 97% agreed skin around the eyes looked firmer, healthier, & more awake, 97% agreed skin felt smoother.*
After 4 weeks: 97% agreed eye area looked brighter & dark circles less noticeable, 94% agreed it reduced the look of under eye bags & puffiness, 94% agreed lines, crow’s feet, & wrinkles looked less visible.*
*Based on a third-party consumer perception study conducted over 4 weeks on 31 women ages 37-65.","Water / Aqua / Eau, Glycerin , Undaria Pinnatifida Extract, Corallina Officinalis Extract, Caprooyl Tetrapeptide-3, Chenopodium Quinoa Seed Extract, Caffeine, Sodium Hyaluronate, Albizia Julibrissin Bark Extract, Dextran, Darutoside, Hydrolyzed Gardenia Florida Extract, Maltodextrin, Sodium Benzoate, Potassium Sorbate, Citric Acid, Lonicera Japonica (Honeysuckle) Flower Extract, Lonicera Caprifolium (Honeysuckle) Flower Extract.",Gently roll and massage from the inner to outer corner of the under-eye area 2-3 times. Use morning and night. Keep out of eyes.
pimprod2037705,First Aid Beauty,Bye Bye Bumps Body Gift Set,By Category,Skin Gifts,$30.00,,https://media.ulta.com/i/ulta/2607041?w=100&h=100&fmt=auto,17 Reviews,"Benefits
Say bye-bye to bumps and hello to smooth, FAB skin with this body essentials kit
Exfoliate using KP Bump Eraser Body Scrub with 10% AHA to slough away rough, dry bumps
On non-scrub days, hydrate using KP Smoothing Body Lotion with 10% AHA which combines the benefits of a chemical exfoliant & moisturizer
Eliminate angry razor burn & painful ingrown hairs while preventing new ones from popping up with Ingrown Hair Pads
Includes
KP Bump Eraser Body Scrub (4.0 oz)
Ingrown Hair Pads (28 ct)
KP Smoothing Body Lotion (1.0 oz)","10% AHA KP Smoothing Body Scrub GLOBAL IL: Pumice, Aqua/Water/Eau, Glycolic Acid, Sodium Cocoyl Isethionate, Lactic Acid,  Dimethicone, Stearic Acid, Cetearyl Alcohol, Sodium Hydroxide, Palmitic Acid, Glycerin, C12-15 Alkyl Benzoate, Sorbitol, Colloidal Oatmeal, Tocopherol, Chrysanthemum Parthenium (Feverfew) Extract, Camellia Sinensis Leaf Extract, Glycyrrhiza Glabra (Licorice) Root Extract, Salix Nigra (Willow) Bark Extract,  Bisabolol,  Hydrogenated Coconut Acid, Xanthan Gum, Steareth-20, Steareth-21, Myristic Acid, Sodium Isethionate, Phenoxyethanol, Potassium Sorbate, Sodium Benzoate, Leuconostoc/Radish Root Ferment Filtrate, EDTA .
KP Smoothing Lotion: Aqua (Water, Eau), Lactic Acid, Propanediol, C12-15 Alkyl Benzoate, Caprylic/Capric Triglyceride, Silica, Sodium Hydroxide, Palmitic Acid, Dimethicone, Stearic Acid, Glyceryl Stearate, Glyceryl Stearate SE, Glycerin, Urea, Allantoin, Colloidal Oatmeal, Ceramide NP, Camellia Sinensis Leaf Extract, Glycyrrhiza Glabra (Licorice) Root Extract, Chrysanthemum Parthenium (Feverfew) Extract, Sodium Phytate, Sodium PCA, Xanthan Gum, Cetearyl Alcohol, Phenoxyethanol, Potassium Sorbate, Sodium Benzoate, Tetrasodium EDTA.
Ingrown Hair Pads: Aqua (Water, Eau), Polysorbate 20, Glycerin, Hamamelis Virginiana (Witch Hazel), Water, Glycolic Acid, Salicylic Acid, Sodium Hydroxide, Camellia Sinensis Leaf Extract, Glycyrrhiza Glabra (Licorice) Root Extract, Chrysanthemum Parthenium (Feverfew) Extract, Aloe Barbadensis Leaf Juice, Sodium PCA, Bisabolol, Phenoxyethanol, Potassium Sorbate, Sodium Benzoate, Benzoic Acid, Tetrasodium EDTA, Citric Acid.","KP Bump Eraser Body Scrub with 10% AHA:
After cleansing, apply onto wet skin and gently massage with fingertips onto problem areas.
Rinse and pat dry.
Follow with moisturizer.
Use 1-2 times a week as tolerated.
KP Smoothing Body Lotion with 10% AHA:
Apply daily to clean, dry skin all over body or problem areas.
Not intended for facial use.
Ingrown Hair Pads:
Swipe pad over clean, dry skin daily. Begin using day after shaving or waxing.
Precautions: KP Bump Eraser Body Scrub with 10% AHA:
Not intended for facial use. Use only as directed.
Avoid contact with eyes. If contact occurs, rinse well with water. If irritation persists, discontinue use and consult a physician. Keep out of reach of children.
Anyone can use this product. A patch test is recommended for those with sensitive skin.
Sunburn Alert: This product contains Glycolic and Lactic Acids that may increase your skin's sensitivity to the sun and particularly the possibility of sunburn. Use sunscreen, wear protective clothing, and limit sun exposure while using this product and for a week afterwards.
KP Smoothing Body Lotion with 10% AHA:
Avoid contact with eyes. If contact occurs, rinse well with water. If irritation persists, discontinue use and consult a physician. Keep out of reach of children.
Sunburn Alert: This product contains Glycolic and Lactic Acids that may increase your skin's sensitivity to the sun and particularly the possibility of sunburn. Use sunscreen, wear protective clothing, and limit sun exposure while using this product and for a week afterwards.
Ingrown Hair Pads:
Sunburn Alert: This product contains Glycolic and Lactic Acids that may increase your skin's sensitivity to the sun and particularly the possibility of sunburn. Use sunscreen, wear protective clothing, and limit sun exposure while using this product and for a week afterwards."
pimprod2034179,Kopari Beauty,Moisture Whipped Ceramide Cream,Moisturizers,Face Moisturizer,$42.00,2.1 oz,https://media.ulta.com/i/ulta/2597743?w=100&h=100&fmt=auto,480 Reviews,"Benefits
Replenishes dry skin
Restores and maintains skin's moisture barrier while preventing moisture loss
Layers under makeup and sunscreen (no pilling)
Dermatologist-Tested
Lightweight, non-comedogenic formula
Colorant-free
Fragrance-free
For normal to dry skin types
Can be used day and night
Key Ingredients
Ceramides: These plant-derived ceramides help soothe and protect the moisture balance of the skin, while protecting against water loss
Hyaluronic Acid: Known for moisture retention that helps to increase hydration in the skin
Vegan Desert Milk: This lightweight milk is derived from seed oil from the Baobab Tree & Kalahari Melon and helps to hydrate, soften and smooth skin
Whipped Coconut Milk: Antioxidant-rich ingredient helps hydrate and is known to soothe and shield skin from free radicals
Research Results
Clinically proven to provide 72 hours of hydration*
*Up to 72 hours of hydration as measured by a corneometer, in an independent clinical study with 26 panelists","Water/Aqua/Eau, Glycerin, Caprylic/Capric Triglyceride, Octyldodecanol, Dicaprylyl Ether, 2,3-Butanediol, Glyceryl Stearate Citrate, Cetearyl Alcohol, 1,2-Hexanediol, Squalane, Butyrospermum Parkii (Shea) Butter, Behenyl Alcohol, Hydrogenated Lecithin, Polyglyceryl-10 Stearate, Sodium Polyacrylate, Behenic Acid, Stearic Acid, Stearyl Alcohol, Cocos Nucifera (Coconut) Fruit Extract, Myristic Acid, Simmondsia Chinensis (Jojoba) Seed Oil, Ceramide NP, Triethylhexanoin, Phospholipids, Ethylhexylglycerin, Hydrogenated Polydecene, Adansonia Digitata Seed Oil, Citrullus Lanatus (Watermelon) Seed Oil, Glyceryl Undecylenate, Glyceryl Caprylate, Cholesterol, Propanediol, Phytosphingosine, Tocopherol, Aloe Barbadensis Leaf Juice, Adansonia Digitata Fruit Extract, Xanthan Gum, Sodium Hyaluronate.","Apply a quarter-sized amount to face, after cleansing and toning. Can be used day and night for ultimate barrier protection and hydration."
pimprod2033960,Clinique,Skin School Supplies: Glowing Skin Essentials Set,By Category,Skin Gifts,$20.00,,https://media.ulta.com/i/ulta/2598064?w=100&h=100&fmt=auto,49 Reviews,"Benefits
All Skin Types
Your glow-to routine for round-the-clock radiance.
On the Go: Mist. Bursting with moisture and activated aloe water, Moisture Surge Face Spray immediately hydrates, softening and soothing skin in a flash.
Overnight: Mask. Moisture Surge Overnight Mask replenishes all night long, so you'll wake up to soft, dewy, glowing skin.
Paraben-free. Phthalate-free. Fragrance free.
Includes
Moisture Surge 100H Auto-Replenishing Hydrator (0.5 oz)
Moisture Surge Overnight Mask (1.0 oz)
Moisture Surge Face Spray (1.0 oz)",See packaging for full ingredient listing.,
pimprod2004242,Lancôme,UV Expert Defense SPF 50+ Primer & Moisturizer,Face,Face Primer,$48.00,1.0 oz,https://media.ulta.com/i/ulta/2541521?w=100&h=100&fmt=auto,916 Reviews,"Features
Made with antioxidant-rich Vitamin E, Moringa seed extract, and Edelweiss, this lightweight moisturizer with SPF 50 works as a face sunscreen and makeup primer to hydrate, prime, and help protect the skin in one easy step.
Hydrates and soothes the skin, leaving it with a healthy-looking glow.
Uses broad spectrum SPF 50 sunscreen protection and offers a comfortable, fast-absorbing texture. It helps protect skin as the # 1 selling prestige SPF 50 in-sun face product.**
Sun Protection: Provides SPF 50 protection that helps prevent sunburn and decreases the risk of skin cancer and early skin aging caused by the sun.*
Lightweight Texture Experience: The cooling Aquagel texture transforms into a water-like gel that is highly breathable and absorbs quickly into the skin with no white cast or greasy residue.
Suitable for all skin types, including sensitive skin.
*If used as directed with other sun protection measures.
**Source: The NPD Group/U.S. Prestige Beauty Total Measured Market, Skincare Unit Sales, Annual 2021.
Key Ingredients
Vitamin E: Known for its antioxidant properties that can help protect skin from the sun
Moringa Extract: Known for its powerful antioxidant properties
Edelweiss: Known to enhance skin's resistance to external aggressors
*Product benefits are based on product formula testing, not on the individual ingredients
Paraben-free, mineral oil-free
Benefits
Instantly*:
93% say skin feels more hydrated
90% agree skin feels softer
82% say that product does not leave a white appearance on the skin
After four weeks*:
93% agree skin feels smoother
86% say skin tone looks more even
85% agree skin appears more radiant, with a healthy-looking glow
*Based on self-assessment results in a 4-week consumer study with 88 women","Active: Avobenzone 3%, Homosalate 15%, Octisalate 5%, Octocrylene 7%. Inactive: Water, Alcohol Denat, Styrene/Acrylates Copolymer, Dimethicone, Acrylates/Dimethicone Copolymer, Tocopherol, Dicaprylyl Ether, Sodium Polyacrylate, Sodium Dodecylbenzenesulfonate, Sodium Benzoate, Diethylhexyl Syringylidenemalonate, Phenoxyethanol, PEG-8 Laurate, Trisodium Ethylenediamine Disuccinate, Menthyl Lactate, Pentylene Glycol, Mentha Piperita (Peppermint) Extract, Xanthan Gum, Propanediol, Leontopodium Alpinum Flower/Leaf Extract, Caprylyl Glycol, Caprylic/Capric Triglyceride, Acrylates/C10-30 Alkyl Acrylate Crosspolymer, Moringa Oleifera Seed Extract, Rosa Meichibon/Delgramaue Callus, Disodium Phosphate, Citric Acid, Potassium Sorbate, Glycerin, Fragrance, (F.I.L. C262576/1).","Use daily after cleansing as an all-in-one face sunscreen, moisturizer, and makeup primer.
For a no-makeup look or a day in the sun, apply evenly across all facial zones.
If wearing makeup, use as a makeup primer before applying foundation."
pimprod2049910,Coco & Eve,Bronzing Face Drops,Suncare,Self-Tanning & Bronzing,$28.00,Medium Glow,https://media.ulta.com/i/ulta/2635173?w=100&h=100&fmt=auto,14 Reviews,"Benefits
Natural, Glowing Tan with Skincare Benefits: Achieve a gradual, sun-kissed glow while deeply moisturizing and plumping your skin for a radiant, healthy complexion.
Bali Botanicals for Supple Skin: Coconut Water firms and smooths, while Banana and Dragon Fruit boost hydration and improve skin texture.
Non-Drying, Gentle Formula: Alcohol-free, lightweight, and non-comedogenic, ensuring a streak-free, natural finish that’s suitable for all skin types.
Key Ingredients
Natural DHA: Gradually develops a natural, sun-kissed tan, delivering a radiant glow with gentle, non-drying effect.
Bali Botanicals (Coconut Water, Banana, Dragon Fruit): A powerful blend that firms, smooths, hydrates, and repairs skin, boosting radiance and improving texture for a healthy, glowing finish.","Aqua/Water/Eau, Dihydroxyacetone, Erythrulose, Propanediol, Polyglyceryl-4 Laurate/Sebacate, Polyglyceryl-6 Caprylate/Caprate, Hylocereus Undatus Fruit Extract, Musa Sapientum (Banana) Fruit Extract, Cocos Nucifera (Coconut) Fruit Extract, Hyaluronic Acid, Hydrolyzed Hyaluronic Acid, Sodium Hyaluronate, Sodium Hyaluronate Crosspolymer, Hydrolyzed Glycosaminoglycans, Tocopherol, Citrus Nobilis (Mandarin Orange) Peel Oil, Helianthus Annuus (Sunflower) Seed Oil, Glycerin, Hydroxyethyl Acrylate/Sodium Acryloyldimethyl Taurate Copolymer, Citric Acid, Parfum/Fragrance, Phenoxyethanol, Sodium Benzoate, Potassium Sorbate, Ethylhexylglycerin, Sodium Metabisulfite, CI 16035/ D&C Red No. 40.","Add 2-3 drops into your moisturizer. Mix well, then apply evenly on face, neck and décolleté. Wash hands thoroughly after use.
Precautions: Do not apply to sore, broken, irritated or sensitive skin. Avoid contact with eyes. This product does not contain a sunscreen and does not protect against sunburn. Repeated exposure of unprotected skin while tanning may increase the risk of skin aging, skin cancer, and other harmful effects to the skin even if you do not burn. Stop using this product if you develop redness or itching."
pimprod2045121,OSEA,Hyaluronic Body Serum,Treatment & Serums,Body Treatments,$48.00,4.0 oz,https://media.ulta.com/i/ulta/2624311?w=100&h=100&fmt=auto,884 Reviews,"Benefits
Ultra-hydrating daily body treatment
Instantly boosts hydration by 161% and improves skin’s natural moisture barrier
Visibly smooths and delivers 24 hours of non-stop moisture
5 weights of hyaluronic acid deliver multi-surface layer hydration
Use alone or as a prep step to help maximize your skincare results
Lightweight, fast-absorbing, fragrance-free and oil-free
Recognized by the National Eczema Association with the Seal of Acceptance
Sustainably packaged: Bottle is made of frosted glass and pump is made with 50% PCR (post-consumer recycled) plastic.
Key Ingredients
5 Molecular Weights of Hyaluronic Acid: This high-performance blend includes 5 molecular weights of hyaluronic acid to visibly plump skin and boost hydration.
Niacinamide (Vitamin B3): Hydrates and visibly smooths skin.
Vegan Peptides + Green Microalgae: Hydrate, moisturize, nourish and plump skin.
Blue-Green Algae: This sustainable superfood helps replenish essential minerals in the skin.
Aloe: Delivers an immediate boost in hydration to the epidermis, the driest layer of skin, and improves skin's moisture barrier.
Research Results
Instantly boosts hydration by 161%*
Instantly improves skin’s natural moisture barrier*
Delivers 24 hours of non-stop moisture*
97% agreed skin looked hydrated**
90% agreed skin felt smoother**
*Based on a third-party clinical study after 1 use.
**Based on a third-party consumer study after 1 week.","Water, Propanediol, Propanediol Dicaprylate/Caprate, Glycerin, Coconut Alkanes, Spirulina Platensis Extract, Niacinamide, Caffeine, Ammonium Acryloyldimethyltaurate/VP Copolymer, Betaine, Haematococcus Pluvialis Extract, Hydrolyzed Haematococcus Pluvialis Amino Acids, Codium Fragile Extract, Aloe Barbadensis Leaf Juice, Sodium Hyaluronate, Hydrolyzed Glycosaminoglycans, Hydrolyzed Hyaluronic Acid, Hyaluronic Acid, Tremella Fuciformis Polysaccharide, Polyglutamic Acid, Lactobacillus Ferment, Coco-Caprylate/Caprate, Cetearyl Olivate, Sorbitan Olivate, 1,2-Hexanediol, Xanthan Gum, Ethylhexylglycerin, Trisodium Ethylenediamine Disuccinate, Citric Acid, Potassium Sorbate, Caprylhydroxamic Acid, Sodium Benzoate, Phenoxyethanol, Sodium Copper Chlorophyllin.","Apply to clean skin, from the neck down. Use alone or allow product to absorb, then layer on your OSEA body moisturizer of choice to help maximize your skincare results. Can be applied to dry or damp skin. Use morning and night. Don't use on broken or blistered skin."
pimprod2004522,ELEMIS,Pro-Collagen Marine Cream SPF 30,Moisturizers,Face Moisturizer,$140.00,1.6 oz,https://media.ulta.com/i/ulta/2545254?w=100&h=100&fmt=auto,941 Reviews,"Benefits
Great for: Visible Signs of Aging, Dryness, Dullness, Wrinkles
Helps to: Reduce Lines and Wrinkles, Hydrate, Smooth
The award-winning anti-aging moisturiser, Pro-Collagen Marine Cream with added broadspectrum sun protection SPF 30
No sunscreen feel: Lightweight gel-cream texture deeply hydrates without leaving a greasy residue
No sunscreen scent: Infused with rose and mimosa for a delicate floral aroma that delights the senses
Clinically proven: Significantly reduces the appearance of fine lines and wrinkles in just 2 weeks*
Daily defense: Protects skin from future signs of UV-induced aging with SPF 30
Deep hydration: Instantly boosts moisture levels by up to 253% in just 1 hour for hydration that lasts all day*
Marine-powered formula: Enriched with potent marine and plant actives—including Padina Pavonica, Chlorella, and Ginkgo Biloba—to help improve skin firmness and promote a smooth, radiant appearance
Research Results
Increases hydration by up to 253% in 1 hour*
Clinically proven to deliver instant and 24-hour hydration*
Clinically proven to significantly reduce the appearance of fine lines and wrinkles in 14 days**
100% agreed fine lines and wrinkles appeared dramatically reduced***
*Independent Clinical Trial 2016, results based on 15 people over 24 hours.
**Independent Clinical Trial 2016, results based on 30
***Independent User Trials 2016. Results based on 30 people over 4 weeks.
Key Ingredients
Padina Pavonica: A moisture-boosting, brown macro-algae found on the Mediterranean coast is rich in polysaccharides that quenches skin with moisture for a visibly radiant complexion.
Chlorella: A nutrient and antioxidant-rich green microalgae that soothes and hydrates skin while protecting it from environmental stressors. It is known to help improve skin's overall health and leaves skin feeling firmer and looking radiant. Sustainably sourced.
Ginkgo Biloba: An antioxidant-rich algae that helps protect the skin from everyday stressors that cause premature signs of aging. It also helps calm and soothe skin.","Active: Avobenzone 1.0%, Octionoxate 1.0%, Octocrylene 0.5%.
Inactive: Aqua/Water/Eau, Glycerin, Caprylic/Capric Triglyceride, Glyceryl Stearate SE, Isononyl Isononanoate, Dicaprylyl Carbonate, Dimethicone, Butyl Methoxydibenzoylmethane, Ethylhexyl Methoxycinnamate, Phenoxyethanol, Polyacrylate-13, Butylene Glycol, Cetyl Alcohol, Hydroxyacetophenone, Octocrylene, Stearic Acid, Tocopheryl Acetate, CocoCaprylate, Xanthan Gum, Chlorphenesin, Polyisobutene, Fragrance (Parfum), Disodium EDTA, Lecithin, Tocopherol, Butyrospermum Parkii (Shea) Butter, Citric Acid, Daucus Carota Sativa (Carrot) Root Extract, Triticum Vulgare (Wheat) Germ Oil, Chlorella Vulgaris Extract, Glyceryl Polyacrylate, Benzyl Benzoate, Glyceryl Acrylate/Acrylic Acid Copolymer, Padina Pavonica Thallus Extract, Sodium Dehydroacetate, Polysorbate 20, Sorbitan Isostearate, Ginkgo Biloba Leaf Extract, Porphyridium Cruentum Extract, Dipropylene Glycol, Citronellol, Geraniol, Hydroxycitronellal, Citrus Limon (Lemon) Peel Oil, Limonene, Potassium Sorbate, Sodium Benzoate, Citrus Aurantium Amara (Bitter Orange) Peel Oil.","Use daily in the morning after cleansing. Scoop cream and warm between palms. Massage onto face, neck, and décolleté in upward strokes.
Precautions: For external use only. Do not use on damaged or broken skin. When using this product, keep out of eyes. Rinse with water to remove. Stop use and ask doctor if rash occurs. Keep out of reach of children. If swallowed, get medical help or contact a Poison Control Center right away. Children under 6 months of age: Ask a doctor."
pimprod2037342,Vacation,Classic Spray SPF 50 Sunscreen,Suncare,Sunscreen,$19.00,6.0 oz,https://media.ulta.com/i/ulta/2606405?w=100&h=100&fmt=auto,151 Reviews,"Benefits
Broad spectrum SPF 50 protection against the sun's harmful UVA and UVB rays
Water-resistant (80 minutes)
Continuous spray application
Lightweight feel
""Classic"" formulation process to update everything that you love about sunscreens of the past with the best of modern skincare science
Transparent on all skin tones
Award-winning scent developed with Carlos Huber and Rodrigo Flores-Roux, the perfumers behind ARQUISTE Parfumeur and the St. Regis Hotel
Scent combines notes of coconut, banana, pool water, pool toy and swimsuit Lycra: all of your best sunscreen summer memories
Dermatologist tested
Manufactured in the USA
Comes with its own radio station
Every Vacation formula is dermatologist tested and reviewed by toxicologists to ensure world-class protection
Key Ingredients
Coconut Oil - A lightweight, natural hydrator to combat the drying effects of the summer sun
Aloe Vera - A naturally occurring cocktail of antioxidants that soothe and hydrate sun-kissed skin
Banana Extract - A hydrating and skin-refining touch of the tropics
Shea Oil - A rich, emollient oil to help keep skin feeling soft and smooth
Vitamin E - A vitamin renowned for its ability to replenish sun-exposed skin
Formulated Without
Oxybenzone, Octinoxate, Parabens, Phthalates, PEGs, Beeswax, Mineral Oil","Active Ingredients: Avobenzone (2.9%), Homosalate (8.8%), Octisalate (4.9%), Octocrylene (8.6%).
Inactive Ingredients: Acrylates/Octylacrylamide Copolymer, Alcohol Denat, Aloe Barbadensis (Aloe Vera) Leaf Extract, Butyloctyl Salicylate, Butyrospermum Parkii (Shea) Oil, Carthamus Tinctorius (Safflower) Seed Oil, Cocos Nucifera (Coconut) Extract, Diisopropyl Adipate, Ethylhexyl Methoxycrylene, Fragrance, Musa Sapientum (Banana) Fruit Extract, Polyester-8, Tocopherol (Vitamin E).","Apply liberally 15 minutes before sun exposure. Reapply after 80 minutes of swimming or sweating or immediately after towel drying. Reapply at least every two hours.
Precautions: For external use only. Do not use on damaged or broken skin. Keep away from the eyes. Rinse with water to remove. If a rash develops, stop use and seek medical attention. Keep out of reach of children. In case of ingestion, get medical help or contact a Poison Control Center right away."
pimprod2007859,SUNDAY RILEY,Auto Correct Brightening and Depuffing Eye Cream,Eye Treatments,Eye Cream,$65.00,0.5 oz,https://media.ulta.com/i/ulta/2550165?w=100&h=100&fmt=auto,614 Reviews,"Benefits
Banishes the appearance of tired looking eyes
Smooths the appearance of crow's feet and fine lines
Rapidly reduces the appearance of dark circles and fine lines
Gives you the look of 8 hours of sleep in 1 application
Good for all skin types
Vegetarian
Cruelty-free
Key Ingredients
Caffeine rapidly reduces the appearance of puffiness and dark circles, for a refined, brighter looking eye area
Brazilian ginseng root extract diminishes the appearance of eye contour puffiness
Concentrated horse chestnut and acmella oleracea extracts smooth the appearance of crow's feet and fine lines, while giving an instantly lifted look
Antioxidant-rich lutein provides a radiant glow to the fragile skin around the eye
Cocoa and shea butter plump the skin with moisture
Watermelon rind extract and sodium PCA infuse hydration into the skin and improves the skin moisture barrier
Formulated Without
Parabens, sulfates, gluten, phthalates, soy, and artificial fragrance","Water/Eau/Aqua, Caprylyl Caprylate/Caprate, PEG-8 Beeswax, Polyglyceryl-6 Distearate, Dimethicone, C10-18 Triglycerides, Synthetic Fluorphlogopite, Glycerin, Phenyl Trimethicone, Trimethylsiloxysilicate, Hydroxyethyl Acrylate/Sodium Acryloyldimethyl Taurate Copolymer, Jojoba Esters, Polypropylsilsesquioxane, Methylpropanediol, Caffeine, Citrullus Lanatus (Watermelon) Fruit Extract, Butyrospermum Parkii (Shea) Butter, Theobroma Cacao (Cocoa) Seed Butter, Aesculus Hippocastanum (Horse Chestnut) Extract, Coffea Arabica (Coffee) Seed Extract, Ptychopetalum Olacoides Bark/Stem Extract, Pfaffia Paniculata (Brazilian Ginseng) Root Extract, Acmella Oleracea Extract, Cocos Nucifera (Coconut) Fruit Water, Pyrus Malus (Apple) Fruit Extract, Lens Esculenta (Lentil) Fruit Extract, Lilium Candidum (Madonna Lily) Flower Extract, Xanthophyll, Sodium PCA, Sodium Lactate, Fructose, Sodium Phytate, Polyglyceryl-3 Beeswax, Propanediol, Polysilicone-11, Caprylyl Glycol, Phenoxyethanol, Silica, Mica, Titanium Dioxide (CI 77891), Carthamus Tinctorius (Safflower) Seed Oil, Triethyl Citrate, Cetyl Alcohol, Caprylyl/Capryl Glucoside, Tocopherol, Maltodextrin, Trehalose, Benzoic Acid, Lecithin, Polysorbate 60, Sorbitan Isostearate, Potassium Sorbate, Benzyl Alcohol, Sodium Benzoate, Citric Acid.","Apply 2-3 pumps morning and evening, and throughout the day as needed. Using your ring and middle fingers, lightly tap into the skin around the eye area.
Precautions: We do not recommend using retinoids while pregnant. Please consult your doctor before use if you are pregnant or breastfeeding. We always recommend using sunscreen during the day, if using retinoids in the evening.
Keep out of eyes. If irritation occurs, discontinue use. If product gets into the eyes, rinse thoroughly with water."
pimprod2048680,STARFACE,Hydro-Star Pimple Patches + Compact,Treatment & Serums,Acne & Blemish Treatments,$14.99,Big Yellow,https://media.ulta.com/i/ulta/2631424?w=100&h=100&fmt=auto,"1,101 Reviews","Benefits
Hydro-Stars® are made with 100% hydrocolloid to help reduce the appearance of inflammation and shrink spots overnight.
Hydro-Stars are perfect for all spots, especially juicy ones like surface-level pimples and whiteheads. Thanks to hydrocolloid's gentle properties, wearing Hydro-Stars just for fun is also safe (and encouraged!).
These cute stars protect your spots from outside bacteria and serve as a gentle reminder to avoid skin picking.
Dermatologist tested, and safe for every skin type, including sensitive.
Features
Perfectly shaped to grip the contours of the face, Hydro-Stars are designed to really stick and keep you feeling cute while caring for your skin.
Their little arms are great for reaching spots in tight or awkward spaces, like the corner of your nose or side of your lip.
Take your stars everywhere you go with a reusable, mirrored compact that holds your patches for easy application and storage.
Key Ingredients
Hydrocolloid is clinically proven to improve the appearance of pimples overnight: It draws out fluid, which can help soothe redness and inflammation.",Hydrocolloid.,"Apply to clean, dry skin. Leave on overnight (or 6+ hours) for best results. Lift off in the morning and replace with a new star (if you want).
Precautions: Keep out of reach of children. For external use only. Do not use on damaged or broken skin. Stop using and ask a doctor if rash and/or irritation occur. If product is swallowed, get medical help or contact a poison control center right away. Protect the product in this pouch from excessive heat and direct sun."
pimprod2043672,StriVectin,SD Advanced PLUS Intensive Moisturizer,Moisturizers,Face Moisturizer,$82.00,2.0 oz,https://media.ulta.com/i/ulta/2620437?w=100&h=100&fmt=auto,94 Reviews,"Benefits
Powered by Copper Tripeptide, Cranberry Biopeptides and our patented Alpha-3 Peptide— a trio of peptides scientifically selected for their unique collagen boosting abilities.
This breakthrough formula targets natural collagen, elastin and hyaluronic acid for skin that appears more smooth, supple, radiant and youthful-looking—with visible results starting in just one week. So powerful, it even works on stretch marks.
Key Ingredients
Patented Alpha-3 Peptide (New to formula): AI-designed peptide targets skin’s natural collagen, elastin, and hyaluronic acid to reduce the appearance of wrinkles.
Cranberry Biopeptides (New to formula): Powerful peptides that help support natural collagen to visibly smooth skin and improve texture.
Copper Tripeptide: Targets 10 types of collagens to help visibly reduce the look of stretchmarks and wrinkles.
Proprietary Sea Salt Ferment: Exclusive proprietary technology increases moisturization and visibly diminishes lines and wrinkles.
NIA-114™: Exclusive patented technology strengthens the skin barrier and supercharges the performance of other ingredients.
Research Results
1 WEEK to visibly reduce the appearance of fine lines and wrinkles.
2 WEEKS to see visible improvement in the look of stretch mark texture and intensity.
After 4 WEEKS, clinically proven to improve the look of stretch marks.","Water/Aqua/Eau, Glycerin, Pentaerythritol Tetraisostearate, Neopentyl Glycol Diheptanoate, Trimethylolpropane Tricaprylate/Tricaprate, Propanediol, Myristyl Nicotinate, Cetearyl Alcohol, Butylene Glycol, Stearyl Dimethicone, Glyceryl Stearate, Theobroma Grandiflorum Seed Butter, Dimethicone, Sorbitan Stearate, Stearoxy Dimethicone, Butyrospermum Parkii (Shea) Butter, Astrocaryum Murumuru Seed Butter, Vaccinium Macrocarpon (Cranberry) Fruit Extract, Evodia Rutaecarpa Fruit Extract, Helianthus Annuus (Sunflower) Extract, Oryza Sativa (Rice) Bran Extract, Astrocaryum Vulgare Kernel Oil, Nymphaea Alba Flower Extract, Rosmarinus Officinalis (Rosemary) Leaf Extract, Hydrolyzed Hyaluronic Acid, Pentaclethra Macroloba Seed Oil/Behenic Acid/Aminopropanediol Amides/Esters, Pentapeptide-84 Amide Acetate, Palmitoyl Tetrapeptide-7, Palmitoyl Tripeptide-1, Palmitoyl Tripeptide-38, Nicotiana Benthamiana Hexapeptide-40 sh-Oligopeptide-1, Copper Tripeptide-1, Phaseolus Lunatus (Green Bean) Seed Extract, Sodium Hyaluronate Crosspolymer, Aloe Barbadensis Leaf Juice, Hydroxyethyl Acrylate/Sodium Acryloyldimethyl Taurate Copolymer, Zingiber Officinale (Ginger) Root Extract, Bacillus/Sea Salt Ferment Filtrate, Copper Lysinate/Prolinate, Resveratrol, Panthenol, PEG-40 Stearate, Saccharide Isomerate, Isohexadecane, Dimethicone/Vinyl Dimethicone Crosspolymer, Ceteareth-20, Bisabolol, Caprylhydroxamic Acid, Fragrance/Parfum, Ethylhexyl Stearate, Polysorbate 60, Disodium EDTA, Xanthan Gum, Adenosine, Sorbitan Isostearate, Aminomethyl Propanol, Dicaprylyl Ether, Methylglucoside Phosphate, Polyglyceryl-4 Diisostearate/Polyhydroxystearate/Sebacate, Sodium Isostearate, Tocopherol, Hydroxypropyl Cyclodextrin, Lactic Acid, Caprylyl Glycol, Ethanol, Sodium Citrate, Cetyl Hydroxyethylcellulose, 1,2-Hexanediol, Rutin, Citric Acid, Dipotassium Phosphate, Titanium Dioxide (CI 77891), Mica (CI 77019), Iron Oxides(CI 77491) [ILN 20725].","For wrinkles: Apply all over clean face, avoiding eye area, in the morning and evening, gently massaging into wrinkle-prone areas. For stretch marks: Use morning and evening on clean skin, massaging into targeted areas."
pimprod2044325,Coco & Eve,Tan Boosting Anti-Aging Body Oil SPF20,Suncare,Sunscreen,$36.00,5.07 oz,https://media.ulta.com/i/ulta/2623610?w=100&h=100&fmt=auto,59 Reviews,"Benefits
Tan boosting and anti-aging body SPF20 sunscreen
Lightweight oil and easy to absorb, non-greasy finish
Rich in antioxidants and deeply nourishing
Perfect for a radiant, youthful tan all summer long
Key Ingredients
SPF 20 broad spectrum UVA and UVB protection against photoaging, UV rays and sun damage
A tan-boosting biomimetic peptide that increases tanning effectiveness by 41% (without self tanning DHA)
Apricot Kernal oil, rich and nourishing, easily absorbed and is suitable for all skin types.","Active: Homosalate 15%, Octocrylene 10%, Octisalate 5%, Avobenzone 3%.
Inactive: Ethylhexyl Palmitate, Diethylhexyl 2,6-Naphthalate, VP/Eicosene Copolymer, Isopropyl Palmitate, Caprylic/Capric Triglyceride, Coco-Caprylate, C13-15 Alkane, Prunus Armeniaca (Apricot) Kernel Oil, Helianthus Annuus (Sunflower) Seed Oil, Citrullus Lanatus (Watermelon) Seed Oil, Psidium Guajava Fruit Extract, Ananas Sativus (Pineapple) Fruit Extract, Theobroma Cacao (Cocoa) Seed Extract, Acetyl Hexapeptide-1, Tocopherol, Lecithin, Diethylhexyl Syringylidenemalonate, Fragrance, Water.","Apply generously an even layer all over body 20 minutes before sun exposure. Reapply frequently especially after swimming, sweating.
Precautions: For external use only. Store below 86 F and avoid direct sunlight. Do not use on damaged or broken skin. Stop use and ask a doctor if rash occurs. Keep out of reach of children. When using this product keep out of eyes. Rinse with water to remove."
pimprod2051452,Supergoop!,PLAY Everyday Face Lotion SPF 50,Suncare,Sunscreen,$22.00,1.7 oz,https://media.ulta.com/i/ulta/2637920?w=100&h=100&fmt=auto,127 Reviews,"Benefits
High-performance SPF 50 helps prevent sun damage and the visible signs of aging
Lightweight, non-greasy formula that feels amazing
Formulated with skincare ingredients to help hydrate, condition and soften skin and support the moisture barrier
Free of pore-clogging oils and formulated for all skin types
Water- and sweat-resistant (80 minutes)
*Based on an independent consumer study with 33 participants after 24 hours
Key Ingredients
Glycerin: Locks in moisture and supports skin’s moisture barrier
Rosemary & Rice Bran Extracts: Provide calming hydration and help condition and soften skin
Sunflower Extract: Helps defend skin from external environmental elements","Active:
Avobenzone 3%
Homosalate 10%, Octisalate 5%, Octocrylene 7.5%.
Inactive: Water, Acrylates Copolymer, Isododecane, Glycerin, Potassium Cetyl Phosphate, Lauryl Lactate, Isodecyl Neopentanoate, Diisopropyl Sebacate, Oryza Sativa (Rice) Bran Extract, Helianthus Annuus (Sunflower) Extract, Rosmarinus Officinalis (Rosemary) Leaf Extract, Panthenol, Tocopherol, Allantoin, Brassica Campestris/Aleurites Fordi Oil Copolymer, Cetyl Alcohol, Cetearyl Olivate,
Hydroxyacetophenone, Ammonium Acryloyldimethyltaurate/VP Copolymer, Diethylhexyl Syringylidenemalonate, Sorbitan Olivate, Ethylhexylglycerin, Cetyl Stearate, Xanthan Gum, 1,2-Hexanediol, Caprylyl Glycol, Isostearyl Isostearate, Trisodium Ethylenediamine Disuccinate, Caprylic/Capric Triglyceride, Pentasodium Triphosphate, Stearic Acid, Chlorphenesin.","Use PLAY Face Lotion as part of your daily skincare routine.
Complete your skincare routine
Apply PLAY Everyday Face Lotion generously and evenly across your face and neck
Allow 30 seconds for product to absorb
SPF Directions:
If this is the only SPF in your skincare routine, apply generously & evenly 15 minutes before sun exposure. Reapply at least every 2 hours or after 80 minutes of swimming or sweating.
Precautions: For external use only. Do not use on damaged or broken skin. When using this product keep out of eyes. Rinse with water to remove. Stop use and ask a doctor if rash occurs. Keep out of reach of children. If product is swallowed, get medical help or contact a Poison Control Center right away."
pimprod2014019,Clinique,Superdefense City Block Broad Spectrum SPF 50 Daily Energy + Face Protector Primer,Suncare,Sunscreen,$40.00,1.4 oz,https://media.ulta.com/i/ulta/2560146?w=100&h=100&fmt=auto,300 Reviews,"Benefits
All Skin Types.
Daily SPF protector works all day to defend and awaken skin.
Sheer, weightless, quick-absorbing, and oil-free.
Stop Signs Technology prevents signs of aging by combating a full spectrum of modern environmental aggressors including UVA/UVB and other skin irritants.
Sunscreen ingredients such as titanium dioxide, zinc, and octinoxate provide protection against UV rays (UVA & UVB).
Dermatologist tested.
Allergy tested.
Formulated Without
Parabens
Phthalates
Oil
Alcohol
Synthetic colors
SLS
Fragrance","Active: Octinoxate 5.0%, Titanium Dioxide 3.2%, Zinc Oxide 3.6%. Inactive: Water\Aqua\Eau, Dimethicone, Butyloctyl Salicylate, Isononyl Isononanoate, Neopentyl Glycol Diheptanoate, Lauryl PEG-9 Polydimethylsiloxyethyl Dimethicone, Butylene Glycol, Polydecene, Polyhydroxystearic Acid, Ethylhexyl Methoxycrylene, Hydrated Silica, Dimethicone/Vinyl Dimethicone Crosspolymer, Trimethylsiloxysilicate, Hydrolyzed Wheat Protein/Pvp Crosspolymer, Hydroxyapatite, Cetyl PEG/PPG-10/1 Dimethicone, Dimethicone/PEG-10/15 Crosspolymer, Sodium Rna, Quaternium-90 Bentonite, Sodium Hyaluronate, Dimethicone Crosspolymer-3, Styrene/Acrylates Copolymer, Sodium Chloride, Caprylyl Glycol, PEG-8 Laurate, Propylene Carbonate, Silica, Tocopherol, Sodium Citrate, Disodium EDTA, BHT, Phenoxyethanol, Potassium Sorbate, Iron Oxides (CI 77491), Iron Oxides (CI 77492).
Please be aware that ingredient lists may change or vary from time to time. Please refer to the ingredient list on the product package you receive for the most up to date list of ingredients.",Apply SPF in AM after all treatment products and before makeup.
pimprod2049520,Sun Bum,Original SPF 30 Sunscreen Lotion,Suncare,Sunscreen,$17.49,6.0 oz,https://media.ulta.com/i/ulta/2635199?w=100&h=100&fmt=auto,,"Benefits
Water Resistant (80 minutes)
Features
Gluten Free
Hawaii Act 104 Compliant: Made without Oxybenzone & Octinoxate
Key Ingredients
Vitamin E: An antioxidant that helps to neutralize free radicals, which are the main cause of premature skin aging","Active: Avobenzone 3%, Homosalate 5%, Octisalate 3%, Octocrylene 10%.
Inactive: Water, Butyloctyl Salicylate, Hydrated Silica, Vp/Hexadecene Copolymer, Styrene/Acrylates Copolymer, Dimethicone, Polyester-8, Caprylyl Methicone, Ethylhexyl Stearate, Trideceth-6, Glyceryl Stearate, Peg-100 Stearate, Fragrance, Sodium Polyacrylate, Behenyl Alcohol, Dimethyl Capramide, Ethylhexylglycerin, Trimethylsiloxysilicate, Xanthan Gum, Polyaminopropyl Biguanide, Tocopheryl Acetate, Bht, Disodium Edta, Methyisothiazolinone.","Dispense in hand and apply to body. Sun Bum recommends working from head to toe so you don't accidentally miss a limb. If you need help reaching your back, ask a friend - that's what they're for. Apply sunscreen liberally 15 minutes before sun exposure and allow it to absorb. Reapply at least every two hours. Apply more frequently after swimming/sweating, or after an aggressive towel dry. Always offer to share.
Precautions: For external use only. Do not use on damaged or broken skin. When using this product, keep out of eyes. Rinse with water to remove. Stop use and ask a doctor if a rash occurs. Keep out of reach of children. If swallowed, get medical help or contact a Poison Control Center immediately."
pimprod2009500,Neutrogena,"Makeup Remover Cleansing Towelettes, Fragrance Free Singles",Cleansers,Makeup Remover,$8.99,20 ct,https://media.ulta.com/i/ulta/2554008?w=100&h=100&fmt=auto,"34,025 Reviews","Benefits
Soft, pre-moistened Neutrogena Fragrance-Free Makeup Remover Face Wipes Singles gently cleanse skin
Remove makeup and effectively cleanse skin in one easy step with these facial cleansing towelettes
Makeup remover wet wipes cleanse & remove dirt, oil, makeup, sweat, sunscreen & pollution on skin
Individually wrapped wipes for effective cleansing & makeup removal anywhere with no need to rinse
Ophthalmologist, dermatologist & hypoallergenic, face wipes are suitable for contact lens wearers
Designed with the earth in mind, the face wipes are made with 100% plant-based cloth
Research Results
Remove up to 99% of makeup even stubborn waterproof mascara with these makeup remover wipes
Formulated Without
Fragrance
Phthalates
Parabens
Sulfates
Alcohols
Soaps
Dyes","Water, Decyl Isostearate, Isopropyl Isostearate, Dimethicone, Isohexadecane, Hexylene Glycol, PEG-6 Caprylic/Capric Glycerides, Trisiloxane, Phenoxyethanol, Sucrose Cocoate, Chlorphenesin, Polysorbate 20, Acrylates/C10-30 Alkyl Acrylate Crosspolymer, Sodium Hydroxide.","Gently wipe over eyelids, face, lips, and neck. No rinsing required. Dispose of towelette in trash receptacle (do not flush).
Precautions: Keep out of reach of children. Do not eat/swallow."
pimprod2033884,Clarins,Super Restorative Night Moisturizer,Moisturizers,Night Cream,$144.00,1.7 oz,https://media.ulta.com/i/ulta/2598904?w=100&h=100&fmt=auto,137 Reviews,"Benefits
Visibly minimizes lines, wrinkles, loss of density + skin slackening
Visibly lifts, firms, smoothes + plumps
Hydrates, comforts + softens
Helps even skin tone
Key Ingredients
Organic Harungana Extract: as effective as retinol* and gentle on the skin to visibly minimize wrinkles and loss of density
Organic Desert Date Extract + a Vitamin C Derivative: promote an even skin tone
Organic Sea Lily Extract: intensely hydrates to leave skin feeling soft and comfortable
Organic Service Tree Bud Extract: enhances microcirculation while you sleep to boost skin's radiance
Plant-based Anti-Pollution Complex: helps protect skin from indoor and outdoor pollution, including blue light from electronics
Organic Gorse Extract: takes on skin slackening at the source
Research Results
88% visibly smoother skin*
81% replenished skin**
80% visibly tighter, “lifted” skin**
*Consumer test - Super Restorative Night Cream, All Skin Types, 111 women – 7 days.
**Consumer test - Super Restorative Night Cream, All Skin Types, 111 women – 28 days.","Aqua/Water/Eau, Cetearyl Isononanoate, Dicaprylyl Carbonate, Glycerin, Cetearyl Alcohol, Propanediol, Ascorbyl Glucoside, Butyrospermum Parkii (Shea) Butter, Hydrogenated Coco-Glycerides, Dimethicone, Glyceryl Stearate, Peg-100 Stearate, Cetearyl Glucoside, Butylene Glycol, Carbomer, Glyceryl Caprylate, Sodium Hydroxide, Parfum/Fragrance, Xylitylglucoside, Hydroxyacetophenone, Sodium Citrate, Anhydroxylitol, Xanthan Gum, Tocopheryl Acetate, Caprylic/Capric Triglyceride, Xylitol, Disodium Edta, Alcohol, Sodium Lactate, Glucose, Citric Acid, Harungana Madagascariensis Extract, Marrubium Vulgare Extract, Coco-Glucoside, Balanites Roxburghii Seed Oil, Phenethyl Alcohol, Furcellaria Lumbricalis Extract, Pancratium Maritimum Extract, Pyrus Sorbus Bud Extract, Ulex Europaeus Leaf/Root/Stem Extract, Palmitoyl Tripeptide-1, Lapsana Communis Flower/Leaf/Stem Extract, Maris Sal/Sea Salt/Sel Marin, Ci 14700/Red 4, Palmitoyl Tetrapeptide-7 [V3994A].","CLARINS EXCLUSIVE DRAINING PRESSURE APPLICATION METHOD
Smooth over clean face and neck each night.
Apply with gentle press-and-release movements, avoiding the eye contour area.
Work downward, over neck and décolleté."
pimprod2028420,Neutrogena,Hydro Boost Hyaluronic Acid Moisturizer SPF 50,Moisturizers,Face Moisturizer,$29.99,1.7 oz,https://media.ulta.com/i/ulta/2587006?w=100&h=100&fmt=auto,640 Reviews,"Benefits
Neutrogena Hydro Boost Weightless Daily Facial Moisturizer with hyaluronic acid and SPF 50
Gel face moisturizer quenches & soothes dryness while boosting hydration for soft, smooth skin
Fragrance-free face moisturizer clinically proven to hydrate all day for lasting dry skin relief
Instantly hydrates for smoother skin and delivers radiant, healthy-looking skin in just one week
Non-comedogenic and hypoallergenic
Key Ingredients
Non-greasy moisturizer with SPF 50 Helioplex sunscreen for invisible UVA/UVB protection
Formulated with hyaluronic acid, a hydrator found naturally in skin and recognized by dermatologists
Supercharged antioxidants like vitamin E fight against environmental aggressors
Formulated Without
Fragrance
Dyes
Parabens
Mineral Oil
Oxybenzone","Active: Avobenzone 3% Homosalate 15% Octisalate 5% Octocrylene 10% Purpose Sunscreen
Inactive: Water, Butyloctyl Salicylate, Glycerin, Alcohol Denat., Silica, Caprylyl Methicone, Caprylic/Capric Triglyceride, Aluminum Starch Octenylsuccinate, Dimethicone, Polyurethane-62, Phenoxyethanol, Pentylene Glycol, Styrene/Acrylates Copolymer, Sodium Acryloyldimethyltaurate/VP Crosspolymer, Acrylates/Dimethicone Copolymer, Glyceryl Stearate, Chlorphenesin, Menthyl Lactate, Tocopheryl Acetate, Disodium EDTA, Trideceth-6, Hydrolyzed Hyaluronic Acid, Hydroxymethoxyphenyl Decanone, Sodium Hydroxide","For sunscreen use: Apply generously and evenly 15 minutes before sun exposure Reapply at least every 2 hours Use a water resistant sunscreen if swimming or sweating.
Sun Protection Measures: Spending time in the sun increases your risk of skin cancer and early skin aging. To decrease this risk, regularly use a sunscreen with a Broad Spectrum SPF value of 15 or higher and other sun protection measures including: Limit time in the sun, especially from 10 a.m.-2 p.m. Wear long-sleeved shirts, pants, hats, and sunglasses Children under 6 months of age: Ask a doctor.
Application tips: Apply daily on your face and neck as the last step in your skincare routine. Wears beautifully under makeup.
Other information: Protect this product from excessive heat and direct sun. May stain some fabrics. Protect from freezing
Precautions: For external use only. Do not use on damaged or broken skin. When using this product keep out of eyes. Rinse with water to remove. Stop use and ask a doctor if rash occurs. Keep out of reach of children. If swallowed, get medical help or contact a Poison Control Center right away."
pimprod2025112,fresh,Rose Deep Hydration Face Cream,Moisturizers,Face Moisturizer,$46.00,1.6 oz,https://media.ulta.com/i/ulta/2584147?w=100&h=100&fmt=auto,"2,131 Reviews","Benefits
Deeply hydrates for 72 hours
Strengthens the skin's barrier
Soothes dry skin for a plump, dewy look
Key Ingredients
Damask rose extract is scientifically proven to boost skin’s natural hyaluronic acid levels and strengthen skin’s barrier to protect from water loss
Hyaluronic acid duo of high (1,500 kDA) and low (50 kDA) molecular weight work to instantly hydrate the skin's surface and deliver hydration into the deeper layers of the epidermis
Time-release technology delivers continuous hydration by creating a micro network on the skin’s surface
Rosewater helps to calm and soothe
Rose flower oil is an oil distilled from the rose bud to help hydrate, tone, soothe, and balance the complexion
Research Results
72-hour deep hydration*
24hr strengthened skin barrier**
100% said it provided immediate hydration***
98% felt immediately plumped with moisture***
100% felt skin was smooth & supple***
98% noticed skin was dewy***
*instrumental test, 11 subjects
**instrumental test, 10 subjects, 24 hrs
***self-assessment, 60 subjects, 4 weeks","Aqua (Water), Glycerin, C15-19 Alkane, Butylene Glycol, Propanediol, Isostearyl Isostearate, Hexyl Laurate, Pentylene Glycol, 1,2 Hexanediol, Behenyl Alcohol, Steareth-2, Prunus Domestica Seed Oil, Rosa Damascena Flower Water, Rosa Damascena Extract, Rosa Damascena Flower Extract, Rosa Damascena Flower Oil, Cucumis Sativus (Cucumber) Fruit Extract, Angelica Keiskei Extract, Sodium Hyaluronate, Tocopheryl Acetate, Silica, Dimethicone, Ammonium Acryloyldimethyltaurate/VP Copolymer, Steareth-21, Hydroxyethyl Acrylate/Sodium Acryloyldimethyl Taurate Copolymer, Squalane, Acrylates/C10-30 Alkyl Acrylate Crosspolymer, Tromethamine, Xanthan Gum, Dimethiconol, Polysorbate 60, Algin, Pentaerythrityl Tetra-Di-T-Butyl Hydroxyhydrocinnamate, Sorbitan Isostearate, Trisodium Ethylenediamine Disuccinate, Acacia Senegal Gum, Serine, Caramel, Caprylyl Glycol, Citric Acid, Sodium Hydroxide, Chlorphenesin, Sodium Benzoate, Potassium Sorbate, Citronellol, Geraniol.","Apply a dime-sized amount to the face daily, morning and night. Use after Rose Deep Hydration Oil-Serum for a boost of hydration. For best results, apply cream after previous skincare steps are fully absorbed."
pimprod2020786,e.l.f. Cosmetics,Hydrating Core Lip Shine,Lips,Lip Balms & Treatments,$7.00,Delightful,https://media.ulta.com/i/ulta/2574697?w=100&h=100&fmt=auto,"1,528 Reviews","Benefits
Heart shaped core infused with moisturizing Vitamin E
Adds a sheer tint of color and soft shine
Nourishes and conditions lips
Proud to be 100% vegan and cruelty-free, worldwide. Because kindness is chic.
Key Ingredients
Vitamin E - helps nourish and moisturize the skin
Formulated Without
All e.l.f. products are free from phthalates, parabens, nonylphenol ethoxylates, triclosan, triclocarban, and hydroquinone
All skincare is also free from sulfates","Delightful: Water (Aqua), Polyethylene Terephthalate, Glycerin, Mica, Synthetic Fluorphlogopite, Polybutylene Terephthalate, Hydroxyethyl Acrylate/Sodium Acryloyldimethyl Taurate Copolymer, Squalane, Silica, Acrylates Copolymer, 1,2-Hexanediol, Phenoxyethanol, Caprylyl Glycol, Polysorbate 60, Tin Oxide, Sorbitan Isostearate, Citric Acid, Aluminum May Contain: Titanium Dioxide (CI 77891), Red Iron Oxide (CI 77491), Ferric Ferrocyanide (CI 77510), Red 40 Lake (CI 16035), Yellow 5 Lake (CI 19140), Blue 1 Lake (Ci 42090)","Apply directly to lips in a swiping motion, starting from the middle of the lips and moving towards the corners."
pimprod2049855,BYOMA,Barrier Repair Eye Cream,Eye Treatments,Eye Cream,$14.99,0.67 oz,https://media.ulta.com/i/ulta/2635367?w=100&h=100&fmt=auto,241 Reviews,"Benefits
Helps to deliver lasting hydration + reduce fine lines
Increases elasticity + firmness around the eye area
Leaves skin under the eyes smooth + supple
Strengthens the skin’s natural moisture barrier
Clinically proven to provide instant moisturization up to 82%
Clinically proven to immediately reduce wrinkles up to 32%
Clinically proven to reduce dark circles + pigmentation
Clinically proven to reduce eye bag volume + puffiness
Clinically proven to maintain + protect skin barrier
Features
Dermatologist tested + approved skincare
Alcohol & fragrance-free
Key Ingredients
BARRIER LIPID COMPLEX
Copper tri-peptides help collagen synthesis and the synthesis of other important skin-identical ingredients like elastin to produce a potent antioxidant effect.
ECTOIN","Aqua (Carrier), Glycerin (Skin-Conditioner), Caprylic/Capric Triglyceride (Skin-Conditioner), Dipropylene Glycol (humectant), Caprylic/Capric/Succinic Triglyceride (thickener), Butylene Glycol (humectant), Phenyl Trimethicone (Skin-Conditioner), Cetyl Ethylhexanoate (Skin-Conditioner), Polyglyceryl-2 Stearate (emulsifier), Cetearyl Alcohol (viscosity controller), Glyceryl Stearate (emulsifier), Stearyl Alcohol (emulsifier), Hyaluronic Acid (Skin-Conditioner), Hydrolyzed Hyaluronic Acid (Skin-Conditioner), Sodium Hyaluronate (Skin-Conditioner), Ectoin (emollient), Propanediol (Skin-Conditioner), Copper Tripeptide-1 (Skin-Conditioner), Butyrospermum Parkii (Shea) Butter (Skin-Conditioner), Theobroma Cacao (Cocoa) Seed Extract (antioxidant), Glycereth-26 (emulsifier), Ammonium Polyacryloyldimethyl Taurate (film former), Thamnolia Vermicularis Leaf Extract (antioxidant), Vinyl Dimethicone (thickener), Coptis Japonica Root Extract (antioxidant), Hydroxyacetophenone (antioxidant), Acrylates/C10-30 Alkyl Acrylate Crosspolymer (thickener), Dextrin (film former), Sphingolipids (Skin-Conditioner), Tromethamine (pH adjuster), Ethylhexylglycerin (Skin-Conditioner), Ceramide NP (Skin-Conditioner), Disodium EDTA (chelating agent), Xanthan Gum (thickener), 1,2-Hexanediol (emollient), Glycine (emollient).","Massage 1 pump in circular motions around eye area, then gently tap into skin."
pimprod2032917,La Roche-Posay,Anthelios Cooling Water Lotion Sunscreen SPF 60,Suncare,Sunscreen,$38.99,5.0 oz,https://media.ulta.com/i/ulta/2599140?w=100&h=100&fmt=auto,673 Reviews,"Benefits
Oil-free sunscreen for face and body provides broad-spectrum SPF 60 protection
Lightweight, fast-absorbing sunscreen lotion transforms into a unique, refreshing water-like texture upon contact with the skin for an immediate cooling effect
Powerful antioxidant complex helps protect skin from free radicals caused by UV rays
Soothes the skin with mineral-rich La-Roche Posay Thermal Spring Water
Water resistant for up to 80 minutes
Ideal for all skin types, including sensitive
Non-comedogenic
Formulated and rigorously tested for skin tolerance, even on sensitive skin
Recommended by the Skin Cancer Foundation
Allergy tested
Dermatologist tested for safety
Key Ingredients
Cell-Ox Shield technology combines broad-spectrum UVA/UVB filters and powerful antioxidant protection with senna alata, a tropical leaf extract known to defend skin cells against damaging free radicals that can accelerate skin aging
La Roche-Posay Thermal Spring Water is naturally rich in minerals with scientifically demonstrated soothing and antioxidant properties
Formulated Without
Fragrance
Oil
Parabens
Octinoxate","Active: Avobenzone 2.24% (Sunscreen), Homosalate 8% (Sunscreen), Octisalate 2.4% (Sunscreen), Octocrylene 4.48% (Sunscreen), Oxybenzone 2.88% (Sunscreen).
Inactive: Water, Alcohol Denat., Dimethicone, Cyclopentasiloxane, Acrylates/Dimethicone Copolymer, Phenoxyethanol, Proprylene Glycol, Caprylyl Glycol, Sodium Polyacrylate, Silica, Acrylates/C10-30 Alkyl Acrylate Crosspolymer, Disodium EDTA, Tocopherol, Menthyl Lactate, Diethylhexyl Syringylidenemalonate, Cassia Alata Leaf Extract, Maltodextrin.","Apply generously 15 minutes before sun exposure. Reapply sunscreen after 80 minutes of swimming or sweating, immediately after towel drying, at least every 2 hours. Children under 6 months of age: ask a doctor.
Precautions: For external use only. Do not use on damaged or broken skin. When using this product keep out of eyes. Rinse with water to remove. Stop use and ask a doctor if rash occurs. Keep out of reach of children. if swallowed, get medical help or contact a Poison Control Center right away."
pimprod2017547,Beekman 1802,Milk Drops Ceramide Serum,Treatment & Serums,Face Serums,$45.00,0.9 oz,https://media.ulta.com/i/ulta/2569233?w=100&h=100&fmt=auto,"1,244 Reviews","Benefits
Transforms skin from within in just one drop
Instantly delivers moisture beyond the surface-your skin just drinks it in
Restores skin's healthy hydration for a more youthful appearance
Helps control oily skin, clears pores, and balances discoloration
Boosts skin health and fights dullness
Milk Drops is certified microbiome-friendly by MyMicrobiome AG
Lab tested
Safe for sensitive skin
Allergy tested
Non-irritating
Features
90% saw more youthful radiance
90% said it leaves skin softer and smoother
96% said it absorbs instantly
Key Ingredients
Ceramide 3, Squalane, and Hyaluronic Acid deliver steady hydration throughout the day, leaving the skin looking healthy and more illuminated
100% Natural AHAs and BHAs: Apple Extract, Aspen Bark Extract, and Willow Bark renew and refine the look of skin
Beekman 1802's proprietary blend of goat milk and probiotic extracts--like yogurt for your skin--deeply nourishes, bringing balance to all skin types for healthy, dewy, radiant skin
Active Botanical Blend: comfrey, blue thistle, chamomile, cucumber, and aloe are packed full of antioxidants to protect skin's moisture barrier","Water (Aqua), Rosa Damascena Flower Extract, Glycerin, Ceramide 3, Caprae Lac (Goat Milk), Colostrum, Bifida Ferment Lysate, Lactose, Milk Protein, Sodium Hyaluronate, Squalane, Ubiquinone (CoQ10), Cucumis Sativus (Cucumber) Fruit Extract, Aloe Barbadensis Leaf Juice, Chamomilla Recutita (Matricaria) Flower Extract, Honey, Eryngium Alpinum (Blue Thistle) Flower Extract, Pyrus Malus (Apple) Fruit Extract, Salix Alba (Willow) Bark Extract, Leuconostoc/Radish Root Ferment Filtrate, Symphytum Officinale Rhizome (Comfrey) Root Extract, Vaccinium Myrtillus (Bilberry) Fruit Extract, Populus Tremuloides (Aspen) Bark Extract, Whey Protein, Potassium Sorbate, Sodium Benzoate, Xanthan Gum, Citric Acid, Sclerotium Gum, Lecithin, Hydrogenated Lecithin Pullulan, Silica, C10-18 Triglycerides...and kindness.","Use twice daily in the morning and night, right after cleansing skin, and before applying moisturizer and SPF.
Step 1: Apply a few drops to face and gently massage into skin.
Step 2: Let the serum soak into skin for 1-2 minutes before applying any other skincare or makeup.
For a powerful skincare cocktail: add 1-2 drops to your bloom cream, mix, and swirl to activate."
pimprod2017664,StriVectin,Super-C Retinol Brighten & Correct Vitamin C Serum,Treatment & Serums,Face Serums,$75.00,1.0 oz,https://media.ulta.com/i/ulta/2568087?w=100&h=100&fmt=auto,945 Reviews,"Benefits
Restores radiance and clarity to dull, tired skin
Smooths away fine lines and uneven texture
Visibly firms and improves elasticity
Key Ingredients
Two Potent forms of vitamin C firm, restore clarity & brightens dull, tired skin
Acerola Cherry Extract highly concentrated source of Pure Vitamin C
Retinol enhances skin cell turnover to smooth rough, uneven texture and fine lines
Research Results
97% showed improvement in skin brightness*
100% showed measured improvement in skin firmness**
100% showed no irritation to skin***
*Based on expert grading evaluation on 35 subjects at 6 weeks
**Based on instrumental testing on 35 subjects at 6 weeks
***Based on tolerability study on 35 subjects at 12 weeks","Aqua (Water, Eau), Sodium Ascorbyl Phosphate, Glycereth-7 Triacetate, Pentylene Glycol, Polysorbate 20, Dipropylene Glycol, Glycerin, Dimethyl Isosorbide, Ascorbyl Glucoside, Ascorbic Acid, Malpighia Glabra (Acerola) Fruit Juice, Retinol, Sodium Hyaluronate, Myristyl Nicotinate, Tamarindus Indica Seed Polysaccharide, Orobanche Rapum Extract, Malus Domestica Fruit Cell Culture Extract, Camellia Sinensis Leaf Extract, Xylitylglucoside, Bacillus/Sea Salt Ferment Filtrate, Hydroxymethoxyphenyl Decanone, Anhydroxylitol, Adenosine, Xylitol, Glucose, Ethylhexylglycerin, Lecithin, Xanthan Gum, Acrylates/C10-30 Alkyl Acrylate Crosspolymer, Propanediol, Maltodextrin, Rhizobian Gum, Mica, Parfum (Fragrance), Limonene, Linalool, Geraniol, Citral, Citronellol, Benzyl Benzoate, Chlorphenesin, Phenoxyethanol, BHT, BHA, Sodium Benzoate, Potassium Sorbate, CI 77491 (Iron Oxides), CI 77891 (Titanium Dioxide).","Shake well. Apply 1 to 3 drops to affected areas (such as face, neck, décolleté, and back of hands) in the morning and evening. Follow with moisturizer. Keep out of eyes. Stop use if irritation occurs. This product may increase skin's sensitivity to the sun. Use sunscreen daily. Contains Vitamin A. Consider your daily intake before use."
pimprod2043029,TONYMOLY,Wonder Ceramide Mochi Hydrogel Eye Patches,Eye Treatments,Eye Masks,$24.00,30 pair,https://media.ulta.com/i/ulta/2619653?w=100&h=100&fmt=auto,120 Reviews,"Benefits
5,000 ppb Ceramide, Hyaluronic Acid, Vitamin B5 and Centella asiatica, once applied to under eye area, these patches will work to replenish hydration, repair the skin barrier and increase collagen production.
Key Ingredients
5,000 ppb Ceramide - Repairs and reinforces skin's moisture barrier.
Panthenol (Vitamin B5) and Hyaluronic Acid - Penetrates deep into the skin to nourish and provide lasting hydration.
Centella Asiatica - Provides skin-soothing care.
Formulated Without
Sulfates
Parabens","Water, Glycerin, Niacinamide, Carrageenan, Butylene Glycol, Centella Asiatica Extract, Ceramide NP(5,000ppb), Tocopheryl Acetate, Hydrolyzed Extensin, Soluble Collagen(1ppm), Sodium Hyaluronate, Madecassic acid, Asiatic acid, Asiaticoside, Pinus Sylvestris Leaf Extract, Illicium Verum (Anise) Fruit Extract, Ceratonia Siliqua (Carob) Gum, Calcium Chloride, Pentylene Glycol, Ethyl Hexanediol, Propanediol, Arginine, Cyamopsis Tetragonoloba (Guar) Gum, Cellulose Gum, Calcium Lactate, Hexylene Glycol, Sucrose, Polyglyceryl-10 Laurate, Allantoin, Dipotassium Glycyrrhizate, Synthetic Fluorphlogopite, 1,2-Hexanediol, Hydroxyacetophenone, Potassium Chloride, Ethylhexylglycerin, Titanium Dioxide, Caprylyl Glycol, Sodium Phytate, CI 77491, Panthenol, Lecithin, Fragrance.","After cleansing and toning, gently align masks under each eye.
Wear for 10-20 minutes. Gently pat remaining essence into under eye.
Follow with the remaining steps of your skincare routine.
TIP! For an extra cooling and de-puffing effect, store the eye patches in the fridge!"
pimprod2038231,Murad,Retinal ReSculpt Overnight Treatment,Treatment & Serums,Face Serums,$105.00,1.0 oz,https://media.ulta.com/i/ulta/2607641?w=100&h=100&fmt=auto,564 Reviews,"Benefits
Clinical strength overnight serum with potent, encapsulated retinal (vitamin A, retinol) targeted delivery system for a lifted, resculpted look with minimal irritation
Visibly improves sagging, increases elasticity and smooths wrinkles
Maximum results, must build up to nightly use
For all skin types and tones
Key Ingredients
Encapsulated Retinal: 2.5x more* retinal for deep, targeted vitamin A delivery with minimized irritation
Kangaroo Paw Flower: helps visibly improve sagging and smooth wrinkles
Olive, Oat + Alpha Glucan: support skin resilience and restore skin barrier
Research Results
In 2 weeks: Clinically proven to reduce sagging skin, including neck and jowls
In 4 weeks: Clinically proven to increase skin elasticity
Clinically proven to smooth deep-set wrinkles + crepey skin.","Water/Aqua/Eau, Caprylic/Capric Triglyceride, C10-18 Triglycerides, Glycerin, Butyrospermum Parkii (Shea) Butter, Helianthus Annuus (Sunflower) Seed Wax, Polyacrylate Crosspolymer-6, Jojoba Esters, Glyceryl Stearates, Cetearyl Alcohol, Retinal, Avena Sativa (Oat) Kernel Extract, Gentiana Lutea Root Extract, Tetrapeptide-1, Urea, Yeast Amino Acids, Trehalose, Inositol, Taurine, Betaine, Simmondsia Chinensis (Jojoba) Seed Oil, Hydroxyacetophenone, Tocopherol, Ascorbyl Palmitate, Phosphatidylcholine, Mannitol, Cetyl Alcohol, Stearyl Alcohol, Ethylhexylglycerin, Propanediol, Polyglycerin-3, Sodium Stearoyl Glutamate, Xanthan Gum, Caprylyl Glycol, Sodium Chloride, Leuconostoc/Radish Root Ferment Filtrate, Tetrasodium Glutamate Diacetate, Citric Acid, Chlorphenesin, Potassium Sorbate, Sodium Benzoate.","At night, massage evenly over face and neck and follow with a moisturizer. Follow with your favorite Murad sunscreen during the day."
pimprod2041557,Thayers,Milky Hydrating Face Toner with Snow Mushroom and Hyaluronic Acid,Cleansers,Toner,$14.99,12.0 oz,https://media.ulta.com/i/ulta/2615538?w=100&h=100&fmt=auto,627 Reviews,"Benefits
Thayers Milky Hydrating Toner helps skin feel cushioned while removing impurities. This pH balanced, milky face toner helps to tone skin without disrupting its moisture barrier.
Thayers Milky Face Toner delivers 48 hours of hydration, even without a moisturizer.
Gentle on skin, this sensitive skin toner is alcohol-free and non-drying, it leaves skin feeling smooth, comforted and prepped for the next step in your routine.
The gentle, creamy hydrating facial toner formula soaks into skin, hydrating all day and boosting moisture levels by 35%*
Alcohol-free and fragrance-free milky face toner
100% Cruelty Free and free of any animal ingredients
Key Ingredients
Snow Mushroom
Hyaluronic Acid
Elderflower Water
Formulated Without
Sulfates
Parabens
Aluminum
Phthalates
Dyes
Gluten
Formaldehyde","2051592 20: Aqua/Water/Eau, Glycerin, Tremella Fuciformis Polysaccharide, Citric Acid, Potassium Hydroxide, Sodium Hyaluronate, Sambucus Nigra Flower Water, Acrylates/C10-30 Alkyl Acrylate Crosspolymer, Cocoglucoside, Glyceryl Oleate, Glyceryl Stearate, Glycol Distearate, Polysorbate 20, Benzoic Acid, Caprylyl Glycol, Ethylhexylglycerin, Phenoxyethanol, Potassium Sorbate, Sodium Benzoate (T292131/1).","After cleansing, apply with cotton pad and sweep across face, morning and night."
pimprod2008503,Dermalogica,Phyto Nature Firming Serum,Treatment & Serums,Face Serums,$164.00,1.3 oz,https://media.ulta.com/i/ulta/2549592?w=100&h=100&fmt=auto,395 Reviews,"Benefits
Dermalogica's most advanced anti-aging serum yet
Preserves, restores and reawakens the nature of younger-looking skin
Dual-phase serum protects skin from external lifestyle factors, such as stress, UVA/UVB rays, poor sleep, pollution and reactivates how younger skin cells act
In the firming phase, collagen cells are activated to turn over more quickly to increase firmness, while peptides help rebuild and repair after external damage
In the lifting phase, camu camu super fruit and Madagascar green coffee beans, both rich in antioxidants, reduce inflammation and protect against free radicals
Technology enhanced hyaluronic acid penetrates deeper into the skin to hydrate and create a filler effect
Key Ingredients
Camu Camu: rich in vitamin C, this super fruit reduces enzymes needed to generate cortisol
Next Generation Hyaluronic Acid: penetrates deeper into the skin to hydrate and create a flash filler effect
Moroccan Rockrose Extract: protects against free radical pollution damage and decreases the appearance of fine lines and wrinkles
Madagascar Green Coffee Bean: reduces inflammation
Research Results
Clinically proven to give 4 years back
After just 1 application, doubles skin's luminosity
After just 1 application, minimizes the appearance of fine lines
After 4 weeks, reduces visible wrinkles","Firming Phase:Water/aqua/eau, 1,2-hexanediol, Adipic Acid/neopentyl Glycol Crosspolymer, Glycerin, Chondrus Crispus Extract, Peg-40 Hydrogenated Castor Oil, Palmitoyl Tripeptide-28, Hydroxyacetophenone, Caffeyl Glucoside, Sodium Hyaluronate, Lavandula Hybrida Oil, Eucalyptol, Lavandula Angustifolia (lavender) Flower Extract, Plantago Lanceolata Extract, Tamarindus Indica Seed Gum, Acer Rubrum Extract, Curcuma Longa (turmeric) Root Extract, Cistus Monspeliensis Flower/leaf/stem Extract, Myrciaria Dubia Fruit Extract, Glyceryl Caprylate, Maltodextrin, Pentylene Glycol, Sodium Acetylated Hyaluronate, Succinoglycan, Glucose, Xanthan Gum, Sodium Hydroxide, Glutathione,Synthetic Sapphire, Citric Acid, Propanediol, Benzoic Acid, Linalool, Benzyl Alcohol, Limonene. Lifting Phase:Isoamyl Laurate, Octyldodecanol, Isohexadecane, Diheptyl Succinate, Capryloyl Glycerin/sebacic Acid Copolymer, Silica Silylate, Pentaclethra Macroloba Seed Oil,Pseudozyma Epicola/camellia Sinensis Seed Oil Ferment Extract Filtrate, Spilanthes Acmella Flower Extract, Astragalus Membranaceus Root Extract, Curcuma Longa (turmeric) Root Extract, Melia Azadirachta Leaf, Eclipta Prostrata Extract, Eclipta Prostrata Leaf Extract, Corallina Officinalis Extract, Melia Azadirachta Bark Extract, Moringa Oleifera Seed Oil, Ocimum Basilicum (basil) Flower/leaf Extract, Ocimum Sanctum Leaf Extract, Ethylcellulose, Carthamus Tinctorius (safflower) Seed Oil,Hydroxyacetophenone, Caprylic/capric Triglyceride, Lavandula Hybrida Oil, Lavandula Spica (lavender) Flower Oil, Melia Azadirachta Flower Extract, Eucalyptus Globulus Leaf Oil, Peg-40 Hydrogenated Castor Oil, Hydroxymethoxyphenyl Decanone,Ubiquinone, Water/aqua/eau, Linalool, Limonene, Tocopherol, Geraniol. Dermalogica is dedicated to maintaining the accuracy of the ingredient lists on this website. However, because ingredients are subject to change, we cannot guarantee that these lists are complete, up-to-date and/or error-free. For an accurate listing of ingredients in each product, please refer to your product packaging.",Turn bottle over to a 90 degree angle and dispense 1-2 pumps into the palm of your hand. Blend the two serums and smooth over cleansed face and neck. Can be used morning and/or evening. Follow with your moisturizer.
pimprod2049115,TATCHA,The Matcha Cleanse Daily Clarifying Gel Cleanser,Cleansers,Face Wash,$40.00,5.07 oz,https://media.ulta.com/i/ulta/2634180?w=100&h=100&fmt=auto,300 Reviews,"Benefits
Purifies pores with BHA alternatives
Controls oil without drying
Minimizes makeup slip-off
Non-comedogenic
Dermatologist tested
Formulated without fragrance, soap, mineral oil, sulfates, detergents, parabens, urea, DEA, TEA, phthalates
Key Ingredients
Japanese Kyo-Matcha: rich in antioxidants, which are known to visibly calm redness
BHA Alternatives Coix Seed + Willow Bark: decongest pores + visibly even tone
Mugwort: acts like ceramides to support the skin barrier
Research Results
Primes Skin for Improved Makeup Wear
+54% improvement in moisturization instantly**
100% showed a reduction in oil after 1 use**
97% demonstrated better makeup wear even after 8 hours†
91% demonstrated continued shine control†
90% showed visible reduction in pores after 1 use*
*based on a clinical study of 40 panelists
**based on a bio-instrumentation study of 40 panelists
†based on a clinical study of 36 panelists","Aqua/Water/Eau, Glycerin, Sodium Lauroyl Aspartate, Peg-150 Pentaerythrityl Tetrastearate, Lauryl Glucoside, Sodium Lauryl Glycol Carboxylate, Saccharomyces/Rice Ferment Filtrate, Camellia Sinensis Leaf Extract, Cladosiphon Okamuranus Extract, Salix Alba (Willow) Bark Extract, Artemisia Princeps Leaf Extract, Coix Lacryma-Jobi Ma-Yuen Seed Extract, Cocamidopropyl Betaine, Sodium Carbonate, Butylene Glycol, Propanediol, Ethylhexylglycerin, Alcohol, Citric Acid, Phenoxyethanol, Chlorphenesin, Yellow 6 (Ci 15985), Blue 1 (Ci 42090).","Massage with wet hands onto wet face. Rinse thoroughly.
Caution: Avoid eye area. Rinse thoroughly if contact with eyes occurs."
pimprod2040112,First Aid Beauty,Travel Size Facial Radiance Pads with Glycolic + Lactic Acids,Treatment & Serums,Face Peels & Exfoliators,$20.00,28 ct,https://media.ulta.com/i/ulta/2611954?w=100&h=100&fmt=auto,817 Reviews,"Benefits
Exfoliate away dull skin to help reveal a radiant and naturally glowing complexion
With regular use, this gentle exfoliator for sensitive skin also helps refine look of pores and texture for smoother skin that's ready for flawless makeup application
Now compostable for daily use
Key Ingredients
Glycolic & Lactic Acids: Alpha hydroxy acids (AHAs) that exfoliate skin, helping it appear brighter and with improved texture
Lemon Peel: A natural extract that helps brighten skin's appearance
Cucumber Water: Helps cool, calm and soothe skin
Research Results
In a consumer perception study with 55 participants after 4 weeks:
98% agreed these pads removed residual dirt and impurities after cleansing
92% agreed this product did not irritate or feel harsh on their skin","Aqua/Water/Eau, Aloe Barbadensis Leaf Juice, Glycerin, Cucumis Sativus (Cucumber) Fruit Water, Lactic Acid, Glycolic Acid, Sodium Hydroxide, Phenoxyethanol, Chrysanthemum Parthenium (Feverfew) Extract, Polysorbate 20, Camellia Sinensis Leaf Extract, Citrus Medica Limonum (Lemon) Peel Extract, Citrus Nobilis (Mandarin Orange) Fruit Extract, Glycyrrhiza Glabra (Licorice) Root Extract, Potassium Sorbate, Phyllanthus Emblica Fruit Extract, Sodium Benzoate, Citric Acid, Hyaluronic Acid, Chlorphenesin, EDTA, Tetrasodium EDTA.","Start with clean, dry skin.
Wipe pad across face, neck and décolleté once or twice daily.
Follow with moisturizer and SPF.
Dispose in trash or compost after use.
Precautions: Avoid contact with eyes. If contact occurs, rinse well with water. If irritation persists, discontinue use and consult a physician. Keep out of reach of children.
Anyone can use this product. A patch test is recommended for those with sensitive skin.
Sunburn Alert: This product contains Glycolic and Lactic Acids that may increase your skin's sensitivity to the sun and particularly the possibility of sunburn. Use sunscreen, wear protective clothing, and limit sun exposure while using this product and for a week afterwards."
pimprod2042406,VANICREAM,Moisturizing Cream with Pump for Sensitive Skin,Moisturizers,Face Moisturizer,$20.99,16.0 oz,https://media.ulta.com/i/ulta/2619667?w=800&h=800&fmt=auto,159 Reviews,"Benefits
Non-greasy, easy to spread, and quickly absorbed
Kid-friendly
Dermatologist Recommended
Formulated Without
Dyes
Gluten
Parabens
Fragrance","Water, Petrolatum, Sorbitol, Cetearyl Alcohol, Propylene Glycol, Ceteareth-20, Simethicone, Glyceryl Stearate, PEG-30 Stearate, Sorbic Acid, BHT.","Apply as needed to face, hands, feet, and body. Apply after bathing, showering, swimming, or sun exposure. Apply before exposure to wind and cold."
pimprod2034724,NuFACE,MINI+ Petite Facial Toning Microcurrent Kit,Self Care & Wellness,Spa Essentials,$250.00,,https://media.ulta.com/i/ulta/2599551?w=100&h=100&fmt=auto,302 Reviews,"Benefits
INSTANT & LONG-TERM RESULTS: 90% of users saw an INSTANT improvement in facial lift & contour*, 91% of users saw a long-term improvement in firmness of jowls and reduction of forehead lines*
FITNESS FOR YOUR FACE: Traditional skincare treats the skin's surface, but MINI+ goes deeper to smooth lines, gets an instant lift & contour, and sculpts deep down to the facial muscles
*Results from a consumer post-treatment questionnaire 15 minutes post-treatment
**Results from a consumer post-treatment questionnaire after 60 days of use
Features
LIFT ON-THE-GO: Water-resistant design with a sleek silhouette for facial sculpting anytime, anywhere
EXCLUSIVE SMART APP: Unlock App Exclusive treatments, step-by-step tutorials tailored to you, Selfie Tracker allows you to see progress and celebrate your achievements, custom reminders to help you stay on track
Includes
Mini+ Smart Petite Facial Toning Device in Sandy Rose
Silk Crème Activator (0.5 oz)
Aqua Gel (1.69 oz)
Power Adapter
User Manual + Quick Start Guide","Silk Crème: Aqua/Water/Eau, Caprylic/Capric Triglyceride, Butyrospermum Parkii Butter, Propanediol, Sodium Acrylates Copolymer, Sea Silt Extract, Isopentyldiol 1,2-Hexanediol, Adenosine, Bellis Perennis Flower Extract, Betaine, Biosaccharide Gum-4, Bisabolol, Caprylyl Glycol, Citric Acid, Ethylhexylglycerin, Glycerin, Helianthus Annuus Seed Oil, Hydrolyzed Hyaluronic Acid, Hylocereus Undatus Fruit Extract, Lecithin, Leucojum Aestivum Bulb Extract, Mannan, Olivine Extract, Pentylene Glycol, Sodium Citrate, Tocopherol, Tremella Fuciformis Sporocarp Extract, Trifolium Pratense Flower Extract, Zingiber Officinale Root Extract, Benzoic Acid, Benzyl Alcohol, Phenoxyethanol, Potassium Sorbate, Sodium Benzoate, Sodium Metabisulfite.
Aqua Gel: Water/Aqua/Eau, Propanediol, Sea Silt Extract, Hydrolyzed Hyaluronic Acid, Adenosine, Olivine Extract, Tremella Fuciformis Sporocarp Extract, Betaine, Glycerin, Carbomer, Hydroxyethylcellulose, Ethylhexylglycerin, Caprylyl Glycol, Sodium Citrate, Tocopherol, Benzyl Alcohol, Glyceryl Caprylate, Glyceryl Undecylenate, Potassium Sorbate, Disodium Phosphate, Sodium Phosphate, Sodium Metabisulfite, Phenoxyethanol, Sodium Hydroxide, Sodium Nitrate.","Cleanse: With an oil-free cleanser.
Boost: Apply a few drops one of the Nuface Super Booster serums onto fingertips and massage into clean, dry skin until fully absorbed.
Activate + Lift: Brush a mask-like layer of your favorite NuFACE Microcurrent Activator in sections as you lift. Perform glides/holds using your Mini+ Device.
Finish: Apply eye cream, moisturizer, and don't forget SPF!
Precautions: If you are under the care of a healthcare provider, consult your healthcare provider before using the Mini+ Device. Do not use over swollen, infected, inflamed areas or skin eruptions. This Device may not be safe for use on the neck in individuals with a known history of carotid artery disease, stroke or transient ischemic attack (TIA), carotid stenosis, unstable blood pressure, easy fainting, thyroid disease, or prior surgical procedures in the neck area. Avoid applying excessive pressure when using this device on the anterior neck, and avoid using the device over the midline of the neck. Please consult your healthcare provider if you have any concerns before use. Men should shave before use."
pimprod2049118,TATCHA,The Silk Peony Line-Smoothing Eye Cream,Eye Treatments,Eye Cream,$69.00,0.50 oz,https://media.ulta.com/i/ulta/2634181?w=100&h=100&fmt=auto,157 Reviews,"Benefits
Visible firming + 360° line-smoothing
Long-lasting moisture
Primes eye area for makeup
Non-comedogenic
Dermatologist tested
Key Ingredients
Whey Protein: rich in polypeptides, this strengthening ingredient helps visibly firm and reduce the look of lines and wrinkles
Silk Protein: a moisture-binding ingredient that smooths the look of dry, fine lines
Japanese White Peony: helps retain moisture, minimize water loss
Research Results
Delivers 2X the moisturization*
Improves the look of dry, fine lines†
Improves skin smoothness†
95% agree fine lines & wrinkles are less visible and skin around eyes feel firmer after 4 weeks**
92% agreed it kept makeup from settling into fine lines after 1 week**
*Based on a bio-instrumentation study of 40 panelists
**Based on a self assessment study of 40 panelists
†Based on a clinical study of 40 panelists","Saccharomyces/Rice Ferment Filtrate, Aqua/Water/Eau, Glycerin, Propanediol, Squalane, Dimethicone, Behenyl Alcohol, Myristyl Myristate, Glyceryl Stearate Se, Cera Alba/Beeswax/Cire D'abeille, Inositol, Whey Protein, Silica, Caprylic/Capric/Myristic/Stearic Triglyceride, Camellia Sinensis Leaf Extract, Cladosiphon Okamuranus Extract, Paeonia Albiflora Flower Extract, Hydrolyzed Silk, Sericin, Geranium Robertianum Extract, Chondrus Crispus Extract, Yeast Ferment Extract, Sargassum Vulgare Extract, Sodium Hyaluronate, Isostearic Acid, Sodium Stearoyl Glutamate, Sodium Polyacrylate Starch, Stearyl Alcohol, Sorbitan Isostearate, Polysorbate 60, Tocopheryl Acetate, Tocopherol, Hydroxyethyl Acrylate/Sodium Acryloyldimethyl Taurate Copolymer, Sodium Benzoate, Gluconolactone, Butylene Glycol, Ethylhexylglycerin, Parfum/Fragrance, Phenoxyethanol, Citral, Limonene, Linalool, Mica, Tin Oxide, Titanium Dioxide (Ci 77891).","Gently massage a rice grain-sized amount around each eye, day and night.
Tips & Tricks for 360° Line-Smoothing:
For Under-Eye Lines & Wrinkles: Tap lightly and rapidly from the inner corner to the outer corner.
For Crow's Feet, or Outer Corner Lines: Gently massage using an upward and outward motion out to the temple area.
For Brow Bone: Use upward circular motions to gently lift the brow."
pimprod2034183,TAN-LUXE,THE FACE Mini - Illuminating Self-Tan Drops,Suncare,Self-Tanning & Bronzing,$25.00,Light/Medium,https://media.ulta.com/i/ulta/2601143?w=100&h=100&fmt=auto,19 Reviews,"Benefits
Develops a natural looking, radiant glow in 2-4 hours
Features
Works with your existing skincare routine - no extra steps!
Formulated Without
Paraban","Aqua (Water), Dihydroxyacetone, Alcohol Denat. (SD Alcohol 40-B), Glycerin, Erythrulose ,Rubus Idaeus (Raspberry) Seed Oil , Aloe Barbadensis (Aloe) Leaf Juice, Xanthan Gum, Caramel, Tocopheryl Acetate (Vitamin E Acetate), Polysorbate 80, Parfum (Fragrance), Limonene, Geraniol, Hexyl Cinnamal, Benzyl Salicylate, Sodium Hydroxide, Benzoic Acid, Dehydroacetic Acid, Phenoxyethanol.","Mix 2-12 drops into your moisturizer, serum or oil in the palm of your hand.
Apply evenly to the face.
The more drops you apply, the deeper your glow will be.
Wash hands thoroughly after application."
pimprod2049175,TATCHA,The Dewy Serum Hyaluronic Acid & Collagen Amino Acid Serum,Treatment & Serums,Face Serums,$89.00,1.05 oz,https://media.ulta.com/i/ulta/2634105?w=100&h=100&fmt=auto,229 Reviews,"Benefits
Seals in moisture & improves surface cell turnover
Reduces the look of fine lines & boosts elasticity
Non-comedogenic
Dermatologist tested
Includes up to 30% PCR (recycled plastic)
Formulated Without: mineral oil, synthetic fragrance, sulfates, detergents, parabens, urea, DEA, TEA, phthalates
Key Ingredients
Hyaluronic Acid & Squalane: seal in moisture & improve surface cell turnover
Hydrolyzed Elastin + Collagen Amino Acids: reduce the look of fine lines + boosts skin elasticity
Abyssinian Oil: nourish & hydrate for a radiant glow
Research Results
6X instant hydration*
+67% immediate improvement in dewiness & radiance**
100% showed improvement in skin softness + suppleness**
98% showed improvement in texture after 2 weeks†
87% showed improvement in skin elasticity after 4 weeks††
82% showed improvement in the look of fine lines after 4 weeks†
*based on a bioinstrumentation study of 25 panelists
**based on a clinical study of 30 panelists
†based on a clinical study of 45 panelists
††based on a bioinstrumentation study of 45 panelists","Saccharomyces/Rice Ferment Filtrate, Glycerin, Propanediol, Aqua/Water/Eau, Squalane, Glyceryl Stearate, Isononyl Isononanoate, Behenyl Alcohol, Dimethicone, Stearyl Alcohol, Camellia Sinensis Leaf Extract, Cladosiphon Okamuranus Extract, Sodium Hyaluronate, Hydrolyzed Collagen, Hydrolyzed Elastin, Betaphycus Gelatinum Extract, Crambe Abyssinica Seed Oil, Stearyl Glycyrrhetinate, Ascorbyl Tetraisopalmitate, Phytosteryl Macadamiate, Tocopheryl Acetate, Sodium Dilauramidoglutamide Lysine, Sodium Chondroitin Sulfate, Polyglyceryl-10 Eicosanedioate/Tetradecanedioate, Cellulose Gum, Hydroxyethyl Acrylate/Sodium Acryloyldimethyl Taurate Copolymer, Disodium Phosphate, Potassium Phosphate, Ethylhexylglycerin, Sorbitan Isostearate, Polysorbate 60, Butylene Glycol, Tocopherol, Alcohol, Parfum/Fragrance, Phenoxyethanol, Citral, Limonene, Linalool.","Massage 1 - 2 pumps onto clean, dry skin, morning and night."
pimprod2037556,Loving Tan,2 HR Express Self Tanning Mousse Dark Rose,Suncare,Self-Tanning & Bronzing,$40.00,4.0 oz,https://media.ulta.com/i/ulta/2608535?w=100&h=100&fmt=auto,42 Reviews,"Benefits
Professional strength formula with results after one application
Easy, streak-free application every time
Natural olive color
Lasts up to 10 days with built-in moisturizer
Provides an instant bronze and develops into a deeper tan
Wash off in just 2 hours
Pleasant refreshing rose fragrance
Quick and easy option for those with limited time
Best suited for Medium to Dark skin tones
Key Ingredients
Aloe Vera to soothe and nourish the skin
Formulated Without
Parabens","Water (Aqua/Eau), Dihydroxyacetone, Propylene Glycol, Ethoxydiglycol, Panthenol, Erythrulose, Hamamelis Virginiana (Witch Hazel) Water, Decyl Glucoside, Phenoxyethanol Ethyl Hexyl Glycerin, Juglans Nigra (Black Walnut) Shell Extract, Aloe Barbadensis (Aloe Vera) Leaf Juice, Fragrance (Parfum), Hydroxypropyl Methylcellulose, Sodium Metabisulfite, Dimethicone PEG-8 Phosphate, Alcohol, Citric Acid, Salix Alba Bark Extract, Maltodextrin, Benzyl Benzoate, Benzyl Salicylate Coumarin, CI 16035 (FD&C Red 40), CI 17200 (FD&C Red 33), CI 19140 (FD&C Yellow 5), CI 42090 (FD&C Blue 1).","Apply moisturizer liberally to any dry areas including your hands, feet, ankles, wrists, knees and elbows. Pump a small amount of mousse onto your Loving Tan Applicator Mitt. Using circular motions, apply mousse directly to your body, blending as you go to ensure even coverage. Allow 60 seconds before dressing. Avoid perspiration or water for six hours while the tan develops. Finally, shower off after 2 hours to reveal a sexy, natural tan. For best results apply to clean, dry and exfoliated skin.
Precautions: This product does not contain sunscreen. Do not use on broken, irritated or sensitive skin. If irritation occurs, stop use and consult a doctor. For external use only. Avoid contact with eyes. This product may stain so avoid contact with light coloured fabrics furnishings or hair."
pimprod2007864,SUNDAY RILEY,Luna Retinol Sleeping Night Oil,Moisturizers,Face Oils,$55.00,0.5 oz,https://media.ulta.com/i/ulta/2550153?w=100&h=100&fmt=auto,661 Reviews,"Benefits
#1 face oil in the US based on FY 2021 dollars sold in NPD
Sunday Riley is the #1 face oil brand in the US based on FY 2021 dollars sold in NPD
Works throughout the night to deliver visibly youthful, luminous, even-toned skin by morning
Reduces the appearance of pores and wrinkles
Visibly improves the signs of premature aging: fine lines, uneven texture, age spots, dryness, and dullness
Soothes visible redness and neutralizes signs of sensitivity for a calm, even-toned complexion
Vegetarian
Formulated without artificial fragrances, sulfates, parabens, gluten, soy, and phthalates
Key Ingredients
Blue Tansy and German Chamomile Essential Oils: visibly reduce the appearance of redness for a calm, even-toned complexion
Avocado Seed Oil: plumps the skin to smooth the appearance of fine lines and wrinkles
Chia Seed Oil: helps minimize the appearance of lines
Research Results
After an independent consumer testing panel used Luna Sleeping Night Oil for 4 weeks:
100% felt the product absorbed well into the skin
96% of women felt their skin looked brighter, more radiant, healthier, and revitalized
92% of women felt their skin tone looked more even, calmer, smoother
88% felt their pores look smaller
85% felt their fine lines and wrinkles around the forehead were visibly improved","Vitis Vinifera (Grape) Seed Oil, Rubus Laciniatus (Blackberry) Seed Oil, Salvia Hispanica (Chia) Seed Oil, Persea Gratissima (Avocado) Oil, Dimethyl Isosorbide, Helianthus Annuus (Sunflower) Seed Oil, Hydroxypinacolone Retinoate, Rosmarinus Officinalis (Rosemary) Leaf Extract, Citrus Aurantium Amara (Bitter Orange) Flower Oil, Citrus Aurantium Dulcis (Orange) Oil, Chamomilla Recutita (Matricaria) Flower Oil, Cananga Odorata (Ylang Ylang) Flower Oil, Vetiveria Zizanoides Root Oil, Anthemis Nobilis (Chamomile) Flower Oil, Tanacetum Annuum (Blue Tansy) Flower Oil, Vanilla Planifolia (Vanilla) Fruit Extract, Eriocephalus Punctulatus (Cape Chamomile) Flower Oil, Green 6 (CI 61565), Violet 2 (CI 60725), Linalool, Limonene, Farnesol, Geraniol, Benzyl Benzoate.","Apply at night, to clean, dry face. Luna goes from blue to clear when massaged into the skin. Not for use during pregnancy.
For external use only. Avoid contact with eyes. Keep out of reach of children. Discontinue use if signs of irritation and/or rash appear. If pregnant or nursing, please consult your doctor before use. We always recommend using sunscreen during the day."
pimprod2049277,Sun Bum,Moisturizing Lip Balm SPF 30,Suncare,Sunscreen,$9.99,0.5 oz,https://media.ulta.com/i/ulta/2635067?w=100&h=100&fmt=auto,8 Reviews,"Benefits
Protect your kisser. Sun Bum's hydrating and nourishing formula delivers Broad Spectrum SPF 30 protection with a rich, clear finish. Hint of coconut.
Gluten Free
Key Ingredients
Aloe Vera:A moisture-rich plant with properties for cooling and soothing. It's often used to help hydrate dry, sensitive skin.
Vitamin E: An antioxidant that helps to neutralize free radicals, which are the main cause of premature skin aging.
Formulated Without
Parabens
Oxybenzone & Octinoxate","Active: Avobenzone 3% Homosalate 10% Octisalate 5% Octocrylene 8%.
Inactive: Capryloyl Glycerin/Sebacic Acid Copolymer, Canola Oil, Silica, Ricinus Communis (Castor) Seed Oil, Polyhydroxystearic Acid, Aloe Barbadensis Leaf Extract, Argania Spinosa Kernel Oil, Bisabolol, Euphorbia Cerifera (Candelilla) Wax, Fragrance, Helianthus Annuus (Sunflower) Seed Wax, Saccharin, Tocopheryl Acetate.","Use this one every day. For the best sun protection, apply liberally to lips 15 minutes before sun exposure and reapply throughout the day.
Precautions: For external use only. Do not use on damaged or broken skin. When using this product keep out of eyes. Rinse with water to remove. Stop use and ask a doctor if rash occurs. Keep out of reach of children. If swallowed, get medical help or contact a Poison Control Center immediately."
pimprod2051594,Vacation,Face Sunscreen Kit,By Category,Skin Gifts,$30.00,,https://media.ulta.com/i/ulta/2637919?w=100&h=100&fmt=auto,7 Reviews,"Benefits
Studio Tone SPF 50 - The makeup artist’s secret to sunkissed skin. This 3-in-1 formula provides a natural, bronzed glow while offering nourishment & protection. Enjoy alone or under makeup for a boost of color alongside a skin barrier-strengthening cocktail of ingredients.
Super Spritz SPF 50 - A premium face mist sunscreen designed to work well over makeup, fit neatly in your bag, and provide instantaneous hits of refreshment and protection as you go about your day.
Chardonnay Lip Oil SPF 30 - A deluxe, multipurpose lip oil made from Chardonnay Grapeseed Oil that nourishes, shines, plumps, and protects while providing broad spectrum SPF 30 protection and a delectable, gourmand caramel-vanilla flavor profile.
Includes
Studio Tone Bronzing Drops SPF 50 (1.0 oz)
Super Spritz Face Mist SPF 50 (1.0 oz)
Chardonnay Lip Oil SPF 30 (0.2 oz)","Studio Tone SPF 50: Active: Avobenzone (2.9%), Homosalate (7.1%), Octisalate (4.9%), Octocrylene (8.6%).
Inactive: Butyloctyl Salicylate, C13-14 Alkane, Calcium Sodium Borosilicate, Caprylhydroxamic Acid, Caprylyl Glycol, Carbomer, Cellulose Gum, Ceramide Ap, Ceramide Eop, Ceramide Np, Cetearyl Alcohol, Chlorella Vulgaris Extract, Cholesterol, Cistus Labdanum Extract, Coco-Glucoside, Coffea Arabica (Coffee) Seed Extract, Corylus Avellana (Hazelnut) Seed Oil, Ethyl Ferulate, Ethyl Vanillin, Ferulic Acid, Florosa, Glycerin, Glyceryl Stearate, Helianthus Annuus (Sunflower) Seed Oil, Hyaluronic Acid, Iron Oxides, Iso E Super, Isovalerianic Aldehyde, Mica, Methoxy Methyl Pyrazine, Microcrystalline Cellulose, Niacinamide (Vitamin B3), Octyldodecyl Oleate, Phytosphingosine, Propanediol, Sodium Benzoate, Sodium Gluconate, Sodium Lauroyl Lactylate, Sodium Stearoyl Glutamate, Sr-Hydrozoan Polypeptide-1, Theobroma Cacao (Cocoa) Extract, Titanium Dioxide, Tocopherol (Vitamin E), Tridecane, Trimethylpentanediol/Adipic Acid/Glycerin Crosspolymer, Undecane, Water, Xanthan Gum.
Super Spritz SPF 50: Active: Avobenzone (2.9%), Octisalate (4.9%), Octocrylene (9.5%).
Inactive: Alcohol (Organic), Aloe Barbadensis (Aloe Vera) Leaf Extract, Bisabolol, Butyloctyl Salicylate, Butyrospermum Parkii (Shea) Oil, Caffeine, Camellia Sinensis (Green Tea) Leaf Extract, Carthamus Tinctorius (Safflower) Seed Oil, Chlorella Vulgaris Extract, Cocos Nucifera (Coconut) Extract, Cucumis Sativus (Cucumber) Seed Oil, Diisooctyl Succinate, Ethyl Ferulate, Ethylhexyl Methoxycrylene, Fragrance, Musa Sapientum (Banana) Fruit Extract, Passiflora Edulis (Maracuja) Seed Oil, Polyester-8, Tocopherol (Vitamin E), Va/Butyl Maleate/Isobornyl Acrylate Copolymer, Water.
Chardonnay Lip Oil SPF 30: Active: Avobenzone (2.9%), Homosalate (5.0%), Octisalate (4.9%), Octocrylene (8.0%).
Inactive: Butyloctyl Salicylate, Butyrospermum Parkii (Shea) Butter Unsaponifiables, Caprylic/Capric Triglyceride, Capryloyl Glycerin/Sebacic Acid Copolymer, Cetearyl Ethylhexanoate, Ethyl Ferulate, Flavor, Glyceryl Behenate, Hdi/ Trimethylol Hexyllactone Crosspolymer, Hydrogenated Poly (C6-20 Olefin), Hydrolyzed Sodium Hyaluronate, Limnanthes Alba (Meadowfoam) Seed Oil, Palmitoyl Tripeptide-38, Polyester-8, Polyglyceryl-2 Isostearate/Dimer Dilinoleate Copolymer, Portulaca Pilosa Extract, Prunus Avium (Sweet Cherry) Seed Oil, Silica Silylate, Sorbitan Isostearate, Soybean Glycerides, Stevia Rebaudiana Extract, Sucrose Cocoate, Tetrahexyldecyl Ascorbate (Vitamin C), Tocopherol (Vitamin E), Trimethylpentanediol/Adipic Acid/Glycerin Crosspolymer, Vitis Vinifera (Grape) Seed Oil.","Studio Tone SPF 50 - Squeeze & release bulb to fill up entire dropper. Apply pressure to bulb slowly to dispense product on the applicator of your choice (finger tips, makeup brush or directly on face). Blend in evenly with fingers or brush in a circular motion. Can be worn under makeup or by itself. Apply 15 minutes prior to sun exposure. Reapply every 2 hours.
Note: Mixing Studio Tone with another product cannot guarantee sun protection.
Super Spritz SPF 50 - Hold spray 8-10 inches from face with eyes and mouth closed before using. Apply liberally 15 minutes before sun exposure.
Chardonnay Lip Oil SPF 30:
Works alone: wear alone and build layers for desired feel and appearance.
Works as a mask: wear multiple layers for deep nourishment and hydration.
Works as a topcoat: wear over color for long-lasting setting and extra shine.
Apply liberally 15 minutes before sun exposure. Reapply at least every 2 hours. Use a water-resistant sunscreen if swimming or sweating."
pimprod2049164,Eucerin,Radiant Tone Night Cream Dark Spot Corrector,Moisturizers,Night Cream,$32.99,1.7 oz,https://media.ulta.com/i/ulta/2634617?w=100&h=100&fmt=auto,555 Reviews,"Benefits
Helps minimize the look of persistent dark spots due to sun exposure, aging and imperfections
Regular use of this dark spot corrector helps maintain even-looking skin
Features
Non-sticky facial moisturizer
Suitable night moisturizer for all skin types, even sensitive skin
Key Ingredients
Formula with Thiamidol helps minimize the look of persistent dark spots due to sun exposure, aging and imperfections","Water, Glycerin, Alcohol Denat., Butyrospermum Parkii (Shea) Butter, Squalane, Cetearyl Isononanoate, Panthenol, Isopropyl Palmitate, Glyceryl Stearate Citrate, Cetearyl Alcohol, Hydrogenated Coco-Glycerides, Methylpropanediol, Lauroyl Lysine, Tocopherol, Isobutylamido Thiazolyl Resorcinol, Glucosylrutin, Pantolactone, Glycyrrhiza Inflata Root Extract, Isoquercitrin, Distarch Phosphate, Xanthan Gum, Phenoxyethanol, Trisodium Ethylenediamine Disuccinate, Citric Acid, Fragrance.","Massage Eucerin Radiant Tone Night Cream Dark Spot Corrector into your face and neck every night. Limit the collective use of Radiant Tone skincare products to four times daily.
Precautions: Keep out of reach of children. For external use only. Avoid contact with eyes. Discontinue use if irritation occurs."
pimprod2050357,Lancôme,Rénergie H.C.F. Triple Serum Discovery Skincare Gift Set,By Category,Skin Gifts,$92.00,,https://media.ulta.com/i/ulta/2636223?w=100&h=100&fmt=auto,,"Includes
Full-size Rénergie H.C.F. Triple Serum (0.7 oz)
Rénergie H.P.N 300-Peptide Cream mini (0.16 oz)
Rénergie Eye Cream mini (0.16 oz)
Research Results
Rénergie H.C.F. Triple Serum
Skin is more supple (+14.7%) & smoother (+30.1%)*
Fine lines are reduced (-13.8%)*
Wrinkles are reduced (-7.6%)*
Dark spots are visibly smaller (-14.1%) & less intense (-15.0%)*
Skin is firmer and less saggy (-12.0%)**
84% agree skin appears younger***
90% agree skin feels tightened***
91% agree skin feels moisturized***
91% agree overall skin appearance looks improved***
95% agree skin looks re-plumped***
95% agree skin feels softer***
*Based on 8-week results in a clinical study of 45 women.
**Based on 12-week results in a clinical study of 50 women.
***Based on self-assessment results in an 8-week consumer study with 58 women.
Rénergie H.P.N. 300-Peptide Cream
Decreased appearance of wrinkles (-21%) & fine lines (-26%)*
Reduced visibility of dark spots (-22%)*
Skin tone is more even (+22%)*
Improved firmness (+38%)*
Lower face sagging skin reduced (-27%)*
*Based on an 8-week result in a clinical study of 45 women.
Rénergie Eye Cream
Dark circles are visibly reduced (-15%)*
*Based on expert grading in an 8-week clinical study of 53 women.",See product packaging for complete ingredient listing.,"Use daily, in morning skincare routine and evening skincare routine.
Apply Rénergie H.C.F. Triple Serum on a clean face and neck using outward and upwards motions for a visibly-lifted effect.
Gently apply a pea-sized amount of cream to the lower eye contours (under-eye area). Smooth the cream all around the eye using light strokes, moving from the inner to outer corners of the eyes until the cream is completely absorbed.
Follow with Rénergie H.P.N 300-Peptide Cream. Apply on the face, neck, and décolleté after cleansing, toning, and using your facial serums. Gently massage into skin using small, upward, circular motions until the cream is fully absorbed."
pimprod2048930,ANUA,Heartleaf 77 Clear Pad,Cleansers,Toner,$22.00,70 ct,https://media.ulta.com/i/ulta/2634909?w=100&h=100&fmt=auto,134 Reviews,"Benefits
All-in-one daily exfoliating toner pad that cleanses residue and removes dead skin cells
Fragrance-free
Free Of: Alcohol / Parabens / Artificial Color / Silicones / Sulfates Mineral Oil / Methylchloroisothiazolinone / Methylisothiazolinone / Nuts
Key Ingredients
PHA: Helps delicately exfoliate dead skin cells
Anti-sebum P: For helping to reduce sebum and minimize the appearance of pores, with 4 plant derived extracts
HEARTLEAF+: Soothes sensitive skin irritations caused by dryness and helps maintain the skin's moisture
Research Results
Skin irritation test completed
Non-comedogenic test completed
Sebum secretion control evaluation (26.43% improvement after 2 weeks, 44.74% improvement after 4 weeks)
87.36% improvement in skin hydration after 4 weeks of use
27.27% improvement in pore volume value after 1 week of use","Houttuynia Cordata Flower/Leaf/Stem Water, Water, Gluconolactone, Propanediol, Tromethamine, Butylene Glycol, 1,2-Hexanediol, Sodium Phytate, Betaine, Ammonium Acryloyldimethyltaurate/VP Copolymer, Oenothera Biennis (Evening Primrose) Flower Extract, Pueraria Lobata Root Extract, Pinus Palustris Leaf Extract, Ulmus Davidiana Root Extract, Camellia Sinensis Leaf Extract, Coix Lacryma-Jobi Ma-yuen Seed Extract, Centella Asiatica Extract, Portulaca Oleracea Extract, Madecassoside, Asiaticoside, Asiatic Acid, Madecassic Acid.","Wipe with the embossed side to exfoliate and remove dead skin cells.
Gently pat to ensure enough absorption.
Can be used every day, AM & PM."
pimprod2014068,SUNDAY RILEY,Ice Ceramide Moisturizing Cream,Moisturizers,Face Moisturizer,$65.00,1.7 oz,https://media.ulta.com/i/ulta/2559449?w=100&h=100&fmt=auto,517 Reviews,"Benefits
A rich but lightweight moisturizing cream
Targets fine lines and wrinkles, loss of firmness and elasticity, and dullness and uneven texture
Replenishes the skin with lasting hydration
Defends against the signs of premature aging
Skin appears smooth, balanced and ageless throughout the day
For Dry, and Very Dry skin types
Key Ingredients
Ceramides are lipids created naturally by the skin, which help form the skin's natural moisture barrier
Vitamin F is a building block of ceramides, replenishing lipid levels and strengthening the skin's natural moisture barrier
Coconut reduces Transepidermal Water Loss (TEWL) and increases skin moisturization
Beetroot Extract addresses short and long term causes of dehydration, for increased skin smoothness and moisturization
Red Algae Extract is rich in minerals and helps lock in hydration and nurture the skin
Pomegranate sterols quench the skin with hydration and contain a high concentration of antioxidants that protect the skin from environmental stressors, responsible for premature skin aging
Formulated Without
Parabens
Sulfates
Gluten
Phthalates
Soy
Artificial Fragrance","Extract Blend [Water/Eau/Aqua, Chondrus Crispus (Red Algae) Extract], Squalane, C13-15 Alkane, Glycerin, Helianthus Annuus (Sunflower) Seed Wax, Lanolin Alcohol, Tri(Polyglyceryl-3/Lauryl) Hydrogenated Trilinoleate, Cocos Nucifera (Coconut) Fruit Extract, Ceramide NP, Ceramide EOP, Ceramide AP, Sodium Hyaluronate, Prunus Amygdalus Dulcis (Sweet Almond) Fruit Extract, Fructooligosaccharides, Beta Vulgaris (Beet) Root Extract, Shea Butter Ethyl Esters, Prunus Armeniaca (Apricot) Fruit Extract, Pimpinella Anisum (Anise) Fruit Extract, Rubus Idaeus (Raspberry) Fruit Extract, Vanilla Planifolia Fruit Extract, Cucumis Melo (Melon) Fruit Extract, Punica Granatum Sterols, Rosa Damascena Flower Oil, Ananas Sativus (Pineapple) Fruit Extract, Cinnamomum Cassia Leaf Oil, Ricinus Communis (Castor) Seed Oil, Helianthus Annuus Seed Oil, Rhus Verniciflua Peel Wax, Sodium Lauroyl Lactylate, Sodium Polyacryloyldimethyl Taurate, Triethyl Citrate, Tapioca Starch, Maltol, Polyquaternium-80, Sodium Phytate, Magnesium Stearate, Magnesium Aspartate, Pentylene Glycol, Tocopherol, Phytosphingosine, Cholesterol, Lithothamnion Calcareum Extract, Zinc Gluconate, Copper Gluconate, Phenoxyethanol, Ethylhexylglycerin, Polymethylsilsesquioxane, Xanthan Gum, Carbomer, Ascorbyl Palmitate, Pentaerythrityl Tetra-di-t-butyl Hydroxyhydrocinnamate, Benzotriazolyl Dodecyl P-cresol.","Apply to clean skin twice a day, morning and night.
Pro Tip: Apply as the last step of your skincare routine to lock-in moisture."
pimprod2023930,Good Molecules,Overnight Exfoliating Treatment,Treatment & Serums,Face Peels & Exfoliators,$6.00,1.0 oz,https://media.ulta.com/i/ulta/2582310?w=800&h=800&fmt=auto,454 Reviews,"Key Ingredients
Glycolic and lactic acids (AHAs) work on the surface level of your skin, removing dead skin cells for smoother and even textured skin.
Salicylic acid, a beta hydroxy acid (BHA), is used primarily for signs of breakouts.","Water, Glycolic Acid, Sodium Citrate, Propanediol, Glycerin, 1,2-Hexanediol, Lactic Acid, Xanthan Gum, Butylene Glycol, Salicylic Acid, Sodium Hyaluronate, Ethylhexylglycerin.","Apply a few drops to clean skin at night up to three times per week. Let sit for several minutes before continuing with your routine. May cause irritation if used with retinol or other acids. Always wear sunscreen when alpha hydroxy acids are part of your routine. If your skin is very sensitive, we recommend using once per week until your skin builds tolerance."
pimprod2042279,OLEHENRIKSEN,Truth Serum Hydrating Vitamin C Serum,Treatment & Serums,Face Serums,$56.00,1.0 oz,https://media.ulta.com/i/ulta/2617218?w=100&h=100&fmt=auto,549 Reviews,"Key Ingredients
True-C Complex: stabilized vitamin C derivates formulated to help visibly even the skin and fight visible signs of aging by delivering antioxidants
Orange and Green Tea Extracts: help nourish skin
Aloe Juice: helps soften and condition the feel of skin
Research Results
In an independent consumer study on 35 women over 8 weeks:
97% agree this product smooths skin
94% agree this product leaves skin soft
91% agree this product absorbs quickly and easily into skin","Aqua/Water/Eau, Glycerin, Oleth-20, Sodium Ascorbyl Phosphate, Hydroxyethylcellulose, Phenoxyethanol, Caprylyl Glycol, Hexylene Glycol, Citric Acid, Parfum/Fragrance, Peg-12 Dimethicone, Tocopheryl Acetate, Aroma/Flavor, Hydrolyzed Vegetable Protein, Disodium Phosphate, Polysorbate 60, Aloe Barbadensis Leaf Extract, Citrus Aurantium Dulcis (Orange) Fruit Extract, Sodium Hyaluronate, Thioctic Acid, Calcium Ascorbate, Sodium Phosphate, Sorbitol, Citrus Grandis (Grapefruit) Seed Extract, Sodium Benzoate, Ascorbic Acid, Camellia Sinensis Leaf Extract, Euphrasia Officinalis Extract, Rosa Canina Fruit Extract, Leuconostoc/Radish Root Ferment Filtrate, Potassium Sorbate, Triacetin, Sodium Benzotriazolyl Butylphenol Sulfonate, Benzyl Benzoate, Limonene, Linalool, Yellow 6 (Ci 15985).","Apply evenly to face and neck daily, taking time to enjoy the uplifting citrus scent and silky texture.
After fully absorbed, follow with your favorite OLEHENRIKSEN moisturizer, such as C-Rush Brightening Gel Crème.
For external use only. Use as directed.
Avoid contact with eyes. In case of contact with eyes, rinse immediately.
Please note: Do not use if allergic to vitamin C or any other ingredient in this formula. If irritation occurs, discontinue use."
pimprod2045648,Naturium,BHA Liquid Exfoliant 2%,Treatment & Serums,Face Peels & Exfoliators,$18.99,4.0 oz,https://media.ulta.com/i/ulta/2627284?w=100&h=100&fmt=auto,341 Reviews,"Benefits
Exfoliates skin to reduce the appearance of pores
Helps smooth uneven skin texture
Creates a glowing, radiant complexion
Dermatologist tested
Vegan, paraben & cruelty free
Key Ingredients
Beta Hydroxy Acid: exfoliates skin and unclogs pores
Bioactive Fruit Complex: gently exfoliates to tone and nourish complexion
Potent Hydrator: glycerin works to hydrate, ensuring the formula exfoliates without stripping skin
Research Results
CLINICALLY PROVEN RESULTS*
100% of subjects showed improvement in exfoliation in 8 weeks
97% of subjects showed improvement in hydration immediately
97% of subjects showed reduced appearance of pores in 8 weeks
*In an 8-week clinical study on subjects (women & men), representation across all skin types & self-perceived sensitive skin","Water, Butylene Glycol, Propanediol, Salicylic Acid, Sodium Polyacrylate, Citric Acid, Glycerin, Di glycerin, Citrus Glauca Fruit Extract, Micro citrus Australasia Fruit Extract, Micro citrus Australis Fruit Extract, Hydroxy acetophenone, Carrageenan, Phenoxyethanol, Sodium Phytate, Caprylyl Glycol, Phenylpropanol, Tocopherol.","Shake well. After cleansing, apply an even layer of the BHA exfoliant onto face with either your palms or a cotton pad. Do not rinse. Start with application every other night and increase to daily use, if tolerable. Follow with serums and moisturizer. Slight tingling or redness upon application may occur. Wear SPF during the day. Patch test prior to use is advised."
pimprod2049888,Kopari Beauty,Pure Protect Mineral Sunscreen Stick SPF 50+,Suncare,Sunscreen,$29.00,0.7 oz,https://media.ulta.com/i/ulta/2634094?w=100&h=100&fmt=auto,90 Reviews,"Benefits
SPF 50+ broad-spectrum UVA/UVB protection for face and body
Convenient, mess-free, and easy to apply over or under makeup
Non-greasy, smooth 100% mineral formula applies sheer
Layers seamlessly over skincare or makeup
Compact and perfect for daily, on-the-go use
Fragrance-free and gentle for sensitive skin
Good for all skin types
Packaging made from recyclable polypropylene plastic
Key Ingredients
Vitamin E: helps protect skin against damage from free radicals through its antioxidant properties
Bisabolol: helps calm and soothe skin after UV exposure
Formulated Without
PEGs, Silicone, Phthalates, Sulfates, Artificial Colorant, Oxybenzone and Octinoxate","Active: Zinc Oxide - 23.8%. Other: Helianthus Annuus (sunflower) Seed Cera/wax/cire, Caprylic/capric Triglyceride, Dicaprylyl Carbonate, Coco-caprylate, C12-15 Alkyl Benzoate, Ethyl Macadamiate, Dipentaerythrityl Hexahydroxystearate/hexastearate/hexarosinate, Octyldodecanol, Argania Spinosa Kernel Oil, Butyrospermum Parkii (shea) Butter, Tocopheryl Acetate, Copernicia Cerifera Cera (copernicia Cerifera (carnauba) Wax, Cire De Carnauba), Methyl Dihydroabietate, Helianthus Annuus (sunflower) Seed Oil, Candelilla Cera (euphorbia Cerifera (candelilla) Wax, Cire De Candelilla), Tocopherol, Jojoba Esters, Behenyl Behenate, Polyhydroxystearic Acid, C18-38 Alkyl Hydroxystearoyl Stearate, Sorbitan Sesquioleate, Isostearic Acid, Lecithin, Polyglyceryl-3 Polyricinoleate, Bisabolol, Malic Acid, Citric Acid, Canola Oil (huile De Colza) CI 77491/77492 (iron Oxides), Farnesol.","Apply stick liberally to face, neck, and body 15 minutes before sun exposure. Reapply every two hours.
For external use only. Do not use on damaged or broken skin. When using this product keep out of eyes. Rinse with water to remove. Stop use and ask a doctor if rash occurs. Keep out of reach of children. If swallowed, get medical help or contact a Poison Control Center right away.
Precautions: For external use only. Do not use on damaged or broken skin. When using this product keep out of eyes. Rinse with water to remove. Stop use and ask a doctor if rash occurs. Keep out of reach of children. If swallowed, get medical help or contact a Poison Control Center right away."
pimprod2032104,Loving Tan,Loving Tan Deluxe Tan Remover,Suncare,Self-Tanning & Bronzing,$25.00,3.3 oz,https://media.ulta.com/i/ulta/2594885?w=100&h=100&fmt=auto,101 Reviews,"Benefits
Gentle Formulation
Quick and easy to use
Lifts and dissolves unwanted tan
Leaves skin feeling silky smooth
Suitable for all skin tones
Formulated Without
Parabens","Water (Aqua/EAU), Ethoxydiglycol, Urea, Acrylates/Steareth-20 Methacrylate Copolymer, Arginine, Panthenol, Decyl Glucoside, Propylene Glycol, Cocamidopropyl Betaine, Carica Papaya (Paw Paw) Fruit Extract, Rubus Idaeus (Raspberry) Fruit Extract, Hamamelis Virginiana (Witch Hazel) Water, Prunus Cerasus (Bitter Cherry) Fruit Extract, Sorbitol, Glycerin, Alcohol, Citric Acid, Sodium Hydroxide, Fragrance (Parfum), Phenoxyethanol, Ethylhexylglycerin, Sodium Benzoate.","Before showering, apply gel liberally paying particular attention to any built-up tan. Allow to set for ten minutes before showering. Using circular motions, use your Tan Removing and Skin Polishing Glove to polish away any dead skin cells and unwanted tan.
Precautions: Do not use on broken, irritated or sensitive skin. Avoid Contact with eyes. Carry out a patch test 24 hours prior to use. If irritation occurs, stop use and consult a doctor. This product does not contain sunscreen and does not protect against sunburn. Repeated exposure of unprotected skin while tanning may increase the risk of skin ageing, skin cancer, and other harmful effects to the skin even if you do not burn. This product may discolor so avoid contact with fabrics, furnishings & hair. Store under 86 degrees F."
pimprod2033883,Clarins,Super Restorative Day Moisturizer,Moisturizers,Face Moisturizer,$136.00,1.7 oz,https://media.ulta.com/i/ulta/2598903?w=100&h=100&fmt=auto,83 Reviews,"Benefits
Visibly minimizes lines, wrinkles, loss of density + skin slackening
Visibly lifts, firms, smoothes + plumps
Hydrates, comforts + softens
Helps even skin tone
Key Ingredients
Organic Harungana Extract: as effective as retinol* and gentle on the skin; visibly minimizes wrinkles and loss of density
Organic Desert Date Extract + a Vitamin C Derivative: promote an even skin tone.
Organic Sea Lily Extract: intensely hydrates to leave skin feeling soft and comfortable
Vegetal Squalane Extract: helps protect and reinforce the skin's hydrolipidic film to shield it from external aggressors
Plant-Based Anti-Pollution Complex: helps protect skin from indoor and outdoor pollution, including blue light from electronics
Organic Gorse Extract: takes on skin slackening at the source
*In vitro test on collagen synthesis.
Research Results
88% visibly plumper skin*
85% visibly firmer & replenished skin*
*Consumer test - Super Restorative Day Cream, all skin types, 111 women - 28 days.",Aqua/Water/Eau. Cetearyl Isononanoate. Dicaprylyl Carbonate. Glycerin. Cetearyl Alcohol. Propanediol. Ascorbyl Glucoside. Butyrospermum Parkii (Shea) Butter. Hydrogenated Coco-Glycerides. Dimethicone. Glyceryl Stearate. Peg-100 Stearate. Cetearyl Glucoside. Butylene Glycol. Carbomer. Glyceryl Caprylate. Sodium Hydroxide. Parfum/Fragrance. Xylitylglucoside. Hydroxyacetophenone. Sodium Citrate. Anhydroxylitol. Xanthan Gum. Tocopheryl Acetate. Caprylic/Capric Triglyceride. Xylitol. Disodium Edta. Alcohol. Sodium Lactate. Glucose. Citric Acid. Harungana Madagascariensis Extract. Marrubium Vulgare Extract. Coco-Glucoside. Balanites Roxburghii Seed Oil. Phenethyl Alcohol. Furcellaria Lumbricalis Extract. Pancratium Maritimum Extract. Pyrus Sorbus Bud Extract. Ulex Europaeus Leaf/Root/Stem Extract. Palmitoyl Tripeptide-1. Lapsana Communis Flower/Leaf/Stem Extract. Maris Sal/Sea Salt/Sel Marin. CI 14700/Red 4. Palmitoyl Tetrapeptide-7 [V3994A].,"CLARINS EXCLUSIVE DRAINING PRESSURE APPLICATION METHOD
Smooth over clean face and neck each morning.
Apply with gentle press-and-release movements, avoiding the eye contour area.
Work downward, over neck and décolleté."
pimprod2042399,VANICREAM,Vitamin C Facial Serum for Sensitive Skin,Treatment & Serums,Face Serums,$24.99,1.2 oz,https://media.ulta.com/i/ulta/2619673?w=100&h=100&fmt=auto,60 Reviews,"Benefits
Ideal for sensitive, dull or uneven skin
Packaged in an airless pump, this formula is much less likely to oxidize or change color, so it lasts longer than many other Vitamin C serums
Fits seamlessly into any skin care regimen
Non-greasy and absorbs quickly
Non-comedogenic (won’t clog pores)
Dermatologist Recommended
Formulated Without
Dyes
Parabens
Gluten
Fragrance
Key Ingredients
Tetrahexyldecyl Ascorbate: Highly stable Vitamin C derivative that helps to enhance skin’s brightness
Ceramides: Help to hydrate and retain the skin’s moisture","Water, Glycerin, Diisooctyl Succinate, Tetrahexyldecyl Ascorbate, Pentylene Glycol, Polyglyceryl-2 Stearate, Carnosine, Ceramide NP, Ceramide EOP, Ceramide AP, Ceramide NG, Ceramide AS, Phytosterols, Glyceryl Stearate, Stearyl Alcohol, Hydrogenated Lecithin, 1,2-Hexanediol, Polyacrylate Crosspolymer-6, Citric Acid, Caprylyl Glycol.","Apply an even layer to clean face and neck up to twice daily. With first use, hold upright and pump until product dispenses."
pimprod2006821,Heritage Store,Rosewater Refreshing Facial Mist,Moisturizers,Face Mists & Essences,$11.99,8.0 oz,https://media.ulta.com/i/ulta/2548789?w=100&h=100&fmt=auto,154 Reviews,"Benefits
Instantly increases skin's hydration by over 300% after one use. *
*Based on instrumental clinical testing of 30 participants
Refreshes and hydrates skin, sets makeup and uplifts your mood
Formulated for all skin types
Key Ingredients
Damask Rose soothes and softens skin
Signature Vor-Mag Water - water which has been vortexed and magnetized to promote higher vibrations and energy
Dermatologically Tested & Hypoallergenic
Formulated Without
Dyes, alcohol*, parabens, sulfates or phthalates. * Guaranteed to contain less than 20ppm of ethanol.","Water*, Natural Rosa Damascena Flower Extract Fragrance.
*Water (Vor-Mag) has been vortexed and magnetized to raise the energy to a higher vibration.","Spray liberally on face and hair throughout the day, whenever you want a wake-up call."
pimprod2038065,SUNDAY RILEY,Mini Good Genes All-In-One Lactic Acid Treatment,Travel Size Skin Care,,$50.00,0.5 oz,https://media.ulta.com/i/ulta/2597808?w=800&h=800&fmt=auto,"2,822 Reviews","Benefits
Deeply exfoliates the dull surface of the skin for clarity, radiance, and younger-looking skin
Visibly brightens the appearance of age spots and discolorations
Helps fight a build-up of dead skin cells and excess sebum, which can lead to skin bumps, dullness, skin congestion, blackheads, and acne
Instantly plumps the look of fine lines and wrinkles in 3 minutes
Vegetarian
Cruelty-free
Formulated without artificial fragrances, sulfates, parabens, gluten, soy, and phthalates
Key Ingredients
Purified Lactic Acid is one of the most hydrating Alpha Hydroxy Acids (AHAs). Lactic Acid exfoliates the surface layers of the skin, revealing a more clarified, fresher, smoother, younger-looking complexion.
Licorice has naturally brightening properties and helps improve skin radiance.
Lemongrass is an astringent and refreshes skin for a toned complexion.
Arnica soothes the skin, reducing the feeling of skin discomfort.
Prickly Pear Extract is a rare desert cactus extract that instantly soothes skin.
Research Results
100% of users said their skin looked and felt significantly smoother and more radiant, with visibly reduced lines and wrinkles
100% of users said this was the most effective skin plumping product they have ever used and would definitely recommend this product to a friend","Botanical Blend [ Aqua, Opuntia Tuna Fruit Extract, Cypripedium Pubescens Extract, Opuntia Vulgaris Leaf Extract, Agave Tequilana Leaf Extract, Arnica Montana Flower Extract, Aloe Barbadensis Leaf Extract, Saccharomyces Cerevisiae (Yeast) Extract, Leuconostoc/Radish Root Ferment Filtrate], Caprylic/Capric Triglyceride, Squalane, Lactic Acid, PPG-12 / SMDI Copolymer, Propanediol, Butylene Glycol, Stearic Acid, Dimethicone, Cetearyl Alcohol, Phenyl Trimethicone, Disiloxane, Ceteareth-20, Glyceryl Stearate, PEG-100 Stearate, Stearyl Glycyrrhetinate, Glycyrrhiza Glabra Root Extract, Cymbopogon Schoenanthus (Lemongrass) Oil, Potassium Hydroxide, Phenoxyethanol, Xanthan gum, Caprylyl Glycol, Chlorphenesin, Sodium Phytate.","Apply 1-2 pumps to clean, dry skin as a leave-on treatment. Use day or night. Can be applied on top of Luna Sleeping Night oil, and before your moisturizer. For sensitive skin, use as a mask. Apply 1-3 pumps to clean, dry skin and leave on for 15 minutes. Rinse well and pat dry."
pimprod2039710,OSEA,Undaria Body Dynamic Duo,Body Moisturizers,Body Serums & Oils,$30.00,,https://media.ulta.com/i/ulta/2612847?w=100&h=100&fmt=auto,27 Reviews,"Benefits
Instantly improves skin elasticity and deeply moisturizes
Delivers immediate and long lasting hydration all over
Leaves skin visibly smoother, firmer and glowing
Sustainably packaged: Bottles are made of frosted glass.
Key Ingredients
Peptide: A biomimetic tetrapeptide that smooths and firms the look of skin.
Includes
Undaria Algae Body Oil (1.0 oz): Seaweed-infused body oil clinically shown to instantly moisturize and improve the look of skin elasticity.
Undaria Algae Body Lotion (1.0 oz): Ultra-hydrating, lightweight lotion clinically shown to visibly firm skin in just 4 hours.","Undaria Algae Body Oil: Helianthus Annuus (Sunflower) Seed Oil, Undaria Pinnatifida Extract, Euterpe Oleracea (Acai) Pulp Oil, Linum Usitatissimum (Linseed) Seed Oil, Orbignya Oleifera (Babassu) Seed Oil, Oryza Sativa (Rice Bran) Oil, Passiflora Edulis (Passion Fruit) Seed Oil, Sesamum Indicum (Sesame) Seed Oil, Tocopherol, Citrus Aurantifolia (Lime) Oil, Citrus Paradisi (Grapefruit) Peel Oil, Cupressus Sempervirens (Cypress) Oil, Fragrance / Parfum*
*Natural Fragrance
Undaria Algae Body Lotion: Water / Aqua / Eau, Glycerin, Simmondsia Chinensis (Jojoba) Seed Oil, Persea Gratissima (Avocado) Oil, Cetearyl Olivate, Butyrospermum Parkii (Shea) Butter, Undaria Pinnatifida Extract, Propanediol, Coconut Alkanes, Sorbitan Olivate, Citrus Paradisi (Grapefruit) Peel Oil, Aloe Barbadensis Leaf Juice, Cocoyl Hydrolyzed Collagen, Palmitoyl Tetrapeptide-72 Amide, Sodium Hyaluronate, Oryza Sativa (Rice) Bran Extract, Rosmarinus Officinalis (Rosemary) Leaf Extract, Helianthus Annuus (Sunflower) Extract, Bisabolol, Coco-Caprylate/Caprate, Citrus Latifolia Peel Oil, Cupressus Sempervirens Leaf/Stem Oil, Caprylic/Capric Triglyceride, Trisodium Ethylenediamine Disuccinate, Caprylhydroxamic Acid, 1,2-Hexanediol, Tocopherol, Tetrahydrodiferuloylmethane, Xanthan Gum, Cetyl Stearate, Saccharide Isomerate, Caprylyl Glycol, Ethylhexylglycerin, Sodium Citrate, Citric Acid, Sodium Benzoate, Potassium Sorbate, Fragrance /Parfum*
*Natural Fragrance
Natural fragrance is a blend of aromatic compounds and/or essential oil(s) extracted from different parts of plants including flowers and fruits.","Undaria Algae Body Oil: Generously massage into dry or damp skin.
Undaria Algae Body Lotion: Generously massage into dry or damp skin."
pimprod2002093,La Roche-Posay,Toleriane Dermallergo Eye Cream Repair Moisturizer for Dry Skin,Eye Treatments,Eye Cream,$30.99,,https://media.ulta.com/i/ulta/2539630?w=100&h=100&fmt=auto,356 Reviews,"Benefits
Eye cream for sensitive skin intensely soothes and protects
Calming gel-cream texture provides instant and long-lasting comfort
Helps restore the natural skin barrier
Provides soothing and antioxidant benefits with mineral-rich La-Roche Posay Thermal Spring Water
Replenishes hydration with shea butter
Suitable for the entire eye area, including the eyelids, as well as contact lens wearers
Safe for allergy-prone skin, dry skin, sensitive skin and sensitive eyes
Air-tight packaging prevents contamination and ensures purity
Non-comedogenic
Dermatologist, allergy and sensitive skin tested
Key Ingredients
La Roche-Posay Thermal Spring Water is naturally rich in minerals with scientifically demonstrated soothing and antioxidant properties
Neurosensine helps reduce signs of skin sensitivity
Niacinamide is form of vitamin B3 with soothing properties
Shea butter helps nourish the skin and visibly reduce signs of skin irritation caused by dryness
Formulated Without
Fragrance
Parabens
Preservatives
Alcohol
Lanolin
Colorants","Aqua/Water, Glycerin, Butylene Glycol, Propanediol, Squalane, Butyrospermum Parkii Butter/Shea Butter, Pentylene Glycol, Niacinamide, Cellulose, Zea Mays Starch/Corn Starch, Polysorbate 20, Salvia Miltiorrhiza Root Extract, Glyceryl Acrylate/Acrylic Acid Copolymer, Sphingomonas Ferment Extract, Ammonium Polyacryloyldimethyl Taurate, Hydroxyacetophenone, Citric Acid, Trisodium Ethylenediamine Disuccinate, Acetyl Dipeptide-1 Cetyl Ester.",Apply to the eye area morning and evening. Suitable for application on the eyelid and for contact lens wearers.
pimprod2049015,Essence,Juicy Bomb Glossy Butter Balm,Lips,Lip Balms & Treatments,$3.99,01 One In A Melon,https://media.ulta.com/i/ulta/2633172?w=100&h=100&fmt=auto,57 Reviews,"Features
Soft buttery lip balm formula
Provides a sensational fragrance
Leaves lips nourished and hydrated
Comes in a beautiful color range
For a glossy finish
Formulated Without
Animal by-product
Microplastic particles
Parabens
Gluten
Lactose","01 One In A Melon: Diisostearyl Malate, Tridecyl Trimellitate, Synthetic Wax, Triethylhexanoin, Polyisobutene, Bis-Behenyl/Isostearyl/Phytosteryl Dimer Dilinoleyl Dimer Dilinoleate, Bis-Diglyceryl Polyacyladipate-2, Pentaerythrityl Tetraisostearate, Polyglyceryl-2 Triisostearate, Tocopheryl Acetate, Vitis Vinifera (Grape) Seed Oil, Butyrospermum Parkii (Shea) Butter, Cocos Nucifera (Coconut) Oil, Prunus Avium (Sweet Cherry) Seed Oil, Tocopherol, Phenoxyethanol, Benzyl Alcohol, Parfum (Fragrance), Aluminum Hydroxide, CI 15850 (Red 6), CI 15850 (Red 7), CI 77891 (Titanium Dioxide).","Apply essence Juicy Bomb Glossy Butter Balm onto bare lips for a hint of color and gloss. Pair with your favorite essence lip liner or gloss for an added dimension. Pro Tip: The product is not retractable, only twist as needed."
pimprod2041039,Bubble,Plus One Tinted Daily Mineral Sunscreen Broad Spectrum SPF 40,Suncare,Sunscreen,$19.00,1.7 oz,https://media.ulta.com/i/ulta/2616745?w=100&h=100&fmt=auto,422 Reviews,"Benefits
All skin types; especially breakout prone and sensitive skin types
Key Ingredients
Zinc Oxide provides your first line of defense against the sun
Cupuacu Seed Butter is high in omega-3 fatty acids to deeply moisturize skin
Syringa Vulgaris (Lilac Extract) helps to mattify oil and balance acne-prone skin
Goji Extract helps visibly even skin tone with regular use
Blue Light Protection helps reduce UV damage from the sun and your screens
Formulated Without
Denatured alcohols
Added fragrance
Artificial color","Active: Zinc Oxide 15%.
Inactive: Water (Aqua), Coco-Caprylate/Caprate, Cetearyl Alcohol, Dicaprylyl Carbonate, Coco-Glucoside, Methyl Dihydroabietate, Glycerin, Polyglyceryl-3 Polyricinoleate, Propanediol, Theobroma Grandiflorum (Cupuacu) Seed Butter, Pongamia Pinnata Seed Extract, Rubus Idaeus (Raspberry) Seed Oil, Glyceryl Caprylate, Lauroyl Lysine, Sclerotium Gum, Diheptyl Succinate, Octyldodecanol, Isostearic Acid, Caprylhydroxamic Acid, Polyglyceryl-3 Diisostearate, Citric Acid, Phytic Acid, Jojoba Esters, Trihydroxystearin, Capryloyl Glycerin/Sebacic Acid Copolymer, Silybum Marianum (Blessed Thistle) Ethyl Ester, Maltodextrin, Lycium Barbarum (Matrimony Vine) Fruit Extract, Vaccinium Vitis-Idaea (Lingonberry) Fruit Extract, Punica Granatum Pericarp (Pomegranate) Extract, Syringa Vulgaris (Lilac) Extract, Tocopherol, Xanthan Gum, Gluconolactone, Calcium Gluconate, Phenoxyethanol, Sodium Benzoate, Iron Oxides (CI 77492), Iron Oxides (CI 77491), Iron Oxides (CI 77499).","Apply a generous amount (2-4 pumps) evenly as the last step of your AM skincare routine (before applying makeup and 30 minutes before sun exposure). Reapply every 2-3 hours to maintain protection. If you're planning on swimming or sweating, always use Plus One in combination with a water-resistant sunscreen.
Precautions: Use only as directed."
pimprod2049959,Bubble,Blemish Begone Acne Prevention Kit,Treatment & Serums,Acne & Blemish Treatments,$44.00,,https://media.ulta.com/i/ulta/2634734?w=100&h=100&fmt=auto,69 Reviews,"Benefits
Developed with dermatologists
Super Clear helps reduce redness from breakouts
Super Clear helps prevent future breakouts
Knock Out helps clear blemishes
Level Up provides ultra-lightweight hydration
Gentle enough for daily use
Key Ingredients
Salicylic Acid helps clear pores and remove acne-causing nasties
Wintergreen Extract helps purify skin and reduce excess sebum
Aloe Leaf Juice helps soothe and moisturize
Oatmeal Extract helps calm skin
Niacinamide helps hydrate, calm irritation, and support skin barrier function
Includes
Fresh Start Gel Cleanser (1.7 oz)
Super Clear Acne Treating Serum 2% Salicylic Acid (1.0 oz)
Knock Out Acne Spot Treatment 1.8% Salicylic Acid (0.33 oz)
Level Up Balancing Gel Moisturizer (1.7 oz)","Fresh Start: Water (Aqua), Disodium Cocoyl Glutamate, Glycerin, Acrylates/Steareth-20 Methacrylate Copolymer, Sodium Cocoyl Glutamate, Lavandula Angustifolia (Lavender) Flower Water, Aloe Barbadensis Leaf Juice, Ascorbic Acid, Butylene Glycol, Caffeine, Citric Acid, Ethylhexylglycerin, Gluconolactone, Hydrolyzed Rhodophyceae Extract, Mentha Viridis (Spearmint) Leaf Extract, Tocopherol, Phenoxyethanol, Potassium Sorbate, Sodium Benzoate, Sodium Sulfite.
Super Clear: Active - Salicylic Acid -- 2%
Inactive: Water (Aqua), Glycerin, Squalane, Octyldodecyl Stearoyl Stearate, Sodium Polyacyloyldimethyl Taurate, Sodium Polyacrylate, Cetearyl Alcohol, Centella Asiatica Leaf Extract, Colloidal Oatmeal, Salvia Officinalis (Sage) Leaf Extract, Zinc PCA, Dipotassium Glycyrrhizate, Melia Azadirachta Seed Oil, Spiraea Ulmaria Flower Extract, Salix Nigra (Willow) Bark Extract, Xanthan Gum, Coco-Glucoside, Tocopheryl Acetate, Potassium Hydroxide, Citric Acid, Phenoxyethanol.
Knock Out: Active Ingredients - Salicylic Acid -- 1.8% Inactive Ingredients- Water (Aqua), Pentylene Glycol, Sodium Polyacrylate,Polyacrylate Crosspolymer-6, Gaultheria Procumbens (Wintergreen) Leaf Extract, Glycerin, Azelaic Acid, Salix Nigra (Willlow) Bark Extract, Aloe Barbadensis Leaf Juice, Zinc PCA, Dipotassium Glycyrrhizate, Sambucus Nigra Fruit Juice, Spiraea Ulmaria Flower Extract, Citric Acid, Sodium Hydroxide, Phenoxyethanol.
Level Up: Water (Aqua), Glycerin, Achillea Millefolium Flower Extract, Acrylates/C10-30 Alkyl Acrylate Crosspolymer, Ammonium Acryloyldimethyltaurate/VP Copolymer, Cannabis Sativa (Hemp) Seed Oil, Caprylic/Capric Triglyceride, Ethylhexylglycerin, Glucose, Hydrolyzed Pea Protein, Neopentyl Glycol Diheptanoate, Niacinamide, Oenothera Biennis (Evening Primrose) Oil, Oleyl Erucate, Sodium Chloride, Sodium Hydroxide, Sodium Phytate, Sodium Succinate, Squalane, Tocopherol, Tocopheryl Acetate, Zinc PCA, Phenoxyethanol.","Begin by applying 1-2 pumps of Fresh Start to damp skin. Gently massage into a lather, rinse with water, and pat dry. Follow by applying one pump of Super Clear to clean, dry skin and allow to absorb for 1 minute. Next, apply a small amount of Knock Out directly to blemishes and let dry for 2 minutes. Knock Out can be applied up to 1-3 times daily until blemish has cleared, and as tolerated. Finish by evenly applying Level Up and top it all off with an SPF for daytime.
Precautions: Only use as directed."
pimprod2034133,ELEMIS,Dynamic Resurfacing Facial Pads,Treatment & Serums,Face Peels & Exfoliators,$65.00,60 ct,https://media.ulta.com/i/ulta/2597478?w=100&h=100&fmt=auto,970 Reviews,"Benefits
Smooth
Resurface
Exfoliate
Brighten
Even tone
Reduce dark spots
Key Ingredients
Patented Tri-Enzyme Technology ELEMIS' patented Tri-Enzyme Technology helps to effectively break up the layer of dead cells that accumulates on the skin's surface without compromising its delicate moisture barrier.
1% Lactic Acid This naturally occurring Alpha Hydroxy Acid (AHA) gently exfoliates by breaking the bonds that hold dead skin cells onto skin's surface, helping to improve skin texture and tone.
Probiotic Ferment Complex Helps support skin's renewal process by encouraging the shedding of dead skin cells, resulting in a more radiant, revitalized, and brighter complexion.
Research Results
100% agreed these were the best resurfacing facial pads they ever used.*
100% agreed this left their skin tone and texture looking visibly improved**
100% agreed that after using this product, their makeup went on smoother and more evenly.*
97% agreed the Dynamic Resurfacing Facial Pads helped reduce the appearance of uneven skin tone, darks spots and age spots.*
*Independent Clinical Trials 2019. Results based on 36 people over 4 weeks.
**Independent User Trials 2017. Results based on 120 people over 4 weeks.","Aqua/Water/Eau, Butylene Glycol, Lactococcus Ferment Lysate, Polysorbate 20, Methyl Gluceth-20, Lactic Acid, Phenoxyethanol, Betaine, Sodium Hydroxide, Propylene Glycol, Disodium EDTA, Benzoic Acid, Fragrance (Parfum), Dehydroacetic Acid, Ethylhexylglycerin, Papain, Saponins, Sodium Benzoate, Sodium Chloride, Glycerin, Behenyl Alcohol, Butyrospermum Parkii (Shea) Butter, Hydrogenated Castor Oil, Stearyl Alcohol, Poria Cocos Extract, Protease, Saponaria Officinalis Leaf Extract, Subtilisin, Tocopheryl Acetate.","Use daily, morning and night after cleansing
Gently apply the textured side to the face, neck, décolleté in a circular motion
Follow up with SPF"
pimprod2042277,OLEHENRIKSEN,Banana Bright 15% Vitamin C Dark Spot Serum,Treatment & Serums,Face Serums,$68.00,1.0 oz,https://media.ulta.com/i/ulta/2617216?w=100&h=100&fmt=auto,661 Reviews,"Key Ingredients
Vitamin C (Ethyl Ascorbic Acid) 15%: helps brighten skin and visibly reduce the appearance of fine lines, wrinkles, dark spots, and discoloration, while defending against environmental stressors
PHAs (Polyhydroxy Acids) 5%: an innovative alternative to AHAs that helps even skin tone and texture through chemical exfoliation, loosening and lifting dry, dead skin cells, and revealing newer, fresher skin beneath
Hyaluronic Acid: helps plump skin's surface with hydration and reinforce skin's moisture barrier
Research Results
Brighter, bouncier skin in 7 days
Improves appearance of dark spots in 4 weeks
Instantly improves the look of fine lines + wrinkles","Aqua/Water/Eau, 3-O-Ethyl Ascorbic Acid, Neopentyl Glycol Diheptanoate, Gluconolactone, Cetearyl Olivate, Sorbitan Olivate, Citrus Aurantium Dulcis (Orange) Oil, Citrus Aurantium Dulcis (Orange) Peel Oil, Triethyl Citrate, Citrus Sinensis (Orange) Fruit Extract, Helianthus Annuus (Sunflower) Seed Oil, Potassium Hydroxide, Betaine, Panthenol, Phenoxyethanol, Hydroxyacetophenone, Aminomethyl Propanol, Acrylates/C10-30 Alkyl Acrylate Crosspolymer, Gluconic Acid, Tocopherol, Glycerin, Succinoglycan, Phytic Acid, Mica, Sodium Metabisulfite, Sodium Hyaluronate, Hyaluronic Acid, Caramel, Dipotassium Glycyrrhizate, Sodium Polyacrylate, Pentaerythrityl Tetra-Di-T-Butyl Hydroxyhydrocinnamate, Sodium Phytate, Citrus Limon (Lemon) Fruit Extract, Rosa Canina Fruit Extract, Hippophae Rhamnoides Extract, Ascorbic Acid, Lycium Barbarum Fruit Extract, Citrus Aurantium Dulcis (Orange) Fruit Extract, Leuconostoc/Radish Root Ferment Filtrate, Limonene, Linalool, Citral, Titanium Dioxide (Ci 77891), Yellow 5 (Ci 19140), Red 4 (Ci 14700).","Apply evenly to face and neck daily.
After fully absorbed, follow with your favorite OLEHENRIKSEN moisturizer, such as C-Rush Brightening Gel (sold separately).
Pair with Banana Bright Eye Crème for visibly brighter, firmer skin around the eyes.
Please note: Do not use if allergic to vitamin C or any other ingredient in this formula. If irritation occurs, discontinue use."
pimprod2043253,Maui Babe,Amazing Shimmer Browning Formula,Suncare,Self-Tanning & Bronzing,$19.99,8.0 oz,https://media.ulta.com/i/ulta/2619712?w=800&h=800&fmt=auto,11 Reviews,"Benefits
Fast tan with a shimmer glow
Features
Natural Hawaiian Ingredients
Gold light-diffusing micro-flecks for eye catching glow","Light Mineral Oil, Aqua, Kukui Nut Oil, Palm Kernel Oil, Kona Coffee Plant Extract, Synthetic Mica, Aloe, Antioxidants E, C & A, Titanium Dioxide, Iron Oxides, Potassium Iodide, Light Fragrance.","Shake well. Apply generously and evenly to all areas before sun exposure. Re-apply at frequent intervals, after swimming or towel drying to achieve maximum results. If using with an SPF, apply SPF first; Maui Babe recommends SPF30 or above.
Precautions: Keep product out of extreme heat and direct sunlight. Maui Babe products contain oils from natural nuts, plants and fruit. Please read Maui Babe labels and ingredient lists carefully before use and follow the appropriate directions. If you have a specific allergy or sensitivity to one of the ingredients listed, the use of the product may trigger a reaction. A patch test is highly recommended for first-time users and those with sensitive skin if there is any doubt or history with skin reactions to the ingredients listed. If sensitivity or reaction occurs, discontinue use immediately and consult a doctor. Do not use on broken, irritated or sensitive skin. For external use only. Keep out of reach of children and pets. Always consult your doctor or healthcare specialist for medical advice in relation to product safety while pregnant or breastfeeding. This product does not contain sunscreen and does not protect against sunburn. UV exposure can lead to skin cancer and premature aging, even if you don't burn. Avoid contact with eyes, mouth and mucous membranes. This product may stain so avoid contact with light colored fabrics, furnishings or hair."
pimprod2039025,Dolce Glow,Self-Tanning Mist,Suncare,Self-Tanning & Bronzing,$49.00,Medium to Dark,https://media.ulta.com/i/ulta/2611575?w=100&h=100&fmt=auto,209 Reviews,"Benefits
A natural golden tan that lasts for days!
Perfect for every skin type for a medium to dark bronzed glow
Natural beauty oil blend repairs, hydrates & nourishes the skin
Diminishes the visibility of fine lines, wrinkles and skin imperfections.
Plumps and Rejuvenates the skin for a younger look and feel
Features
Easy to apply tanning mist
Streak Free Application
360° spray coverage
Medium to Dark Tan that lasts for days
Fast Drying + No Transfer
Paraben Free, Sulfate Free
Dermotologist Tested
Key Ingredients
Goji Berry Fruit Extract: High in Vitamin C + antioxidants. The ultimate skin protector - neutralizes free radicals, stressors and re-energizes the skin.
Aloe Vera: Elasticity-boosting skincare binds moisture and helps you reduce the visibility of fine lines & wrinkles for a confident youthful glow!
Australian Macadamia Oil: A deeply hydrating oil with Vitamin E to help repair + squalene for resilience and protection… this super-oil is the key to total skincare success!
Sodium Hyaluronate: A form of Hyaluronic Acid that helps build collagen and replenishes skin’s moisture for skin that radiates with health.
Bulgarian Rose Oil: Enriched with natural anti-inflammatory compounds to help reduce pores, soothe skin irritations, and smooth out fine lines - for beauty that radiates from within.
Jojoba Seed Oil: An indulgent, luxury skincare oil that gently replenishes skin's natural sebum for a softer and more radiant complexion.","Water, Alcohol, Dihydroxyacetone, Aloe Barbadensis (Aloe Vera) Leaf Juice, Lycium Barbarum (Goji Berry) Fruit Extract, Camellia Sinensis (Jojoba) Seed Oil, Macadamia Integrifolia (Macademia) Seed Oil, Rose Bulgarian (Rose Water) Absolute, Caramel, Propylene Glycol, Polysorbate 20, Glycerin, Dimethyl Isorbide, Sodium Metabisulfite, Sodium Hyaluronate, Retinyl Palmitate (Vitamin A), Ethylhexylglycerin, Phenoxyethanol, Potassium Sorbate, Maltodextrin, FD&C Yellow 5 (CI19140), FD&C Red 40 (CI16035), FD&C Blue 1 (CI42090), FD&C Red 4 (CI14700), Fragrance.","Before application, exfoliate skin and avoid applying any moisturizers, oils, or perfumes. Hold the nozzle approximately 10 inches away from the skin and begin to apply in a slow, continuous, circular motion. Use Dolce Glow Application Mitt to blend if needed. Dolce is a gradual tanning mist that will darken over time, see application time below for recommended duration. Wait until the skin is completely dry before dressing. Avoid contact with water until the first rinse. When ready, rinse skin and gently pat dry for a radiant glow. To maintain a radiant glow, use Dolce 1 to 2 times a week and moisturize your skin.
Application time:
Leave the product on for the recommended times listed below. Select a time based on your desired appearance.
Light Tan: 2-4 hours.
Medium Tan: 4-6 hours.
Dark Tan: 6+ hours.
Precautions: Contents under pressure. Do not place in hot water or near radiators, stoves or sources of heat. Do not puncture or incinerate container or store at temperatures over 120 °F. Keep out of reach of children. Avoid contact with eyes. This product does not contain a sunscreen and does not protect against sunburn. Repeated exposure of unprotected skin while tanning may increase the risk of skin aging, skin cancer, and other harmful effects to the skin even if you do not burn. Do not use it on irritated, broken, or sensitive skin. If irritation occurs, stop using and contact your physician. For external use only. A patch test is always recommended 1 day prior to tan."
pimprod2043686,Vacation,Instant Vacation Bronzing Lotion SPF 30 Body Sunscreen,Suncare,Sunscreen,$24.00,5.0 oz,https://media.ulta.com/i/ulta/2620523?w=100&h=100&fmt=auto,211 Reviews,"Benefits
Broad spectrum SPF 30 protection against the sun’s harmful UVA and UVB rays
Natural pigments instantly deliver a bronzed, sun-kissed look for Vacation Skin™
Packed with skincare ingredients to help moisturize and firm skin
Custom gourmand scent with notes of cocoa, hazelnut, and coffee
Lightweight lipid-rich lotion leaves skin feeling silky smooth with a moisturized glow
Absorbs and dries quickly, allowing for layering to achieve desired shade
Helps skin tone look more even
No need for mitts or gloves - simply wash hands with soap and water after application
Cruelty-free & vegan
""CleanClassic"" formulation process to update everything you love about sunscreens of the past with the best of modern skincare science
Hawaii Reef Compliant Act 104
Dermatologist tested
Manufactured in the USA
Packaging made with recycled materials
Key Ingredients
Natural Mineral Pigments provide an immediate bronzed glow
Hazelnut Oil, Shea Oil, & Cocoa Butter Blend helps moisturize and nourish
Coffee Arabica Blend rich in fatty acids helps visibly firm and tighten skin
Vitamin E & Bisabolol calm and replenish sun-exposed skin
Formulated Without
Every Vacation formula is dermatologist tested and reviewed by toxicologists to ensure world-class protection
Oxybenzone, Octinoxate, Parabens, Phthalates, PEGs, Beeswax, Mineral Oil, and Petrolatum","ACTIVE INGREDIENTS Avobenzone (2.9%), Octisalate (4.9%), Octocrylene (9.5%) INACTIVE INGREDIENTS Acetyl Tyrosine, Alcohol, Arachidyl Alcohol, Arachidyl Glucoside, Behenyl Alcohol, Bisabolol, Butyloctyl Salicylate, Butyrospermum Parkii (Shea) Oil, C13-14 Alkane, C13-15 Alkane, Caprylhydroxamic Acid, Caprylyl Glycol, Cetearyl Alcohol, Cetyl Alcohol, Citric Acid, Coco-Glucoside, Coffea Arabica (Coffee) Seed Oil, Corylus Avellana (Hazelnut) Seed Oil, Daucus Carota Sativa (Carrot) Seed Oil, Decyl Glucoside, Dihydroxyacetone, Dimethicone, Erythrulose, Ethylene Brassylate, Ethyl Ferulate, Fragrance, Glycerin, Hyaluronic Acid, Iron Oxides, Lauryl Glucoside, Magnesium Stearate, Methyl Dihydroabietate, Octyldodecyl Oleate, Passiflora Edulis (Passionfruit) Seed Oil, Porphyridium Cruentum Extract, Propanediol, Prunus Armeniaca (Apricot) Kernel Oil, Sodium Gluconate, Sodium Metabisulfite, Sodium Stearoyl Glutamate, Theobroma Cacao (Cocoa) Extract, Theobroma Cacao (Cocoa) Seed Butter, Tocopherol (Vitamin E), Triheptanoin, Vanilla Planifolia (Vanilla) Fruit Extract, Vitex Agnus-Castus Extract, Water, Xanthan Gum",Shake well before use. Apply and spread by hand. Wash hands with soap and water after application. May stain surfaces or fabrics - use care when applying. Apply liberally 15 minutes before sun exposure. Reapply at least every 2 hours. Use a water-resistant sunscreen if swimming or sweating.
pimprod2038195,COSRX,The Vitamin C 23 Serum with Super Vitamin E + Hyaluronic Acid,Treatment & Serums,Face Serums,$25.00,0.67 oz,https://media.ulta.com/i/ulta/2607694?w=100&h=100&fmt=auto,"1,348 Reviews","Benefits
23% Vitamin C : Fades acne scars and brightens complexion by blocking the synthesis of melanin caused by UV exposure
Tocotrienol : Super vitamin E, boasts up to 50 times greater antioxidizing effect than tocopherol
Sodium Hyaluronate : Strong moisture retention properties to maintain hydration
Allantoin : Soothes and relieves irritation","Water, Ascorbic Acid(23%), Propanediol, Dimethicone, Tromethamine, Panthenol, Ethyl Ascorbyl Ether, Squalane, Caffeine, Sodium Chloride, Sodium Hyaluronate, Sodium Sulfite, Disodium EDTA, Glutathione, Adenosine, Acetyl Glucosamine, Gardenia Florida Fruit Extract, Allantoin, Dextrin, Tocotrienols, Tocopherol, Elaeis Guineensis (palm) Oil, Butylene Glycol, Arginine, Niacinamide, Pentylene Glycol, Alcohol Denat., Helianthus Annuus (sunflower) Seed Oil, Glycyrrhiza Glabra (licorice) Root Extract, Methyl Trimethicone, Carthamus Tinctorius (safflower) Seed Oil, Camellia Japonica Seed Oil, Daucus Carota Sativa (carrot) Root Extract, Beta-carotene.","After cleansing, during the serum phase, shake the bottle lightly once or twice from side to side and apply a few drops to the skin. Use fingertips to gently massage and absorb the serum, starting from the inside of the face working towards the edges. For the first use, attach the enclosed dropper in the product package. Recommended to use within 2 months of opening due to active ingredient protection. Highly concentrated serum should only be used in the evening? NO! This serum can be used in the morning and/or afternoon. If applied in the morning, be sure to use with a SPF of 30 or higher.
Precautions: Gas can be generated due to the nature of vitamin C. When opening the cap, it may make a sound. With a specially designed cap to seal vitamin C, it can be safely stored by controlling the gas generated inside the container. If you shake it before opening, it may overflow, so shake lightly, from left to right after fastening the pipette. Extra room in the container has been secured for safe use. Vitamin C products are recommended to be used within 2 months of opening due to easy discoloration caused by oxidation. Keep it away from high temperatures and direct sunlight. It is recommended to be stored in the refrigerator when it is not being used every day after fastening the pipette. Keeping it refrigerated can help maintain the freshness of the vitamin C. KEEP REFRIGERATED (3~10C) *Please use immediately after purchase and store upright in refrigerator once opened."
pimprod2007129,The Ordinary,Vitamin C Suspension 23% + HA Spheres 2% Serum with Pure L-Ascorbic Acid,Treatment & Serums,Face Serums,$8.10,1.0 oz,https://media.ulta.com/i/ulta/2551175?w=100&h=100&fmt=auto,"1,231 Reviews","Benefits
Targets visible signs of aging
Brightens appearance of skin
Provides antioxidant support
Key Ingredients
Vitamin C
Hyaluronic Acid
Formulated Without
Fragrance Free
Water
Alcohol
Gluten
Nuts
Oil
Silicone
Parabens
Sulfates
Mineral Oil
Methylchloroisothiazolinone
Methylisothiazolinone
Animal Oils
Coal Tar Dyes
Formaldehyde
Mercury
Oxybenzone","Ascorbic Acid, Squalane, Isodecyl Neopentanoate, Isononyl Isononanoate, Coconut Alkanes, Ethylene/propylene/styrene Copolymer, Ethylhexyl Palmitate, Silica Dimethyl Silylate, Sodium Hyaluronate, Glucomannan, Coco-caprylate/caprate, Butylene/ethylene/styrene Copolymer, Acrylates/ethylhexyl Acrylate Crosspolymer, Trihydroxystearin, BHT.","The Ordinary recommends performing a patch test prior to incorporating a new product into your skin care routine.
Apply a small amount to face in the AM or the PM. A slight tingling sensation can be expected after application.
Contraindications: Do not use in the same routine as Niacinamide 10% + Zinc 1%, peptides, EUK 134 0.1%, direct acids, or retinoids."
pimprod2049567,Lancôme,Tonique Confort Hydrating Hyaluronic Acid Toner,Cleansers,Toner,$42.00,6.7 oz,https://media.ulta.com/i/ulta/2632964?w=100&h=100&fmt=auto,7 Reviews,"Benefits
Works to strengthen your skin's natural moisture barrier
Formulated for all types of skin types, including sensitive
Skin Concerns: Dullness, redness, smoothness
Safety Measures: Suitable for all skin types, including sensitive; tested on sensitive skin
Texture: Milky texture for a lightweight, refreshing feel
Why use a toner: Prep & hydrate skin for the rest of your skincare routine with a toner. This essential step sweeps away impurities, leaving your complexion soft, soothed, and ready to embrace the benefits of your skincare routine.
Key Ingredients
Hyaluronic Acid: A powerful humectant that is known to provide intense hydration & plumping the skin
Natural-origin Centifolia Rose Extract: Known to provide moisture to the skin & soothe skin
Squalane: Known to strengthen skin's moisture barrier
Research Results
Indulge your skin with this milky toner, its luxurious texture melting effortlessly into your skin. This hydrating formula instantly softens and soothes, leaving your skin hydrated for up to 24 hours. Experience the comfort of deeply hydrated skin in just 30 minutes.*
Provides instant & long-lasting hydration up to 24hrs**
Skin hydration increased by +52% half an hour after application**
Experience the difference: 94% of consumers agree, toner leaves behind a comfortable, lightweight finish on skin.***
Immediately:
84% agree skin felt softer***
82% agree skin felt hydrated & moisturized***
After 1 week:
89% agree product gently removes impurities without stripping***
80% agree skin felt smoother***
After 4 weeks:
94% agree felt hydrated & moisturized***
84% agree skin tone looks more even***
81% agree skin appearance looks improved***
Experience a visible transformation: After one month, 81% of consumers agreed skin reveals more healthy and radiant.***
*Clinical test with 24 women after 30 minutes
**Clinical test with 24 women after 24 hours
***Based on a multi-phototype self-assessment test of 167 women after 4 weeks","Aqua/Water/Eau, Glycerin, Malva Sylvestris Flower/Leaf/Stem Water - Mallow Flower/Leaf/Stem Water, Rosa Centifolia Flower Water, Squalane, Sodium Hyaluronate, Sodium Hydroxide, Hydroxyacetophenone, Caprylyl Glycol, Citric Acid, Acrylates/C10-30 Alkyl Acrylate Crosspolymer, Potassium Sorbate, Sodium Benzoate, Chlorphenesin, Parfum/Fragrance (F.I.L. N70040628/1).","Apply with a cotton pad, this method is ideal when used as a cleansing toner and makeup remover, as excess impurities and leftover makeup residues are wiped away with the cotton pad.
Saturate a cotton pad and gently sweep toner with hyaluronic acid cross the face, neck and décolleté twice a day (morning and evening).
No rinse needed."
pimprod2039906,CeraVe,Acne Foaming Cream Wash,Treatment & Serums,Acne & Blemish Treatments,$19.99,5.0 oz,https://media.ulta.com/i/ulta/2611319?w=100&h=100&fmt=auto,690 Reviews,"Benefits
Clears face & body acne pimples and blackheads
Does not disrupt the skin barrier
Gentle on skin
Leaves skin feeling comfortable, smooth, and looking clarified
Features
Developed with dermatologists, this lightly foaming, creamy face and body wash treats face & body acne without drying or flaking
With a patent pending formula that combines benzoyl peroxide, hyaluronic acid, niacinamide, and three essential ceramides, this acne wash is effective in clearing and helping to prevent new acne pimples and cleanses without disrupting the skin’s protective barrier
Skin is left feeling comfortable, smooth, and looking clarified
Formulated Without
Fragrance
Parabens","Water, Glycerin, Propylene Glycol, Cocamidopropyl Hydroxysultaine, Sodium C14-16 Olefin Sulfonate, Potassium Hydroxide, Ceramide Np, Ceramide Ap, Ceramide Eop, Carbomer, Niacinamide, Glycolic Acid, Trideceth-6, Triethyl Citrate, Sodium Citrate, Sodium Hyaluronate, Sodium Hydroxide, Sodium Lauroyl Lactylate, Cholesterol, Propanediol, Tetrasodium Edta, Caprylyl Glycol, Diethylhexyl Sodium Sulfosuccinate, Phytosphingosine, Xanthan Gum, Acrylates/C10-30 Alkyl Acrylate Crosspolymer, Benzoic Acid, Peg-30 Dipolyhydroxystearate.","Apply a dime-size amount to damp skin and gently massage, avoiding the eye area. Rinse well. Use acne face wash on entire affected area one to two times daily. Because excessive drying of the skin may occur, start with one application daily, then gradually increase to two times daily if needed or as directed by a doctor. If bothersome dryness or peeling occurs, reduce application to once a day or every other day. If going outside, apply sunscreen after using this product. If irritation or sensitivity develops, stop use of both products or ask a doctor."
pimprod2050403,Good Molecules,Yuzu Blemish Gel Cream,Treatment & Serums,Acne & Blemish Treatments,$8.00,1.0 oz,https://media.ulta.com/i/ulta/2635817?w=100&h=100&fmt=auto,17 Reviews,"Key Ingredients
Salicylic acid to fight breakouts
Yuzu fruit and seed extracts to help brighten the skin tone
Bisabolol, allantoin, and centella asiatica (CICA) extracts to calm redness","Aqua/Water/Eau, Citrus Junos Fruit Water, Propanediol, Diheptyl Succinate, Ammonium Acryloyldimethyltaurate/VP Copolymer, 1,2-Hexanediol, Caprylyl Glyceryl Ether, Salicylic Acid, Glycerin, Tromethamine, Butylene Glycol, Citrus Junos Seed Extract, Caprylhydroxamic Acid, Bisabolol, Camellia Sinensis Seed Oil, Punica Granatum Seed Oil, Allantoin, Vitis Vinifera (Grape) Seed Oil, Centella Asiatica Extract, Capryloyl, Glycerin/Sebacic Acid Copolymer, Glycyrrhiza Glabra (Licorice) Root Extract, Lilium Candidum Bulb Extract, Camellia Sinensis Leaf Extract.","Gently massage the gel cream onto skin. Let fully absorb before applying other products. Suitable for daily use.
Precautions: For external use. Avoid eye area."
pimprod2036306,StriVectin,Anti-Wrinkle Peptide Plump Line Filling Bounce Serum,Treatment & Serums,Face Serums,$89.00,1.0 oz,https://media.ulta.com/i/ulta/2603502?w=100&h=100&fmt=auto,295 Reviews,"Benefits
Expertly formulated with the intelligent Alpha-3 Peptide, StriVectin's proprietary technology that supports skin's three essential building blocks for intense line-smoothing power
Luxuriously light bounce serum absorbs quickly, for luminous, healthy-looking skin
Research Results
96% showed visible improvement in skin plumpness*
96% showed visible improvement in skin smoothness*
93% showed visible improvement in forehead frown lines*
*Based on expert grading evaluation of 32 subjects when used as directed
Formulated Without
Parabens","Water/Aqua/Eau, Glycerin, Propanediol, Hydroxyethyl Acrylate/Sodium Acryloyldimethyl Taurate Copolymer, Imperata Cylindrica Root Extract, Glyceryl Ricinoleate, Polymethylsilsesquioxane/Silica Crosspolymer, Betaine, Hydrolyzed Hyaluronic Acid, Olea Europaea (Olive) Leaf Extract, Vetiveria Zizanoides Root Extract, Pentapeptide-84 Amide Acetate, Chondrus Crispus Extract, Beta-Glucan, Myristyl Nicotinate, Citric Acid, Biotin, Tocopherol, Dimethyl Isosorbide, 1,2-Hexanediol, Cetearyl Olivate, Dimethicone, Sorbitan Olivate, Polyisobutene, Tetrahydrodiferuloylmethane, Trisodium Ethylenediamine Disuccinate, Ethylhexylglycerin, Polysilicone-11, Sorbitan Isostearate, Glyceryl Polyacrylate, Polysorbate 80, PEG-7 Trimethylolpropane Coconut Ether, Hydroxyacetophenone, Pentylene Glycol, Polysorbate 60, PVM/MA Copolymer, Caprylyl Glycol, Adenosine, Carbomer, Sodium Citrate, Bacillus/Sea Salt Ferment Filtrate, Sodium Hyaluronate, Acrylates/C10-30 Alkyl Acrylate Crosspolymer, Fragrance (Parfum), Limonene, Linalool, Phenoxyethanol, CI 17200 (Red 33) [ILN 41339].",Apply all over clean skin targeting lines and wrinkles in the morning and evening. Allow to completely absorb then follow with moisturizer.
pimprod2045860,MEDIHEAL,Retinol Collagen Lifting Pad,Cleansers,Toner,$24.00,100 ct,https://media.ulta.com/i/ulta/2626997?w=100&h=100&fmt=auto,15 Reviews,"Benefits
Instantly firms the sagging under-eye and cheek areas
Experience an immediate 109.64% improvement in firmness around the eye area and a 106.82% improvement in firmness around the cheek area after use
Instantly helps to fill deep smile lines and under-eye wrinkles
Achieve an immediate 126.95% improvement in firmness for smile lines and a 124.40% improvement in firmness for under-eye wrinkles after use
Features
Made with Micro-net Stretch Pad
Sized (2.6"") to cover a wide area
Rounded corners for a perfect fit on skin
Key Ingredients
Formulated with MEDIHEAL's proprietary CalmingTox complex and liposome delivery system for optimal results
99% Pure Retinol and 300 Dalton Low-Molecular Collagen work together to fill wrinkles, providing a lifting care for enhanced firmness","Water, Dipropylene Glycol, Glycereth-26, Betaine, 1,2-Hexanediol, Glycerin, Diphenyl Dimethicone, Hydroxyacetophenone, Triethylhexanoin, Hydrogenated Lecithin, Allantoin, Octyldodeceth-16, Polyglyceryl-10 Oleate, Sphingomonas Ferment Extract, Adenosine, Disodium EDTA, Sodium Polyacrylate, Hydrolyzed Collagen, Lavandula Angustifolia (Lavender) Oil, Phytosterols, Anthemis Nobilis Flower Oil, Retinol, Beta-Glucan, Ceramide NP.","Apply the pad along the concerned area as a sheet mask, gently pat the remaining essence for absorption.
For intensive care: Apply the pad to the targeted area for increased firmness. While holding the end of the pad, stretch it out in the direction you want the lifting care, then attach it.
For firming care: By gently wiping with two pads attached to each cheek, a firmer and smoother skin texture can be achieved."
pimprod2049084,TATCHA,The Kissu Lip Tint SPF 25 Tinted Lip Sunscreen,Lips,Lip Balms & Treatments,$34.00,Camellia,https://media.ulta.com/i/ulta/2634108?w=100&h=100&fmt=auto,408 Reviews,"Benefits
Broad Spectrum SPF 25 Protection: Shields delicate lips from UVA/UVB rays to prevent sun damage like lines and dark spots
Buildable, blendable, flattering shades
Creamy Hydrating Care: Smooth, non-sticky formula keeps lips moisturized and comfortable while gliding on effortlessly thanks to nourishing silk protein and botanical lanolin
Dermatologist tested
Research Results
100% agreed it applies smoothly on the lips immediately*
97% agreed it feels non-sticky on the lips immediatly*
92% showed an immediate improvement in lip plumpness**
100% showed improvement in retaining lip moisture after 1 hour†
*Based on a self-assessment study of 42 panelists
**Based on an expert grader study of 42 panelists
†Based on a bio-instrumentation study of 42 panelists
Formulated Without
Fragrance
Mineral oil
Sulfates
Detergents
Parabens
Urea
DEA
TEA
Phthalates","Active: Octisalate 4.7%, Zinc Oxide 15%. Inactive: Triethylhexanoin, Diisostearyl Malate, Synthetic Wax, Polybutene, Glyceryl Diisostearate, Candelilla Cera/Euphorbia Cerifera (Candelilla) Wax/Cire De Candelilla, Ethylhexylglycerin, Phenoxyethanol, Glyceryl Diisostearate/Hydrogenated Rosinate, Hydrolyzed Silk, Tocopherol, Silica. May Contain [+/-]: Red 30 Lake (Ci 73360), Yellow 5 Lake (Ci 19140), Iron Oxides (Ci 77499), Titanium Dioxide (Ci 77891).","Apply an even layer onto lips. Swipe once for sheerer coverage, or more to build color."
pimprod2007125,The Ordinary,Granactive Retinoid 2% Emulsion for Wrinkles and Uneven Texture,Treatment & Serums,Face Serums,$12.10,1.0 oz,https://media.ulta.com/i/ulta/2551170?w=100&h=100&fmt=auto,523 Reviews,"Benefits
Targets signs of aging
Improves skins' elasticity, texture, and radiance
PH 5.00 - 6.00
Key Ingredients
Granactive Retinoid
Formulated Without
Fragrance
Alcohol
Gluten
Nuts
Oil
Silicone
Parabens
Sulfates
Mineral Oil
Methylchloroisothiazolinone
Methylisothiazolinone
Animal Oils
Coal Tar Dyes
Formaldehyde
Mercury
Oxybenzone","Aqua (water), Glycerin, Ethyl Linoleate, Propanediol, Caprylic/capric Triglyceride, Cetearyl Isononanoate, Bisabolol, Hydroxypinacolone Retinoate, Retinol, Tasmannia Lanceolata Fruit/leaf Extract, Dimethyl Isosorbide, Inulin Lauryl Carbamate, Glyceryl Stearate, Ceteareth-12, Ceteareth-20, Cetearyl Alcohol, Carrageenan, Xanthan Gum, Acacia Senegal Gum, Cetyl Palmitate, Sucrose Laurate, Polysorbate 20, Behentrimonium Chloride, Potassium Citrate, Trisodium Ethylenediamine Disuccinate, Disodium EDTA, Dehydroacetic Acid, Benzoic Acid, Ethylhexylglycerin, Phenoxyethanol, Chlorphenesin.","The Ordinary recommends performing a patch test prior to incorporating a new product into your skin care routine.
Apply a small amount to face in the PM as part of your skincare regimen, after water serums but before heavier treatments. Do not use with other retinoid treatments. Use sun protection in the AM.
Contraindications:Do not use in the same routine as other retinoids, direct acids, pure or ethylated vitamin C, or ""Buffet"" + Copper Peptides 1%."
pimprod2046332,ULTA Beauty Collection,Twist Tint Color Shifting Lip & Cheek Stick,Face,Blush,$12.00,Creamsicle,https://media.ulta.com/i/ulta/2624304?w=100&h=100&fmt=auto,485 Reviews,"Benefits
Sheer to buildable coverage for a natural looking flush
Dewy glow finish
Creates a customized pink shade
Multi-use for lips & cheeks
Available in 4 juicy candy scents, bursting with irresistible flavor
Features
Proudly cruelty free with clean ingredients
Twist-up design for easy application
Key Ingredients
Jojoba seed oil: helps to nourish the skin
Olive fruit oil: infused with olive fruit oil to smooth & soften
Vitamin E: helps to soothe and condition the skin","Caprylic/Capric Triglyceride, Isocetyl Stearate, Triisostearyl Citrate, Hydrogenated Poly(C6-20 Olefin), Isostearyl Alcohol, Silica Dimethyl Silylate, HDI/Trimethylol Hexyllactone Crosspolymer, Flavor/Aroma, Methyl Glucose Dioleate, Tocopheryl Acetate, Caprylyl Glycol, Olea Europaea (Olive) Fruit Oil, Simmondsia Chinensis (Jojoba) Seed Oil, Citric Acid, Ethylhexylglycerin, Octyldodecanol, Water/Aqua/Eau, Tocopherol, Sorbitan Oleate, Citral, Geraniol, Linalool, Limonene, Red 21 (CI 45380), Red 7 Lake (CI 15850), Iron Oxides (CI 77492).","Swipe this fun, color-shifting stick on your lips and cheeks for a pop of color. Layer and build to desired coverage. Pro tip: swipe on cheeks and blend out using Ulta Beauty Collections Angled Blush #148."
pimprod2026841,TONYMOLY,Wonder Ceramide Mochi Toner,Cleansers,Toner,$23.00,16.0 oz,https://media.ulta.com/i/ulta/2586399?w=100&h=100&fmt=auto,235 Reviews,"Benefits
EWG Green
Hypoallergenic
Hydrates
Smoothes
Alcohol Free
Irritant-Free
Key Ingredients
5000 ppb Ceramide - Repairs and reinforces skin's moisture barrier.
Panthenol (Vitamin B5) and Hyaluronic Acid - Penetrates deep to nourish skin and provide lasting hydration.
Centella Asiatica - Provides skin-soothing care.","Water, Dipropylene Glycol, Glycerin, Pentaerythrityl Tetraisostearate, Glycereth-26, 1,2-Hexanediol, Macadamia Ternifolia Seed Oil, Phenyl Trimethicone, Hydroxyethyl Acrylate/Sodium Acryloyldimethyl Taurate Copolymer, Styrene/VP Copolymer, Ethylhexylglycerin, Centella Asiatica Extract, Acrylates/C10-30 Alkyl Acrylate Crosspolymer, Tromethamine, Caprylic/Capric Triglyceride, Allantoin, Hydrogenated Lecithin, Propanediol, Panthenol, Phytosteryl/Octyldodecyl Lauroyl Glutamate, Ceramide NP(5,000 ppb), Sodium Hyaluronate, Aniba Rosodora (Rosewood) Wood Oil, Citrus Limon (Lemon) Peel Oil, Disodium EDTA, Linalool, Limonene.","For normal skin- After cleansing skin, soak a cotton pad with toner and sweep over face to remove remaining toxins and impurities from skin. Gently pat remaining toner until fully absorbed. Follow up with remaining skincare routine.
For dry, dehydrated skin- Following the 7 Skin method, apply toner with clean, bare hands. Gently pat into the skin until fully absorbed. Repeat 7 times. Follow up with remaining skincare routine.
For very dry or combination skin- Soak several cotton pads with toner. Place soaked cotton pads around face like a sheet mask or apply pads to specific areas of the face that feel dry (i.e. cheeks, forehead, nose, etc.) Remover pads after 10 mins. Gently pat remaining toner until fully absorbed. Follow up with remaining skincare routine.
For all-day hydration- Dispense the toner into a clean, empty mist bottle. Spray toner as mist throughout the day as needed for continued hydration."
pimprod2033121,Clinique,Clinique Smart Clinical Repair Wrinkle Correcting Rich Face Cream,Moisturizers,Face Moisturizer,$77.00,1.7 oz,https://media.ulta.com/i/ulta/2598028?w=100&h=100&fmt=auto,"2,287 Reviews","Benefits
Strengthens, visibly repairs lines and wrinkles, hydrates
A powerful addition to Clinique's most advanced de-aging line yet, Clinique Smart Clinical Repair, this ultra-nourishing moisturizer is engineered to visibly reduce lines and wrinkles for supple, younger-looking skin.
Cutting-edge formula with CL1870 Peptide Complex helps boost skin's natural collagen to help fortify the dermal structure, leaving skin feeling stronger and looking smoother.
Moisturizer plumps skin with lasting hydration.
Available in two textures: Wrinkle Correcting Cream is a lightweight cream for All Skin Types and Wrinkle Correcting Rich Cream is a luxe, denser cream for those with drier skin.
Built on Dermatological Science: As a dermatologist-guided brand, Clinique's commitment to safety starts with skincare science. Clinique partners with the best minds in dermatology and formulate for all skin types, tones, concerns - in service of all skin.
Fragrance-free, Paraben-free, Phthalate-free, Oil-free, Free of synthetic colors.
More Responsible Packaging:
50ml and 15ml jars each contain a minimum of 30% post-consumer recycled content.
Carton is made from responsibly sourced paperboard. Please recycle.
Key Ingredients
Formulated with peptides to help boost skin's strength for a smoother appearance and hyaluronic acid to help hydrate skin.
CL1870 Peptide Complex: An expert peptide blend engineered to fight the look of wrinkles by boosting natural collagen, which helps strengthen skin's natural support structure.
Hyaluronic acid: Exclusive formula uses two molecular weights of hyaluronic acid. This intense humectant helps flood your skin with hydration -and holds on. Helps restore suppleness and visibly smooth fine, dry lines.
Soybean seed extract: An ingredient rich in lysophosphatidic acid (LPA), which nourishes to help fortify skin.
Shea butter: Found in the Rich Cream, it contains lipids that form skin's barrier and is integral to keeping drier skin hydrated.","Water\Aqua\Eau, Butyrospermum Parkii (Shea) Butter, Butylene Glycol, Cetearyl Alcohol, Glycerin, Phenyl Trimethicone, Hydrogenated Polyisobutene, Sucrose, PEG-100 Stearate, Cetyl Esters, Polyglyceryl-3 Beeswax, Hdi/Trimethylol Hexyllactone Crosspolymer, Isostearyl Neopentanoate, Cetearyl Glucoside, Palmitoyl Tetrapeptide-7, Algae Extract, Sodium Hyaluronate, Palmitoyl Hexapeptide-12, Sigesbeckia Orientalis (St. Paul'S Wort) Extract, Whey Protein\Lactis Protein\Protéine Du Petit-Lait, Dipeptide Diaminobutyroyl Benzylamide Diacetate, Glycine Soja (Soybean) Seed Extract, Caffeine, Acetyl Glucosamine, Linoleic Acid, Aminopropyl Ascorbyl Phosphate, Dimethicone, Polybutene, Caprylyl Glycol, Acetyl Hexapeptide-8, Palmitoyl Tripeptide-1, Acetyl Octapeptide-3, Methyl Glucose Sesquistearate, PEG-8, Polymethyl Methacrylate, Polysilicone-11, Glyceryl Polymethacrylate, Stearic Acid, 1,2-Hexanediol, Carbomer, Silica, Polysorbate 20, Aminomethyl Propanol, Disodium Edta, Sodium Citrate, Tocopheryl Acetate, Bht, Phenoxyethanol, Sodium Dehydroacetate, Potassium Sorbate, ILN50528.","Use moisturizer twice a day, morning and night.
Apply cream to face and neck after using Clinique Smart Clinical Repair Wrinkle Correcting Serum.
Follow with Clinique Smart Clinical Repair Wrinkle Correcting Eye Cream for the ultimate de-aging routine.
Always include SPF as the last step in the AM.
Follow with Clinique Smart Clinical Repair Wrinkle Correcting Serum and Clinique Smart Clinical Repair Wrinkle Correcting Eye Cream."
pimprod2030390,Black Girl Sunscreen,Make It Matte Sunscreen - SPF 45,Suncare,Sunscreen,$17.99,,https://media.ulta.com/i/ulta/2592310?w=800&h=800&fmt=auto,144 Reviews,"Benefits
Reef-Friendly
Helps prevent sun damage such as premature aging, fine lines, hyperpigmentation and dark spots
Infused with natural ingredients such as shea butter and coconut oil
Great for wearing under make-up
Features
Broad Spectrum SPF 45
Formulated Without
Parabens
Fragrance
Oxybenzone
Octinoxate","Active Ingredients: Avobenzone 3.0%, Homosalate 10.0%, ctisalate 5.0%, Octocrylene 5.0%.","Apply liberally 15 minutes before sun exposure reapply: after 80 minutes of swimming or sweating immediately after towel drying at least every 2 hours Sun Protection Measures. Spending time in the sun increases your risk of skin cancer and early skin aging. To decrease this risk, regularly use a sunscreen with a Broad Spectrum SPF of 15 or higher and other sun protection measures including: limit time in the sun, especially from 10 a.m. - 2 p.m. wear long-sleeved shirts, pants, hats, and sunglasses:
Precautions: Children under 6 months: Ask a doctor."
pimprod2038539,Dermalogica,Oil to Foam Total Cleanser,Cleansers,Face Wash,$59.00,8.4 oz,https://media.ulta.com/i/ulta/2609327?w=100&h=100&fmt=auto,447 Reviews,"Benefits
Melts away make-up, sebum, and sunscreen
Cleanses away impurities and debris
Leaves skin feeling ultra-clean and smooth
Key Ingredients
Sea Buckthorn Oil: transforms into a foaming lather
Sodium Cocoyl Glutamate: provide a deep yet gentle cleanse
Saccharide Isomerate: improves skin hydration even after rinsing for healthy-looking skin","Water/Aqua/Eau, Glycerin, Cocamidopropyl Hydroxysultaine, Sodium Cocoyl Glutamate, PEG-60 Almond Glycerides, Hydroxyacetophenone, Camellia Oleifera Seed Extract, Citrus Aurantium Dulcis (Orange) Peel Oil, Lavandula Hybrida Oil, Citrus Paradisi (Grapefruit) Peel Oil, Citrus Nobilis (Mandarin Orange) Peel Oil, Lavandula Angustifolia (Lavender) Oil, Cymbopogon Citratus Leaf Oil, Hippophae Rhamnoides Fruit Oil, Tocopherol, Pentylene Glycol, Hydroxypropyl Guar Hydroxypropyltrimonium Chloride, Caprylyl Glycol, Xanthan Gum, 1,2-Hexanediol, PEG-40 Hydrogenated Castor Oil, PEG-120 Methyl Glucose Dioleate, Saccharide Isomerate, Polysorbate 20, Tetrasodium Glutamate Diacetate, Citric Acid, Sodium Hydroxide, Sodium Citrate, O-Cymen-5-Ol, Limonene, Linalool, Citral.","Slightly dampen face. Massage gel-oil over face and eyes to dissolve surface oil and dirt. Wet hands and continue massaging to create a foam to wash away make-up, sebum, and sunscreen. Rinse with warm water."
pimprod2042402,VANICREAM,Facial Moisturizer Broad Spectrum Mineral SPF 30,Moisturizers,Face Moisturizer,$19.99,2.5 oz,https://media.ulta.com/i/ulta/2619672?w=100&h=100&fmt=auto,55 Reviews,"Benefits
Non-greasy and easy to apply
Non-comedogenic (won't clog pores)
Dermatologist Recommended
Formulated Without
Dyes
Lanolin
Gluten
Parabens
Fragrance","Active: Zinc Oxide 19.5%.
Inactive: Water, C12-15 Alkyl Benzoate, Isopentyldiol, Squalane, Glycerin, Coco-Caprylate/Caprate, Bis-Octyldodecyl Dimer Dilinoleate/Propanediol Copolymer, Glyceryl Stearate, PEG-100 Stearate, Polyhydroxystearic Acid, Cetearyl Alcohol, Sucrose Stearate, Ceramide EOP, Ceramide NG, Ceramide NP, Ceramide AS, Ceramide AP, Carnosine, Phytosterols, Hydrogenated Lecithin, Dimethicone, Triethoxycaprylylsilane, Polyacrylate Crosspolymer-11, Caprylyl Glycol, 1,2-Hexanediol.",Apply liberally 15 minutes before sun exposure. Reapply at least every 2 hours. Use water resistant sunscreen if swimming or sweating. For children under 6 months of age: Ask a doctor.
pimprod2031120,St. Tropez,Instant Glow Face & Body Bronzer Makeup,Suncare,Self-Tanning & Bronzing,$25.00,Medium / Dark,https://media.ulta.com/i/ulta/2592029?w=100&h=100&fmt=auto,39 Reviews,"Benefits
Instant smudge-proof body makeup with skin perfecting coverage
A medium tan instantly
Easy to blend, non greasy and streak-free application
Dries in an instant and lasts all day
Simply apply and go, rinse off as desired
Suitable for sensitive skin
100% Vegan and Cruelty Free
Light subtle and soft fragrance
Best for those looking for a quick fix or instant results with no commitment or for nervous tanners seeking a risk-free temporary glow up","Aqua (Water/ Eau), Dimethicone, Tapioca Starch Polymethylsilsesquioxane, Trimethylsiloxysilicate, Glycerin, Polymethylsilsesquioxane, Hydroxyethyl Acrylate/Sodium Acryloyldimethyl Taurate Copolymer, Polysilicone-34, Phenoxyethanol, Parfum (Fragrance), Isononyl Isononanoate, Benzyl Alcohol, Cetearyl Dimethicone Crosspolymer, Dimethiconol, Sodium Gluconate, Polysorbate 60, Sorbitan Isostearate, Citric Acid, Triethoxycaprylylsilane, Benzyl Salicylate, Linalool, Coumarin, Limonene, Citronellol, CI 77891 (Titanium Dioxide), CI 77492 (Iron Oxides), CI 77491 (Iron Oxides), CI 77499 (Iron Oxides)","PREP: Exfoliate and moisturize dry areas, hands, feet, ankles and wrists.
APPLY: Apply with an applicator mitt in long, sweeping motions, blending as you apply.
GLOW: Touch dry in seconds, your transfer, smudge proof glow lasts all day. To remove, simply wash off with soap and water.
Precautions: Patch test 24 hrs before use. Do not apply to sensitive, broken or irritated skin. Do not get in eyes, if you do rinse well with water. Avoid contact with lips. Instant tan may stain. Wash palms after use. Store below 86 degrees F. Warning: This product does not contain a sunscreen and does not protect against sunburn."
pimprod2034806,BYOMA,Clarifying Serum with Tri-Ceramide Complex,Treatment & Serums,Face Serums,$16.99,1.0 oz,https://media.ulta.com/i/ulta/2601334?w=100&h=100&fmt=auto,433 Reviews,"Benefits
Clarifying facial serum balances & soothes spot prone skin
Calms inflammation, reduces oiliness and decongests pores
Tri-Ceramide Complex to support skin barrier health
Blue tansy, PHA + zinc to help sooth breakouts
Clinically proven to: - improve skin texture + the results from our testing panel demonstrated: -Skin hydration was improved by up 147% -Skin smoothness was improved by up to 75%
Features
Dermatologist tested & approved skincare
Alcohol & fragrance-free
Recyclable bottles","Aqua, Glycerin, Niacinamide, 1,2-Hexanediol, Polyglyceryl-10 Laurate, Gluconolactone, Glyceryl Caprylate, Ceramide NP, Cholesterol, Caprylic/Capric Triglyceride, Phytosphingosine, Stearic Acid, Oleic Acid, Zinc Lactate, Hydrogenated Lecithin, Ethylhexylglycerin, Sodium Hyaluronate, Tanacetum Annuum Flower Oil, Hydroxyethylcellulose, Ammonium Acryloyldimethyltaurate/VP Copolymer, Glyceryl Acrylate/Acrylic Acid Copolymer, Sodium Phytate, Tocopherol, Lactic Acid, Caprylyl Glycol, Caprylhydroxamic Acid.","Apply 4-6 drops to cleansed skin, gently pressing until fully absorbed. Follow with moisturizer."
pimprod2045875,ma:nyo,Pure Cleansing Facial Oil,Cleansers,Cleansing Balms & Oils,$29.00,6.7 oz,https://media.ulta.com/i/ulta/2626991?w=100&h=100&fmt=auto,338 Reviews,"Features
This effective oil cleanser contains 14 plant-derived oil to allow moisturizing skin while cleansing without clogging pores (Non-comedogenic).
It transforms into a luscious milk that dissolves makeup and impurities while restoring skin's natural moisture and pH balance.
It is suitable for all skin types, including acne-prone skin.
Key Ingredients
Argan Kernel Oil - Known for its nourishing power, and it effectively regulates amounts of sebum and helps regenerate skin cells.
Jojoba Seed Oil - Full of vitamins and omega that replenish the moisture level on the skin.
Olive Oil - Rich in vitamin E and reduces excessive facial oil.
Formulated Without
Fragrance
Silicon
Paraben","Glycine Soja (Soybean) Oil, Corylus Avellana (Hazel) Seed Oil, Sorbeth-30 Tetraoleate, Vitis Vinifera (Grape) Seed Oil, Olea Europaea (Olive) Fruit Oil, Caprylic/Capric Triglyceride, Squalane, Isoamyl Laurate, Camellia Japonica Seed Oil, Oenothera Biennis (Evening Primrose) Oil, Simmondsia Chinensis (Jojoba) Seed Oil, Helianthus Annuus (Sunflower) Seed Oil, Argania Spinosa Kernel Oil, Orbignya Oleifera Seed Oil, Saponaria Officinalis Leaf Extract, Camellia Sinensis Leaf Extract, Oryza Sativa (Rice) Bran Oil, Rice Ferment Filtrate (Sake), Decyl glucoside, Ginkgo Biloba Leaf Extract, Lavandula Angustifolia (Lavender) Oil, Aloe Barbadensis Leaf Extract, Citrus Aurantium Dulcis (Orange) Oil, Melaleuca Alternifolia (Tea Tree) Leaf Oil, Tocopherol.","Take 2-3 pumps of cleansing oil into dry palms and gently massage over the face.
Add water to emulsify and rinse thoroughly with lukewarm water."
pimprod2042964,MAËLYS,Travel B-GLOSSY Smoothing Body Serum,Travel Size Body Care,,$19.00,1.0 oz,https://media.ulta.com/i/ulta/2620329?w=100&h=100&fmt=auto,"2,338 Reviews","Benefits
Helps to improve the appearance of fine lines and wrinkles
Visibly promotes the appearance of skin elasticity
Targets the appearance of skin for a firmer, healthier, and radiant look
Key Ingredients
Palmitoyl Tripeptide 1 & 7: Helps to reduce the look of fine lines and wrinkles
Hyaluronic Acid: Promotes skin hydration and plumping
Shea Butter: Aids skin softness and promotes repair of the natural skin barrier
Free of: Parabens, SLS, and Phthalates
Research Results
MAËLYS formulas go through rigorous clinical trials conducted on panels of real women. The trial found that B-GLOSSY is:
Clinically proven to decrease the appearance of wrinkle depth, length, volume and area*
Clinically proven to give the skin a more youthful-looking appearance*
Clinically proven to create smoother, firmer, more taut looking skin*
*Based on a 56-day clinical trial with 21 participants","Water (Aqua), Glycerin, Propanediol, Pentylene Glycol, Isononyl Isononanoate, Limnanthes Alba (Meadowfoam) Seed Oil, Castor Oil/IPDI Copolymer, Carbomer, Palmitoyl Tripeptide-1, Caprylic/Capric Triglyceride, Palmitoyl Tetrapeptide-7, Sodium Hydroxide, Trisodium Ethylenediamine Disuccinate, Sodium Lactate, Polysorbate 20, Sodium Hyaluronate, Cellulose Gum, Butyrospermum Parkii (Shea) Butter, Sorbitan Oleate, Triethoxycaprylylsilane, Ethylene/Propylene/Styrene Copolymer, Phenoxyethanol, Butylene Glycol, Chlorphenesin, Tocopherol, Fragrance (Parfum), Iron Oxides (CI 77491, CI 77499), Titanium Dioxide (CI 77891).","Apply this smoothing serum to the target areas and massage in circular motions until fully absorbed. Use twice daily for best results.
Boost Your Regimen! Use with GET-DREAMY Overnight Toning Body Whip for the perfect pair."
pimprod2049598,ANUA,Travel Size Heartleaf Pore Control Cleansing Oil,Travel Size Skin Care,,$9.99,1.69 oz,https://media.ulta.com/i/ulta/2635547?w=100&h=100&fmt=auto,3 Reviews,"Benefits
Lightweight oil-based
Cleanser to remove makeup residue, excess oil and sebum
For normal skin
Free Of: Denatured Alcohols / Parabens / Artificial Color / Sulfates / Methylchloroisothiazolinone / Methylisothiazolinone / Animal Oils / Coal Tar Dyes
Key Ingredients
HEARTLEAF+: Soothes sensitive skin irritations caused by dryness and helps maintain the skin's moisture
SUNFLOWER SEED OIL: Moisturizes & hydrates the skin
Research Results
AFTER 4 WEEKS:
17.38% reduction in oil levels
22.81% reduction in sebum levels","Ethylhexyl Palmitate, Sorbeth-30 Tetraoleate, Sorbitan Sesquioleate, Caprylic/Capric Triglyceride, Butyl Avocadate, Fragrance, Helianthus Annuus (Sunflower) Seed Oil, Macadamia Ternifolia Seed Oil, Olea Europaea (Olive) Fruit Oil, Simmondsia Chinensis (Jojoba) Seed Oil, Vitis Vinifera (Grape) Seed Oil, Caprylyl Glycol, Ethylhexylglycerin, Curcuma Longa (Turmeric) Root Extract, Melia Azadirachta Flower Extract, Tocopherol, Melia Azadirachta Leaf Extract, Houttuynia Cordata Extract, Corallina Officinalis Extract, Melia Azadirachta Bark Extract, Moringa Oleifera Seed Oil, Ocimum Sanctum Leaf Extract.","Apply the cleansing oil to dry skin and gently massage for 1-2 minutes.
Gently rubbing helps cleanse away makeup residue, impurities and debris.
Emulsify with water to effectively remove sebum.
Wash off all oil residues by using a water-based cleanser.
Can be used every day, AM & PM."
pimprod2049518,Sun Bum,After Sun Cool Down Gel,Suncare,After Sun Care,$11.49,6.0 oz,https://media.ulta.com/i/ulta/2635071?w=100&h=100&fmt=auto,1 Review,"Benefits
Sun Bum likes to prevent sunburns,but if you get one, this soothing Aloe gel is a lifesaver.
Features
Gluten Free
Key Ingredients
Vitamin E: An antioxidant that helps to neutralize free radicals, which are the main cause of premature skin aging
Aloe: An emollient tropical extract that calms and soothes sensitive skin","Water, Glycerin, Aloe Barbadensis Leaf Juice, Carbomer, Melaleuca Alternifolia (Tea Tree) Leaf Oil, Tocopheryl Acetate, Polysorbate 20, Phenoxyethanol, Ethylhexylglycerin, Disodium Edta, Sodium Hydroxide, Blue 1, Yellow 5.","Apply generously to all areas of the skin. Gently massage into any affected areas. For best results, apply right after sun burn occurs or before sun exposure. Reapply as frequently as you like. Keep it refrigerated for bonus relief.
Precautions: For external use only. When using this product keep out of eyes. Rinse with water to remove. Stop use and ask a doctor if a rash occurs. Keep out of reach of children. If swallowed, get medical help or contact a Poison Control Center immediately."
pimprod2032085,Aquaphor,Lip Repair Stick SPF 30,Lips,Lip Balms & Treatments,$5.99,0.17 oz,https://media.ulta.com/i/ulta/2594843?w=100&h=100&fmt=auto,56 Reviews,"Benefits
Immediately soothes very dry, chapped lips
Lips look and feel better
Provides effective long-lasting moisture
Broad spectrum SPF 30
#1 Dermatologist recommended brand for dry, chapped lips
With Vitamins and Shea Butter
Formulated Without
Fragrance
Paraben","Active Ingredients: Avobenzone 3%, Homosalate 9%, Octisalate 4.5%, Octocrylene 9%.
Inactive Ingredients: Octyldodecanol, Ricinus Communis (Castor) Seed Oil, Beeswax, Bis-Diglyceryl Polyacyladipate-2, Butyrospermum Parkii (Shea) Butter, Hydrogenated Castor Oil, Helianthus Annuus (Sunflower) Seed Wax, Cetearyl Alcohol, Dimethicone, Simmondsia Chinensis (Jojoba) Seed Oil, Copernicia Cerifera (Carnauba) Wax, Tocopheryl Acetate, Ascorbyl Palmitate, Helianthus Annuus (Sunflower) Seed Oil, Tocopherol.",
pimprod2040387,L'Oréal,Age Perfect Cell Renewal Midnight Cream,Moisturizers,Night Cream,$36.99,1.7 oz,https://media.ulta.com/i/ulta/2613663?w=100&h=100&fmt=auto,"5,724 Reviews","Benefits
Indulge in the magic of Midnight Cream, an ultra-comforting cream with powerful actives for visible anti-aging results. Repair skin barrier up to 1.5x faster. Tested by dermatologists, suitable for sensitive skin.
How It Works- Age Perfect Cell Renewal Midnight Cream with Patented Antioxidant and Vitamin E, repairs the skin barrier at night, when skin is most receptive to recovery - Smooth wrinkles, firm and improve radiance.
What is Unique- Midnight Cream has a Wrapping Texture that creates the optimal environment for skin barrier repair. The lightweight, non-greasy cream melts in to skin, infusing it with Antioxidants for healthy looking skin.
Visible results- Skin barrier is improved, skin is deeply moisturized and smoothed the next morning. Over time, skin looks firmer, more radiant, revitalized and wrinkles are visibly reduced. Effective for all skin tones.
Includes 1 sample - Try our Cell Renewal Anti-Aging Eye Cream, formulated with our Antioxidant Recovery Complex, it targets 5 signs of aging - dark circles, crows feet, bags, puffiness and crepey lids.
Features
Antioxidants help to prevent aging and support skin's natural renewal process. Vitamin E, an essential nutrient present in the skin, helps to reinforce skin's moisture barrier.","Aqua / Water / Eau, Glycerin, Hydrogenated Polyisobutene, Dimethicone, Butylene Glycol, Bis-Behenyl/Isostearyl/Phytosteryl Dimer Dilinoleyl Dimer Dilinoleate, Butyrospermum Parkii Butter / Shea Butter, Limnanthes Alba Seed Oil / Meadowfoam Seed Oil, Stearyl Alcohol, C30-45 Alkyl Dimethicone, Peg-20 Stearate, Saccharomyces/Xylinum/Black Tea Ferment, Panthenol, Silica, Adenosine, Capryloyl Salicylic Acid, Hydroxyacetophenone, Hydroxypropyl Tetrahydropyrantriol, Neohesperidin Dihydrochalcone, Pentaerythrityl Tetra-Di-T-Butyl Hydroxyhydrocinnamate, Potassium Hydroxide, Tetrasodium Glutamate Diacetate, Tocopherol, Octyldodecanol, Acrylates/C10-30 Alkyl Acrylate Crosspolymer, Ammonium Polyacryloyldimethyl Taurate, Caprylyl Glycol, Carbomer, Citric Acid, Glyceryl Stearate, Peg-100 Stearate, Peg-30 Dipolyhydroxystearate, Propylene Glycol, Trideceth-6, Alpha-Isomethyl Ionone, Benzyl Alcohol, Benzyl Salicylate, Citronellol, Geraniol, Hexyl Cinnamal, Hydroxycitronellal, Limonene, Linalool, Ci 14700 / Red 4, Ci 19140 / Yellow 5, Chlorphenesin, Potassium Sorbate, Sodium Benzoate, Parfum / Fragrance Fil T296346/1.",Smooth over face and neck every morning and night after serum or treatment.
pimprod2039396,SUNDAY RILEY,Go To Bed With Me Complete Anti-Aging Night Routine,By Price,$100 and Under,$93.00,,https://media.ulta.com/i/ulta/2610063?w=100&h=100&fmt=auto,102 Reviews,"Benefits
Clarifies, smooths, and renews skin
For all skin types
Cruelty-free and formulated without sulfates, parabens, gluten, soy, phthalates, and artificial fragrance
Research Results
A+ HIGH-DOSE RETINOID SERUM:
In an independent study, A+ Serum showed improvement in the appearance of skin tone evenness and calmness after one week.
In an independent blinded study of 102 people, after 4 weeks:
90% of people saw boosted radiance and agreed the product was gentler than other facial retinoid serums used in the past
88% of people reported that skin looked brighter
87% of people saw renewed skin
LUNA SLEEPING NIGHT OIL:
After an independent consumer testing panel used Luna Sleeping Night Oil for 4 weeks:
100% felt the product absorbed well into the skin
96% of women felt their skin looked brighter and more radiant
96% of women felt their skin looked healthier and revitalized
92% of women felt their skin tone looked more even, calmer, smoother
92% would recommend Luna to a family member or friend
88% felt their pores looked smaller
85% felt their fine lines and wrinkles around the forehead were visibly improved
GOOD GENES LACTIC ACID TREATMENT:
100% of users said their skin looked and felt significantly smoother and more radiant, with visibly reduced lines and wrinkles
100% of users said this was the most effective skin plumping product they have ever used and would definitely recommend this product to a friend
Includes
Ceramic Slip Cleanser (1.0 oz)
Pink Drink Essence (0.8 oz)
Luna Sleeping Night Oil (0.3 oz)
A+ High-Dose Retinoid Serum (0.5 oz)
Good Genes Lactic Acid Treatment (0.5 oz)
5 Stars Retinoid + Niacinamide Eye Serum (0.2 oz)
Ice Ceramide Moisturizing Cream (0.5 oz)",Please see full ingredient listing on packaging.,"Cleanse skin with Ceramic Slip Clay Cleanser.
After patting your skin dry, mist Pink Drink Firming + Resurfacing Essence onto your face. Massage into your skin and let dry.
Next, apply 1-2 pumps of A+ Retinoid Serum to your face and neck, followed by 3-4 drops of Luna Sleeping Night Oil (or mix them together and apply as a skin cocktail).
Let the products sink in for a few minutes, then follow with 1-2 pumps of Good Genes Lactic Acid to face and neck.
Using your ring and middle fingers, lightly tap a pearl-sized amount of 5 Stars Retinoid + Niacinamide Eye Serum onto the eye area and massage outwards around the outer crow's feet, under the eye, and between brow bone and eyebrow.
Before bed, massage in Ice Ceramide Moisturizing Cream onto the face, neck, and décolletage to lock in moisture."
pimprod2038787,Clinique,Even Better Light Reflecting Primer,Face,Face Primer,$40.00,1.0 oz,https://media.ulta.com/i/ulta/2607978?w=100&h=100&fmt=auto,64 Reviews,"Benefits
All Skin Types.
With 20 billion prismatic illuminators in every tube, this brilliant makeup primer harnesses the power of light to visibly brighten skin.
Locks in makeup for 16 hours of fresh, flawless wear.
Lightweight texture sinks seamlessly into skin. Never too glittery - just a gorgeous, lit-from-within glow.
Wear under makeup, or use it alone to enhance your skin's own radiance.
Allergy tested. 100% fragrance free.
Dermatologist tested. Ophthalmologist tested. Appropriate for contact lens wearers.
Paraben-free. Phthalate-free. Silicone-free. Oil-free.
Key Ingredients
With vitamin C and acetyl glucosamine, this powerful formula helps boost radiance, smooth the look and feel of skin, and visibly even skin tone over time.
Hyaluronic acid helps hydrate and prep skin for smooth makeup application.
Research Results
In 8 weeks:
82% showed more radiant looking bare skin.*
88% showed more even looking skin.*
*Clinical testing conducted on 33 women after using product for 8 weeks.","Water\Aqua\Eau, Propanediol, Betaine, Algae Extract, Ammonium Acryloyldimethyltaurate/Vp Copolymer, Ascorbyl Glucoside, Acetyl Glucosamine, Trehalose, Tocopheryl Acetate, Squalane, Sodium Hyaluronate, Hordeum Distichon (Barley) Extract\Extrait D'Orge À Deux Rangs, Prunus Amygdalus Dulcis (Sweet Almond) Seed Extract, Sigesbeckia Orientalis (St. Paul'S Wort) Extract, Centaurium Erythraea (Centaury) Extract, Triticum Vulgare (Wheat) Germ Extract, Aloe Barbadensis Leaf Water, Caffeine, Palmitoyl Hexapeptide-12, Acetyl Hexapeptide-8, Decarboxy Carnosine Hcl, Ethylhexylglycerin, Butylene Glycol, Glycerin, Cetearyl Olivate, Silica, Sodium Hydroxide, Citric Acid, Glyceryl Polymethacrylate, Dehydroxanthan Gum, Sorbitan Olivate, Tin Oxide, Peg-8, Disodium Edta, Sodium Citrate, Tocopherol, Potassium Sorbate, Sodium Benzoate, Phenoxyethanol. May Contain: Mica, Titanium Dioxide (CI 77891), Iron Oxides (CI 77491), Iron Oxides (CI 77492), Carmine (CI 75470).","Apply a thin layer to clean moisturized skin.
Smooth over entire face before foundation or wear alone. Allow to dry for one minute before applying foundation.
Can also be used as a highlighter, applied on top of foundation to the high points of face."
pimprod2037107,MAC,Hyper Real Skincanvas Balm Moisturizing Cream,Moisturizers,Face Moisturizer,$58.00,1.7 oz,https://media.ulta.com/i/ulta/2605398?w=100&h=100&fmt=auto,637 Reviews,"Benefits
Lightweight, fast-absorbing moisturizer strengthens and protects the skin barrier
Science-backed and Artist-approved moisturizing cream that deeply hydrates and smooths skin immediately and over time
Deeply hydrates
THE M·A·C DIFFERENCE
Wear alone or underneath makeup for a perfectly prepped, makeup-ready complexion
Non-greasy and non-pilling
The lightweight, breathable texture absorbs instantly for a smoother, better makeup application
Keeps makeup looking fresh for 12 hours
Key Ingredients
Japense Peony Extract & Ceramides: Supports and restores skin barrier strength
11.5% Hyaluronic Acid Solution & 2.5% Niacinamide: Hydrates, plumps and refines the skin
Mango and Avocado Butters: help to leave skin feeling soft, nourished and conditioned
Research Results
AFTER 1 USE:
100% showed an immediate improvement in hydration*
97% said skin felt soft and looked smoother**
96% showed a fortified skin barrier*
93% said skin looked more radiant**
Keeps makeup looking fresh for 12 hours
AFTER 1 WEEK:
99% said skin felt moisturized, soothed and protected***
93% said makeup applied smoothly on top of this product****
AFTER 4 WEEKS:
92% said this product left skin feeling more youthful*****
89% had an improvement in the appearance of skin texture******
*Clinical testing on 25 panelists after one use.
**Consumer testing on 180 panelists after one use.
***Consumer testing on 180 panelists after one week of use, twice a day.
****Consumer testing on 177 panelists after one week of use, twice a day.
*****Consumer testing on 178 panelists after four weeks of use, twice a day.
******Clinical testing on 38 panelists after four weeks of use, twice a day.","Water\Aqua\Eau, Propanediol, Helianthus Annuus (Sunflower) Seed Oil, Caprylic/Capric/Myristic/Stearic Triglyceride, Niacinamide, Cocos Nucifera (Coconut) Oil, Polyglyceryl-3 Methylglucose Distearate, Coco-Caprylate/Caprate, Simmondsia Chinensis (Jojoba) Seed Oil, Butylene Glycol, Hydroxyethyl Acrylate/Sodium Acryloyldimethyl Taurate Copolymer, Glyceryl Stearate, Peg-100 Stearate, Trehalose, Persea Gratissima (Avocado) Oil, Glycerin, Sodium Hyaluronate, Squalane, Ethylhexylglycerin, Cholesterol, Sodium Rna, Ceramide Ng, Acetyl Glucosamine, Acetyl Hexapeptide-8, Isononyl Isononanoate, Caprylic/Capric Triglyceride, Caprylyl Glycol, Mangifera Indica (Mango) Seed Butter, Paeonia Albiflora Flower Extract, Crithmum Maritimum Extract, Aloe Barbadensis Leaf Extract, Laminaria Digitata Extract, Algae Extract, Hordeum Distichon (Barley) Extract\Extrait D'Orge À Deux Rangs, Prunus Amygdalus Dulcis (Sweet Almond) Seed Extract, Sigesbeckia Orientalis (St. Paul'S Wort) Extract, Triticum Vulgare (Wheat) Germ Oil, Hydrogenated Vegetable Oil, Canola Oil\Huile De Colza, Argania Spinosa Kernel Oil, Caffeine, Acrylates/C10-30 Alkyl Acrylate Crosspolymer, Sorbitan Isostearate, Potassium Cetyl Phosphate, Polysorbate 60, Hexylene Glycol, Sodium Hydroxide, Fragrance (Parfum), Linalool, Limonene, Benzyl Salicylate, Tocopherol, Tocopheryl Acetate, Tetrasodium Edta, Phenoxyethanol, Potassium Sorbate, Chlorphenesin, Titanium Dioxide (CI 77891).","Apply moisturizer twice a day, morning and evening, as part of your Hyper Real skincare routine.
Dispense one to two pumps directly onto fingertips or use the 001 Serum + Moisturizer Brush to apply evenly onto freshly cleansed skin, in place of your serum and moisturizer.
Use the Artist-crafted Petal-Press Technique to apply by gently pressing the formula upward and outward into the skin."
pimprod2037474,Clinique,Skin School Supplies: Smooth + Renew Lab Anti-Aging Skincare Set,By Category,Skin Gifts,$35.00,,https://media.ulta.com/i/ulta/2604495?w=100&h=100&fmt=auto,36 Reviews,"Benefits
All Skin Types.
Outsmart the look of lines and wrinkles with Clinique's most advanced age-defying routine.
This kit brings together favorite products from Clinique's popular Skin School class.
Step 1: Smooth. Clinique Smart Clinical Repair Wrinkle Correcting Serum was engineered to outsmart wrinkles in three ways: repairing, resurfacing, and replumping the look of skin. Visibly reduces stubborn lines by 32%.*
Step 2: Renew. Clinique Smart Clinical Repair Wrinkle Correcting Eye Cream is engineered with peptide-rich CL1870 Complex and helps fortify the delicate skin around the eyes, making it feel and look stronger, renewed, and more resilient.
Step 3: Moisturize. Clinique Smart Clinical Repair Wrinkle Correcting Cream visibly reduces lines and wrinkles as it plumps skin with lasting hydration.
Paraben-free. Phthalate-free. Fragrance free.
Research Results
Clinical Testing:
*Upper lateral dynamic lines; clinical testing on 59 women after 16 weeks.
Includes
Clinique Smart Clinical Repair Wrinkle Correcting Serum (0.34 oz)
Clinique Smart Clinical Repair Wrinkle Correcting Cream (0.5 oz)
Clinique Smart Clinical Repair Wrinkle Correcting Eye Cream (0.17 oz)",See packaging for full ingredient listing.,
pimprod2045266,Drunk Elephant,Umbra Mineral Cream SPF 30 Tinted Face Sunscreen,Moisturizers,Tinted Moisturizer,$36.00,Cocoa,https://media.ulta.com/i/ulta/2622999?w=100&h=100&fmt=auto,780 Reviews,"Benefits
Potent antioxidants, such as astaxanthin, tetrahexyldecyl ascorbate, and ubiquinone, help enhance skin's free radical defenses
Plant oils nourish skin
Non-pilling and highly blendable
Delivers 100% mineral sun protection that is ideal for daily use on all skin - even sensitive
Dermatologist Tested
Key Ingredients
20% Zinc Oxide: Mineral sunscreen active that provides broad-spectrum (UVA and UVB) protection.
Astaxanthin: Derived from seaweed, known to provide powerful antioxidant benefits.
Tetrahexyldecyl Ascorbate: A form of vitamin C; has the potential to improve signs of aging and uneven skin tone.
Research Results
In a consumer-perception study of 55 people after 2 weeks:
92% agreed the product felt gentle on skin
92% agreed the product applied smoothly and evenly
90% agreed the product did not pill while blending into skin","Active: Zinc Oxide 20.0%.
Inactive: Water, Ethylhexyl Olivate, Squalane, C9-12 Alkane, Propanediol, Polyglyceryl-3 Diisostearate, Glycerin, Polyglyceryl-6 Polyricinoleate, Silica, Disteardimonium Hectorite, Lauroyl Lysine, Kaolin, Sclerocarya Birrea Seed Oil, Camellia Sinensis Seed Oil, Coco-Caprylate/Caprate, Rubus Idaeus (Raspberry) Seed Oil, Simmondsia Chinensis (Jojoba) Seed Oil, Acacia Senegal Gum, Silybum Marianum Fruit Extract, Tetrahexyldecyl Ascorbate, Vitis Vinifera (Grape) Juice Extract, C12-15 Alkyl Benzoate, Haematococcus Pluvialis Extract, Ubiquinone, Astaxanthin, Dextrin, Sea Water, Brassica Campestris (Rapeseed) Seed Oil, Tocopheryl Acetate, Potassium Sorbate, Chlorphenesin, Sea Salt, Sodium Benzoate, Tetrasodium Glutamate Diacetate, Phenoxyethanol, Sodium Hydroxide, Tocopherol, Iron Oxides.","Every morning, apply evenly to your face as the last step in your skincare routine and to prep your skin for whatever comes next.
Don't forget to apply to your ears, neck, chest, and backs of hands - they need sun protection, too."
pimprod2032536,Dermalogica,Daily Milkfoliant Exfoliator,Treatment & Serums,Face Peels & Exfoliators,$69.00,2.6 oz,https://media.ulta.com/i/ulta/2595547?w=100&h=100&fmt=auto,"1,096 Reviews","Benefits
Calming vegan oat-based powder - physical and chemical exfoliant
Gently polishes to reveal smoother, more vibrant skin
Replenishes and supports skin's moisture barrier
Relieves skin with calming and soothing ingredients
The paper used in this carton is recyclable and comes from FSC certified responsibly managed forest
This bottle is made with 50% recycled plastic
Key Ingredients
Coconut Milk: smooths for softer skin
Alpha Hydroxy Acids (AHAs) and Beta Hydroxy Acids (BHAs): help polish way dead skin cells
Papain Extract: helps to resurface skin with exfoliating properties
Oat Bran Extracts: replenish and help soothe skin
Research Results
90% of consumers having significant smoothness after just one use","Sodium CocoylIsethionate, Microcrystalline Cellulose, Sodium Bicarbonate, Sorbitol, ZeaMays (Corn) Starch, Sodium CocoylGlutamate, Saccharomyces Ferment, Oryza Sativa (Rice) Starch, Magnesium Oxide, Citric Acid, Tapioca Starch, AvenaSativa (Oat) Kernel Protein, Camellia Oleifera Seed Extract, Silica, Cocos Nucifera (Coconut) Fruit Extract, Inulin, Cassia HydroxypropyltrimoniumChloride, Silybum Marianum Seed Oil, Kaolin, Lauryl Methacrylate/Glycol DimethacrylateCrosspolymer, Papain, Hyaluronic Acid, AvenaSativa (Oat) Kernel Extract, Helianthus Annuus (Sunflower) Seed Oil, AvenaSativa (Oat) Bran Extract, Glycine Soja (Soybean) Oil, Citrus Aurantium Dulcis (Orange) Peel Extract, Vitis Vinifera (Grape) Fruit Extract, Citrus Aurantium Bergamia (Bergamot) Fruit Oil, AnibaRosodora(Rosewood) Wood Oil, Salvia Sclarea (Clary) Oil, Eucalyptus Globulus Leaf Oil, Chamomilla Recutita(Matricaria) Flower Oil, Cucurbita Pepo (Pumpkin) Fruit Extract, Cucumis Sativus (Cucumber) Fruit Extract, Perilla OcymoidesLeaf Extract, Daucus Carota Sativa (Carrot) Root Extract, Sea Salt (Maris Sal), Juniperus Virginiana Oil, Alpha-Glucan Oligosaccharide, Tocopherol, CastorylMaleate, Caprylyl Glycol, Allantoin, Diglycerin, Maltodextrin, LauroylLysine, Arginine, Saccharide Isomerate, Sodium LauroylGlutamate, Beta-Carotene, Xanthan Gum, Ethylhexylglycerin, 1,2-Hexanediol, Hydroxypropyl Methylcellulose, Dextrin, Sodium Palmitate, Sodium Chloride, Acacia Senegal Gum, Sodium Citrate, Water/Aqua/Eau, O-Cymen-5-Ol, Limonene, Linalool.","Dispense a half-teaspoon into wet hands and create a creamy lather by rubbing hands together. Apply to face in circular motions, avoiding the eye area. Massage gently for one minute, then rinse thoroughly."
pimprod2049025,Murad,Retinal ReSculpt Body Lift Treatment,Treatment & Serums,Body Treatments,$79.00,5.0 oz,https://media.ulta.com/i/ulta/2631736?w=100&h=100&fmt=auto,102 Reviews,"Benefits
Like shapewear in a jar! Murad's best-selling Retinal treatment now formulated for body
Formulated with ingredients that are meant to mimic fat burning to promote a firmer, more toned appearance
Targets crepey skin, stretch marks and cellulite, while restoring youthful elasticity and resilience to skin
Silky-smooth cream absorbs quickly without stickiness, plumps skin with deep hydration to enhance smoothness, texture and tone
Key Ingredients
Encapsulated retinal: pharmaceutical-inspired for 2.5x better efficacy than free retinal while still being gentle on skin
Exerkine-inspired milk thistle and bearberry extracts: smooth texture and help tone
Encapsulated shea butter and avocado extract: smooths to help improve the look of cellulite, dimpled skin, and stretch marks
Squalane: prevents moisture loss while restoring skin's suppleness
Research Results
Smooths and lifts sagging, crepey skin and deep-set wrinkles in 2 weeks*
Firms and plumps dimpled skin in 4 weeks*
Reduces the look of stretch marks in 8 weeks*
*Results based on an 8-week clinical study with 34 participants","Water/Aqua/Eau, Caprylic/Capric Triglyceride, Glycerin, Squalane, Cetearyl Alcohol, Glyceryl Stearate Citrate, Butyrospermum Parkii (Shea) Butter, Octyldodecanol, Glyceryl Stearate, Retinal, Silybum Marianum Extract, Arctostaphylos Uva-Ursi Leaf Extract, Urea, Yeast Amino Acids, Trehalose, Inositol, Taurine, Betaine, Hydroxyacetophenone, Butyrospermum Parkii (Shea) Butter Extract, Persea Gratissima (Avocado) Fruit Extract, Ethylhexylglycerin, Mannitol, Phosphatidylcholine, Propanediol, Bentonite, Polyacrylate Crosspolymer-6, Xanthan Gum, Cetyl Alcohol, Sodium Chloride, Tetrasodium Glutamate Diacetate, Citric Acid, Chlorphenesin, Sodium Benzoate, Potassium Sorbate, Leuconostoc/Radish Root Ferment Filtrate, Tocopherol, Citronellol, Alpha-Isomethyl Ionone, Fragrance (Parfum)","To Use: AM or PM
Massage over body, concentrating on areas of concern
For AM use, apply sunscreen.
Reduce frequency if sensitivity occurs."
pimprod2012167,CeraVe,Acne Foaming Cream Cleanser with 4% BPO for Acne Prone Skin,Treatment & Serums,Acne & Blemish Treatments,$18.99,5.0 oz,https://media.ulta.com/i/ulta/2556948?w=100&h=100&fmt=auto,"2,248 Reviews","Benefits
Unique foaming cream face wash formula with benzoyl peroxide, hyaluronic acid and niacinamide works to gently remove dirt and excess oil without leaving skin feeling stripped of moisture
Helps clear pimples, whiteheads and blackheads without dryness or flaking
Helps prevent new acne from forming
Allows blemishes to heal
Helps maintain the skin barrier with three essential ceramides
Features soothing ingredients to help calm the skin
Ideal for acne-prone and oily skin
Non-comedogenic
Fragrance Free
Paraben Free
Developed with dermatologists
CeraVe is the No. 1 dermatologist-recommended moisturizer brand for acne*
*No. 1 recommended non-OTC moisturizer brand for acne-prone skin. Source: IQVIA, ProSource Survey, 11/1/2019-10/31/2020.
Key Ingredients
4% Benzoyl peroxide helps clear acne and blackheads, minimize excess oil and prevent future breakouts
Ceramides help restore and maintain the natural skin barrier
Hyaluronic acid attracts hydration to the skin's surface and helps the skin retain moisture
Niacinamide helps calm the skin","Active: Benzoyl Peroxide 4%. Inactive: Water, Glycerin, Propylene Glycol, Cocamidopropyl Hydroxysultaine, Sodium C14-16 Olefin Sulfonate, Xanthan Gum, Potassium Hydroxide, Ceramide Np, Ceramide Ap, Ceramide Eop, Carbomer, Niacinamide, Glycolic Acid, Sodium Chloride, Sodium Citrate, Sodium Hyaluronate, Sodium Lauroyl Lactylate, Sodium Hydroxide, Cholesterol, Phenoxyethanol, Propanediol, Citric Acid, Tetrasodium Edta, Diethylhexyl Sodium Sulfosuccinate, Phytosphingosine, Ethylhexylglycerin, Benzoic Acid.","Use every morning and evening. Apply a dime-size amount to damp skin and gently massage, avoiding the eye area. Rinse well. Use wash on entire affected area one to two times daily. Because excess drying of the skin may occur, start with one application daily, then gradually increase two times daily if needed or as directed by a doctor. If bothersome dryness or peeling occurs, reduce application to once a day or every other day. If going outside, apply sunscreen after using this product. If irritation or sensitivity develops. stop use of both products and ask a doctor.
Build your Everyday Routine with CeraVe:
Step 1: Cleanse with CeraVe Acne Foaming Cream Cleanser
Step 2: Treat with CeraVe Resurfacing Retinol Serum
Morning Step 3: Moisturize & Protect with CeraVe AM Facial Moisturizing Lotion with Broad Spectrum SPF 30
Night Step 3: Moisturize with CeraVe PM Facial Moisturizing Lotion
Precautions: For external use only."
pimprod2033311,Peach Slices,Snail Rescue Purifying Cleanser,Cleansers,Face Wash,$14.99,4.0 oz,https://media.ulta.com/i/ulta/2597526?w=100&h=100&fmt=auto,311 Reviews,"Benefits
Effectively cleanse down to pores without stripping skin of moisture
Cleanse impurities and everyday makeup with ease
Gel texture refreshes and awakens skin
Effective and fun: Peach Slices formulas are formulated for all skin types and deliver holistic and easy solutions for stubborn skin issues
Key Ingredients
Snail Mucin: hydrates, exfoliates, brightens, and calms
Pine Bark: refines skin texture for a more even-toned complexion
Hyaluronic Acid: draws moisture to skin for deep hydration
Cica: contains antibacterial and healing properties","Water, Snail Secretion Filtrate, Potassium Cocoyl Glycinate, Lauryl Hydroxysultaine, Acrylates Copolymer, Glycerin, Tromethamine, Hyaluronic Acid, Hydrolyzed Hyaluronic Acid, Sodium Hyaluronate, Coco-glucoside, Centella Asiatica Leaf Extract, Centella Asiatica Root Extract, Centella Asiatica Extract, Asiaticoside, Asiatic Acid, Madecassic Acid, Madecassoside, Butylene Glycol, Sorbitol, Potassium Benzoate, Pinus Pinaster Bark Extract, 1,2-Hexanediol, Propanediol, Sodium Chloride, Citric Acid, Decyl Glucoside, Sodium C14-16 Olefin Sulfonate, Trisodium Ethylenediamine Disuccinate, Rosmarinus Officinalis (Rosemary) Leaf Oil.","Massage on damp skin, rinse off with water. Can be used daily, AM and PM. Follow with your favorite toner, serum and moisturizer.
Precautions: External use only. Avoid contact with eyes. Keep out of reach of children. Store in a cool and dry place."
pimprod2045644,Naturium,Vitamin C Super Serum Plus,Treatment & Serums,Face Serums,$25.99,1.0 oz,https://media.ulta.com/i/ulta/2627281?w=100&h=100&fmt=auto,308 Reviews,"Benefits
Multi-benefit serum
Minimizes the appearance of fine lines & wrinkles
Helps skin look brighter & smoother
Dermatologist tested
Fragrance free
Vegan, paraben & cruelty free
Key Ingredients
Stable L-Ascorbic Acid: pure Vitamin C conjugated to gold particles, diminishes the appearance of fine lines & wrinkles, works to brighten look of uneven skin tone and helps defend against environmental stressors
Encapsulated Retinol: smooths the appearance of fine lines & wrinkles, improves look of uneven tone, and refines appearance of skin texture
Hyaluronic Acid: replenishes essential moistureand leaves skin looking plump for more youthful-looking skin
Niacinamide: helps control & balance oil, reduces the appearance of pores and improves the look of dark spots, for more even-looking skin
Salicylic Acid: balances & smooths skin and clarifies skin without dryness
Research Results
CLINICALLY PROVEN RESULTS*
100% of subjects showed improvement in the look of fine lines & wrinkles in 8 weeks
100% of subjects showed immediate & all-day hydration
88% of subjects showed improvement in uneven skin tone in 8 weeks
*In an 8-week clinical study on subjects (women & men), representation across all skin types & self-perceived sensitive skin","Water, Niacinamide, Propanediol, Glycerin, Ascorbic Acid, Glutathione, Aloe Barbadensis Leaf Juice, Retinol, Sodium Hyaluronate, Caprylyl Glycol, Hydroxyethylcellulose, Carbomer, Salicylic Acid, Tocopheryl Acetate, Humulus Lupulus (Hops) Cone Extract, Glyceryl Polyacrylate, Potassium Sorbate, Copernicia Cerifera (Carnauba) Wax, Hexylene Glycol, Sorbitol, Sodium Hydroxide, Sorbitan Oleate, Acrylamide/Sodium Acryloyldimethyltaurate Copolymer, Helianthus Annuus (Sunflower) Seed Oil, Phenoxyethanol, Isohexadecane, Polysorbate 80, Polysorbate 20, 1,2-Hexanediol, Amylopectin, Dextrin, Polydextrose, Disodium Cocoamphodiacetate, Xanthan Gum, Tocopherol, Citric Acid, Sodium Benzoate, Disodium Phosphate, Gold, Polysorbate 60, Ethyl Ferulate, Sodium Phosphate.","Shake well. Apply an even layer onto face, neck and chest morning and night, avoiding the eye area. For best results, follow with moisturizer and use SPF in the morning. Patch test prior to use is advised.
For external use only. Use only as directed."
pimprod2048765,Magic Molecule,Ultimate Bundle Hypochlorous Acid Spray,Treatment & Serums,Body Treatments,$30.00,,https://media.ulta.com/i/ulta/2630367?w=100&h=100&fmt=auto,12 Reviews,"Features
Helps soothe acne-prone skin, cuts & scrapes, sunburns, eczema, zits, redness, and more.
Clarify skin, remove bacteria, reduce redness, minimize imperfections, and naturally calm skin
Use whenever your skin needs a boost!
Key Ingredients
Powered by hypochlorous acid, the same solution naturally produced by our white blood cells for skin healing.
Pure, medical-grade, and FDA-cleared
Formulated Without
Non-toxic, all-natural and pet-safe, good for all skin types & safe for sensitive skin
Free of alcohol, silicones, parabens, sulfates, phthalates, oil, and talc","Hypochlorous Acid (0.018%), Ionized Water (99.918%), Sodium Chloride (0.06%), Hypochlorite Ion (0.004%)","Spray solution on skin to flush away any dirt and debris. Spray skin thoroughly and let air dry as often as needed. Use Magic Molecule as the first step in your skincare routine after cleansing, or throughout the day - whenever your skin needs a boost!"
pimprod2043299,ULTA Beauty Collection,Plumped Up Pout Lip Balm,Lips,Lip Balms & Treatments,$11.00,Sweetheart,https://media.ulta.com/i/ulta/2612339?w=100&h=100&fmt=auto,44 Reviews,"Benefits
Gives the lips a cooling, slight tingle sensation
Natural finish
Sheer to buildable coverage
Available in 6 shades
Features
Proudly cruelty free with clean ingredients
Key Ingredients
Packed with nourishing extracts & oils to care for dry, cracked lips
Balmy formula has a blend of vitamin E, avocado, olive & marula oils that help to condition and soften lips
Hyaluronic acid helps to give lips natural, more supple volume
Cooling ingredients gives lips a light tingling sensation","Hydrogenated Poly (C6-14 Olefin), Bis-Diglyceryl Polyacyladipate-2, Synthetic Wax, Polyglyceryl-2 Triisostearate, Octyldodecanol, Pentaerythrityl Tetraisostearate, Microcrystalline Wax/Cera Microcristallina/Cire Microcrystalline, Silica, Menthoxypropanediol, Sclerocarya Birrea Seed Oil, Argania Spinosa Kernel Oil, Persea Gratissima (Avocado) Oil, Olea Europaea (Olive) Fruit Oil, Aloe Barbadensis Leaf Extract, Caffeine, Menthol, Tocopheryl Acetate, Caprylic/Capric Triglyceride, Disteardimonium Hectorite, Propylene Carbonate, Fragrance/Parfum, Phenoxyethanol, Limonene, Linalool, Eugenol. MAY CONTAIN: Titanium Dioxide (CI 77891), Red 6 Lake (CI 15850), Red 7 Lake (CI 15850), Yellow 5 Lake (CI 19140), Yellow 6 Lake (CI 15985), Red 28 Lake (CI 45410), Blue 1 Lake (CI 42090), Iron Oxides (CI 77491, CI 77492, CI 77499).
Please be aware that ingredient lists may change or vary from time to time. Please refer to the ingredient list on the product package you receive for the most up to date list of ingredients.","Generously apply balm to the lips for desired conditioning & plumpness.
Caution: Slight tingling may occur after application and can last for several minutes. Be sure to only apply on your lips. If you experience discomfort, remove and discontinue use. Not intended for use by children."
pimprod2050675,DAISE,Hydrating Lip Balm,Lips,Lip Balms & Treatments,$2.99,Watermelon Crush,https://media.ulta.com/i/ulta/2636692?w=100&h=100&fmt=auto,208 Reviews,"Benefits
Long-lasting hydration
Nourishes and softens
Can be worn overnight as a moisture mask
Features
Lip balm for 8-hour moisture
Subtle watermelon flavor, non-tinted
Made with 90% natural ingredients, Vitamin E and Shea Butter
Dermatologically tested
Formulated Without
Parabens
Phthalates
Sulfates
BHA/BHT
Silicones
Heavy Metals
Animal Testing","Helianthus Annuus (Sunflower) Seed Oil, Ricinus Communis (Castor) Seed Oil, Beeswax, Olea Europaea (Olive) Fruit Oil, Caprylic/Capric Triglyceride, Helianthus Annuus (Sunflower) Seed Wax, Euphorbia Cerifera (Candelilla) Wax, Persea Gratissima (Avocado) Oil, Butyrospermum Parkii (Shea) Butter, Bis-Diglyceryl Polyacyladipate-2, Synthetic Wax, Microcrystalline Wax, Cocos Nucifera (Coconut) Oil, Tocopherol, Glyceryl Caprylate, Parfum (Fragrance), Benzyl Benzoate.","Twist flower shape open to reveal balm. Apply as needed, either alone or as a lip primer.
Warning: For External Use Only. Do Not Consume. If Irritation Occurs Or Continues Consult Your Physician. Keep Out Of Reach Of Children."
pimprod2043794,Kopari Beauty,Sun Shield On-The-Glow Sheer Stick Sunscreen SPF 40,Suncare,Sunscreen,$30.00,1.0 oz,https://media.ulta.com/i/ulta/2618936?w=100&h=100&fmt=auto,167 Reviews,"Benefits
SPF 40 broad spectrum UVA/UVB protection for face & body
40 minute sweat & water-resistant
Portable addition to Kopari's best-selling Sun Shield sun care collection
Non-sticky, non-oily glow and protect on the go
Leaves skin with radiant finish while soothing with blend of anti-irritants and calming ingredients
Reef/ocean safe gold pigments that blend seamlessly into skin
Infused with Kopari's signature sweet coconut milk scent
Key Ingredients
Bisabolol, Ginger Root Extract & Aloe Vera: calms and soothes skin after UV exposure
Vitamin E: protects skin from environmental stressors and free radicals
Sustainably Sourced Mica: for a subtle golden glow
Formulated Without
PEGs, Silicone, Phthalates, Sulfates, & Artificial Colorants","Active: Homosalate 10% Octocrylene 10% Octisalate 5% Avobenzone 3%. Inactive: C/12-15 Alkyl Benzoate, Octyldodecanol, Butyloctyl Salicylate, Octyldodecyl Neopentanoate, Isostearyl Linoleate, Polyester-8, Dibutyl Lauroyl Glutamide, Dibutyl Ethylhexanoyl Glutamide, Below 1% Silica Silyate, Cocos Nucifera (Coconut)Oil, Aloe Barbadensis Leaf Extract, Tocopherol, Glycine Soja (Soybean) Oil, Bisabolol, Zingiber Officinale (Ginger) Root Oil, Farnesol, Citral, d-Limonene, Geraniol Citronellol, Linalool, Isoeugenol, Parfum, Benzyl Salicylate, Hexyl Cinnamal, Synthetic Fluorphlogopite, Silica, Iron Oxides (CI 77491).","Glide directly on face and body 15 minutes before sun exposure. Can be used on entire body throughout the day. Reapply every 2 hours to maintain sun protection and radiant glow.
For external use only. Do not use on damaged or broken skin. When using this product keep out of eyes. Rinse with water to remove. Stop use and ask a doctor if rash occurs. Keep out of reach of children. If swallowed, get medical help or contact a Poison Control Center right away."
pimprod2030600,Supergoop!,PLAY Antioxidant Body Sunscreen Mist with Vitamin C SPF 30,Suncare,Sunscreen,$24.00,6.0 oz,https://media.ulta.com/i/ulta/2589801?w=100&h=100&fmt=auto,70 Reviews,"Benefits
Lightweight, refreshing mist
80 minutes Water & Sweat Resistant
UVA, UVB and Infrared protection
Sprays on white and dries quickly to a sheer, dry-touch finish
Can be used on wet or dry skin
Hydrates skin while staying safe from the sun's UV rays
Leaves skin radiantly glowing
Packaging utilizes a unique bag-on-valve technology that keeps the SPF free of chemical propellants, and it means you can spray it from all different angles (even upside down). It will also empty completely, so you don't have to worry about whether or not you're getting every last drop of SPF.
Key Ingredients
Vitamin C: Helps protect from free radical damage.
Green Tea Extract: Rich in antioxidant polyphenols that help protect the skin from the damaging effect of free radicals.
Acai Extract: A good source of vitamins A, C, and E, and omega 3, 6, and 6 fatty acids, and considered a powerhouse for antioxidant protection.
Active Ingredients: Avobenzone 2.4%, Homosalate 9.8%, Octisalate 4.9%, Octocrylene 5.7%
Formulated Without
Supergoop! thoughtfully chooses ingredients based on global regulations and the latest scientific research. Supergoop! ""No List"" includes 1600+ ingredients that is never add in products, including oxybenzone, octinoxate, parabens, phthalates, sulfates and synthetic fragrances.","Active: Avobenzone 2.4%, Homosalate 9.8%, Octisalate 4.9%, Octocrylene 5.7%.
Inactive: Alcohol Denat., Butyloctyl Salicylate, Camellia Sinensis Leaf Extract, Cananga Odorata Flower Oil, Caprylic/Capric Triglyceride, Citrus Aurantifolia (Lime) Oil, Citrus Grandis (Grapefruit) Peel Oil, Citrus Medica Limonum (Lemon) Peel Oil, Citrus Nobilis (Mandarin Orange) Peel Oil, Citrus Reticulata (Tangerine) Leaf Oil, Citrus Sinensis Peel Oil, Dicaprylyl Carbonate, Diisopropyl Adipate, Euterpe Oleracea Fruit Extract, Helianthus Annuus (Sunflower) Seed Oil, Isodecyl Neopentanoate, Lavandula Angustifolia (Lavender) Oil, Mentha Piperita (Peppermint) Oil, Mentha Viridis (Spearmint) Leaf Oil, Tetrahexyldecyl Ascorbate, Tridecyl Neopentanoate, VA/Butyl Maleate/Isobornyl Acrylate Copolymer, Vitis Vinifera (Grape) Seed Oil.","Spray directly on your body before a day of play. It can even be sprayed on wet skin to reapply post dip in the pool or ocean.
Apply generously and evenly 15 minutes before sun exposure. Reapply at least every 2 hours, after 80 minutes of swimming or sweating or immediately after towel drying.
Tip: You can spray the mist rightside-up or upside-down to get those hard to reach.
Precautions: For external use only. Do not use on damaged or broken skin. Stop use and ask a doctor if rash occurs. When using this product keep out of eyes. Rinse with water to remove. Keep out of reach of children. If swallowed, get medical help or contact a Poison Control Center right away."
pimprod2051260,The Ordinary,The Age Support Set with Peptides,Moisturizers,Face Moisturizer,$41.80,,https://media.ulta.com/i/ulta/2637167?w=100&h=100&fmt=auto,7 Reviews,"Key Ingredients
Multi-Peptide + HA Serum: A face serum designed to minimize the appearance of early signs of aging, including the look of fine lines, and the feel of skin elasticity and firmness
Multi-Peptide Eye Serum: Designed specifically for the eye area. It helps to reduce the appearance of crow’s feet and under-eye wrinkles, eye bags, puffiness, and dark circles, leaving the eye area looking brighter, smoother and less puffy.
Includes
Multi-Peptide + HA Serum (1.0 oz)
Multi-Peptide Eye Serum (0.5 oz)
Natural Moisturizing Factors + PhytoCeramides (1.0 oz)","Multi-Peptide + Hyaluronic Acid Serum: Aqua (water), Glycerin, Lactococcus Ferment Lysate, Acetyl Hexapeptide-8, Pentapeptide-18, Palmitoyl Tripeptide-1, Palmitoyl Tetrapeptide-7, Palmitoyl Tripeptide-38, Dipeptide Diaminobutyroyl Benzylamide Diacetate, Acetylarginyltryptophyl Diphenylglycine, Sodium Hyaluronate Crosspolymer, Sodium Hyaluronate, Allantoin, Glycine, Alanine, Serine, Valine, Isoleucine, Proline, Threonine, Histidine, Phenylalanine, Arginine, Aspartic Acid, Trehalose, Fructose, Glucose, Maltose, Urea, Sodium Pca, Pca, Sodium Lactate, Citric Acid, Hydroxypropyl Cyclodextrin, Sodium Chloride, Sodium Hydroxide, Butylene Glycol, Pentylene Glycol, Acacia Senegal Gum, Xanthan Gum, Carbomer, Polysorbate 20, PPG-26-buteth-26, PEG-40 Hydrogenated Castor Oil, Trisodium Ethylenediamine Disuccinate, Ethoxydiglycol, Sodium Benzoate, Caprylyl Glycol, Ethylhexylglycerin, Phenoxyethanol, Chlorphenesin.
Multi-Peptide Anti-Aging Eye Serum: Aqua (Water), Glycerin, Butylene Glycol, Propanediol, Dipropylene Glycol, Acetyl Glucosamine, Niacinamide, Palmitoyl Tripeptide-38, Acetyl Tetrapeptide-5, Myristoyl Nonapeptide-3, Dipeptide Diaminobutyroyl Benzylamide Diacetate, Caffeine, Epigallocatechin Gallatyl Glucoside, Gallyl Glucoside, Fraxinus Excelsior Bark Extract, Silanetriol, Arginine, Pentylene Glycol, Hydroxymethoxyphenyl Decanone, Propyl Gallate, Maltodextrin, Hydroxypropyl Cyclodextrin, Hydroxyethylcellulose, Xanthan Gum, Citric Acid, Glycolic Acid, Sodium Citrate, Polysorbate 20, Trisodium Ethylenediamine Disuccinate, Dehydroacetic Acid, Ethylhexylglycerin, Benzyl Alcohol, Phenoxyethanol, Chlorphenesin.
Natural Moisturizing Factors + PhytoCeramides: Aqua (water), Caprylic/capric Triglyceride, Cetyl Alcohol, Propanediol, Stearyl Alcohol, Glycerin, Sodium Hyaluronate, Arginine, Aspartic Acid, Glycine, Alanine, Serine, Valine, Isoleucine, Proline, Threonine, Histidine, Phenylalanine, Glucose, Maltose, Fructose, Trehalose, Sodium Pca, Pca, Sodium Lactate, Urea, Allantoin, Linoleic Acid, Oleic Acid, Phytosteryl Canola Glycerides, Palmitic Acid, Stearic Acid, Lecithin, Triolein, Tocopherol, Carbomer, Isoceteth-20, Polysorbate 60, Sodium Chloride, Citric Acid, Trisodium Ethylenediamine Disuccinate, Pentylene Glycol, Triethanolamine, Sodium Hydroxide, Phenoxyethanol, Chlorphenesin.","Apply Multi-Peptide + HA Serum to the entire face, apply a small amount of Multi-Peptide Eye Serum onto the eye contour, follow with a small amount of Natural Moisturizing Factors + PhytoCeramides. Use morning and evening."
pimprod2038432,OSEA,Bestsellers Set For Face + Body,By Category,Skin Gifts,$44.00,,https://media.ulta.com/i/ulta/2609119?w=100&h=100&fmt=auto,72 Reviews,"Benefits
A complete daily routine for face and body
Cleanses, plumps, and protects skin’s moisture barrier
Leaves skin healthy, hydrated, and glowing
Sustainably packaged: All bottles are made of frosted glass.
Key Ingredients
Lactic Acid: gently exfoliates skin
Hyaluronic Acid: works to boost hydration, fullness and firmness of skin
Niacinamide (Vitamin B3): improves skin hydration and enhances skin’s barrier
Undaria Seaweed: replenishes the skin’s moisture barrier
Includes
Ocean Cleanser (0.6 oz)
Hyaluronic Sea Serum (0.2 oz)
Atmosphere Protection Cream (0.6 oz)
Undaria Algae Body Oil (1.0 oz)","Ocean Cleanser: Water / Aqua / Eau, Undaria Pinnatifida Extract, Coco-Glucoside, Bentonite, Glycerin, Lactobacillus, Simmondsia Chinensis (Jojoba) Seed Oil, Sesamum Indicum (Sesame) Seed Oil, Sorbitan Olivate, Disodium Cocoyl Glutamate, Citrus Aurantium Dulcis (Orange) Peel Oil, Xanthan Gum, Lactic Acid, Kappaphycus Alvarezii Extract, Gigartina Stellata/Kappaphycus Alvarezii Extract, Corallina Officinalis Extract, Sea Water / Maris Aqua / Eau de mer, Hydrolyzed Oat Protein, Tocopherol, Cocos Nucifera (Coconut) Fruit Extract, Citrus Aurantium Bergamia (Bergamot) Fruit Oil, Citrus Aurantifolia (Lime) Oil, Juniperus Communis Fruit Oil, Cupressus Sempervirens Leaf/Nut/Stem Oil, Jasminum Officinale (Jasmine) Oil, Melia Azadirachta Leaf Extract, Melia Azadirachta Flower Extract, Sodium Cocoyl Glutamate, Limonene, Sodium Levulinate, Sodium Anisate, Citric Acid, Sodium Benzoate, Potassium Sorbate
Atmosphere Protection Cream: Water / Aqua / Eau, Caprylic/Capric Triglyceride, Coco-Caprylate/Caprate, Propanediol, Glycerin, Niacinamide, Butyrospermum Parkii (Shea) Butter, Cetearyl Olivate, Cetearyl Alcohol, Sorbitan Olivate, Persea Gratissima (Avocado) Oil , Simmondsia Chinensis (Jojoba) Seed Oil, Laminaria Digitata Extract, Chlorella Vulgaris Extract, Undaria Pinnatifida Extract , Sea Water / Maris Aqua / Eau de mer, Hydrolyzed Algin, Oryza Sativa (Rice) Bran Extract, Rosmarinus Officinalis (Rosemary) Leaf Extract, Helianthus Annuus (Sunflower) Extract, Tocopherol, Cetearyl Glucoside, Inula Helenium Extract, Saccharide Isomerate, Pentaerythrityl Distearate, Xanthan Gum, Bentonite, Tapioca Starch, Melia Azadirachta Leaf Extract, Melia Azadirachta Flower Extract, Microcrystalline Cellulose, Cellulose Gum, Sodium Stearoyl Glutamate, Prunus Amygdalus Dulcis (Sweet Almond) Oil, Pelargonium Graveolens Flower Oil, Lavandula Hybrida Oil, Anthemis Nobilis Flower Oil, Salvia Sclarea (Clary) Oil, Citric Acid, Phenethyl Alcohol, Benzyl Alcohol, Benzoic Acid, Potassium Sorbate , Lonicera Japonica (Honeysuckle) Flower Extract, Lonicera Caprifolium (Honeysuckle) Flower Extract, Sodium Hydroxide
Hyaluronic Sea Serum: Water / Aqua / Eau, Codium Fragile Extract, Betaine, Sodium Hyaluronate, Tremella Fuciformis Sporocarp Extract, Bacillus Ferment, Hydrolyzed Hyaluronic Acid, Glycerin, Sodium Benzoate, Potassium Sorbate, Citric Acid, Lonicera Japonica (Honeysuckle) Flower Extract, Lonicera Caprifolium (Honeysuckle) Flower Extract, Sodium Copper Chlorophyllin
Undaria Algae Body Oil: Helianthus Annuus (Sunflower) Seed Oil, Undaria Pinnatifida Extract, Euterpe Oleracea (Acai) Pulp Oil, Linum Usitatissimum (Linseed) Seed Oil, Orbignya Oleifera (Babassu) Seed Oil, Oryza Sativa (Rice Bran) Oil, Passiflora Edulis (Passion Fruit) Seed Oil, Sesamum Indicum (Sesame) Seed Oil, Tocopherol, Citrus Aurantifolia (Lime) Oil, Citrus Paradisi (Grapefruit) Peel Oil, Cupressus Sempervirens (Cypress) Oil, Fragrance / Parfum*
*Natural Fragrance
Natural fragrance is a blend of aromatic compounds and/or essential oil(s) extracted from different parts of plants including flowers and fruits.","Ocean Cleanser: Apply to damp face and rinse with warm water.
Hyaluronic Sea Serum: Apply 3-4 drops of serum to your face and neck, and allow to absorb.
Atmosphere Protection Cream: Massage into clean, dry face until absorbed. Use morning and night.
Undaria Algae Body Oil: Generously massage into dry or damp skin."
pimprod2043020,Neutrogena,"Hydro Boost Water Gel, Refillable Jar + Refill Pod",Moisturizers,Face Moisturizer,$26.99,1.7 oz,https://media.ulta.com/i/ulta/2620419?w=100&h=100&fmt=auto,374 Reviews,"Benefits
Weightless water gel gives a refreshing burst of hydration to normal, dry, & acne-prone skin.
Refreshing formula provides clinically proven 48-hour hydration to soothe and nourish dry skin.
Gentle facial moisturizer delivers 6x more hydration (vs. untreated skin) for quenched, dewy skin.
Daily face gel instantly cools & refreshes skin, leaving it looking healthier after 2 weeks.
Key Ingredients
Formulated with hyaluronic acid, and Natural Moisturizing Factors to restore skin's moisture balance.
Formulated Without
Paraben
Phthalate","Water, Glycerin, Dimethicone, Cetearyl Olivate, Sorbitan Olivate, Sodium Hyaluronate, Serine, Glycine, Alanine, Threonine, Arginine, Proline, Lysine HCl, Glutamic Acid, Sodium PCA, PCA, Sodium Lactate, Urea, Sodium Chloride, Citric Acid, Betaine, Allantoin, Fructose, Maltose, Trehalose, Glucose, Pentylene Glycol, Synthetic Beeswax, Polyacrylate Crosspolymer-6, Dimethicone Crosspolymer, Dimethiconol, Ethylhexylglycerin, Caprylyl Glycol, Sodium Hydroxide, Fragrance, Blue 1.","Apply evenly to face and neck daily after cleansing.
Refill instructions: Twist the original blue pod in your jar counter-clockwise about a quarter turn, lift the pod out and follow recycling instructions below. Jar can be refilled and is compatible with Hydro Boost Water Gel refill pods only.
Precautions: For external use only. Keep out of reach of children."
pimprod2049098,TATCHA,Luminous Dewy Skin Mist 2-in-1 Hydrator & Finishing Spray,Moisturizers,Face Mists & Essences,$49.00,1.35 oz,https://media.ulta.com/i/ulta/2634124?w=100&h=100&fmt=auto,104 Reviews,"Benefits
Refreshes skin with instant hydration
Provides antioxidant protection
Improves the look of makeup
Key Ingredients
Hyaluronic Acid + Red Algae + Hadasei-3: hydrates + visibly plumps fine lines
Biomimetic Squalane: seals in moisture + keeps skin moisturized longer
Japanese Camellia Seed Oil: maintains a strong skin barrier for moisture & resiliency
Research Results
100% showed improvement in skin smoothness, softness and suppleness after 1 use*
100% showed improvement in skin moisturization after 1 use**
100% showed improvement in skin luminosity after 1 use*
*based on a clinical study of 33 panelists 15 minutes post application
**based on a bio-instrumentation study of 33 panelists 15 minutes post application","Aqua/Water/Eau, Glycerin, Squalane, Propanediol, Dimethicone, Triethylhexanoin, Polyglyceryl-2 Diisostearate, Ppg-5-Ceteth-10 Phosphate, Saccharomyces/Rice Ferment Filtrate, Camellia Sinensis Leaf Extract, Cladosiphon Okamuranus Extract, Camellia Japonica Seed Oil, Sodium Hyaluronate, Sericin, Glycyrrhiza Glabra (Licorice) Root Extract, Oryza Sativa (Rice) Germ Oil, Chondrus Crispus Extract, Panax Ginseng Root Extract, Royal Jelly Extract, Ziziphus Jujuba Fruit Extract, Thymus Serpyllum Extract, Scutellaria Baicalensis Root Extract, Tocopherol, Trideceth-12, Sodium Lauroyl Lactylate, Sorbitan Stearate, Ethylhexylglycerin, Behenyl Alcohol, Glyceryl Stearate Se, Sodium Benzoate, Gluconolactone, Parfum/Fragrance, Alcohol, Phenoxyethanol, Limonene, Linalool.","Shake the Luminous Dewy Skin Mist gently and spritz two to three times, from six inches away. Use this facial spray before makeup to soothe and hydrate, or incorporate it into your ritual as a finishing spray after applying your makeup."
pimprod2046283,Vichy,16% Pure Vitamin C Brightening Serum,Treatment & Serums,Face Serums,$34.99,0.67 oz,https://media.ulta.com/i/ulta/2625745?w=100&h=100&fmt=auto,63 Reviews,"Benefits
Lightweight, fast-absorbing, non-sticky, and non-greasy texture
Ideal for morning skincare routine
Formula color may darken over time, but this has no effect on product efficacy
New applicator design helps prevent formula contamination
Dark-colored glass package designed to slow down oxidation and other damage accelerated by light
Suitable for all skin types
Dermatologist and allergy tested for safety
Key Ingredients
16% Pure Vitamin C helps brighten the complexion, improve uneven skin tone, and reduce the appearance of fine lines as its antioxidant properties protect the skin from environmental stress
Vitamin E and other antioxidants help shield the skin from free radicals
Carnosine, through its anti-glycation action, helps fight internal aggressors, which helps slow down skin aging
Hyaluronic Acid hydrates and plumps the skin
Vichy Volcanic Water sourced from French volcanoes features 15 essential minerals to help strengthen the skin’s barrier and protect skin from damaging environmental factors like UV rays and pollution
Formulated Without
Drying Alcohol
Fragrance
Parabens
Oils
Silicone","Aqua / Water / Eau, Ascorbic Acid, Glycerin, Sodium Hydroxide, Pentylene Glycol, Laureth-23, Haematococcus Pluvialis Extract, Carnosine, Neohesperidin Dihydrochalcone, Sodium Hyaluronate, Trisodium Ethylenediamine Disuccinate, Tocopherol, Dipotassium Glycyrrhizate, Caprylic/Capric Triglyceride, Caprylyl Glycol, Carrageenan, Phenoxyethanol.","In the morning, use dropper to place 4 to 5 drops in the palm of your cleansed hand. Then, use fingertips to apply to clean, dry face, avoiding the eye area. Let sit for a few moments, then apply your usual moisturizer. Follow up with a minimum SPF 20 sunscreen."
pimprod2039548,Beekman 1802,Mini Milk Shake Hyaluronic Acid & Squalane Facial Toner Mist,Moisturizers,Face Mists & Essences,$20.00,2.0 oz,https://media.ulta.com/i/ulta/2611431?w=100&h=100&fmt=auto,662 Reviews,"Benefits
Instantly tones and hydrates skin
2-in-1 treatment that works to keep skin both hydrated and balanced all day long
Prevents trans epidermal water loss and protects skin barrier without clogging pores
Helps to relieve redness and irritation
Safe for sensitive skin
2022 Allure Best of Beauty Skin Award Winner
Convenient travel size so you can take a shake break any time, any place
Key Ingredients
Mugwort is an ancient super herb & proven adaptogen that relieves stress and redness - Using mugwort as an astringent instead of alcohol makes Beekman 1802's mist safe for sensitive skin
Goat Milk & Probiotic Extract feed and nourish the skin's microbiome to keep it balanced
Jojoba Oil is a natural occlusive that creates a physical barrier on the skin, helping to lock in moisture and hydration
Plant-derived Squalane is an emollient that prevents trans epidermal water loss and protects the skin while being non-comedogenic, meaning that it won't clog pores
Research Results
Proven for 8 hours of hydration
+111% increase in hydration after 8 hours
+45% increase in hydration after 1 use","Water (Aqua), Ethylhexyl Palmitate, Caprylic/Capric Triglyceride, Coco-Caprylate/Caprate,1,2-Hexanediol, Simmondsia Chinensis (Jojoba) Seed Oil, Caprae Lac (Goat Milk), Colostrum, Bifida Ferment Lysate, Lactose, Milk Protein, Artemisia Capillaris (Mugwort) Extract, Hyaluronic Acid, Squalane, Aloe Barbadensis Leaf Water, Eryngium Alpinum (Blue Thistle) Flower Extract, Chamomilla Recutita (Matricaria) Flower Extract, Honey Extract, Hippophae Rhamnoides (Sea Buckthorn) Oil, Symphytum Officinale (Comfrey) Leaf Extract, Hydrolyzed Jojoba Esters, Glycerin, Sodium Chloride, Hydroxyacetophenone, Pentaerythrityl Tetra-di-I-butyl, Hvdroxvhvdrocinnamate, Ethylhexylglycerin, Propanediol, Tocopherol, Whey Protein, C10-18 Triglycerides, Lecithin. . . and Kindness.","SHAKE WELL TO ACTIVATE. Shake the bottle generously before spraying. Reapply throughout the day for an instant refresh. Milk Shake Mini is the perfect go-anywhere size for a shake break at work, at the gym, on a plane...wherever you need it!"
pimprod2050755,La Roche-Posay,Travel Size Lipikar Wash AP+ Gentle Foaming Moisturizing Wash,Treatment & Serums,Body Treatments,$9.99,3.38 oz,https://media.ulta.com/i/ulta/2633771?w=100&h=100&fmt=auto,696 Reviews,"Benefits
Moisturizing foaming body and face wash gently cleanses dry and extra dry skin
Provides long-lasting, 24-hour hydration
Gentle, comforting, non-stripping foaming face and body wash hydrates dry and sensitive skin with shea butter and glycerin
Leaves dry skin feeling clean, soft and soothed with niacinamide and La Roche-Posay Prebiotic Thermal Water
Helps protect skin from the drying effects of water
Safe for sensitive skin
Suitable for adults, children and babies over 2 weeks old
Non-comedogenic
Accepted by the National Eczema Association
Dermatologist, allergy and sensitive skin tested
Key Ingredients
La Roche-Posay Prebiotic Thermal Water is naturally rich in minerals with scientifically demonstrated soothing and antioxidant properties
Shea butter hydrates and replenishes essential skin lipids
Glycerin moisturizes and hydrates the skin
Niacinamide helps soothe dry skin
Formulated Without
Parabens
Fragrance
Soap","Water, Glycerin, Sodium Laureth Sulfate, Peg-200 Hydrogenated Glyceryl Palmate, Coco-Betaine, Polysorbate 20, Citric Acid, Peg-7 Glyceryl Cocoate, Niacinamide, Acrylates Copolymer, Butyrospermum Parkii Butter, Cocamide Mea, Disodium Edta, Glycol Distearate, Mannose, Polyquaternium-11, Sodium Benzoate, Sodium Chloride, Sodium Hydroxide, Vitreoscilla Ferment.",Massage body & face wash onto wet skin. Rinse & pat dry. Apply Lipikar Balm AP+ Body Cream after washing.
pimprod2028662,Cetaphil,"Gentle Skin Cleanser Face Wash, For Sensitive Skin",Cleansers,Face Wash,$11.99,8.0 oz,https://media.ulta.com/i/ulta/2586968?w=100&h=100&fmt=auto,"5,714 Reviews","Benefits
Clinically proven to cleanse while hydrating, providing 48 hours of hydration when wiped off versus rinsing
IDEAL FOR DRY TO NORMAL, SENSITIVE SKIN: Hydrates and soothes as it cleanses, preserving skin's moisture barrier, even after repeat washes
DERMATOLOGIST RECOMMENDED for Sensitive Skin
DEFENDS AGAINST 5 SIGNS OF SKIN SENSITIVITY: Dryness, irritation, roughness, tightness and a weakened skin barrier
Key Ingredients
Glycerin hydrates and moisturizes the skin, improving the skin barrier, and promoting overall skin health
Panthenol (vitamin B5) to hydrate, soothe and preserve the skin barrier
Niacinamide (vitamin B3) to help smooth skin's texture and retain skin's moisture barrier
Formulated Without
Fragrance
Soap
Parabens
Sulfates
Hypoallergenic
Non-comedogenic
Won't clog pores","Water, Glycerin, Cetearyl Alcohol, Panthenol, Niacinamide, Pantolactone, Xanthan Gum, Sodium Cocoyl Isethionate, Sodium Benzoate, Citric Acid.","Directions for use with water: apply cleanser and gently massage into skin. Rinse.
Directions for use without water: apply a liberal amount of cleanser to face and gently massage into skin. Remove excess with a soft cloth, leaving a thin transparent film on the skin."
pimprod2045883,SKIN1004,Madagascar Centella Hyalu-Cica Moisture Cream,K-Beauty,,$25.00,2.53 oz,https://media.ulta.com/i/ulta/2626857?w=100&h=100&fmt=auto,43 Reviews,"Benefits
Calms & moisturizes dry and sensitive skin
Reduces the appearance of fine lines
A soothing cream that provides powerful hydration that lasts, moisturizing dry skin from deep within and providing layers of hydration to the skin.
Features
Light-weight water gel texture
Completed skin irritation test for safe use on sensitive skin and for all skin types
Key Ingredients
Hyalu-Cica: SKIN1004's unique complex made from Hyaluronic Acid and Centella Asiatica provides hydration while restoring the skin barrier.
Phyto Collagen: plant collagen (a low molecular weight extract from white wood ear mushrooms) with an excellent absorption rate. The plant collagen is able to maintain moisture 500 times its own weight, which allows it to quickly absorb and lock in moisture.","Centella Asiatica Extract, Water, Glycerin, 1,2-Hexanediol, Pentaerythrityl Tetraisostearate, Caprylic/Capric Triglyceride, Niacinamide, Cetearyl Alcohol, Glyceryl Stearate, Polyglyceryl-2 Stearate, Butylene Glycol, Stearyl Alcohol, Propanediol, Carbomer, Polyglyceryl-3 Methylglucose Distearate, Sorbitol, Tromethamine, Polyglyceryl-3 Distearate, Sedum Sarmentosum Extract, Ethylhexylglycerin, Citric Acid, Glyceryl Stearate Citrate, Adenosine, Musa Sapientum (Banana) Flower Extract, Rosa Damascena Flower Water, Disodium EDTA, Melia Azadirachta Leaf Extract, Pyrus Communis (Pear) Fruit Extract, Melia Azadirachta Flower Extract, Prunus Domestica Fruit Extract, Biosaccharide Gum-1, Cucumis Melo (Melon) Fruit Extract, Coccinia Indica Fruit Extract, Sodium Hyaluronate, Hyaluronic Acid, Hydrolyzed Hyaluronic Acid, Hedera Helix (Ivy) Leaf/Stem Extract, Hydrolyzed Collagen, Solanum Melongena (Eggplant) Fruit Extract, Adansonia Digitata Seed Extract, Equisetum Arvense Extract, Olea Europaea (Olive) Leaf Extract, Vaccinium Macrocarpon (Cranberry) Fruit Extract, Fructan, Ocimum Sanctum Leaf Extract, Sophora Japonica Flower Extract, Curcuma Longa (Turmeric) Root Extract, Corallina Officinalis Extract.","On cleansed skin after serum, apply an appropriate amount and gently pat or massage onto skin. Can be used twice a day morning and night.
Precautions: For external use only. Stop using if irritation occurs. Keep out of reach of children. Avoid contact with eyes."
pimprod2047174,Estée Lauder,All Day Hydration Skincare Starter Set,By Category,Skin Gifts,$40.00,,https://media.ulta.com/i/ulta/2628917?w=100&h=100&fmt=auto,9 Reviews,"Benefits
Thirst no more. These daily skincare experts will make your skin look and feel renewed all day long. Stay hydrated and see smoother, fresher, healthier-looking skin.
Advanced Night Repair Serum helps skin look smoother and less lined, younger, more radiant and even toned with continued use.
So hydrating, DayWear Creme Moisturizer SPF 15 infuses skin with an intense surge of moisture that lasts - 24 hours.
At night, apply refreshingly lush, yet lightweight NightWear Plus Creme Moisturizer on face, over throat to smooth and deeply hydrate.
Over time, Advanced Night Repair Eye Supercharged Gel-Creme significantly reduces the look of lines, wrinkles, undereye puffiness and dark circles.
Includes
Travel Size Advanced Night Repair Synchronized Multi-Recovery Complex (0.24 oz)
Travel Size DayWear Multi-Protection Anti-Oxidant 24H-Moisture Creme SPF15 (0.5 oz)
Travel Size NightWear Plus Anti-Oxidant Night Detox Creme (0.5 oz)
Travel Size Advanced Night Repair Eye Supercharged Gel-Creme Synchronized Multi-Recovery (0.17 oz)",See packaging for details.,"Step 1: Apply Advanced Night Repair Serum AM and PM on clean skin before your moisturizer.
Step 2: Apply DayWear Creme SPF15 AM on clean skin after your serum.
Step 3: Apply NightWear Plus Creme PM on clean skin after your serum.
Step 4: Apply Advanced Night Repair Eye Supercharged Gel-Creme AM and PM around eye area."
pimprod2048794,Lancôme,Hydra Zen Gel Cream,Moisturizers,Face Moisturizer,$60.00,1.7 oz,https://media.ulta.com/i/ulta/2630779?w=100&h=100&fmt=auto,9 Reviews,"Benefits
Hydrating and Soothing: The gel cream provides intense hydration and soothes the skin, leaving it feeling refreshed and deeply moisturized. Skin is hydrated for up to 72 hours*. Skin hydration is increased by 52% half an hour after application**.
Soothing Formula: The product effectively soothes skin, making it suitable for sensitive skin types. Visible inflammation was reduced by -22% after 4 weeks of use***
Lightweight and Non-Greasy Texture: This moisturizer has a lightweight texture that absorbs quickly without leaving a greasy residue, making it ideal for oily skin types.
Stronger Skin Moisture Barrier: The product helps protect the skin from environmental stressors such as pollution, wind, and cold, keeping it healthy and radiant, while helping to strengthen the skin’s moisture barrier.
Improves Overall Skin Quality: Helps to improve the overall quality of the skin, making it appear smoother, more even toned, and youthful.
SKIN CONCERNS: Dullness, redness, smoothness
SAFETY MEASURES: Suitable for all skin types, including sensitive. Dermatologist tested. Tested on sensitive skin.
TEXTURE: Gel texture for a lightweight, refreshing feel
Features
Skin hydration lasted for up to 72 hours*
Skin hydration increased by 52% half an hour after application**
Visible redness was reduced by -22% after 4 weeks***
Research Results
Immediately: 91% agree skin felt hydrated and moisturized; • 91% agree skin felt softer
After 1 week: 91% agree skin felt soothed; 88% agree product gives a healthy glow
Clinical test with 28 women after 72 hours","Aqua/Water/Eau, Glycerin, Dimethicone, Cetearyl Ethylhexanoate, Alcohol Denat, Ammonium Polyacryloyldimethyl Taurate, Ci 14700/Red 4, Pca, Alanine, Madecassoside, Sodium Pca, Sodium Lactate, Sodium Hyaluronate, Sodium Hydroxide, Phenoxyethanol, Paeonia Suffruticosa Root Extract, Phenylalanine, Arginine, Eugenol, Trisodium Ethylenediamine Disuccinate, Chlorphenesin, Salicylic Acid, Valine, Palmitoyl Tripeptide-8, Dimethiconol, Limonene, Xanthan Gum, Benzyl Alcohol, Isopropyl Myristate, Propylene Glycol, Aloe Barbadensis Leaf Juice Powder, Proline, Isoleucine, Aspartic Acid, Alpha-Isomethyl Ionone, Sorbitol, Moringa Oleifera Seed Extract, Serine, Threonine, Rosa Gallica Flower Extract, Disodium Phosphate, Histidine, Octyldodecanol, Butylene Glycol, Citric Acid, Dextran, Glycine, Parfum/Fragrance.","Apply a dime-sized amount of the hydrating moisturizer onto the face & neck and massage into the skin until absorbed.
Follow with your eye care and/or makeup routine."
pimprod2036439,PEACH & LILY,Retinal For All Renewing Serum,Treatment & Serums,Face Serums,$55.00,1.01 oz,https://media.ulta.com/i/ulta/2603245?w=100&h=100&fmt=auto,613 Reviews,"Benefits
R-IQTM: Fundamentally addresses retinoid-induced inflammation at its source—powered by a potent dose of 0.1% encapsulated retinal and ectoin
Dermatologist approved and safe for sensitive skin
Reverses and prevents signs of aging—powerfully and gently
Improves the look of deep wrinkles and shallow lines
Visibly restores firmness and elasticity
Refines texture and the look of enlarged pores
Promotes brighter, more even-toned skin
100% Worry Free: Peach & Lily formulas are non-toxic, alcohol-free, fragrance-free, & gluten-free
Key Ingredients
0.1% Encapsulated Retinal (aka Reinaldehyde): estimated to be up to 20X more effective than traditional retinol*, and is formulated using a patented stabilizing delivery system for optimal results
0.3% Ectoin: A powerful extremolyte clinically proven to visibly reduce retinoid-related irritation by supporting & protecting the skin barrier–a breakthrough in retinoid innovation
Heartleaf Extract: celebrated Korean Beauty ingredient for soothing skin
Perilla Leaf Extract: known to visibly reduce redness
Ceramide Complex: expertly crafted to mimic the skin barrier for more resilient skin
*Clinical study results comparing retinol & retinaldehyde using Tewameter measurements
Research Results
50% reduction in fine lines and wrinkles*
50% improvement in brightness*
62% improvement in skin texture*
*Based on a 4-week and 12-week independent clinical study","Water, Caprylic/Capric Triglyceride, Cetearyl Alcohol, Butylene Glycol, Glycerin, Cyclodextrin, Sorbitan Stearate, Cetyl Ethylhexanoate, Daucus Carota Sativa (Carrot) Root Water, Camellia Japonica Flower Extract, Rubus Chamaemorus (Cloudberry) Seed Oil, Sodium Hyaluronate, Ectoin, Behenic Acid, Eclipta Prostrata Extract, Polyacrylate Crosspolymer-6, Bisabolol, Ceramide NP, Ceramide AP, Phytosphingosine, Cholesterol, Rhynchosia Nulubilis Seed Extract, Retinal, Lonicera Japonica (Honeysuckle) Flower Extract, Dextrin, Polygonum Multiflorum Root Extract, Moringa Oleifera Seed Oil, Ceramide EOP, Polyacrylate-13, Hydroxyethyl Acrylate/Sodium Acryloyldimethyl Taurate Copolymer, Sesamum Indicum (Sesame) Seed Extract, Melia Azadirachta Leaf Extract, Gardenia Florida Fruit Extract, Lonicera Caprifolium (Honeysuckle) Flower Extract, Hydrogenated Polyisobutene, Methylpropanediol, Potassium Sorbate, Sodium Cetearyl Sulfate, Polyglyceryl-6 Behenate, Glyceryl Caprylate, Hydroxyacetophenone, Phytosteryl/ Octyldodecyl Lauroyl Glutamate, Sucrose Cocoate, Polyglyceryl-10 Laurate, Ethylhexyl Palmitate, Sorbitan Isostearate, Polyglyceryl-10 Stearate, Pentylene Glycol, 1,2 - Hexanediol, Triethyl Citrate, Tocopherol, Sodium Levulinate, Glyceryl Stearate, Sorbitan Olivate, Ethylhexylglycerin, Cetearyl Olivate, Propanediol.","Apply a pea-sized amount to clean, dry face & neck in the evening. Follow up with a moisturizer. Start once weekly, and increase frequency as needed.
For external use only. Avoid the eye area. In case of contact with eyes, rinse thoroughly with water. If irritation occurs, discontinue and consult a specialist. Retinal is not recommended for those pregnant, nursing, or planning to become pregnant. Daily use of a broad spectrum SPF30 or higher is recommended. Keep out of reach of children."
pimprod2046060,PEACH & LILY,Transparen-C Pro Brightening Moisturizer,K-Beauty,,$52.00,1.69 oz,https://media.ulta.com/i/ulta/2627013?w=100&h=100&fmt=auto,62 Reviews,"Benefits
Rapidly and intensely brightens and evens the appearance of overall skin tone
Effectively and visibly fades dark spots and discoloration
Minimizes the look of fine lines and pores for a youthful appearance
Hydrates and promotes a supple, radiant-looking complexion
100% Worry Free: Peach & Lily formulas are non-toxic, alcohol-free, fragrance-free, & gluten-free
Key Ingredients
Ascorbyl Tetraisopalmitate: unique and premium stabilized vitamin C derivative, celebrated for its potency and gentleness, visibly brightens and improves the look of fine lines and wrinkles
Yuja: all-star Korean citrus, naturally packed with vitamin C, visibly brightens and gently fades dark spots
Rice Bran & Jojoba: support the skin barrier for visibly resilient, calm skin
Allantoin, Panthenol, Cica, Burdock Root, & Calendula: soothe and hydrate for soft, supple skin
Research Results
95% agree skin immediately felt more hydrated and looked more radiant*
95% agree skin looked brighter after 14 days*
97% agree skin looked less dull after 14 days*
92% agree skin felt smoothed after 14 days*
95% agree product absorbed quickly*
*Brand study results","Water, Butylene Glycol, Ascorbyl Tetraisopalmitate, Glycerin, Caprylic/Capric Triglyceride, Hydrogenated Polydecene, Polyglyceryl-6 Distearate, 1,2-Hexanediol, Dipropylene Glycol, Cetearyl Alcohol, Candelilla/Jojoba/Rice Bran Polyglyceryl-3 Esters, Citrus Junos (Yuja) Fruit Extract, Bacillus/Spirodela Polyrhiza Extract/Volcanic Ash Extract Ferment Filtrate, Bacillus/Houttuynia Cordata Leaf Extract/Volcanic Ash Ferment Filtrate, Sodium Hyaluronate, Hydrolyzed Hyaluronic Acid, Hyaluronic Acid, Hydrolyzed Sodium Hyaluronate, Camellia Sinensis Leaf Extract, Polygonum Cuspidatum Root Extract, Scutellaria Baicalensis Root Extract, Zingiber Officinale (Ginger) Root Extract, Tremella Fuciformis (Mushroom) Extract, Sodium Hyaluronate Crosspolymer, Glycyrrhiza Glabra (Licorice) Root Extract, Arginine, Centella Asiatica Extract, Lactobacillus/Papaya Fruit Ferment Extract, Chamomilla Recutita (Matricaria) Flower Extract, Ananas Sativus (Pineapple) Fruit Extract, Ferulic Acid, Morus Alba Root Extract, Cetearyl Olivate, Tocopherol, Carbomer, Allantoin, Sorbitan Olivate, Xanthan Gum, Paeonia Albiflora Root Extract, Rosemarinus Officinalis (Rosemary) Leaf Extract, Ethylhexylglycerin, Caprylyl Glycol, Pentylene Glycol, Sodium Polyacryloyldimethyl Taurate, Sodium Phytate.","Apply all over the face onto clean, dry skin. Safe for daily use, AM and/or PM. Pair with SPF and limit sun exposure. Use with Transparen-C Pro Spot Treatment for ultimate brightening results.
External use only. Avoid contact with eyes. Keep out of reach of children. Store in a cool and dry place."
pimprod2022788,StriVectin,Super-C SPF 30 Vitamin C Moisturizer,Moisturizers,Face Moisturizer,$69.00,1.7 oz,https://media.ulta.com/i/ulta/2574715?w=100&h=100&fmt=auto,290 Reviews,"Benefits
Moisturizes and smooths lines
Visibly brightens and restores radiance
Provides SPF protection and prevents free radical damage
Research Results
90% reported skin looks radiant
90% reported skin feels moisturized
6% reported skin feels firmer & fine lines look softened
Key Ingredients
French Kumquat
ree of oxybenzone & octinoxate
Vitamin C","Active: Avobenzone 3.0%, Homosalate 7.0%, Octisalate 4.5%, Octocrylene 10%
Inactive: Aqua/Water/Eau, Propanediol, Dimethicone, Cetearyl Alcohol, Potassium Cetyl Phosphate, Tetrahexyldecyl Ascorbate, Ergothioneine, Mannitol, Bacillus/Sea Salt Ferment Filtrate, Myristyl Nicotinate, Citrus Japonica Fruit Extract, Oryza Sativa (Rice) Germ Extract, Morinda Citrifolia Extract, Oryza Sativa (Rice) Extract, Glycerin, Glycine Soja (Soybean) Oil, Tocopheryl Acetate, Cetearyl Glucoside, Lecithin, Ubiquinone, Butylene Glycol, 1,2-Hexanediol, Decyl Glucoside, Hexylene Glycol, Caprylyl Glycol, Polysilicone-11, Polyglyceryl-3 Diisostearate, Acrylates/C10-30 Alkyl Acrylate Crosspolymer, Sodium Acrylates Copolymer, Caprylhydroxamic Acid, Aminomethyl Propanol, Disodium EDTA, Fragrance/Parfum, Phenoxyethanol, Sodium Benzoate, Citric Acid, Limonene, Linalool, Benzyl Benzoate, Geraniol, Citral, Yellow 5 (CI 19140), Red 40 (CI 16035) [ILN 60988].",Apply generously 15 minutes before sun exposure and as needed. Reapply at least every 2 hours. Use a water resistant sunscreen if swimming or sweating.
pimprod2050542,Pixi,CheekTone and Lip Tone pH Duo Set,Face,Blush,$22.00,,https://media.ulta.com/i/ulta/2636144?w=100&h=100&fmt=auto,10 Reviews,"Includes
On-the-Glow Blush in CheekTone
LipTone in Prettiness
Features
On-the-Glow Blush in CheekTone is a multi-use pH adaptive balm with a transparent finish that reveals a hue that’s uniquely yours.
LipTone in Prettness provides a mirror-like gloss finish, while the pH adaptive pigment provides a bespoke shade that’s unique to you – discover, an enhanced version of your own lip colour!
Key Ingredients
On-the-Glow Blush CheekTone
Fruit Extracts nourish and renew complexion
Ginseng revitalizes and balances
Aloe Vera soothes and calms
LipTone in Prettiness, a Perfect, pink tint
Shea Butter - Nourishes & conditions
Mango Seed Butter - Moisturizes & soothes","On-the-Glow Blush CheekTone: Hydrogenated Polyisobutene, Diisostearyl Malate, Caprylic/Capric Triglyceride, Synthetic Wax, Bis-Diglyceryl Polyacyladipate-2, Synthetic Beeswax, Candelilla Cera/Euphorbia Cerifera (Candelilla) Wax/Cire de Candelilla, Ricinus Communis (Castor) Seed Oil, Hydrogenated Castor Oil, Tocopheryl Acetate, Glycerin, Citric Acid, Ascorbic Acid, Aloe Barbadensis Leaf Extract, Camellia Sinensis Leaf Extract, Citrus Limon (Lemon) Fruit Extract, Fragaria Chiloensis (Strawberry) Fruit Extract, Hamamelis Virginiana (Witch Hazel) Extract, Panax Ginseng Root Extract, Pyrus Malus (Apple) Fruit Extract, Rubus Idaeus (Raspberry) Fruit Extract, Vaccinium Angustifolium (Blueberry) Fruit Extract, Vitis Vinifera (Grape) Fruit Extract, Polyglyceryl-2 Triisostearate, 1,2-Hexanediol, Phenoxyethanol, Titanium Dioxide (CI 77891), Iron Oxides (CI 77492, CI 77499), Red 7 (CI 15850), Red 27 (CI 45410).
LipTone in Prettiness: Polyisobutene, Diisostearyl Malate, Caprylic/Capric Triglyceride, Synthetic Beeswax, Silica Dimethyl Silylate, Isononyl Isononanoate, Citrus Tangerina (Tangerine) Peel Oil, Glyceryl Caprylate, Hydroxystearic Acid, Mangifera Indica (Mango) Seed Butter, Butyrospermum Parkii (Shea) Butter, Limnanthes Alba (Meadowfoam) Seed Oil, Rosa Rubiginosa Seed Oil, Hydrogenated Styrene/Isoprene Copolymer, Pentaerythrityl Tetra-di-t-butyl Hydroxyhydrocinnamate, Limonene, Linalool, Red 27 (CI 45410).","On-the-Glow Blush in CheekTone
Twist base to wind up or down.
Swipe gently onto skin.
Blend with fingertips.
Close lid after each use.
LipTone in Prettiness, a Perfect, pink tint
Apply to clean dry lips. Use as needed."
pimprod2011618,DERMA E,Vitamin C Bright Eyes Hydro Gel Patches,Self Care & Wellness,Spa Essentials,$26.00,60 ct,https://media.ulta.com/i/ulta/2556743?w=100&h=100&fmt=auto,406 Reviews,"Benefits
Instantly transform puffy-looking eyes into well-rested, wide-awake eyes with these cooling eye gel patches
Enriched with moisture-boosting antioxidants and phytonutrients that leave skin feeling soothed and refreshed
Features
Recyclable & wind energy certified
Formulated without GMOs, gluten, or soy
Key Ingredients
Allantoin: Increases skin smoothness and moisture absorption, helping to reduce the appearance of wrinkles
Caffeine: A strong antioxidant that reduces the appearance of puffiness while tightening and brightening skin
Vitamins C & B3: Contain anti-aging properties that target fine lines, wrinkles and dullness while helping to brighten the under-eye area","Water (Aqua), Glycerin, Niacinamide, Carrageenan, Ethyl Ascorbyl Ether (Vitamin C), Allantoin, Cucumis Sativus (Cucumber) Fruit Extract, Caffeine, Sodium Hyaluronate, Aloe Barbadensis (Aloe Vera) Leaf Juice, Arginine, Ricinus Communis (Castor) Seed Oil, Ceratonia Siliqua (Carob) Gum, Cyamopsis Tetragonoloba (Guar) Gum, Glucomannan, Cellulose Gum, Calcium Lactate, Calcium Chloride, Potassium Chloride, Mica, Hydroxyacetophenone, Chlorphenesin, CI 77891, CI 77491, 1,2-Hexanediol, Polysorbate 80, Sucrose.","Place gel patch onto clean, dry under eye area for 10 minutes (or longer if desired) in the morning, evening or when needed. Discard after use and pat remaining serum into skin. For external use only."
pimprod2043929,Clarins,Multi-Active Day Moisturizer for Lines and Glow with Niacinamide,Moisturizers,Face Moisturizer,$60.00,1.7 oz,https://media.ulta.com/i/ulta/2620943?w=100&h=100&fmt=auto,"2,484 Reviews","Benefits
Visibly smooths lines, refines skin texture, and boosts radiance
Helps reinforce skin's moisture barrier
Evens skin tone and visibly tightens pores
Targets first lines and wrinkles
Key Ingredients
2% Niacinamide: visibly smooths fine lines and refines skin texture
Organic Sea Holly Bio-Extract*: helps to reinforce the skin's moisture barrier
Organic Strawberry Tree Fruit Extract*: refines skin texture and visibly tightens pores
Betaine: moisturizes and plumps the skin's surface
Anti-Pollution Complex of Organic White Horehound, Furcellaria and Nipplewort Extracts: help minimize damage from environmental pollutants including skin-aging blue lights from electronics
*Organic ingredients are produced in accordance with European regulation (CE 2018/848).
Research Results
Provides 24-hour hydration*, 34% visibly reduced fine lines & wrinkles*, 46% visibly reduced signs of fatigue*
98% skin is more hydrated**, 93% skin is smoother**, 92% skin is firmer**, 91% skin is more radiant**, 86% skin texture is refined and more even**
10.8% visibly minimizes pores***
92% boosts glow****
*Clinical study - all skin types - 30 women - 24H
**Consumer test - all skin types - 105 women
***Clinical study with 32 women after 28 days
****Consumer test with 107 women after 28 days using Multi-Active Day and Night duo","Aqua/Water/Eau, Coco-Caprylate/Caprate, Glycerin, Betaine, Cetearyl Alcohol, Niacinamide, Dimethicone, Glyceryl Stearate, Peg-100 Stearate, Cetearyl Ethylhexanoate, Ammonium Acryloyldimethyltaurate/Vp Copolymer, Cetearyl Glucoside, Propylene Glycol, Parfum/Fragrance, Caprylyl Glycol, Dipsacus Sylvestris Extract, Hydroxyacetophenone, Mica, Ci 77891/Titanium Dioxide, Polysilicone-11, Chlorphenesin, Tocopheryl Acetate, Butylene Glycol, Disodium Edta, Caprylic/Capric Triglyceride, Citric Acid, Tocopherol, Eryngium Maritimum Extract, Marrubium Vulgare Extract, Phenethyl Alcohol, Decyl Glucoside, Furcellaria Lumbricalis Extract, Sodium Citrate, Arbutus Unedo Fruit Extract, Lapsana Communis Flower/Leaf/Stem Extract, Maris Sal/Sea Salt/Sel Marin, CI 17200/Red 33, [V4298A].","Smooth over clean face and neck each morning.
Apply with gentle press-and-release movements, avoiding the eye contour area.
Work downward, over neck and décolleté."
pimprod2030177,CeraVe,Plant-Based Hydrating Makeup Removing Face Wipes for All Skin Types,Cleansers,Makeup Remover,$11.99,25 ct,https://media.ulta.com/i/ulta/2591828?w=100&h=100&fmt=auto,476 Reviews,"Benefits
Hydrating Makeup Remover Face Wipes
pH balanced rinse-free face cleansing wipes remove dirt, oil, and makeup, including waterproof mascara. With ceramides and glycerin, the gentle cleansing wipes help lock in moisture.
Plant Based Face Cloth
The 100% plant based face cloth, infused with gentle makeup remover, is biodegradable in home compost.
SENSITIVE SKIN TESTED & NON-GREASY FEEL
Formulated with sensitive skin in mind, the hydrating formula is fragrance-free, oil-free, allergy-tested, ophthalmologist-tested, sensitive skin-tested, and non-comedogenic so it will not clog your pores.
3 ESSENTIAL CERAMIDES
Ceramides are found naturally in the skin and make up 50% of the lipids in the skin barrier. All CeraVe products are formulated with three essential ceramides (1, 3, 6-II) to help restore and maintain the skin's natural barrier.
DERMATOLOGIST RECOMMENDED
CeraVe Skincare is developed with dermatologists and has products suitable for dry skin, sensitive skin, oily skin, acne-prone, and more.
Formulated Without
Fragrance
Alcohol
Oil","Aqua/Water/Eau, Isohexadecane, Isopropyl Myristate, Glycerin, Peg-7 Glyceryl Cocoate, Hexylene Glycol, Dicaprylyl Ether, Ceramide Np, Ceramide Ap, Ceramide Eop, Carbomer, Triethyl Citrate, Sodium Hydroxide, Sodium Lauroyl Lactylate, Cholesterol, Piroctone Olamine, Tocopherol, Hydroxyacetophenone, Caprylyl Glycol, Citric Acid, Trisodium Ethylenediamine Disuccinate, Phytosphingosine, Xanthan Gum, Acrylates/C10-30 Alkyl Acrylate Crosspolymer, Benzoic Acid.","Gently wipe face with towelette, removing dirt, oil, and makeup. There is no need to rinse. Reseal pack after use. If product gets into eyes, rinse thoroughly with water.
After use, place wipes into home compost to break down over time. Ensure that wipes do not contain non-biodegradable waste such as glitter or micro-beads. Wipes can make up to 10% of home compost.
Do not dispose of wipes in the toilet or natural environment as biodegradable wipes need a properly maintained home compost pile to effectively break down."
pimprod2050104,TULA,Protect + Go Dewy Glow Sunscreen Stick SPF 50,Suncare,Sunscreen,$29.00,0.5 oz,https://media.ulta.com/i/ulta/2635493?w=100&h=100&fmt=auto,68 Reviews,"Benefits
Provides broad spectrum SPF 50 protection
Leaves a dewy glow
Mess-free, on-the-go application
Key Ingredients
Vitamin C
Cloudberry
Papaya
Does not contain live cultures.","Sunscreen/active: Avobenzone 3.0% Homosalate 10.0% Octisalate 5.0% Octocrylene 10.0%. Inactive: Polyamide-8, C12-15 Alkyl Benzoate, Coco-caprylate/caprate, Isopropyl Isostearate, Butyloctyl Salicylate, Polyamide-3, Vp/eicosene Copolymer, Carica Papaya (papaya) Fruit Extract, Tetrahexyldecyl Ascorbate, Rubus Chamaemorus Seed Oil, Tocopherol, Oryza Sativa (rice) Germ Extract, Oryza Sativa (rice) Extract, Helianthus Annuus (sunflower) Seed Oil, Hylocereus Undatus Fruit Extract, Glycine Soja (soybean) Oil, Tocopheryl Acetate, Caprylyl Glycol, Caprylic/capric Triglyceride, Diethylhexyl Syringylidenemalonate, Pentaerythrityl Tetra-di-t-butyl Hydroxyhydrocinnamate, Isostearic Acid, Polyglyceryl-3 Diisostearate.",Apply liberally 15 minutes before sun exposure. Reapply at least every 2 hours. Use water resistant sunscreen if swimming or sweating.
pimprod2026418,Dermalogica,Biolumin-C Vitamin C Gel Moisturizer,Moisturizers,Face Moisturizer,$69.00,1.7 oz,https://media.ulta.com/i/ulta/2583209?w=100&h=100&fmt=auto,"1,182 Reviews","Benefits
Brightens the appearance of skin immediately and over time
Key Ingredients
Highly-Stable Vitamin C Complex: helps boost bioavailability for brighter skin and improved barrier defense
Squalane and Hyaluronic Acid: deliver essential hydration to minimize the appearance of fine lines and wrinkles
Bioluminescence Flower Extract: provides an instant brightening effect
Phytic Acid and Pumpkin Enzymes: support natural skin renewal with exfoliating properties
Research Results
After 4 weeks* participants had:
Brighter, more radiant skin
A more even skin tone
Visibly reduced fine lines + wrinkles
*Clinical test, 35 subjects, 2 applications/day, 4 weeks
Results may vary","Water/Aqua/Eau, Glycerin, Squalane, Propanediol, Butylene Glycol, Ppg-24-Glycereth-24, Jojoba Wax Peg-120 Esters, Hydroxyethyl Urea, Trehalose, Aminopropyl Ascorbyl Phosphate, Allantoin, Hyaluronic Acid, Hydrolyzed Hyaluronic Acid, Hydrolyzed Jojoba Esters, Biosaccharide Gum-1, Ethylhexylglycerin, Sodium Pca, Sodium Levulinate, Ergothioneine, Beta-Carotene, Lactobacillus Ferment, Aloe Barbadensis Leaf Juice, Camellia Sinensis Leaf Extract, Centella Asiatica Extract, Chamomilla Recutita (Matricaria) Flower Extract, Glycyrrhiza Glabra (Licorice) Root Extract, Verbascum Thapsus Extract, Lactobacillus/Pumpkin Ferment Extract, Glycine Soja (Soybean) Oil, Citrus Aurantium Dulcis (Orange) Peel Extract, Citrus Paradisi (Grapefruit) Peel Oil, Helianthus Annuus (Sunflower) Seed Oil, Citrus Aurantium Bergamia (Bergamot) Fruit Oil, Raspberry Ketone, Jasminum Sambac (Jasmine) Flower Extract, Santalum Album (Sandalwood) Oil, Daucus Carota Sativa (Carrot) Root Extract, Bisabolol, Cystine, Glycine, Dipotassium Glycyrrhizate, Hydrolyzed Glycosaminoglycans, Sodium Hyaluronate Crosspolymer, Sodium Hyaluronate, Pentylene Glycol, Caprylyl Glycol, Tocopherol, Mannitol, Tetrasodium Glutamate Diacetate, Sodium Hydroxide, Phytic Acid, Citric Acid, Peg-40 Hydrogenated Castor Oil, C12-13 Pareth-3, Xanthan Gum, Sclerotium Gum, Polyacrylate Crosspolymer-6, Ascorbyl Methylsilanol Pectinate, Glyceryl Caprylate, P-Anisic Acid, Benzyl Glycol, Methylpropanediol, Sodium Benzoate, Potassium Sorbate, Limonene.","After cleansing and toning, apply over face and neck in light, upward strokes. Use twice daily, morning and night."
pimprod2030786,COOLA,Classic Body Organic Sunscreen Spray SPF 30 Tropical Coconut,Suncare,Sunscreen,$28.00,6.0 oz,https://media.ulta.com/i/ulta/2592674?w=100&h=100&fmt=auto,311 Reviews,"Benefits
70%+ certified organic ingredients
Broad spectrum SPF 30 protection
Water resistant (80 minutes)
Continuous spray-on application
Ultra-sheer
Rich in antioxidants
Hypoallergenic
Natural Tropical Coconut scent
Hawaii Reef Compliant Act 104","Active: Avobenzone 2.8%, Octisalate 4.9%, Octocrylene 7.6%.
Inactive: Alcohol (ORGANIC), Aloe Barbadensis Leaf Juice, Butyloctyl Salicylate, Carthamus Tinctorius (Safflower) Seed Oil (ORGANIC), Dimethyl Heptenal, Gamma-Nonalactone, Gamma-Octalactone, Limnanthes Alba (Meadowfoam) Seed Oil, Maltol, Mauritia Flexuosa (Buriti) Fruit Oil (ORGANIC), Methyl Dihydroabietate, Opuntia Ficus-Indica Seed Oil, Rubus Idaeus (Raspberry) Seed Oil (ORGANIC), Trans-2-Hexenal, Triethyl Citrate, Vanillin.","Apply liberally 15 minutes before sun exposure. Reapply after 80 minutes of swimming or sweating, immediately after towel drying, at least every 2 hours."
pimprod2049163,Eucerin,Radiant Tone Daily Face Lotion SPF 30 Dark Spot Corrector,Suncare,Sunscreen,$32.99,1.7 oz,https://media.ulta.com/i/ulta/2634616?w=100&h=100&fmt=auto,560 Reviews,"Benefits
Helps minimize the look of persistent dark spots due to sun exposure, aging and imperfections
Moisturizer with SPF 30 Broad Spectrum sunscreen helps prevent dark spots from reappearing when used regularly
Features
Lightweight, non-sticky daily facial lotion
Suitable face moisturizer SPF 30 for all skin types, even sensitive skin
Key Ingredients
Formulated with Thiamidol, helps reduce the look of dark spots and with Broad Spectrum SPF 30 sunscreen, helps prevent their reappearance when used regularly","Active: Avobenzone 3% , Homosalate 8%, Octisalate 4.5%, Octocrylene 9%.\\Inactive: Water, Glycerin, Alcohol Denat., Glyceryl Stearate, Silica, Butylene Glycol Dicaprylate/Dicaprate, C12-15 Alkyl Benzoate, Cetearyl Alcohol, Dibutyl Adipate, Silica Dimethyl Silylate, Tocopherol, Isobutylamido Thiazolyl Resorcinol, Glycyrrhiza Inflata Root Extract, Sodium Stearoyl Glutamate, Glyceryl Behenate, Polyglyceryl-6 Octastearate, Xanthan Gum, Phenoxyethanol, Ethylhexylglycerin, Disodium EDTA, Sodium Chloride, Fragrance.","For sunscreen use, apply and use as directed on product Drug Facts box labeling, along with Sun Protection Measures. Limit the collective use of Radiant Tone skincare products to four times daily.
Precautions: Keep out of reach of children. For external use only. Avoid contact with eyes. Discontinue use if irritation occurs."
pimprod2045849,Drunk Elephant,C-Luma Hydrabright Gentle Vitamin C Serum,Treatment & Serums,Face Serums,$68.00,1.0 oz,https://media.ulta.com/i/ulta/2624748?w=100&h=100&fmt=auto,406 Reviews,"Benefits
Formulated with a gentle vitamin C blend and a triple-antioxidant brightening complex
Fades the look of hyperpigmentation and post-breakout marks
Improves skin's clarity and reduces blemishes
Delivers hydration instantly and over time for a clearer, brighter complexion
Dermatologist Tested
Key Ingredients
Sodium Ascorbyl Phosphate (9.0%): Helps brighten, reduces blemishes, and improves elasticity, fine lines, and wrinkles
Ascorbyl Glucoside (1.0%): Protects against UV damage and free radicals and helps improves the appearance of hyperpigmentation
Triple-Antioxidant Brightening Complex (phloretin, glutathione, and diglucosyl gallic acid): Known to help reduce hyperpigmentation
Research Results
In a clinical study with 30 people:
C-Luma increased hydration immediately by 109%
93% had brighter skin after 12 weeks
C-Luma improved the look of hyperpigmentation and skin's texture and tone after 8 weeks","Water, Propanediol, Sodium Ascorbyl Phosphate, Glycerin, Isodecyl Neopentanoate, Squalane, Neopentyl Glycol Diheptanoate, C9-12 Alkane, Sodium Polyacryloyldimethyl Taurate, Ascorbyl Glucoside, Coco-Caprylate/Caprate, Sclerocarya Birrea Seed Oil, Pullulan, Sclerotium Gum, Diglucosyl Gallic Acid, Sorbitan Sesquiisostearate, Glutathione, Sodium Hyaluronate, Sorbeth-30 Tetraisostearate, Dipropylene Glycol, Phloretin, Sodium Citrate, Sodium Metabisulfite, PPG-8-Ceteth-20, Gluconolactone, Acrylates/Beheneth-25 Methacrylate Copolymer, Citric Acid, Tetrasodium Glutamate Diacetate, Silica, Lecithin, Xanthan Gum, Tocopheryl Acetate, Sodium Hydroxide, Phenoxyethanol, Sodium Benzoate, Chondrus Crispus Extract.","Apply one pump to clean, dry skin. May be used morning or night and alongside any Drunk Elephant serum, treatment, or moisturizer.
Tip: To maximize the antioxidant and brightening benefits of C-Luma, be sure to top it off with one of Drunk Elephant's Umbra Mineral Cream sunscreens. This combo protects the skin while fending off damage from UV-generated free radicals."
pimprod2051033,Lancôme,UV Expert Supra Screen Invisible Sunscreen Serum SPF 50+,Suncare,Sunscreen,$48.00,1.7 oz,https://media.ulta.com/i/ulta/2634828?w=100&h=100&fmt=auto,952 Reviews,"Features
Lancôme's 1st SPF 50+ with the clinical efficacy of an anti-aging serum
Up to 80% of aging signs are caused by sun damage, leading to dark spots, dullness & fine lines
Patented UV technology, combined with 3 powerful ingredients to help correct aging signs, to take control of your skin's future
Invisible on all skin tones, with no white cast or greasy finish, for all skin types, including sensitive
Proven effective across 6 key signs of photo-aging: dark spots, wrinkles, fine lines, brightness, tone evenness & smoothness
Protects against UVA & UVB with SPF 50+, niacinamide, vitamin Cg, and Hyaluronic acid, with up to 48hrs of hydration
Key Ingredients
Niacinamide: Known to visibly improve skin tone evenness & reduce the appearance of dark spots
Vitamins Cg: Antioxidant known to counter free radicals & visibly improve brightness
Hyaluronic acid: Known to retain moisture & reduce the appearance of fine lines and wrinkles
Research Results
Clinically shown to correct on 6 signs of photo-aging*:
Wrinkles & Dark Spots -24%
Fine Lines -28%
Skin Tone Evenness +23%
Brightness +28%
Smoothness +38%
95% agree they would replace their current SPF product with Supra Screen**
After 2 Weeks***:
96% agree skin feels hydrated
97% feels gentle on skin
91% agree the product is weightless on skin
After 4 Weeks***:
92% agree product makes my overall complexion look better
91% agree skin texture looks smoother
91% agree skin looks radiant/glowing
After 12 Weeks***:
99% agree skin feels hydrated
98% agree skin feels comfortable, not greasy/oily
96% agree skin looks younger
93% agree skin elasticity looks improved
95% agree product layers well under makeup
92% agree product primes skin before makeup application
*Multi-phototype: Clinical Study with 75 women, 18-65 years old; All skin tones. 1x daily usage over 12 weeks.
**Multi-phototype Consumer Study with 119 women and men, 18-60 years old; All skin tones & times. 1x daily usage over 12 weeks.
***Self-Assessment with 161 women, multi-phototypes after 2 weeks, 4 weeks, 12 weeks.","Water, Glycerin, C15-19 Alkane, Niacinamide, Propanediol, C12-22 Alkyl Acrylate/Hydroxyethylacrylate Copolymer, Tocopherol, Sodium Stearoyl Glutamate, Cetearyl Alcohol, Sclerotium Gum, Hydroxyacetophenone, Caprylyl Glycol, Sodium Starch Octenylsuccinate, Glyceryl Stearate, Jojoba Esters, Carnosine, Helianthus Annuus (Sunflower) Seed Wax, Hydroxypropyl Starch Phosphate, Trisodium Ethylenediamine Disuccinate, Sodium Hyaluronate, Ascorbyl Glucoside, Sodium Hydroxide, Polyglycerin-3, Fragrance.","Use daily after cleansing, alone on bare skin, or as the last step in your skincare routine.
For a no-makeup look or a day in the sun, apply evenly across all facial zones.
Suitable for all skin types, including sensitive."
pimprod2043261,belif,The True Cream - Moisturizing Bomb,Moisturizers,Face Moisturizer,$38.00,1.69 oz,https://media.ulta.com/i/ulta/2619877?w=100&h=100&fmt=auto,180 Reviews,"Key Ingredients
Peptide: helps improve skin's elasticity
Ceramide: helps improve skin's moisture barrier
Squalane: helps stabilize the skin's moisture barrier and maintain skin hydration
Research Results
Clinically tested to retain skin's moisture for up to 48 hours
Clinically proven to restore the skin barrier
100% agree that there is immediate improvement in skin dryness*
100% agree that moisturizer helped enhance skin's moisture barrier*
100% agree that skin barrier feels stronger*
100% agree that this moisturizer improved skin damage due to moisture loss*
Targets: Dryness, Dullness, and Uneven Texture
Provides long-lasting moisturization to dry skin and is reformulated with two Napiers Formulas and better-for-you ingredients Peptide, Ceramide and Squalane to help improve skin’s moisture barrier and skin elasticity
Dermatologically tested
Ideal Skin Types: Normal, Dry, Combination
*Based on a consumer study
Formulated Without
Mineral Oil
Synthetic Fragrances
Synthetic Colors
Synthetic Preservatives","Water/Eau, Glycerin, Cyclohexasiloxane, Hydrogenated Polydecene, Dipropylene Glycol, Macadamia Ternifolia Seed Oil, 1,2-Hexanediol, Triethylhexanoin, Bis-Peg-18 Methyl Ether Dimethyl Silane, Stearyl Alcohol, Glyceryl Stearate, Peg-40 Stearate, Pentaerythrityl Tetraethylhexanoate, Symphytum Officinale Leaf Extract, Avena Sativa (Oat) Kernel Extract*, Calendula Officinalis Flower Extract*, Nepeta Cataria Extract*, Rubus Idaeus (Raspberry) Leaf Extract*, Baptisia Tinctoria Root Extract*, Stellaria Media (Chickweed) Extract*, Alchemilla Vulgaris Leaf Extract**, Viola Tricolor Extract**, Rosa Damascena Flower Extract**, Spiraea Ulmaria Flower Extract**, Althaea Officinalis Root Extract**, Euphrasia Officinalis Extract, Thuja Occidentalis Leaf Extract, Achillea Millefolium Flower Extract, Trifolium Pratense (Clover) Flower Extract, Menyanthes Trifoliata Leaf Extract, Salix Alba (Willow) Bark Extract, Poncirus Trifoliata Fruit Extract, Imperata Cylindrica Root Extract, C14-22 Alcohols, Squalane, Butyrospermum Parkii (Shea) Butter, Arachidyl Glucoside, Ceramide Np, Cholesterol, Caprylyl Glycol, Acetyl Hexapeptide-8, Tocopherol, Panthenol, Hydroxyethylpiperazine Ethane Sulfonic Acid, Urea, Saccharomyces Ferment Filtrate, Viscum Album (Mistletoe) Extract, Glycosyl Trehalose, Lactobacillus/Soybean Ferment Extract, Stearic Acid, Tromethamine, Peg-100 Stearate, Cetearyl Olivate, Palmitic Acid, Sorbitan Olivate, Hydrogenated Lecithin, Acrylates/C10-30 Alkyl Acrylate Crosspolymer, Dimethicone/Vinyl Dimethicone Crosspolymer, Carbomer, Hydrogenated Starch Hydrolysate, Xanthan Gum, Trisodium Edta, Cetearyl Alcohol, Butylene Glycol, Dimethicone, Sorbitan Stearate, Citrus Aurantium Dulcis (Orange) Peel Oil***, Citrus Aurantifolia (Lime) Oil***, Rosmarinus Officinalis (Rosemary) Leaf Oil***, Pelargonium Graveolens Flower Oil***, Limonene, Citronellol, Geraniol, Citral, Linalool.
*Napiers Original Formula
**Napiers Moisture Formula
*** Fragrances Of Botanical Origin","After cleansing and toner, apply dime-sized or desired amount to face in a gentle patting motion. Can be used daily, morning and night.
Discontinue use if irritation or rash occurs. Consult a physician if irritation persists. Do not use on broken or damaged skin. Avoid eye area. Keep out of reach of children. Do not store at extreme temperatures or in direct sunlight. For external use only."
pimprod2049967,Skin Gym,LITLIFT LED Sculpt Facial Tool,Skincare Tools,Anti-Aging,$59.99,,https://media.ulta.com/i/ulta/2636495?w=100&h=100&fmt=auto,34 Reviews,"Benefits
Gentle LED lights and micro-vibration EMS work in harmony to help provide a firming and toning facial massage.
Blue Light: Perfect for acne-prone skin - an effective way to combat those persistent blemishes.
Red Light: Target redness and anti-aging concerns - your secret weapon against time.
Temporarily boosts circulation with facial massage for a luminous, beautiful glow.
Features
Multi-functional device that combines the power of EMS (Electrical Muscle Stimulation), Heat, Red and Blue LED Light Therapy, and Vibrational Massage.
Wireless, lightweight, and portable- perfect for maintaining your skincare routine wherever you are.
Charging cord included.",,"Step 1: Start with a clean face.Step 2: Apply your favorite skincare products (toner, serum, moisturizer).Step 3: Hold down the power button to turn on LitLift. Short-press the power button to select your desired LED light.Step 4: Hold the device and follow the massage lines of your face and neck. Use the device for 5 to 15 minutes for optimal results.
This is not a medical device. If you have any medical concern or conditions consult with your medical provider before using this beauty device. This beauty device is solely intended for cosmetic use on the face. Stop using if broken. Any injury resulting from this tool, including but not limited to, misuse or application to other body areas, not following instructions or any other improper applications is neither the responsibility of Skin Gym Inc or its affiliates. The above statements have not been evaluated by the Food and Drug administration. This item is not intended to diagnose, treat, cure, or prevent any disease. Keep out of reach of children.
Precautions: This is not a medical device. If you have any medical concern or conditions consult with your medical provider before using this beauty device. This beauty device is solely intended for cosmetic use on the face. Stop using if broken. Any injury resulting from this tool, including but not limited to, misuse or application to other body areas, not following instructions or any other improper applications is neither the responsibility of Skin Gym Inc or its affiliates. The above statements have not been evaluated by the Food and Drug administration. This item is not intended to diagnose, treat, cure, or prevent any disease. Keep out of reach of children."
pimprod2042538,Clinique,Take The Day Off Facial Cleansing Mousse Cleanser,Cleansers,Face Wash,$34.00,4.2 oz,https://media.ulta.com/i/ulta/2616986?w=100&h=100&fmt=auto,89 Reviews,"Benefits
All skin types
Silky mousse cleanser lathers into a soft, comforting foam
In seconds, starts to remove makeup, excess oil, sunscreen, dirt, and pollution
Cleanses thoroughly, rinses off completely
Leaves skin clean, smooth, and refreshed
Dermatologist tested
Allergy tested and 100% fragrance free
Key Ingredients
10% glycerin + hyaluronic acid
Naturally derived cleansing system, with coconut
Research Results
Clinical improvements in:
Skin texture*
Skin smoothness*
*Clinical testing on 26 women after using the product once","Water\Aqua\Eau, Myristic Acid, Glycerin, Sodium Methyl Cocoyl Taurate, Potassium Hydroxide, Lauric Acid, Behenic Acid, Ppg-24-Glycereth-24, Sodium Hyaluronate, Sodium Acetylated Hyaluronate, Butylene Glycol, Caprylyl Glycol, Glycol Distearate, Polyquaternium-7, Hexylene Glycol, Tetrasodium Edta, Phenoxyethanol, Sodium Benzoate, Ext. Violet 2 (CI 60730).","Use cleanser morning and night, avoiding eye area.
Preps skin to better absorb products that follow.
At night, use after Take The Day Off Cleansing Balm for the ultimate double cleanse."
pimprod2033291,DERMAFLASH,The Essentials Sonic Dermaplaning Refill Kit,Hair Removal Tools,,$87.00,12-Week,https://media.ulta.com/i/ulta/2597736?w=100&h=100&fmt=auto,"1,078 Reviews","Benefits
MICROFINE EDGES:
Deliver a superior sonic dermaplaning experience with ultimate precision and closer contact with skin - plus an upgraded proprietary safety cage for maximum protection from nicks and cuts
Like professional dermaplaning blades, MICROFINE EDGES are single-use only. Dull, used blades can introduce harmful bacteria to your skin. For safety, efficacy and hygiene, always use a new EDGE each time you Flash
Salicylic Acid + Papaya Enzymes exfoliate and brighten
Willow Bark helps soothe skin
Niacinamide helps protect skin's barrier
Witch Hazel removes excess oil from skin's surface
Features
Sustainabiliy:
PREFLASH packaging is made from 41% post-consumer recycled plastic
MICROFINE EDGES are made with 100% post-consumer recycled materials
EDGE trays made from 50% post-consumer recycled plastic
Formulated Without oil, silicone, alcohol, phenoxyethanol, dyes and fragrance
Includes
PREFLASH Essential Skin Prep (1.0 oz)
MICROFINE EDGES (12 ct)","HAMAMELIS VIRGINIANA WATER, WATER / AQUA / EAU, DISODIUM
COCOAMPHODIPROPIONATE, BUTYLENE GLYCOL, DECYL GLUCOSIDE, CITRIC ACID, CELLULOSE
GUM, NIACINAMIDE, PAPAIN, SALIX ALBA (WILLOW) BARK EXTRACT, SALICYLIC ACID,
SACCHAROMYCES FERMENT FILTRATE, POLYGLYCERYL-4 CAPRATE, 1,2-HEXANEDIOL,
CAPRYLYL GLYCOL, DEXTRIN, POLYDEXTROSE, BENZOIC ACID, AMYLOPECTIN, TETRASODIUM
GLUTAMATE DIACETATE, SODIUM CHLORIDE, SODIUM HYDROXIDE, HYDROXYACETOPHENONE,
SODIUM GLYCOLATE.","Massage PREFLASH onto wet skin. Rinse off with water. Pat dry (for best results, make sure skin is thoroughly dry). Load a new MICROFINE EDGE onto your device. Hold your device at a 45° angle to your face. With your opposite hand, hold skin taut and Flash using short, feathery strokes. Flash 1X per week to maintain smooth, fuzz-free results and improve your skin over time."
pimprod2044868,Vacation,Orange Gelée SPF 30 Sunscreen Gel,Suncare,Sunscreen,$23.00,3.12 oz,https://media.ulta.com/i/ulta/2623026?w=100&h=100&fmt=auto,570 Reviews,"Benefits
Broad spectrum SPF 30 protection against the sun's harmful UVA and UVB rays
Signature orange-tinted formula rubs in clear on all skin tones and delivers an enviable shine
Balm-to-oil form melts on skin to deliver a silky, moisturized feel
Legendary French Riviera scent is revisited with notes of bergamot, clove, saffron, patchouli, and sandalwood.
Scent developed with Carlos Huber, the award-winning fragrance designer behind the Vacation signature scent and ARQUISTE Parfumeur
Made alongside a panel of eleven original Orange Gelée fans and modern beauty experts via Vacation’s Orange Gelée Revival Project
""Classic"" formulation process to update everything you love about sunscreens of the past with the best of modern skincare science
Hawaii Reef Compliant Act 104
Key Ingredients
Shea butter and candelilla wax: A plant-based wax & butter combination that softens skin & provides the formula’s signature silky, moisturized feel
Tamanu and coconut oils: Rich, emollient oils that hydrate and smooth skin while delivering an enviable shine
Saffron and bergamot peel: A luxurious, antioxidant-laden duo to help even skin tone
Jojoba and maracuja oils: Nutrient-rich oils that boost hydration and help support skin barrier functions
Vitamin E: A vitamin renowned for its ability to replenish sun-exposed skin
Formulated Without
Every Vacation formula is dermatologist tested and reviewed by toxicologists to ensure world-class protection.
Oxybenzone, Octinoxate, Parabens & PEGs,Phthalates, Beeswax, Mineral Oil, Paraffin","Active: Avobenzone (2.9%), Homosalate (6.9%), Octisalate (4.9%), Octocrylene (9.5%).
Inactive: Behenyl Behenate, Butyloctyl Salicylate, Butyrospermum Parkii (Shea) Butter, Calophyllum Inophyllum Seed Oil, Cetyl Esters, Citrus Aurantium Bergamia (Bergamot) Peel Oil, Cocos Nucifera (Coconut) Oil, Crocus Sativus Flower Extract, Euphorbia Cerifera (Candelilla) Wax, Fragrance, Glyceryl Stearate, Helianthus Annuus (Sunflower) Seed Oil, Hydrogenated Castor Oil, Isododecane, Jojoba Esters, Passiflora Edulis (Passion Fruit) Seed Oil, Polyhydroxystearic Acid, Polyester-8, Prunus Amygdalus Dulcis (Sweet Almond) Oil, Red 6, Ricinus Communis (Castor) Seed Oil, Sesamum Indicum (Sesame) Seed Oil, Simmondsia Chinensis (Jojoba) Seed Oil, Tocopherol (Vitamin E), Trihydroxystearin, Tyrosine, Yellow 5.","To open, use pointed end on cap to puncture seal.
Apply liberally 15 minutes before sun exposure.
Reapply at least every 2 hours.
Use a water-resistant sunscreen if swimming or sweating."
pimprod2032040,SUNDAY RILEY,C.E.O. Afterglow Brightening Vitamin C Cream,Moisturizers,Face Moisturizer,$65.00,1.7 oz,https://media.ulta.com/i/ulta/2596206?w=100&h=100&fmt=auto,682 Reviews,"Benefits
Plumps, brightens, and evens skin tone, while working to firm the skin's appearance
Pulls hydration into the skin over time for long lasting moisturization
Creates a radiant base for makeup application
For all skin types
Cruelty-free and formulated without sulfates, parabens, gluten, soy, phthalates, and artificial fragrance
Key Ingredients
THD Ascorbate is an extremely stable, oil soluble form of vitamin C. It helps fight the signs of aging including dullness, visible loss of firmness and the appearance of dark spots, lines and wrinkles and surface redness.
Sodium Hyaluronate is a powerful humectant blend that attracts and binds water for increased skin hydration.
Lutein (a deep yellow antioxidant derived from marigolds) provides a boost of antioxidants.
Research Results
In a one-week independent blinded study:
Afterglow is clinically proven to significantly improve skin brightness
Afterglow is clinically proven to significantly improve skin texture
100% of people felt their skin was significantly smoother and softer after using the product
97% of people had significant improvement in skin brightness (according to clinical visual grading) and felt that their skin felt more moisturized after using the product
94% of people felt that their skin had a healthy glow, was more elastic, and visibly improved after using the product","Water/Eau/Aqua, Dimethicone, Neopentyl Glycol Diethylhexanoate, Tetrahexyldecyl Ascorbate, Polyglycerin-6, Propanediol, Phenyl Trimethicone, Glycerin, Hydroxyethyl Acrylate/Sodium Acryloyldimethyl Taurate Copolymer, Sodium Hyaluronate Crosspolymer, Ergothioneine, Xanthophyll, Allantoin, Citrus Aurantium Amara (Bitter Orange) Flower Oil, Sodium Acryloyldimethyltaurate/VP Crosspolymer, Mannitol, Pentylene Glycol, Isododecane, Dimethicone Crosspolymer, Sodium Phytate, Pentaerythrityl Tetra-di-t-butyl Hydroxyhydrocinnamate, Benzotriazolyl Dodecyl p-Cresol, Polymethylsilsesquioxane, Ammonium Acryloyldimethyltaurate/Beheneth-25 Methacrylate Crosspolymer, Carthamus Tinctorius (Safflower) Seed Oil, Citrus Aurantium Dulcis (Orange) Peel Oil, Phenoxyethanol, Caprylyl Glycol, Chlorphenesin, Ethylhexylglycerin, Citric Acid, Polysorbate 60, Sorbitan Isostearate.","Can be used morning and night to cleansed skin. For vibrant skin and a firmer appearance, apply to face, neck, and décolleté."
pimprod2014586,Mad Hippie,Triple C Night Cream,Moisturizers,Night Cream,$33.99,2.1 oz,https://media.ulta.com/i/ulta/2564736?w=100&h=100&fmt=auto,358 Reviews,"Key Ingredients
Triple C - 3 bioavailable forms of vitamin C, each with distinct biological processes, join forces to rejuvenate and protect the skin from exposure to daily stressors
Tetrahexyldecyl Ascorbate, Magnesium Ascorbyl Phosphate & Ascorbyl Glucoside - all incredibly bioavailable & effective forms of vitamin C, work to brighten the skin and reduce the appearance of discoloration, while lessening the appearance of fine lines and wrinkles
Reishi - known as the ""mushroom of immortality"" in Chinese medicine, reishi is a powerful adaptogen that is packed with antioxidants and hydrating elements
Sodium PCA - a naturally occurring humectant that helps bind moisture to the skin, dramatically improving skin hydration
Cloudberry - a revered Nordic berry notorious for its ability to grow in the harshest of conditions that is packed with rejuvenating antioxidants such as vitamin C & beta carotene that help even the complexion and brighten
Turmeric Extract - a powerhouse antioxidant great for acne-prone skin, turmeric extract helps lighten the appearance of skin discoloration and provide antioxidant protection and gives the benefits of the revered ancient herb, without the yellow staining effect of standard turmeric
Chaga - a natural adaptogen packed with powerful antioxidants including superoxide dismutase and zinc; works to rejuvenate and protect the skin from daily stressors and exposure to pollutants
Shea Butter - used in Africa for centuries for its moisturizing & soothing properties, rich source of the powerful antioxidants vitamin A & E, crucial fatty acids and cinnamic acid
Ceramide - forms a thin lipid barrier that holds in moisture, while protecting & nourishing the skin
Formulated Without
Parabens, petrochemicals, animal ingredients, GMOs, phthalates, SLS, silicone, PEGs, synthetic fragrance and dyes","Deionized Water (Aqua), Organic Carthamus Tinctorius (Safflower) Seed Oil, Isopropyl Palmitate, Tetrahexyldecyl Ascorbate (Vitamin C), Magnesium Ascorbyl Phosphate (Vitamin C), Ascorbyl Glucoside (Vitamin C), Cetyl Alcohol, Glycerin, Polyglyceryl-2 Stearate (and) Glyceryl Stearate (and) Stearyl Alcohol, Stearic Acid, Glyceryl Stearate, Inonotus Obliquus (Chaga Mushroom) Extract, Ganoderma Lucidum (Reishi Mushroom) Extract, Butyrospermum Parkii (Shea) Butter, Phenethyl Alcohol, Caprylyl Glycol, Ethylhexyl Glycerin, Calendula Officinalis Flower Extract, Rubus Chamaemorus (Cloudberry) Fruit Extract, Ribes Nigrum (Blackcurrant) Seed Oil, Squalane, Sodium PCA, Xanthan Gum, Steam Distilled Citrus Aurantium Dulcis (Sweet Orange) Oil, Sodium Hyaluronate Acid (Hyaluronic Acid), Tocotrienol (Vitamin E), Curcuma Longa (Turmeric) Root Extract, Chlorella Pyrenoidosa Extract, Allantoin, Ceramide 3, Riboflavin (Vitamin B2).",Gently massage into the skin to ensure actives fully penetrate. Can be worn over the Vitamin C or Vitamin A Serum.
pimprod2035666,Good Molecules,Acne Foaming Cleanser,Cleansers,Face Wash,$12.00,,https://media.ulta.com/i/ulta/2601250?w=100&h=100&fmt=auto,312 Reviews,"Benefits
Rich foaming formula gently removes surface oil, impurities, and buildup, leaving skin soft and comfortably clean.
Free of soap, fragrance, and harsh cleansing agents.
Key Ingredients
2% salicylic acid (aka beta hydroxy acid or BHA) exfoliates away dead skin cells while unclogging pores for visibly smoother, clearer skin.","Water, Propanediol, Sodium Lauryl Glucose Carboxylate, Lauryl Glucoside, Salicylic Acid, Glycerin, Potassium Sorbate, Sodium Benzoate, Sodium Gluconate, Hamamelis Virginiana (Witch Hazel) Leaf Extract, Sorbic Acid, Organic Aloe Barbadensis Leaf Juice Powder, Citric Acid.","Gently massage into wet skin for 20-30 seconds. Rinse thoroughly and pat dry. Can be used in the morning and/or at night.
Precautions: For external use only."
pimprod2048851,STARFACE,Hydro-Star Classic Pimple Patches,Treatment & Serums,Acne & Blemish Treatments,$10.99,32 ct,https://media.ulta.com/i/ulta/2631428?w=100&h=100&fmt=auto,294 Reviews,"Benefits
Hydro-Stars® are made with 100% hydrocolloid to help reduce the appearance of inflammation and shrink spots overnight.
Hydro-Stars are perfect for all spots, especially juicy ones like surface-level pimples and whiteheads. Thanks to hydrocolloid's gentle properties, wearing Hydro-Stars just for fun is also safe (and encouraged!).
These yellow stars protect your spots from outside bacteria and serve as a gentle reminder to avoid skin picking.
Dermatologist tested, and safe for every skin type, including sensitive.
Features
Perfectly shaped to grip the contours of the face, Hydro-Stars are designed to really stick and keep you feeling cute while caring for your skin.
Their little arms are great for reaching spots in tight or awkward spaces, like the corner of your nose or side of your lip.
Take your stars everywhere you go with Big Yellow, a reusable, mirrored compact (sold separately) that holds your patches for easy application and storage.
Key Ingredients
Hydrocolloid is clinically proven to improve the appearance of pimples overnight: It draws out fluid, which can help soothe redness and inflammation.",Hydrocolloid.,"Apply to clean, dry skin. Leave on overnight (or 6+ hours) for best results. Lift off in the morning and replace with a new star (if you want).
Precautions: Keep out of reach of children. For external use only. Do not use on damaged or broken skin. Stop using and ask a doctor if rash and/or irritation occur. If product is swallowed, get medical help or contact a poison control center right away. Protect the product in this pouch from excessive heat and direct sun."
pimprod2050239,Murad,Superactive Brightening Moisturizer SPF 50 with Vitamin C,Moisturizers,Face Moisturizer,$55.00,1.7 oz,https://media.ulta.com/i/ulta/2635515?w=100&h=100&fmt=auto,176 Reviews,"Benefits
Supercharged 3-in-1 moisturizer hydrates all day as it protects skin with high-level broad spectrum SPF 50, with no white cast
Brightens skin in just one use with powerful, long-lasting vitamin C
Helps fade and prevent dark spots
Non-comedogenic, lightweight and fast-absorbing
Layers well under makeup
Key Ingredients
10x more potent vitamin C*: minimizes visible signs of UV damage, including dull and uneven skin
Lipid-boosting tech: helps replenish ceramides to restore moisture
Ultra-sheer SPF 50: helps prevent premature aging from UVA/UVB damage
*vs previous formula
Research Results
Skin looks brighter after 1 use*
Skin appears more even-toned in 1 week*
Helps visibly fade all types of dark spots in 4 weeks* (including age spots, sun spots, post-acne dark spots, and hyperpigmentation)
*4-week consumer perception study on 33 participants, Fitzpatrick I-VI","Active: Avobenzone 3.0%, Homosalate 7.0%, Octisalate 5.0%, Octocrylene 5.0%. Inactive: Water (Aqua), Propanediol, Cocoglycerides, 3-O-Ethyl Ascorbic Acid, Butyloctyl Salicylate, Glyceryl Stearate, Palmitic Acid, Cetearyl Alcohol, Cetearyl Glucoside, Stearic Acid, Cetyl Phosphate, Urea, Yeast Amino Acids, Trehalose, Inositol, Taurine, Betaine, Panthenol, Sodium PCA, Tocopheryl Acetate, Persea Gratissima (Avocado) Oil, Hydrogenated Vegetable Oil, Tocopherol, Xanthan Gum, Magnesium Aluminum Silicate, Cellulose, Ethylhexylglycerin, Caprylic/Capric Triglyceride, Cellulose Gum, Caprylhydroxamic Acid, Tetrasodium Glutamate Diacetate, Aminomethyl Propanol, Sodium Citrate, Citric Acid, Arachidic Acid, Titanium Dioxide, Myristic Acid, Lauric Acid, Leuconostoc/Radish Root Ferment Filtrate, Chlorphenesin, Sodium Benzoate, Limonene, Citrus Aurantium Peel Oil, Fragrance (Parfum), Iron Oxides (CI 77492).","To Use: AM: Apply liberally over face, neck, and chest.
For external use only. Avoid contact with eyes. Keep out of reach of children. If swallowed, get medical help or contact a Poison Control Center right away."
pimprod2034138,MAËLYS,GET-CHEEKY Enriched Cellulite Oil,Body Moisturizers,Body Serums & Oils,$35.00,2.0 oz,https://media.ulta.com/i/ulta/2598136?w=100&h=100&fmt=auto,"1,340 Reviews","Benefits
Tightens and firms the skin while reducing the appearance of cellulite
Enriched with moisture to give skin a soft and supple appearance
Infused with antioxidants to help nourish skin
81% saw visibly firmer and smoother skin
*Self-assessment on 25 participants after 56 day
Free of: Parabens, SLS, and Phthalates
Key Ingredients
Pink Pepperslim: A plant extract that is proven to smooth the look of fatty skin
Vitamin E: A powerful antioxidant that helps protect skin against environmental stressors
Shea Butter: A rich plant lipid that helps restore suppleness in the skin
Research Results
MAËLYS formulas go through rigorous clinical trials conducted on panels of real women. The trial found that GET-CHEEKY is:
Clinically proven to reduce the appearance of cellulite*
Clinically proven to firm the appearance of the booty*
Clinically proven to visibly reduce rough skin texture*
*Based on a 56-day clinical trial with 25 participants
87% saw a reduction in the dimpled appearance of skin**
85% saw tighter looking skin**
**Self-assessment on 30 participants after 56 days","Helianthus Annuus (Sunflower) Seed Oil, Cocos Nucifera (Coconut) Oil, Helianthus Annuus (Sunflower) Seed Wax, Butyrospermum Parkii (Shea) Butter, Ethoxydiglycol, Vanillyl Butyl Ether, Schinus Terebinthifolia Seed Extract, Caprylic/Capric Triglyceride, Linoleic Acid, Lecithin, Oryza Sativa (Rice) Bran Extract, Phytosteryl Canola Glycerides, Oleic Acid, Palmitic Acid, Helianthus Annuus (Sunflower) Extract, Tocopherol, Rosmarinus Officinalis (Rosemary) Leaf Extract, Stearic Acid, Triolein, Fragrance (Parfum), Benzyl Benzoate, Hexyl Cinnamal, Linalool, Limonene, Cinnamal, Eugenol.","Pump the product into the palm of your hand and apply it directly to the visible cellulite on your booty and thighs. Massage into the skin in circular motions until fully absorbed. You may start to feel a warming sensation, that's totally normal! If you're not into the tingle, we recommend waiting at least 20 minutes after a shower before applying. Use twice a day for best results. Boost Your Regimen! Use with GET-SPRUNG Enriched Stretch Mark Oil for the perfect pair."
pimprod2030178,CeraVe,Alcohol-Free No Rinse Hydrating Facial Toner for Sensitive & Dry Skin,Cleansers,Toner,$11.99,6.8 oz,https://media.ulta.com/i/ulta/2591829?w=100&h=100&fmt=auto,549 Reviews,"Benefits
pH balanced toner gently removes impurities after cleansing
With ceramides, hyaluronic acid, and niacinamide the lightweight toner helps soften and smooth skin while locking in moisture for refreshed, healthy-looking skin.
The alcohol free, non-astringent, and non-drying, formula leaves skin feeling balanced, soothed, soft, and clean.
Formulated with sensitive skin in mind, the hydrating and soothing formula is fragrance-free, oil-free, allergy-tested, sensitive skin-tested, and non-comedogenic so it will not clog your pores.
Ceramides are found naturally in the skin and make up 50% of the lipids in the skin barrier. All CeraVe products are formulated with three essential ceramides (1, 3, 6-II) to help restore and maintain the skin's natural barrier.
DERMATOLOGIST RECOMMENDED
CeraVe Skincare is developed with dermatologists and has products suitable for dry skin, sensitive skin, oily skin, acne-prone, and more.
Formulated Without
Alcohol
Fragrance
Oil","Aqua/Water, Propanediol, Glycerin, Butylene Glycol, Ppg-6-Decyltetradeceth-30, Peg-240/Hdi Copolymer Bis-Decyltetradeceth-20 Ether, Peg/Ppg/Polybutylene Glycol-8/5/3 Glycerin, Ceramide Np, Ceramide Ap, Potassium Laurate, Ceramide Eop, Carbomer, Niacinamide, Sodium Hydroxide, Sodium Citrate, Sodium Hyaluronate, Sodium Lauroyl Lactylate, Cholesterol, Phenoxyethanol, Chlorphenesin, Tocopherol, Citric Acid, Phytosphingosine, Xanthan Gum, Ethylhexylglycerin.","After cleansing, saturate a cotton pad with the CeraVe Hydrating Toner and gently wipe pad over skin until completely free of dirt, oil, makeup, and impurities. Use after cleansing in the morning and evening.
Precautions: Avoid direct contact with eyes. If contact occurs, rinse thoroughly with water."
pimprod2033309,Peach Slices,Snail Rescue All-In-One Deep Moisture Cream,K-Beauty,,$16.99,2.8 oz,https://media.ulta.com/i/ulta/2597524?w=800&h=800&fmt=auto,274 Reviews,"Benefits
Quenches deep skin thirst and revives dry, flaky skin
Hydrates and combats blemishes
Gently resurfaces and brightens, delivering soft and supple skin
Creamy texture locks in essential moisture without sitting heavy on skin
Effective and fun: Peach Slices formulas are formulated for all skin types and deliver holistic and easy solutions for stubborn skin issues
Key Ingredients
Snail Mucin: hydrates, exfoliates, brightens, and calms
Squalane: deeply hydrates and supports the skin barrier
Hyaluronic Acid: draws moisture to skin for deep hydration
Pine Bark: visibly refines skin texture for a more even-toned complexion
Cica: contains antibacterial and healing properties","Snail Secretion Filtrate, Water, Hydrogenated Polydecene, Glycerin, Cetearyl Olivate, Propanediol, Butyrospermum Parkii (Shea) Butter, Jojoba Esters, Hyaluronic Acid, Hydrolyzed Hyaluronic Acid, Sodium Hyaluronate, Cetearyl Alcohol, Centella Asiatica Extract, Centella Asiatica Leaf Extract, Centella Asiatica Root Extract, Asiatic Acid, Asiaticoside, Madecassic Acid, Madecassoside, Betula Alba Juice, Squalane, Sorbitan Olivate, Glyceryl Stearate, Butylene Glycol, Carbomer, Hydroxyethylcellulose, Phytosteryl Macadamiate, Tocopherol, Ethylhexylglycerin, 1,2-Hexanediol, Hydrolyzed Malt Extract, Trisodium Ethylenediamine Disuccinate, Sorbitan Isostearate, C18-36 Acid Triglyceride, Tromethamine, Hydroxyethyl Acrylate/Sodium Acryloyldimethyl Taurate Copolymer, Glycyrrhiza Glabra (Licorice) Root Extract, Synthetic Beeswax, Hydrolyzed Viola Tricolor Extract, Hydrolyzed Gardenia Florida Extract, C12-18 Acid Triglyceride, Phytosterols, Pinus Pinaster Bark Extract, Biosaccharide Gum-1.","Apply as last step of your routine before SPF. Can be used AM and PM.
Precautions: External use only. Avoid contact with eyes. Keep out of reach of children. Store in a cool and dry place."
pimprod2049736,La Roche-Posay,Cicaplast B5 Soothing Repair Spray for Dry Skin,Moisturizers,Face Moisturizer,$24.99,3.38 oz,https://media.ulta.com/i/ulta/2633772?w=100&h=100&fmt=auto,11 Reviews,"Benefits
Provides long lasting 24 hour hydration
Helps repair the skin barrier
Touch free application and invisible texture on skin
Suitable for dry to extra dry, compromised skin
Suitable for babies 2 months and up
Key Ingredients
La Roche-Posay Prebiotic Thermal Water is naturally rich in minerals with scientifically demonstrated soothing and antioxidant properties
Madecassoside known for its nourishing properties
Vitamin B5 helps the skin feel soothed and nourished
Glycerin, a humectant, helps hydrate skin
Formulated Without
Alcohol
Fragrance","Aqua / Water / Eau, Glycerin, Propanediol, Panthenol, Pentylene Glycol, Sodium Citrate, Mannose, Madecassoside, Manganese Gluconate, Sodium Chloride, Coco-Betaine, Caprylyl Glycol, Citric Acid, Trisodium Ethylenediamine Disuccinate.","Apply after cleansing, once skin is dry, spray 6 inches from affected area on Body or Face, no need to rub in.
Precautions: Avoid direct contact with eyes."
pimprod2045881,SKIN1004,Madagascar Centella Ampoule Foam,Cleansers,Face Wash,$18.00,4.22 oz,https://media.ulta.com/i/ulta/2626855?w=100&h=100&fmt=auto,823 Reviews,"Benefits
Foam cleanser with mild acidic pH to maintain healthy skin balance
Leaves the skin refreshed, soft and hydrated
Features
Rich pearlized cream texture
Deeply cleansed without stripping the skin
Suitable for all skin type including acne skin
Key Ingredients
Centella Asiatica Extract: Soothes and replenishes skin hydration level","Centella Asiatica Extract, Sodium Cocoyl Isethionate, Glycerin, Water, Sodium Methyl Cocoyl Taurate, Coco-Betaine, Potassium Cocoyl Glycinate, 1,2-Hexanediol, Sodium Chloride, Potassium Cocoate, Potassium Benzoate, Polyquaternium-67, Citric Acid, Dextrin, Sodium Bicarbonate, Theobroma Cacao (Cocoa) Extract, Disodium EDTA, Sodium Acetate, Butylene Glycol, Coptis Chinensis Root Extract, Sodium Hyaluronate, Eclipta Prostrata Extract, Coccinia Indica Fruit Extract.","Apply an appropriate amount onto wet palms and foam it up by rubbing palms. Gently lather and massage face before rinsing with lukewarm water. Can be used twice a day morning and night.
Precautions: For external use only. Stop using if irritation occurs. Keep out of reach of children. Avoid contact with eyes."
pimprod2006273,Clinique,Moisture Surge Eye 96-Hour Hydro Filler Concentrate,Eye Treatments,Eye Serums,$42.00,0.5 oz,https://media.ulta.com/i/ulta/2544071?w=100&h=100&fmt=auto,465 Reviews,"Benefits
All Skin Types.
Instantly re-floods, tightens, and brightens skin.
Hydrates delicate eye area for 96 hours of moisture using Auto-Replenishing Lipid-Sphere Technology with pure aloe butter.
Helps rebuild skin's lipid barrier to minimize moisture loss.
Encapsulated antioxidants help break the cycle of environmental stress that can lead to premature aging.
Dermatologist and ophthalmologist tested.
Safe for contact lens wearers.
Non-acnegenic.
Allergy tested.
Formulated Without
Parabens
Phthalates
Fragrance","Water\Aqua\Eau, Glycerin, Butylene Glycol, Propanediol, Phenyl Trimethicone, Sucrose, Hydroxyethyl Urea, Camellia Sinensis (Green Tea) Leaf Extract, Hypnea Musciformis (Algae) Extract, Trehalose, Algae Extract, Alteromonas Ferment Extract, Acetyl Glucosamine, Gelidiella Acerosa Extract, Chlorella Vulgaris Extract, Aloe Barbadensis Leaf Water, Sorbitol, Cholesterol, Niacinamide, Pentaerythrityl Tetraethylhexanoate, Sodium Polyaspartate, Aloe Barbadensis Leaf Extract, Cocos Nucifera (Coconut) Oil, Hydrolyzed Rice Extract, Caffeine, Acetyl Hexapeptide-8, Tocopheryl Acetate, Cucumis Sativus (Cucumber) Fruit Extract, Palmitoyl Hexapeptide-12, Glyceryl Acrylate/Acrylic Acid Copolymer, Glyceryl Polymethacrylate, Acrylates/C10-30 Alkyl Acrylate Crosspolymer, PEG-7m, Dextrin Palmitate, Dehydroxanthan Gum, Sodium Hyaluronate, Pentaerythrityl Adipate/Caprate/Caprylate/Heptanoate, Tetrahexyldecyl Ascorbate, Carbomer, PEG-8, Sodium Hydroxide, Citric Acid, Triethoxycaprylylsilane, Disodium EDTA, Sodium Citrate, Pentaerythrityl Tetra-Di-T-Butyl Hydroxyhydrocinnamate, BHT, Phenoxyethanol, Chlorphenesin, Blue 1 Lake (CI 42090), Yellow 5 Lake (CI 19140), Iron Oxides (CI 77491).
Please be aware that ingredient lists may change or vary from time to time. Please refer to the ingredient list on the product package you receive for the most up to date list of ingredients.","Use pea-size amount of eye treatment. Massage gel all around eye area. Can be used alone, under makeup, or as a 3-minute eye mask."
pimprod2032491,Supergoop!,Every. Single. Face. Watery Lotion SPF 50,Suncare,Sunscreen,$34.00,1.7 oz,https://media.ulta.com/i/ulta/2595519?w=100&h=100&fmt=auto,182 Reviews,"Benefits
Broad spectrum sunscreen that protects against UVA, UVB and IRA rays
Helps filter blue light (light emitted from your phone, computer & other screens)
Helps filter pollution
Feel-it-to-believe-it texture and a barely-there, non-greasy finish (no white cast!)
Non comedogenic, oil-free formula packed with clean ingredients
For all skin types
Key Ingredients
Cress Sprout Extract: Helps filter pollution & strengthen the skin barrier
Wild Butterfly Ginger Root Extract: Helps filter blue light & reduce the visible effects of free radicals
Active: Avobenzone 3%, Homosalate 9%, Octisalate 5%, Octocrylene 9%
Formulated Without
Supergoop! thoughtfully chooses ingredients based on global regulations and the latest scientific research. Their ""No List"" includes 1600+ ingredients that they never add in their products, including oxybenzone, octinoxate, parabens, phthalates, sulfates and synthetic fragrances","Active: Avobenzone 3%, Homosalate 9%, Octisalate 5%, Octocrylene 9%.
Inactive: Water, Alcohol, C12-15 Alkyl Benzoate, Propanediol, Dimethicone, Glycerin, Acrylates/Polytrimethylsiloxymethacrylate Copolymer, Maltodextrin, Triethyl Citrate, Hydroxyacetophenone, Acrylates/C10-30 Alkyl Acrylate Crosspolymer, 1,2-Hexanediol, Caprylyl Glycol, Pullulan, Sodium Polyacrylate, Betaine, Lavandula Angustifolia (Lavender) Flower/Leaf/Stem Extract, Hedychium Coronarium Root Extract, Caesalpinia Spinosa Gum, Linalool, Camellia Sinensis Leaf Extract, Tremella Fuciformis Sporocap Extract, Amyl Cinnamal, Glyceryl Caprylate, Glyceryl Undecylenate, Sodium Carboxymethyl Beta-Glucan, Pyrus Malus (Apple) Fruit Extract, Rosmarinus Officinalis (Rosemary) Leaf Extract, Rubus Idaeus (Raspberry) Leaf Extract, Salvia Officinalis (Sage) Leaf Extract, Lepidium Sativum Sprout Extract.","Apply generously and evenly after your skincare routine, 15 minutes before sun exposure. Reapply at least every 2 hours or after 40 minutes of swimming or sweating.
Precautions: For external use only. Do not use on damaged or broken skin. When using this product keep out of eyes. Rinse with water to remove. Stop use and ask a doctor if rash occurs."
pimprod2022628,PEACH & LILY,Transparen-C Pro Spot Treatment,Treatment & Serums,Acne & Blemish Treatments,$45.00,0.67 oz,https://media.ulta.com/i/ulta/2568436?w=100&h=100&fmt=auto,760 Reviews,"Benefits
20% Vitamin C brightens the appearance of dark spots, red spots, and discoloration
Targets hyperpigmentation and brightens skins
Minimizes the appearance of scars
Vitamin C remains stable and potent for one year after opening
100% Worry Free: Peach & Lily formulas are non-toxic, alcohol-free, fragrance-free, & gluten-free
Key Ingredients
Vitamin C: penetrates deep into skin to deliver a brighter complexion
Camellia Extract: fights off free radicals caused by pollutants, stress, and sun exposure
Ferulic Acid: minimizes the appearance of fine lines and dark spots
Hyaluronic Acid: binds moisture to skin for a plumper complexion
Research Results
92% saw less prominent and more faded dark and discolored spots within 14 days*
95% said that Transparen-C did not cause breakouts*
*Third party consumer study results","Helianthus Annuus (Sunflower) Seed Oil, Macadamia Ternifolia Seed Oil, Ascorbyl Tetraisopalmitate, Limnanthes Alba (Meadowfoam) Seed Oil, Simmondsia Chinensis (Jojoba) Seed Oil, Camellia Sinensis Seed Oil, Squalane, Sodium Acetylated Hyaluronate, Hydrolyzed Hyaluronic Acid, Glycyrrhiza Glabra (Licorice) Root Extract, Tocopherol, Ferulic Acid, Sodium Hyaluronate, Tranexamic Acid, Kojic Dipalmitate, 1,2-Hexanediol, Water (Aqua).","Apply onto clean dry skin, once a day either morning or night, directly onto dark spots and discolored areas. Pair with Glass Skin Refining Serum, follow up with our Transparen-C Pro Brightening Moisturizer.
External use only. Avoid contact with eyes. Keep out of reach of children. Store in a cool and dry place."
pimprod2009233,The Ordinary,Salicylic Acid 2% Masque Clarifying Charcoal & Clay Mask for Blemish Prone Skin,Treatment & Serums,Face Masks,$13.80,1.0 oz,https://media.ulta.com/i/ulta/2555749?w=100&h=100&fmt=auto,558 Reviews,"Benefits
Targets lackluster tone and textural irregularities
Aids in balancing sebum
PH 3.50 - 4.50
Key Ingredients
Salicylic Acid
Vegetable Charcoal
Clay
Formulated Without
Fragrance
Alcohol
Gluten
Nuts
Oil
Silicone
Parabens
Sulfates
Mineral Oil
Methylchloroisothiazolinone
Methylisothiazolinone
Animal Oils
Coal Tar Dyes
Formaldehyde
Mercury
Oxybenzone","Aqua (water), Kaolin, Squalane, Glycerin, Dimethyl Isosorbide, Silica Cetyl Silylate, Salicylic Acid, Sodium Polyacrylate, Pentylene Glycol, Charcoal Powder, 4-t-butylcyclohexanol, Sclerotium Gum, Acacia Senegal Gum, Xanthan Gum, Phytic Acid, Polysorbate 20, Trisodium Ethylenediamine Disuccinate, Chlorphenesin, Phenoxyethanol.","Use once or twice a week on thoroughly clean, dry skin. Do not use on wet skin. Apply evenly across face using fingertips, avoiding the eye area. Leave on for no more than 10 minutes. Rinse thoroughly with lukewarm water. Avoid the eye contour and contact with eyes both during application and rinse off. Patch testing prior to use is advised: Apply the product as directed to a small area once a day for three days to test if you are sensitive to this product. If you develop severe irritation, hives, swelling of eyes and mouth, blistering, or difficulty breathing, rinse off, cease use and consult a physician right away. Keep out of reach of children.
Contraindications: Do not use in the same routine as direct acids, EUK 134 0.1%, retinoids, pure or ethylated vitamin C, or peptides."
pimprod2049112,TATCHA,Mini The Water Cream Oil-Free Pore Minimizing Moisturizer,Travel Size Skin Care,,$25.00,0.50 oz,https://media.ulta.com/i/ulta/2634102?w=100&h=100&fmt=auto,491 Reviews,"Benefits
Refines clogged pores & skin texture in 1 week**
Improves skin barrier to seal in moisture
Boosts radiance & soothes with refreshing hydration
Non-comedogenic
Dermatologist tested
Includes up to 30% PCR (recycled plastic)
Formulated Without: mineral oil, synthetic fragrances, sulfate detergents, parabens, urea, DEA, TEA or phthalates
Key Ingredients
BHA-Alternative + Hadasei-3: visibly reduces pore count‡ & smooths
Multi-Weight Glycerin: triples skin hydration & improves skin barrier
Wild Rose + Heartleaf: visibly tightens pores and soothes
‡in-vivo test on ingredient with image analysis
Research Results
72-hour hydration*
97% showed improvement in clogged and enlarged pores after 1 week**
100% showed a reduction in oil after 1 week†
100% showed an improvement in skin smoothness and skin texture, immediately and after 1 week**
97% of panelists demonstrated an improvement in soothing redness after 2 weeks**
*based on a bio-instrumentation study of 27 panelists
**based on a clinical study of 36 panelists
†based on a bio-instrumentation study of 36 panelists","Aqua/Water/Eau, Saccharomyces/Rice Ferment Filtrate, Dimethicone, Propanediol, Glycerin, Diglycerin, Diphenylsiloxy Phenyl Trimethicone, Camellia Sinensis Leaf Extract, Cladosiphon Okamuranus Extract, Peg-9 Polydimethylsiloxyethyl Dimethicone, Gold, Belamcanda Chinensis Root Extract, Rosa Multiflora Fruit Extract, Houttuynia Cordata Extract, Sophora Angustifolia Root Extract, Sodium Hyaluronate, Lecithin, Pistacia Lentiscus (Mastic) Gum, Sodium Chloride, Sodium Citrate, Mica, Tin Oxide, Dimethicone/Peg-10/15 Crosspolymer, Dimethicone/Phenyl Vinyl Dimethicone Crosspolymer, Tocopherol, Butylene Glycol, Ethylhexylglycerin, Dipropylene Glycol, Parfum/Fragrance, Alcohol, Phenoxyethanol, Limonene, Linalool, Titanium Dioxide (Ci 77891).","Scoop a pearl-sized amount of cream with the gold spoon. Massage onto face, neck, and décolletage in upward strokes. Use daily, morning and night."
pimprod2046039,PEACH & LILY,Collagen Cushion Peptide Lip Balm,Lips,Lip Balms & Treatments,$22.00,Clear,https://media.ulta.com/i/ulta/2627014?w=100&h=100&fmt=auto,176 Reviews,"Benefits
Quenches and restores to visibly transform dry lips into a bouncy, pillow-soft, deeply hydrated pout
Innovative Cushion Complex locks in hydration, supports the delicate barrier, and helps protect from visible damage
Diffuses the appearance of fine lines and creases for a smooth, youthful look
Collagen, peptides, and ceramides support healthy, naturally fuller-looking lips
Plush, non-sticky formula glides on silky-smooth, effortlessly sinks in, and envelops lips in all-day comfort
100% Worry Free: Peach & Lily formulas are alcohol-free, fragrance-free, & gluten-free, &
Key Ingredients
Hyaluronic Acid Complex, Squalane, Shea Butter, Polyglutamic Acid: instantly and visibly moisturizes for hydrated, naturally-plump lips
Collagen & Tremella: help bind moisture to lips for fuller-looking, bouncy lips
Peptide Complex & Bisabolol: diffuse the appearance of fine lines, and lock in moisture, for visually smooth, juicy lips
Ceramides: support the delicate lip barrier for visibly resilient lips and help protect from visible signs of damage
Peach Extract: nourishes and supports lips with vitamins","Polyisobutene, Diisostearyl Malate, Hydrogenated Polyisobutene, Butyrospermum Parkii (Shea) Butter, Polyglyceryl-2 Triisostearate, Microcrystalline Wax, Octyldodecanol, Phytosteryl/Isostearyl/Cetyl/ Stearyl/Behenyl Dimer Dilinoleate, Tribehenin, Synthetic Wax, Squalane, Collagen Extract (Vegan Collagen), Polyglutamic Acid, Sodium Hyaluronate, Hydrolyzed Sodium Hyaluronate, Hyaluronic Acid, Hydrolyzed Hyaluronic Acid, Water, Glycerin, Vitis Vinifera (Grape) Seed Oil, Simmondsia Chinensis (Jojoba) Seed Oil, Camellia Japonica Seed Oil, Ceramide NS, Ceramide NP, Ceramide AP, Ceramide AS, Ceramide EOP, Tremella Fuciformis Polysaccharide, Chlorella Ferment, (-)-alpha-bisabolol, Butylene Glycol, Prunus Persica (Peach) Fruit Extract, Palmitoyl Tripeptide-1, Copper Tripeptide-1, Hexapeptide-9, Acetyl Hexapeptide-8, Acetyl Tetrapeptide-5, Palmitoyl Pentapeptide-4, Dipeptide-2, Nonapeptide-1, Tripeptide-1, Perilla Ocymoides Leaf Extract, Sodium Hyaluronate Crosspolymer, Ethylhexylglycerin, Adansonia Digitata Seed Oil, Hippophae Rhamnoides Fruit Oil, Calophyllum Inophyllum Seed Oil, Stevioside, Hibiscus Rosa-Sinensis Flower Extract, 1,2 -- Hexanediol, Allantoin, Caprylic/Capric Triglyceride, Tocopherol, Disteardimonium Hectorite, Glyceryl Caprylate, Polyglyceryl-10 Oleate, Hydrogenated Lecithin, Caprylyl Glycol, Pentylene Glycol.","Apply liberally, as needed.
For external use only. Avoid contact with eyes. Keep out of reach of children. Store in a cool, dry place."
pimprod2045637,Naturium,Niacinamide Serum 12% Plus Zinc 2%,Treatment & Serums,Face Serums,$16.99,1.0 oz,https://media.ulta.com/i/ulta/2627243?w=100&h=100&fmt=auto,656 Reviews,"Benefits
Helps reduce the appearance of pores
Reduces the look of dark spots, for a more even looking complexion
Smooths appearance of fine lines and wrinkles
Dermatologist tested
Fragrance free
Vegan, paraben & cruelty free
Key Ingredients
Niacinamide: improves the look of dark spots, for more even-looking skin, potent anti-aging benefits, working to reduce the look of fine lines & wrinkles, reduces the appearance of pores
Zinc PCA: helps control & balance oil production, delivers a fresh & moisturizing feel
Research Results
CLINICALLY PROVEN RESULTS*
100% of subjects showed improvement in the look of fine lines & wrinkles in 4 weeks
100% of subjects showed reduced look of pores in 4 weeks
76% of subjects showed reduced look of dark spots in 8 weeks**
**In an 8-week clinical study on subjects (women & men), representation across all skin types & self-perceived sensitive skin","Water, Niacinamide, Propanediol, Glycerin, Zinc PCA, Polyacrylate Crosspolymer-11, Sodium Hyaluronate, Dimethicone, Caprylyl Glycol, Phenoxyethanol, Xanthan Gum, Potassium Sorbate, Glyceryl Polyacrylate, Tocopheryl Acetate, Hexylene Glycol, Citric Acid.","Shake well. Apply an even layer of the niacinamide serum onto face, neck and chest morning and night. Follow with moisturizer.
For external use only. Use only as directed."
pimprod2046720,Bali Body,Self Tanning Body Milk,Suncare,Self-Tanning & Bronzing,$32.00,8.11 oz,https://media.ulta.com/i/ulta/2630549?w=100&h=100&fmt=auto,207 Reviews,"Benefits
Rinse free, colorless formula
93% skincare ingredients
Made in Australia
Gradually develops into a bronzed glow
Fast drying, fast absorbing and transfer resistant
Long lasting results
Enriched with 4 cascading levels of hyaluronic acid, vitamin C and ceramides
Suitable for all skin types, including sensitive skin
Key Ingredients
4 cascading levels of hyaluronic acid: to deeply hydrate skin
Ceramides: to support skin barrier function and sooth skin
Vitamin C: brightens skin and helps fade imperfections","Aqua (Water), Dihydroxyacetone, Caprylic/Capric Triglyceride, Propanediol, Glycerin, PEG-40 Hydrogenated Castor Oil, Ethoxydiglycol, Dimethicone, Phenoxyethanol, Hydroxyethyl Acrylate/Sodium Acryloyldimethyl Taurate Copolymer, Ethylhexylglycerin, Parfum (Fragrance), Xanthan Gum, Sodium Hyaluronate Crosspolymer, Tocopherol, Hydrolyzed Sodium Hyaluronate, Sodium Acetylated Hyaluronate, Sodium Hyaluronate, Glycine Soja (Soybean) Oil, Pentylene Glycol, Ceramide NP, Ceramide AP, Ceramide EOP, Ascorbic Acid, Phytosphingosine, Cholesterol, Sodium Lauroyl Lactylate, Sodium Citrate, Citric Acid, Carbomer, Limonene.","Step 1: For an even, streak-free tan, use an exfoliating mitt prior to application to ensure skin is clean and prepped.
Step 2: Apply product onto a tanning mitt and massage the formula into the skin, lightly passing over knees, ankles and elbows. Rinse hands thoroughly after use.
Step 3: Wait until touch dry before dressing.
Step 4: The tan will start to develop within 4-6 hours. For best results, apply the milk daily until you achieve your desired level of bronze.
Precautions: Patch test before use. Do not use on damaged or broken skin. Discontinue use if irritation occurs. For external use only. Wash palms after use. May stain clothing. Avoid contact with eyes. This product does not contain sunscreen and does not protect against sunburn. Repeated exposure of unprotected skin while tanning may increase the risk of skin ageing, skin cancer and other harmful effects to the skin even if you do not burn. Store in a cool, dark place."
pimprod2018405,Peach Slices,Dark Spot Microdarts,Treatment & Serums,Acne & Blemish Treatments,$8.99,9 ct,https://media.ulta.com/i/ulta/2567107?w=100&h=100&fmt=auto,519 Reviews,"Benefits
Rapidly improves dark spots, red spots, and other hyperpigmentation
Targets post-breakout dark spots and blemish scarring
Blemishes appear visibly clearer, brighter, and even-toned
Microdarts self-dissolve into dark spot for deep ingredient delivery
Non-drying and non-irritating
Effective and fun: Peach Slices formulas are formulated for all skin types and deliver holistic and easy solutions for stubborn skin issues
Research Results
97% said Microdarts work on even their most stubborn dark spots*
95% saw visibly reduced and faded dark spots within 3 days*
*Results from a third party consumer study","Sodium Hyaluronate, Niacinamide, 1,3-Butylene Glycol, Glycyrrhiza Uralensis (Licorice) Root Extract, Centella Asiatica Extract, Ascorbic Acid, Phenoxyethanol, Water.","Cleanse area to be treated. Adhere patch over the area. Microdarts self-dissolve into skin within 2 hours, saturating the area with beneficial ingredients to improve the appearance of your discolored spot. After 8 hours, remove by gently peeling back and discarding. Cleanse the treated area, and apply another patch if desired. Can be applied every 8 hours as often as needed. No-color, transparent patches can be worn overnight, or under makeup.
Precautions: Keep out of reach of children. For external use only. When using this product, skin irritation and dryness may occur if used in conjunction with other topical substances. Avoid applying on eye area or to damaged or broken skin. If product is swallowed, get medical help or contact a Poison control center right away."
pimprod2040232,La Roche-Posay,Cicaplast B5 Lip Balm for Dry Lips,Lips,Lip Balms & Treatments,$9.99,0.25 oz,https://media.ulta.com/i/ulta/2611317?w=100&h=100&fmt=auto,587 Reviews,"Benefits
Hydrates dry to extra dry lips
Softens chapped lips
Soothes and relieves sensitive lips
Non-greasy texture
Key Ingredients
With La Roche-Posay Thermal Spring Water
Its formula is concentrated in soothing and repairing Panthénol, for an immediate relief. It is enriched with MP-Lipids, a pro-hydration active ingredient
Formulated Without
Fragrance","Caprylic/Capric Triglyceride, Ppg-5 Pentaerythrityl Ether, Peg-5 Pentaerythrityl Ether, Butyrospermum Parkii Butter/Shea Butter, Cera Alba/Beeswax, Panthenol, Hydrogenated Vegetable Oil, Ethylhexyl Palmitate, Silica Silylate, Polybutene, Glycine Soja/Soybean Sterols, Aqua/Water, Sodium Saccharin, Myristyl Malate Phosphonic Acid, Pentaerythrityl Tetra-Di-T-Butyl Hydroxyhydrocinnamate.",Apply to dry lips as needed.
pimprod2028656,Cetaphil,"Moisturizing Lotion, Hydrating Body Moisturizer",Body Moisturizers,Body Lotion & Creams,$11.99,8.0 oz,https://media.ulta.com/i/ulta/2605916?w=100&h=100&fmt=auto,"30,827 Reviews","Benefits
All skin types
Lightweight lotion hydrates for 48 hours leaving skin soft and smooth
Immediately boosts skin hydration and continues to strengthen skin moisture barrier throughout the day
Non-greasy, formula absorbs quickly and is excellent for hands, feet, elbows and knees
DEFENDS AGAINST 5 SIGNS OF SKIN SENSITIVITY: Dryness, irritation, roughness, tightness and a weakened skin barrier
DERMATOLOGIST RECOMMENDED for Sensitive Skin
Key Ingredients
Glycerin hydrates and moisturizes the skin, improving the skin barrier, and promoting overall skin health
Panthenol (vitamin B5) to hydrate, soothe and preserve the skin barrier
Niacinamide (vitamin B3) to help smooth skin's texture and retain skin's moisture barrier
Formulated Without
Fragrance
Parabens
Sulfates
Hypoallergenic
Non-comedogenic","Water, Glycerin, Isopropyl Palmitate, Cetearyl Alcohol, Ceteareth-20, Panthenol, Niacinamide, Tocopheryl Acetate, Dimethicone, Persea Gratissima (Avocado) Oil, Helianthus Annuus (Sunflower) Seed Oil, Pantolactone, Glyceryl Stearate, Sodium Benzoate, Benzyl Alcohol, Citric Acid.",Apply daily all over body/face to hydrate skin.
pimprod2046095,Good Molecules,Mandelic Acid Serum,Treatment & Serums,Face Serums,$10.00,1.0 oz,https://media.ulta.com/i/ulta/2625933?w=100&h=100&fmt=auto,38 Reviews,"Key Ingredients
Mandelic acid—known as the mildest alpha hydroxy acid (AHA) because of its larger molecule size—resurfaces skin without discomfort.
Mild polyhydroxy acids (PHAs) boost the mandelic acid effects with additional brightening and hydrating benefits.
Two sizes of hyaluronic acid salt enhance the hydrated, silky touch and help smooth out dry skin patches and fine lines.","Water, Mandelic Acid, Dimethyl Isosorbide, Propanediol, Potassium Hydroxide, Phytic Acid, Gluconolactone, Sodium Hyaluronate, Polyacrylate Crosspolymer-6, Allantoin, Caprylyl Glyceryl Ether, Sclerotium Gum, Sodium Polyacryloyldimethyl, Taurate, Succinoglycan, Caprylhydroxamic Acid, Xanthan Gum.","Apply a few drops at night before oils, creams, and moisturizers. Let absorb for 30 seconds before applying other products. Use up to 4x weekly. Discontinue use if irritation occurs. Wear SPF during the daytime. For external use. Avoid contact with eyes."
pimprod2037931,Philosophy,Hope In A Jar Smooth-Glow Multi-Tasking Moisturizer SPF 30,Moisturizers,Face Moisturizer,$52.00,2.0 oz,https://media.ulta.com/i/ulta/2605578?w=100&h=100&fmt=auto,"9,052 Reviews","Features
Hydrates and smooths while protecting skin from harmful UVA/UVB rays
Formulated with enhanced hyaluronic acid that is carefully grafted with silicium derivate to easily assimilate with skin
The formula also contains a gentle dose of glycolic acid to gradually smooth skin
Research Results
100% of participants in a clinical test showed instant hydration*
Clinically proven to deliver long-lasting hydration for 24 hours*
Clinically proven to instantly increase skin’s healthy radiance*
*based on a clinical study with 35 women age 23-46 with single application","Water, Butylene Glycol, Glycerin, Glycolic Acid, Butyloctyl Salicylate, Cetearyl Alcohol, Polyacrylate-13, Ammonium Acryloyldimethyltaurate/Vp Copolymer, Boron Nitride, Sodium Hydroxide, Ceteareth-20, Mica, Glyceryl Stearate, Polyisobutene, Dimethicone, Fragrance, 1,2-Hexanediol, Caprylyl Glycol, Hydroxyacetophenone, Polysorbate 20, Sorbitan Isostearate, Phytic Acid, Methylpropanediol, Citrus Reticulata (Tangerine) Peel Extract, Glucosyl Hesperidin, Dimethylmethoxy Chromanol, Hyaluronic Acid, Silanetriol, Citric Acid, Citrus Reticulata (Tangerine) Fruit Extract, Sodium Benzoate, Potassium Sorbate, Titanium Dioxide (Ci 77891).",Apply liberally and evenly 15 minutes before sun exposure.
pimprod2052007,Beauty Finds by ULTA Beauty,Golden Hour Essentials,By Price,$50 and Under,$45.00,,https://media.ulta.com/i/ulta/2638016?w=100&h=100&fmt=auto,,"Includes
Ahava, Mineral Body Lotion (1.3 oz)
Cosrx, Vitamin E Vitalizing Sunscreen Spf 50+ (1.69 oz)
Kiehl's Since 1851, Avocado Eye Cream (0.25 oz)
Olehenriksen, Banana Bright+ Moisturizer Deluxe (0.25 oz)
Origins, Ginzing Spf 30 Moisturizer (0.5 oz)
Osea, Undaria Cleansing Body Polish (0.1 oz)
Peach & Lily, Glass Skin Veil Mist, Travel Size (1.35 oz)
Peter Thomas Roth, Water Drench Broad Spectrum Spf 45 Hyaluronic Cloud Cream (0.17 oz)
Philosophy, Dose Of Wisdom Dark Circle Brightening Eye Cream (0.1 oz)
Sunday Riley, C.E.O. 15% Vitamin C Serum (0.27 oz)
Supergoop!, Glowscreen Spf 40 - Sunrise (0.5 oz)
Tula, The Cult Classic Purifying Face Cleanser (1.67 oz)",,
pimprod2002095,La Roche-Posay,Toleriane Dermallergo Soothing Repair Moisturizer for Sensitive Skin,Moisturizers,Face Moisturizer,$32.99,1.35 oz,https://media.ulta.com/i/ulta/2539629?w=100&h=100&fmt=auto,472 Reviews,"Benefits
Daily face moisturizer for sensitive skin intensely hydrates, soothes and protects dry skin
Calming, refreshing, fast-absorbing cream texture provides instant and long-lasting comfort
Formulated without ingredients that can potentially irritate sensitive skin
Helps restore the natural skin barrier
Provides soothing and antioxidant benefits with mineral-rich La-Roche Posay Thermal Spring Water
Replenishes hydration with shea butter
Suitable for sensitive skin and dry skin
Air-tight packaging prevents contamination and ensures purity
Non-comedogenic
Dermatologist and allergy tested
Key Ingredients
La Roche-Posay Thermal Spring Water is naturally rich in minerals with scientifically demonstrated soothing and antioxidant properties
Neurosensine helps reduce signs of skin sensitivity
Shea butter helps nourish dry skin and visibly reduce signs of skin irritation
Formulated Without
Fragrance
Parabens
Alcohol
Preservatives","Aqua/Water/Eau, Isocetyl Stearate, Squalane, Butyrospermum Parkii Butter/Shea Butter, Dimethicone, Glycerin, Zea Mays Starch/Corn Starch, Pentylene Glycol, Butylene Glycol, Glyceryl Stearate, Peg-100 Stearate, Cetyl Alcohol, Salvia Miltiorrhiza Root Extract, Dimethiconol, Sodium Hydroxide, Sphingomonas Ferment Extract, Caprylyl Glycol, Citric Acid, Acetyl Dipeptide-1 Cetyl Ester, Acrylates/C10-30 Alkyl Acrylate Crosspolymer.",Apply to the face and neck morning and evening. Use daily.
pimprod2007850,SUNDAY RILEY,C.E.O. Vitamin C Rich Hydration Moisturizing Cream,Moisturizers,Face Moisturizer,$65.00,1.7 oz,https://media.ulta.com/i/ulta/2550166?w=100&h=100&fmt=auto,420 Reviews,"Benefits
Penetrates easily into the skin to restore vital skin radiance
Uniquely suitable for those with sensitive skin
Powerful at fighting the first visible signs of aging and pollution-induced damage
Helps boost youthful-looking skin texture and volume
Rich yet never greasy, providing hydration and antioxidant protection
Promotes a visibly younger, softer, and healthier-looking complexion
Safe for all skin types
Vegetarian
Cruelty-free
Key Ingredients
Vitamin C 5% THD Ascorbate is the gold standard of Vitamin C. Powerful, stable, and highly targeted to prevent and repair the visible signs of premature skin aging, while being significantly less irritating than other forms of Vitamin C
Exopolysaccharides, from French Polynesian Kopara, help protect the skin from the visible effects of pollution exposure
Lime Pearls, extracted from the caviar lime, are a natural source of AHA, for gentle skin exfoliation
Bisabolol is derived from chamomile and helps calm the look of reactive and sensitive skin
Formulated Without
Parabens, sulfates, gluten, phthalates, soy, and artificial fragrance","Water/Eau/Aqua, Squalane, Dicaprylyl Carbonate, Tetrahexyldecyl Ascorbate, C10-18 Triglycerides, PEG-8 Beeswax, Polyglyceryl-6 Distearate, Tapioca Starch, Hydrogenated Vegetable Oil, Prunus Amygdalus Dulcis (Sweet Almond) Oil, Citric Acid, PPG-12 SMDI Copolymer, Glycerin, Citrus Tangerina (Tangerine) Peel Oil, Sodium Acrylates Copolymer, Bisabolol, Jojoba Esters, Tocopherol, Caprylic/Capric Triglyceride, Limonene, Phenoxyethanol, Lecithin, Nylon-12, Rosa Centifolia Flower Wax, Rosa Damascena Flower Wax, Sodium Phytate, Cetyl Alcohol, Polyglyceryl-3 Beeswax, Butylene Glycol, Caprylyl Glycol, Alcohol Denat, Chlorphenesin, Microcitrus Australasica (Lime Pearl) Fruit Extract, Polymethylsilsesquioxane, Terminalia Ferdinandiana Fruit (Kakadu Plum) Extract, Butyrospermum Parkii (Shea) Butter Extract, Camellia Sinensis (Green Tea) Leaf Extract, Citrus Junos (Yuzu) Fruit Extract, Curcuma Longa (Turmeric) Root Extract, Euterpe Oleracea (Acai) Fruit Extract, Lippia Citriodora (Lemon Verbena) Flower Extract, Oenothera Biennis (Evening Primrose) Seed Extract, Rosa Canina (Rosehips) Fruit Extract, Alteromonas Ferment Extract, Benzyl Alcohol, Sodium Hyaluronate, Linalool, Dehydroacetic Acid.","Apply to clean skin, once or twice a day, for luminous, moisturized skin. Works well for sensitive skin."
pimprod2049101,Dermalogica,Multivitamin Power Recovery Cream,Moisturizers,Face Moisturizer,$95.00,1.7 oz,https://media.ulta.com/i/ulta/2633649?w=100&h=100&fmt=auto,146 Reviews,"Benefits
Provides immediate nourishment to hydrate and de-stress skin
Fights environmental stressors with powerful multivitamins
Boosts skin resilience to prevent premature signs of skin aging
Key Ingredients
ACE Vitamin Complex: neutralizes free radicals and fortifies skin's barrier
Freshwater Microalgae with Astaxanthin: help to firm and lift tired skin
Resilience-Building Peptide Blend: visibly minimizes the look of fine lines and wrinkles
Pro-Vitamin B5 and Niacinamide: soothe dehydration-stressed skin
Research Results
100% showed more radiant skin
94% had more hydrated skin
*Independent clinical result after 1 application based on a 4-week study of 31 subjects, 2 applications/day","Water/Aqua/Eau, Glycerin, Butylene Glycol, C12-15 Alkyl Benzoate, Panthenol, Linoleic Acid, Cetyl Palmitate, Niacinamide, Propanediol, Cetearyl Alcohol, Ethylhexyl Olivate, Cetearyl Olivate, Caprylic/Capric Triglyceride, Tocopheryl Acetate, Palmitoyl Tetrapeptide-7, Hydroxyacetophenone, Haematococcus Pluvialis Extract, Dipotassium Glycyrrhizate, Lactic Acid, Aminopropyl Ascorbyl Phosphate, Glycine Soja (Soybean) Oil, Aniba Rosodora (Rosewood) Wood Oil, Eugenia Caryophyllus (Clove) Leaf Oil, Anthemis Nobilis Flower Oil, Citrus Limon (Lemon) Peel Extract, Pelargonium Graveolens Flower Oil, Citrus Limon (Lemon) Peel Oil, Simmondsia Chinensis (Jojoba) Seed Oil, Cupressus Sempervirens Leaf/Nut/Stem Oil, Cymbopogon Martini Oil, Cymbopogon Schoenanthus Oil, Rosmarinus Officinalis (Rosemary) Leaf Extract, Eucalyptus Globulus Leaf Oil, Rosa Damascena Flower Oil, Daucus Carota Sativa (Carrot) Root Extract, Helianthus Annuus (Sunflower) Seed Oil, Hydrolyzed Jojoba Esters, Spirodela Polyrhiza Extract, Tocopherol, Polyglyceryl-10 Laurate, Squalane, Polyglycerin-10, Linolenic Acid, Chrysin, Beta-Carotene, Retinol, Pentylene Glycol, Ceramide NP, C15-19 Alkane, Ethylhexylglycerin, Sorbitan Olivate, Potassium Cetyl Phosphate, Tetrasodium Glutamate Diacetate, Sorbitan Oleate, Pantolactone, Polysorbate 20, Laureth-23, Trideceth-6 Phosphate, Citric Acid, Sodium Hydroxide, Acrylamide/Sodium Acryloyldimethyltaurate Copolymer, Polyacrylate Crosspolymer-6, Linalool, Eugenol, Limonene, Geraniol, Citronellol, Citral, Benzyl Benzoate, Benzyl Alcohol.","After cleansing and toning, apply over face and neck with light, upward strokes. Use twice daily, morning and night."
pimprod2049599,ANUA,Travel Size Heartleaf Quercetinol Pore Deep Cleansing Foam,Cleansers,Face Wash,$7.99,1.35 oz,https://media.ulta.com/i/ulta/2635548?w=100&h=100&fmt=auto,3 Reviews,"Benefits
Water-based foaming cream
Cleanses deep within pores
For normal skin
Fragrance-free
Free Of: Denatured Alcohols / Parabens / Artificial Color / Silicones / Sulfates / Mineral Oil / Methylchloroisothiazolinone / Methylisothiazolinone / Animal Oils / Coal Tar Dyes
Key Ingredients
Quercetinol: Extracted from Heartleaf, known for it's soothing properties leaving the skin feeling calm and refreshed
ANTI-SEBUM P: Helps reduce sebum and minimize the appearance of pores, with 4 plant-derived extracts
0.5% BHA: Chemical exfoliants that are a much gentler alternative to physical exfoliants like scrubs
Research Results
Skin irritation test completed
Non-comedogenic test completed
AFTER 4 WEEKS:
26.709% improvement in oil content
17.173% improvement in skin sebum levels","Houttuynia Cordata Flower/Leaf/Stem Water, Glycerin, Sodium Cocoyl Glycinate, Water, Sodium Lauroyl Glutamate, Disodium Cocoamphodiacetate, Coco-Glucoside, Decyl Glucoside, Hectorite, Sodium Chloride, 1,2-Hexanediol, Betaine Salicylate, Potassium Benzoate, Houttuynia Cordata Powder, Polyquaternium-67, Acrylates/C10-30 Alkyl Acrylate Crosspolymer, Butylene Glycol, Gardenia Florida Fruit Extract, Dextrin, Disodium EDTA, Eucalyptus Globulus Leaf Oil, Ethylhexylglycerin, Sodium Acetate, Isopropyl Alcohol, Pinus Palustris Leaf Extract, Ulmus Davidiana Root Extract, Oenothera Biennis (Evening Primrose) Flower Extract, Pueraria Lobata Root Extract, Pentylene Glycol, Capryloyl Salicylic Acid, Tocopherol, Hydrolyzed Hyaluronic Acid, Hyaluronic Acid, Hydrolyzed Sodium Hyaluronate, Sodium Hyaluronate, Potassium Hyaluronate, Hydroxypropyltrimonium Hyaluronate, Sodium Hyaluronate Crosspolymer, Sodium Acetylated Hyaluronate, Quercetin.","Apply an adequate amount of cleanser.
Create enough foam.
Gently massage your entire face.
Can be used every day, AM & PM."
pimprod2003423,Estée Lauder,DayWear Moisturizer Anti-Oxidant 72H-Hydration Sorbet Cream SPF 15,Moisturizers,Face Moisturizer,$52.00,1.7 oz,https://media.ulta.com/i/ulta/2541047?w=100&h=100&fmt=auto,90 Reviews,"Benefits
Hydra-light. Hydra-fresh. 72-hour hydration. Powerful protection.
This refreshing DayWear moisturizer formula is a whipped, ultra lightweight sorbet cream that drenches skin on contact. And keeps the glow going with 72-hour hydrators, antioxidants and SPF to help defend and protect your skin.
Oil-free moisturizing formula absorbs quickly with a barely-there feel.
Breakthrough Technology: Water-light moisturizer meets broad-spectrum SPF and antioxidant environmental protection.
72-Hour Hydration: Delivers intense long-lasting moisture benefits.
Powerful Protection: A proprietary complex of 5 antioxidants plus broad-spectrum sunscreen helps defend against daily environmental damage including pollution.
Skin feels refreshed, smoother, with a healthy-looking glow.
Lightweight texture; lasting hydration; powerful protection.
Dermatologist-tested.
Non-acnegenic; won't clog pores.","Active: Avobenzone 2.0%, Homosalate 4.0%, Octisalate 4.5%, Octocrylene 2.0%. Inactive: Water\Aqua\Eau, Glycerin, Alcohol Denat., Pentylene Glycol, Caprylyl Methicone, Biosaccharide Gum - 1, Ammonium Acryloyldimethyltaurate/Vp Copolymer, Cucumis Sativus (Cucumber) Fruit Extract, Sodium Hyaluronate, Thermus Thermophillus Ferment, Ethylbisiminomethylguaiacol Manganese Chloride, Ergothioneine, Tocopheryl Acetate, Tetrahexyldecyl Ascorbate, Cyclodextrin, Psidium Guajava (Guava) Fruit Extract, Fumaria Officinalis Flower/Leaf/Stem Extract, Caffeine, Narcissus Tazetta Bulb Extract, Polygonum Cuspidatum Root Extract, Algae Extract, Citrus Limon (Lemon) Fruit Extract, Helianthus Annuus (Sunflower) Seedcake, Vitis Vinifera (Grape) Seed Extract, Triticum Vulgare (Wheat) Germ Extract, Hordeum Vulgare (Barley) Extract\Extrait D'Orge, Gentiana Lutea (Gentian) Root Extract, Linoleic Acid, Cholesterol, Glycyrrhetinic Acid, Saccharomyces Lysate Extract, Palmitoyl Hydroxypropyltrimonium Amylopectin/Glycerin Crosspolymer, Artemia Extract, Propylene Glycol Dicaprate, Fumaric Acid, Ethylhexylglycerin, Propanediol, Squalane, Acrylates/C10-30 Alkyl Acrylate Crosspolymer, Butylene Glycol, Citric Acid, Sodium Hydroxide, Fragrance (Parfum), Disodium EDTA, Bht, Phenoxyethanol, Blue 1 (CI 42090).
Please be aware that ingredient lists may change or vary from time to time. Please refer to the ingredient list on the product package you receive for the most up to date list of ingredients.","For optimal hydration, apply DayWear Moisturizer AM and PM following your serum, as part of your daily skin care regimen."
pimprod2002687,Tarte,Double Duty Beauty Base Tape Hydrating Primer,Face,Face Primer,$34.00,1.0 oz,https://media.ulta.com/i/ulta/2538321?w=100&h=100&fmt=auto,"1,386 Reviews","Benefits
Keeps skin hydrated for 12 hours
Improves foundation application & extends wear
Helps prevent makeup from caking in lines or pores
Gives skin a smoother, plumper appearance
Lightweight serum texture with coconut scent
Research Results
CLINICAL RESULTS:*
12-hour hydration
Extends the wear of foundation
Dermatologist tested
IN A CONSUMER PANEL STUDY:*
Immediately before foundation application:
100% said skin appeared hydrated & felt soft
97% said skin felt nourished & had a healthy glow
97% said skin felt instantly hydrated & smoother
Immediately after foundation:
100% said it helped foundation apply more evenly
97% said it helped skin look smoother under foundation
97% saw an improvement in the appearance of fine lines
After 1 week of use:
100% said product felt nourishing
100% said skin felt & appeared hydrated throughout the day
97% said skin felt softer & looked fresher
97% said skin appeared smoother
*Based on a study of 35 subjects
Key Ingredients
Coconut: nourishes to leave skin smooth & soft
Jojoba: soothes & helps leave skin soft & supple
Grapeseed: helps hydrate without the weight","Water/Aqua/Eau, limnanthes alba (meadowfoam) seed oil, ethylhexyl stearate, hydrogenated poly(C6-14 olefin), methyl gluceth-20, propanediol, polyglyceryl-6 stearate, cyclopentasiloxane, diisostearyl malate, glyceryl stearate, pentylene glycol, helianthus annuus (sunflower) seed oil, olea europaea (olive) fruit oil, simmondsia chinensis (jojoba) seed oil, vitis vinifera (grape) seed oil, cocos nucifera (coconut) oil, centella asiatica extract, houttuynia cordata extract, salvia hispanica seed extract, vegetable oil/olus/huile végétale, 1,2-hexanediol, betaine, sodium stearoyl glutamate, polyglyceryl-6 behenate, xanthan gum, ethylhexylglycerin, acrylates/C10-30 alkyl acrylate crosspolymer, tromethamine, polyacrylate crosspolymer-6, fragrance/parfum, benzyl benzoate, disodium EDTA, butylene glycol, sucrose, t-butyl alcohol, fructooligosaccharides, saccharide hydrolysate, pullulan, phenoxyethanol, tocopherol.",Dispense 1-2 pumps to clean fingertips and gently smooth over face before applying makeup.
pimprod2042623,IT Cosmetics,Confidence in a Gel Cream Oil-Free Moisturizer,Moisturizers,Face Moisturizer,$59.00,2.0 oz,https://media.ulta.com/i/ulta/2617433?w=100&h=100&fmt=auto,"1,958 Reviews","Benefits
Oil-free moisturizer balances skin, boosts hydration and absorbs excess oil
Non-comedogenic
Vegan: No animal-derived ingredients
Key Ingredients
Anti-Aging Armour Rejuvenating Concentrate:
Peptides: Help hydrate, improve elasticity, skin firmness and smooth the look of fine lines Oil Control System:
Airlicium: A breakthrough technology, this unique, lightweight aerogel provides a blurring effect and helps to absorb excess sebum
PHA: helps improve skin texture
Research Results
26% reduction in excess oil*
95% said skin felt hydrated & moisturized***
**Based on expert grading in a clinical study after 4 weeks of use.
***Based on 4-week results in a consumer test.","Aqua / Water / Eau, Glycerin, Butylene Glycol, Niacinamide, Dimethicone, Alcohol Denat., Betaine, Coco-Caprylate/Caprate, Squalane, Ammonium Acryloyldimethyltaurate/Vp Copolymer, Hydroxyethylpiperazine Ethane Sulfonic Acid, Aloe Barbadensis Leaf Juice Powder, Sarcosine, Adenosine, Gluconolactone, Menthoxypropanediol, Methyldihydrojasmonate, Palmitoyl Tetrapeptide-7, Palmitoyl Tripeptide-1,Sodium Hydroxide, Tetrasodium Glutamate Diacetate, Zinc Pca, Hydrogenated Lecithin, Silica Silylate, Acrylates/C10-30 Alkyl Acrylate Crosspolymer, Aluminum Starch Octenylsuccinate, Carbomer, Cetearyl Alcohol, Cetearyl Glucoside, Polysorbate 20, Sodium Lactate, Stearyl Dimethicone , Limonene, Linalool, CI 42090 / Blue 1, Chlorphenesin, Phenoxyethanol , Parfum / Fragrance.","Apply Confidence in a Gel Cream Oil-Free Moisturizer to clean skin in the morning and night.
Start with a generous quarter-size amount and evenly disperse to cheeks, chin, forehead and nose.
Using upward sweeping motions, smooth gently onto face to reveal fresh, hydrated skin.
For your most confident skin, be sure to follow with Confidence in an Eye Cream morning and night."
pimprod2046008,Naked Sundays,CabanaGlow Mineral Glow Drops SPF 50 Sunscreen,Suncare,Sunscreen,$35.00,Sheer,https://media.ulta.com/i/ulta/2629769?w=100&h=100&fmt=auto,685 Reviews,"Features
Unique mineral non-nano zinc sunscreen SPF 50 helps to brighten & revitalize dull skin while adding a subtle tint and illumination
Blurs and perfects uneven skin tone.
Mineral sunscreen to hydrate, brighten, and even out with a lightweight, antioxidant-rich formula that blends skincare, makeup, and sun protection in one
Key Ingredients
Pink Algae - per dose of antioxidants for your skin, can help improve redness, fine lines, increases firmness and elasticity
Hyaluronic Acid - For maximum hydration & glow!
Rosella Extract - Helps revive tired & dehydrated skin while promoting elasticity
Mineral SPF50 - Broad Spectrum UVA + UVB Protection","Active: Titanium Dioxide 3.3%, Zinc Oxide 14.9%.
Inactive: Aluminum Hydroxide, Aqua, Butyloctyl Salicylate, C12-15 Alkyl Benzoate, Coco-Caprylate/Caprate, Dimethicone, Ethylhexyl Methoxycrylene, Ethylhexylglycerin, Hydroxyacetophenone, Simmondsia Chinensis (Jojoba) Seed, Dunaliella Salina (Pink Algae) Extract, Iron Oxides, Isododecane, Isostearic Acid, Lauryl PEG-8 Dimethicone, Magnesium Sulfate, Mica, Phenoxyethanol, Polyglyceryl-2 Tetraisostearate, Polyglyceryl-3 Polyricinoleate, Propanediol, Sodium Hyaluronate, Stearic Acid, Hibiscus sabdariffa Flower (Rosella) Extract.","SPF should be your last step in the morning before your makeup. Apply 1/4 teaspoon for Face, 1/2 tsp for face & neck. Reapply your SPF every 90 minutes when outdoors. Wear protective clothing and avoid direct sunlight.
All CabanaGlows are created with identical SPF Mineral Filters and therefore designed to be mixed and matched to find your ideal shade.
Sun Protection Measures: Spending time in the sun increases your risk of skin cancer and early skin aging. To decrease this risk, regularly use a sunscreen with a Broad Spectrum SPF value of 15 or higher and other sun protection measures including: Limit lime in the sun, especially from 10 am-2 pm Wear long sleeved shirts, pants, hats, and sunglasses. For Children under 6 months of age ask a doctor.
Precautions: For external use only. Do not use on damaged or broken skin Avoid prolonged sun exposure. If it gets in your eyes, wash well with water. Keep out of reach of children. Stop use and ask a doctor if rashes occur. If product is swallowed, get medical help or contact a Poison Control Center right away."
pimprod2036595,e.l.f. Cosmetics,Holy Hydration! Triple Bounce Serum,Treatment & Serums,Face Serums,$12.00,1.0 oz,https://media.ulta.com/i/ulta/2605492?w=100&h=100&fmt=auto,"5,784 Reviews","Benefits
Gel serum gives you a hydrated, plump, smooth, and bouncy complexion
Supercharged with 1.7% hyaluronic acid in three different molecular weights to deliver a surge of hydration to skin
Bouncy gel texture easily blends into skin
Ideal for quenching dry skin, your complexion will feel more hydrated
Can be used morning and evening on freshly washed skin
Great for Oily, Combination, Normal and Dry Skin Types
100% vegan, cruelty-free, and Leaping Bunny Certified
Key Ingredients
Hyaluronic Acid: Helps moisturize skin for a plump complexion
Squalane: Helps hydrate skin
Niacinamide: Helps minimize the appearance of pores and evens out skin tone
Vitamin B5
Formulated Without
Sulfates, Phthalates, Parabens, Nonylphenol Ethoxylates, Triclosan, Triclocarban, Hydroquinone
This product is made in a Fair-Trade Certified factory","Water (Aqua), Glycerin, Butylene Glycol, Hydrolyzed Sodium Hyaluronate, Sodium Hyaluronate, Niacinamide, Squalane, Panthenol, 1,2-Hexanediol, Hydroxyacetophenone, Coceth-7, PPG-1-PEG-9 Lauryl Glycol Ether, PEG-40 Hydrogenated Castor Oil, Citric Acid.","Apply a small amount and massage gently over the face and neck until it absorption, morning and evening. Use with the e.l.f. SKIN Holy Hydration! Face Cream moisturizer for all day hydration."
pimprod2014479,StriVectin,Crepe Control Tightening Body Cream,Treatment & Serums,Body Treatments,$59.00,6.7 oz,https://media.ulta.com/i/ulta/2561150?w=100&h=100&fmt=auto,341 Reviews,"Benefits
Visibly improves the look of skin texture and crepiness
Visibly tightens, firms and restores elasticity
Brightens, boosts skin luminosity and even skin tone
Deeply moisturizes and nourishes skin
Key Ingredients
Tripeptides improve elasticity, visibly smooth and transform crepey skin
Caffeine and Jojoba Seed Extract help visibly firm and tighten
Turmeric Powder brightens and evens skin tone
Murumuru Seed Butter & fruit-derived seed oils deeply moisturize, hydrate and soften rough, dry skin
Research Results
4 Week Clinical Results:
94% showed an improvement in appearance of crepey skin
Clinical results showed a statistically significant measured improvement in skin hydration, firmness and elasticity*
*Based on expert clinical grader evaluation after 4 weeks of using the Crepe Control Exfoliating Scrub and Tightening Body Cream
**Based on instrumentation testing after 4 weeks of using the Crepe Control Exfoliating Scrub and Tightening Body Cream
8 Week Clinical Results:
100% of the panelists showed an improvement in the appearance of radiance*
*Based on results from an expert clinical grader evaluation at week 8 after using Crepe Control Exfoliating Scrub and Tightening Body Cream","Aqua (Water, Eau), Caprylic/Capric Triglyceride, Butyrospermum Parkii (Shea) Butter, Ethylhexyl Stearoyl Polyhydroxystearate, Glycerin, Cetearyl Alcohol, Trimethylolpropane Tricaprylate/ Tricaprate, Stearyl Alcohol, Propanediol, Coconut Alkanes, Glyceryl Stearate, Dimethicone, Myristyl Nicotinate, Caffeine, Bis-Stearyl Dimethicone, Palmitoyl Tripeptide-38, Simmondsia Chinensis (Jojoba) Seed Extract, Tetrahydrodiferuloylmethane, Astrocaryum Murumuru Seed Butter, Theobroma Grandiflorum Seed Butter, Pyrus Malus (Apple ) Seed Oil, Caesalpinia Spinosa Fruit Extract, Vaccinium Macrocarpon (Cranberry) Seed Oil, Kappaphycus Alvarezii Extract, Prunus Avium (Sweet Cherry) Seed Oil, Rosmarinus Officinalis (Rosemary) Leaf Extract, Actinidia Chinensis (Kiwi) Seed Oil, Oryza Sativa (Rice) Bran Extract, Rubus Fruticosus (Blackberry) Seed Oil, Helianthus Annuus (Sunflower) Extract, Hippophae Rhamnoides Fruit Oil, Aloe Barbadensis Leaf Juice Powder, Punica Granatum Seed Oil, Bacillus/Sea Salt Ferment Filtrate, Sodium Hyaluronate, Sodium PCA, Lactic Acid, PEG-40 Stearate, Parfum (Fragrance), Adenosine, 1,2-Hexanediol, Sodium Acrylate/ Sodium Acryloyldimethyl Taurate Copolymer, Coco-Caprylate/Caprate, Proline, Polysilicone-11, Caprylyl/Capryl Glucoside, Polyisobutene, Hydroxyproline, Ceteareth-20, Hydroxypropyl Cyclodextrin, Panthenol, Caprylyl Glycol, Aminomethyl Propanol, Tocopherol, Sorbitan Oleate, Xanthan Gum, Caprylhydroxamic Acid, Phenoxyethanol, Ethylhexylglycerin, Citric Acid, Limonene, Citral, Linalool.","Massage a generous amount onto clean, dry skin twice daily, concentrating on areas of concern. For optimal benefits, apply after exfoliation with Crepe Control Exfoliating Body Scrub, 2-3 times per week."
pimprod2045744,PanOxyl,Acne Banishing Body Spray,Treatment & Serums,Acne & Blemish Treatments,$16.99,6.0 oz,https://media.ulta.com/i/ulta/2625764?w=100&h=100&fmt=auto,21 Reviews,"Features
Acne treatment spray that unclogs pores and clears blemishes
Formulated with 2% Salicylic Acid
Contains skin-brightening Niacinamide and Vitamin C
With skin-soothing Witch Hazel and Aloe
360-degree nozzle: Easy to spray even in hard-to-reach areas
Key Ingredients
2% Salicylic Acid
Formulated Without
Fragrances
Parabens","Alcohol Denat, Aloe Barbadensis Leaf Extract, Aqua, Benzoic Acid, Benzyl Alcohol, Dipropylene Glycol, Gluconolactone, Glycerin, Hamamelis Virginiana (Witch Hazel) Water, Leuconostoc/Radish Root Ferment Filtrate, Niacinamide, Propylene Glycol, Salicylic Acid, Sodium Ascorbyl Phosphate, Sorbic Acid.","Clean skin thoroughly before applying. Cover the entire affected area with a thin layer one to three times daily. Because excessive drying of the skin may occur, start with one application daily, then gradually increase to two or three times daily if needed or as directed by a doctor. If bothersome dryness or peeling occurs, reduce application to once a day or every other day."
pimprod2049758,RoC,Derm Correxion Lip Volumizer,Lips,Lip Plumpers,$29.99,0.34 oz,https://media.ulta.com/i/ulta/2633391?w=100&h=100&fmt=auto,499 Reviews,"Benefits
48 Hour hydration
In 3 minutes, 90% saw fuller, plumper lips
In 1 week, 87% would use instead of lip injections
In 4 weeks, 2X visible volume improvement* (* Based on a clinical study at 1 & 4 weeks)
Features
Dermatologist tested
Non-comedogenic
Hypoallergenic
Non-sticky
Fragrance Free
Paraben free
Key Ingredients
10% Hyaluronic Acid Filling Spheres - increases volume & hydration
15% Powerful Blend With a Pro-Collagen Peptide - boosts elasticity & smooths","HydrogenatedPolyisobutene, Ethylhexyl Palmitate,Ethylene/Propylene/Styrene Copolymer,Synthetic Beeswax, Synthetic Wax,Squalane, Isosorbide Dicaprylate, Shea Butter Ethyl Esters, Isopropyl Palmitate, Ethyl Linoleate, Simmondsia Chinensis, (Jojoba) Seed Oil, Sodium Hyaluronate, Palmitoyl Tripeptide-1, Capsicum, Frutescens Fruit Extract, Punica, Granatum Flower Extract, Swertia Chirata Extract, Undaria Pinnatifida Extract, Ethyl Oleate, Zingiber Officinale (Ginger) Root Oil, Canola Oil (Canola/Huile de colza), Ethyl Linolenate, Polyglyceryl-3 Diisostearate, Lecithin, Tocopheryl Acetate, Trihydroxystearin, Caprylic/Capric Triglyceride, Butylene/Ethylene/ Styrene Copolymer, Ethyl Palmitate, Water (Aqua/Eau), Ethyl Stearate, Glyceryl Behenate, Euphorbia Cerifera (Candelilla) Wax (Euphorbia Cerifera Cera/Cire de candelilla), Sorbitan Oleate, Glucomannan, Methyl Nicotinate, Pentaerythrityl Tetra-di-t-butyl Hydroxyhydrocinnamate, Caprylyl Glycol, 1,2-Hexanediol.","Smooth desired amount directly onto lips, staying within the natural lip border. Apply as needed throughout the day onto bare lips or over lip color. You may experience a slight tingling sensation upon application.
Precautions: Avoid contact with eyes. If contact occurs, rinse thoroughly with water. Protect from excessive heat. Keep out of reach of children."
pimprod2052406,e.l.f. Cosmetics,Bright Icon Vitamin C + E + Ferulic Serum,Treatment & Serums,Face Serums,$16.00,1.0 oz,https://media.ulta.com/i/ulta/2640211?w=100&h=100&fmt=auto,202 Reviews,"Benefits
Brightening serum brings together a triple threat of 15% vitamin C, 1% vitamin E & 0.5% ferulic acid for radiant, even-looking skin
Helps visibly brighten, even out skin tone, soothe, reduce the look of dark spots and fine lines & gives skin a gorgeous glow
Fast-absorbing, non-greasy feel
Non-comedogenic
Great for dry, oily & combination skin
e.l.f. is double-certified cruelty-free by Leaping Bunny & PETA
e.l.f. is proud to partner with Fair Trade USA & manufacture products in Fair Trade Certified facilities; look for the Fair Trade Certified seal on your e.l.f. product
Key Ingredients
15% Vitamin C
1% Vitamin E
0.5% Ferulic acid
Bisabolol
Formulated Without
Sulfates
Phthalates
Parabens
Nonylphenol Ethoxylates
Triclosan
Triclocarban","Water (Aqua), Dipropylene Glycol, 3-O-Ethyl Ascorbic Acid, Glycerin, Ascorbic Acid, Laureth-23, Ethoxydiglycol, Tocopherol, Panthenol, Ferulic Acid, Phenoxyethanol, Sodium Hydroxide, Bisabolol, Ethylhexylglycerin, Caprylyl Glycol, Xanthan Gum, Hippophae Rhamnoides Oil.
Ingredients may change or vary from time to time. Please refer to the packaging of the product you receive for the list of ingredients in your particular product.","After you wash your face and before you apply your moisturizer each morning, apply vitamin C Serum to a clean face and neck as part of your skincare routine (don't forget to always wear SPF, too).
After using, store in a cool, dark place.
If you are new to vitamin C, patch test and build up tolerance."
pimprod2004077,Urban Skin Rx,Even Tone Cleansing Bar 3-in-1 Treatment,Cleansers,Cleansing Exfoliators,$15.99,2.0 oz,https://media.ulta.com/i/ulta/2542181?w=100&h=100&fmt=auto,"2,292 Reviews","Benefits
Promotes a brighter, healthier, more even-looking complexion
Offers a blend of Kojic acid and Niacinamide to promote even skin pigmentation
Key Ingredients
Kojic Acid
Azelaic Acid
Niacinamide
Licorice Root","Cocos Nucifera (Coconut) Oil, Hydrogenated Palm Kernel Oil, Carthamus Tinctorius (Safflower) Seed Oil, Glycerin, Sodium Hydroxide, d-Glucitol, Propylene Glycol, Sorbitan Oleate, Witch Hazel, Kojic Acid, Azelaic Acid, Glycyrrhiza Glabra (Licorice) Extract, Black Tea, Hydrolyzed Soy Protein, Camphor, Niacinamide, Calcium Ascorbate, Glucosamine HCL, Sodium Lactate, Tannis, Urea, Alpha Arbutin, Glutathione, Retinyl Palmitate.","Moisten enclosed sponge with warm water and rub across cleansing bar to create a creamy lather. Gently massage onto face using small circular motions, allowing the lather to remain on the face for one to two minutes. Rinse thoroughly with warm water and gently pat skin dry. Rinse sponge and wring out excess water. Do not put back inside the jar. Allow the sponge to fully dry on top of the lid of the jar. Can be used to cleanse the skin both morning and night. Can also be used as a mask and left on for three to five minutes before being rinsed off."
pimprod2043935,Clarins,One-Step Gentle Exfoliating Cleanser,Cleansers,Face Wash,$39.00,3.9 oz,https://media.ulta.com/i/ulta/2620948?w=100&h=100&fmt=auto,"2,433 Reviews","Benefits
Gently polishes away makeup, impurities + pollution
Leaves skin soft, smooth, hydrated + refined
Helps clear clogged pores + revive radiance
Key Ingredients
Gentle Complex [Organic Golden Gentian* + Organic Lemon Balm Extracts*]: soothes + softens
Organic Kiwi Extract*: energizes to boost skin's radiance
Organic Soapwort Extracts*: gentle foam removes all traces of dirt + grime for a clean, balanced, clear complexion
Moringa Seed Extract: purifies + refines while preserving skin's natural moisture balance
Plant-Based Microbeads: gently exfoliate and clear impurities for a fresh, clean complexion
*Organic ingredients are produced in accordance with European regulation (CE 2018/848).
Research Results
99% skin is clean and clear*
98% skin is soft*
98% exfoliating grains are soft*
*Consumer test - 103 women - after one use – tested for 14 days","Aqua/Water/Eau, Sodium Lauroyl Sarcosinate, Glycerin, Cocamidopropyl Betaine, Propanediol, Acrylates Copolymer, Cellulose, Coco-Glucoside, Citric Acid, Phenoxyisopropanol, Microcrystalline Cellulose, Sodium Chloride, Sodium Laurate, Xanthan Gum, Parfum/Fragrance, Jojoba Esters, Caprylyl Glycol, Disodium Edta, Actinidia Chinensis (Kiwi) Fruit Extract, Sodium Benzoate, Melissa Officinalis Leaf Extract, Saponaria Officinalis Leaf Extract, Gentiana Lutea Extract, Ci 77492/Iron Oxides, Potassium Sorbate, Talc, Ci 73360/Red 30, Maltodextrin, Moringa Oleifera Seed Extract, [V3916A].","Apply a dime-size amount over damp face and neck and work into a lather. Avoid eye area.
Gently massage over skin using circular motions, moving from the center of your face, outward.
Rinse with warm water and follow with the Clarins Toning Lotion for your skin type."
pimprod2049555,StriVectin,Peptide Plump Collagen Cushion Cream,Moisturizers,Face Moisturizer,$79.00,1.7 oz,https://media.ulta.com/i/ulta/2634607?w=100&h=100&fmt=auto,94 Reviews,"Benefits
Visibly plumps skin with continuous hydration and renews skin’s bounce.
Visibly smooths skin so wrinkles appear filled in and reduced.
Targets volume loss and fine lines and wrinkles.
Helps skin feel supple & healthy-looking.
Key Ingredients
Alpha-3 Peptide™: targets skin’s natural Collagen, Elastin, and Hyaluronic Acid to visibly restore skin’s bounce and spring.
Argireline Peptide: improves the appearance of lines, wrinkles, and lost volume.
Proteoglycans: restore moisture, enhance radiance, and target collagen density to plump and smooth skin.
Research Results
Based on expert grading evaluation of 35 subjects:
Skin appears more plump and smooth after 1 week of use as directed.
Subjects saw improvement in the look of fine lines & wrinkles, laugh lines, “11” lines, and expression lines and wrinkles on the forehead after 4 weeks of use as directed.","Water/Aqua/Eau, Propanediol, Isodecyl Neopentanoate, Glycerin, Sorbitan Laurate, Isocetyl Stearoyl Stearate, Bis-Stearyl Dimethicone, Betaine, Dimethicone, Sucrose, Myristyl Nicotinate, Soluble Proteoglycan, Acetyl Hexapeptide-8, Pentapeptide-84 Amide Acetate, Hydrolyzed Rhodophyceae Extract, Lens Esculenta (Lentil) Fruit Extract, Hydrolyzed Hyaluronic Acid, Lycium Barbarum Fruit Extract, Pyrus Malus (Apple) Fruit Extract, Citrullus Lanatus (Watermelon) Fruit Extract, Crambe Abyssinica Seed Oil, Beta-Glucan, Bacillus/Sea Salt Ferment Filtrate, Squalane, Adenosine, Lactic Acid, Potassium Cetyl Phosphate, 1,2-Hexanediol, Sodium Polyacrylate, Cetyl Hydroxyethylcellulose, Hydrogenated Polydecene, Butylene Glycol, Potassium Lactate, Caprylhydroxamic Acid, Pentylene Glycol, Trideceth-6, Caprylyl Glycol, Sodium Lactate, Potassium Sorbate, Sodium PCA, Sodium Benzoate, Limonene, CI 17200 (Red 33), Fragrance/Parfum [ILN 240624].","Apply to clean face, avoiding eye area, in the morning and evening. Pro Tip: Use in conjunction with Peptide Plump™ Line Filling Bounce Serum for all the extra volume!"
pimprod2016571,Bondi Sands,Everyday Gradual Tanning Milk Body Moisturizer,Suncare,Self-Tanning & Bronzing,$24.00,12.68 oz,https://media.ulta.com/i/ulta/2569568?w=100&h=100&fmt=auto,"1,228 Reviews","Benefits
24 hour hydrating and tanning body moisturizer
Effortlessly achieve a golden tan that develops within 1-3 applications
Gradual, natural-looking bronzed tan
Enriched with aloe vera and Vitamin E for healthy, glowing skin
Perfect for everyday use
Cocoa butter scent
Sulfate and silicone free
Key Ingredients
Enriched with aloe vera and vitamin E for healthy, glowing skin
Cocoa butter scent","Aqua (Water), Coco-Caprylate/Caprate, Dihydroxyacetone, Glyceryl Stearate, Polyacrylamide, Phenoxyethanol, Parfum (Fragrance), C13-14 Isoparaffin, Benzyl Alcohol, Dimethyl Isosorbide, Erythrulose, Laureth-7, Citric Acid, Potassium Cetyl Phosphate, Aloe Barbadensis Leaf Juice Powder, Butyrospermum Parkii (Shea) Butter, Tocopheryl Acetate, Isobutyl Acetate, Anisyl Alcohol.","Step 1: For an even streak free tan, ensure your skin is clean, exfoliated and free of any moisturizers.
Step 2: Apply Bondi Sands Everyday Gradual Tanning Milk evenly onto the skin in a circular motion. Wait until touch dry before dressing.
Step 3: Use daily to ensure a golden tan throughout the year. Wash hands after use.
Precautions: This product does not contain a sunscreen and does not protect against sunburn. Repeated exposure of unprotected skin while tanning may increase the risk of skin aging, skin cancer and other harmful effects to the skin even if you do not burn. Keep out of reach of children. If swallowed, get medical attention or contact the poison control center right away. For external use only. Avoid eye contact. Store below 86 degrees F."
pimprod2024576,Good Molecules,Ultra-Hydrating Facial Oil,Moisturizers,Face Oils,$10.00,0.4 oz,https://media.ulta.com/i/ulta/2583062?w=100&h=100&fmt=auto,182 Reviews,,"Camellia Oleifera Seed Oil, Hippophae Rhamnoides Oil.","Warm a few drops between palms and gently press into skin. Use as the last step in your routine or under moisturizer. Suitable for daily use.
Note: High-quality sea buckthorn oil is rich in natural pigment, which may cause a temporary yellow tint on skin. For this reason, we recommend using this product at night only."
pimprod2038031,Supergoop!,Unseen Sunscreen Body SPF 40 Invisible Sun Protection,Suncare,Sunscreen,$44.00,3.4 oz,https://media.ulta.com/i/ulta/2606364?w=100&h=100&fmt=auto,410 Reviews,"Benefits
The body version of our bestselling Unseen Sunscreen!
Silky, nourishing, more glide-able gel formula
Moisturizing & fast-absorbing
Optimized for your body's unique skincare needs to help retain moisture on skin prone to dryness
Key Ingredients
Olive Leaf & Fruit Extracts: Help retain moisture, soothe skin & reinforce your skin's natural barrier
A Plant-Derived Emollient: Delivers moisture to your skin without any greasy after-feel
Fluid Elastomers: Wrap the skin in an ultrasoft, weightless layer of protection
Formulated Without
At Supergoop!, they thoughtfully choose ingredients based on global regulations and the latest scientific research. Their ""No List"" includes 1600+ ingredients that they never add in their products, including oxybenzone, octinoxate, parabens, phthalates, sulfates and synthetic fragrances.","Active: Avobenzone 3%, Homosalate 9%, Octisalate 5%, Octocrylene 10%.
Inactive: Isododecane, Dimethicone, Caprylyl Methicone, Dimethicone/Bis-Isobutyl PPG-20 Crosspolymer, Caprylic/CapricTriglyceride, Phenyl Trimethicone, Olea Europea Olive Oil, Olea Europea (Olive) Fruit Extract, Olea Europaea (Olive) Leaf Extract, Silica Dimethyl Silyate.","Apply as part of your body care routine. If this is the only SPF in your skincare routine, apply generously & evenly 15 minutes before sun exposure. Reapply at least every 2 hours or after 40 minutes of swimming or sweating.
Precautions: For external use only. Do not use on damaged or broken skin. Stop use and ask a doctor if rash occurs. When using this product keep out of eyes. Rinse with water to remove. Keep out of reach of children. If swallowed, get medical help or contact a Poison Control Center right away."
pimprod2008642,PEACH & LILY,Overnight Star Night Cream,K-Beauty,,$45.00,2.70 oz,https://media.ulta.com/i/ulta/2550582?w=100&h=100&fmt=auto,980 Reviews,"Benefits
Antioxidant-rich formula leaves skin visually brighter and more radiant
Improves the appearance of fine lines and dehydrated skin
Lightweight non-greasy formula melts into skin
Works rapidly overnight, so you wake up with noticeable results
100% Worry Free: Peach & Lily formulas are non-toxic, alcohol-free, fragrance-free, & gluten-free
Key Ingredients
Acai Berry Extract: helps revive the look of dry, dull skin
Ginseng: helps fight premature aging
Jojoba Seed Oil: contains antimicrobial properties and provides deep hydration
Peptide Complex: helps reduce the appearance of lines and sagging skin","Water (Aqua), Propanediol, Caprylic/Capric Triglyceride, Squalane, Glycerin, Cetearyl Alcohol, Jojoba Esters, Simmondsia Chinensis (Jojoba) Seed Oil, Triethylhexanoin, Niacinamide, Macadamia Ternifolia Seed Oil, 1,2-Hexanediol, Panax Ginseng Root Extract, Euterpe Oleracea Fruit Extract, Curcuma Longa (Turmeric) Root Extract, Hydrolyzed Hyaluronic Acid, Centella Asiatica Extract, Coccinia Indica Fruit Extract, Corallina Officinalis Extract, Eclipta Prostrata Extract, Leuconostoc/Radish Root Ferment Filtrate, Collagen, Melia Azadirachta Flower Extract, Melia Azadirachta Leaf Extract, Moringa Oleifera Seed Oil, Oligopeptide-1, Allantoin, Lactobacillus Ferment, Panthenol, Sodium Acetylated Hyaluronate, Sodium Hyaluronate, Ocimum Sanctum Leaf Extract, Solanum Melongena (Eggplant) Fruit Extract, Syringa Vulgaris (Lilac) Extract, Vaccinium Angustifolium (Blueberry) Fruit Extract, Adenosine, Butylene Glycol, Butyrospermum Parkii (Shea) Butter, Diethoxyethyl Succinate, Sorbitan Olivate, Citric Acid, Tocopherol, Glucose, Cetearyl Glucoside, Cetearyl Olivate, Coco-Caprylate/Caprate, Dipotassium Glycyrrhizate, Aloe Barbadensis Flower Extract, Hydroxyacetophenone, Trisodium Ethylenediamine Disuccinate, Acrylates/C10-30 Alkyl Acrylate Crosspolymer, Tromethamine, Xantham Gum, Lavandula Angustifolia (Lavender) Oil.","In the PM, apply as the last step of your routine, instead of your regular moisturizer.
External use only. Avoid contact with eyes. Keep out of reach of children. Store in a cool, dry place."
pimprod2051640,Supergoop!,Glow Oil SPF 50 Scented Body Oil Limited Edition,Suncare,Sunscreen,$40.00,Sunkissed Coconut,https://media.ulta.com/i/ulta/2639236?w=100&h=100&fmt=auto,96 Reviews,"Benefits
Luxurious sunscreen body oil
Glowy, glistening finish
Formulated with argan oil to nourish skin
Apply by the pool or after a shower
Broad spectrum SPF 50 protection helps prevent the visible signs of aging
Skin Types Best For: Normal, Combination, Dry, Oily
Fragrance Family
Sunkissed Coconut is a relaxing amber wood scent featuring milky coconut, whipped vanilla and smooth green fig
Key Ingredients
Argan Oil: High in vitamin E & fatty acids, nourishes skin without feeling greasy
Grapeseed Oil: A skin-loving oil to nourish & help protect from environmental aggressors
Meadowfoam Seed Oil: Nourishes skin & helps lock in moisture","Active: Avobenzone 3%, Homosalate 10%, Octisalate 5%, Octocrylene 10%
Inactive: Caprylic/Capric Triglyceride, SD Alcohol 40-B, C12-15 Alkyl Benzoate, Octyldodecanol, Polyester-8, Polyamide-3, Glycine Soja (Soybean) Oil, Helianthus Annuus (Sunflower) Seed Oil, Butyrospermum Parkii (Shea) Butter, Cocos Nucifera (Coconut) Oil, Vitis Vinifera (Grape) Seed Oil, Limnanthes Alba (Meadowfoam) Seed Oil, Argania Spinosa (Argan) Kernel Oil, Raphanus Sativus (Radish) Seed Oil, Alaria Esculenta Extract, Lauryl Lactate, Isodecyl Neopentanoate, Diisopropyl Sebacate, Diethylhexyl Syringylidenemalonate, Tocopherol, Benzyl Salicylate, Pentaerythrityl Tetra-di-t-butyl Hydroxyhydrocinnamate, Limonene, Citronellol, Fragrance.","Use Glow Oil as part of your daily bodycare routine.
Pour Glow Oil into your palm or directly onto your body
Apply generously and evenly across all visible skin
Gently rub to blend in and boost your skin's natural glow
SPF Directions:
If this is the only SPF in your skincare routine, apply generously & evenly 15 minutes before sun exposure. Reapply at least every 2 hours or after 80 minutes of swimming or sweating.
Precautions: For external use only. Do not use on damaged or broken skin. When using this product keep out of eyes. Rinse with water to remove. Stop use and ask a doctor if rash occurs. Keep out of reach of children. If product is swallowed, get medical help or contact a Poison Control Center right away."
pimprod2038348,BOBBI BROWN,Extra Lip Tint Sheer Oil-Infused Lip Balm,Lips,Lip Balms & Treatments,$39.00,Bare Blackberry,https://media.ulta.com/i/ulta/2606435?w=100&h=100&fmt=auto,194 Reviews,"Benefits
Plumping peptide technology helps create a plumped-up look for 24 hours
Reduces the look of fine, dry lines for a soft, smooth look and feel
Enhances all lip tones with a flattering hint of colored tint
Hydrating lip treatment with a sheer, subtle tint of color.
Tap balm onto cheeks for a glowy flush
Features
Moisturizing lip balm with a sheer tint of color
Delivers nourishing ingredients for lips
Plumps with hydration
Instantly enhances natural lip tone with a hint of color
Key Ingredients
JOJOBA OIL - Helps condition, rebalance and revitalize
AVOCADO OIL - Helps nourish and condition
OLIVE OIL - Helps condition and soften","Hydrogenated Polyisobutene, Phytosteryl/Isostearyl/Cetyl/Stearyl/Behenyl Dimer Dilinoleate, Polyglyceryl-10 Decaisostearate, Phytosteryl/Octyldodecyl Lauroyl Glutamate, Microcrystalline Wax\Cera Microcristallina\Cire Microcristalline, Octyldodecanol, Polyethylene, Cetearyl Alcohol, Octyldodecyl Neopentanoate, Caprylic/Capric Triglyceride, Hydrogenated Olive Oil, Ethylene/Propylene Copolymer, Ethylhexyl Palmitate, Squalane, Persea Gratissima (Avocado) Oil, Simmondsia Chinensis (Jojoba) Seed Oil, Orbignya Oleifera (Babassu) Seed Oil, Theobroma Cacao (Cocoa) Seed Butter, Butyrospermum Parkii (Shea) Butter, Olea Europaea (Olive) Oil Unsaponifiables, Olea Europaea (Olive) Fruit Oil, Palmitoyl Tripeptide-1, Lactic Acid, Cholesterol, Ceramide Ng, Tribehenin, Sorbitan Isostearate, Sorbitan Oleate, Fragrance (Parfum), Citral, Linalool, Limonene, Tocopherol, Bht, Ascorbyl Palmitate, Tocopheryl Acetate, Pentaerythrityl Tetra-Di-T-Butyl Hydroxyhydrocinnamate, [+/- Mica, Titanium Dioxide (CI 77891), Iron Oxides (CI 77491), Iron Oxides (CI 77492), Iron Oxides (CI 77499), Bismuth Oxychloride (CI 77163), Blue 1 Lake (CI 42090), Bronze Powder (CI 77400), Copper Powder (CI 77400), Manganese Violet (CI 77742), Orange 5 (CI 45370), Red 6 (CI 15850), Red 7 (CI 15850), Red 21 (CI 45380), Red 27 (CI 45410), Red 30 (CI 73360), Red 7 Lake (CI 15850), Red 21 Lake (CI 45380), Red 22 Lake (CI 45380), Red 28 Lake (CI 45410), Red 30 Lake (CI 73360), Red 33 Lake (CI 17200), Yellow 5 Lake (CI 19140), Yellow 6 Lake (CI 15985)].
Ingredients are subject to change at the manufacturer's discretion. For the most complete and up-to-date list of ingredients, refer to the product packaging.","Wear Extra Lip Tint alone for a sheer wash of color or layer with your favorite lipstick for a glowing, cushioned look.
Pair with Extra Plump Lip Serum for added shine.
Tap Extra Lip Tint onto cheeks for a glowy flush."
pimprod2049032,IT Cosmetics,Confidence in a Cream Barrier Boost Skin Barrier Repair Daily Moisturizer,Moisturizers,Face Moisturizer,$54.00,2.0 oz,https://media.ulta.com/i/ulta/2633016?w=100&h=100&fmt=auto,"1,468 Reviews","Benefits
After 1 use: Clinically smoother, softer, more radiant skin*
After 3 days: Visible improvement in dry fine lines, dry spots, elasticity*
95% agree it wears well under makeup**
Ultra-gentle, lightweight & fragrance-free moisturizer
Dermatologist-Tested for safety
Safe to use on sensitive & sensitized skin
Accepted by the National Eczema Association
Safe for use after retinol^ & lasers^^
*Results based on an 8-week clinical study.
**Results based on an 8-week consumer study.
^Safety tested with IT Cosmetics Hello Results Retinol Serum-in-Cream.
^^Non-ablative laser.
Research Results
+94% Clinical improvement in skin smoothness, softness and radiance
+75% Clinical improvement in texture smoothness
+68% Clinical improvement in visible dry spots
-30% Clinical reduction in visible redness
Results based on an 8-week clinical study.
Key Ingredients
Formulated With:
1% Vitamin F Complex: Helps to hydrate & replenish skin barrier; vitamin F is an essential part of skin's natural ceramide production
Ceramide: Helps seal in moisture to support skin's natural barrier function","Aqua / Water / Eau, Glycerin, Ethyl Oleate, Butyrospermum Parkii Butter / Shea Butter, Glyceryl Stearate Citrate, Niacinamide, Behenyl Alcohol, Squalane, Lauryl Laurate, C12-16 Alcohols, Ammonium Polyacryloyldimethyl Taurate, Dimethicone, Linoleic Acid, Panthenol, Phenoxyethanol, Palmitic Acid, Hydrogenated Lecithin, Caprylyl Glycol, Ectoin, Oleic Acid, Tocopherol, Centella Asiatica Extract, Xanthan Gum, Phytic Acid, Ceramide Np, Adenosine, Sodium Hydroxide, Stearic Acid, Colloidal Oatmeal, Hydroxypalmitoyl Sphinganine, Linolenic Acid, Citric Acid, Acetyl Dipeptide-1 Cetyl Ester.","On Bare Skin: Use liberally, applying to clean skin from face to chest every AM & PM.
Under Makeup: Plays well with CC+ Cream and your favorite complexion products. Apply with IT Brushes for ULTA Airbrush Dual-Ended Flawless Complexion Concealer & Foundation Brush #132."
pimprod2039186,Fur,Ingrown Eliminator Serum Rollerball,Treatment & Serums,Body Treatments,$19.00,0.3 oz,https://media.ulta.com/i/ulta/2610554?w=100&h=100&fmt=auto,325 Reviews,"Benefits
Derm & gyno-tested for safe use from head to toe.
Soothes irritation & inflammation.
Helps brighten & even out skin tone.
Research Results
100% agreed the product brightens skin.
100% agreed their skin felt toned after use.
96% agreed the product minimized the appearance of ingrown hairs
Key Ingredients
Willow Bark Extract: A natural form of salicylic acid, this astringent penetrates the pores and clears oil buildup to prevent inflammation.
Witch Hazel: An antimicrobial astringent packed with tannins that tightens pores, reduces oil production while conditioning the skin and reducing redness.
Aloe: An antimicrobial cold pressed juice that restores suppleness to the skin, and gently hydrates to prevent irritation.","Aqua, Hamamelis Virginiana (Witch Hazel) Extract, Salix Alba (Willow) Bark Extract, Aloe Barbadensis Leaf Juice, Lactic Acid, Phytic Acid, Polyglyceryl-6 Caprylate, Polyglyceryl-3 Cocoate, Polyglyceryl-4 Caprate, Polyglyceryl-6 Ricinoleate, Galactoarabinan, Glycerin, Phenoxyethanol, Ethylhexylglycerin, Saccharide Isomerate, Citric Acid, Sodium Citrate, Lavandula Angustifolia (Lavender) Oil, Salvia Sclarea (Clary) Oil, Hydroxyethylcellulose, Linalool, D-Limonene, Geraniol.","Use the serum on ingrown-prone areas to treat and prevent irritation. It's safe for head-to-toe use including pubic area, underarms, legs, brows, lip and chin. Post-hair removal or when ingrowns appear, apply liberally onto target areas. Spray the formula onto larger patches of skin or apply on clean hands first and press onto skin for more targeted application.
For more ingrown-prone skin, apply daily or more as needed. Shake well before use.
Precautions: After waxing wait 24 hours before use. Avoid contact with eyes. External use only. In rare instances of irritation, discontinue use."
pimprod2012407,Tanologist,Express Self Tan Mousse,Suncare,Self-Tanning & Bronzing,$19.99,Medium,https://media.ulta.com/i/ulta/2560916?w=100&h=100&fmt=auto,475 Reviews,"Benefits
Long-lasting, full body, flawless bronze
No guide color = no transfer
Tested by dermatologists = safe for sensitive skin
Streak-free & stain-free
Lasts up to one week and fades like your natural tan
Skin loving ingredients brighten, soften and hydrate
Express results in just 1-4hrs
Features
Flexible formulations in adaptable shades offer total customization of your tan.
Key Ingredients
Aloe Vera: Hydrates & soothes
Pink Grapefruit: Brightens
Goji Berry: Powerful antioxidant
Juniper: Evens skin tone","Aqua (Water), Propylene Glycol, Dihydroxyacetone, Glycerin, Ethoxydiglycol, Decyl Glucoside, Glycereth-26, Commiphora Mukul Resin Extract, Coleus Forskohlii Root Extract, Panthenol, Ascorbic Acid, Erythrulose, Tocopheryl Acetate (Vitamin E Acetate), Aloe Barbadensis Extract*, Calendula Officinalis Flower Oil*, Citrus Paradisi (Grapefruit) Fruit Extract*, Juniperus Communis Fruit Oil*, Lycium Barbarum Fruit Extract*, Punica Granatum Extract*, Dipropylene Glycol, PEG-40 Hydrogenated Castor Oil, Parfum (Fragrance), Hexyl Cinnamal, Limonene, Linalool, Geraniol, Hydroxycitronellal, Citric Acid, Phenoxyethanol, Triethylene Glycol.
* Organic Extracts","Prep the skin using Tanologist Eraser & Primer. Moisturize dry areas, such as hands, elbows, knees and feet. Spray directly onto dry skin and blend with a tanning mitt using large circular motions. Shower 1-4 hours after application depending on desired end result. More time= deeper tan.
Precautions: This product does not contain a sunscreen and does not protect against sunburn. Repeated exposure of unprotected skin while tanning may increase the risk of skin aging, skin cancer and other harmful effects to the skin even if you do not burn. Tanologist advises a patch test 24 hours before use. Do not apply on broken or irritated skin. Avoid contact with eyes. If reaction occurs, discontinue use/seek medical advice. Wash hands thoroughly after application."
pimprod2043687,Vacation,Chardonnay SPF30 Lip Oil,Suncare,Sunscreen,$16.00,0.2 oz,https://media.ulta.com/i/ulta/2620560?w=100&h=100&fmt=auto,334 Reviews,"Benefits
Broad spectrum SPF 30 protection against the sun's harmful UVA and UVB rays
Non-sticky, serum-like consistency
Shines like a gloss - can be worn alone or over color to provide a glass-like shine
Tastes delicious, with a gourmand caramel-vanilla flavor profile inspired by Vacation’s iconic Grand Cru ‘86 scent
Cruelty-free & vegan
""CleanClassic"" formulation process to update everything that you love about sunscreens of the past with the best of modern skincare science
Hawaii Reef Compliant Act 104
Dermatologist tested
Manufactured in the USA
Packaging made with recycled materials
Key Ingredients
Chardonnay Grape Seed Oil - a non-greasy oil that delivers an enviable shine
Sweet Cherry Oil, Shea Butter, and Meadowfoam Seed Oil - rich in vitamins and fatty acids for skin softening, smoothing, and moisturization
Hyaluronic Acid - a moisture binder that helps hydrate and plump
Peptide blend - helps strengthen skin and diminish the look of fine lines and wrinkles
Vitamin E - an antioxidant known for its ability to support lip hydration
Formulated Without
Every Vacation formula is dermatologist tested and reviewed by toxicologists to ensure world-class protection.
Oxybenzone, Octinoxate, Parabens, Phthalates, PEGs, Beeswax, Mineral Oil, and Petrolatum.","Active: Avobenzone (2.9%), Homosalate (5.0%), Octisalate (4.9%), Octocrylene (8.0%).
Inactive: Butyloctyl Salicylate, Butyrospermum Parkii (Shea) Butter Unsaponifiables, Caprylic/Capric Triglyceride, Capryloyl Glycerin/Sebacic Acid Copolymer, Cetearyl Ethylhexanoate, Ethyl Ferulate, Flavor, Glyceryl Behenate, HDI/ Trimethylol Hexyllactone Crosspolymer, Hydrogenated Poly (C6-20 Olefin), Hydrolyzed Sodium Hyaluronate, Limnanthes Alba (Meadowfoam) Seed Oil, Palmitoyl Tripeptide-38, Polyester-8, Polyglyceryl-2 Isostearate/Dimer Dilinoleate Copolymer, Portulaca Pilosa Extract, Prunus Avium (Sweet Cherry) Seed Oil, Silica Silylate, Sorbitan Isostearate, Soybean Glycerides, Stevia Rebaudiana Extract, Sucrose Cocoate, Tetrahexyldecyl Ascorbate (Vitamin C), Tocopherol (Vitamin E), Trimethylpentanediol/Adipic Acid/Glycerin Crosspolymer, Vitis Vinifera (Grape) Seed Oil.","Works alone: wear alone and build layers for desired feel and appearance.
Works as a mask: wear multiple layers for deep nourishment and hydration.
Works as a topcoat: wear over color for long-lasting setting and extra shine.
Apply liberally 15 minutes before sun exposure. Reapply at least every 2 hours. Use a water-resistant sunscreen if swimming or sweating."
pimprod2034810,Lancôme,Advanced Génifique Night Cream,Moisturizers,Night Cream,$110.00,1.7 oz,https://media.ulta.com/i/ulta/2601561?w=100&h=100&fmt=auto,935 Reviews,"Benefits
Advanced Génifique Night cream repairs the skin's moisture barrier while you sleep. A stong skin barrier helps to lock in hydration and defend against external aggressors.
The formula works to restore hydration and plumpness while you sleep to wake up with skin looking radiant and well-rested.
Over time, this anti-aging cream reduces the appearance of fine lines and wrinkles, to leave skin looking youthful and feeling healthy.
The formula transforms to soften and melt into the skin as you apply it, instantly soothing and hydrating the skin.
Key Ingredients
10% Bifidus Prebiotic: Known to support a favorable environment for good bacteria that is present on the skin's surface.
Triple Ceramide Complex: Ceramides are lipids naturally found in the skin barrier and are crucial in restoring and replenishing the skin's moisture barrier.
Hyaluronic Acid: A naturally occurring molecule that is found throughout the skin, known for its ability to enhance moisture retention and skin hydration.
Formulated with 94% natural origin ingredients.*
Formulated without mineral oil, parabens, Phenoxyethanol, & Dimethicone. Non-comedogenic & suitable for sensitive skin types.
*Lancôme considers ingredients to be natural origin if it is unchanged from its natural state or has undergone processing yet still retains more than 50% of its molecular structure from its original natural source.
Research Results
CLINICALLY MEASURED RESULTS (after 8 weeks of use):
Smoothness improved by +43%
Radiance improved by +37%
Firmness improved by +35%
Plumpness improved by +33%
Evenness improved by +23%
Fine Lines reduced by -21%","Oleamido-1,3-Octadecanediol, Adenosine, Mannose, Coco-Caprylate/Caprate, Ascorbyl Glucoside, Hydroxyacetophenone, Hydroxypalmitoyl Sphinganine Hydroxypropyl Starch Phosphate, Capryloyl Salicylic Acid, Trisodium Ethylenediamine Disuccinate, Lactic Acid, Lactobacillus, Acetic Acid, Maltodextrin, Faex Extract / Yeast Extract / Extrait De Levure, Polyglycerin-3, Polyglyceryl-3 Beeswax, Cetyl Alcohol, Tocopherol, Sodium Benzoate, Linalool, Limonene, Citronellol, Parfum / Fragrance, (F.I.L. T294734/1).","Before going to bed, cleanse face and neck, thoroughly removing all makeup.
If applying serums, first apply Génifique Serum and then any other serums in your night skincare routine.
Finally, apply an even layer of Génifique Night cream to skin nightly."
pimprod2039631,Tarte,Maracuja Juicy Shift,Lips,Lip Gloss,$27.00,Blueberry,https://media.ulta.com/i/ulta/2610359?w=100&h=100&fmt=auto,252 Reviews,"Benefits
pH-powered plumping balm, gloss, color & hydrating treatment all-in-1
Universal lippies color-shift with your natural pH levels, creating your perfect shade
Each color will shift to a similar pinky pop
Drenches lips in lasting juicy color & stained-glass shine
Hyaluronic acid & 10+ superfruits for plumper looking lips
Smooths the look of lip lines for a soft, pillowy pout
Vegan & cruelty-free
Features
Sheer coverage
Glossy plump finish 100% saw more plump lips
** 100% saw immediate hydration*
Vegan
Dermatologist-tested
*based on a clinical study of 30 subjects
**based on a clinical study of 30 subjects after 10 minutes
Key Ingredients
Maracuja oil: rich in essential fatty acids & vitamin C for firmer, brighter, smoother-looking lips grapeseed oil: antioxidant & moisturizer
Goji: smooths & moisturizes acai: powerful antioxidant packed with vitamins A, B, C & E to help restore moisture
Acerola: antioxidant rich
Pomegranate: provides maximum hydration
Watermelon: rich in vitamin C & hydrates
Strawberry: rich in vitamin C
Blueberry: packed with vitamin A, C & E
Peach: hydrates & nourishes
Cranberry: boosts radiance
Lemon: antioxidant-rich
Passion fruit: rich in vitamins A & C, hydrating & plumping
Vitamin E: natural preservative that also acts as an emollient & antioxidant
Hyaluronic acid: delivers moisture for firmer, more supple-looking lips","Phytosteryl/Isostearyl/Cetyl/Stearyl/Behenyl Dimer Dilinoleate, Diisostearyl Malate, Bis-Diglyceryl Polyacyladipate-2, Polyglyceryl-Triisostearate, Hydrogenated Polyisobutene, Ceresin, Menthone Glycerin Acetal, Microcrystalline Wax/Cera Microcristallina/Cire Microcristalline, Passiflora Edulis Seed Oil, 1,2-Hexanediol, Ethylhexyl Palmitate, Flavor/Aroma, Benzyl Benzoate, Tocopheryl Acetate, Tocopherol, Trihydroxystearin, Vitis Vinifera (Grape) Seed Oil, Benzyl Alcohol, Sodium Hyaluronate, Citrullus Lanatus (Watermelon) Fruit Extract, Citrus Limon (Lemon) Fruit Extract, Euterpe Oleracea Fruit Extract, Fragaria Vesca (Strawberry) Fruit Extract, Lycium Barbarum Fruit Extract, Malpighia Punicifolia (Acerola) Fruit Extract, Passiflora Incarnata Fruit Extract, Prunus Persica (Peach) Fruit Extract, Punica Granatum Fruit Extract, Vaccinium Angustifolium (Blueberry) Fruit Extract, Vaccinium Macrocarpon (Cranberry) Fruit Extract. May Contain: Yellow 5 Lake (CI 19140), Red 27 (CI 45410), Blue 1 Lake (CI 42090), Iron Oxides (CI 77491, CI 77499), Yellow 6 Lake (CI 15985), Red 7 Lake (CI 15850), Titanium Dioxide (CI 77891), Red 28 Lake (CI 45410).","Just pump it to plump it!
Apply color-changing lip balm directly to the lips & watch it shift like magic into a pink shade, personalized to your pH!
Wear it alone or layer with your fave lip product for added hydration & plumper-looking lips"
pimprod2024933,TULA,Glow Starts Here Bestselling Skin Essentials Kit,Eye Treatments,Eye Serums,$138.00,,https://media.ulta.com/i/ulta/2580288?w=100&h=100&fmt=auto,73 Reviews,"Key Ingredients
Probiotic Extracts: help maintain skin balance
Sugar: provides gentle physical exfoliation
Papaya & Pineapple Enzymes: brighten & exfoliate skin to remove impurities
Glycolic Acid: helps exfoliate & resurface skin
Apple & Watermelon: hydrate & help smooth the look of fine lines & wrinkles
Peptides: help even the look of skin tone & firm skin
Hyaluronic Acid: helps hydrate skin
Rosehip Oil & Rosewater: help tone & nourish skin
Benefits
The Cult Classic Purifying Face Cleanser: gently removes dirt, impurities & makeup without stripping or over-drying.
So Polished Exfoliating Sugar Scrub: gently exfoliates & polishes skin plus melts away excess oil & buildup for smoother & brighter looking skin.
Secret Solutions Pro-Glycolic 10% Resurfacing Toner: exfoliates & resurfaces skin for a radiant glow.
Rose Glow & Get It Eye Balm: instantly hydrates, cools & reduces the look of fine lines & wrinkles- plus leaves a dewy glow.
24/7 Moisture Hydrating Day & Night Cream: clinically proven to provide all-day hydration & revive the appearance of dull & tired skin.
Includes
The Cult Classic Purifying Face Cleanser (6.7 oz)
So Polished Exfoliating Sugar Scrub (2.9 oz)
Secret Solutions Pro-Glycolic 10% Resurfacing Toner (3.0 oz)
Rose Glow & Get It Eye Balm (0.3 oz)
24/7 Moisture Hydrating Day & Night Cream (1.5 oz)","The Cult Classic Purifying Face Cleanser: Aqua/Water/Eau, Cocamidopropyl Betaine, Disodium Laureth Sulfosuccinate, Lauryl Glucoside, Glycerin, Sodium Lauryl Sulfoacetate, Bifida Ferment Lysate, Hydrolyzed Rice Protein, Curcuma Longa (Turmeric) Root Extract, Camellia Sinensis (Green Tea) Leaf Extract, Vaccinium Angustifolium (Blueberry) Fruit Extract, Cichorium Intybus (Chicory) Root Extract, Camelina Sativa Seed Oil, Lactose, Lactis Proteinum/Milk Protein/Protéine du lait, Yogurt Powder, Olus Oil/Vegetable Oil/Huile végétale, Tocopheryl Acetate, Ascorbyl Palmitate, Panthenol, Carthamus Tinctorius (Safflower) Seed Oil, Polyquaternium-10, Butylene Glycol, Glycereth-7 Caprylate/Caprate, Inulin, Pentylene Glycol, Caprylyl Glycol, Bulnesia Sarmientoi Wood Oil, Citrus Limon (Lemon) Fruit Oil, Citrus Aurantium Dulcis (Orange) Oil, Juniperus Mexicana Oil, Cananga Odorata Flower Oil, Citric Acid, Sorbic Acid, Ethylhexylglycerin, Disteareth-75 IPDI, Fragrance (Parfum), Phenethyl Alcohol, Alpha-Isomethyl ionone, Butylphenyl Methylpropional, Linalool, Phenoxyethanol. So Polished Sugar Scrub: Sucrose, Propylene Glycol Dicaprylate/Dicaprate, Octyldodecanol, PEG-7 Glyceryl Cocoate, Mangifera Indica (Mango) Seed Butter, Candelilla Cera/Euphorbia Cerifera (Candelilla) Wax/Cire de Candelilla, Disteardimonium Hectorite, Lactococcus Ferment Lysate, Bromelain, Papain, Lactic Acid, Carica Papaya (Papaya) Fruit Extract, Citrus Limon (Lemon) Fruit Extract, Ananas Sativus (Pineapple) Fruit Extract, Vitis Vinifera (Grape) Fruit Extract, Tocopheryl Acetate, Aqua/Water/Eau, Glycerin, Propylene Carbonate, Butylene Glycol, Sodium Chloride, Sodium Benzoate, Phenoxyethanol, Fragrance/Parfum, Limonene, Benzyl Salicylate, Butylphenyl Methylpropional. Secret Solutions Pro-Glycolic 10% Resurfacing Toner: Aqua/Water/Eau, Glycolic Acid, Butylene Glycol, Lactococcus Ferment Lysate, Sodium Hydroxide, Lactic Acid, Sodium Hyaluronate, Agar, Glycerin, Tremella Fuciformis Sporocarp (Mushroom) Extract, Camellia Sinensis Leaf Extract, Vaccinium Angustifolium (Blueberry) Fruit Extract, Curcuma Longa (Turmeric) Root Extract, Cichorium Intybus (Chicory) Root Extract, Carrageenan, Betaine, Glucose, Linum Usitatissimum (Linseed) Seed Oil, Xanthan Gum, Potassium Sorbate, Sodium Chloride, Sodium Benzoate, Polysorbate 20, Ethylhexylglycerin, Phenoxyethanol, Propanediol, Sodium Phytate. Rose Glow + Get It Eye Balm: Aqua/Water/Eau, Propanediol, Aloe Barbadensis Leaf Juice, Sodium Stearate, Xylitol, Lactococcus Ferment Lysate, Synthetic Fluorphlogopite, Oleth-20, Glycerin, Citrullus Lanatus (Watermelon) Fruit Extract, Lens Esculenta (Lentil) Fruit Extract, Caffeine, Pyrus Malus (Apple) Fruit Extract, Lactic Acid, Hyaluronic Acid, Rosa Canina Fruit Oil, Rosa Centifolia Flower Water, Vaccinium Angustifolium (Blueberry) Fruit Extract, Sodium Lactate, Diheptyl Succinate, Sodium PCA, Menthone Glycerin Acetal, Menthyl Lactate, Capryloyl Glycerin/Sebacic Acid Copolymer, Xanthan Gum, Ethylhexylglycerin, Sodium Benzoate, Potassium Sorbate, Sodium Chloride, Citric Acid, Phenoxyethanol,Tocopherol, Yellow 5 (CI 19140), Carmine (CI 75470), Titanium Dioxide (CI 77891), Tin Oxide, Mica. 24-7 Moisture Day & Night Cream: Aqua/Water/Eau, Propanediol, Aloe Barbadensis Leaf Juice, Sodium Stearate, Xylitol, Lactococcus Ferment Lysate, Synthetic Fluorphlogopite, Oleth-20, Glycerin, Citrullus Lanatus (Watermelon) Fruit Extract, Lens Esculenta (Lentil) Fruit Extract, Caffeine, Pyrus Malus (Apple) Fruit Extract, Lactic Acid, Hyaluronic Acid, Rosa Canina Fruit Oil, Rosa Centifolia Flower Water, Vaccinium Angustifolium (Blueberry) Fruit Extract, Sodium Lactate, Diheptyl Succinate, Sodium PCA, Menthone Glycerin Acetal, Menthyl Lactate, Capryloyl Glycerin/Sebacic Acid Copolymer, Xanthan Gum, Ethylhexylglycerin, Sodium Benzoate, Potassium Sorbate, Sodium Chloride, Citric Acid, Phenoxyethanol,Tocopherol, Yellow 5 (CI 19140), Carmine (CI 75470), Titanium Dioxide (CI 77891), Tin Oxide (CI 77861), Mica (CI 77019).","The Cult Classic Purifying Face Cleanser: massage onto wet skin & rinse with water. Use daily, AM & PM.
So Polished Exfoliating Sugar Scrub: apply a dime-sized amount & gently massage in a circular motion. Rinse with warm water. Use 2-4x per week.
Secret Solutions Pro-Glycolic 10% Resurfacing Toner: gently exfoliates, helping skin absorb products better & leaving skin looking smooth & even.
24-7 Moisture Hydrating Day & Night Cream: apply on clean skin, AM & PM.
Rose Glow + Get It Cooling & Brightening Eye Balm: apply to eye area, under or over makeup. Reapply for an instant pick-me-up."
pimprod2049117,TATCHA,Mini The Rice Wash Skin-Softening Cleanser,Cleansers,Face Wash,$18.00,1.7 oz,https://media.ulta.com/i/ulta/2634178?w=100&h=100&fmt=auto,454 Reviews,"Benefits
Purifies skin while hydrating
Softens skin & boosts luminosity
pH neutral cream foams into a rich lather
Non-comedogenic
Dermatologist tested
Formulated Without: mineral oil, sulfates, detergents, parabens, urea, DEA, TEA, phthalates
Key Ingredients
Hyaluronic Acid + Red Algae: plump and hydrate
Japanese Rice Powder: purifies and softens skin
pH-Neutral Amino Acid Base: removes buildup without stripping
Research Results
After 1 Use and 1 week:
Clarifies & softens**
Plumps & hydrates**
Skin looks healthier**
After 6 Hours Proven to boost skin's hydration on average by +41%*
*based on a bio-instrumentation study on 21 panelists
**based on a self-assessment study on 25 panelists","Aqua/Water/Eau, Microcrystalline Cellulose, Propanediol, Sodium Cocoyl Glutamate, Glycerin, Acrylates Copolymer, Sodium Caproyl Methyl Taurate, Coco-Betaine, Parfum/Fragrance, Saccharomyces/Camellia Sinensis Leaf/Cladosiphon Okamuranus/Rice Ferment Filtrate*, Oryza Sativa (Rice) Powder, Chondrus Crispus Extract, Sodium Hyaluronate, Betaphycus Gelatinum Extract, Lauryl Glucoside, Potassium Hydroxide, Polyquaternium-39, Limonene, Linalool, Phenoxyethanol, Ethylhexylglycerin, Sodium Benzoate, Alcohol.
*Hadasei-3",Add water to create creamy foam and massage onto face. Rinse. Use day and night.
