product_id,brand,product,category,subcategory,price,size,image,no_of_reviews,about_the_product,ingredients,how_to_use
pimprod2043986,OLEHENRIKSEN,Banana Bright+ Instant Glow Moisturizer with Vitamin C and Niacinamide,Moisturizers,Face Moisturizer,$52.00,1.7 oz,https://media.ulta.com/i/ulta/2621630?w=100&h=100&fmt=auto,423 Reviews,"Benefits
One-step makeup prep and clinical brightening in every jar: This lightweight, ultra-hydrating moisturizer instantly illuminates and brightens over time, firms, visibly reduces fine lines and wrinkles and preps skin for smoother makeup application, while giving skin an effortlessly warm, golden glow.
Key Ingredients
Gold-Complexed Vitamin C: enhances brightness and elasticity
Niacinamide: brightens and reduces the look of dark spots
Hyaluronic & Polyglutamic Acid: bind moisture and plump skin with hydration
Scandinavian Cloudberry Seed Oil: nourishes and conditions skin
Research Results
In an 8-week clinical study on 35 people:
Instantly brightens + 30% brighter skin over time
Plumps skin with 24-hour hydration
100% of people had improved fine lines and wrinkles after 4 weeks","Aqua/Water/Eau, Glycerin, Cetyl Ethylhexanoate, Propanediol, Cetyl Alcohol, 3-O-Ethyl Ascorbic Acid, Niacinamide, Steareth-21, Dicaprylyl Carbonate, Hydroxyethyl Acrylate/Sodium Acryloyldimethyl Taurate Copolymer, Ammonium Acryloyldimethyltaurate/Vp Copolymer, 1,2-Hexanediol, Synthetic Beeswax, Tetrahexyldecyl Ascorbate, Ascorbic Acid, Colloidal Gold, Polyglutamic Acid, Sodium Hyaluronate, Rubus Chamaemorus Seed Oil, Hydrolyzed Vegetable Protein, Glutathione, Tocopherol, Tocopheryl Acetate, Jojoba Esters, Riboflavin, Cyanocobalamin, Leuconostoc/Radish Root Ferment Filtrate, Cetearyl Olivate, Sorbitan Olivate, Ethylhexylglycerin, Sorbitan Isostearate, Sorbitol, Sodium Phytate, Citric Acid, Caprylyl Glycol, Dimethicone, Xanthan Gum, Polysorbate 60, Sodium Citrate, Sodium Hydroxide, Phenoxyethanol, Pentaerythrityl Tetraethylhexanoate, Pentaerythrityl Tetra-Di-T-Butyl Hydroxyhydrocinnamate, Mica, Tin Oxide, Parfum/Fragrance, Citral, Limonene, Linalool, Titanium Dioxide (Ci 77891), Iron Oxides (Ci 77491).","Apply evenly to face and neck daily.
Gently massage in an upward, circular motion.
For external use only. Use as directed.
Do not use if allergic to vitamin C or any other ingredient in this formula.
If irritation occurs, discontinue use."
pimprod2046622,DIME,The Works Discovery Set,By Category,Skin Gifts,$49.00,,https://media.ulta.com/i/ulta/2627477?w=800&h=800&fmt=auto,58 Reviews,"Benefits
Removes dirt, oil, and impurities
Clean, EWG VERIFIED® formulas that work
Includes
Gentle Jelly Cleanser (2.0 oz)
Restorative Night Cream (0.5 oz)
Super Skin Toner (2.0 oz)
Hyper Glow Serum (0.33 oz)
Dewy Day Cream (0.5 oz)
Hyaluronic Acid Serum (0.33 oz)","Gentle Jelly Cleanser: Water, Decyl Glucoside, Coco Glucoside, Glycerin, Glyceryl Oleate, Hydrolyzed Wheat Protein, Xanthan Gum, Citric Acid, Strawberry Oil, Solanum Lycopersicum (Tomato) Fruit Extract, Tocopherol, Phenylpropanol, Ethylhexylglycerin
Super Skin Toner: Water, Hamamelis Virginiana (Witch Hazel) Extract, Propanediol, Glycerin, Hyaluronic Acid, Ubiquinone, Tocopherol, Ascorbyl Tetraisopalmitate, Aloe Barbadensis (Aloe Vera) Leaf Extract, Chamomilla Recutita (Matricaria) Flower Extract, Salvia Officinalis (Sage) Extract, Cucumis Sativus (Cucumber) Fruit Extract, Citrus Sinensis (Blood Orange) Fruit Extract, Phenoxyethanol, Ethylhexylglycerin
Hyper Glow Serum: Water, L-Ascorbic Acid, Ethoxydiglycol, Aloe Barbadensis (Aloe Vera) Juice, Glycerin, Hyaluronic Acid, Sodium Metabisulfate, Tocopherol, Ferulic Acid, Lecithin, Bitis Vinifera (Grape) Seed Extract, Resveratrol, Magnolia Officinalis (Magnolia) Bark Extract, Citrus Sinensis (Blood Orange) Fruit Extract, Xanthan Gum, Phenoxyethanol, Lecithin, Sodium Hydroxide, Ethylhexylglycerin
Dewy Day Cream: Water, Ethylhexyl Olivate, Cetearyl Alcohol, Glycerin, Isononyl Isononanoate, Pentylene Glycol, Glyceryl Stearate, 1,2 Hexanediol, Squalane, Vitis Vinifera (Grape) Seed Oil, Caprylic/Capric Triglyceride, Sodium Stearoyl Lactylate, Hydroxyacetophenone, Olea Europaea (Olive) Fruit Unsaponifiables, Xanthan Gum, Behenyl Alcohol, Carbomer, Rosa Moschata Seed Oil, Linoleic Acid, Phospholipids, Phytosterols, Tetrasodium Glutamate Diacetate, Betaine, Chamomilla Recutita (Matricaria) Flower Extract, Ceramide NP, Sodium Hyaluronate, Glycolipids, Tremella Fuciformis Sporocarp Extract, Soybean Phytosterols, Aloe Barbadensis Leaf Juice
Restorative Night Cream: Water, Glycerin, Cetearyl Alcohol, Ethylhexyl Olivate, Isononyl Isononanoate, Glyceryl Stearate, Pentylene Glycol, 1,2 Hexanediol, Behenyl Alcohol, Simmondsia Chinensis (Jojoba) Seed Oil, Squalane, Sodium Stearoyl Lactylate, Hydroxyacetophenone, Caprylic/Capric Triglyceride, Butyrospermum Parkii (Shea) Butter, Carbomer, Xanthan Gum, Camellia Oleifera Seed Oil, Olea Europaea (Olive) Fruit Unsaponifiables, Stearyl Glycyrrhetinate, Tetrasodium Glutamate Diacetate, Linoleic Acid, Phospholipids, Phytosterols, Ceramide NP, Hydroxypropyl Cyclodextrin, Sodium Hyaluronate, Glycolipids, Soybean Phytosterols, Aloe Barbadensis Leaf Juice, Hippophae Rhamnoides Fruit Oil, Palmitoyl Tripeptide-38.","In the morning, apply Gentle Jelly Cleanser, Super Skin Toner, 3-4 drops of the Hyper Glow Serum, and then Dewy Day Cream.
At night, apply Gentle Jelly Cleanser, Super Skin Toner, 3-4 drops of the Hyaluronic Acid Serum, and then Restorative Night Cream. For best results, use daily.
As a Conscious Beauty brand, DIME features sustainable packaging. Once product is empty, twist off cap, rinse bottle/jar, and toss into recycling bin."
pimprod2021089,Clinique,Clinique Smart Night Clinical MD Multi-Dimensional Repair Treatment Retinol Serum,Treatment & Serums,Face Serums,$79.00,1.0 oz,https://media.ulta.com/i/ulta/2572793?w=100&h=100&fmt=auto,111 Reviews,"Benefits
All Skin Types.
Powered by 0.3% retinol, this creamy formula sinks in to help speed up cell turnover.
Visibly reduces fine lines and wrinkles.
Skin tone looks more even, radiant.
Pores look minimized.
Delivers instant and lasting hydration, which helps comfort skin and offset dryness sometimes associated with retinol.*
*Tolerance to retinol varies by person.
What you should know about retinol:
Retinol is an extremely effective and powerful anti-aging ingredient. You may experience mild redness, a warm, tingling sensation, or ﬂaking (skin exfoliation). These conditions are normal, temporary indications that the formula is working.
If you experience increased discomfort when using this product, revert to once every other night until skin adjusts. This adjustment can take up to 4 weeks.
First time users and those with drier skin types may want to use this product every other night for more than 2 weeks to give skin additional time to adjust.
For added comfort, use a mild cleanser and layer an additional moisturizer over this product.
Limit sun exposure in general. Be sure to apply a sunscreen of SPF15 or higher during the day while using this product, and one week after stopping use of it. Note that extreme weather conditions such as wind or cold may be more irritating, so take the proper precautions to protect your face.
Paraben-free. Phthalate-free.
No Denatured alcohol. No Synthetic colors.
SLS-free. SLES-free. Sulfate-free.
Dermatologist tested.
Allergy tested. Fragrance-free.
Key Ingredients
Retinol (0.3%): A pure form of Vitamin A, it's an effective anti-aging ingredient known to help visibly reduce lines and wrinkles, minimize the appearance of pores, and smooth and refine texture.
Youth-Boosting Blend: Helps skin look smoother. Includes acetyl hexapeptide-8, niacinamide, sigesbeckia extract, and ascorbic acid.
Comforting Hydrator Blend: Helps infuse skin with hydration. Includes hyaluronic acid, mango seed butter, wheat and barley extract, coffee seed oil, squalane, and vitamin E.
Research Results
Clinical Testing:
Restores radiance with 1 use.
Minimizes the appearance of pores in 7 days.
Skin feels smoother in 28 days/4 weeks.
Improves evenness of skin tone in 8 weeks.
Retexturizes skin in 12 weeks.
Provides instant and lasting hydration.
With continued use, visibly reduces lines and wrinkles.","Water\Aqua\Eau, Caprylic/Capric Triglyceride, PPG-15 Stearyl Ether, C12-20 Acid PEG-8 Ester, Glycerin, Niacinamide, Phenyl Trimethicone, Caprylic/Capric/Myristic/Stearic Triglyceride, Algae Extract, Dimethicone, Hydroxyethyl Urea, Cetyl Alcohol, Retinol, Sigesbeckia Orientalis (St. Paul'S Wort) Extract, Mangifera Indica (Mango) Seed Butter, Coffea Arabica (Coffee) Seed Oil, Sodium Hyaluronate, Caffeine, Ascorbic Acid, Urea, Butylene Glycol, Squalane, Trehalose, Triticum Vulgare (Wheat) Germ Extract, Tocopheryl Acetate, PEG-100 Stearate, Linoleic Acid, Glyceryl Stearate, Hordeum Vulgare (Barley) Extract\Extrait D'Orge, Acetyl Hexapeptide-8, Sorbitol, Potassium Cetyl Phosphate, Acrylates/C10-30 Alkyl Acrylate Crosspolymer, Tocopherol, Ammonium Acryloyldimethyltaurate/Vp Copolymer, Behenyl Alcohol, Sodium Pca, Sodium Hydroxide, Caprylyl Glycol, Carbomer, Triacetin, Polyquaternium-51, Xanthan Gum, BHT, Disodium EDTA, Sodium Metabisulfite, Chlorphenesin, Potassium Sorbate, Phenoxyethanol.
Please be aware that ingredient lists may change or vary from time to time. Please refer to the ingredient list on the product package you receive for the most up to date list of ingredients.","Apply pea size amount (0.25g) of retinol at night. Avoid eye area. Tip: For first two weeks, use every other night, then nightly. Use sunscreen and limit sun exposure while using and the week after. Do not use with other retinol products, such as Clinique Fresh Pressed Overnight Booster with Pure Vitamin A (Retinol).
To help optimize the results of retinol, we suggest using as part of a regimen with other anti-aging products, such as:
In AM: Clinique Smart Custom-Repair Serum + Clinique Smart SPF 15 Custom-Repair Moisturizer
In PM: Clinique Smart Custom-Repair Serum + Clinique Smart Night Retinol + Clinique Smart Clinical MD Resculpt or Revolumize or Clinique Smart Night Custom-Repair Moisturizer (for added comfort if needed)."
pimprod2050546,Shark Beauty,CryoGlow Under-Eye Cooling+LED Anti-Aging & Skin Clearing Face Mask,Skincare Tools,Anti-Aging,$349.99,,https://media.ulta.com/i/ulta/2631334?w=100&h=100&fmt=auto,55 Reviews,"Features
Better Aging Treatment: A 6-minute treatment utilizing Red & Infrared LEDs aimed at minimizing fine lines, and firming sagging skin*. *Results from 12-week clinical study with 60 subjects and 1x/day use in Better Aging treatment mode. Individual results may vary.
Skin Clearing Treatment: Experience chemical-free acne-clearing with an 8-minute Blue & Infrared and Red LED session to reduce acne & redness for a more even and clear complexion**.
Skin Sustain Treatment: Enhance and sustain your glow with 4-minute sessions of red, blue, & infrared LEDs to enhance skin radiance and preserve optimal skin condition.
Under-Eye Revive Treatment: Enjoy an adjustable 5-15 minute under-eye cooling treatment for temp-controlled soothing & visible tightening powered by InstaChill Cold technology.
iQLED Technology™: Precise tri-wick LED sequencing beams energy between the layers of the skin for an effective, seamless coverage, without gaps or hot spots.
InstaChill Cold Technology: Cryo-inspired integrated cooling helps visibly tighten under-eyes in one use with 3 temperature-controlled chill levels.
Developed with Skincare experts: Developed with Dermatologists, backed by clinical testing, and FDA cleared.
**Results from 12-week clinical study with 59 subjects and 1x/day use in Skin Clearing treatment mode. Individual results may vary.",,"Start with a clean, dry face. Put on mask and adjust straps for comfort.
Turn on the mask by pressing and holding the remote's center dial.
Select a routine and press ""Start."" Adjust InstaChill with the remote's chill button.
After the session, remove the mask. It will power down automatically.
Clean the mask with a cloth slightly dampened with water.
IMPORTANT SAFETY INFORMATION: See packaging for more details."
pimprod2044325,Coco & Eve,Tan Boosting Anti-Aging Body Oil SPF20,Suncare,Sunscreen,$36.00,5.07 oz,https://media.ulta.com/i/ulta/2623610?w=100&h=100&fmt=auto,59 Reviews,"Benefits
Tan boosting and anti-aging body SPF20 sunscreen
Lightweight oil and easy to absorb, non-greasy finish
Rich in antioxidants and deeply nourishing
Perfect for a radiant, youthful tan all summer long
Key Ingredients
SPF 20 broad spectrum UVA and UVB protection against photoaging, UV rays and sun damage
A tan-boosting biomimetic peptide that increases tanning effectiveness by 41% (without self tanning DHA)
Apricot Kernal oil, rich and nourishing, easily absorbed and is suitable for all skin types.","Active: Homosalate 15%, Octocrylene 10%, Octisalate 5%, Avobenzone 3%.
Inactive: Ethylhexyl Palmitate, Diethylhexyl 2,6-Naphthalate, VP/Eicosene Copolymer, Isopropyl Palmitate, Caprylic/Capric Triglyceride, Coco-Caprylate, C13-15 Alkane, Prunus Armeniaca (Apricot) Kernel Oil, Helianthus Annuus (Sunflower) Seed Oil, Citrullus Lanatus (Watermelon) Seed Oil, Psidium Guajava Fruit Extract, Ananas Sativus (Pineapple) Fruit Extract, Theobroma Cacao (Cocoa) Seed Extract, Acetyl Hexapeptide-1, Tocopherol, Lecithin, Diethylhexyl Syringylidenemalonate, Fragrance, Water.","Apply generously an even layer all over body 20 minutes before sun exposure. Reapply frequently especially after swimming, sweating.
Precautions: For external use only. Store below 86 F and avoid direct sunlight. Do not use on damaged or broken skin. Stop use and ask a doctor if rash occurs. Keep out of reach of children. When using this product keep out of eyes. Rinse with water to remove."
pimprod2014019,Clinique,Superdefense City Block Broad Spectrum SPF 50 Daily Energy + Face Protector Primer,Suncare,Sunscreen,$40.00,1.4 oz,https://media.ulta.com/i/ulta/2560146?w=100&h=100&fmt=auto,300 Reviews,"Benefits
All Skin Types.
Daily SPF protector works all day to defend and awaken skin.
Sheer, weightless, quick-absorbing, and oil-free.
Stop Signs Technology prevents signs of aging by combating a full spectrum of modern environmental aggressors including UVA/UVB and other skin irritants.
Sunscreen ingredients such as titanium dioxide, zinc, and octinoxate provide protection against UV rays (UVA & UVB).
Dermatologist tested.
Allergy tested.
Formulated Without
Parabens
Phthalates
Oil
Alcohol
Synthetic colors
SLS
Fragrance","Active: Octinoxate 5.0%, Titanium Dioxide 3.2%, Zinc Oxide 3.6%. Inactive: Water\Aqua\Eau, Dimethicone, Butyloctyl Salicylate, Isononyl Isononanoate, Neopentyl Glycol Diheptanoate, Lauryl PEG-9 Polydimethylsiloxyethyl Dimethicone, Butylene Glycol, Polydecene, Polyhydroxystearic Acid, Ethylhexyl Methoxycrylene, Hydrated Silica, Dimethicone/Vinyl Dimethicone Crosspolymer, Trimethylsiloxysilicate, Hydrolyzed Wheat Protein/Pvp Crosspolymer, Hydroxyapatite, Cetyl PEG/PPG-10/1 Dimethicone, Dimethicone/PEG-10/15 Crosspolymer, Sodium Rna, Quaternium-90 Bentonite, Sodium Hyaluronate, Dimethicone Crosspolymer-3, Styrene/Acrylates Copolymer, Sodium Chloride, Caprylyl Glycol, PEG-8 Laurate, Propylene Carbonate, Silica, Tocopherol, Sodium Citrate, Disodium EDTA, BHT, Phenoxyethanol, Potassium Sorbate, Iron Oxides (CI 77491), Iron Oxides (CI 77492).
Please be aware that ingredient lists may change or vary from time to time. Please refer to the ingredient list on the product package you receive for the most up to date list of ingredients.",Apply SPF in AM after all treatment products and before makeup.
pimprod2043475,Tree Hut,Sugarlips Lip Butter,Lips,Lip Balms & Treatments,$6.99,Strawberry,https://media.ulta.com/i/ulta/2621334?w=100&h=100&fmt=auto,74 Reviews,"Benefits
This ultra-hydrating lip treatment instantly locks in moisture for a supple, soft pout
Tree Hut's Sugarlips Lip Butter is paraben-free, sulfate-free, contains no formaldehyde donors and has a smooth, rich, non-sticky formula to create a protective barrier for pillow-soft lips
Key Ingredients
Strawberry Extract helps improve overall brightness while protecting skin from pollutants
Shea Butter is known to deeply moisturize, nourish and soften dry, lips while helping to promote elasticity","Polyisobutene, Microcrystalline Wax, Diisostearyl Malate, Hydrogenated Polydecene, Butyrospermum Parkii (Shea) Butter, Caprylic/Capric Triglyceride, Polyethylene, Dimethicone, Flavor (Aroma), Euphorbia Cerifera (Candelilla) Wax, Copernicia Cerifera (Carnauba) Wax, Rosa Canina Fruit Oil, Sucrose, Aluminum Hydroxide, Water/Aqua/Eau, 1,2-Hexanediol, Melia Azadirachta Leaf Extract, Fragaria Ananassa (Strawberry) Fruit Extract, Red 6 Lake (CI 15850), Yellow 5 Lake (CI 19140), Iron Oxide (CI 77499).","Using a light amount, swipe gently onto lips. Use directly after using our Tree Hut Sugarlips Lip Scrub to provide your lips ample hydration."
pimprod2036708,TULA,24-7 Moisture Intense Ultra Hydrating Day & Night Cream,Moisturizers,Face Moisturizer,$58.00,1.48 oz,https://media.ulta.com/i/ulta/2603052?w=100&h=100&fmt=auto,255 Reviews,"Benefits
Soothes skin, maintains skin balance & improves skin smoothness
Hydrates & helps smooth the look of fine lines & wrinkles
Helps skin look more even & firm
Ultra nourishing for intense hydration
Provides antioxidant protection
Key Ingredients
S6Pro Complex: helps improve skin smoothness & maintain skin balance
MoistureLock Pressed Oil Blend: a nourishing oil blend to provide intense hydration
Apple & Watermelon & Peptides: hydrate & help smooth the look of fine lines & wrinkles
Hyaluronic Acid, Squalane & Collagen: help nourish skin
Contains milk proteins. Does not contain live cultures.
Research Results
Clinically proven to lock in moisture**
Clinically proven to strengthen skin barrier**
96% agreed this moisturizer deeply hydrates skin***
** Instrumental test on 31 subjects during 4 weeks
***Self assessment test on 31 subjects after 1 week; 4 weeks","Aqua/Water/Eau, Butylene Glycol, Ethylhexyl Palmitate, Squalane, Glycerin, Cetyl Alcohol, Caprylic/Capric Triglyceride, Dimethicone, Hydrogenated Vegetable Oil, Glyceryl Stearate, PEG 100 Stearate, Bifida Ferment Lysate, Lactose, Lactis Proteinum/Milk Protein/Protéine du lait, Yogurt Extract, Hydrolyzed Rice Protein, Cichorium Intybus (Chicory) Root Extract, Vaccinium Angustifolium (Blueberry) Fruit Extract, Olus/Vegetable Oil/Huile végétale, Camelina Sativa Seed Oil, Camellia Sinensis Leaf Extract, Curcuma Longa (Turmeric) Root Extract, Tocopheryl Acetate, Ascorbyl Palmitate, Carthamus Tinctorius (Safflower) Seed Oil, Olea Europaea (Olive) Fruit Oil, Pyrus Malus (Apple) Fruit Extract, Citrullus Lanatus (Watermelon) Fruit Extract, Lens Esculenta (Lentil) Fruit Extract, Sodium Lactate, Sodium PCA, Carbomer, Sodium Hydroxide, Pentylene Glycol, Caprylyl Glycol, Bulnesia Sarmientoi Wood Oil, Citrus Limon (Lemon) Fruit Oil, Citrus Aurantium Dulcis (Orange) Oil, Juniperus Mexicana Oil, Cananga Odorata Flower Oil, Ethylhexylglycerin, Stearyl Alcohol, Disodium EDTA, Citric Acid, Sorbic Acid, Phenethyl Alcohol, Sodium Benzoate, Potassium Sorbate, Phenoxyethanol, Parfum/Fragrance, Alpha-Isomethyl Ionone, Butylphenyl Methylpropional, Linalool, Hexyl Cinnamal.",Apply cream on clean skin or after serum. Use daily AM & PM.
pimprod2049083,TATCHA,Moisturizer Favorites: Dewy Cream & Water Cream Value Set,By Category,Skin Gifts,$34.00,,https://media.ulta.com/i/ulta/2634115?w=100&h=100&fmt=auto,6 Reviews,"Key Ingredients
The Dewy Skin Cream:
Hyaluronic Acid + Red Algae + Hadasei-3: attract moisture to plump & hydrate skin
Biomimetic Squalane: seals in moisture to keep skin hydrated longer
Japanese Purple Rice: protects skin from free radical damage like wrinkles
The Water Cream:
BHA-Alternative + Hadasei-3: visibly reduces pore count‡ & smooths
Multi-Weight Glycerin: triples skin hydration & improves skin barrier
Wild Rose + Heartleaf: visibly tightens pores and soothes
‡in-vivo test on ingredient with image analysis
Research Results
The Dewy Skin Cream:
3x instant hydration*
100% showed immediate improvement in skin plumpness, suppleness,and radiance**
88% showed a visible improvement in dry fine lines after 2 weeks**
86% agreed this product works well with makeup after 1 week**
*based on a bio-instrumentation study of 30 panelists
**based on a clinical study of 36 panelists
The Water Cream:
3x Hydration Instantly & 72-Hour Hydration*
97% showed improvement in clogged and enlarged pores after 1 week**
100% showed a reduction in oil after 1 week†
*based on a bio-instrumentation study of 27 panelists
**based on a clinical study of 36 panelists
†based on a bio-instrumentation study of 36 panelists
Includes
The Dewy Skin Cream (0.5 oz)
The Water Cream (0.5 oz)","The Dewy Skin Cream: Aqua/Water/Eau, Saccharomyces/Rice Ferment Filtrate, Glycerin, Propanediol, Dimethicone, Squalane, Diisostearyl Malate, Behenyl Alcohol, Myristyl Myristate, Dipentaerythrityl Hexahydroxystearate, Bis-Diglyceryl Polyacyladipate-2, Tridecyl Trimellitate, Inositol, Sorbitan Tristearate, Beheneth-20, Camellia Sinensis Leaf Extract, Cladosiphon Okamuranus Extract, Chondrus Crispus Extract, Betaphycus Gelatinum Extract, Oryza Sativa (Rice) Bran Extract, Panax Ginseng Root Extract, Origanum Majorana Leaf Extract, Thymus Serpyllum Extract, Malva Sylvestris (Mallow) Flower Extract, Sodium Hyaluronate, Gold, Sericin, Phytosteryl Macadamiate, Tocopherol, Hydroxyethyl Acrylate/Sodium Acryloyldimethyl Taurate Copolymer, Sorbitan Isostearate, Polysorbate 60, Butylene Glycol, Dimethicone/Vinyl Dimethicone Crosspolymer, Sodium Benzoate, Gluconolactone, Ethylhexylglycerin, Parfum/Fragrance, Alcohol, Phenoxyethanol, Citral, Limonene, Linalool, Mica, Tin Oxide, Titanium Dioxide (Ci 77891), Violet 2 (Ci 60725)
The Water Cream: Aqua/Water/Eau, Saccharomyces/Rice Ferment Filtrate, Dimethicone, Propanediol, Glycerin, Diglycerin, Diphenylsiloxy Phenyl Trimethicone, Camellia Sinensis Leaf Extract, Cladosiphon Okamuranus Extract, Peg-9 Polydimethylsiloxyethyl Dimethicone, Gold, Belamcanda Chinensis Root Extract, Rosa Multiflora Fruit Extract, Houttuynia Cordata Extract, Sophora Angustifolia Root Extract, Sodium Hyaluronate, Lecithin, Pistacia Lentiscus (Mastic) Gum, Sodium Chloride, Sodium Citrate, Mica, Tin Oxide, Dimethicone/Peg-10/15 Crosspolymer, Dimethicone/Phenyl Vinyl Dimethicone Crosspolymer, Tocopherol, Butylene Glycol, Ethylhexylglycerin, Dipropylene Glycol, Parfum/Fragrance, Alcohol, Phenoxyethanol, Limonene, Linalool, Titanium Dioxide (Ci 77891)","The Dewy Skin Cream: Scoop desired amount onto face, neck, and décolletage, morning and night. Massage in with upward strokes until fully absorbed into skin.
The Water Cream: Scoop desired amount onto face, neck, and décolletage, morning and night. Massage in with upward strokes until fully absorbed into skin."
pimprod2049857,BYOMA,Ultra-Lightweight Face Fluid SPF 50,Moisturizers,Face Moisturizer,$19.99,1.69 oz,https://media.ulta.com/i/ulta/2635400?w=100&h=100&fmt=auto,285 Reviews,"Benefits
Broad spectrum UVB/UVA protection
Antioxidant properties to fight free radicals
Restores the skin barrier
Blends quickly and seamlessly onto any skin tone
Zero greasiness or white cast
Works seamlessly under makeup
Clinically proven to decrease skin sensitivity after one use
Clinically proven to provide instant moisturization of up to 71%
Clinically proven to brighten skin + reduce pigmentation
Clinically proven to maintain + protect skin barrier
Features
Dermatologist tested + approved skincare
Alcohol & fragrance-free
Key Ingredients
CERASUN COMPLEX to restore the skin barrier while alleviating redness caused by UV exposure
BISABOLOL soothes and calms irritation
ASTHAXANTHIN (which naturally tints the formula pink) delivers antioxidant protection 6000x more powerful than Vitamin C and helps to brighten the skin.","Active: Avobenzone 3%, Homosalate 7%, Octisalate 5%, Octocrylene 9%
Inactive: Water/Aqua/Eau, Butyloctyl Salicylate, Glycerin, Dicaprylyl Carbonate, Diisopropyl Adipate, Sodium Stearoyl Glutamate, Cocoglycerides, Propanediol, Microcrystalline Cellulose, Tocopherol, Bisabolol, Caprylyl Glycol, Ethyl Ferulate, Sodium Hyaluronate, Glyceryl Stearate SE, Methylheptylglycerin, Sodium Gluconate, Caprylhydroxamic Acid, Xanthan Gum, Phospholipids, Cellulose Gum, Citric Acid, Glycolipids, Olea Europaea (Olive) Fruit Oil, Aloe Barbadensis Leaf Juice, Phosphatidylserine, Astaxanthin, Ceramide NP, Cholesterol, Hydrogenated Lecithin, Oleic Acid, Phytosphingosine, Haematococcus Pluvialis Extract, Caprylic/Capric Triglyceride, Stearic Acid, Sodium Benzoate, Potassium Sorbate, 1,2-Hexanediol, Beta-Glucan, Lactic Acid.","Apply generously and evenly 15 minutes before sun exposure. Re-apply frequently to maintain protection, especially after perspiring, swimming or toweling.
Precautions: Eye irritant."
pimprod2046283,Vichy,16% Pure Vitamin C Brightening Serum,Treatment & Serums,Face Serums,$34.99,0.67 oz,https://media.ulta.com/i/ulta/2625745?w=100&h=100&fmt=auto,63 Reviews,"Benefits
Lightweight, fast-absorbing, non-sticky, and non-greasy texture
Ideal for morning skincare routine
Formula color may darken over time, but this has no effect on product efficacy
New applicator design helps prevent formula contamination
Dark-colored glass package designed to slow down oxidation and other damage accelerated by light
Suitable for all skin types
Dermatologist and allergy tested for safety
Key Ingredients
16% Pure Vitamin C helps brighten the complexion, improve uneven skin tone, and reduce the appearance of fine lines as its antioxidant properties protect the skin from environmental stress
Vitamin E and other antioxidants help shield the skin from free radicals
Carnosine, through its anti-glycation action, helps fight internal aggressors, which helps slow down skin aging
Hyaluronic Acid hydrates and plumps the skin
Vichy Volcanic Water sourced from French volcanoes features 15 essential minerals to help strengthen the skin’s barrier and protect skin from damaging environmental factors like UV rays and pollution
Formulated Without
Drying Alcohol
Fragrance
Parabens
Oils
Silicone","Aqua / Water / Eau, Ascorbic Acid, Glycerin, Sodium Hydroxide, Pentylene Glycol, Laureth-23, Haematococcus Pluvialis Extract, Carnosine, Neohesperidin Dihydrochalcone, Sodium Hyaluronate, Trisodium Ethylenediamine Disuccinate, Tocopherol, Dipotassium Glycyrrhizate, Caprylic/Capric Triglyceride, Caprylyl Glycol, Carrageenan, Phenoxyethanol.","In the morning, use dropper to place 4 to 5 drops in the palm of your cleansed hand. Then, use fingertips to apply to clean, dry face, avoiding the eye area. Let sit for a few moments, then apply your usual moisturizer. Follow up with a minimum SPF 20 sunscreen."
pimprod2037182,MAC,Hyper Real Serumizer Skin Balancing Hydration Serum,Treatment & Serums,Face Serums,$65.00,1.0 oz,https://media.ulta.com/i/ulta/2603731?w=100&h=100&fmt=auto,813 Reviews,"Benefits
THE M·A·C DIFFERENCE
Wear serum alone or underneath makeup for a perfectly prepped, makeup-ready complexion.
Non-greasy and non-pilling
Lightweight, breathable serum texture absorbs instantly for a smoother, better makeup application
Keeps makeup looking fresh for 12 hours.
Key Ingredients
Japense Peony Extract & Ceramides: Supports and restores skin barrier strength
12% Hyaluronic Acid Solution & 4% Niacinamide: Hydrates, plumps and refines the skin
Research Results
AFTER 1 USE: Retexturizes skin
+161% increased hydration for balanced skin*
+71% strengthened skin barrier*
Keeps makeup looking fresh for 12 hours
AFTER 4 WEEKS: 100% had a visible reduction in dark spots**
-30% reduction in the appearance of pores***
95% said skin looked more radiant and healthier****
94% said the appearance of skin texture and pores were minimized****
94% said skin looked more even*****
AFTER 12 WEEKS: -49% visible reduction in dark spots******
*Clinical testing on 25 panelists after one use.
**Clinical testing on 35 panelists after four weeks of use, twice a day
***Clinical testing on 28 panelists after four weeks of use, twice a day.
****Consumer testing on 181 panelists after four weeks of use, twice a day.","Water\Aqua\Eau, Dimethicone, Butylene Glycol, Glycerin, Niacinamide, Trisiloxane, Octyldodecyl Stearoyl Stearate, Trehalose, Paeonia Albiflora Flower Extract, Cholesterol, Ceramide Ng, Linoleic Acid, Salicylic Acid, Lactic Acid, Glycolic Acid, Citric Acid, Algae Extract, Saccharomyces Lysate Extract, Betula Alba Bark Extract, Camellia Sinensis Leaf Extract, Thermus Thermophillus Ferment, Laminaria Saccharina Extract, Silybum Marianum (Lady'S Thistle) Extract, Caffeine, Bis-Peg-18 Methyl Ether Dimethyl Silane, Acetyl Glucosamine, Sodium Hyaluronate, Sorbitol, Sodium Magnesium Silicate, Peg-8, Sucrose, T-Butyl Alcohol, Polyacrylate Crosspolymer-6, Oleth-10, Carbomer, Ammonium Acryloyldimethyltaurate/Vp Copolymer, Xanthan Gum, Hydrogenated Lecithin, Jojoba Wax Peg-120 Esters, Sodium Hydroxide, Tromethamine, Di-C12-18 Alkyl Dimonium Chloride, Silica, Fragrance (Parfum), Benzyl Salicylate, Limonene, Linalool, Titanium Dioxide (Ci 77891), Synthetic Fluorphlogopite, Tin Oxide, Mica, Caprylyl Glycol, Bht, Disodium Edta, Hexylene Glycol, Tocopheryl Acetate, Magnesium Ascorbyl Phosphate, Phenoxyethanol, Sodium Benzoate.","•Apply serum twice a day, morning and evening, as part of your Hyper Real skincare routine.
•Dispense one to two pumps directly onto fingertips or use the 001 Serum + Moisturizer Brush to apply evenly onto freshly cleansed skin, in place of your serum and moisturizer, if desired.
•Use the Artist-crafted Petal-Press Technique to apply by gently pressing the formula upward and outward into the skin.
•Avoid eye area."
pimprod2039172,The Ordinary,Aloe 2% + NAG 2% Solution for Post-Acne Marks,Treatment & Serums,Face Serums,$14.50,1.0 oz,https://media.ulta.com/i/ulta/2609862?w=100&h=100&fmt=auto,718 Reviews,"Benefits
Reduces the appearance of post-acne marks
Reduces the look of skin redness caused by irritation
Reduces the appearance of pores
Improves the appearance of uneven skin tone and the feel of uneven skin texture
Strengthens and maintains skin barrier function
Boosts skin hydration
Key Ingredients
N-acetyl Glucosamine (NAG): targets the look of uneven skin tone
Palmitoyl Pentapeptide-4: a multifunctional peptide that supports the skin barrier, smooths textural irregularities, and evens out skin tone
Aloe Barbadensis Leaf Juice Powder: a plant-based extract known for its moisturizing properties","Aqua (water), Propanediol, Glycerin, Dipropylene Glycol, Aloe Barbadensis Leaf Juice Powder, Acetyl Glucosamine, Palmitoyl Pentapeptide-4, Biosaccharide Gum-2, Pentylene Glycol, Xanthan Gum, Isoceteth-20, Hydroxymethoxyphenyl Decanone, Sodium Lactate, Lactic Acid, Sodium Hydroxide, Ethylhexylglycerin, Phenoxyethanol, Chlorphenesin.","Apply a few drops to the face in the morning and evening. If irritation occurs, rinse off, cease use, and consult a physician. Use only as directed on unbroken skin. Patch testing prior to use is advised. Keep out of reach of children."
pimprod2033423,La Roche-Posay,Effaclar Face Serum with Salicylic Acid,Treatment & Serums,Face Serums,$42.99,1.0 oz,https://media.ulta.com/i/ulta/2597368?w=100&h=100&fmt=auto,636 Reviews,"Benefits
Clears acne blemishes and helps prevent new breakouts
Visibly reduces pores, fine lines, and post-acne marks
77% agree pores appear less visible in 2 weeks
Allergy Tested
Dermatologist Tested
Non-comedogenic
Suitable for all skin types
Key Ingredients
Triple Acid Complex: a blend of 1.5% salicylic acid, glycolic acid, and micro-exfoliating lipo-hydroxy acid for optimal efficacy
Niacinamide & La Roche-Posay Thermal Water to help soothe skin and minimize skin irritation
Formulated Without
Parabens","Water, Alcohol Denat., Propanediol, Glycolic Acid, Niacinamide, Dimethyl Isosorbide, Pentylene Glycol, Sodium Hydroxide, Ppg-26-Buteth-26, Hydroxyethylpiperazine Ethane Sulfonic Acid, Citric Acid, Peg-30 Glyceryl Cocoate, Peg-40 Hydrogenated Castor Oil, Peg-60 Hydrogenated Castor Oil, Capryloyl Salicylic Acid, Biosaccharide Gum-1, Maltodextrin, Phytic Acid, Polyquaternium-10, Fragrance.","Step 1: Shake well for even application.
Step 2: Apply the entire affected area with a thin layer after cleansing face. Do not rinse off. Start with one application daily, then gradually increase to two or three times daily if needed.
Step 3: In the daytime, apply daily sun protection. Avoid eye area.
Precautions: Do not use on peeling or compromised skin. Avoid the eye contour and contact with eyes. This product contains an alpha hydroxy acid (AHA) that may increase your skin's sensitivity to the sun and particularly the possibility of sunburn. Use a sunscreen, wear protective clothing, and limit sun exposure while using this product and for a week afterwards."
pimprod2040914,Clinique,Smart Clinical Repair Lifting Face + Neck Cream,Moisturizers,Neck Cream,$82.00,1.7 oz,https://media.ulta.com/i/ulta/2610876?w=100&h=100&fmt=auto,525 Reviews,"Benefits
All Skin Types
Clinically proven to visibly lift skin on face and neck, visibly reduce lines and wrinkles, and smooth neck crepiness.
Formulated with multi-peptides to help boost skin's natural collagen production to help boost skin's strength.
Skin looks smoother and more lifted and feels firmer.
Plumps with instant and long-lasting hydration.
Built on Dermatological Science: As a dermatologist-guided brand, Clinique's commitment to safety starts with skincare science. Clinique partners with the best minds in dermatology and formulate for all skin types, tones, concerns - in service of all skin.
Dermatologist tested. Safe for sensitive skin.
Allergy tested. 100% fragrance free.
Non-acnegenic
Free of: Fragrance, Parabens, Phthalates, Sodium lauryl sulfate, Sodium laureth sulfate, synthetic colors & drying alcohol
Key Ingredients
Formulated with peptides to help boost skin's strength for a smoother appearance and hyaluronic acid to help hydrate skin.
Multi-peptides: Support skin's strength, which helps skin look more lifted and lines and wrinkles look reduced.
Hyaluronic acid, jojoba oil, and shea butter: Blend of moisturizing ingredients helps hydrate, restore suppleness, and visibly smooth fine, dry lines.
Daily moisturizer for face and neck supports skin’s strength, which helps skin look more lifted and lines and wrinkles look reduced. The formula includes ''self-assembly,'' ''neuropeptide,'' and ''signaling peptides''
Palmitoyl tripeptide-1
Acetyl hexapeptide-8
Palmitoyl tetrapeptide-7
Palmitoyl hexapeptide-12
Research Results
100% show a more lifted-looking face and neck.*
100% show a less crepey-looking neck.*
*Percentage of women in an index combining improvement in neck, jawline, and cheek sagging; clinical testing on 36 women after using product for 12 weeks.
97% show visibly reduced crow's feet lines.**
97% show visibly reduced lines and wrinkles on neck.**
**Clinical testing on 36 women after using the product for 12 weeks.","Water\Aqua\Eau, Butyrospermum Parkii (Shea) Butter, Butylene Glycol, Caprylic/Capric/Myristic/Stearic Triglyceride, Polyglyceryl-3 Methylglucose Distearate, Glycerin, Coco-Caprylate/Caprate, Simmondsia Chinensis (Jojoba) Seed Oil, Polyglyceryl-10 Pentastearate, Glyceryl Stearate, Behenyl Alcohol, Ricinus Communis (Castor) Seed Oil, Mangifera Indica (Mango) Seed Butter, Prunus Amygdalus Dulcis (Sweet Almond) Seed Extract, Caffeine, Dimethicone, Ethylhexylglycerin, Dimethicone/Vinyl Dimethicone Crosspolymer, Caprylyl Glycol, Beeswax\Cera Alba\Cire D'Abeille, Sodium Hyaluronate, Acetyl Hexapeptide-8, Palmitoyl Tripeptide-1, Palmitoyl Tetrapeptide-7, Palmitoyl Hexapeptide-12, Peg-8, Peg-100 Stearate, Glyceryl Polymethacrylate, Acrylates/Va Copolymer, Copernicia Cerifera (Carnauba) Wax\ Copernicia Cerifera Cera \Cire De Carnauba, Potassium Cetyl Phosphate, Acrylates/C10-30 Alkyl Acrylate Crosspolymer, Sodium Stearoyl Lactylate, Hydroxyethyl Acrylate/Sodium Acryloyldimethyl Taurate Copolymer, Stearic Acid, Hexylene Glycol, Sodium Hydroxide, Carbomer, Polysorbate 60, Sorbitan Isostearate, Polysorbate 20, Tocopheryl Acetate, Tocopherol, Disodium Edta, Phenoxyethanol, Chlorphenesin, Potassium Sorbate, Mica, Titanium Dioxide (Ci 77891)","Use face cream moisturizer morning and night on face and neck.
Apply Smart Clinical Repair Lifting Face + Neck Cream after using Clinique Smart Clinical Repair Wrinkle Correcting Serum.
Follow with Clinique Smart Clinical Repair Wrinkle Correcting Eye Cream for the ultimate de-aging routine."
pimprod2046186,TONYMOLY,Squishmallows Key Chain High Shine Lip Gloss,Lips,Lip Gloss,$10.00,Coconut,https://media.ulta.com/i/ulta/2627107?w=100&h=100&fmt=auto,69 Reviews,"Benefits
Cam’s Frosted Milk Lip Gloss Contains high levels of Vitamin C that will work to eliminate dark spots and help to even out skin tone.
Key Ingredients
Coconut Oil-adds moisture and helps moisturize dry skin
Vitamin C-helps in lightening and brightening lips.
Formulated Without
Sulfates
Parabens
Alcohol","Hydrogenated Polyisobutene, Polyglyceryl-2 Triisostearate, Ethylene/Propylene/Styrene Copolymer, Silica Dimethyl Silylate, VP/Hexadecene Copolymer, Butylene/Ethylene/Styrene Copolymer, Titanium Dioxide, Theobroma Cacao (Cocoa) Extract, Pyrus Malus (Apple) Fruit Extract, Vanilla Planifolia Fruit Extract, Fragaria Chiloensis (Strawberry) Fruit Extract, Musa Sapientum (Banana) Fruit Extract, Prunus Persica (Peach) Fruit Extract, Pentaerythrityl Tetra-di-t-butyl Hydroxyhydrocinnamate, Prunus Domestica Fruit Extract, Cocos Nucifera (Coconut) Oil, Alumina, Water, 1,2-Hexanediol, Milk Extract.","Apply generously to lips for, gloss, shine, hydration, and comfort."
pimprod2039872,MAËLYS,GET-DREAMY Overnight Toning Body Whip,Treatment & Serums,Body Treatments,$49.00,6.8 oz,https://media.ulta.com/i/ulta/2614406?w=100&h=100&fmt=auto,"1,525 Reviews","Benefits
Tightens the look of skin
Reduces the look of cellulite
Research Results
Clinically proven to tighten the look of the skin.
Clinically proven to reduce the look of cellulite.
Clinically proven to visibly reduce skin roughness.
*Based on a 56-day clinical trial with 30 participants.
Key Ingredients
Formulated without: Parabens, SLS, and Phthalates.
Milk Thistle: A potent antioxidant known for its ability to improve and smooth the appearance of fatty skin.
Uva-Ursi Leaf Extract: An antioxidant-rich ingredient derived from the bearberry plant that helps smooth the look of skin roughness.
Glycerin: A well-known hydrator that helps leave skin feeling soft, smooth, and supple.","Water (Aqua, Eau), Ethylhexyl Palmitate, Palmitic Acid, Stearic Acid, Propylene Glycol, Glycerin, Dimethicone, Butyrospermum Parkii (Shea) Butter, Cetearyl Alcohol, Cocos Nucifera (Coconut) Oil, Melatonin, Chamomilla Recutita (Matricaria) Flower Extract, Acrylates/C10-30 Alkyl Acrylate Crosspolymer, Valeriana Officinalis Root Extract, Silybum Marianum Extract, Lactobacillus Ferment, Sarcothalia Circumcincta, Propanediol, Carbomer, Sodium Hydroxide, Sodium Phytate, Magnesium Ascorbyl Phosphate, Gluconolactone, Cyathea Medullaris Leaf Extract, Arctostaphylos Uva-Ursi Leaf Extract, Passiflora Edulis Seed Oil, Myristic Acid, C13-14 Isoparaffin, Laureth-7, Tocopherol, Ethylhexylglycerin, Polyacrylamide, Phospholipids, Phenoxyethanol, Sodium Benzoate, Potassium Sorbate, Calcium Gluconate, Fragrance (Parfum), Citronellol, Coumarin, Eugenol, Geraniol, Limonene, Linalool , Blue 1 (CI 42090), Red 33 (CI 17200).","Apply the body whip all over, especially to the areas you'd like to visibly tighten. Massage in circular motions until fully absorbed. Let the active ingredients work their magic while you sleep. Use nightly for best results."
pimprod2050843,Sol de Janeiro,Brazilian Kiss Cupuaçu Lip Butter,Lips,Lip Balms & Treatments,$18.00,0.21 oz,https://media.ulta.com/i/ulta/2637657?w=100&h=100&fmt=auto,"11,379 Reviews","Features
The ultra-indulgent lip butter nourishes lips with its blend of moisturizing cupuaçu butter, antioxidant-rich açai oil, and super-conditioning coconut oil.
Leaves lips with a caramelized vanilla scent.
Gluten Free
Paraben Free
Sustainably Sourced
Key Ingredients
Cupuaçu Butter: Full of fatty-acids, phytosterols, and polyphenols to lock in moisture.
Açaí Oil: An antioxidant-rich super fruit that helps protect skin from environmental aggressors.
Coconut Oil: Melts quickly into skin to soften, condition and moisturize.
Formulated Without
Gluten
Parabens
Artificial Colorants
Phthalates
PEGs
Mineral Oil
Nuts
Microbeads","Helianthus Annuus (Sunflower) Seed Oil, Cocos Nucifera (Coconut) Oil, Olea Europaea (Olive) Fruit Oil, Behenyl Behenate, Polyhydroxystearic Acid, Helianthus Annuus (Sunflower) Seed Wax, Vitis Vinifera (Grape) Seed Oil, Theobroma Grandiflorum (Cupuaçu) Seed Butter, Aroma (Flavor), Euphorbia Cerifera (Candelilla) Wax, Euterpe Oleracea (Açaí) Fruit Extract, Aloe Barbadensis Leaf Extract, Oryza Sativa (Rice) Bran Extract, Rosmarinus Officinalis (Rosemary) Leaf Extract, Helianthus Annuus (Sunflower) Extract, Tocopherol.",Simply swipe and enjoy. Provides a hydrating base for lipstains and lipstick.
pimprod2033258,Estée Lauder,Advanced Night Repair Eye Gel-Cream,Eye Treatments,Eye Cream,$76.00,0.5 oz,https://media.ulta.com/i/ulta/2597371?w=100&h=100&fmt=auto,"4,003 Reviews","Benefits
Starting tonight, supercharge your eyes for a brighter, more wide-awake eye look. Dark circles look brighter in just 2 weeks. Lines and other initial signs of eye aging look reduced.
Infused with our exclusive Night Peptide, this fresh, lightweight, fast-absorbing Gel-Creme works night and day. It boosts skin's natural visible youth-generating ability so skin looks renewed.
Key Ingredients
1-IN-60 MILLION NIGHT PEPTIDE
Advanced Night Repair Eye, with our exclusive 1-in-60 million Night Peptide, works to help optimize skin's natural night and day rhythm of repair and protection. Skin feels firmer and looks renewed.
Even when life is keeping you up, Estée Lauder's best eye cream won't let your eyes show it.
Research Results
Brightens with Multi Dark Circle Power:
• Formulated to target dark circles in all locations: under eye, upper eye, inner corner, outer corner and all around.
• Clinically tested and shown to target a blend of blue/purple and brown circles.
• Reduces the visible intensity of dark circles.
Targets Eye Lines and the Look of Initial Signs of Aging:
• Undereye lines look reduced in just 1 week.(1)
• 89% agreed initial signs of aging appear diminished.(2)
Reveals Hydrated, Radiant, More Well-Rested Looking Eyes:
• 1 application delivers 100-hour hydration(3). Plumps and moisturizes with Hyaluronic Acid.
• Immediately reveals radiant looking eyes.
• 92% said tired eyes looked more rested, less fatigued.(2)
DOUBLE ACTION—FIGHTS THE VISIBLE EFFECTS OF FREE RADICAL DAMAGE:
• Blue light, including from devices, triggers skin-damaging free radicals.
• Our best eye cream helps RESIST visible environmental irritation with our exclusive FR-Defense™ technology.
• And it helps NEUTRALIZE skin-damaging free radicals with 8-hour anti-oxidant power. Our potent formula, with Vitamin E, helps protect against free-radical damage all day.
(1) Clinical testing on 52 women after 1 week.
(2) Consumer testing on 279 women after using product for 3 weeks.
(3) Clinical testing on 31 women shows increased moisture 100 hours after a single application of the product.","Water\Aqua\Eau, Dimethicone, Methyl Trimethicone, Bifida Ferment Lysate, Dimethicone/Vinyl Dimethicone Crosspolymer, Propanediol, Petrolatum, Sucrose, Glycerin, Butylene Glycol, Acrylamide/Sodium Acryloyldimethyltaurate Copolymer, Trehalose, Tripeptide-32, Adansonia Digitata Seed Extract, Lavandula Angustifolia (Lavender) Flower Extract, Sodium Hyaluronate, Lactobacillus Ferment, Tocopheryl Acetate, Yeast Extract\Faex\Extrait De Levure, Hypnea Musciformis Extract, Sodium Rna, Caffeine, Squalane, Anthemis Nobilis Flower Oil, Poria Cocos Sclerotium Extract, Citrullus Lanatus (Watermelon) Fruit Extract, Lens Esculenta (Lentil) Fruit Extract, Pyrus Malus (Apple) Fruit Extract, Ethylhexylglycerin, Sodium Pca, Phytosphingosine, Hydrolyzed Algin, Hordeum Distichon (Barley) Extract\Extrait D'Orge A Deux Rangs, Jojoba Esters, Triticum Vulgare (Wheat) Germ Oil, Hydrogenated Lecithin, Lecithin, Isohexadecane, Jojoba Alcohol, Isopropyl Jojobate, PEG/PPG-18/18 Dimethicone, Polysorbate 80, Acrylates/C10-30 Alkyl Acrylate Crosspolymer, Tromethamine, Sorbitan Oleate, Sodium Lactate, Polysorbate 40, Potassium Gluconate, Tocopherol, BHT, Phenoxyethanol, Potassium Sorbate, Sodium Benzoate, Iron Oxides (CI 77491), Iron Oxides (CI 77492).
please be aware that ingredient lists may change or vary from time to time. Please refer to the ingredient list on the product package you receive for the most up to date list of ingredients.","Apply AM and PM all around eye area.
How to Recycle: When the glass jar is empty, please rinse and recycle it. Carton is also recyclable."
pimprod2020888,Tarte,Skin Treat Poreless Tinted Moisturizer SPF 20,Moisturizers,Tinted Moisturizer,$36.00,Fair,https://media.ulta.com/i/ulta/2573722?w=100&h=100&fmt=auto,379 Reviews,"Benefits
Medium buildable coverage, natural matte finish
Unique whipped texture feels featherlight
Diamond powder, plants & lipoamino acids help blur imperfections & hydrate
Protects with non-chemical sunscreen filters
Research Results
CLINICAL RESULTS:*
vegan
12-hour makeup
dermatologist tested
IN A CONSUMER PANEL STUDY:*
100% saw an immediate improvement in skin texture
97% said skin felt smoother & softer immediately
91% said pores & fine lines were minimized after 4 weeks of use
*based on a study of 32 subjects
Formulated Without
Parabens
Mineral Oil
Phthalates
Triclosan
Sodium Lauryl Sulfate
Gluten","Inactive: Cyclopentasiloxane, Isododecane, Mica, Polysilicone-11, Polymethylsilsesquioxane, Hexyl Laurate, Peg-10 Dimethicone, Polyglyceryl-4 Isostearate, Stearic Acid, Cetyl Peg/Ppg-10/1 Dimethicone, Alumina, Dipalmitoyl Hydroxyproline, Triethoxycaprylylsilane, Diamond Powder, Iron Oxides.",Apply a dime-sized amount to your hands & blend all over your face as you would your fave moisturizer.
pimprod2038536,Bondi Sands,Technocolor 1 Hour Express Self Tanning Foam,Suncare,Self-Tanning & Bronzing,$30.00,Caramel,https://media.ulta.com/i/ulta/2608462?w=100&h=100&fmt=auto,570 Reviews,"Benefits
Dermachromatic color technology
Formulated with low-level tanning active ingredients and electrolyte hydration
Perfect for deep skin tones looking to achieve a warm, golden toned glow
Caramel color enhancers to counteract dryness
1 hour express formula
Suitable for sensitive skin
Fragrance free & dermatologically tested","Aqua (Water), Dihydroxyacetone, Propylene Glycol, Trideceth-9, Polysorbate 20, Peg-5 Ethylhexanoate, Glycerin, Ethoxydiglycol, Sodium Hyaluronate, Aloe Vera Callus Extract, Cocos Nucifera (Coconut) Water, Erythrulose, Peg-12 Dimethicone, Peg-12 Allyl Ether, Peg-12, Disodium Edta, Ethylhexylglycerin, Panthenol, CI 19140 (FD&C Yellow No. 5), CI 14700 (FD&C Red No. 4), CI 42090 (FD&C Blue No. 1), CI 17200 (D&C Red No. 33), Phenoxyethanol.","Step 1: For best results, ensure your skin is clean, exfoliated and free of any moisturizers.
Step 2: Pump Bondi Sands Technocolor Self-Tanning Foam liberally onto an application mitt and apply to body using long, sweeping motions.
Step 3: After 1 hour, shower with warm water and gently pat skin dry. For best results, leave on skin for a minimum of 3 hours.
Precautions: Store below 86 degrees F."
pimprod2042968,COSRX,The 6 Peptide Skin Booster Serum,Treatment & Serums,Face Serums,$25.00,5.07 oz,https://media.ulta.com/i/ulta/2621867?w=100&h=100&fmt=auto,"5,287 Reviews","Benefits
Boosts overall skin condition such as pore&sebum, firmness, fine lines, skin texture, skin tone and soothing
Makes your skin soft and smooth with skin tone and texture after use
Non sticky, lightweight texture to absorb quickly
Key Ingredients
SH-Polypeptide-121: Collagen Boosting & Plumping
Copper Tripeptide-1: Retexturize
Dipeptide Diaminobutyroyl Benzylamide Diacetate: Excess Sebum & Pore Care
Oligopeptide-68: Brightening
Palmitoyl Tripeptide-8: Soothe & Reduce Skin Sensitivity
Acetyl Hexapeptide-8: Smooth Fine Lines & Firmness","Water, Dipropylene Glycol, Glycerin, Pentylene Glycol, 1,2-hexanediol, Niacinamide, Ammonium Acryloyldimethyltaurate/vp Copolymer, Polyacrylate Crosspolymer-6, Butylene Glycol, Xanthan Gum, Ethylhexylglycerin, Adenosine, Polyquaternium-51, Disodium EDTA, Citric Acid, Caprylyl Glycol, Betaine, T-butyl Alcohol, Sodium Pca, Sodium Lactate, Acetyl Hexapeptide-8, Copper Tripeptide-1, Pca, Sh-polypeptide-121, Serine, Alanine, Allantoin, Sodium Hyaluronate, Acetyl Glucosamine, Glycine, Glutamic Acid, Lysine Hcl, Threonine, Dipeptide Diaminobutyroyl Benzylamide Diacetate, Arginine, Tocopherol, Oligopeptide-68, Proline, Dextran, Palmitoyl Tripeptide-8, Glycine Soja (soybean) Oil, Hydrogenated Lecithin, Potassium Sorbate, Sodium Oleate.",After cleansing you may use this serum as the first step of skin care. Spread the serum on the entire face and you may apply several times to amplify the effect of the next serum or ampoule.
pimprod2037358,Peach Slices,Nose Pore Patches,Treatment & Serums,Acne & Blemish Treatments,$9.99,7 ct,https://media.ulta.com/i/ulta/2605745?w=100&h=100&fmt=auto,280 Reviews,"Benefits
Soaks up gunk - impurities and excess oil - from pores and pimples
Pores look clearer and tighter after use
Non-drying hydrocolloid material does not strip skin
Medical-grade hydrocolloid works rapidly
Flexibly thin for a universal fit
Removes easily without pain or leftover residue
Effective and fun: Peach Slices formulas are formulated for all skin types and deliver holistic and easy solutions for stubborn skin issues
Research Results
94% said pores looked tighter, clearer and smaller after just two uses*
*Results from a third party consumer study",Hydrocolloid.,"Step one: Prep by cleansing and fully drying skin. Exfoliate for best results.
Step two: Remove the sterile Nose Pore Patch from the outer packaging. Peel off backing to reveal the adhesive side of the Nose Pore Patch. Smooth patch over nose from the middle out with the adhesive side on skin. Remove and discard thin cover on top surface of patch - grab light purple tabs in the middle and peel towards the outside of the Nose Pore Patch. Leave your hydrocolloid Nose Pore Patch on your nose area for 6-8 hours overnight.
Step three: Remove the patch by gently peeling from one side to the other to reveal transformed pores.
Precautions: External use only. Stop using and ask a doctor if a rash or irritation occurs. Keep out of reach of children. Store unused patches in resealable pouch."
pimprod2031341,Beekman 1802,Milk Shake Hyaluronic Acid & Squalane Facial Toner Mist,Moisturizers,Face Mists & Essences,$38.00,8.1 oz,https://media.ulta.com/i/ulta/2593006?w=100&h=100&fmt=auto,679 Reviews,"Benefits
Instantly tones and hydrates skin
2-in-1 treatment that works to keep skin both hydrated and balanced all day long
Prevents trans epidermal water loss and protects skin barrier without clogging pores
Helps to relieve redness and irritation
Safe for sensitive skin
2022 Allure Best of Beauty Skin Award Winner
Key Ingredients
Mugwort is an ancient super herb & proven adaptogen that relieves stress and redness. Using mugwort as an astringent instead of alcohol makes Beekman 1802's mist safe for sensitive skin.
Goat Milk & Probiotic Extract feed and nourish the skin's microbiome to keep it balanced.
Jojoba Oil is a natural occlusive that creates a physical barrier on the skin, helping to lock in moisture and hydration.
Plant-derived Squalane is an emollient that prevents trans epidermal water loss and protects the skin while being non-comedogenic, meaning that it won't clog pores.
Research Results
Proven for 8 hours of hydration
+111% increase in hydration after 8 hours
+45% increase in hydration after 1 use","Water (Aqua), Ethylhexyl Palmitate, Caprylic/Capric Triglyceride, Coco-Caprylate/Caprate,1,2-Hexanediol, Simmondsia Chinensis (Jojoba) Seed Oil, Caprae Lac (Goat Milk), Colostrum, Bifida Ferment Lysate, Lactose, Milk Protein, Artemisia Capillaris (Mugwort) Extract, Hyaluronic Acid, Squalane, Aloe Barbadensis Leaf Water, Eryngium Alpinum (Blue Thistle) Flower Extract, Chamomilla Recutita (Matricaria) Flower Extract, Honey Extract, Hippophae Rhamnoides (Sea Buckthorn) Oil, Symphytum Officinale (Comfrey) Leaf Extract, Hydrolyzed Jojoba Esters, Glycerin, Sodium Chloride, Hydroxyacetophenone, Pentaerythrityl Tetra-di-I-butyl, Hvdroxvhvdrocinnamate, Ethylhexylglycerin, Propanediol, Tocopherol, Whey Protein, C10-18 Triglycerides, Lecithin. . . and Kindness.",SHAKE WELL TO ACTIVATE. Shake the bottle generously before spraying. Reapply throughout the day for an instant refresh. This daily toner mist is perfect for setting makeup and refreshing skin throughout the day.
pimprod2039944,e.l.f. Cosmetics,Suntouchable All Set for Sun SPF 45,Suncare,Sunscreen,$14.00,2.0 oz,https://media.ulta.com/i/ulta/2611368?w=100&h=100&fmt=auto,"4,600 Reviews","Benefits
Clear setting spray with broad spectrum SPF 45 sunscreen
Primes, protects, refreshes, and sets makeup in place for long-lasting wear
Allows for easy SPF re-application over makeup throughout the day
Quick-dry spray formula that won’t leave a white cast or a greasy feel
Infused with skin-loving ingredients like watermelon fruit extract, prickly pear seed oil, and bisabolol
Clear formula great for all skin tones
Fragrance-free
100% vegan and cruelty-free, e.l.f. is Leaping Bunny Certified
e.l.f. is proud to partner with Fair Trade USA and manufacture products in Fair Trade Certified facilities. Look for the Fair Trade Certified seal on your e.l.f. product!
Key Ingredients
Watermelon fruit extract
Prickly pear seed oil
Bisabolol
Formulated Without
Sulfates
Phthalates
Parabens
Nonylphenol Ethoxylates
Triclosan
Triclocarban
Hydroquinone","Active: Avobenzone 2.9%, Octisalate 4.9%, Octocrylene 9.5%.
Inactive: Alcohol Denat., Butyloctyl Salicylate, Isododecane, Diisooctyl Succinate, Diheptyl Succinate, Silica Caprylyl Silylate, Dicaprylyl Carbonate, Helianthus Annuus (Sunflower) Seed Oil, Citrullus Lanatus (Watermelon) Fruit Extract, Opuntia Ficus-Indica Seed Oil, Bisabolol, PVP, Capryloyl Glycerin/Sebacic Acid Copolymer, Ethyl Ferulate, Tocopherol, Beta-Sitosterol, Squalene, Nylon-12, Lauroyl Lysine.
Ingredients may change or vary from time to time. Please refer to the packaging of the product you received for the list of ingredients in your particular product.","Apply 15 minutes before sun exposure, or before makeup application to prime skin and over makeup to set it in place.
Shake well before each use.
Closing eyes and lips, spray generously and evenly over face from 8-10 "" away.
Keep eyes closed for 3 seconds post-application.
Re-apply every 2 hours."
pimprod2044942,The Ordinary,Retinal 0.2% Emulsion High-Strength Retinoid Nighttime Treatment,Treatment & Serums,Face Serums,$14.90,0.5 oz,https://media.ulta.com/i/ulta/2623548?w=100&h=100&fmt=auto,945 Reviews,"Benefits
Firms and smooths skin after 2 uses*
*(after 1x week usage for 2 weeks)
Key Ingredients
Encapsulated Retinal
Synthetic Oat Analogues","Aqua (Water), Coco-Caprylate/Caprate, Propanediol, Pentylene Glycol, Hydroxyapatite, Retinal, Cetylhydroxyproline Palmitamide, 4-T-Butylcyclohexanol, Hydroxyphenyl Propamidobenzoic Acid, Ergothioneine, Biosaccharide Gum-1, Bisabolol, Brassica Campestris Sterols, Zingiber Officinale Root Extract, Butylene Glycol, Isohexadecane, Hexyldecanol, Maltodextrin, Caesalpinia Spinosa Gum, Polyacrylate Crosspolymer-6, Hydroxyethyl Acrylate/Sodium Acryloyldimethyl Taurate Copolymer, Stearic Acid, Isoceteth-20, Polysorbate 60, Ascorbyl Palmitate, Tocopherol, Lactic Acid, Sodium Lactate, Sodium Hydroxide, Ethylhexylglycerin, Phenoxyethanol, Chlorphenesin.","Apply a pea-sized amount to clean, dry face and neck in the evening. Avoid the eye contour and contact with eyes. Start with a weekly application and gradually increase to twice a week, a few days apart, as tolerated by your skin. Apply a moisturizer afterwards. Do not use with other retinoid products. Use sun protection during the day.
*Before first use, gently tap the bottom of the packaging on a hard surface to allow product to dispense properly*"
pimprod2039902,La Roche-Posay,Lipikar AP+ Gentle Foaming Cleansing Oil,Cleansers,Face Wash,$19.99,13.52 oz,https://media.ulta.com/i/ulta/2611201?w=100&h=100&fmt=auto,937 Reviews,"Benefits
Foaming body & face cleansing oil provides long-lasting, 24 hour hydration
Gently cleanses skin and helps alleviate dryness
Skin feels instantly soothed and moisturized
Skin feels soft and supple
Helps protect skin from drying effects of water
Helps prevent loss of hydration over time
Key Ingredients
La Roche-Posay Thermal Spring Water is naturally rich in minerals with scientifically demonstrated soothing and antioxidant properties
Shea Butter helps restore and sooth skin
Niacinamide is form of vitamin B3 with soothing properties
Glycerin moisturizes and hydrates the skin
Features
Dermatologist Tested
Safe for Sensitive Skin
Paraben Free
Fragrance Free
Non Comedogenic
Allergy Tested
Soap Free
Suitable for Babies 2 weeks and up
Suitable for patients undergoing chemotherapy.*
*Do not use on broken skin. Consult a medical professional prior to use.","Water, Glycerin, Sodium Laureth Sulfate, Peg-200 Hydrogenated Glyceryl Palmate, Coco-Betaine, Polysorbate 20, Citric Acid, Peg-7 Glyceryl Cocoate, Oniacinamide, Acrylates Copolymer, Butyrospermum Parkii Butter / Shea Butter, Cocamide Mea, Disodium Edta, Glycol Distearate - Mannose, Polyquaternium-11, Sodium Benzoate, Sodium Chloride, Sodium Hydroxide - Vitreoscilla Ferment.","Step 1: Wet skin with lukewarm water.
Step 2: Lather in hands and apply to wet body and face.
Step 3: Massage foaming body & face cleansing oil gently into skin to cleanse.
Step 4: Rinse thoroughly and pat dry without rubbing.
Can be used on face and body."
pimprod2037855,Kopari Beauty,Rose Gold Sun Shield Body Glow Gel SPF 45,Suncare,Sunscreen,$42.00,5.0 oz,https://media.ulta.com/i/ulta/2605238?w=100&h=100&fmt=auto,774 Reviews,"Benefits
Broad spectrum UVA/UVB SPF 45
Luxurious and lightweight gel texture
Applies on clear, absorbs seamlessly into skin making it ideal for daily use
A unique blend of superfood oils, antioxidants and natural, rose gold pearlescent minerals leave skin ultra-moisturized with a hydrated glow
Easy, mess-free application
Infused with a juicy guava mango scent
100% Recyclable
Key Ingredients
Macadamia Oils: help minimize UV irritation while antioxidant-rich hibiscus oil is known to protect & repair
Vitamin E: helps calm and protect skin from environmental stressors
Moisturizing Avocado & Coconut Oils: boost skin hydration and help reduce the appearance of fine lines and wrinkles
Sustainably-Sourced Rose Gold Shimmer Mica: adds a subtle glow
Formulated Without
PEGs, Silicones, Phthalates, Sulfates","Active: Homosalate 10%, Octocrylene 10%, Octisalate 5%, Avobenzone 3%. Inactive: Octyldodecanol, C12-15 Alkyl Benzoate, Polyamide-3, Butyloctyl Salicylate, Octyldodecyl Neopentanoate, Aleurites Moluccana Seed Oil, Macadamia Ternifolia Seed Oil, Tocopheryl Acetate, Cocos Nucifera (Coconut) Oil, Hibiscus Sabdariffa Seed Oil, Persea Gratissima (Avocado) Oil, Fragrance (Parfum), Triethoxycaprylylsilane, Pentaerythrityl Tetra-di-t-butyl Hydroxyhydrocinnamate, Alpha Isomethyl Ionone, Benzyl Benzoate, Coumarin, Hexyl Cinnamal, Limonene, Synthetic Fluorphlogopite, Mica, Tin Oxide, Titanium Dioxide (CI 77891), Iron Oxides (CI 77491).","Pump a generous amount of product onto your palm to apply. Apply one layer, let it absorb and then apply another layer. Reapply every 2 hours.
Precautions: For external use only. Do not use on damaged or broken skin. When using this product keep out of eyes. Rinse with water to remove. Stop use and ask a doctor if rash occurs. Keep out of reach of children. If swallowed, get medical help or contact a Poison Control Center right away."
pimprod2050104,TULA,Protect + Go Dewy Glow Sunscreen Stick SPF 50,Suncare,Sunscreen,$29.00,0.5 oz,https://media.ulta.com/i/ulta/2635493?w=100&h=100&fmt=auto,68 Reviews,"Benefits
Provides broad spectrum SPF 50 protection
Leaves a dewy glow
Mess-free, on-the-go application
Key Ingredients
Vitamin C
Cloudberry
Papaya
Does not contain live cultures.","Sunscreen/active: Avobenzone 3.0% Homosalate 10.0% Octisalate 5.0% Octocrylene 10.0%. Inactive: Polyamide-8, C12-15 Alkyl Benzoate, Coco-caprylate/caprate, Isopropyl Isostearate, Butyloctyl Salicylate, Polyamide-3, Vp/eicosene Copolymer, Carica Papaya (papaya) Fruit Extract, Tetrahexyldecyl Ascorbate, Rubus Chamaemorus Seed Oil, Tocopherol, Oryza Sativa (rice) Germ Extract, Oryza Sativa (rice) Extract, Helianthus Annuus (sunflower) Seed Oil, Hylocereus Undatus Fruit Extract, Glycine Soja (soybean) Oil, Tocopheryl Acetate, Caprylyl Glycol, Caprylic/capric Triglyceride, Diethylhexyl Syringylidenemalonate, Pentaerythrityl Tetra-di-t-butyl Hydroxyhydrocinnamate, Isostearic Acid, Polyglyceryl-3 Diisostearate.",Apply liberally 15 minutes before sun exposure. Reapply at least every 2 hours. Use water resistant sunscreen if swimming or sweating.
pimprod2029957,Dermalogica,Dynamic Skin Recovery Moisturizer SPF 50,Moisturizers,Face Moisturizer,$85.00,1.7 oz,https://media.ulta.com/i/ulta/2588996?w=100&h=100&fmt=auto,"2,305 Reviews","Benefits
Medium-weight SPF 50 moisturizer helps neutralize free radical pollution
Improves skin's complexion
As an active sunscreen, it protects against UVA and UVB rays
This collagen stimulating blend promotes strong skin elasticity, firmness, and blends smoothly into skin to create a perfectly hydrated base for makeup
Provides long-lasting hydration
Suggested for those with balanced, dry and combination skin types
Suggested for those with concerns of fine lines, wrinkles, dryness, loss of firmness and elasticity
Key Ingredients
Broad-Spectrum SPF 50: protects skin from UVA and UVB rays
Polypeptide Blend: stimulates collagen and firms skin
White Tea Extract: minimizes the appearance of skin aging
Squalane: helps moisturize and improve moisture barrier
Formulated Without
Parabens
Sulfates
Phthalates
Synthetic Fragrance","Active: Avobenzone (3.0%), Homosalate (5.0%), Octisalate (3.0%), Octocrylene (7.0%). Inactive: Water/Aqua/Eau, Carthamus Tinctorius (Safflower) Oleosomes, Butylene Glycol, Dimethicone, C12-15 Alkyl Benzoate, Propanediol, Polysorbate 80, Palmitoyl Tetrapeptide-7, Dipotassium Glycyrrhizate, Aniba Rosodora (Rosewood) Wood Oil, Camellia Sinensis Leaf Extract, Helianthus Annuus (Sunflower) Seed Oil, Pelargonium Graveolens Flower Oil, Eugenia Caryophyllus (Clove) Leaf Oil, Saccharomyces Cerevisiae Extract, Laminaria Digitata Extract, Rosa Damascena Flower Oil, Eugenia Caryophyllus (Clove) Bud Oil, Citrus Limon (Lemon) Peel Oil, Cymbopogon Schoenanthus Oil, Cymbopogon Martini Oil, Cupressus Sempervirens Leaf Oil, Citrus Limon (Lemon) Peel Extract, Eucalyptus Globulus Leaf Oil, Tocopherol, Squalane, Caprylyl Glycol, Carnosine, Acrylates/C10-30 Alkyl Acrylate Crosspolymer, Lecithin, Urea, Caprylic/Capric Triglyceride, Glycerin, Pentylene Glycol, Bisabolol, Glucosamine HCl, Ethylhexylglycerin, 1,2-Hexanediol, Gluconolactone, Polysorbate 60, Trisodium Ethylenediamine Disuccinate, Sorbitan Isostearate, Decyl Glucoside, Aminomethyl Propanol, Hydroxyethyl Acrylate/Sodium Acryloyldimethyl Taurate Copolymer, Polysilicone-11, Sodium Acrylates Copolymer, Phenethyl Alcohol, Sodium Benzoate, Linalool, Eugenol, Limonene, Citronellol, Geraniol, Benzyl Benzoate, Citral, Titanium Dioxide (CI 77891).","After cleansing and toning, apply a generous amount to face and neck, preferably 30 minutes prior to sun exposure.
Precautions: For external use only. Do not use on damaged or broken skin. Avoid contact with eyes. If contact occurs, flush with water. Apply prior to sun exposure and reapply often. Discontinue use if skin irritation develops. Do not use on infants under 6 months."
pimprod2050125,Supergoop!,Round-Trip Ready SPF Travel Kit,Lips,Lip Balms & Treatments,$40.00,,https://media.ulta.com/i/ulta/2635697?w=100&h=100&fmt=auto,5 Reviews,"Benefits
Perfect for gifting and getaways!
Unseen Sunscreen SPF 50 is the iconic 100% invisible, weightless, scentless sunscreen that doubles as a primer for all-day makeup wear2 and is clinically tested to improve skin clarity.1
PLAY Everyday Lotion SPF 50 is a fast-absorbing face and body sunscreen that's water- and sweat-resistant for 80 minutes.
PLAY Antioxidant Body Mist SPF 50 is a weightless, non-aerosol sunscreen body spray that’s water- and sweat-resistant and leaves skin looking healthy and protected.
PLAY Lip Shield SPF 30 Coconut moisturizing lip balm stick that provides sun protection and helps visibly restore lips with antioxidant-rich coconut, avocado and grape seed oils.
Based on an independent clinical study with 33 women: 1After using product for 4 weeks, 28 hours after one application as compared to foundation alone
Includes
Unseen Sunscreen SPF 50 (0.5 oz)
PLAY Everyday Lotion SPF 50 (1.0 oz)
PLAY Antioxidant Body Mist SPF 50 (3.0 oz)
PLAY Lip Shield SPF 30 (0.15 oz.)
Key Ingredients
Unseen Sunscreen | A Complex of Chamomile-Derived Bisabolol & Licorice Root: Known to visibly soothe & help improve skin’s clarity
PLAY Everyday Lotion SPF 50 | Rosemary & Rice Bran Extracts: Provide calming hydration & help condition & soften skin
PLAY Lip Shield Coconut | Nourishing Oil Blend with coconut, sunflower seed and avocado oils: Moisturizes skin with rich supply of fatty acids
PLAY Antioxidant Body Mist | Green Tea Extract and Vitamin C: Reduce the visible effects of free radicals that damage skin","Unseen Sunscren SPF 50: Isododecane, Dimethicone/Bis-Isobutyl PPG-20 Crosspolymer, Dimethicone/Vinyl Dimethicone Crosspolymer, Dimethicone, Dimethicone Crosspolymer, Caprylic/Capric Triglyceride, Butyrospermum Parkii (Shea) Butter, Physalis Angulata Extract, Himanthalia Elongata Extract, Meadowfoam Estolide, Tocopherol, Jojoba Esters, Polymethylsilsesquioxane, Caprylyl Glycol, Diethylhexyl Syringylidenemalonate, Silica, Bisabolol, Dipotassium Glycyrrhizate.
PLAY Everyday Lotion SPF 50: Water, Acrylates Copolymer, Diisopropyl Sebacate, Glycerin, Isodecyl Neopentanoate, Isododecane, Lauryl Lactate, Cetyl Alcohol, Potassium Cetyl Phosphate, Brassica Campestris/Aleurites Fordi Oil Copolymer, Oryza Sativa (Rice) Bran Extract, Cetearyl Olivate, Ammonium Acryloyldimethyltaurate/VP Copolymer, Hydroxyacetophenone, Sorbitan Olivate, Diethylhexyl Syringylidenemalonate, Aniba Rosaeodora (Rosewood) Wood Oil, Chlorphenesin, Citrus Aurantium Dulcis (Orange) Peel Oil, Citrus Limon (Lemon) Peel Oil, Ethylhexylglycerin, Eucalyptus Globulus Leaf Oil, Ocimum Basilicum (Basil) Flower/Leaf Extract, Pelargonium Graveolens Flower Oil, Pogostemon Cablin Oil, Pentylene Glycol, 1,2-Hexanediol, Caprylyl Glycol, Xanthan Gum, Helianthus Annuus (Sunflower) Extract, Behenic Acid, Cetyl Behenate, Isostearyl Isostearate, Trisodium Ethylenediamine Disuccinate, Tocopherol, Allantoin, Rosmarinus Officinalis (Rosemary) Leaf Extract, Caprylic/Capric Triglyceride, Panthenol, Pentasodium Triphosphate, Citric Acid
PLAY Antioxidant Body Mist SPF 50: Alcohol Denat., Butyloctyl Salicylate, Camellia Sinensis Leaf Extract, Cananga Odorata Flower Oil, Caprylic/Capric Triglyceride, Citrus Aurantifolia (Lime) Oil, Citrus Grandis (Grapefruit) Peel Oil, Citrus Medica Limonum (Lemon) Peel Oil, Citrus Nobilis (Mandarin Orange) Peel Oil, Citrus Reticulata (Tangerine) Leaf Oil, Citrus Sinensis Peel Oil, Dicaprylyl Carbonate, Diisopropyl Adipate, Ethyl Ferulate, Euterpe Oleracea Fruit Extract, Helianthus Annuus (Sunflower) Seed Oil, Isodecyl Neopentanoate, Lavandula Angustifolia (Lavender) Oil, Mentha Piperita (Peppermint) Oil, Mentha Viridis (Spearmint) Leaf Oil, Tetrahexyldecyl Ascorbate, Tridecyl Neopentanoate, VA/Butyl Maleate/Isobornyl Acrylate Copolymer, Vitis Vinifera (Grape) Seed Oil.
PLAY Lip Shield SPF 30: Butyloctyl Salicylate, Butyrospermum Parkii (Shea) Butter, Cocos Nucifera (Coconut) Oil, Euphorbia Cerifera (Candelilla) Wax, Flavor (Coconut), Glycine Soja (Soybean) Oil, Aloe Barbadensis Leaf Extract, Helianthus Annuus (Sunflower) Seed Oil, Ozokerite Wax, Persea Gratissima (Avocado) Oil, Rosmarinus Officinalis (Rosemary) Leaf Extract, Simmondsia Chinensis (Jojoba) Seed Oil, Stevia Rebaudiana Extract, Tocopherol, Vitis Vinifera (Grape) Seed Oil.","Unseen Sunscreen SPF 50: Wear Unseen Sunscreen on its own or as a makeup-gripping primer. Complete your skincare routine. Apply Unseen Sunscreen generously and evenly across your face and neck. Allow 30 seconds for product to absorb before applying makeup.
PLAY Everyday Lotion SPF 50: Use PLAY Everyday Lotion as part of your daily skincare and bodycare routine. Complete your skincare routine. Apply PLAY Everyday Lotion generously and evenly across your face and body. Allow 30 seconds for product to absorb.
PLAY Antioxidant Body Mist SPF 50: Use PLAY Antioxidant Body Mist as part of your daily bodycare routine. Spray PLAY Mist into your palm or directly onto your body. Apply generously and evenly across all visible skin. Gently rub to blend in.
PLAY Lip Shield SPF 30: Use PLAY Lip Shield as part of your daily beauty routine. Apply PLAY Lip Shield generously and evenly. Reapply at least every 2 hours, after eating or drinking or throughout the day as needed.
Precautions: For external use only. Do not use on damaged or broken skin. When using this product keep out of eyes. Rinse with water to remove.Stop use and ask a doctor if rash occurs. Keep out of reach of children. If product is swallowed, get medical help or contact a Poison Control Center right away."
pimprod2016249,TULA,Protect + Glow Daily Sunscreen Gel Broad Spectrum SPF 30,Suncare,Sunscreen,$58.00,3.38 oz,https://media.ulta.com/i/ulta/2580286?w=100&h=100&fmt=auto,"3,379 Reviews","Benefits
Save $16 & get 2x the regular size with the new supersize version of TULA's bestselling, award-winning daily SPF 30
Provide your skin the broad spectrum protection it needs against the damaging effects of pollution & blue light
Made with skincare-first ingredients that will give your skin immediate & long-term benefits, plus a gorgeous glowy finish
90% agreed skin is glowing & looks healthier*
Self assessment on 33 subjects after 2 week
Key Ingredients
Probiotics: help improve skin smoothness & strengthen the skin barrier
Pineapple & Papaya: help promote even skin tone
Wild Butterfly Ginger Root: helps protect skin against the damaging effects of blue light & pollution","Active Ingredients: Avobenzone 3%, Homosalate 10%, Octisalate 5%.
Inactive Ingredients: Aqua/Water/Eau, Butyloctyl Salicylate, Pentylene Glycol, Lactococcus Ferment Lysate, 1,2-Hexanediol, Silica, Ectoin, Glycerin, Arginine, Hydroxyectoin, Ananas Sativus (Pineapple) Fruit Extract, Carica Papaya (Papaya) Fruit Extract, Lactic Acid, Camellia Sinensis Leaf Extract, Hedychium Coronarium Root Extract, Triethyl Citrate, Citrus Aurantium Dulcis (Orange) Peel Extract, Citrus Limon (Lemon) Peel Extract, Pyrus Communis (Pear) Fruit Extract, Pyrus Malus (Apple) Fruit Extract, Rubus Idaeus (Raspberry) Fruit Extract, Vanilla Planifolia Fruit Extract, Pimpinella Anisum Fruit Extract, Mica, Tocopherol, Ammonium Acryloyldimethyltaurate/VP Copolymer, Synthetic Fluorphlogopite, Hydrolyzed Wheat Protein/PVP Crosspolymer, Carbomer, Dibutyl Lauroyl Glutamide, Dibutyl Ethylhexanoyl Glutamide, Propanediol, Trisodium Ethylenediamine Disuccinate, Sodium Chloride, Sodium Benzoate, Ethylhexylglycerin, Tin Oxide, Phenoxyethanol.
May Contain: Titanium Dioxide (CI 77891).",Apply a generous & even amount to face after moisturizing each AM & reapply every 2 hours throughout the day.
pimprod2049909,Coco & Eve,Express Tanning Antioxidant Mousse,Suncare,Self-Tanning & Bronzing,$39.00,5.07 oz,https://media.ulta.com/i/ulta/2635174?w=100&h=100&fmt=auto,45 Reviews,"Benefits
Fast-acting formula for a deep tan that looks like you just came back from a beach vacation.
Leaves skin soft and hydrated, while helping to improve the look of texture for a more flawless look
Streak-free finish with a dark brown base that serves as a colour guide to ensure even application.
Key Ingredients
Express Tanning Complex: Powered by an advanced blend of three tan-promoting agents to deliver a fast, long-lasting bronzed look.
Coconut Extract: Packed with skin conditioners to soothe, nourish and hydrate.
Hyaluronic Acid: Locks in moisture to help plump skin.
Antioxidant-Enriched DHA: Helps protect from free-radical damage, while developing a deep tan.","Aqua/Water/Eau, Dihydroxyacetone, Caramel, Ethoxydiglycol, Coco-Glucoside, Glycerin, Saccharide Isomerate, Melanin, Sodium Hyaluronate, Cocos Nucifera (Coconut) Fruit Juice / Cocos Nucifera Fruit Juice, Erythrulose, Tocopherol, Citric Acid, Potassium Sorbate, Hydroxyethylcellulose, Sodium Citrate, Sodium Benzoate, Sodium Hydroxide, Sodium Metabisulfite, FD&C Red No. 4 / CI 14700, FD&C Yellow No. 5 / CI 19140, FD&C Blue No. 1 / CI 42090, Parfum/Fragrance.","Exfoliate before use.
Apply to dry skin, free from moisturizers.
Apply with a mitt in circular motions, using sparingly on elbows, knees, wrists and hands.
Rinse off after 1 hour and gently pat skin dry (the tan will continue to develop over 24 hours).
Moisturize daily to help maintain longer lasting results.
Precautions: Avoid contact with eyes. If the product enters the eyes, wash out thoroughly with plenty of clean water. Stop using this product if you develop redness or itching. Do not apply to damaged or inflamed skin. Store below 86°F. This product does not contain a sunscreen and does not protect against sunburn. Repeated exposure of unprotected skin while tanning may increase the risk of skin aging, skin cancer, and other harmful effects to the skin even if you do not burn."
pimprod2043783,Good Molecules,Pimple Patches,Treatment & Serums,Acne & Blemish Treatments,$8.00,60 ct,https://media.ulta.com/i/ulta/2620832?w=100&h=100&fmt=auto,218 Reviews,"Benefits
Ultra-thin hydrocolloid patches for minimal visibility that stay on longer.
Instantly conceals blemishes without sticky residue left behind.
Enjoy clearer looking skin as the patches work to remove impurities day or night.","Hydrogenated Styrene/Methylstyrene/Indene Copolymer, Cellulose Gum, Polyisobutene, Pectin.",Cleanse and pat the skin dry. Apply a patch over the blemished area and leave it on for 6-8 hours or overnight. Carefully peel the patch off. Cleanse and dry the area again before applying other products. For external use.
pimprod2033279,fresh,Sugar Lip Balm Hydrating Treatment,Lips,Lip Balms & Treatments,$26.00,Berry,https://media.ulta.com/i/ulta/2596652?w=100&h=100&fmt=auto,"4,295 Reviews","Benefits
The #1 Lip Treatment Brand in the U.S.*, Fresh offers a best-selling Sugar lip balm with 24hr hydration and sheer-to-buildable color that complements different skin tones for soft, smooth lips
*Source: The NPD Group/U.S. Prestige Beauty Total Department/Specialty, Skincare Dollar Sales, Jan-May 2022
Infused with sugar and plant-based fruit oils - including upcycled cranberry seed oil - this clear or tinted lip balm leaves lips feeling and looking healthy
24hr proven hydration even as color wears**
95% agreed it moisturized, softened & protected against dryness***
12 buildable shades developed for a wide range of skin tones
97% agreed lips looked and felt smoother***
**instrumental test, 11 subjects
***self-assessment, 62 subjects, 4 weeks
Key Ingredients
Sugar is scientifically proven to have a long-lasting hydrating effect
Cranberry seed oil helps to smooth
Grapeseed oil helps to soften
Vitamin C and E helps protect","Ricinus Communis (castor) Seed Oil, Simmondsia Chinensis (jojoba) Seed Oil, Cera Alba (beeswax), Vitis Vinifera (grape) Seed Oil, Helianthus Annuus (sunflower) Seed Wax, Hydroxystearic Acid, Parfum (fragrance), Oryza Sativa (rice) Bran Wax, Persea Gratissima (avocado) Oil, Limnanthes Alba (meadowfoam) Seed Oil, Sucrose Tetrastearate Triacetate, Vaccinium Macrocarpon (cranberry) Seed Oil, Citrus Limon (lemon) Peel Oil, Helianthus Annuus (sunflower) Seed Oil, Ribes Nigrum (black Currant) Seed Oil, Rosmarinus Officinalis (rosemary) Leaf Extract, Tocopherol, Ascorbyl Palmitate, Ascorbyl Tetraisopalmitate, Synthetic Fluorphlogopite, Ammonium Glycyrrhizate, Polyglyceryl-3 Polyricinoleate, Ethyl Vanillin, Pentaerythrityl Tetra-di-t-butyl Hydroxyhydrocinnamate, Propyl Gallate, Limonene, Citral, Linalool, Benzyl Alcohol, Geraniol, [may Contain: CI 77491, CI 77492 (iron Oxides), CI 15850 (red 7 Lake), CI 77891 (titanium Dioxide), CI 42090 (blue 1 Lake), CI 45410 (red 28 Lake)].",Apply on lips as needed.
pimprod2018254,CeraVe,Hydrating Cream-to-Foam Cleanser,Cleansers,Face Wash,$17.99,12.0 oz,https://media.ulta.com/i/ulta/2570170?w=100&h=100&fmt=auto,834 Reviews,"Benefits
One-step face wash for daily facial cleansing, face and eye makeup removal, and long-lasting hydration.
Gently removes dirt, excess oil, and even long-wear foundation and daily SPF sunscreen residue.
Starts as a rich cream and transforms into a foam as it's lathered into the skin
Now available in a refill format.
Bottles* are made from 100% recycled plastic (excluding the pump)
*8oz
Features
Fragrance free, paraben-free, and soap-free
Non-comedogenic (meaning it won't clog pores) and non-drying
Allergy-tested and pH balanced
Suitable for all skin types, contact lens wearers, adults and young adults (ages 12+ years). Unisex.
Ideal for normal / balanced to dry skin and sensitive skin
Can be used as a face wash, body wash and/or hand soap.
Key Ingredients
Hyaluronic acid: Attracts hydration to the skin’s surface and helps the skin retain moisture. Helps give skin a smooth, plump texture.
Amino acids: Help support skin's Natural Moisturizing Factors (NMF), known to attract and retain moisture
MVE Technology: This patented delivery system continually releases moisturizing ingredients for all day hydration
Ceramides: Essential for healthy skin, ceramides help restore and maintain the skin’s natural barrier, helping to keep moisture in and harmful elements out.","Aqua / Water, Urea, Cetyl Alcohol, Glyceryl Stearate Se, Cetearyl, Alcohol, Niacinamide, Butyrospermum Parkii Butter / Shea Butter, C12-13 Alkyl Lactate, Peg-100 Stearate, Glycerin, Behentrimonium Methosulfate, Dimethicone, Triacetin, Ceramide Np, Ceramide Ap, Ceramide Eop, Carbomer, Sodium Lactate, Salicylic Acid, Sodium Hydroxide, Sodium Lauroyl Lactylate, Sodium Hyaluronate, Cholesterol, Phenoxyethanol, Disodium Edta, Capryloyl Salicylic Acid, Hydroxyacetophenone, Citric Acid, Lactic Acid, Phytosphingosine, Xanthan Gum, Ethylhexylglycerin.","Step 1.) Wet face with lukewarm water
Step 2.) Rub cleanser in your hands until you get a dense foam, then massage into face and eye area in a gentle, circular motions
Step 3.) Rinse well
Avoid direct contact with eyes. If contact occurs, rinse thoroughly with water.
Build your Everyday Routine with CeraVe:
Cleanse:
Hydrating Cream to Foam Cleanser: Cleanses, hydrates, and helps restore the protective skin barrier
Treat:
Hydrating Hyaluronic Acid Serum: Replenishes skin hydration while helping restore the protective skin barrier
Moisturize:
Moisturizing Cream: Moisturizes and helps restore the protective skin barrier
Protect:
Hydrating Face Mineral Sunscreen SPF 50: 100% mineral sunscreen to reflect the sun's harmful rays plus three essential ceramides to help restore skin's natural barrier"
pimprod2048072,PEACH & LILY,Glass Skin Ginseng Collagen Mask,Treatment & Serums,Sheet Masks,$47.00,7 ct,https://media.ulta.com/i/ulta/2631359?w=100&h=100&fmt=auto,100 Reviews,"Benefits
Contains one full-size 40g serum bottle per mask for the ultimate, long-lasting Glass Skin results, not a temporary coating or glossy film that washes off
Luxurious, super-concentrated masks visibly plump, hydrate, and smooth in just one application
Delivers 25 premium, potent ingredients to visibly transform skin
Supports the skin barrier while visibly improving skin texture
Transforms from opaque to clear as ingredients absorb
Highest standard of clean for skin and earth—no PEGs or EDTAs
100% Worry Free: Peach & Lily formulas are alcohol-free, fragrance-free, & gluten-free
Key Ingredients
2% Ginseng Extract: highly potent, packed with antioxidants to visibly brighten, nourish, firm, and fights signs of aging
55,000ppm Vegan Collagen Complex: visibly firms and plumps for a glowing, bouncy skin
2% Niacinamide: refines and boosts radiance
Fermented Extract & Lipids: highly potent and absorbs easily to deeply nourish, soften, and support more resilient skin
Peptide Complex: 9 peptides, including copper peptide, helps improve the look of fine lines and wrinkles
Hyaluronic Acid Complex: helps lock in moisture to deeply and visibly hydrate skin
Cica: featuring a blend of all 4 active components of Centella Asiatica Extract (Asiaticoside, Asiatic Acid, Madecassic Acid, and Madecassoside) to visibly calm and soothe skin
Research Results
100% saw more radiant, luminous, and healthy skin*
94% agree skin felt smoothed with less noticeable fine lines and wrinkles*
95% saw glowing and hydrated skin all day*
*Brand study results","Water, Glycerin, Dipropylene Glycol, Caprylic/Capric Triglyceride, Methylpropanediol, Niacinamide, Ceratonia Siliqua (Carob) Gum, Hydrolyzed Collagen, Collagen Extract, Panax Ginseng Root Extract, Butylene Glycol, Alteromonas Ferment Extract, Hydrolyzed Hyaluronic Acid, Centella Asiatica Extract, Chamaecyparis Obtusa Water, Panthenol, Origanum Vulgare Leaf Extract, Asiaticoside, Asiatic Acid, Madecassic Acid, Madecassoside, Sodium Acetylated Hyaluronate, Sodium Hyaluronate, Glycosphingolipids, Glycolipids, Glutathione, Palmitoyl Tripeptide-5, Acetyl Tetrapeptide-5, Copper Tripeptide-1,Palmitoyl Tripeptide-1, Acetyl Tetrapeptide-2, Hexapeptide-11, Hexapeptide-9, Palmitoyl Pentapeptide-4, Tripeptide-1, Dipotassium Glycyrrhizate, Cholesterol, Calcium Gluconate, Butyrospermum Parkii (Shea) Butter, Cetyl Alcohol, Pantolactone, Allantoin, Potassium Chloride, Jojoba Esters, Gossypium Herbaceum (Cotton) Extract, Gluconolactone, Bifida Ferment Lysate, Chondrus Crispus Powder, Helianthus Annuus (Sunflower) Seed Wax, Sodium Stearoyl Glutamate, Maltodextrin, Sucrose, Sucrose Stearate, Cellulose Gum, Algin, Bisabolol, Ethylhexylglycerin, Adenosine, 1,2-Hexanediol, Daucus Carota Sativa (Carrot) Seed Oil, Chondrus Crispus, Hydroxyacetophenone, Trehalose, Hydrogenated Phosphatidylcholine, Sorbitan Sesquioleate, Glyceryl Stearate, Stearyl Alcohol, Polyglycerin-3, Polyglyceryl-10 Laurate, Sodium Phytate, Sodium Benzoate, Caprylyl Glycol, Olea Europaea (Olive) Fruit Oil, Salvia Officinalis (Sage) Oil, Lavandula Hybrida Oil, Pogostemon Cablin Oil, Citrus Aurantium Bergamia (Bergamot) Fruit Oil, Abies Sibirica Oil, Rosmarinus Officinalis (Rosemary) Leaf Oil, Citrus Aurantium Dulcis (Orange) Peel Oil, Tocopherol.","Cleanse face and apply toner or essence, if desired.
Carefully remove and discard the protective layer from the mask.
Apply the top half of the mask to upper half of face.
Apply the bottom half of the mask to bottom half of face.
USE 3 WAYS:
QUICK FIX: Treat skin for 30 minutes.
FULL TREATMENT: Wear for 3 hours, or until mask becomes clear.
NEXT DAY GLASS SKIN: Leave on overnight."
pimprod2048700,Clinique,All About Eyes Brightening Serum Concentrate with Retinoid,Eye Treatments,Eye Serums,$49.00,0.34 oz,https://media.ulta.com/i/ulta/2632281?w=100&h=100&fmt=auto,453 Reviews,"Benefits
Brightens, depuffs, hydrates.
Visibly brightening eye serum formulated with potent retinoid, yet still gentle enough for the eye area.
Precision applicator created with Clinique’s guiding dermatologist helps target hard-to-reach areas under the eye.
Instantly brightens the appearance of the undereye area for more wide-awake-looking eyes.
Reduces the appearance of dark circles over time.
Helps smooth the look and feel of skin.
Massaging the eye area with the applicator helps reduce the look of puffiness.
Metal tip feels cool on skin.
Ophthalmologist tested.
Free of drying alcohol, fragrance, oil, parabens, phthalates, sodium lauryl sulfate, sodium laureth sulfate, and synthetic color.
Dermatologist tested. Allergy tested. 100% fragrance free.
Key Ingredients
Retinoid: Helps accelerate skin’s natural cell renewal for a visibly smoother eye area.
Vitamin C: Helps reduce the look of dark circles with continued use.
Hyaluronic acid: This moisture-binding ingredient helps create a “moisture reservoir” for ideal hydration. Clinique’s formula is expertly blended with two different molecular weights of hyaluronic acid.
Research Results
94% show an instant radiance boost.*
*Clinical testing on 44 women after using the product one time.","Water\Aqua\Eau, Dimethicone, Polyethylene, Isododecane, Peg/Ppg-18/18 Dimethicone, Butylene Glycol, Glycerin, Propanediol, Trisiloxane, Sodium Chloride, Acetyl Glucosamine, Ascorbyl Glucoside, Sodium Hyaluronate, Caffeine, Yeast Extract\Faex\Extrait De Levure, Trametes Versicolor Extract, Camellia Sinensis Leaf Extract, Salicylic Acid, Dimethoxytolyl Propylresorcinol, Hydroxypinacolone Retinoate, Sodium Acetylated Hyaluronate, Caprylyl Glycol, Synthetic Fluorphlogopite, Tin Oxide, Propylene Glycol Caprylate, Dimethyl Isosorbide, Sodium Phosphate, Disodium Phosphate, Polysilicone-11, Potassium Hydroxide, Hydroxyacetophenone, Tocopheryl Acetate, Bht, Resveratrol, Disodium Edta, Phenoxyethanol, Sodium Benzoate, Potassium Sorbate, Titanium Dioxide (Ci 77891).","Gently massage under eye with applicator.
To start: use 3x a week at night.
Week 2: Use every night.
Week 3 and after: use 2x daily.
Use sunscreen and limit sun exposure while using and the week after. Avoid getting in eyes. Do not use with other retinol products."
pimprod2047172,Estée Lauder,Advanced Night Repair Skincare Starter Set,By Category,Skin Gifts,$45.00,,https://media.ulta.com/i/ulta/2628915?w=100&h=100&fmt=auto,21 Reviews,"Benefits
School is in session and here's your first lesson. Target the skin-aging effects of lack of sleep with these high-performance skincare essentials. Use daily to experience powerful nighttime renewal to stand out and glow.
Advanced Night Cleansing Gelée washes away makeup and impurities from skin's surface, without stripping or disturbing the moisture barrier. Helps skin feel soft, comfortable, balanced.
Advanced Night Repair Serum helps skin look smoother and less lined, younger, more radiant and even toned with continued use.
Revitalizing Supreme+ Moisturizer significantly improves skin's firmness, density and elasticity for a firmer feel and more lifted look.
Over time, Advanced Night Repair Eye Supercharged Gel-Creme significantly reduces the look of lines, wrinkles, undereye puffiness and dark circles.
Includes
Travel Size Advanced Night Cleansing Gelée with 15 Amino Acids (1.0 oz)
Travel Size Advanced Night Repair Synchronized Multi-Recovery Complex (0.24 oz)
Travel Size Revitalizing Supreme+ Youth Power Creme (0.5 oz)
Travel Size Advanced Night Repair Eye Supercharged Gel-Creme Synchronized Multi-Recovery (0.17 oz)",See packaging for details.,"Step 1: AM and PM massage Advanced Night Cleansing Gelée gently over damp skin. Rinse thoroughly with warm water. Avoid eye area.
Step 2: Apply Advanced Night Repair Serum AM and PM on clean skin before your moisturizer.
Step 3: Apply Revitalizing Supreme+ Face Creme all over face and neck, AM and PM.
Step 4: Apply Advanced Night Repair Eye Supercharged Gel-Creme AM and PM around eye area."
pimprod2046261,La Roche-Posay,Travel Size Toleriane Double Repair Face Moisturizer UV SPF 30,Moisturizers,Face Moisturizer,$11.99,1.35 oz,https://media.ulta.com/i/ulta/2626352?w=100&h=100&fmt=auto,11 Reviews,"Benefits
Oil-free prebiotic face moisturizer with SPF 30 broad-spectrum UVA/UVB sunscreen protection
Offers prebiotic benefits to help balance the skin microbiome with a high concentration of La Roche-Posay Thermal Spring Water
Dermatologist, allergy and sensitive skin tested
Non-comedogenic
Key Ingredients
Ceramide-3 is a natural component of the skin barrier
La Roche-Posay Thermal Spring Water provides prebiotic benefits to help rebalance the skin microbiome, and is naturally rich in minerals with scientifically demonstrated soothing and antioxidant properties
Formulated Without
Fragrance
Parabens","Active: Avobenzone 3% (Sunscreen), Homosalate 5% (Sunscreen), Octisalate 5% (Sunscreen), Octocrylene 7% (Sunscreen). Inactive: Water (La Roche-Posay Prebiotic Thermal Water), Glycerin, Silica, Dimethicone, Niacinamide, Peg-100 Stearate, Glyceryl Stearate, Stearic Acid, Stearyl Alcohol, Allantoin, Ceramide Np, Dimethicone/Vinyl Dimethicone Crosspolymer, Sodium Hydroxide, Myristic Acid, Myristyl Alcohol, Palmitic Acid, Ammonium Polyacryloyldimethyl Taurate, Disodium Edta, Capryloyl Glycine, Caprylyl Glycol, Citric Acid, Xanthan Gum, T-Butyl Alcohol, Cetyl Alcohol, Tocopherol.","Apply to the face and neck in the morning. For prebiotic benefits, use with Toleriane Double Repair Moisturizer at night."
pimprod2038790,Clinique,Even Better Pore Defying Primer,Face,Face Primer,$40.00,1.0 oz,https://media.ulta.com/i/ulta/2608125?w=100&h=100&fmt=auto,77 Reviews,"Benefits
All Skin Types
Built with pore-blurring polymer technology, this makeup primer instantly blurs pores to create a flawless filter effect.
The skin-loving formula combines niacinamide and hyaluronic acid to help minimize the look of pores, reduce oil and shine, and hydrate skin over time.
Refreshing water-balm texture melts into skin with a burst of hydration, prepping skin for smooth makeup application.
Locks in makeup for fresh, flawless wear.
Dermatologist tested.
Allergy tested. 100% fragrance free.
Paraben-free. Phthalate-free. Silicone-free. Oil-free.
Key Ingredients
Niacinamide helps reduce oil to help blur the look of pores.
Hyaluronic acid helps moisturize.
Research Results
In 4 weeks:
94% showed a reduction in oil and shine*
100% showed an increase in hydration.*
Look of pores is reduced by 11% on bare skin*
In 8 weeks:
Look of pores is reduced by 19% on bare skin and skin feels smoother**
*Clinical testing on 34 women after 4 weeks of product use.
**Clinical testing on 34 women after 8 weeks of product use.","Water\Aqua\Eau, Glycerin, Sodium Acrylates Crosspolymer-2, Butylene Glycol, Dipropylene Glycol, Pentylene Glycol, Salix Alba (Willow) Bark Extract, Laminaria Saccharina Extract, Lactobacillus Ferment, Niacinamide, Trimethylpentanediol/Adipic Acid/Glycerin Crosspolymer, Acetyl Glucosamine, Sodium Hyaluronate, Pyridoxine Hcl, Zinc Sulfate, Phenoxyethanol.","Apply a thin layer to clean moisturized skin.
Smooth evenly over entire face before makeup or wear alone.
Allow to dry for one minute before applying makeup."
pimprod2007097,The Ordinary,Glycolic Acid 7% Exfoliating and Brightening Daily Toner,Cleansers,Toner,$13.00,8.0 oz,https://media.ulta.com/i/ulta/2551155?w=100&h=100&fmt=auto,"1,938 Reviews","Benefits
Targets textural irregularities and uneven skin tone
Improves appearance of dark spots, dry skin, and congestion
Targets signs of aging skin
Pairs well with Squalane Cleanser
PH 3.50 - 3.70
Key Ingredients
Glycolic Acid
Tasmanian Pepperberry
Formulated Without
Fragrance
Alcohol
Gluten
Nuts
Oil
Parabens
Sulfates
Mineral Oil
Methylchloroisothiazolinone
Methylisothiazolinone
Animal Oils
Coal Tar Dyes
Formaldehyde
Mercury
Oxybenzone","Aqua (water), Glycolic Acid, Rosa Damascena Flower Water, Centaurea Cyanus Flower Water, Aloe Barbadensis Leaf Water, Propanediol, Glycerin, Triethanolamine, Aminomethyl Propanol, Panax Ginseng Root Extract, Tasmannia Lanceolata Fruit/leaf Extract, Aspartic Acid, Alanine, Glycine, Serine, Valine, Isoleucine, Proline, Threonine, Histidine, Phenylalanine, Glutamic Acid, Arginine, Pca, Sodium Pca, Sodium Lactate, Fructose, Glucose, Sucrose, Urea, Hexyl Nicotinate, Dextrin, Citric Acid, Polysorbate 20, Gellan Gum, Trisodium Ethylenediamine Disuccinate, Sodium Chloride, Hexylene Glycol, Potassium Sorbate, Sodium Benzoate, 1,2-hexanediol, Caprylyl Glycol.","The Ordinary recommends performing a patch test prior to incorporating a new product into your skin care routine.
Use ideally in the PM, no more frequently than once per day. After cleaning, saturate a cotton pad with the formula and sweep across the face and neck. Avoid the eye contour and contact with eyes. This formula should not be used on sensitive, peeling or compromised skin. Limit sun exposure while using this product and for a week afterwards.
Contraindications: Do not use in the same routine as direct Acids, EUK 134 0.1%, retinoids, pure or ethylated vitamin C, or peptides."
pimprod2038618,Vacation,Super Spritz SPF50 Face Mist,Suncare,Sunscreen,$22.00,2.2 oz,https://media.ulta.com/i/ulta/2606383?w=100&h=100&fmt=auto,700 Reviews,"Benefits
Broad spectrum SPF 50 protection against the sun's harmful UVA and UVB rays
Water-resistant (80 Minutes)
Invisible finishing mist that does not disturb makeup
Quick dry down with a subtle satin finish
Easy application and reapplication
Reef-friendly formula
Refreshing, long actuated fine mist spray
Features a subtle hint of Vacation’s award-winning signature scent
Helps skin look its best when faced with daily stresses such as blue light, pollution, and other environmental strains
Transparent on all skin tones
Lightweight feel
Non-comedogenic
Key Ingredients
Bisabolol, Aloe & Cucumber - A blend of naturally occurring antioxidants to keep your skin soothed and calm
Caffeine - A hardworking de-puffing agent to reinvigorate your skin
Banana & Coconut - A tropical duo of nourishment and hydration to combat the drying effects of sun exposure
Shea & Maracuja Oils - Lightweight plant-based oils to boost hydration and enhance skin barrier functions
Green Tea, Vitamin E, Algae & Ferulic Acid - A refreshing antioxidant cocktail to help skin bombarded by blue light, pollution, and other environmental stressors
Formulated Without
Oxybenzone, Octinoxate, Parabens, Phthalates, PEGs, Beeswax, Mineral Oil
Every Vacation formula is dermatologist tested and reviewed by toxicologists to ensure world-class protection.","Active: Avobenzone (2.9%), Octisalate (4.9%), Octocrylene (9.5%).
Inactive: Alcohol (Organic), Aloe Barbadensis (Aloe Vera) Leaf Extract, Bisabolol, Butyloctyl Salicylate, Butyrospermum Parkii (Shea) Oil, Caffeine, Camellia Sinensis (Green Tea) Leaf Extract, Carthamus Tinctorius (Safflower) Seed Oil, Chlorella Vulgaris Extract, Cocos Nucifera (Coconut) Extract, Cucumis Sativus (Cucumber) Seed Oil, Diisooctyl Succinate, Ethyl Ferulate, Ethylhexyl Methoxycrylene, Fragrance, Musa Sapientum (Banana) Fruit Extract, Passiflora Edulis (Maracuja) Seed Oil, Polyester-8, Tocopherol (Vitamin E), VA/Butyl Maleate/Isobornyl Acrylate Copolymer, Water.","Hold spray 8-10 inches from face with eyes and mouth closed before using.
Apply liberally 15 minutes before sun exposure.
Reapply:
After 80 minutes of swimming or sweating.
Immediately after towel drying.
At least every two hours.
Precautions: For external use only. Do not use on damaged or broken skin. Keep away from the eyes. Rinse with water to remove. If a rash develops, stop use and seek medical attention. Keep out of reach of children. In case of ingestion, get medical help or contact a Poison Control Center right away."
pimprod2046107,Clarins,UV Plus Anti-Pollution Tinted Face Sunscreen SPF 50,Suncare,Sunscreen,$48.00,Light,https://media.ulta.com/i/ulta/2626930?w=100&h=100&fmt=auto,912 Reviews,"Benefits
Fights free radicals
Lightweight, flexible tints for a natural, sheer finish - no white cast
Forms an invisible shield to help protect from early skin aging
Key Ingredients
Exclusive Organic Alpine Sanicle Extract: helps strengthen skin's resistance to free radicals
Cantaloupe Melon Extract: contains potent antioxidants to help protect skin from oxidative stress caused by UVA/UVB rays and pollution
Organic Blackcurrant Extract: helps protect against skin discomfort caused by UVA/UVB rays and pollution
Exclusive Anti-Pollution Complex: contains white tea and lampsana extracts to help protect against environmental pollutants and free radical damage to screen out environmental aggressors
Hyaluronic Acid: helps prevent water loss and protect against dehydration
Plant-Based Anti-Pollution Complex: helps protect skin from indoor and outdoor pollutants","Active: Homosalate 4%, Octocrylene 4%, Oxybenzone 1.5%, Titanium Dioxide 8.4%.
Inactive: Dimethicone, Aqua/Water/Eau, Alcohol, Polyglyceryl-3 Polydimethylsiloxyethyl Dimethicone, Aluminum Hydroxide.Stearic Acid, Peg/Ppg-18/18 Dimethicone, Nylon-12, Peg-12 Dimethicone, Sodium Chloride, Phenoxyethanol, Parfum/Fragrance, Glycerin, Ethylhexylglycerin, Tocopheryl Acetate, Disodium Edta, Sanicula Europaea Extract, Butylene Glycol, Sodium Lauroyl Glutamate.Lysine, Magnesium Chloride, Sodium Hyaluronate, Hydroxypropyltrimonium Maltodextrin Crosspolymer, Thermus Thermophillus Ferment, Lapsana Communis Flower/Leaf/Stem Extract, Ribes Nigrum (Black Currant) Bud Extract, Potassium Sorbate, Citric Acid, Camellia Sinensis Leaf Extract, Cucumis Melo (Melon) Fruit Extract, Sodium Lauryl Sulfate. +/- May Contain /Puede Contener: CI 77891/Titanium Dioxide, CI 77491/CI 77492/ CI 77499/Iron Oxides, [S2703a].","Shake well before applying over your daily moisturizer. Warm a small amount between your palms. Apply with light pressing motions, working from the center of the face outward. Follow with make-up if desired."
pimprod2036781,Coco & Eve,Antioxidant Face Tanning Micromist,Suncare,Self-Tanning & Bronzing,$29.00,2.54 oz,https://media.ulta.com/i/ulta/2606209?w=100&h=100&fmt=auto,831 Reviews,"Benefits
Delivers a gorgeous sun-kissed glow - without any sun damage.
Protects against free radical damage with powerful antioxidants.
Key Ingredients
100% Natural DHA: Develops a natural sun-kissed tan in 6 hours which can last up to a week.
Organic Antiox Complex: Rich in antioxidants, passionfruit and guava extracts to fight free radicals.
Vitamin C-charged starfruit helps brighten skin and boost collagen production.","Aqua/Water/Eau, Dihydroxyacetone, Glycerin, Erythrulose, Fucus Vesiculosus Extract, Psidium Guajava Fruit Extract, Cocos Nucifera (Coconut) Fruit Extract/Cocos Nucifera Fruit Extract, Cassia Angustifolia Seed Polysaccharide, Passiflora Edulis Fruit Extract, Averrhoa Carambola Leaf Extract, Citrullus Lanatus (Watermelon) Seed Oil/Citrullus Lanatus Seed Oil, Troxerutin, Polyglyceryl-3 Cocoate, Polyglyceryl-10 Laurate, Xanthan Gum, Hexylene Glycol, Caprylyl Glycol, Butylene Glycol, Caprylyl/Capryl Glucoside, Fragrance/Parfum, Sodium Benzoate, Potassium Sorbate, Citric Acid, Beta-Carotene/CI 40800.","Use on dry skin, free from moisturizer. Shake well before use.
Spray your face and your neck 3-5 times for an even coverage.
Let it dry and allow to develop through the day.
No need to rinse off."
pimprod2043543,Drunk Elephant,Bora Barrier Repair Cream,Moisturizers,Face Moisturizer,$70.00,1.69 oz,https://media.ulta.com/i/ulta/2619870?w=100&h=100&fmt=auto,283 Reviews,"Benefits
Ultra-rich cream delivers clinically proven 24-hour moisture and restores a healthy skin barrier
Soothes skin and reduces the look of redness
Encourages healthy collagen production, firming skin and minimizing the look of fine lines and wrinkles
Dermatologist Tested
2024 Cosmopolitan Clean Beauty Award Winner
2024 Allure Best of Beauty Award Winner - Clean Category
Key Ingredients
6-Butterlipid Complex (glucosyl ceramides; glycosphingolipids; beta-sitosterols; and ceramides AP, NP, and EOP): Soothes skin, supports natural ceramide and hyaluronic acid production, strengthens the skin barrier, and boosts and protects skin's moisture levels.
Zinc and Copper Gluconates: Salt minerals with anti-redness benefits and powerful antioxidant properties.
Alpha Glucan: Derived from rice and used for its soothing, hydration-boosting benefits.
Research Results
In a clinical study of 33 people Bora Barrier was proven to:
Provide 24-hour moisture
Increase moisture immediately by 98%
Strengthen the skin barrier in 8 hours
Improve fine lines, wrinkles, elasticity, and firmness after 4 weeks","Water/Aqua/Eau, Glycerin, Propanediol, Ethylhexyl Olivate, Butyrospermum Parkii (Shea) Butter, C10-18 Triglycerides, Cetearyl Alcohol, Hydroxyethyl Acrylate/Sodium Acryloyldimethyl Taurate Copolymer, Cetearyl Olivate, Sorbitan Olivate, Beta-Sitosterol, Oenothera Biennis (Evening Primrose) Oil, Sclerocarya Birrea Seed Oil, Simmondsia Chinensis (Jojoba) Seed Oil, Calophyllum Inophyllum Seed Oil, Oleic Acid, Squalane, Butylene Glycol, Glucosyl Ceramide, Linoleic Acid, Linolenic Acid, Glycosphingolipids, Rosa Canina Fruit Oil, Moringa Oleifera Seed Oil, Alpha-Glucan, Resveratrol, Epigallocatechin Gallate, Magnesium Aspartate, Zinc Gluconate, Copper Gluconate, Acacia Senegal Gum, Sodium PCA, Palmitoyl Tripeptide-1, Palmitoyl Tetrapeptide-7, Sorbitan Isostearate, Haematococcus Pluvialis Extract, Quercetin, Astaxanthin, Magnesium Ascorbyl Phosphate, Ceramide AP, Ceramide NP, Ceramide EOP, Dextrin, Palmitic Acid, Coco-Glucoside, Sodium Lactate, Stearic Acid, Pentylene Glycol, Brassica Campestris (Rapeseed) Seed Oil, Tetrahexyldecyl Ascorbate, Sodium Lauroyl Lactylate, Phytosphingosine, Cholesterol, Xanthan Gum, Tetrasodium Glutamate Diacetate, Citric Acid, Phenoxyethanol, Sodium Hydroxide, Tocopherol, Polysorbate 60, Carbomer, Ethylhexylglycerin.","Apply one pump morning and night to clean, dry skin. Use daily or in rotation with other Drunk Elephant moisturizers. May be mixed with any Drunk Elephant serum, treatment, or cream.
TIP: Create an ultra-rich mask that can be used overnight: Mix Bora Barrier with F-Balm and wake up to a deeply quenched and strengthened skin barrier.
Skincare Smoothie Tip: Try a Drunk Elephant Are We Clear Smoothie by mixing 1 pump T.L.C Framboos + 1 pump Bora Barrier + 1 pump Bouncy Brightfacial at night for smoother, clearer, healthier-looking skin."
pimprod2039174,The Ordinary,Natural Moisturizing Factors + Beta Glucan Lightweight Gel Moisturizer,Moisturizers,Face Moisturizer,$13.50,3.4 oz,https://media.ulta.com/i/ulta/2609860?w=100&h=100&fmt=auto,832 Reviews,"Benefits
A lightweight, gel-cream which provides topical delivery of skin-identical natural moisturizing factors, ceramides and beta glucan
Immediately boosts skin hydration *
After one application strengthens/improves skin barrier that is maintained throughout the day *
(*IEC France. 2022. Protective effect against water loss and moisturizing effect)
Key Ingredients
Beta Glucan
Natural Moisturizing Factors","Aqua (water), PPG-24-glycereth-24, Propanediol, Betaine, Beta-glucan, Arginine, Glycine, Alanine, Serine, Proline, Threonine, Glutamic Acid, Lysine Hcl, Glucose, Maltose, Fructose, Trehalose, Xylitol, Anhydroxylitol, Xylitylglucoside, Sodium Pca, Pca, Sodium Lactate, Urea, Allantoin, Sodium Hyaluronate, Phospholipids, Sphingolipids, Glycerin, Pentylene Glycol, Acrylates/c10-30 Alkyl Acrylate Crosspolymer, Sodium Hydroxide, Sodium Chloride, Sodium Citrate, Citric Acid, Tocopherol, P-anisic Acid, Aminomethyl Propanol, Phenoxyethanol, Chlorphenesin.","Apply a small amount to the face in the morning & evening. If irritation occurs, cease use and consult a physician. Use only as directed on unbroken skin. Patch testing prior to use is advised. Keep out of reach of children."
pimprod2023925,Good Molecules,Hyaluronic Acid Serum,Treatment & Serums,Face Serums,$6.00,1.0 oz,https://media.ulta.com/i/ulta/2582307?w=100&h=100&fmt=auto,"1,486 Reviews",,"Water, Propanediol, Glycerin, Sodium Hyaluronate, Hydroxyacetophenone, Sodium Citrate, Citric Acid, Ethylhexylglycerin.","Apply a few drops in the morning and at night before oils, creams, and moisturizers. For best results, apply to damp skin. Let absorb for 30 seconds before continuing with your routine. Suitable for daily use."
pimprod2012407,Tanologist,Express Self Tan Mousse,Suncare,Self-Tanning & Bronzing,$19.99,Medium,https://media.ulta.com/i/ulta/2560916?w=100&h=100&fmt=auto,475 Reviews,"Benefits
Long-lasting, full body, flawless bronze
No guide color = no transfer
Tested by dermatologists = safe for sensitive skin
Streak-free & stain-free
Lasts up to one week and fades like your natural tan
Skin loving ingredients brighten, soften and hydrate
Express results in just 1-4hrs
Features
Flexible formulations in adaptable shades offer total customization of your tan.
Key Ingredients
Aloe Vera: Hydrates & soothes
Pink Grapefruit: Brightens
Goji Berry: Powerful antioxidant
Juniper: Evens skin tone","Aqua (Water), Propylene Glycol, Dihydroxyacetone, Glycerin, Ethoxydiglycol, Decyl Glucoside, Glycereth-26, Commiphora Mukul Resin Extract, Coleus Forskohlii Root Extract, Panthenol, Ascorbic Acid, Erythrulose, Tocopheryl Acetate (Vitamin E Acetate), Aloe Barbadensis Extract*, Calendula Officinalis Flower Oil*, Citrus Paradisi (Grapefruit) Fruit Extract*, Juniperus Communis Fruit Oil*, Lycium Barbarum Fruit Extract*, Punica Granatum Extract*, Dipropylene Glycol, PEG-40 Hydrogenated Castor Oil, Parfum (Fragrance), Hexyl Cinnamal, Limonene, Linalool, Geraniol, Hydroxycitronellal, Citric Acid, Phenoxyethanol, Triethylene Glycol.
* Organic Extracts","Prep the skin using Tanologist Eraser & Primer. Moisturize dry areas, such as hands, elbows, knees and feet. Spray directly onto dry skin and blend with a tanning mitt using large circular motions. Shower 1-4 hours after application depending on desired end result. More time= deeper tan.
Precautions: This product does not contain a sunscreen and does not protect against sunburn. Repeated exposure of unprotected skin while tanning may increase the risk of skin aging, skin cancer and other harmful effects to the skin even if you do not burn. Tanologist advises a patch test 24 hours before use. Do not apply on broken or irritated skin. Avoid contact with eyes. If reaction occurs, discontinue use/seek medical advice. Wash hands thoroughly after application."
pimprod2050304,MILK MAKEUP,Hydro Grip 12-Hour Hydrating Gel Skin Tint,Moisturizers,Tinted Moisturizer,$38.00,1,https://media.ulta.com/i/ulta/2634680?w=100&h=100&fmt=auto,257 Reviews,"Benefits
Longwear skin tint lasts up to 12 hours (it's the skin tint that won't quit!)
Buildable light to medium coverage
Natural dewy finish
Weightless gel base doesn't feel heavy or greasy
Clinically proven to boost hydration by 24%*
No fading, caking, creasing, or settling into fine lines
Suped-up skincare visibly smooths skin + helps protect your skin barrier
15 diverse + inclusive shade
Safe for sensitive + acne-prone skin
No fragrance or silicone
Non-comedogenic (so it won’t clog pores)
Dermatologist tested
Fragrance-free. Paraben-free. Silicone-free.
*In a clinical hydration study of 29 people 30 minutes after using the product.
Key Ingredients
Triple-Powered Hyaluronic Acid (aka Triluronic Acid), an amped-up form of HA that combines 3 molecular weights to deeply hydrate + support your skin barrier
Niacinamide and squalane help boost moisture + visibly smooth skin
Blue agave extract keeps makeup gripped on for up to 12 hours to prevent fading, caking, and creasing
Research Results
In a consumer perception study of 31 people using the product immediately after application:
100% said it doesn't cake, look patchy, or irritate skin
96% said skin looks and feels smoother with a fresh, dewy glow
93% said it doesn't settle in fine lines + wrinkles","Aqua/Water/Eau, Isononyl Isononanoate, Propanediol, Isostearyl Neopentanoate, Glycerin, Octyldodecyl Stearoyl Stearate, Polyglyceryl-2 Dipolyhydroxystearate, Saccharomyces/Xylinum/Black Tea Ferment, Hydrogenated Ethylhexyl Olivate, Coco-Caprylate/Caprate, Dicaprylyl Ether, Polyglyceryl-6 Polyricinoleate, Squalane, Polyglyceryl-3 Diisostearate, Dimer Dilinoleyl Dimer Dilinoleate, Pullulan, Niacinamide, Sodium Hyaluronate, Cannabis Sativa (Hemp) Seed Oil, Agave Tequilana Leaf Extract, Butyrospermum Parkii (Shea) Butter, Helianthus Annuus (Sunflower) Seed Oil, Hydrogenated Olive Oil Unsaponifiables, Tocopherol, Pentaerythrityl Tetra-di-t-butyl Hydroxyhydrocinnamate, Lecithin, Dipalmitoyl Hydroxyproline, Magnesium Sulfate, Disteardimonium Hectorite, Propylene Carbonate, Hydrogenated Styrene/Methylstyrene/Indene Copolymer, Lauroyl Lysine, Stearic Acid, Zinc Stearate, Allantoin, Distarch Phosphate, Palmitic Acid, Maltose, Potassium Sorbate, Sodium Dehydroacetate, Sodium Benzoate, Phenoxyethanol, Titanium Dioxide (CI 77891), Iron Oxides (CI 77491, CI 77492, CI 77499).","Apply over clean, prepped skin.
Blend with a brush, sponge, or fingertips.
Start with one layer for light coverage and build for medium coverage.
Pro Tip: Triple the grip! Prep your base with Hydro Grip Primer and lock in everything with Hydro Grip Set + Refresh Spray (both sold separately)."
pimprod2042396,RoC,Derm Correxion Firming Serum Stick,Treatment & Serums,Face Serums,$38.99,1.0 oz,https://media.ulta.com/i/ulta/2618459?w=100&h=100&fmt=auto,171 Reviews,"Benefits
Treat, tighten and lift for firmer skin
Target the face, neck, chest and backs of hands with this easy-to-use, fast-absorbing formula
A concentrated formula infused with Advanced Retinol and Antioxidents to visibly reduce lines and boost elasticity while Firming THPE works to boost skin's firmness resulting in a naturally contoured look
Features
Powered by a proprietary blend for gentle delivery and effective results
Retinol: Helps stimulate collagen to smooth lines and wrinkles
Antioxidents: Helps protect skin's surface from free radicals and environmental aggressors
Firming THPE: Boosts elasticity for firmer more supple skin
Research Results
Clinically proven to deliver visible results
Instantly skin is smoother
In 1 week 94% had a visible reduction in lines
in 4 weeks 94% had visibly firmer skin
In 8 weeks 7 out of 8 felt more confident about the appearance of their skin","Water (Aqua/Eau), Butylene Glycol, Sodium Stearate, Glycerin, PEG-12 Dimethicone, Bis-PEG-18 Methyl Ether Dimethyl Silane, Tetrahydroxypropyl Ethylenediamine, PEG-8, Sodium Citrate, Methyl Methacrylate Crosspolymer, Retinol, Vaccinium Macrocarpon (Cranberry) Fruit Extract, Polysorbate 20, Ascorbic Acid, Tocopheryl Acetate, Methyl Methacrylate/Glycol Dimethacrylate Crosspolymer, Caprylyl Glycol, Propyl Gallate, Disodium EDTA, 1,2-Hexanediol, Phenoxyethanol, Ethylhexylglycerin, BHT.","Twist up base and then twist off inner safety cover. Smooth onto areas of concern on face, neck, chest and backs of hands. Begin applying this product every other night and then gradually increase frequency. Apply a sunscreen of SPF 15 or higher during the day while using this product."
pimprod2043466,La Roche-Posay,"Mela B3 UV Daily Moisturizer Sunscreen, SPF 30",Moisturizers,Face Moisturizer,$34.99,1.35 oz,https://media.ulta.com/i/ulta/2620363?w=100&h=100&fmt=auto,922 Reviews,"Benefits
Daily anti-aging Moisturizer with SPF 30
Allergy Tested
Non-comedogenic
Key Ingredients
Melasyl, a new and exclusive ingredient, and Niacinamide work together to help visibly correct stubborn dark spots while respecting the natural tone of all skin.
Formulated Without
Oxybenzone
Parabens","Water, C15-19 Alkane, Niacinamide, Glycerin, Butylene Glycol, Silica, Titanium Dioxide, Butyrospermum Parkii (Shea) Butter, Tin Oxide, Potassium Hydroxide, Carbomer, Arachidyl Alcohol, Arachidyl Glucoside, Behenyl Alcohol, 2-Mercaptonicotinoyl Glycine, Sodium Dilauramidoglutamide Lysine, Sodium Thiosulfate, Ammonium Acryloyldimethyltaurate/Vp Copolymer, Hydroxyacetophenone, Capryloyl Salicylic Acid, Caprylyl Glycol, Citric Acid, Trisodium Ethylenediamine Disuccinate, Xanthan Gum, Pentylene Glycol, Poly C10-30 Alkyl Acrylate, Polyglyceryl-4 Caprate, Pentaerythrityl Tetra-Di-T-Butyl Hydroxyhydrocinnamate, Phenoxyethanol, Red 4, Mica, Fragrance (F.I.L. V70035830/1).","Step 1: Apply generously 15 minutes before sun exposure.
Step 2: Reapply at least every 2 hours."
pimprod2030598,Supergoop!,PLAY Antioxidant Body Mist SPF 50 Sunscreen with Vitamin C,Suncare,Sunscreen,$24.00,6.0 oz,https://media.ulta.com/i/ulta/2589800?w=100&h=100&fmt=auto,349 Reviews,"Benefits
Apply onto dry or wet skin
Spray at any angle — our unique bag-on-valve technology keeps the SPF free of chemical propellants and applies until the very last drop
Easy, expert SPF protection
Water- and sweat-resistant for 80 minutes
Key Ingredients
Green Tea Extract and Vitamin C: Reduce the visible effects of free radicals that damage skin
Acai Extract: Offers antioxidant protection & a source of fatty acids & vitamins A, C & E
Formulated Without
Supergoop! thoughtfully chooses ingredients based on global regulations and the latest scientific research. Supergoop! ""No List"" includes 1600+ ingredients that is never add in products, including oxybenzone, octinoxate, parabens, phthalates, sulfates and synthetic fragrances.","Active: Avobenzone 2.8%, Homosalate 9.8%, Octisalate 4.9%, Octocrylene 9.5%
Inactive: Alcohol Denat., Butyloctyl Salicylate, Camellia Sinensis Leaf Extract, Cananga Odorata Flower Oil, Caprylic/Capric Triglyceride, Citrus Aurantifolia (Lime) Oil, Citrus Grandis (Grapefruit) Peel Oil, Citrus Medica Limonum (Lemon) Peel Oil, Citrus Nobilis (Mandarin Orange) Peel Oil, Citrus Reticulata (Tangerine) Leaf Oil, Citrus Sinensis Peel Oil, Dicaprylyl Carbonate, Diisopropyl Adipate, Ethyl Ferulate, Euterpe Oleracea Fruit Extract, Helianthus Annuus (Sunflower) Seed Oil, Isodecyl Neopentanoate, Lavandula Angustifolia (Lavender) Oil, Mentha Piperita (Peppermint) Oil, Mentha Viridis (Spearmint) Leaf Oil, Tetrahexyldecyl Ascorbate, Tridecyl Neopentanoate, VA/Butyl Maleate/Isobornyl Acrylate Copolymer, Vitis Vinifera (Grape) Seed Oil.","Use PLAY Antioxidant Body Mist as part of your daily bodycare routine.
Spray PLAY Mist into your palm or directly onto your body
Apply generously and evenly across all visible skin
Gently rub to blend in
SPF Directions:
If this is the only SPF in your skincare routine, apply generously & evenly 15 minutes before sun exposure. Reapply at least every 2 hours or after 80 minutes of swimming or sweating"
pimprod2028661,Cetaphil,"Daily Facial Cleanser, Face Wash for Sensitive Skin",Cleansers,Face Wash,$11.99,8.0 oz,https://media.ulta.com/i/ulta/2586967?w=100&h=100&fmt=auto,"5,874 Reviews","Benefits
For combination to oily skin
Reinforces the skin barrier, balances skin and minimizes the appearance of pores
Clinically proven to deep clean by removing dirt, excess oils, impurities and pollution microparticles
DEFENDS AGAINST 5 SIGNS OF SKIN SENSITIVITY: Dryness, irritation, roughness, tightness and a weakened skin barrier
DERMATOLOGIST RECOMMENDED for Sensitive Skin
Key Ingredients
Glycerin hydrates and moisturizes the skin, improving the skin barrier, and promoting overall skin health
Panthenol (vitamin B5) to hydrate, soothe and preserve the skin barrier
Niacinamide (vitamin B3) to help smooth skin's texture and retain skin's moisture barrier
Formulated Without
Fragrance
Parabens
Sulfates
Hypoallergenic
Non-comedogenic","Water, Glycerin, Cocamidopropyl Betaine, Disodium Laureth Sulfosuccinate, Sodium Cocoamphoacetate, Panthenol, Niacinamide, Pantolactone, Acrylates/C10-C30 Alkyl Acrylate Crosspolymer, Sodium Benzoate, Masking Fragrance, Sodium Chloride.",Massage a small amount onto wet skin. Rinse.
pimprod2014507,Dermalogica,Discover Healthy Skin Complete Regimen Kit,By Category,Skin Gifts,$39.50,,https://media.ulta.com/i/ulta/2560933?w=100&h=100&fmt=auto,611 Reviews,"Benefits
Perfect introduction to Dermalogica - an all-in-one kit including the most popular Dermalogica products
Complete regimen suitable for all skin types
Begin your double cleanse regimen with PreCleanse, formulated with nourishing Vitamin E oils
Follow with Special Cleansing Gel, a soap-free cleanser that rinses away daily toxins and debris
Rice-based Daily Microfoliant exfoliator polishes away dead skin cells
Hydrating Skin Smoothing Cream locks in moisture with hyaluronic acid
Use to rinse away toxins and debris, and leave skin smooth, glowing, bright and hydrated
Improves skin texture on the face and around the eyes by smoothing away dehydration lines without being too heavy or greasy
Key Ingredients
Salicylic Acid: gently exfoliates to clear pores
Vitamin E: nourishes and protects skin from damage
Arnica: nourishes and has anti-inflammatory properties
Lavender: soothes skin
Includes
PreCleanse (1.0 oz)
Special Cleansing Gel (0.5 oz)
Daily Microfoliant (0.45 oz)
Skin Smoothing Cream (0.5 oz)","Precleanse: Caprylic/Capric Triglyceride, Prunus Armeniaca (Apricot) Kernel Oil, PEG-40 Sorbitan Peroleate, Helianthus Annuus (Sunflower) Seed Oil, Citrus Aurantium Dulcis (Orange) Oil, Citrus Grandis (Grapefruit) Peel Oil, Cymbopogon Schoenanthus Oil, Borago Officinalis Seed Oil, Lavandula Angustifolia (Lavender) Oil, Rosmarinus Officinalis (Rosemary) Leaf Extract, Solanum Lycopersicum (Tomato) Extract, Lavandula Hybrida Oil, Citrus Nobilis (Mandarin Orange) Peel Oil, Oryza Sativa (Rice) Bran Oil, Carthamus Tinctorius (Safflower) Seed Oil, Aleurites Moluccanus Seed Oil, Cetyl Ethylhexanoate, Dicaprylyl Carbonate, Tocopheryl Acetate, Tocopherol, C12-15 Alkyl Benzoate, Citral, Limonene, Linalool.
Special Cleansing Gel: Water/Aqua/Eau, Disodium Laureth Sulfosuccinate, Sodium Lauroyl Sarcosinate, Quillaja Saponaria Bark Extract, Lavandula Angustifolia (Lavender) Oil, Melissa Officinalis Leaf Extract, Citrus Limon (Lemon) Peel Oil, Citrus Aurantium Bergamia (Bergamot) Fruit Oil, Cymbopogon Nardus (Citronella) Oil, Glycerin, Cocamidopropyl Betaine, Coco-Betaine, Hydroxyethylcellulose, Sodium Cocoyl Isethionate, Capryloyl Glycine, Sodium Lauryl Sulfoacetate, Methylpropanediol, Ethylhexylglycerin, Caprylhydroxamic Acid, PPG-5-Ceteth-20, Sodium Hydroxide, Disodium EDTA.
Daily Microfoliant: Microcrystalline Cellulose, Magnesium Oxide, Sodium Cocoyl Isethionate, Colloidal Oatmeal, Disodium Lauryl Sulfosuccinate, Sodium Lauroyl Glutamate, Oryza Sativa (Rice) Bran Extract, Oryza Sativa (Rice) Starch, Hydrogenated Coconut Acid, Allantoin, Papain, Salicylic Acid, Ginkgo Biloba Leaf Extract, Camellia Sinensis Leaf Extract, Glycyrrhiza Glabra (Licorice) Root Extract, PCA, Populus Tremuloides Bark Extract, Cyclodextrin, Sodium Isethionate, Lauryl Methacrylate/Glycol Dimethacrylate Copolymer, Maltodextrin, Melaleuca Alternifolia (Tea Tree) Leaf Oil, Citrus Paradisi (Grapefruit) Peel Oil, Sodium Dehydroacetate, Hydrolyzed Corn Starch Hydroxyethyl Ether, Water/Aqua/Eau, Limonene, Citric Acid.
Skin Smoothing Cream: Water/Aqua/Eau, Caprylic/Capric Triglyceride, Ethylhexyl Hydroxystearate, Stearic Acid, Butylene Glycol, Glycerin, Aloe Barbadensis Extract, Dimethicone, PEG-8, Cetearyl Alcohol, Sodium Hyaluronate, Vitis Vinifera (Grape) Seed Extract, Saccharide Isomerate, Cucumis Sativus (Cucumber) Fruit Extract, Arnica Montana Flower Extract, Hedera Helix (Ivy) Extract, Malva Sylvestris (Mallow) Flower Extract, Parietaria Officinalis Extract, Sambucus Nigra Flower Extract, Ascorbyl Palmitate, Trehalose, Algin, Hydrolyzed Sodium Hyaluronate, Serine, Linoleic Acid, Phospholipids, Phytosterols, Cananga Odorata Flower Oil, Urea, Hydrogenated Lecithin, Pullulan, Caprylhydroxamic Acid, Citrus Aurantium Amara (Bitter Orange) Flower Extract, Tocopheryl Acetate, Tetrasodium Glutamate Diacetate, Hexanediol, Pentylene Glycol, Glyceryl Polyacrylate, Sodium Citrate, Disodium Phosphate, Palmitoyl Hydroxypropyltrimonium Amylopectin/Glycerin Crosspolymer, Caprylyl Glycol, Potassium Phosphate, Citric Acid, Tocopherol, Methylpropanediol, Polysorbate 60, Panthenol, Polyquaternium-10, Cetyl Alcohol, PEG-100 Stearate, Glyceryl Stearate, Aminomethyl Propanol, Carbomer, Ethylhexylglycerin, Sodium Hydroxide, Hydroxystearic Acid, BHT, Benzyl Benzoate, Benzyl Salicylate, Linalool, Sodium Benzoate, Phenoxyethanol.","Using dry hands, massage PreCleanse over dry face and eyes to dissolve surface oil and dirt. Wet hands and continue massaging to create a light, milky emulsion. Rinse with lukewarm water. Gently lather a small amount of Special Cleansing Gel in moistened hands and apply to dampened face and neck. Rinse with warm water. Dispense about a half-teaspoon of Daily Microfoliant into very wet hands and create a creamy paste by rubbing hands together. Apply to face in circular motions, massage gently for one minute, then rinse thoroughly. Follow with Skin Smoothing Cream and apply over face and neck in light upward strokes. Use twice daily, morning and night."
pimprod2003422,CeraVe,Travel Size Foaming Facial Cleanser for Balanced to Oily Skin,Travel Size Men's Care,,$6.99,3.0 oz,https://media.ulta.com/i/ulta/2541441?w=100&h=100&fmt=auto,"18,512 Reviews","Benefits
Gentle gel-based foaming face wash formula effectively dissolves dirt, excess oil & makeup such as foundation & eyeliner
Helps restore the skin's protective barrier with ceramides
Face cleanser formula helps attract moisture to the skin with hyaluronic acid
Provides soothing benefits with niacinamide
Travel size, under TSA liquid limit
Ideal for normal / balanced to oily skin
Non-drying and non-irritating
Non-comedogenic
Developed with dermatologists
Key Ingredients
Ceramides: Essential for healthy skin, Ceramides are found naturally in the skin and help restore and maintain the skin's natural barrier
Hyaluronic acid: This ingredient attracts hydration to the skin’s surface and helps the skin retain moisture
Niacinamide: Helps calm skin
Formulated Without
Fragrance","Purified Water, Glycerin, Behentrimonium Methosulfate and Cetearyl Alcohol, Ceramide 3, Ceramide 6-II, Ceramide 1, Hyaluronic Acid, Cholesterol, Polyoxyl 40 Stearate, Glyceryl Monostearate, Stearyl Alcohol, Polysorbate 20, Potassium Phosphate, Dipotassium Phosphate, Sodium Lauroyl Lactylate, Cetyl Alcohol, Disodium EDTA, Phytosphingosine, Methylparaben, Propylparaben, Carbomer, Xanthan Gum.","**Step 1.) Wet skin with lukewarm water.**
**Step 2.) Massage cleanser into skin in a gentle, circular motion.**
Step 3.) Rinse.
Build your Everyday Routine with CeraVe **:**
Cleanse:
Foaming Facial Cleanser: Cleanses and removes makeup & oil without disrupting the protective skin barrier. Gentle foaming action refreshes and cleanses skin, including removing excess oils.
**Moisturize:**
Daily Moisturizing Lotion: Moisturizes and helps restore the protective skin barrier
Treat:
++Skin Renewing Vitamin C Serum++ :
10% pure Vitamin C to help visibly brighten and even skin tone while providing antioxidant benefits
**Protect:**
Ulta Light Moisturizing Lotion: Moisturizes with a matte finish & helps repair the protective skin barrier
Also comes in a travel friendly, under TSA liquid limit: Travel Size Foaming Facial Cleanser"
pimprod2017446,CeraVe,Travel Size Daily Moisturizing Lotion for Balanced to Dry Skin,Travel Size Men's Care,,$7.99,3.0 oz,https://media.ulta.com/i/ulta/2559602?w=100&h=100&fmt=auto,"18,513 Reviews","Benefits
Provides all day hydration and helps restore the skin's barrier with three essential ceramides
Lightweight moisturizing body and face lotion formula features hyaluronic acid to leave dry skin feeling smooth and comfortable
Suitable for use as a face lotion, body lotion and hand cream
Absorbs quickly to soften skin without leaving a greasy or sticky feel
Travel Size / Under TSA liquid limit
Ideal for normal / balanced to dry skin
Allergy-tested
Non-comedogenic
Accepted by the National Eczema Association
Developed with dermatologists
Key Ingredients
Ceramides: Essential for healthy skin, Ceramides are found naturally in the skin and help restore skin's natural barrier, helping to lock in moisture and keep harmful elements out.
Hyaluronic acid: This ingredient attracts hydration to the skin’s surface and helps the skin retain moisture
MVE Technology: A patented delivery system, continually releases moisturizing ingredients for all day hydration
Formulated Without
Fragrance
Parabens
Oil","Purified Water, Glycerin, Caprylic/Capric Triglyceride, Behentrimonium Methosulfate and Cetearyl Alcohol, Ceteareth-20 and Cetearyl alcohol, Cetyl Alcohol, Polyglyceryl-3-Diisosterate, Dimethicone, Hyaluronic Acid, Ceramide 1, Ceramide 3, Ceramide 6-II, Cholesterol, Phytosphingosine, Potassium Phosphate, Dipotassium phosphate, Methylparaben, Propylparaben, Disodium EDTA, Sodium Lauroyl Lactylate, Polysorbate 20, Carbomer, Xanthan Gum.","Apply liberally as often as needed, or as directed by physician.
Build your Travel Friendly Routine with CeraVe:
Cleanse:
Travel Size Foaming Facial Cleanser Cleanses and removes makeup & oil without disrupting the protective skin barrier. Gentle foaming action refreshes and cleanses skin, including removing excess oils.
Moisturize:
Travel Size Daily Moisturizing Body & Face Lotion Moisturizes and helps restore the protective skin barrier.
Treat:
Skin Renewing Vitamin C Serum 10% pure Vitamin C to help visibly brighten and even skin tone while providing antioxidant benefits.
Protect:
Ultra Light Moisturizing Lotion Moisturizes with a matte finish & helps restore the protective skin barrier."
pimprod2047206,ILIA,The Base Face Milk Facial Essence + Lightweight Moisturizer,Moisturizers,Face Moisturizer,$58.00,3.4 oz,https://media.ulta.com/i/ulta/2629363?w=100&h=100&fmt=auto,592 Reviews,"Benefits
Hydrates skin
Reduces the appearance of redness
Smooths texture
Non-comedogenic
Strengthens the skin barrier
Dermatologist-tested
Safe for sensitive skin
Formulated without fragrance
Flexes to fit your ritual - use it as your moisturizer to lock in hydration, or under a cream
Key Ingredients
Hyaluronic Acid - Draws hydration deep into skin to visibly plump + replenish
Barrier Renewal Complex - Strengthens the skin barrier with lipids, fatty acids + sterols
Microalgae Extract - Upcycled skin superfood rich in nutrients + antioxidants
Prickly Pear Flower Extract - Supports skin renewal for a smoother, brighter complexion
Research Results
100% said skin looked healthier and hydrated*
100% said it reduced the appearance of redness*
94% said skin was calmed and smoother*
Clinically proven to lock in moisture and strengthen the skin barrier**
*In a 12-hour instrumental study of 22 people
**In a 14-day clinical study of 50 people","Aqua/Water/Eau, Propanediol, Caprylic/Capric Glycerides, Squalane, Butylene Glycol, Glycerin, Argania Spinosa Kernel Oil, 1,2-Hexanediol, Hydroxyethyl Acrylate/Sodium Acryloyldimethyl Taurate Copolymer, Hydroxyacetophenone, Isohexadecane, Allantoin, Linoleic Acid, Phospholipids, Phytosterols, Caprylyl Glycol, Polyglyceryl-10 Stearate, Hydrolyzed Opuntia Ficus-Indica Flower Extract, Polysorbate 60, Sorbitan Isostearate, Hyaluronic Acid, Hydrolyzed Hyaluronic Acid, Sodium Hyaluronate, Chlorella Vulgaris Extract, Lactic Acid.","Morning and night, give the bottle two to three shakes into your palms. Rub palms together and gently press into skin.
The Base is the perfect prep step for any skin type. For oily skin, use it like a lightweight moisturizer at the end of your skincare routine. For dry skin, layer it underneath your moisturizer for an extra boost of hydration. For sensitive skin, apply it before your actives for extra skin barrier support."
pimprod2049123,Supergoop!,Glowscreen SPF 40 Sunscreen with Hyaluronic Acid + Niacinamide,Suncare,Sunscreen,$38.00,Dawn,https://media.ulta.com/i/ulta/2634416?w=100&h=100&fmt=auto,"3,172 Reviews","Benefits
Lightweight and melts into your skin
Formulated with a micro pearl blend for brilliant, diffused radiance
A glowy primer that creates a smooth, flawless base under makeup
Hydrating and dewy with hyaluronic acid and niacinamide
Available in 4 flexible, inclusive shades with no white cast
Key Ingredients
Hyaluronic Acid and Vitamin B5: A hydration cocktail that leaves skin feeling soft & comfortable
Niacinamide: Provides radiant, glowing skin
Sea Lavender: Provides powerful antioxidant protection & supports long-lasting hydration","Water, Butyloctyl Salicylate, Propanediol, Titanium Dioxide, Glycerin, C12-15 Alkyl Benzoate, Mica, Glyceryl Stearate Citrate, Isododecane, Niacinamide, Polymethylsilsesquioxane, Glyceryl Stearate, Caprylic/Capric Triglyceride, Cetyl Phosphate, Diisopropyl Sebacate, Isodecyl Neopentanoate, Lauryl Lactate, Coco-Caprylate, Arginine, Silica, Butylene Glycol, 1,2-Hexanediol, Caprylyl Glycol, Hydroxyacetophenone, Sodium Hyaluronate, Chlorphenesin, Acrylates/C10-30 Alkyl Acrylate Crosspolymer, Tin Oxide, Trisodium Ethylenediamine Disuccinate, Phospholipids, Limonium Gerberi Extract, Iron Oxides, Leuconostoc/Radish Root Ferment Filtrate, Theobroma Cacao (Cocoa) Seed Extract, Pantothenic Acid, Tocopherol, Triethoxycaprylylsilane, Ferulic Acid.","Wear Glowscreen on its own or as a primer.
Complete your skincare routine
Apply Glowscreen generously and evenly across your face and neck
Allow 30 seconds for product to absorb before applying makeup
SPF Directions:
If this is the only SPF in your skincare routine, apply generously & evenly 15 minutes before sun exposure. Reapply at least every 2 hours or immediately after swimming or sweating.
Precautions: For external use only. Do not use on damaged or broken skin. Stop use and ask a doctor if rash occurs. When using this product keep out of eyes. Rinse with water to remove. Keep out of reach of children. If swallowed, get medical help or contact a Poison Control Center right away."
pimprod2038390,Supergoop!,PLAY Lip Shield SPF 30 Sunscreen Lip Balm,Lips,Lip Balms & Treatments,$10.00,Mint,https://media.ulta.com/i/ulta/2606706?w=100&h=100&fmt=auto,46 Reviews,"Benefits
SPF lip balm for daily wear
Replenishes dry, cracked and dehydrated lips back to being feel-good smooth
Why wear a lip balm with SPF? Your lips are one of the most sun-sensitive parts of your skin and prone to drying when not protected
Key Ingredients
Coconut Oil: Conditions & moisturizes skin with rich fatty acids, vitamins & antioxidants
Sunflower Seed Oil: Helps skin retain moisture & helps protect against environmental damage
Avocado Oil: Helps nourish, moisturize & provide antioxidant protection
Formulated Without
At Supergoop!, they thoughtfully choose ingredients based on global regulations and the latest scientific research. Their ""No List"" includes 1600+ ingredients that they never add in their products, including oxybenzone, octinoxate, parabens, phthalates, sulfates and synthetic fragrances","Active: Avobenzone 3%, Homosalate 10%, Octisalate 5%, Octocrylene 10%
Inactive: Cocos Nucifera (Coconut) Oil, Ozokerite wax, Euphorbia Cerifera (Candelilla) Wax, Helianthus Annuus (Sunflower) Seed Oil, Butyloctyl Salicylate, Tocopherol, Glycine Soja (Soybean) Oil, Persea Gratissima (Avocado) Oil, Simmondsia Chinensis (Jojoba) Seed Oil, Butyrospermum Parkii (Shea) Butter, Piper Mentha Piperita (Natural Flavor), Stevia Rebaudiana Extract, Aloe Barbadensis Leaf Extract, Rosmarinus Officinalis (Rosemary) Oil, Vitis Vinifera (Grape) Seed Oil.","Apply to your lips as needed throughout the day
SPF Directions:
If this is the only SPF in your skincare routine, apply generously & evenly 15 minutes before sun exposure. Reapply at least every 2 hours or after 80 minutes of swimming or sweating.
Precautions: For external use only. Do not use on damaged or broken skin. Stop use and ask a doctor if rash occurs. When using this product keep out of eyes. Rinse with water to remove. Keep out of reach of children. If swallowed, get medical help or contact a Poison Control Center right away."
pimprod2047210,ILIA,Balmy Tint Hydrating Lip Balm,Lips,Lip Balms & Treatments,$28.00,Hold Me,https://media.ulta.com/i/ulta/2629329?w=100&h=100&fmt=auto,759 Reviews,"Benefits
Sheer, buildable color
Balmy finish
Moisturizing, nourishing formula
8 easy-to-wear shades
Formulated without gluten or silicone
Key Ingredients
Sea Succulent - Dramatically boosts hydration levels for lips that feel smooth and supple
Rosehip Oil - Rich in fatty acids that help to nourish and soften lips
Shea Butter - Creates a protective barrier to help lock in moisture","Ricinus Communis (Castor) Seed Oil, Cera Alba/Beeswax/Cire d'abeille, Helianthus Annuus (Sunflower) Seed Oil, Octyldodecanol, Butyrospermum Parkii (Shea) Butter, Polyhydroxystearic Acid, Candelilla Cera/Euphorbia Cerifera (Candelilla) Wax/Cire de Candelilla, Mica, Oryza Sativa (Rice) Bran Extract, Jojoba Esters, Rosa Canina Seed Oil, Simmondsia Chinensis (Jojoba) Seed Oil, Caprylic/Capric Triglyceride, Helianthus Annuus (Sunflower) Seed Wax, Theobroma Cacao (Cocoa) Seed Butter, Citrus Aurantium Dulcis (Orange) Peel Cera/Wax, Olea Europaea (Olive) Fruit Oil, Persea Gratissima (Avocado) Oil, Helianthus Annuus (Sunflower) Extract, Vanillin, Caprylyl Glycol, Ethylhexylglycerin, Tocopheryl Acetate, Rosmarinus Officinalis (Rosemary) Leaf Extract, Tocopherol, Acacia Decurrens Flower Cera/Wax, Polyglycerin-3, Salicornia Herbacea Extract. May Contain: CI 15850 (Red 7 Lake), CI 73360 (Red 30 Lake), CI 77491, CI 77492, CI 77499 (Iron Oxides), CI 77891 (Titanium Dioxide), CI 77742 (Manganese Violet), CI 16035 (Red 40 Lake).",Apply to lips straight from the bullet - no mirror needed. Swipe once for a sheer wash of color. Keep swiping for more payoff. Reapply as needed throughout the day.
pimprod2045883,SKIN1004,Madagascar Centella Hyalu-Cica Moisture Cream,K-Beauty,,$25.00,2.53 oz,https://media.ulta.com/i/ulta/2626857?w=100&h=100&fmt=auto,43 Reviews,"Benefits
Calms & moisturizes dry and sensitive skin
Reduces the appearance of fine lines
A soothing cream that provides powerful hydration that lasts, moisturizing dry skin from deep within and providing layers of hydration to the skin.
Features
Light-weight water gel texture
Completed skin irritation test for safe use on sensitive skin and for all skin types
Key Ingredients
Hyalu-Cica: SKIN1004's unique complex made from Hyaluronic Acid and Centella Asiatica provides hydration while restoring the skin barrier.
Phyto Collagen: plant collagen (a low molecular weight extract from white wood ear mushrooms) with an excellent absorption rate. The plant collagen is able to maintain moisture 500 times its own weight, which allows it to quickly absorb and lock in moisture.","Centella Asiatica Extract, Water, Glycerin, 1,2-Hexanediol, Pentaerythrityl Tetraisostearate, Caprylic/Capric Triglyceride, Niacinamide, Cetearyl Alcohol, Glyceryl Stearate, Polyglyceryl-2 Stearate, Butylene Glycol, Stearyl Alcohol, Propanediol, Carbomer, Polyglyceryl-3 Methylglucose Distearate, Sorbitol, Tromethamine, Polyglyceryl-3 Distearate, Sedum Sarmentosum Extract, Ethylhexylglycerin, Citric Acid, Glyceryl Stearate Citrate, Adenosine, Musa Sapientum (Banana) Flower Extract, Rosa Damascena Flower Water, Disodium EDTA, Melia Azadirachta Leaf Extract, Pyrus Communis (Pear) Fruit Extract, Melia Azadirachta Flower Extract, Prunus Domestica Fruit Extract, Biosaccharide Gum-1, Cucumis Melo (Melon) Fruit Extract, Coccinia Indica Fruit Extract, Sodium Hyaluronate, Hyaluronic Acid, Hydrolyzed Hyaluronic Acid, Hedera Helix (Ivy) Leaf/Stem Extract, Hydrolyzed Collagen, Solanum Melongena (Eggplant) Fruit Extract, Adansonia Digitata Seed Extract, Equisetum Arvense Extract, Olea Europaea (Olive) Leaf Extract, Vaccinium Macrocarpon (Cranberry) Fruit Extract, Fructan, Ocimum Sanctum Leaf Extract, Sophora Japonica Flower Extract, Curcuma Longa (Turmeric) Root Extract, Corallina Officinalis Extract.","On cleansed skin after serum, apply an appropriate amount and gently pat or massage onto skin. Can be used twice a day morning and night.
Precautions: For external use only. Stop using if irritation occurs. Keep out of reach of children. Avoid contact with eyes."
pimprod2039809,BYOMA,Brightening Toner with Lactic Acid,Cleansers,Toner,$15.99,5.07 oz,https://media.ulta.com/i/ulta/2611684?w=100&h=100&fmt=auto,154 Reviews,"Benefits
A brightening toner that helps soften skin and control oiliness
Unique Barrier Lipid Complex helps restore the skin barrier
Lactic and mandelic acids gently exfoliate
Urea and birch extracts improve tone and texture
Dermatologist tested & approved skincare
Alcohol & fragrance-free
Gentle enough for daily use
Recyclable bottles
Clinically proven to boost hydration by up to 100% after first use
Clinically proven to protect and maintain skin's natural barrier when used regularly
Clinically proven to boost hydration all day
Features
Featuring Byoma's unique Barrier Lipid Complex, this lactic and mandelic acid-based formula combined with urea and birch extracts
Works to gently exfoliate skin to help improve tone and texture without compromising the skin barrier.
Key Ingredients
Barrier Lipid Complex to help restore the skin barrier
Lactic and Mandelic Acid gently exfoliates to improve tone and texture
Urea and birch extracts improve tone and texture","Water, Dipropylene Glycol, Sodium Lactate, Lactic Acid, Glycerin, Diglycerin, 1,2-Hexanediol, Urea, Salix Alba (Willow) Bark Extract, Ceramide NP, Mandelic Acid, Benzoic Acid, Sphingolipids, Sodium Phytate, Betula Alba Juice, Tocopherol, Benzaldehyde, Ethylhexylglycerin, Polyglyceryl-10 Laurate.","Apply to clean, dry skin with hands and pat gently into face, neck and décolletage. Use AM + PM. Follow with your preferred Byoma serums + moisturizer.
Precautions: Eye irritant."
pimprod2049910,Coco & Eve,Bronzing Face Drops,Suncare,Self-Tanning & Bronzing,$28.00,Medium Glow,https://media.ulta.com/i/ulta/2635173?w=100&h=100&fmt=auto,14 Reviews,"Benefits
Natural, Glowing Tan with Skincare Benefits: Achieve a gradual, sun-kissed glow while deeply moisturizing and plumping your skin for a radiant, healthy complexion.
Bali Botanicals for Supple Skin: Coconut Water firms and smooths, while Banana and Dragon Fruit boost hydration and improve skin texture.
Non-Drying, Gentle Formula: Alcohol-free, lightweight, and non-comedogenic, ensuring a streak-free, natural finish that’s suitable for all skin types.
Key Ingredients
Natural DHA: Gradually develops a natural, sun-kissed tan, delivering a radiant glow with gentle, non-drying effect.
Bali Botanicals (Coconut Water, Banana, Dragon Fruit): A powerful blend that firms, smooths, hydrates, and repairs skin, boosting radiance and improving texture for a healthy, glowing finish.","Aqua/Water/Eau, Dihydroxyacetone, Erythrulose, Propanediol, Polyglyceryl-4 Laurate/Sebacate, Polyglyceryl-6 Caprylate/Caprate, Hylocereus Undatus Fruit Extract, Musa Sapientum (Banana) Fruit Extract, Cocos Nucifera (Coconut) Fruit Extract, Hyaluronic Acid, Hydrolyzed Hyaluronic Acid, Sodium Hyaluronate, Sodium Hyaluronate Crosspolymer, Hydrolyzed Glycosaminoglycans, Tocopherol, Citrus Nobilis (Mandarin Orange) Peel Oil, Helianthus Annuus (Sunflower) Seed Oil, Glycerin, Hydroxyethyl Acrylate/Sodium Acryloyldimethyl Taurate Copolymer, Citric Acid, Parfum/Fragrance, Phenoxyethanol, Sodium Benzoate, Potassium Sorbate, Ethylhexylglycerin, Sodium Metabisulfite, CI 16035/ D&C Red No. 40.","Add 2-3 drops into your moisturizer. Mix well, then apply evenly on face, neck and décolleté. Wash hands thoroughly after use.
Precautions: Do not apply to sore, broken, irritated or sensitive skin. Avoid contact with eyes. This product does not contain a sunscreen and does not protect against sunburn. Repeated exposure of unprotected skin while tanning may increase the risk of skin aging, skin cancer, and other harmful effects to the skin even if you do not burn. Stop using this product if you develop redness or itching."
pimprod2013151,La Roche-Posay,Retinol B3 Face Serum for Fine Lines & Wrinkles,Treatment & Serums,Face Serums,$46.99,1.0 oz,https://media.ulta.com/i/ulta/2559628?w=100&h=100&fmt=auto,761 Reviews,"Benefits
Retinol face serum hydrates, smoothes and resurfaces the skin to improve the look of fine lines, wrinkles and sun damage
Features pure retinol and gradual-release retinol for optimal efficacy and tolerability
Lightweight, hydrating anti aging serum texture leaves skin looking luminous
Soothes the skin with vitamin B3
Lightly fragranced
Suitable for sensitive skin and sensitive eyes
Non-comedogenic
Dermatologist and allergy tested
Key Ingredients
Pure retinol helps promote the skin's natural exfoliation process and resurface the skin
Gradual-release retinol enhances efficacy and tolerability
Vitamin B3 provides skin-soothing benefits
Glycerin moisturizes and hydrates the skin
Formulated Without
Oil
Parabens","Aqua/Water/Eau, Glycerin, Cyclohexasiloxane, Alcohol Denat., Pentylene Glycol, Niacinamide, Dimethicone, Glycine Soja Oil / Soybean Oil, Ppg-6-Decyltetradeceth-30, Sodium Hyaluronate, Retinol, Adenosine, Ammoniumpolyacryloyldimethyltaurate, Caprylyl Glycol, Citric Acid, Trisodium Ethylenediamine Disuccinate, Xanthan Gum, Polysilicone-11, Retinyl Palmitate, Tocopherol, Phenoxyethanol, Parfum/ Fragrance.","Apply face serum in the evening to the face and neck. Use alone and in association with SPF protection. Avoid contact with eyes.
Build Your La Roche-Posay Regimen:
Step 1: Cleanse with La Roche-Posay Toleriane Purifying Foaming Face Wash for Oily Skin
Step 2: Treat with La Roche-Posay Retinol Face Serum with Vitamin B3
Step 3: Moisturize With La Roche-Posay Toleriane Double Repair Face Moisturizer with Niacinamide
Step 4: Protect with La Roche-Posay Anthelios Ultra Light Fluid Face Sunscreen SPF 60"
pimprod2023402,megababe,Thigh Rescue Mini Anti-Friction Stick,Travel Size Body Care,,$10.00,0.81 oz,https://media.ulta.com/i/ulta/2577316?w=100&h=100&fmt=auto,111 Reviews,"Benefits
Allure 2021 Best of Beauty Award Winner provides instant protection against thigh chafe!
Non-toxic formula glides on smooth, creating a friction-free barrier
Thighs that rub glide smoothly against each other without pain or irritation!
Use anywhere chafe is an issue!
Packed with skin-boosting botanicals for soft, happy skin
Pocket-sized for easy on-the-go application
Key Ingredients
Aloe soothes skin with anti-inflammatory and cooling properties
Pomegranate seed extract protects skin's outer layer, promoting cell regeneration and rapid healing
Grapeseed oil supplies skin-firming flavonoids to help build up collagen
Antioxidant-rich vitamin E and grapeseed oil defend against damaging free radical aggressors
Ginger root extract evens skin tone and improves elasticity
Orange oil provides quick and effective relief from inflammation
Formulated Without
Synthetic fragrance
Aluminum
Parabens
Phthalates
Sulfates","Caprylic/Capric Triglyceride, Stearyl Alcohol, Isopropyl Palmitate, Cetyl Esters, Ozokerite, Tribehenin, Dimethicone/Vinyl Dimethicone Crosspolymer, Silica, Zinc Oxide, Zingiber Officinale (Ginger) Root Extract, Aloe Barbadensis Leaf Extract, Punica Granatum (Pomegranate) Seed Extract, Vitis Vinifera (Grape) Seed Oil, Chamomilla Recutita (Chamomile) Flower Extract, Alcohol, Allyl Caproate, Anisaldehyde, Benzyl Acetate, Citral, Citrus Aurantifolia (Lime) Oil, Citrus Aurantium Bergamia (Bergamot) Fruit Oil, Citrus Aurantium Dulcis (Orange) Oil, Citrus Medica Limonum (Lemon) Peel Oil, Cymbopogon Martinii Oil, Hexenyl Acetate, Hexyl Acetate, Juniperus Mexicana Oil, Phenethyl Alcohol, Tagetes Minuta Flower Oil, D-Alpha-Tocopheryl Acetate (Vitamin E).","Swipe directly onto skin as needed throughout the day. For use on thighs, toes, shoulders, elbows - anywhere chafe is a problem. Note that product transfer to clothing isn't common, but could occur. Not recommended for use with silk and other similarly delicate fabrics.
External use only. Keep away from children. Avoid contact with eyes and broken skin. Stop use/consult physician if irritation or rash occurs. Store at room temperature."
pimprod2038998,IT Cosmetics,Bye Bye Under Eye Bags Daytime Treatment,Eye Treatments,Eye Cream,$42.00,,https://media.ulta.com/i/ulta/2609657?w=100&h=100&fmt=auto,"2,361 Reviews","Features
It's your temporary eye lift in a tube!
Daytime under eye treatment delivers a temporary depuffing, tightening and smoothing effect in just 15 minutes that lasts until you wash it off before bed.
With its strong, flexible hold, Bye Bye Under Eye Bags Daytime Treatment can be applied to bare skin or as the last step of your makeup routine.
Adapts to facial movements for comfortable, all-day and long-lasting wear that won't crease or crack.
Easily removes with an oil-based cleanser like Bye Bye Makeup Cleansing Balm.
Benefits
Kind to skin
Safe for daily use
Suitable for sensitive skin
Dermatologist-Tested for Safety
Ophthalmologist-Tested for Safety
Fragrance-free
Research Results
94% say it lasts all day*
*Based on a 4-week consumer study.
**Based on a 1-week consumer study.","Isododecane, Aqua / Water / Eau, Acrylates/Isobornyl Acrylate Copolymer, Dimethicone Crosspolymer, Silica Silylate, Alcohol Denat., Polyhydroxystearic Acid, Dimethicone, Lauryl Peg-9 Polydimethylsiloxyethyl Dimethicone, Hydrogenated, Styrene/Butadiene Copolymer, Phenoxyethanol, Sodium Acrylates Crosspolymer-2, Caprylyl Glycol, Peg/Ppg-18/18 Dimethicone, Magnesium Sulfate, Silica, Tocopherol, Tris-Bht Mesitylene.","How to Apply IT On Bare Skin:
Bye Bye Under Eye Bags Daytime Treatment is designed to work when skin is completely dry, so allow 2-3 minutes for your eye cream to fully absorb before applying this product.
A pea-size amount per eye can be applied to bare skin.
With light pressure, use your fingertip to glide evenly from inner to outer eye corners 2-3 times - minimal blending is best.
Use your fingertip to gently tap or ""feather"" the product outward at the edges of each eye.
Relax your face and let it go to work. Don't squint or smile until the product is completely dry (about 15 minutes). Then you're good to go!
How to Apply IT Over Makeup:
Bye Bye Under Eye Bags Daytime Treatment is designed to work over makeup when all products applied are fully dried down. You can use a tissue or blotting paper to remove excess oil if needed.
A pea-size amount per eye can be applied on top of makeup. Please note: If wearing with concealer, foundation or powder, Bye Bye Under Eye Bags Daytime Treatment needs to be the last product you apply on top in order to work most effectively.
With light pressure, use your fingertip to glide evenly from inner to outer eye corners 2-3 times - minimal blending is best.
Use your fingertip to gently tap or ""feather"" the product outward at the edges of each eye.
Relax your face and let it go to work. Don't squint or smile until the product is completely dry (about 15 minutes). Then you're good to go!
How to Remove IT:
Do not sleep with product on eye area. Always remove with Bye Bye Makeup Cleansing Balm or your favorite waterproof makeup remover.
Gently massage Bye Bye Makeup Cleansing Balm or waterproof makeup remover onto dry skin, focusing on the areas with product.
Rinse well with warm water or wipe off with a face cloth and pat dry.
IMPORTANT NOTE:
Bye Bye Under Eye Bags Daytime Treatment should be applied and removed as directed. Contact with eyes should be avoided. The product should not remain on the skin overnight. Before bed, always remove the product with a waterproof makeup remover, such as Bye Bye Makeup Cleansing Balm. If irritation is experienced, stop use of the product. If irritation persists or is severe, seek medical attention."
pimprod2033456,Murad,Deep Relief Acne Treatment,Treatment & Serums,Acne & Blemish Treatments,$45.00,1.0 oz,https://media.ulta.com/i/ulta/2595539?w=100&h=100&fmt=auto,574 Reviews,"Benefits
Maximum-strength (2% salicylic acid) acne treatment helps treat deep, painful acne and prevent breakouts
Acts as an invisible, liquid pimple patch to deeply penetrate treatment to the blemish and accelerate healing
Hydrates and soothes discomfort, reduces redness
Key Ingredients
2% Salicylic Acid: helps treat and prevent breakouts
Amino Acid Technology: precisely targets ""bad"" bacteria known to trigger acne
Plant-Based Phytosteroid: hydrates to soothe discomfort and reduces redness
Research Results
After 2 weeks: The product visibly cleared breakouts and lessened the discomfort associated with deep acne
After 8 weeks: 82% agreed breakouts were less red
88% agreed the product calmed and soothed acne bumps","Active: Salicylic Acid 2.0%. Inactive: Water (Aqua), Propanediol, Glycerin, Pentylene Glycol, Dicaprylyl Carbonate, Behenyl Alcohol, Dimethyl Isosorbide, Physalis Pubescens Fruit Juice, (Mushroom) Extract, Urea, Yeast Amino Acids, Trehalose, Taurine, Inositol, Betaine, Allantoin, Polylysine, Tocopherol, Pullulan, Caprylic/Capric Triglyceride, Lecithin, Phytosterols, Cetyl Alcohol, Stearyl Alcohol, Glyceryl Stearate, Polyglyceryl-10 Myristate, Menthyl Lactate, Xanthan Gum, Sclerotium Gum, Hydrogenated Lecithin, Leuconostoc/Radish Root Ferment Filtrate, Silica, Disodium EDTA, Sodium Hydroxide, Citric Acid.","Apply AM and PM. Dip a clean cotton swab into bottle then apply directly to affected areas. You can also dispense onto a cotton round or fingers and apply directly to affected areas. Let product dry; do not rinse. Follow with your preferred Murad moisturizer and SPF during the day.
Reduce frequency if sensitivity occurs."
pimprod2023937,Good Molecules,Lightweight Daily Moisturizer,Moisturizers,Face Moisturizer,$12.00,3.3 oz,https://media.ulta.com/i/ulta/2582316?w=100&h=100&fmt=auto,629 Reviews,"Key Ingredients
Plant-based, naturally derived alternative to silicone helps smooth skin texture and plump up fine lines with a lightweight, breathable feel.
Macadamia seed oil nourishes the skin.
Shea butter helps soothe with antioxidant vitamin E.","Water, Propanediol, Neopentyl Glycol Diheptanoate, Butyrospermum Parkii (Shea) Butter, Cetearyl Alcohol, 1,2-Hexanediol, Persea Gratissima (Avocado) Oil, Cetearyl Olivate, Sorbitan Olivate, Glyceryl Stearate, Cetyl Ethylhexanoate, Carbomer, Tromethamine, Sodium Hyaluronate, Tocopheryl Acetate, Ethylhexylglycerin, Trisodium Ethylenediamine, Disuccinate, Camellia Sinensis Leaf Water.",Apply a pea-sized amount to clean skin. Let absorb for a few moments before applying sunscreen or makeup. Suitable for daily use.
pimprod2039798,Dermalogica,Stabilizing Repair Cream,Moisturizers,Face Moisturizer,$69.00,1.7 oz,https://media.ulta.com/i/ulta/2612125?w=100&h=100&fmt=auto,524 Reviews,"Benefits
Soothes on contact
Repairs skin's lipid barrier
Strengthens skin to help keep signs of sensitivity at bay
This formula was developed without any artificial fragrances or essential oils
Recognized by the National Eczema Association with the Seal of Acceptance
Key Ingredients
Boerhavia Diffusa Root Extract and Tasmannia Lanceolata Leaf Extract: quickly calm irritation and reduce the appearance of redness
A proprietary Ceramide-Building Complex: provides nourishing lipids, strengthening skin's barrier to lock in moisture and help keep signs of sensitivity at bay
Centella Asiatica: also know as Cica - helps strengthen the barrier, reduces wrinkles, and increases skin resilience and firmness
Sugar-derived Squalane: hydrates and smooths skin while strengthening the barrier and balancing the microbiome
Research Results
Helps stop sensitive skin by helping skin produce more of its own ceramides within 1 week.*
*See a reduction in redness, irritation, and itchiness within 1 week","Water/Aqua/Eau, Butylene Glycol, Glycerin, Squalane, Butyrospermum Parkii (Shea) Butter, Caprylic/Capric Triglyceride, Palmitic Acid, Simmondsia Chinensis (Jojoba) Seed Oil, Glyceryl Stearate SE, Propanediol, Hexyldecanol, Polyglyceryl-3 Methylglucose Distearate, Hydroxyacetophenone, Dipotassium Glycyrrhizate, Centella Asiatica Extract, Boerhavia Diffusa Root Extract, Myrothamnus Flabellifolia Leaf/Stem Extract, Tasmannia Lanceolata Leaf Extract, Brassica Campestris (Rapeseed) Sterols, Zingiber Officinale (Ginger) Root Extract, Tocopherol, Lactobacillus Ferment, Cetylhydroxyproline Palmitamide, Caprylyl Glycol, Triolein, Maltodextrin, Bisabolol, Xanthan Gum, Cetearyl Alcohol, Myristic Acid, Tetrasodium Glutamate Diacetate, Hydroxystearic Acid, 1,2-Hexanediol, Sodium Hydroxide, Citric Acid, Sodium Polyacryloyldimethyl Taurate, Ammonium Acryloyldimethyltaurate/VP Copolymer, Stearic Acid, Acacia Senegal Gum.","Rub cream between hands then apply to face and neck with light, upward strokes. Use once or twice daily. Keep out of eyes."
pimprod2002893,Kiehl's Since 1851,Ultra Facial Cleanser,Cleansers,Face Wash,$26.00,5.0 oz,https://media.ulta.com/i/ulta/2536613?w=100&h=100&fmt=auto,664 Reviews,"Benefits
Gently cleanses without over-drying or stripping skin of its natural oils
Helps dissolve excess oil, dirt and debris
Tested for safety and gentleness
pH-balanced
For all skin types, including sensitive skin
A customer favorite
Key Ingredients
Squalane: a highly-refined botanical lipid derived from olives; with an exceptional affinity to skin, it absorbs easily and is known to help replenish skin's barrier keeping it soft, supple, and moisturized
Apricot Kernels: derived from crushed apricot seeds and act as a gentle exfoliant
Avocado Oil: has a rich, emollient texture and contains a balance of lipids including omega essential fatty acids","Aqua/Water/Eau, Glycerin, Decyl Glucoside, Sodium C14-16 Olefin Sulfonate, Acrylates Copolymer, Disodium Cocoamphodiacetate, Lauryl Glucoside, Peg-200 Hydrogenated Glyceryl Palmate, Cocamidopropyl Betaine, Glycol Distearate, Pentylene Glycol, Phenoxyethanol, Peg-7 Glyceryl Cocoate, Sodium Hydroxide, Citric Acid, Sodium Benzoate, Sodium Chloride, Hydroxyacetophenone, Benzoic Acid, Squalane, Glycine Soja Oil/Soybean Oil, Prunus Amygdalus Dulcis Oil/Sweet Almond Oil, Prunus Armeniaca Kernel Oil/Apricot Kernel Oil, Tocopherol, Ascorbyl Glucoside, Persea Gratissima Oil/Avocado Oil.","Apply a small amount to damp face. Work into a generous lather using a gentle upward, circular motion, and avoiding the immediate eye area. Rinse thoroughly or remove with a damp wash cloth."
pimprod2012607,MAËLYS,B-FLAT Belly Firming Cream,Treatment & Serums,Body Treatments,$49.00,3.4 oz,https://media.ulta.com/i/ulta/2560649?w=100&h=100&fmt=auto,"8,077 Reviews","Benefits
Fades the look of stretch marks
Promotes a smoother looking belly
Research Results
Clinically proven to decrease the look of stretch marks.
Clinically proven to promote smoother-looking belly skin.
*Based on a 56-day clinical trial with 28 participants.
Key Ingredients
Formulated without: Parabens, SLS, and Phthalates.
Bentonite Firming Complex: A potent blend of nourishing Avocado Extract, hydrating Shea Butter, and oil-absorbing Bentonite Clay, that is shown to help diminish the look of stretch marks and visibly firm the skin.
Brazilian Peppertree: A plant extract that helps invigorate the skin and is proven to smooth the look of fatty skin.","Water (Aqua), Hydrogenated Polyisobutene, Glycerin, C12-15 Alkyl Benzoate, Stearyl Alcohol, Caprylic/Capric Triglyceride, Acrylates Copolymer, Cetyl Alcohol, Dimethicone, Squalane, Butyrospermum Parkii (Shea) Butter, Theobroma Cacao (Cocoa) Seed Butter, Tocopheryl Acetate, Sodium Hyaluronate, Bentonite, Propylene Glycol, Butylene Glycol, Bisabolol, Paullinia Cupana (Guarana) Fruit Extract, Schinus Terebinthifolius Seed Extract, Persea Gratissima (Avocado) Fruit Extract, Butyrospermum Parkii (Shea) Butter Extract, Triticum Vulgare (Wheat) Germ Oil, Ethylhexylglycerin, Ceteareth 20, Phenoxyethanol, Vanillyl Butyl Ether, Chlorphenesin, Sodium Hydroxide, Sodium Carbonate, Fragrance (Parfum), Geraniol, Hexyl Cinnamal, Linalool, Yellow 6 (CI 15985),Yellow 5 (CI 19140), Red 33 (CI 17200).","Apply a generous layer to stretch marks and loose skin in the belly area. Massage into the skin in circular motions until fully absorbed. You may start to feel a warming sensation, that's totally normal! If you're not into the tingle, we recommend waiting at least 20 minutes after a shower before applying. Use twice a day for best results."
pimprod2004242,Lancôme,UV Expert Defense SPF 50+ Primer & Moisturizer,Face,Face Primer,$48.00,1.0 oz,https://media.ulta.com/i/ulta/2541521?w=100&h=100&fmt=auto,916 Reviews,"Features
Made with antioxidant-rich Vitamin E, Moringa seed extract, and Edelweiss, this lightweight moisturizer with SPF 50 works as a face sunscreen and makeup primer to hydrate, prime, and help protect the skin in one easy step.
Hydrates and soothes the skin, leaving it with a healthy-looking glow.
Uses broad spectrum SPF 50 sunscreen protection and offers a comfortable, fast-absorbing texture. It helps protect skin as the # 1 selling prestige SPF 50 in-sun face product.**
Sun Protection: Provides SPF 50 protection that helps prevent sunburn and decreases the risk of skin cancer and early skin aging caused by the sun.*
Lightweight Texture Experience: The cooling Aquagel texture transforms into a water-like gel that is highly breathable and absorbs quickly into the skin with no white cast or greasy residue.
Suitable for all skin types, including sensitive skin.
*If used as directed with other sun protection measures.
**Source: The NPD Group/U.S. Prestige Beauty Total Measured Market, Skincare Unit Sales, Annual 2021.
Key Ingredients
Vitamin E: Known for its antioxidant properties that can help protect skin from the sun
Moringa Extract: Known for its powerful antioxidant properties
Edelweiss: Known to enhance skin's resistance to external aggressors
*Product benefits are based on product formula testing, not on the individual ingredients
Paraben-free, mineral oil-free
Benefits
Instantly*:
93% say skin feels more hydrated
90% agree skin feels softer
82% say that product does not leave a white appearance on the skin
After four weeks*:
93% agree skin feels smoother
86% say skin tone looks more even
85% agree skin appears more radiant, with a healthy-looking glow
*Based on self-assessment results in a 4-week consumer study with 88 women","Active: Avobenzone 3%, Homosalate 15%, Octisalate 5%, Octocrylene 7%. Inactive: Water, Alcohol Denat, Styrene/Acrylates Copolymer, Dimethicone, Acrylates/Dimethicone Copolymer, Tocopherol, Dicaprylyl Ether, Sodium Polyacrylate, Sodium Dodecylbenzenesulfonate, Sodium Benzoate, Diethylhexyl Syringylidenemalonate, Phenoxyethanol, PEG-8 Laurate, Trisodium Ethylenediamine Disuccinate, Menthyl Lactate, Pentylene Glycol, Mentha Piperita (Peppermint) Extract, Xanthan Gum, Propanediol, Leontopodium Alpinum Flower/Leaf Extract, Caprylyl Glycol, Caprylic/Capric Triglyceride, Acrylates/C10-30 Alkyl Acrylate Crosspolymer, Moringa Oleifera Seed Extract, Rosa Meichibon/Delgramaue Callus, Disodium Phosphate, Citric Acid, Potassium Sorbate, Glycerin, Fragrance, (F.I.L. C262576/1).","Use daily after cleansing as an all-in-one face sunscreen, moisturizer, and makeup primer.
For a no-makeup look or a day in the sun, apply evenly across all facial zones.
If wearing makeup, use as a makeup primer before applying foundation."
pimprod2044443,Estée Lauder,Revitalizing Supreme+ Youth Power Cream SPF 25 Moisturizer,Moisturizers,Face Moisturizer,$120.00,1.7 oz,https://media.ulta.com/i/ulta/2618891?w=100&h=100&fmt=auto,355 Reviews,"Benefits
See a more lifted look, and firmness, strength and radiance. All in a supremely indulgent texture.
Lines and wrinkles look reduced. Firmness and elasticity are significantly improved.
Skin glows with a new healthy looking vitality. And is stronger, radiant, deeply nourished and hydrated - empowered to reveal its youth potential. Live uplifted.
PHOTOAGING PROTECTION: BROAD SPECTRUM UVA/UVB SUNSCREEN
This anti-aging moisturizer with SPF 25 and anti-oxidants helps defend skin against the damaging effects of UVA/UVB rays and other environmental damage.
Why use a moisturizer with SPF? Protecting your skin with a broad spectrum sunscreen helps prevent early skin aging - including lines, wrinkles, discolorations and loss of firmness - caused by the sun.
Key Ingredients
YOUTH POWER INGREDIENTS
Collagen Boosting Technology
Estée Lauder's formula combines their nature-powered ingredients with their Collagen Boosting Technology, to help reignite skin's power to help skin feel firmer, look more lifted.
Exclusive Hibiscus Morning Bloom Extract
Nature at its most powerful. Estée Lauder scientists discovered that Hibiscus sinensis flowers harvested early in the day hold the highest ""youth power"" activity.
So they gather hand-selected blooms in the morning for peak potency, then - in a process that takes 83 days from harvest to manufacture - create our powerful extract that helps firm and lift the look of skin.
Exclusive Moringa Extract
Often referred to as the ""miracle tree,"" Moringa is one of the most effective Youth Power ingredients they've ever discovered. Their extract, created through an exclusive, patent-pending process, helps skin empower multiple anti-aging pathways.
Cactus Stem Cell Extract and Hyaluronic Acid
Additional high-performance ingredients add to the power of Revitalizing Supreme+. An infusion of Cactus Stem Cell Extract and Hyaluronic Acid helps reveal stronger, nourished skin, saturated with 72-hour hydration. Skin's vital moisture barrier is strengthened.
Research Results
Clinical testing showed:
-31% reduction in the look of neck lines(A)
-22% line reduction(A)
+22% smoothness(A)
-15% pore reduction(B)
Women who tried it were convinced:
94% said skin felt stronger(C)
94% said skin's elasticity and bounce improved(D)
90% said skin looked more even toned(C)
89% said skin looked more lifted(D)
Lightweight, silky-soft and nourishing. Oil-free. Absorbs quickly.
95% said it penetrated and melted deeply into skin(E)
92% said it left skin residue-free(E)
For all ages and skintypes. Proven results for women 40+.
(A) Clinical testing on 50 women after using product for 12 weeks.
(B) Clinical testing on 54 women, after using product for 12 weeks.
(C) Consumer testing on 131 women after using product for 2 weeks.
(D) Consumer testing on 131 women after using product for 4 weeks.
(E) Consumer testing on 131 women after using product for 1 week.","Avobenzone 3%, Homosalate 7%, Octisalate 4.5%, Octocrylene 6%Ingredients: Water\Aqua\Eau, Butyloctyl Salicylate, Glycerin, Dibutyl Adipate, Dextrin Palmitate, Silica, Cetyl Alcohol, Butylene Glycol, Myristyl Myristate, Acrylates Copolymer, Glyceryl Stearate, Peg-100 Stearate, Vp/Eicosene Copolymer, Methyl Methacrylate Crosspolymer, Moringa Oleifera Seed Extract, Hibiscus Sinensis Flower Extract, Sodium Hyaluronate, Acetyl Hexapeptide-8, Laminaria Digitata Extract, Whey Protein\Lactis Protein\Protéine Du Petit-Lait, Opuntia Tuna Extract, Acetyl Glucosamine, Tocopheryl Acetate, Narcissus Tazetta Bulb Extract, Algae Extract, Pyrus Malus (Apple) Fruit Extract, Cucumis Sativus (Cucumber) Fruit Extract, Lens Esculenta (Lentil) Fruit Extract, Citrullus Lanatus (Watermelon) Fruit Extract, Silybum Marianum (Lady'S Thistle) Extract, Helianthus Annuus (Sunflower) Seed Extract, Sigesbeckia Orientalis (St. Paul'S Wort) Extract, Caffeine, Hordeum Vulgare Extract\Extrait D'Orge, Sodium Lactate, Sorbitol, Propylene Glycol Dicaprate, Sucrose, Sodium Pca, Pentylene Glycol, Caprylyl Glycol, Polysorbate 60, Hexylene Glycol, Steareth-21, Disodium Edta, Dimethicone, Trisiloxane, Myristyl Laurate, C13-15 Alkane, Biosaccharide Gum-4, Heptyl Undecylenate, Isoceteth-20, Tetrahexyldecyl Ascorbate, Isohexadecane, Hydroxyethyl Acrylate/Sodium Acryloyldimethyl Taurate Copolymer, Citric Acid, Fragrance (Parfum), Bht, Phenoxyethanol, Potassium Sorbate, Sodium Dehydroacetate, Sodium Benzoate, Red 4 (Ci 14700), Yellow 5 (Ci 19140).","Apply all over face and neck, AM and PM. Ideal after your repair serum. Avoid eye area."
pimprod2030629,Supergoop!,PLAY Everyday Lotion SPF 50 with Sunflower Extract PA++++,Suncare,Sunscreen,$68.00,18.0 oz,https://media.ulta.com/i/ulta/2589403?w=100&h=100&fmt=auto,"1,975 Reviews","Benefits
Broad spectrum sunscreen that protects against UVA, UVB and IRA rays
Supergoop's original broad spectrum sunscreen lotion for face and body
Formulated with natural extracts of citrus and basil to give a light, non-sunscreen, and non-synthetic smell
For all skin types
Fast-absorbing and non-greasy
Water- and sweat-resistant for 80 minutes
Ideal for a day of play
Key Ingredients
Contains a natural antioxidant blend of Rice Bran Extract, Rosemary Extract, Sunflower Extract and Tocopherol (vitamin E derivative)
Rice Bran Extract: Helps condition and soften the skin
Rosemary Extract: Has a calming effect on the skin
Sunflower Extract: Helps protect your skin from the visual effects of external environmental elements
Tocopherol: Helps nourish and soften the skin
Natural aromatic extracts of basil, eucalyptus, orange, lemon, patchouli and wild geranium give the formula a fresh scent
Active Ingredients: Avobenzone 3%, Homosalate 10%, Octisalate 5%, Octocrylene 7.5%
Formulated Without
Supergoop! thoughtfully chooses ingredients based on global regulations and the latest scientific research. Supergoop! ""No List"" includes 1600+ ingredients that is never added in products, including oxybenzone, octinoxate, parabens, phthalates, sulfates and synthetic fragrances.","Active: Avobenzone 3%, Homosalate 10%, Octisalate 5%, Octocrylene 7.5%.
Inactive: Water, Acrylates Copolymer, Diisopropyl Sebacate, Glycerin, Isodecyl Neopentanoate, Isododecane, Lauryl Lactate, Cetyl Alcohol, Potassium Cetyl Phosphate, Brassica Campestris/Aleurites Fordi Oil Copolymer, Oryza Sativa (Rice) Bran Extract, Cetearyl Olivate, Ammonium Acryloyldimethyltaurate/VP Copolymer, Hydroxyacetophenone, Sorbitan Olivate, Diethylhexyl Syringylidenemalonate, Aniba Rosaeodora (Rosewood) Wood Oil, Chlorphenesin, Citrus Aurantium Dulcis (Orange) Peel Oil, Citrus Limon (Lemon) Peel Oil, Ethylhexylglycerin, Eucalyptus Globulus Leaf Oil, Ocimum Basilicum (Basil) Flower/Leaf Extract, Pelargonium Graveolens Flower Oil, Pogostemon Cablin Oil, Pentylene Glycol, 1,2-Hexanediol, Caprylyl Glycol, Xanthan Gum, Helianthus Annuus (Sunflower) Extract, Behenic Acid, Cetyl Behenate, Isostearyl Isostearate, Trisodium Ethylenediamine Disuccinate, Tocopherol, Allantoin, Rosmarinus Officinalis (Rosemary) Leaf Extract, Caprylic/Capric Triglyceride, Dexpanthenol, Pentasodium Triphosphate, Citric Acid.","Apply generously and evenly 15 minutes before sun exposure. Reapply at least every 2 hours, after 80 minutes of swimming or sweating or immediately after towel drying.
Precautions: For external use only. Do not use on damaged or broken skin. Stop use and ask a doctor if rash occurs. When using this product keep out of eyes. Rinse with water to remove. Keep out of reach of children. If swallowed, get medical help or contact a Poison Control Center right away."
pimprod2014068,SUNDAY RILEY,Ice Ceramide Moisturizing Cream,Moisturizers,Face Moisturizer,$65.00,1.7 oz,https://media.ulta.com/i/ulta/2559449?w=100&h=100&fmt=auto,517 Reviews,"Benefits
A rich but lightweight moisturizing cream
Targets fine lines and wrinkles, loss of firmness and elasticity, and dullness and uneven texture
Replenishes the skin with lasting hydration
Defends against the signs of premature aging
Skin appears smooth, balanced and ageless throughout the day
For Dry, and Very Dry skin types
Key Ingredients
Ceramides are lipids created naturally by the skin, which help form the skin's natural moisture barrier
Vitamin F is a building block of ceramides, replenishing lipid levels and strengthening the skin's natural moisture barrier
Coconut reduces Transepidermal Water Loss (TEWL) and increases skin moisturization
Beetroot Extract addresses short and long term causes of dehydration, for increased skin smoothness and moisturization
Red Algae Extract is rich in minerals and helps lock in hydration and nurture the skin
Pomegranate sterols quench the skin with hydration and contain a high concentration of antioxidants that protect the skin from environmental stressors, responsible for premature skin aging
Formulated Without
Parabens
Sulfates
Gluten
Phthalates
Soy
Artificial Fragrance","Extract Blend [Water/Eau/Aqua, Chondrus Crispus (Red Algae) Extract], Squalane, C13-15 Alkane, Glycerin, Helianthus Annuus (Sunflower) Seed Wax, Lanolin Alcohol, Tri(Polyglyceryl-3/Lauryl) Hydrogenated Trilinoleate, Cocos Nucifera (Coconut) Fruit Extract, Ceramide NP, Ceramide EOP, Ceramide AP, Sodium Hyaluronate, Prunus Amygdalus Dulcis (Sweet Almond) Fruit Extract, Fructooligosaccharides, Beta Vulgaris (Beet) Root Extract, Shea Butter Ethyl Esters, Prunus Armeniaca (Apricot) Fruit Extract, Pimpinella Anisum (Anise) Fruit Extract, Rubus Idaeus (Raspberry) Fruit Extract, Vanilla Planifolia Fruit Extract, Cucumis Melo (Melon) Fruit Extract, Punica Granatum Sterols, Rosa Damascena Flower Oil, Ananas Sativus (Pineapple) Fruit Extract, Cinnamomum Cassia Leaf Oil, Ricinus Communis (Castor) Seed Oil, Helianthus Annuus Seed Oil, Rhus Verniciflua Peel Wax, Sodium Lauroyl Lactylate, Sodium Polyacryloyldimethyl Taurate, Triethyl Citrate, Tapioca Starch, Maltol, Polyquaternium-80, Sodium Phytate, Magnesium Stearate, Magnesium Aspartate, Pentylene Glycol, Tocopherol, Phytosphingosine, Cholesterol, Lithothamnion Calcareum Extract, Zinc Gluconate, Copper Gluconate, Phenoxyethanol, Ethylhexylglycerin, Polymethylsilsesquioxane, Xanthan Gum, Carbomer, Ascorbyl Palmitate, Pentaerythrityl Tetra-di-t-butyl Hydroxyhydrocinnamate, Benzotriazolyl Dodecyl P-cresol.","Apply to clean skin twice a day, morning and night.
Pro Tip: Apply as the last step of your skincare routine to lock-in moisture."
pimprod2039880,e.l.f. Cosmetics,Squeeze Me Lip Balm,Lips,Lip Balms & Treatments,$4.00,Vanilla Frosting,https://media.ulta.com/i/ulta/2611156?w=100&h=100&fmt=auto,"2,458 Reviews","Benefits
Lightweight, leave-on formula helps hydrate & nourish lips
Sheer tint of color
Pocket-sized, easy-to-use squeeze tube & applicator for when you're on the go
Available in various delicious scents & shades
100% vegan, cruelty-free & Leaping Bunny Certified
Made in a Fair-Trade Certified factory
Key Ingredients
Shea butter
Hyaluronic acid
Goji berry
Formulated Without
Phthalates
Parabens
Nonylphenol ethoxylates
Triclosan
Triclocarban
Hydroquinone","Triisostearin, Hydrogenated Polyisobutene, Polyglyceryl-10 Pentaisostearate, Dextrin Palmitate, Ethylhexylglycerin, Diethylhexyl Syringylidenemalonate, Fragrance (Parfum), Squalane, Simethicone, Caprylic/Capric Triglyceride, Butyrospermum Parkii (Shea Butter), Water (Aqua), Ricinus Communis (Castor) Seed Oil, Butylene Glycol, Glycerin, Tocopherol, Sodium Hyaluronate, Maltodextrin, Hydrogenated Castor Oil, Lycium Chinense Fruit Extract, 1,2- Hexanediol, Calcium Pantothenate, Xanthan Gum, Urea, Caprylyl Glycol, Magnesium Lactate, Papain, Soluble Collagen, Potassium Lactate, Proline, Alanine, Serine, Magnesium Chloride, Sodium Citrate, Benzyl Benzoate, Cinnamyl Alcohol. May Contain: Titanium Dioxide (CI 77891), Yellow Iron Oxide (CI 77492).
<
Ingredients may change or vary from time to time. Please refer to the packaging of the product received for the list of ingredients in your particular product.","Apply a generous even layer directly to lips. Reapply as needed.
Pro Tip: Prep your lips with e.l.f. Cosmetics' Lip Exfoliator (sold separately)."
pimprod2045122,Dermalogica,Skin Aging Solutions Skincare Kit,By Category,Skin Gifts,$78.00,,https://media.ulta.com/i/ulta/2624463?w=100&h=100&fmt=auto,115 Reviews,"Benefits
Exfoliate and retexturize skin
Minimize the appearance of pores and evens skin tone
Nourish dry, dehydrated while combatting the appearance of skin aging
Key Ingredients
Retinol: helps reduce the appearance of fine lines and wrinkles, promoting smoother skin
Antioxidants: shield your skin from environmental damage and maintain a healthy, radiant complexion
Peptides: improve skin's elasticity and firmness
SPF: provides essential protection against harmful UV rays, preventing visible signs of premature aging
Includes
Dynamic Skin Recovery SPF 50 Moisturizer (0.5 oz)
Dynamic Skin Retinol Serum (0.34 oz)
Super Rich Repair Moisturizer (0.5 oz)
Skin Resurfacing Cleanser (1.0 oz)",Please refer to product packaging for a complete list of ingredients.,"Daytime:
Skin Resurfacing Cleanser: Lather and massage onto damp face and neck for at least 30 seconds. Avoid eye area. Rinse thoroughly then apply your favorite Dermalogica toner and serum.
Dynamic Skin Recovery SPF 50: After cleansing, toning, and serum, apply a generous amount to face and neck, preferably 30 minutes prior to sun exposure.
Nighttime:
Dynamic Skin Retinol Serum: After cleansing, apply a thin layer onto face. Keep out of eyes. Use nightly. If dryness or redness occurs, reduce frequency. Wear SPF during the day.
Super Rich Repair: Apply to face and neck with light, upward strokes. Wait for cream to absorb before applying additional products. Use twice daily. Store at room temperature."
pimprod2050414,The Ordinary,GF 15% Serum for Visible Skin Repair and Wrinkles,Treatment & Serums,Face Serums,$15.50,1.0 oz,https://media.ulta.com/i/ulta/2637073?w=100&h=100&fmt=auto,109 Reviews,"Benefits
Reduces the look of wrinkles in 1 week
Face and neck feel firmer, look more lifted in 4 weeks
Repairs the look of wrinkles in 2 weeks
Growth Factors support skin’s natural repair activities to help improve visible signs of collagen loss for a firmer, more lifted look
Key Ingredients
IGF: Helps regenerate the appearance of skin by visibly enhancing density.
EGF: Supports skin’s natural elastin and the process of skin renewal
TGF: Improves skin’s integrity by supporting natural collagen.","Aqua/Water/Eau, Butylene Glycol, Nicotiana Benthamiana Hexapeptide-40 Sh-Oligopeptide-1, Nicotiana Benthamiana Hexapeptide-40 Sh-Polypeptide-76, Nicotiana Benthamiana Octapeptide-30 Sh-Oligopeptide-2, Sclerotium Gum, Glycerin, Trisodium Ethylenediamine Disuccinate, Citric Acid, Sodium Citrate, Phenoxyethanol, Chlorphenesin.","Apply a few drops to the face in the morning and evening.
Contradictions: Direct Acids, Direct Vitamin C."
pimprod2028066,Drunk Elephant,B-Hydra Intensive Hydration Serum,Treatment & Serums,Face Serums,$50.00,1.69 oz,https://media.ulta.com/i/ulta/2588439?w=100&h=100&fmt=auto,"2,888 Reviews","Benefits
Formulated with pro-vitamin B5 and pineapple ceramide
Provides immediate hydration while improving skin's water-retention abilities
Dermatologist Tested
Formulated without the Suspicious 6 - the six ingredients Drunk Elephant believes are at the root of almost every skin issue (Essential oils, Silicones, Chemical sunscreens, SLS, Fragrances + dyes, and Drying alcohols)
Key Ingredients
Pineapple Ceramide: Boosts luminosity and improves the appearance of skin's texture and tone
Provitamin B5: As a humectant, it attracts hydration to the skin and holds it there, visibly improving skin's barrier function
Sodium Hyaluronate: With a smaller molecular weight than hyaluronic acid, it is able to penetrate skin & deliver intense hydration to reduce the appearance of fine lines/wrinkles and promote visible firmness.
Research Results
In a consumer-perception study with 29 people after 8 weeks:
97% agreed skin felt smoother
93% agreed skin felt more hydrated
93% agreed skin looked more radiant","Water/Aqua/Eau, Coconut Alkanes, Ammonium Acryloyldimethyltaurate/VP Copolymer, Glycerin, Pentylene Glycol, Sclerocarya Birrea Seed Oil, Wheat Amino Acids, Ananas Sativus (Pineapple) Fruit Extract, Berberis Vulgaris Root Extract, Citrullus Lanatus (Watermelon) Fruit Extract, Lens Esculenta (Lentil) Fruit Extract, Pyrus Malus (Apple) Fruit Extract, Coco-Caprylate/Caprate, Panthenol, Sodium PCA, Sodium Hyaluronate Crosspolymer, Dipotassium Glycyrrhizate, Niacinamide, Cyclodextrin, Sodium Hyaluronate, Sodium Lactate, Phenoxyethanol, Hydroxyproline, Trisodium Ethylenediamine Disuccinate, Citric Acid, Caprylyl Glycol, Chlorphenesin, Ethylhexylglycerin.","Apply one pump to a clean, dry face, neck, chest, hands, or any place needing increased hydration. Mix with any Drunk Elephant serum, oil, or cream to lock it in.
Tip: Exfoliate regularly to ensure maximum absorption of the product.
Smoothie Tip: ""Passion Play Smoothie"": 1 pump B-Hydra + 1/2 pump A-Passioni Retinol Cream + 1 pump Lala Retro Whipped Moisturizer for hydrated, radiant, younger-looking skin."
pimprod2021082,Urban Decay Cosmetics,Hydromaniac Hydrating Dewy Foundation,Moisturizers,Tinted Moisturizer,$35.00,30,https://media.ulta.com/i/ulta/2567739?w=100&h=100&fmt=auto,"4,028 Reviews","Benefits
Dewy finish: for a radiant, glowy look
Buildable medium coverage: the coverage of a foundation with the hydration of a tinted moisturizer
Up to 24-hour wear: luminous coverage that lasts all day and all night
24-hour hydration: skin feels moisturized all day without feeling tacky or greasy
Formula Infused with Marula Oil + Kombucha Filtrate: it hydrates and nourishes skin
Weightless feel: silky texture + breathable feel
Evens out skin tone & texture: skin appears smoother and healthier
Blurring effect: reduces the appearance of pores and imperfections
Gives a youthful appearance: does NOT accentuate fine lines and wrinkles
Applies seamlessly: glides smoothly onto skin
Non-comedogenic foundation: Won't clog pores
Key Ingredients
Marula Oil: known to hydrate skin & seal in hydration
Kombucha Filtrate: antioxidant-rich ingredient, known to brighten and increase skin's luminosity
Fragrance-free
Paraben-free
Alcohol-free
Research Results
100% of users* had improved skin hydration after 24 hours
In a 7-day consumer study** 85% said skin looks glowing & fresh all day
*Based on instrumental skin test
**Based on a 281-person study","30: Aqua / Water / Eau, Phenyl Trimethicone, Dicaprylyl Ether, Glycerin, Triethylhexanoin, Cetyl Peg/Ppg-10/1 Dimethicone, Dextrin Myristate, Hydrogenated Styrene/Methylstyrene/Indene Copolymer, Peg-8, Synthetic Fluorphlogopite, Pentylene Glycol, Polyglyceryl-4 Isostearate, Sodium Chloride, Phenoxyethanol, Disodium Stearoyl Glutamate, Chlorphenesin, Ethyl Menthane Carboxamide, Saccharomyces/Xylinum/Black Tea Ferment, Aluminum Hydroxide, Pentaerythrityl Tetra-Di-T-Butyl Hydroxyhydrocinnamate, Tocopherol, Hydroxyethylcellulose, Argania Spinosa Kernel Oil, Sclerocarya Birrea Seed Oil, Zingiber Officinale Root Extract / Ginger Root Extract, Sodium Citrate, Citric Acid, Potassium Sorbate, Biotin. (May Contain / Peut Contenir): CI 77891 / Titanium Dioxide, CI 77491, CI 77492, CI 77499 / Iron Oxides.","Prep your skin: Start with a clean and moisturized face. Ensure that all of your skincare products are completely absorbed into the skin before applying the foundation.
Dispense the product: Squeeze a small amount of the foundation onto the back of your hand, onto a clean makeup palette, or directly on your face. Remember, a little goes a long way with this foundation.
Apply the foundation:
a. For more coverage, apply with fingers: Using clean fingers, dot the foundation onto your forehead, cheeks, nose, and chin. Start with a small amount and build up the coverage as desired.
b. For a more natural, skin-like finish, use a sponge: Put one drop onto skin and bounce outward with damp beauty sponge for a beautifully blended, natural, skin-like finish.
Blend it out: Blend the foundation into your skin in gentle, upward motions. Start from the center of your face and work your way outwards for an even application.
Build coverage: If you prefer more coverage, you can apply an additional layer of the foundation to areas that need it. Remember to blend well for a seamless finish.
Set if desired: If you prefer a longer-lasting finish or have oily skin, you can lightly dust a setting powder over the foundation to help set it in place. This step is optional and depends on your personal preference.
Complete your makeup: Continue with the rest of your makeup routine, such as applying blush, bronzer, and setting spray, if desired. 8. Enjoy the hydrating, dewy finish: The Hydromaniac Foundation provides a natural-looking glow to your complexion."
pimprod2040931,BOBBI BROWN,Vitamin Enriched Hydrating Skin Tint SPF 15,Moisturizers,Tinted Moisturizer,$48.00,Deep 1,https://media.ulta.com/i/ulta/2612309?w=100&h=100&fmt=auto,347 Reviews,"Benefits
Gives skin a boost of moisture and just-right coverage
Melts seamlessly into skin with sheer coverage that adapts to a range of skin tones
Helps replenish and condition skin with essential nourishment
Helps strengthen skin's barrier
Helps protect from environmental aggressors
Features
Pigment-Flex Technology features specially coated pigments that help shades melt seamlessly into skin with sheer coverage that adapts to a range of skin tones
Lightweight, sweat and humidity-resistant formula stays color-true for 12 hours of non-fading, non-creasing, non-settling wear
SPF 15 helps prevent UVA and UVB rays from damaging skin
Clinical results: 12-hour moisture and color-true wear. Non-fading, non-creasing, non-settling, sweat and humidity-resistant
Key Ingredients
Signature blend of Vitamins B, C, and E helps replenish and condition skin with essential nourishment
Pro-Vitamin D and Cactus flower help strengthen skin's barrier
Vitamin E Complex helps defend skin from environmental aggressors
Hyaluronic Acid helps instantly moisturize while Shea Butter helps soften and condition
Refreshing scent of Grapefruit and Geranium uplifts the senses","Water\Aqua\Eau, Ethylhexyl Methoxycinnamate, Glyceryl Triacetyl Ricinoleate, Octyldodecyl Neopentanoate, Diethylhexyl Succinate, Butylene Glycol, Ethylhexyl Salicylate, Titanium Dioxide, Butyrospermum Parkii (Shea) Butter, Glycerin, Steareth-21, Glyceryl Stearate, Citrus Grandis (Grapefruit) Peel Oil, Pelargonium Graveolens (Geranium) Flower Oil, Cereus Grandiflorus (Cactus) Flower Extract, Lactobacillus Ferment, Niacinamide, Ethylhexylglycerin, Caprylyl Glycol, Cholesterol, Isohexadecane, 7-Dehydrocholesterol, Sodium Hyaluronate, Biosaccharide Gum-1, Magnesium Aluminum Silicate, Aluminum Hydroxide, Steareth-2, Cetyl Alcohol, Acrylamide/Sodium Acryloyldimethyltaurate Copolymer, Xanthan Gum, Lecithin, Potassium Stearate, Sodium Hydroxide, Polysorbate 80, Sorbitan Oleate, Citric Acid, Limonene, Citronellol, Geraniol, Linalool, Citral, Tocopheryl Acetate, Bht, Phytic Acid, Disodium Edta, Magnesium Ascorbyl Phosphate, Phenoxyethanol, Sorbic Acid, [+/- Mica, Titanium Dioxide (CI 77891), Iron Oxides (CI 77491), Iron Oxides (CI 77492), Iron Oxides (CI 77499)]
Ingredients are subject to change at the manufacturer's discretion. For the most complete and up-to-date list of ingredients, refer to the product packaging.","Use fingers or a foundation brush to blend product onto skin, starting at the center of the face. After product is applied evenly, use the warmth of fingers to melt the product into skin."
pimprod2007129,The Ordinary,Vitamin C Suspension 23% + HA Spheres 2% Serum with Pure L-Ascorbic Acid,Treatment & Serums,Face Serums,$8.10,1.0 oz,https://media.ulta.com/i/ulta/2551175?w=100&h=100&fmt=auto,"1,231 Reviews","Benefits
Targets visible signs of aging
Brightens appearance of skin
Provides antioxidant support
Key Ingredients
Vitamin C
Hyaluronic Acid
Formulated Without
Fragrance Free
Water
Alcohol
Gluten
Nuts
Oil
Silicone
Parabens
Sulfates
Mineral Oil
Methylchloroisothiazolinone
Methylisothiazolinone
Animal Oils
Coal Tar Dyes
Formaldehyde
Mercury
Oxybenzone","Ascorbic Acid, Squalane, Isodecyl Neopentanoate, Isononyl Isononanoate, Coconut Alkanes, Ethylene/propylene/styrene Copolymer, Ethylhexyl Palmitate, Silica Dimethyl Silylate, Sodium Hyaluronate, Glucomannan, Coco-caprylate/caprate, Butylene/ethylene/styrene Copolymer, Acrylates/ethylhexyl Acrylate Crosspolymer, Trihydroxystearin, BHT.","The Ordinary recommends performing a patch test prior to incorporating a new product into your skin care routine.
Apply a small amount to face in the AM or the PM. A slight tingling sensation can be expected after application.
Contraindications: Do not use in the same routine as Niacinamide 10% + Zinc 1%, peptides, EUK 134 0.1%, direct acids, or retinoids."
pimprod2017582,Beekman 1802,Bloom Cream Daily Moisturizer,Moisturizers,Face Moisturizer,$54.00,1.69 oz Jar,https://media.ulta.com/i/ulta/2569244?w=100&h=100&fmt=auto,"2,810 Reviews","Benefits
Instantly delivers moisture beyond the surface for petal-soft skin
Restores skin’s healthy hydration for a more youthful appearance
Helps control oily skin and keeps skin balanced
Boosts appearance of skin health and fights dullness for blooming radiance
Research Results
100% said skin was softer*
97% saw healthier looking skin*
97% said skin looked radiant*
*Based on a 4-week, 33 subject consumer questionnaire while used as directed
Key Ingredients
Beekman 1802's proprietary blend of goat milk prebiotic and milk postbiotic--like yogurt for your skin--deeply nourishes, bringing balance to all skin types for healthy, dewy, radiant skin.
The Good Salt: formulated with healing Epsom salts to soften and soothe dry skin","Water (Aqua), Coconut Alkanes, Coco-Caprylate, Propanediol, Magnesium Sulfate, Polyglyceryl-4 Diisostearate/Polyhydroxystearate/Sebacate, Caprae Lac (Goat Milk), Colostrum, Bifida Ferment Lysate, Lactose, Milk Protein, Aloe Barbadensis Leaf Extract, Honey, Eryngium Alpinum (Blue Thistle) Flower Extract, Cucumis Sativus (Cucumber) Fruit Extract, Chamomilla Recutita (Matricaria) Flower Extract, Symphytum Officinale (Comfrey) Leaf Extract, Helianthus Annuus (Sunflower) Seed Oil, Niacinamide, Whey Protein, Gluconolactone, Caprylic/Capric Triglyceride, Coco-Caprylate/Caprate, Polyglyceryl-3 Oleate, Diisostearoyl Polyglyceryl-3 Dimer Dilinoleate, Zinc Stearate, Glycerin, Sodium Benzoate, Calcium Gluconate, Tocopherol, C10-18 Triglycerides, Lecithin...and kindness.","Directions: Apply morning and night daily.
Step 1: Start with freshly cleansed skin.
Step 2: Bloom your cream by holding the jar between both hands and using your thumbs to apply even pressure on either side of the flat circular surface.
Step 3: Scoop up the product with your fingers and press and massage the cream into skin in circular motions until all of the product has been absorbed.
Routine: Cleanse skin with Milk Wash makeup-removing cleanser, then layer on Milk Drops and seal in moisture with Bloom Cream. To mix it up, use the surface of the pump as your beauty palette to mix in any Beekman 1802 product."
pimprod2049597,ANUA,Azelaic Acid 10 Hyaluron Redness Soothing Serum,Treatment & Serums,Face Serums,$22.00,1.01 oz,https://media.ulta.com/i/ulta/2634194?w=100&h=100&fmt=auto,50 Reviews,"Benefits
A lightweight, soothing serum for sensitive & irritated skin
For normal skin
Fragrance-free
Free Of: Denatured Alcohols / Artificial Color / Oil / Silicones / Sulfates / Animal Oils / Parabens
Key Ingredients
10% Azelaic Acid: Helps soothe and calm irritated skin due to dryness
3 Types of Hyaluronic Acid: Provides long-lasting hydration, keeping the skin soft and smooth
ANUA GENTLE CALMING COMPLEX: Consists of Blue Tansy Oil, Ubiquinone, Green Tea Leaf Water, Aloe Leaf Juice & 7 Types of Cica to soothe the skin","Water, Azelaic Acid, Propylene Glycol, Sodium Hydroxide, Dipropylene Glycol, 1,2 Hexanediol, Panthenol, Hydroxyethylcellulose, Betaine Salicylate, Glycerin, Biosaccharide Gum 1, Ethylhexylglycerin, Allantoin, Dipotassium Glycyrrhizate, Melia Azadirachta Leaf Extract, Camellia Sinensis Leaf Water, Sodium Hyaluronate, Melia Azadirachta Flower Extract, Niacinamide, Aloe Barbadensis Leaf Juice, Beta-Glucan, Centella Asiatica Extract, Centella Asiatica Leaf Extract, Centella Asiatica Root Extract, Madecassoside, Asiaticoside, Asiatic Acid, Madecassic Acid, Squalane, Zinc PCA, Butylene Glycol, Pentylene Glycol, Caprylyl, Capryl Glucoside, Hydrogenated Lecithin, Ceramide NP.","Start with 1-2 drops per use to begin with gradually increasing to up to 5 drops.
Begin by using 1-2 times a week. Over time, gradually increase the usage twice a day.
Apply an adequate amount between a toner and moisturizer.
Can be used every day, both AM & PM.
Always finish with sunscreen for daytime."
pimprod2043909,TULA,24-7 Moisture Fragrance Free Hydrating Day & Night Cream,Moisturizers,Night Cream,$58.00,1.5 oz,https://media.ulta.com/i/ulta/2618423?w=100&h=100&fmt=auto,49 Reviews,"Benefits
Deeply hydrating & nourishing
Helps improve skin firmness, lock in moisture & maintain skin balance
Help even the look of skin tone & improve smoothness
Helps calm the look of irritation & redness
Key Ingredients
Prebiotics & Probiotic Extracts: help calm the look of irritation & maintain skin balance
Apple & Watermelon: hydrate & help smooth the look of fine lines & wrinkles
Peptides: help even the look of skin tone & firm skin
Squalane: helps nourish skin
Does not contain live cultures
Research Results
After 1 week*
96% felt skin was hydrated all day
After 6 weeks**
93% agreed skin looked firmer
90% felt skin was more supple & plump
*Self assessment on 32 subjects during 1 week;
**Self assessment on 32 subjects during 6 weeks","Aqua/Water/Eau, Ethylhexyl Palmitate, Squalane, Glycerin, Caprylic/Capric Triglyceride, Cetyl Alcohol, Dimethicone, Hydrogenated Vegetable Oil, Lactococcus Ferment Lysate, Glyceryl Stearate, PEG-100 Stearate, Bifida Ferment Lysate, Lactose, Lactobacillus, Lactobacillus Ferment, Lactis proteinum/Milk Protein/Protéine du lait, Hydrolyzed Rice Protein, Collagen Amino Acids, Sodium Hyaluronate, Lactic Acid, Cichorium Intybus (Chicory) Root Extract, Alpha-Glucan Oligosaccharide, Vaccinium Angustifolium (Blueberry) Fruit Extract, Olus Oil/Vegetable Oil/Huile végétale, Camelina Sativa Seed Oil, Camellia Sinensis Leaf Extract, Curcuma Longa (Turmeric) Root Extract, Tocopheryl Acetate, Ascorbyl Palmitate, Olea Europaea (Olive) Fruit Oil, Pyrus Malus (Apple) Fruit Extract, Citrullus Lanatus (Watermelon) Fruit Extract, Lens Esculenta (Lentil) Fruit Extract, Inulin, Leuconostoc/Radish Root Ferment Filtrate, Beta Vulgaris (Beet) Root Extract/Beta Vulgaris/Extrait de racine de betterave, Polymnia Sonchifolia Root Juice, Sodium Lactate, Sodium PCA, Carbomer, Sodium Hydroxide, Pentylene Glycol, Ethylhexylglycerin, Stearyl Alcohol, Citric Acid, Phenethyl Alcohol, Sodium Benzoate, Potassium Sorbate, Phenoxyethanol, Trisodium Ethylenediamine Disuccinate, Sodium Chloride, Butylene Glycol, 1,2-Hexanediol, Maltodextrin",Use on clean skin or after serum. Apply daily AM & PM.
pimprod2007866,SUNDAY RILEY,Good Genes All-In-One Lactic Acid Treatment Serum,Treatment & Serums,Face Serums,$85.00,1.0 oz,https://media.ulta.com/i/ulta/2550169?w=100&h=100&fmt=auto,"2,822 Reviews","Benefits
Deeply exfoliates the dull surface of the skin for clarity, radiance, and younger-looking skin
Visibly brightens the appearance of age spots and discolorations
Helps fight a build-up of dead skin cells and excess sebum, which can lead to skin bumps, dullness, skin congestion, blackheads, and acne
Instantly plumps the look of fine lines and wrinkles in 3 minutes
Vegetarian
Formulated without artificial fragrances, sulfates, parabens, gluten, soy, and phthalates
Key Ingredients
Purified Lactic Acid is one of the most hydrating Alpha Hydroxy Acids (AHAs). Lactic Acid exfoliates the surface layers of the skin, revealing a more clarified, fresher, smoother, younger-looking complexion.
Licorice has naturally brightening properties and helps improve skin radiance.
Lemongrass is an astringent and refreshes skin for a toned complexion.
Arnica soothes the skin, reducing the feeling of skin discomfort.
Prickly Pear Extract is a rare desert cactus extract that instantly soothes skin.
Research Results
100% of users said their skin looked and felt significantly smoother and more radiant, with visibly reduced lines and wrinkles
100% of users said this was the most effective skin plumping product they have ever used and would definitely recommend this product to a friend","Botanical Blend [ Aqua, Opuntia Tuna Fruit Extract, Cypripedium Pubescens Extract, Opuntia Vulgaris Leaf Extract, Agave Tequilana Leaf Extract, Arnica Montana Flower Extract, Aloe Barbadensis Leaf Extract, Saccharomyces Cerevisiae (Yeast) Extract, Leuconostoc/Radish Root Ferment Filtrate], Caprylic/Capric Triglyceride, Squalane, Lactic Acid, PPG-12 / SMDI Copolymer, Propanediol, Butylene Glycol, Stearic Acid, Dimethicone, Cetearyl Alcohol, Phenyl Trimethicone, Disiloxane, Ceteareth-20, Glyceryl Stearate, PEG-100 Stearate, Stearyl Glycyrrhetinate, Glycyrrhiza Glabra Root Extract, Cymbopogon Schoenanthus (Lemongrass) Oil, Potassium Hydroxide, Phenoxyethanol, Xanthan gum, Caprylyl Glycol, Chlorphenesin, Sodium Phytate.","Apply 1-2 pumps to clean, dry skin as a leave-on treatment. Use day or night. Can be applied on top of Luna Sleeping Night oil, and before your moisturizer. For sensitive skin, use as a mask. Apply 1-3 pumps to clean, dry skin and leave on for 15 minutes. Rinse well and pat dry."
pimprod2007112,The Ordinary,100% Plant-Derived Squalane for Skin and Hair Hydration,Treatment & Serums,Face Serums,$10.40,1.0 oz,https://media.ulta.com/i/ulta/2551177?w=100&h=100&fmt=auto,791 Reviews,"Benefits
Replenishes lost moisture
Maintains healthy-looking skin
Provides enhanced barrier support
For Hair: increase heat protection, add shine and reduce breakage potential
Key Ingredients
100% Plant-Derived Squalane: non-comedogenic and suitable for use on all skin types
Formulated Without
Fragrance
Alcohol
Gluten
Nuts
Oil
Silicone
Parabens
Sulfates
Mineral Oil
Methylchloroisothiazolinone
Methylisothiazolinone
Animal Oils
Coal Tar Dyes
Formaldehyde
Mercury
Oxybenzone","100% Pure Plant-derived Squalane*.
*ecocert Approved & Usda Certified Bio-based Product.","The Ordinary recommends performing a patch test prior to incorporating a new product into your skin care routine.
Apply a few drops daily or as needed to entire face ideally after water-based treatments."
pimprod2045703,Peach Slices,Smoothing Solution Ingrown Hair Treatment,Treatment & Serums,Body Treatments,$17.99,1.69 oz,https://media.ulta.com/i/ulta/2625855?w=100&h=100&fmt=auto,23 Reviews,"Benefits
Effectively clears and prevents ingrown hairs and body bumps from shaving
Easy-to-use roller targets small, large, and hard-to-reach areas
Dries quickly with zero stickiness, drip, or mess
Soothes, hydrates, and visibly reduces signs of redness
Visibly brightens dark spots and discoloration
Peach Slices offers easy, clinical solutions, powered by K-beauty innovations, for tough skin issues like acne, oily skin, and redness. Formulated without any harsh chemicals: silicone, fragrance, and a alcohol free
Key Ingredients
BHA, AHA and PHA: gently exfoliate targeting follicles and prevent build-up
Niacinamide, licorice, and skullcap extract: soothe and brighten the look of skin
Cica, allantoin, aloe, and witch hazel: noticeably hydrate and calm skin","Water, Butylene Glycol, Glycerin, 1,2--Hexanediol, Niacinamide, Salicylic Acid, Chamaecyparis Obtusa Water, Cucumis Sativus (Cucumber) Fruit Extract, Aloe Barbadensis Leaf Extract, Hamamelis Virginiana (Witch Hazel) Leaf Extract, Malpighia Glabra (Acerola) Fruit Extract, Fructan, Madecassoside, Asiaticoside, Glycolic Acid, Gluconolactone, Perilla Ocymoides Seed Extract, Zinc PCA, Madecassic Acid, Asiatic Acid, Scutellaria Baicalensis Root Extract, Betaine, Beta-Glucan, Glycyrrhiza Glabra (Licorice) Root Extract, Allantoin, Potassium Hydroxide, Ulmus Davidiana Root Extract, Hydroxyethylcellulose, Ethylhexylglycerin, Caprylyl Glycol.","After waxing, shaving, and/or grooming roll on to clean, dry skin. Daily use. Re-apply as needed.
Precautions: External use only. Avoid contact with eyes. Keep out of reach of children. Store in a cool and dry place."
pimprod2046014,Naked Sundays,Hydrating Glow Mist Setting Spray SPF 50+,Face,Setting Spray & Powder,$23.00,2.54 oz,https://media.ulta.com/i/ulta/2629771?w=100&h=100&fmt=auto,"1,142 Reviews","Benefits
SPF 50+ Setting Spray Mist sunscreen protects against UV rays and free radicals while setting makeup and leaving skin luminous, hydrated, and glowing for hours
Infused with Aussie skin-loving ingredients like Vitamin C-rich Kakadu Plum, hydrating Hyaluronic Acid, and antioxidant-packed Watermelon Extract for radiant, glowing skin.
Layers & sets perfectly over or under makeup, leaving skin hydrated, protected, and glowing. Suitable for all skin types
Features
100% transparent SPF 50+ sunscreen with no white cast. Non-sticky, non-greasy, and easy to use or reapply. Suitable for all skin types and perfect for daily wear over or under makeup
Award-winning SPF 50+ superfine mist sunscreen that layers perfectly over or under makeup. Hydrates, protects, and suits all skin types. Made with love in Australia!
Ideal for setting and reapplying makeup throughout the day, providing premium, high-performance SPF50+ protection whenever you need it.
Adds a subtle, natural glow without any oiliness
Designed for easy sunscreen SPF touch-ups - apply your SPF50 underneath makeup at least 20 minutes before heading out, then refresh with this mist throughout the day
Key Ingredients
Hyaluronic Acid: The ultimate hydrator, Hyaluronic Acid helps to quench your skin for an immediate glow without being oily or sticky.
Watermelon Extract: Other than tasting and smelling pretty darn great, Watermelon Extract is full of antioxidants including vitamin C, skin-plumping amino acids and the phytonutrient lycopene.
Kakadu Plum: One of the world’s richest sources of Vitamin C, Kakadu Plum extract is commonly found in Northern Australia and is the key to super hydrated, moisture-filled, illuminated skin. A true superfood, it’s also rich in Vitamin E, folic acid and carotenoids.","Active: Avobenzone 3%, Homosalate 10%, Octisalate 5%, Octocrylene 8%.
Inactive: Ethanol, Citrullus Lanatus Seed Oil (Watermelon), Hyaluronic Acid Terminalia Ferdinandiana (Kakadu Plum), Tocopheryl Acetate, Fragrance.","Close your eyes (do not spray into eyes), tuck in your lips and hold your breath. Spray 7 times in circular motions ensuring each part of your face is covered. Ensure you're wearing SPF50+ UNDER your makeup (Naked Sundays recommends Serum or Mineral).
Naked Sundays SPF50+ Hydrating Glow Mist to top up your SPF throughout the day (can be used on your décolletage and limbs too!). If you feel like you've missed a spot, rub in lightly with fingers. Avoid prolonged sun exposure, re-apply sunscreen frequently, use as directed, wear protective clothing, hat & sunglasses when outside. Note: this is a chemical sunscreen and not suitable for sensitive eyes or skin.
Sun Protection Measures: Spending time in the sun increases your risk of skin cancer and early skin aging. To decrease this risk, regularly use a sunscreen with a Broad Spectrum SPF value of 15 or higher and other sun protection measures including: Limit lime in the sun, especially from 10 am-2 pm Wear long sleeved shirts, pants, hats, and sunglasses. For Children under 6 months of age ask a doctor.
Precautions: For external use only. Do not use on damaged or broken skin. When using this product: keep out of eyes. Rinse with water to remove. Stop use and ask a doctor if: rash occurs. Keep out of reach of children: If product is swallowed, get medical help. Keep out of reach of children. If product is swallowed, get medical help or contact a Poison Control Center right away."
pimprod2016365,RoC,Vitamin C Brightening Serum for Dark Spots & Uneven Tone,Treatment & Serums,Face Serums,$34.99,1.0 oz,https://media.ulta.com/i/ulta/2567070?w=100&h=100&fmt=auto,909 Reviews,"Benefits
Formulated with a 10% active Vitamin C Blend, this lightweight daily serum improves skin's radiance to reveal a visibly younger-looking, more even complexion
Visibly brightens & tightens better than the #1 luxury Vitamin C serum*
Clinically Proven
Dermatologist Tested
Non-Comedogenic
Paraben-Free
*Based on patient self-assessment data after 4 weeks of use compared to the #1 luxury Vitamin C Serum in a clinical study
Key Ingredients
Vitamin C
Peptides
Research Results
INSTANTLY: 94% had instant luminosity and improved skin elasticity
IN 1 WEEK: 97% had visibly improved skin texture
IN 4 WEEKS: 100% had visibly brighter, tighter skin. 94% had a visibly more even skin tone. 100% had visibly reduced lines and wrinkles","Water/Aqua/Eau, Propanediol, PPG-24-Glycereth-24, Glycerin, 3-O-Ethyl Ascorbic Acid, Troxerutin, Cistus Monspeliensis Flower/Leaf/Stem Extract, Nonapeptide-1, Polygonum Aviculare Extract, Terminalia Ferdinandiana Fruit Extract, PEG-40 Hydrogenated Castor Oil, Sodium Polyacryloyldimethyl Taurate, PPG-26-Buteth-26, Maltodextrin, Caprylyl Glycol, Potassium Sorbate, Sodium Phosphate, Sodium Benzoate, 1,2-Hexanediol, Tetrasodium EDTA, Disodium Phosphate, Citric Acid, Caprylhydroxamic Acid, Fragrance/Parfum, Limonene, Linalool, Citral, Yellow 6 (CI 15985).","Smooth 4-6 drops of serum over cleansed face and neck AM and/or PM before you apply your moisturizer.
Apply a sunscreen of SPF15 or higher during the day while using this product.
For even brighter skin and 24hr hydration, pair with RoC Multi Correxion Revive + Glow Gel Cream.
Precautions: For External Use Only. Do Not Swallow. When using this product, avoid getting into eyes. If contact occurs, rinse thoroughly with water. Keep Out of Reach of Children.
You may experience mild tingling or redness during use. This is normal and should be temporary until your skin adjusts."
pimprod2051032,Lancôme,Génifique Ultimate Recovery Serum Gift Set,By Price,$100 and Under,$69.00,,https://media.ulta.com/i/ulta/2636225?w=100&h=100&fmt=auto,2 Reviews,"Includes
Full size Génifique Ultimate (0.7 oz)
Advanced Génifique Eye Cream mini (0.17 oz)
Advanced Génifique Repairing Night Cream mini (0.17 oz)
Benefits
Génifique Ultimate
93% better skin barrier repair in 1 hour*
95% of women had visibly reduced fine lines**
97% of women had smoother feeling skin**
88% of women saw improved overall skin quality**
Génifique Ultimate increased surface cell renewal/turnover in 22 days***
*Moisture Barrier Recovery vs bare skin.
**Based on an 8-week study with 81 women of multi-phototypes.
***Based on a 22-day study with 31 women.
***Based on a clinical study with 83 women after 8 weeks.
Research Results
Advanced Génifique Night Cream
In 1 night, skin feels hydrated & nourished*
90% agree skin feels hydrated/moisturized*
85% agree skin feels nourished/nurtured*
In 4 weeks, skin looks healthier & feels stronger*
87% agree skin looks healthier*
82% agree skin feels as strengthened*
Improved signs of aging**
Smoothness improved by +43%**
Radiance improved by +37%**
Firmness improved by +35%**
Plumpness improved by +33%**
Evenness improved by +23%**
Fine Lines reduced by -21%**
Instantly locks in hydration lasting 72 hours***
After one hour, skin water loss is reduced by -18%****
*Based on multi-ethnic self-assessment results in an 8-week consumer study of 79 women.
**Results after 8 weeks of use.
***In a clinical study on 24 women, after 72 hours.
****In a clinical study on 24 women, 1 hour after application.",See product packaging for complete ingredient listing.,"After cleansing and toning, apply Génifique Ultimate first before other serums.
Press Advanced Génifique Night Cream onto face.
Dab several small pearls of Advanced Génifique Eye Cream to the under eye and brow bone and gently massage.
Post-Procedure Recovery*:
Suitable for use during post-procedure recovery. Can be used immediately after IPL procedure and 10 days after CO2 fractional laser treatment.
Shown to improve skin's hydration & moisture barrier function when used post-procedure.
*Post-procedure must be preceded by consultation with a physician."
pimprod2007862,SUNDAY RILEY,C.E.O. Glow Vitamin C and Turmeric Face Oil,Moisturizers,Face Oils,$40.00,0.5 oz,https://media.ulta.com/i/ulta/2550172?w=100&h=100&fmt=auto,707 Reviews,"Benefits
Sunday Riley is the #1 face oil brand in the US based on FY 2021 dollars sold in NPD.
Rich in antioxidants to protect the skin against the signs of aging
Improves the appearance of dull skin
Plumps and firms the appearance of lines and wrinkles
Brightens the look of dark spots
Evens skin tone to improve the appearance of surface redness
Easily absorbed, nourishing, non greasy formula
For all skin types
Vegetarian
Cruelty-free
Key Ingredients
THD Ascorbate is an extremely stable and oil soluble form of Vitamin C to fight the signs of aging including dullness, visible loss of firmness, lines and wrinkles, the appearance of dark spots and surface redness
Red Raspberry helps alleviate dehydration and boost radiance with a 1:1 ratio of Omega-3 to Omega-6 fatty acids
Cranberry Seed Oil contains the perfect balance of Omegas 3-6-9 and is rich in vitamins A, C and E, absorbing well into the skin, locking in moisture and nutrients
Evening Primrose gives skin a healthy glow and replenishes its moisture barrier with GLA and Omega-6
Pomegranate Seed Oil is a botanical source of Conjugated Linolenic Acid, a potent antioxidant that helps protect the skin
Rich in antioxidants and calming compounds, Golden Turmeric helps improve the appearance of surface redness and even out the skin tone when applied topically
Jojoba Oil helps seal the skin with a protective barrier to keep it from losing moisture, making the skin soft and supple
Formulated Without
Parabens, sulfates, gluten, phthalates, soy, and artificial fragrance","Rubus Idaeus (Raspberry) Seed Oil, Neopentyl Glycol Diethylhexanoate, Caprylyl Caprylate/Caprate, Simmondsia Chinensis (Jojoba) Seed Oil, Cucumis Sativus (Cucumber) Seed Oil, Punica Granatum (Pomegranate) Seed Oil, Vaccinium Macrocarpon (Cranberry) Seed Oil, Oenothera Biennis (Evening Primrose) Oil, Octyldodecanol, Tetrahexyldecyl Ascorbate, Curcuma Longa (Turmeric) Root Extract, Helianthus Annuus (Sunflower) Seed Oil Unsaponifiables, Citrus Aurantium Amara (Bitter Orange) Flower Oil, Melia Azadirachta Leaf Extract, Eclipta Prostrata Extract, Moringa Oleifera Seed Oil, Tocopherol, Helianthus Annuus (Sunflower) Seed Oil, Pentylene Glycol, 4-t-Butylcyclohexanol, Ribes Nigrum (Black Currant) Seed Oil, Bisabolol, Cetylhydroxyproline Palmitamide, Hexyldecanol, Hydroxyphenyl Propamidobenzoic Acid, Stearic Acid, Brassica Campestris (Rapeseed) Sterols, Cardiospermum Halicacabum Flower/Leaf/Vine Extract, Zingiber Officinale (Ginger) Root Extract, Rosmarinus Officinalis (Rosemary) Leaf Extract, Linalool, Limonene, Geraniol, Farnesol, Citronellol, Citral.","Massage 2-3 drops as needed into face, neck and décolletage, morning and/or evening."
pimprod2038065,SUNDAY RILEY,Mini Good Genes All-In-One Lactic Acid Treatment,Travel Size Skin Care,,$50.00,0.5 oz,https://media.ulta.com/i/ulta/2597808?w=800&h=800&fmt=auto,"2,822 Reviews","Benefits
Deeply exfoliates the dull surface of the skin for clarity, radiance, and younger-looking skin
Visibly brightens the appearance of age spots and discolorations
Helps fight a build-up of dead skin cells and excess sebum, which can lead to skin bumps, dullness, skin congestion, blackheads, and acne
Instantly plumps the look of fine lines and wrinkles in 3 minutes
Vegetarian
Cruelty-free
Formulated without artificial fragrances, sulfates, parabens, gluten, soy, and phthalates
Key Ingredients
Purified Lactic Acid is one of the most hydrating Alpha Hydroxy Acids (AHAs). Lactic Acid exfoliates the surface layers of the skin, revealing a more clarified, fresher, smoother, younger-looking complexion.
Licorice has naturally brightening properties and helps improve skin radiance.
Lemongrass is an astringent and refreshes skin for a toned complexion.
Arnica soothes the skin, reducing the feeling of skin discomfort.
Prickly Pear Extract is a rare desert cactus extract that instantly soothes skin.
Research Results
100% of users said their skin looked and felt significantly smoother and more radiant, with visibly reduced lines and wrinkles
100% of users said this was the most effective skin plumping product they have ever used and would definitely recommend this product to a friend","Botanical Blend [ Aqua, Opuntia Tuna Fruit Extract, Cypripedium Pubescens Extract, Opuntia Vulgaris Leaf Extract, Agave Tequilana Leaf Extract, Arnica Montana Flower Extract, Aloe Barbadensis Leaf Extract, Saccharomyces Cerevisiae (Yeast) Extract, Leuconostoc/Radish Root Ferment Filtrate], Caprylic/Capric Triglyceride, Squalane, Lactic Acid, PPG-12 / SMDI Copolymer, Propanediol, Butylene Glycol, Stearic Acid, Dimethicone, Cetearyl Alcohol, Phenyl Trimethicone, Disiloxane, Ceteareth-20, Glyceryl Stearate, PEG-100 Stearate, Stearyl Glycyrrhetinate, Glycyrrhiza Glabra Root Extract, Cymbopogon Schoenanthus (Lemongrass) Oil, Potassium Hydroxide, Phenoxyethanol, Xanthan gum, Caprylyl Glycol, Chlorphenesin, Sodium Phytate.","Apply 1-2 pumps to clean, dry skin as a leave-on treatment. Use day or night. Can be applied on top of Luna Sleeping Night oil, and before your moisturizer. For sensitive skin, use as a mask. Apply 1-3 pumps to clean, dry skin and leave on for 15 minutes. Rinse well and pat dry."
pimprod2043229,BYOMA,Milky Moisture Cleanser,Cleansers,Face Wash,$13.99,5.91 oz,https://media.ulta.com/i/ulta/2620413?w=100&h=100&fmt=auto,143 Reviews,"Benefits
Deeply hydrating daily cleanser for sensitive and dry skin
Effortlessly dissolves daily buildup including SPF, oil and makeup
Dermatologist tested & approved skincare
Alcohol & fragrance-free
Recyclable bottles
Clinically proven to provide all day hydration
Clincally proven to brighten skin after a single use
Clinically proven to protect and maintain skin barrier
National Eczema Association Approved
Features
This cleanser combines a host of hydrating heroes, including Oat Extract and Panthenol to ease inflammation and nourish skin for hydrated, bouncy results and a stronger skin barrier.
Key Ingredients
Tri-Ceramide Complex supports skin barrier health - Oat Extract and Panthenol ease inflammation and hydrate","Aqua, Glycerin, Decyl Glucoside, Cetyl Ethylhexanoate, Ethylhexyl Palmitate, Helianthus Annuus (Sunflower) Seed Oil, Diisostearyl Malate, Arachidyl Alcohol, Cetearyl Alcohol, Panthenol, Glucose, Glyceryl Stearate, Behenyl Alcohol, Avena Sativa (Oat) Meal Extract, Dipropylene Glycol, Arachidyl Glucoside, Ceramide NP, Cholesterol, Caprylic/Capric Triglyceride, Tocopherol, Hydrogenated Lecithin, Oryza Sativa (Rice) Germ Extract, Xanthan Gum, Hydroxyacetophenone, Phytosphingosine, Acrylates/C10-30 Alkyl Acrylate Crosspolymer, Sodium Stearoyl Glutamate, Caprylyl Glycol, Citric Acid, Ethylhexylglycerin, Disodium EDTA, Stearic Acid, Oleic Acid, Maltodextrin, Cetyl Alcohol, Dipotassium Glycyrrhizate, Astaxanthin, 1,2-Hexanediol, Butylene Glycol, Cocos Nucifera (Coconut) Fruit Extract, Lactic Acid, Cyanocobalamin, Sodium Citrate, Caprylhydroxamic Acid.","Massage into dry skin in slow, circular motions. Add water to emulsify and rinse thoroughly. Use AM + PM as your second step cleanse. Follow with your preferred Byoma serums + moisturizer.
Precautions: Eye irritation."
pimprod2045868,MEDIHEAL,Vitamide Brightening Pad,Cleansers,Toner,$24.00,100 ct,https://media.ulta.com/i/ulta/2626998?w=100&h=100&fmt=auto,22 Reviews,"Benefits
Our liposome delivery system provides rapid and deep absorption, improving skin's tone and luminosity
Improves ruddy skin tone by 58%, dull skin tone by 10%, sallow skin tone by 15%
Improves visible blemishes by 15%, hidden blemishes by 16%
Features
100% cotton fabric pad
Pad stretches for a custom fit
Sized (2.6"") to cover a wide area
Rounded corners for the perfect fit
Key Ingredients
Niacinamide 3%: Evens skin tone
Sea Buckthorn: Brightens, high in Vitamin C with more Vitamin C than an orange
7 Sources of Essential Vitamins: Brightens and adds radiance to skin with different forms of vitamins, including Retinol","Water, Dipropylene Glycol, Niacinamide, Glycereth-26, 1,2-Hexanediol, Hippophae Rhamnoides Water, Hydroxyacetophenone, Betaine, Octyldodeceth-16, Hydroxyethyl Urea, Allantoin, Dipotassium Glycyrrhizate, Trehalose, Xanthan Gum, Hydroxyethylcellulose, Polyglyceryl-10 Laurate, Disodium EDTA, Olea Europaea (Olive) Fruit Oil, Hydrogenated Lecithin, Pelargonium Graveolens Flower Oil, Lavandula Angustifolia (Lavender) Oil, Anthemis Nobilis Flower Oil, Citrus Aurantium Dulcis (Orange) Peel Oil, Juniperus Mexicana Oil, Riboflavin, Sodium Ascorbyl Phosphate, Pyridoxine HCL, Retinol, Tocopheryl Acetate, Menadione, Thiamine HCL, Citronellol, Linalool, Geraniol, Limonene.","As a treatment mask: Apply on targeted areas (forehead, cheeks and chin) after cleansing for an intensive treatment. Leave on for 15 minutes, remove and let the remaining serum absorb into skin.
As a treatment pad: After cleansing, gently swipe across skin to tone, moisturize and prep skin. Can be used daily both in the AM and PM."
pimprod2016569,Bondi Sands,Salon Quality Self Tanning Foam,Suncare,Self-Tanning & Bronzing,$29.00,Ultra Dark,https://media.ulta.com/i/ulta/2569563?w=100&h=100&fmt=auto,"2,745 Reviews","Benefits
Lightweight self tanning foam
Enriched with Aloe Vera and Coconut
Effortless, streak-free application
Develops in 6-8 hours
Hydrates and nourishes skin leaving you bronzer for longer
Suitable for those with a darker complexion or experienced tanners looking for a deeper glow
Formulated without Parabens or Sulfates
Key Ingredients
Enriched with Aloe Vera
Infused with a fresh coconut scent","Aqua, Dihydroxyacetone, Propylene Glycol, Trideceth-9, Aloe Barbadensis Leaf Juice, Polysorbate 20, Ethoxydiglycol, PEG-5 Ethylhexonoate, Glycerin, Butylene Glycol, Phenoxyethanol, Potassium Sorbate, Sodium Benzoate, Pantolactone, Parfum, Sodium Metabisulfite, Erythrulose, Hydrolyzed Jojoba Esters, Coumarin, PEG-12 Dimethicone, Tocopheryl Acetate, Disodium EDTA, Benzyl Alcohol, Red 4 (CI 14700), Yellow 5 (CI 19140), Blue (CI 42090), Panthenol.","Step 1: For an even streak free tan, ensure your skin is clean, exfoliated and free of any moisturizers.
Step 2: Pump foam applicator firmly and apply Bondi Sands Self Tanning Foam liberally to a tanning mitt before using a long sweeping motion to legs, arms and body. Use remaining residue on tanning mitt for face, elbows and knees.
Step 3: Skin may be washed after one hour. For a longer lasting darker tan leave foam on skin for up to 6 hours. Shower with warm water and gently pat skin dry. For the deepest tan re-apply Bondi Sands Self Tanning Foam 30 minutes after initial application.
Precautions: This product does not contain a sunscreen and does not protect against sunburn. Repeated exposure of unprotected skin while tanning may increase the risk of skin aging, skin cancer and other harmful effects to the skin even if you do not burn. Keep out of the sight and reach of children. If swallowed, get medical attention or contact the poison control center right away. For external use only. Avoid eye contact. If material accidentally enters the eye, rinse well with plenty of clean water. Stop using this product if you develop redness or itching. Seek medical attention if irritation persists."
pimprod2052066,NYX Professional Makeup,Smushy Matte Lip Balm,Lips,Lip Balms & Treatments,$9.00,Swipe Sesh,https://media.ulta.com/i/ulta/2640706?w=100&h=100&fmt=auto,"1,205 Reviews","Features
Smack, Smooch, Smushy The smushy-soft texture applies with a lip balm feel for all-day comfort that feels as good as it looks.
This vegan lip formula is your must-have ticket to cloud-like, pillow-soft lips with a sweet diffused matte finish.
The smushy-soft texture applies with a lip balm feel for all-day comfort that feels as good as it looks
Just smush it and swipe on for a perfect wash of buildable, soft-focus lip color
Whether you're going for a barely-there nude, your new go-to blush, or a pop of peachy color, Smushy Matte Lip Balm has you covered with versatile shades designed to suit any vibe on any occasion
All of these fluffy shades have a sweet scent for a multisensory experience to help every sweet tooth find their match.
Benefits
Infused with mochi rice powder and sugar ceramides
It's lip care, reinvented - vegan, cruelty-free, and oh-so-satisfying. Smush so smooth, it's smackin'!","Swipe Sesh: Dimethicone, Dimethicone/Vinyl Dimethicone Crosspolymer, Dimethicone/Vinyltrimethylsiloxysilicate Crosspolymer, Tribehenin, Acrylates Copolymer, Polyglyceryl-2 Triisostearate, CI 77491 / Iron Oxides, Parfum / Fragrance, PEG-10 Dimethicone, Butyrospermum Parkii Butter / Shea Butter, Diisostearyl Malate, CI 77499 / Iron Oxides, Polyglyceryl-2 Diisostearate, Ceramide Np, Tocopheryl Acetate, Oryza Sativa Powder / Rice Powder, CI 15850 / Red 7, Aluminum Hydroxide, Dehydroacetic Acid, Triethoxycaprylylsilane, CI 77492 / Iron Oxides (F.I.L. N70057082/1).","Designed with a flexible, silicone applicator tip for a super-soft glide and even softer lips! Smooth, comfy-matte lips in a single smush."
pimprod2013678,Coco & Eve,Sunny Honey Bali Bronzing Foam,Suncare,Self-Tanning & Bronzing,$38.00,Medium,https://media.ulta.com/i/ulta/2563644?w=100&h=100&fmt=auto,"11,744 Reviews","Benefits
World's first 100% Natural DHA self-tan body treatment with full skincare benefits and ZERO nasties
Created using unique Cellushape formula to hydrate and firm skin
Enriched with powerful natural antioxidants to improve signs of aging
Blurs Pigmentation and Perfects Skin
Color guide technology so your tan is even and works with your skin tone
Developed with a green-grey base for a natural looking, golden glow with no orangey tones
Lightweight, non-sticky formula
Fast drying and develops in just 2 hours
Tropical Balinese Mango and Guava Scent. (No biscuit smells here!)
No Streaks. No Bad Smells. No Stress.
Key Ingredients
Coco & Eve's signature Raw Virgin Coconuts, along with botanicals and amino acids, hydrate and firm skin
Powerful natural antioxidants, Mango, Fig and Cocoa, improve signs of ageing
Bursting with nutrients, Orange, Lotus Flower and Mandarin Oil deeply nourish skin
Cocoa, Banana and Papaya blur skin imperfections and reduce uneven pigmentation","Aqua (Water), Dihydroxyacetone, Glycerin, Pentylene Glycol, PEG-40 Hydrogenated Castor Oil, Trideceth-9, Hydroxypropyl Methylcellulose, Coconut Oil Glycereth-8 Esters, Sodium Cocoyl Glutamate, Parfum (Fragrance), Citric Acid, Sodium Benzoate, Potassium Sorbate, Propylene Glycol, Erythrulose, Benzyl Alcohol, Trisodium Ethylenediamine Disuccinate, Lotus Maritimus Flower/Leaf Extract, Musa Sapientum (Banana) Extract, Citrus Aurantium Dulcis (Orange) Peel Extract, Citrus Nobilis (Mandarin Oil Green) Extract, Carica Papaya (Papaya) Fruit Extract, Cocos Nucifera (Coconut) Fruit Extract, Ficus Carica (Fig) Fruit Extract, Garcinia Mangostana Fruit Extract, Mangifera Indica (Mango) Fruit Extract, Theobroma Cacao (Cocoa) Seed Extract, Coumarin, Limonene, Butylphenyl Methylpropional, Benzyl Salicylate, CI 14700 (Red 4), CI 19140 (Yellow 5), CI 42090 (Blue 1).","Exfoliate before use. Apply to dry skin, free from moisturisers. Apply using a self tanning mitt in circular motions. Use sparingly on elbows, knees, wrists and hands. Allow to develop for a minimum of 2 hours or overnight for a deeper tan. Rinse off and gently pat skin dry. Moisturise daily to maintain results.
Precautions: Do not apply to sore, broken, irritated or sensitive skin. Avoid contact with eyes, hair and fabrics. Wash hands after use. Wipe the nozzle/bottle clean before storing away in a cool place, out of direct sunlight. Stored below 30C. In warmer weather, it is advisable to store the product in a fridge. Remove 2 hours from the fridge prior to use. This product does not contain a sunscreen and does not protect against sunburn. Repeated exposure of unprotected skin while tanning may increase the risk of skin aging, skin cancer, and other harmful effects to the skin even if you do not burn. Keep out of the reach of children. For external use only. Use only as directed."
pimprod2049514,Sun Bum,Original SPF 50 Sunscreen Lotion,Suncare,Sunscreen,$17.49,6.0 oz,https://media.ulta.com/i/ulta/2635068?w=100&h=100&fmt=auto,3 Reviews,"Benefits
Water Resistant (80 minutes)
Features
Hawaii Act 104 Compliant: Made without Oxybenzone & Octinoxate
Gluten Free
Key Ingredients
Vitamin E: An antioxidant that helps to neutralize free radicals, which are the main cause of premature skin aging","Active: Avobenzone 3%, Homosalate 10%, Octisalate 5%, Octocrylene 10%.
Inactive: Water, Butyloctyl Salicylate, Hydrated Silica, Vp/Hexadecene Copolymer, Styrene/Acrylates Copolymer, Dimethicone, Polyester-8, Caprylyl Methicone, Ethyhexyl Stearate, Trideceth-6, Glyceryl Strearate, Peg-100 Stearate, Fragrance, Sodium Polyacrylate, Behenyl Alcohol, Dimethyl Capramide, Ethylhexylglycerin, Trimethylsiloxysilicate, Xanthan Gum, Polyaminopropyl Biguanide, Tocopheryl Acetate, Bht, Disodium Edta, Methylisothiazolinone.","Dispense in hand and apply to body. Sun Bum recommends working from head to toe so you don't accidentally miss a limb. If you need help reaching your back, ask a friend - that's what they're for. Apply sunscreen liberally 15 minutes before sun exposure and allow it to absorb. Reapply at least every two hours. Apply more frequently after swimming/sweating, or after an aggressive towel dry. Always offer to share.
Precautions: For external use only. Do not use on damaged or broken skin. When using this product, keep out of eyes. Rinse with water to remove. Stop use and ask a doctor if a rash occurs. Keep out of reach of children. If swallowed, get medical help or contact a Poison Control Center immediately."
pimprod2048493,Good Molecules,Discoloration Correcting Body Treatment,Treatment & Serums,Body Treatments,$15.00,4.0 oz,https://media.ulta.com/i/ulta/2631488?w=100&h=100&fmt=auto,12 Reviews,"Key Ingredients
2% TeraCeutic TXVector™ (cetyl tranexamate mesylate) delivers tranexamic acid deep into the skin to help fade hyperpigmentation.
4% Niacinamide & 2% Acetyl Glucosamine is a clinically tested combination known to help improve the appearance of skin discoloration.
Linoleic Acid is an essential fatty acid that supports the skin barrier and steadily promotes skin lightening.
Capryloyl Salicylic Acid (LHA) exfoliates dead skin cells for smoother skin.","Aqua/Water/Eau, Glycerin, Aspergillus Ferment, Propanediol, Cetearyl Alcohol, Niacinamide, Saccharomyces Ferment, Glyceryl Stearate, Cetyl Tranexamate Mesylate, Acetyl Glucosamine, Linoleic Acid, Panthenol, Cetyl Alcohol, Behentrimonium Methosulfate, Palmitic Acid, Stearic Acid, Capryloyl Salicylic Acid, Caprylyl Glyceryl Ether, Arginine, Oleic Acid, Allantoin, Caprylhydroxamic Acid, Bisabolol, Trisodium Ethylenediamine, Disuccinate, Sodium Hydroxide, Linolenic Acid, Tocopherol.",Apply morning and night to areas of concern. For external use. Avoid contact with eyes.
pimprod2049094,TATCHA,The Rice Polish Foaming Enzyme Powder,Treatment & Serums,Face Peels & Exfoliators,$68.00,2.11 oz,https://media.ulta.com/i/ulta/2634118?w=100&h=100&fmt=auto,144 Reviews,"Benefits
Gently exfoliates for smoother skin
Restores a healthy-looking radiance
Visibly tightens pores
Dermatologist tested
Includes up to 30% PCR (recycled plastic)
Formulated Without: fragrance, mineral oil, sulfates, detergents, parabens, urea, DEA, TEA, phthalates
Key Ingredients
Japanese Rice Bran (Komenuka): provides gentle physical exfoliation
Papaya Enzymes: provides gentle enzymatic exfoliation
Silk Extract: conditions & nourishes skin
Research Results
100% showed an immediate improvement in skin texture, radiance, skin softness, and the appearance of pores*
100% showed an immediate improvement in hydration**
*based on a clinical study of 25 panelists
**based on bio instrumentation study of 25 panelists","Microcrystalline Cellulose, Oryza Sativa (Rice) Powder, Sodium Lauryl Phosphate, Sodium Lauroyl Glutamate, Sodium Stearoyl Glutamate, Aqua/Water/Eau, Sodium Cocoyl Glutamate, Lauryl Betaine, Sodium Lauroyl Methylaminopropionate, Saccharomyces/Rice Ferment Filtrate, Camellia Sinensis Leaf Extract, Cladosiphon Okamuranus Extract, Papain, Oryza Sativa (Rice) Bran Extract, Sericin, Hydrolyzed Silk, Hydrolyzed Conchiolin Protein, Propanediol, Dextrin, Phytosteryl/Octyldodecyl Lauroyl Glutamate, Ethylhexylglycerin, Tocopherol, Butylene Glycol, Alcohol, Phenoxyethanol.",Dispense half a teaspoon into your palm and mix with water to create a foam. Massage onto your wet face for 15 seconds. Avoid contact with the eyes. Rinse. Use daily.
pimprod2039923,StriVectin,TL Advanced Tightening Neck Cream Plus,Moisturizers,Neck Cream,$99.00,1.7 oz,https://media.ulta.com/i/ulta/2612169?w=100&h=100&fmt=auto,203 Reviews,"Benefits
Everything you need for a youthful-looking neck and décolleté in one powerful cream, now upgraded with StriVectin's most advanced tightening technology and proprietary Alpha-3 Peptide
This do-it-all formula visibly tightens, lifts, and ¬rms while smoothing horizontal neck lines, plus corrects the look of vertical “sleep wrinkles,” crepey texture, and uneven skin tone on the décolleté
Research Results
In just 4 weeks see improvement in the look of:**
Lifting of slack, sagging skin
Firmness & crepey texture
Vertical “sleep wrinkles” & age spots on the décolleté
Horizontal neck lines
*Source: The NPD Group / U.S. Prestige Beauty Total Department/Specialty, Skincare Product Sales, Body Part: Neck/Décolleté, January 2019 – September 2022 Combined. **Based on expert grading after 4 weeks.
Formulated Without
Parabens","Aqua/Water/Eau, Butyrospermum Parkii (Shea) Butter, Glycerin, Bis-Stearyl Dimethicone, Myristyl Nicotinate, Trimethylolpropane Tricaprylate/Tricaprate, Cetearyl Alcohol, Isononyl Isononanoate, Behenyl Alcohol, Propanediol, Caprylic/Capric Triglyceride, Glyceryl Stearate, Oryza Sativa (Rice) Bran Extract, Helianthus Annuus (Sunflower) Extract, Adenosine, Arctostaphylos Uva Ursi Leaf Extract, Oryza Sativa (Rice) Extract, Rosmarinus Officinalis (Rosemary) Leaf Extract, Nannochloropsis Oculata Extract, Acmella Oleracea Extract, Oryza Sativa (Rice) Germ Extract, Acetyl Dipeptide-1 Cetyl Ester, Glycine Soja (Soybean) Oil, Pentapeptide-84 Amide Acetate, Butylene Glycol, Acrylates/C10-30 Alkyl Acrylate Crosspolymer, Polyglyceryl-3 Diisostearate, Sodium Acrylate/Sodium Acryloyldimethyl Taurate Copolymer, Ceteareth-20, Sorghum Bicolor Stalk Juice, Sclareolide, Pentylene Glycol, Trisodium Ethylenediamine Disuccinate, Polyisobutene, Sodium Polystyrene Sulfonate, Hydrated Silica, Ethylhexyl Isononanoate, 1,2-Hexanediol, Pullulan, Caprylhydroxamic Acid, Beta-Glucan, Caprylyl Glycol, Sorbitan Oleate, Hydroxyethylcellulose, Caprylyl/Capryl Glucoside, Sorbitan Laurate, Tocopherol, PEG-40 Stearate, Parfum (Fragrance), Aminomethyl Propanol, Potassium Sorbate, Sodium Benzoate, Citric Acid, Limonene [ILN 10398].","Apply a thin layer to clean skin on neck, jawline, and décolleté in the morning and evening. Gently massage into skin with an upward motion."
pimprod2026412,Dermalogica,Daily Glycolic Cleanser,Cleansers,Face Wash,$39.00,5.1 oz,https://media.ulta.com/i/ulta/2583210?w=100&h=100&fmt=auto,657 Reviews,"Benefits
Brightening and conditioning
Renews dull, uneven skin tone
Helps remove buildup caused by environmental factors such as pollution and dead skin cells that build up
Key Ingredients
Glycolic Acid: effectively exfoliates the skin It blasts dullness and uneven skin tone by dissolving dulling dead skin cells for brighter-looking skin
Calendula Extract: derived from the marigold flower, this botanical extract helps visibly calm and soothe skin while delivering antioxidant benefits
Jojoba Seed Oil: a lightweight, skin-identical oil that conditions and softens skin, helping to preserve the skin's moisture barrier with each cleanse
Allantoin: conditions and protects, while providing the skin with essential nourishment and antioxidants
Formulated Without
Parabens
Sulfates
Phthalates
Synthetic Fragrance","Water/Aqua/Eau, Cocamidopropyl Hydroxysultaine, Glycolic Acid, Glycerin, Peg-6 Cocamide, Polyacrylate Crosspolymer-6, Disodium Cocoyl Glutamate, Hydroxyacetophenone, Succinoglycan, Simmondsia Chinensis (Jojoba) Seed Oil, Calendula Officinalis Flower Extract, Citrus Aurantium Dulcis (Orange) Peel Oil, Citrus Paradisi (Grapefruit) Peel Oil, Leuconostoc/Radish Root Ferment Filtrate, Urea, Allantoin, Polyquaternium-51, Trehalose, Caprylyl Glycol, Sodium Hyaluronate, Tocopherol, Hydrogenated Palm Glycerides Citrate, Glyceryl Oleate, Coconut Acid, 1,2-Hexanediol, T-Butyl Alcohol, Coco-Glucoside, Sodium Pca, Sodium Chloride, Sodium Hydroxide, Citric Acid, Potassium Sorbate, Sodium Benzoate, Limonene.","Massage onto dampened face and neck. Rinse with warm water. Precaution: Use and frequency only as directed. Avoid contact with eyes. If irritation persists, discontinue use and consult a physician. AHAs may increase your skin's sensitivity to the sun. It is recommended that prior to exposure to the sun, users cover areas where AHAs have been applied with a sunscreen, wear protective clothing, and limit sun exposure for a week afterwards. Contact of the product with the skin must be of limited frequency or duration.
Precautions: Use and frequency only as directed. Avoid contact with eyes. If irritation persists, discontinue use and consult a physician. AHAs may increase your skin's sensitivity to the sun. It is recommended that prior to exposure to the sun, users cover areas where AHAs have been applied with a sunscreen, wear protective clothing, and limit sun exposure for a week afterwards. Contact of the product with the skin must be of limited frequency or duration."
pimprod2041756,PanOxyl,Acne Creamy Wash with 4% Benzoyl Peroxide,Treatment & Serums,Acne & Blemish Treatments,$12.49,6.0 oz,https://media.ulta.com/i/ulta/2615398?w=100&h=100&fmt=auto,357 Reviews,"Features
Contains Benzoyl Peroxide, the #1 recommended acne fighting ingredient
Gentle enough for everyday use
Cleans and unclogs pores to clear, treat and prevent acne
Kills acne-causing bacteria
Contains 3 humectants and 4 emollients to combat dryness
Key Ingredients
4% Benzoyl Peroxide
Formulated Without
Parabens
Fragrances
Phthalates","Benzoyl Peroxide 4%, Carbomer Homopolymer Type C, Carbomer Interpolymer Type A, Decyl Glucoside, Dimethicone, Dioctyl Sodium Sulfosuccinate, Glycerin, Palmitic Acid, Polyacrylate Crosspolymer-6, Polyoxyl 40 Stearate, Propanediol, Purified Water, Silica, Sodium Chloride, Sodium Citrate, Sodium Hydroxide, Sodium Laurylglucosides Hydroxypropylsulfonate, Sorbitan Stearate, Sorbitol, Stearic Acid, T-Butyl Alcohol, Xanthan Gum.","Wet area to be cleansed. Apply acne wash and gently massage area for 1-2 minutes. Rinse thoroughly and pat dry. Because excessive drying of the skin may occur, start with 1 application daily, then gradually increase to 2 or 3 times daily if needed or as directed by a doctor. If bothersome dryness or peeling occurs, reduce application to once a day or every other day. If going outside, apply sunscreen after using this product. If irritation or sensitivity develops, stop use of both products, and ask a doctor.
Precautions: For external use only Do not use if you: have very sensitive skin, are sensitive to benzoyl peroxide. When using this product: skin irritation and dryness is more likely to occur if you use another topical acne medication at the same time. If irritation occurs, only use one topical acne medication at a time. Avoid unnecessary sun exposure and use a sunscreen. Avoid contact with the eyes, lips and mouth. Avoid contact with hair and dyed fabrics, which may be bleached by this product. Skin irritation may occur, characterized by redness, burning, itching, peeling, or possibly swelling. Irritation may be reduced by using the product less frequently or in a lower concentration. Stop use and ask a doctor if: irritation becomes severe If pregnant or breast-feeding, ask a health professional before use. Keep out of reach of children. If swallowed, get medical help or contact a Poison Control Center right away."
pimprod2043298,Bubble,Bounce Back Balancing Toner Mist,Cleansers,Toner,$13.00,1.8 oz,https://media.ulta.com/i/ulta/2619147?w=100&h=100&fmt=auto,351 Reviews,"Benefits
All skin types: dry, oily, combination
Fragrance free
Key Ingredients
Sea Water helps mattify and reduce the appearance of pores.
Sodium PCA + Niacinamide help improve texture and radiance.
Willow Bark Extract gently exfoliates while calming redness and reducing oiliness.
Formulated Without
Denatured alcohols
Parabens
Artificial color
Added fragrance","Water (Aqua), Rosa Damascena Flower Water, Glycerin, Pentylene Glycol, Leuconostoc/Radish Root Ferment Filtrate, Sea Water, Sodium PCA, Niacinamide, Citric Acid, Salix Nigra (Willow) Bark Extract, Camellia Sinensis Leaf Extract, Echinacea Purpurea Extract, Echinacea Angustifolia Root Extract, Echinacea Purpurea Root Extract, Sodium Benzoate, Potassium Sorbate, Sodium Phytate, Citronellol, Geraniol, Linalool.","Spray 3-5 inches from face for an instant skin reset anytime.
Precautions: Use only as directed."
pimprod2030348,Hero Cosmetics,Mighty Patch Original Acne Pimple Patches,K-Beauty,,$12.99,36 ct,https://media.ulta.com/i/ulta/2591987?w=100&h=100&fmt=auto,"5,578 Reviews","Benefits
It's medical-grade, chemical-free, allergy tested, and gentle on all skin types
It also visibly sucks out more gunk
Extra adhesive to stay on through tossing, turning, and pillow-squishing
Each sheet is gamma sterilized before sealing
Key Ingredients
Mighty Patch is made of one mighty ingredient: Ultra high-quality hydrocolloid, a natural fluid-absorbing gel
Formulated Without
Paraben
Phthalates
Synthetic Colorant
Chemical",Hydrocolloid.,"See a pimple that looks ready to pop? That's when you use Mighty Patch. It works best on whiteheads to pull all the gunk out.
Precautions: For external use only. Stop using and ask a doctor if a rash and/or irritation occurs. Keep out of reach of children."
pimprod2051452,Supergoop!,PLAY Everyday Face Lotion SPF 50,Suncare,Sunscreen,$22.00,1.7 oz,https://media.ulta.com/i/ulta/2637920?w=100&h=100&fmt=auto,127 Reviews,"Benefits
High-performance SPF 50 helps prevent sun damage and the visible signs of aging
Lightweight, non-greasy formula that feels amazing
Formulated with skincare ingredients to help hydrate, condition and soften skin and support the moisture barrier
Free of pore-clogging oils and formulated for all skin types
Water- and sweat-resistant (80 minutes)
*Based on an independent consumer study with 33 participants after 24 hours
Key Ingredients
Glycerin: Locks in moisture and supports skin’s moisture barrier
Rosemary & Rice Bran Extracts: Provide calming hydration and help condition and soften skin
Sunflower Extract: Helps defend skin from external environmental elements","Active:
Avobenzone 3%
Homosalate 10%, Octisalate 5%, Octocrylene 7.5%.
Inactive: Water, Acrylates Copolymer, Isododecane, Glycerin, Potassium Cetyl Phosphate, Lauryl Lactate, Isodecyl Neopentanoate, Diisopropyl Sebacate, Oryza Sativa (Rice) Bran Extract, Helianthus Annuus (Sunflower) Extract, Rosmarinus Officinalis (Rosemary) Leaf Extract, Panthenol, Tocopherol, Allantoin, Brassica Campestris/Aleurites Fordi Oil Copolymer, Cetyl Alcohol, Cetearyl Olivate,
Hydroxyacetophenone, Ammonium Acryloyldimethyltaurate/VP Copolymer, Diethylhexyl Syringylidenemalonate, Sorbitan Olivate, Ethylhexylglycerin, Cetyl Stearate, Xanthan Gum, 1,2-Hexanediol, Caprylyl Glycol, Isostearyl Isostearate, Trisodium Ethylenediamine Disuccinate, Caprylic/Capric Triglyceride, Pentasodium Triphosphate, Stearic Acid, Chlorphenesin.","Use PLAY Face Lotion as part of your daily skincare routine.
Complete your skincare routine
Apply PLAY Everyday Face Lotion generously and evenly across your face and neck
Allow 30 seconds for product to absorb
SPF Directions:
If this is the only SPF in your skincare routine, apply generously & evenly 15 minutes before sun exposure. Reapply at least every 2 hours or after 80 minutes of swimming or sweating.
Precautions: For external use only. Do not use on damaged or broken skin. When using this product keep out of eyes. Rinse with water to remove. Stop use and ask a doctor if rash occurs. Keep out of reach of children. If product is swallowed, get medical help or contact a Poison Control Center right away."
pimprod2033457,RoC,Retinol Line Smoothing Anti Wrinkle for Dark Circles Eye Cream,Eye Treatments,Eye Cream,$29.99,0.5 oz,https://media.ulta.com/i/ulta/2112112?w=100&h=100&fmt=auto,"4,597 Reviews","Benefits
Powered by pure RoC Retinol and our exclusive mineral complex
Designed for dramatic results but gentle enough for daily use around the delicate eye area
Proven to make eyes look refreshed and revitalized
Visibly brighten and depuff eyes in 4 weeks and reduce the appearance of fine lines by 50% in 12 weeks.
Features
Non-greasy
Hypoallergenic
Non-comedogenic
Dermatologist tested
Research Results
IMMEDIATELY: Lines, wrinkles and crow's feet appear smoothed
IN 4 WEEKS: 90% saw dark circles visibly reduced. Under-eye puffiness is visibly reduced
IN 12 WEEKS: Crow's feet and wrinkles are visibly reduced by 50%","Water, Glycerin, Lactose, C12-15 Alkyl Benzoate, Cetearyl Ethylhexanoate, PEG-100 Stearate, Glyceryl Stearate, PEG-8, Stearyl Alcohol, Tromethamine, Panthenol, Carbomer, Isopropyl Myristate, Methylparaben, Disodium EDTA, BHT, Propylparaben, Magnesium Aspartate, Zinc Gluconate, Chlorhexidine Digluconate, Retinol, Polysorbate 20, Copper Gluconate.","Apply in small dots around the eye area and gently smooth until thoroughly absorbed. Use alone or under makeup in the morning and/or in the evening.
Precautions: When using this product, avoid getting into eyes. If contact occurs, rinse thoroughly with water."
pimprod2050610,RODAN + FIELDS,Redefine Intensive Renewing Serum With Retinal,Treatment & Serums,Face Serums,$99.00,60 ct,https://media.ulta.com/i/ulta/2635778?w=100&h=100&fmt=auto,"5,325 Reviews","Benefits
It all starts with science. Retinal-MD™ ampoules with a potent retinoid available without a prescription are encapsulated with a Calcium Buffering system.
Revitalizing face serum reduces the appearance of fine lines, wrinkles and loss of firmness for more refined, smoother skin.
Supports cell turnover and regeneration with minimal irritation.
Nighttime serum empowers skin's natural renewing process to reveal visibly plumper, younger-looking skin.
Use this serum if you want to minimize slow cell turnover, wrinkles, and spots or irritations from harsh formulations.
Dermatologist developed.
Suitable for all skin types.
Rodan + Fields is the #1 Female Dermatologist-Founded Skin Care Brand in the U.S.*
Key Ingredients
Retinal-MD™ Technology: Reduces the appearance of fine lines + wrinkles, so skin looks healthier + younger.
Peptides: Reduce the appearance of fine lines + wrinkles.
Calcium Buffering System: Encapsulates the Retinal molecule to minimize potential of irritation.
Research Results
*Euromonitor International Ltd; Based on custom research conducted Nov-Dec 2024, Retail Value Sales for 2023, Definitions per Beauty & Personal Care 2024ed.","Cyclopentasiloxane, Dimethicone, Polysilicone-11, Ethylhexyl Hydroxystearate, C12-15 Alkyl Benzoate, Retinal, Palmitoyl Hexapeptide-14, Retinyl Palmitate, Hydroxyapatite, Bis-Ethylhexyl Hydroxydimethoxy Benzylmalonate, Ethoxydiglycol.","Use once daily in the PM, avoiding the eye area.
Twist off capsule tail.
Smooth serum over face and neck.
Do not rinse.
For external use only. Keep out of eyes. If swallowed or in case of irritation, seek medical attention. Not for children.
WARNING: Avoid contact with fabrics, which may turn yellow by using this retinoid product."
pimprod2033958,Clinique,Skin School Supplies: Cleanser Refresher Course Set - Dry Combination,By Category,Skin Gifts,$18.00,,https://media.ulta.com/i/ulta/2598062?w=100&h=100&fmt=auto,31 Reviews,"Benefits
Skin Types: Dry Combination
This kit includes everything you need to upgrade your cleansing routine to Clinique's signature 3-step system.
Includes
All About Clean Liquid Facial Soap Mild (1.0 oz)
Clarifying Lotion 2 Twice A Day Exfoliator (2.0 oz)
Dramatically Different Moisturizing Lotion+ (1.0 oz)",See packaging for full ingredient listing.,
pimprod2049740,La Roche-Posay,Anthelios UV Clear Sunscreen SPF 50 with Azelaic Acid,Suncare,Sunscreen,$39.99,1.7 oz,https://media.ulta.com/i/ulta/2634599?w=100&h=100&fmt=auto,12 Reviews,"Benefits
Provides soothing SPF 50 sun proction with a lightweight, non greasy texture that won't cause breakouts
Blends invisibly into all skin tones and types provides hydrated skin with a natural finish
Helps decrease the risk of skin cancer and early skin aging caused by the sun *when used correctly with other sun protection measures
Developed for acne-prone and rosacea prone skin, helps protect against 98% of UVB rays with Cell-Ox shield technology
Non-comedogenic
Dermatologist Tested
Key Ingredients
La Roche-Posay Prebiotic Thermal Water is naturally rich in minerals with scientifically demonstrated soothing and antioxidant properties
Cell-Ox Shield Technology, a key antioxidant technology that combines photostable UVA/UVB filters to deliver broad spectrum protection and powerful antioxidant proctection
Azelaic Acid, helps improve skin clarity and the look of discoloration
Formulated Without
Fragrance
Parabens
Oxybenzone
Octinoxate","Water, Glycerin, C15-19 Alkane, Propanediol, C12-22 Alkyl Acrylate/Hydroxyethylacrylate Copolymer, Tocopherol, Azelaic Acid, Sodium Stearoyl Glutamate, Cetearyl Alcohol, Sclerotium Gum, Hydroxyacetophenone, Caprylyl Glycol, Sodium Hydroxide, Sodium Starch Octenylsuccinate, Glyceryl Stearate, Jojoba Esters, Helianthus Annuus (Sunflower) Seed Wax, Hydroxypropyl Starch Phosphate, Trisodium Ethylenediamine Disuccinate, Pentylene Glycol, Diethylhexyl Syringylidenemalonate, Cassia Alata Leaf Extract, Maltodextrin, Caprylic/Capric Triglyceride, Polyglycerin-3, Citric Acid.",Apply 15 minutes before sun exposure. Reapply every 2 hours.Use a water resistant sunscreen if sweating
pimprod2050029,St. Tropez,Ultimate Tan Body Brush,Suncare,Self-Tanning & Bronzing,$22.00,1 ct,https://media.ulta.com/i/ulta/2635406?w=100&h=100&fmt=auto,54 Reviews,"Benefits
Curved profile
Soft bristles
Flawless streak-free application","Handle: 100% ABS Plastic.
Bristle: 100% Nylon.
Ferrule: 100% Aluminum.","Apply tanning product to brush.
Blend across full body, collarbone, elbows and knees.
Use on hands and feet for streak-free results."
pimprod2025445,e.l.f. Cosmetics,Holy Hydration! Face Cream SPF 30,Moisturizers,Face Moisturizer,$13.00,1.7 oz,https://media.ulta.com/i/ulta/2582406?w=100&h=100&fmt=auto,"1,235 Reviews","Benefits
Replenishes lost moisture for supple skin
Offers Broad Spectrum SPF 30 protection
Brightens and evens out skin tone
Instantly absorbs into skin
Lightweight and non-greasy
Fresh, clean scent
Great for all skin types
Proud to be 100% vegan and cruelty-free, worldwide. Because kindness is chic.
Key Ingredients
Broad Spectrum SPF 30 - Protects skin from harsh UVA/UVB rays
Hyaluronic Acid - Locks in moisture for a plump complexion
Niacinamide - Minimizes pores and evens out skin tone
Peptides - Promotes collagen and improves skin texture
Formulated Without
Phthalates
Parabens
Nonylphenol Ethoxylates
Triclosan,
Triclocarban
Hydroquinone
Sulfates","Active: Avobenzene 3.0%, Homosalate 9.0%, Octisalate 5.0%, Octocrylene 7.0%. Inactive:Water (Aqua), Glycerin, Polyglyceryl-3 Distearate, Niacinamide, Aluminum Starch Octenylsuccinate, Trehalose, Stearyl Heptanoate, Silica, Palmitoyl Tripeptide-1, Palmitoyl Tetrapeptide-7, Panthenol, Sodium Hyaluronate, Squalane, Butylene Glycol, Stearic Acid, Cetearyl Olivate, Sorbitan Olivate, Cetearyl Alcohol, Glyceryl Stearate Citrate, Dimethicone, Acrylates/Polytrimethylsiloxymethacrylate Copolymer, Disodium EDTA, Polyacrylate-13, Polyisobutene, Polysorbate 20, Carbomer, Fragrance(Parfum), Caprylyl Glycol, Phenoxyethanol, Ethylhexylglycerin, Geraniol, Linalool.","Use in the AM and apply a generous amount onto clean ski as the last step in your skincare routine. Great to use alone, apply before makeup to help prep and prime skin for perfect application. Apply 15 minutes before sun exposure."
pimprod2049940,Coco & Eve,Sun-Kissed Gradual Tanning Lotion,Suncare,Self-Tanning & Bronzing,$29.00,6.76 oz,https://media.ulta.com/i/ulta/2635442?w=100&h=100&fmt=auto,36 Reviews,"Benefits
Buildable formula that creates a radiant custom shade, which deepens with each application (your ultimate desired tan lasts up to 4 days).
Lightweight, fast-absorbing, non-sticky formula for a wear-and-go tan that’s streak-free and even.
Antioxidants, hyaluronic acid and nourishing tropical oils create a healthy, sun-kissed look by leaving skin soft, smooth and luminous.
Key Ingredients
Dual-Molecular Hyaluronic Acid: Delivers deep, lasting hydration by penetrating multiple skin layers to create a smooth, supple base for even tanning.
Antioxidant-Enriched DHA: Next-gen, naturally derived tanning agent that delivers a deep tan, while helping to protect skin from free-radical damage.
Passionfruit and Inca Inchi Oils: Tropical oils rich in essential fatty acids to nourish and promote skin regeneration for a smooth finish.
Coconut, Mango and Papaya Extracts: Tropical blend that helps improve skin texture and boost radiance.","Aqua/Water/Eau, Dihydroxyacetone, Hydrogenated Ethylhexyl Olivate, Prunus Amygdalus Dulcis (Sweet Almond) Oil / Prunus Amygdalus Dulcis Oil, Glycerin, Sodium Lactate, Glyceryl Stearate, Ethylhexyl Palmitate, Cetearyl Alcohol, Hydroxyethyl Acrylate/Sodium Acryloyldimethyl Taurate Copolymer, Plukenetia Volubilis Seed Oil, PEG-100 Stearate, Dimethyl Isosorbide, Helianthus Annuus (Sunflower) Seed Oil / Helianthus Annuus Seed Oil, Sodium Stearoyl Glutamate, Hydrogenated Olive Oil Unsaponifiables, Tocopherol, Sodium Hyaluronate, Passiflora Edulis Seed Oil, Carica Papaya (Papaya) Fruit Extract / Carica Papaya Fruit Extract, Cocos Nucifera (Coconut) Fruit Extract / Cocos Nucifera Fruit Extract, Mangifera Indica (Mango) Fruit Extract / Mangifera Indica Fruit Extract, Hydrolyzed Hyaluronic Acid, Melanin, Ethylhexylglycerin, Phenoxyethanol, Fragrance / Parfum, Linalool, Linalyl Acetate, Vanillin, Pinene.","Apply evenly to clean, dry skin, using your hands.
Wait until fully absorbed before getting dressed.
Apply daily until desired tan is achieved, then every other day to maintain your tan.
Wash hands after each use.
Precautions: Stop using this product if you develop redness or itching. Avoid contact with eyes Do not apply to damaged or inflamed skin. This product does not contain a sunscreen and does not protect against sunburn. Repeated exposure of unprotected skin while tanning may increase the risk of skin aging, skin cancer, and other harmful effects to the skin even if you do not burn."
pimprod2039942,e.l.f. Cosmetics,Suntouchable Invisible Sunscreen SPF 35,Suncare,Sunscreen,$14.00,1.7 oz,https://media.ulta.com/i/ulta/2611369?w=100&h=100&fmt=auto,"11,630 Reviews","Benefits
Invisible sunscreen for your face with broad-spectrum SPF 35
Gel formula with zero white cast or greasy feel
Blurring face primer that gives you a velvety-smooth finish and grips makeup for long lasting wear
Infused with skin-loving ingredients like aloe and meadowfoam seed
Water-resistant
Fragrance-free
Great for all skin tones
100% vegan and cruelty-free, e.l.f. is Leaping Bunny Certified
e.l.f. is proud to partner with Fair Trade USA and manufacture products in Fair Trade Certified facilities. Look for the Fair Trade Certified seal on your e.l.f. product!
Key Ingredients
Meadowfoam Seed
Aloe
Formulated Without
Sulfates
Phthalates
Parabens
Nonylphenol Ethoxylates
Triclosan
Triclocarban
Hydroquinone","Active: Avobenzone 3.0%, Octisalate 5.0%, Octocrylene 8.0%, Homosalate 7.0%.
Inactive: Isododecane, Dimethicone, Silica Dimethyl Silylate, Caprylyl Methicone, PEG- 10 Dimethicone/Vinyl Dimethicone Crosspolymer, Glycerin, PEG-12 Dimethicone/PPG-20 Crosspolymer, Pongamia Pinnata Seed Extract, Limnanthes Alba (Meadowfoam) Seed Oil, Aloe Barbadensis Leaf Juice Powder, Polyester-7, Neopentyl Glycol Diheptanoate, Phenoxyethanol, Ethylhexylglycerin, Isopropyl Palmitate.","After the last step of your skincare routine and before makeup, apply broad-spectrum SPF 35 sunscreen evenly and generously 15 minutes prior to sun exposure.
Re-apply sunscreen every 2 hours."
pimprod2043792,Kopari Beauty,Golden Amber Sun Shield Body Glow Sunscreen SPF 30,Suncare,Sunscreen,$42.00,5.0 oz,https://media.ulta.com/i/ulta/2618934?w=100&h=100&fmt=auto,107 Reviews,"Benefits
SPF 30 broad spectrum UVA/UVB
Luxurious and lightweight gel texture
Applies on clear, absorbs seamlessly into skin making it ideal for daily use
A unique blend of superfood oils, antioxidants and natural, golden amber pearlescent minerals leave skin ultra-moisturized with a hydrated glow
Easy, mess-free application
Infused with Kopari's signature sweet coconut milk scent
100% Recyclable
Key Ingredients
Macadamia Oils: help minimize UV irritation while antioxidant-rich hibiscus oil is known to protect & repair
Vitamin E: helps calm and protect skin from environmental stressors
Moisturizing Avocado & Coconut Oils: boost skin hydration and help reduce the appearance of fine lines and wrinkles
Sustainably Sourced Golden Amber Mica: adds a subtle glow
Formulated Without
PEGs, Silicone, Phthalates, Sulfates, & Artificial Colorants","Active: Avobenzone 3% Homosalate 10% Octisalate 5% Octocrylene 10%. Inactive: Octyldodecanol, C12-15 Alkyl Benzoate, Polyamide-3, Butyloctyl Salicylate, Octyldodecyl Neopentanoate, Fragrance (Parfum), Pentaerythrityl Tetra-di-t-butyl Hydroxyhydrocinnamate, Persea Gratissima (Avocado) Oil, Hibiscus Sabdariffa Seed Oil, Aleurites Moluccana Seed Oil, Macadamia Ternifolia Seed Oil, Tocopheryl Acetate, Benzyl Salicylate, Hexyl Cinnamal, Linalool, Mica (CI 77019), Titanium Dioxide (CI 77891), Iron Oxides (CI 77491), Iron Oxides (CI 77499).","Pump a generous amount of product onto your palm to apply. Apply one layer, let it absorb and then apply another layer. Reapply every 2 hours.
For external use only. Do not use on damaged or broken skin. When using this product keep out of eyes. Rinse with water to remove. Stop use and ask a doctor if rash occurs. Keep out of reach of children. If swallowed, get medical help or contact a Poison Control Center right away."
pimprod2037342,Vacation,Classic Spray SPF 50 Sunscreen,Suncare,Sunscreen,$19.00,6.0 oz,https://media.ulta.com/i/ulta/2606405?w=100&h=100&fmt=auto,151 Reviews,"Benefits
Broad spectrum SPF 50 protection against the sun's harmful UVA and UVB rays
Water-resistant (80 minutes)
Continuous spray application
Lightweight feel
""Classic"" formulation process to update everything that you love about sunscreens of the past with the best of modern skincare science
Transparent on all skin tones
Award-winning scent developed with Carlos Huber and Rodrigo Flores-Roux, the perfumers behind ARQUISTE Parfumeur and the St. Regis Hotel
Scent combines notes of coconut, banana, pool water, pool toy and swimsuit Lycra: all of your best sunscreen summer memories
Dermatologist tested
Manufactured in the USA
Comes with its own radio station
Every Vacation formula is dermatologist tested and reviewed by toxicologists to ensure world-class protection
Key Ingredients
Coconut Oil - A lightweight, natural hydrator to combat the drying effects of the summer sun
Aloe Vera - A naturally occurring cocktail of antioxidants that soothe and hydrate sun-kissed skin
Banana Extract - A hydrating and skin-refining touch of the tropics
Shea Oil - A rich, emollient oil to help keep skin feeling soft and smooth
Vitamin E - A vitamin renowned for its ability to replenish sun-exposed skin
Formulated Without
Oxybenzone, Octinoxate, Parabens, Phthalates, PEGs, Beeswax, Mineral Oil","Active Ingredients: Avobenzone (2.9%), Homosalate (8.8%), Octisalate (4.9%), Octocrylene (8.6%).
Inactive Ingredients: Acrylates/Octylacrylamide Copolymer, Alcohol Denat, Aloe Barbadensis (Aloe Vera) Leaf Extract, Butyloctyl Salicylate, Butyrospermum Parkii (Shea) Oil, Carthamus Tinctorius (Safflower) Seed Oil, Cocos Nucifera (Coconut) Extract, Diisopropyl Adipate, Ethylhexyl Methoxycrylene, Fragrance, Musa Sapientum (Banana) Fruit Extract, Polyester-8, Tocopherol (Vitamin E).","Apply liberally 15 minutes before sun exposure. Reapply after 80 minutes of swimming or sweating or immediately after towel drying. Reapply at least every two hours.
Precautions: For external use only. Do not use on damaged or broken skin. Keep away from the eyes. Rinse with water to remove. If a rash develops, stop use and seek medical attention. Keep out of reach of children. In case of ingestion, get medical help or contact a Poison Control Center right away."
pimprod2046256,La Roche-Posay,Cicaplast Balm B5 UV Soothing Therapeutic Multi-Purpose Cream SPF 50,Moisturizers,Face Moisturizer,$20.99,1.35 oz,https://media.ulta.com/i/ulta/2625718?w=100&h=100&fmt=auto,226 Reviews,"Benefits
Provides immediate and long-lasting, all-day hydration for cracked, chapped, and chafed skin
Broad spectrum SPF 50 helps protect skin from the sun
Key Ingredients
Tribioma, helps restore the skin's natural barrier
Shea Butter, known for its soothing and restoring
Madecassoside, used as a therapeutic agent in wound healing
Formulated Without
Fragrance
Parabens","Water, Glycerin, Propanediol, Petrolatum, Butyloctyl Salicylate, Panthenol, Dimethicone, Butyrospermum Parkli (Shea) Butter, Stearetn-20, Cellulose, Ethylhexyl Methoxycrylene, Polymnia Sonchitolia Root Juice, Oryza Sativa (Rice) Bran Wax, Steareth-2, Sorbitan Isostearate, Madecassoside, Triethoxycaprylyisilane, Alpha-Glucan Oligosaccharide, Mannose, Ammonium Polyacryloyldimethyl Taurate, Hydroxyacetophenone, Hydroxyethyl Acrylate/ Sodium Acryloy Dimethy, Taurate Copolymer, Nydroxyethy Cellulose, Capryly! Glycol, Citric Acid, Trisodium Ethylenediamine Disuccinate, Lactobacillus, Maltodextrin, Pentylene Glycol, Polynydroxysteric Acid, Polysorbate 60, C12-22 Alkyl Acrylate/ Hydroxyethylacrylate Copolymer, Chlorphenesin.","Apply balm as needed to cleansed, dry skin. Can be applied to face, body, hands and lips.
Precautions: Avoid the eye area."
pimprod2014571,Coco & Eve,Sunny Honey Soft Velvet Self Tan Mitt,Bath & Body Accessories,"Bath Sponges, Gloves & Brushes",$15.00,1 ct,https://media.ulta.com/i/ulta/2564660?w=100&h=100&fmt=auto,570 Reviews,"Benefits
Ensures even coverage, streak free application
Luxury, super soft velvet material with an inner lining for no orange hands
Hypoallergenic material
Comes in a reusable pouch perfect for travel","45% polyester velvet, 45% sponge, 10% TPU membrane.",Pump a generous amount of Coco & Eve Bali Bronzing Foam on to the mitt. Rub product into skin using circular motions. Rinse gently with warm water after use. Cold machine wash only.
pimprod2049277,Sun Bum,Moisturizing Lip Balm SPF 30,Suncare,Sunscreen,$9.99,0.5 oz,https://media.ulta.com/i/ulta/2635067?w=100&h=100&fmt=auto,8 Reviews,"Benefits
Protect your kisser. Sun Bum's hydrating and nourishing formula delivers Broad Spectrum SPF 30 protection with a rich, clear finish. Hint of coconut.
Gluten Free
Key Ingredients
Aloe Vera:A moisture-rich plant with properties for cooling and soothing. It's often used to help hydrate dry, sensitive skin.
Vitamin E: An antioxidant that helps to neutralize free radicals, which are the main cause of premature skin aging.
Formulated Without
Parabens
Oxybenzone & Octinoxate","Active: Avobenzone 3% Homosalate 10% Octisalate 5% Octocrylene 8%.
Inactive: Capryloyl Glycerin/Sebacic Acid Copolymer, Canola Oil, Silica, Ricinus Communis (Castor) Seed Oil, Polyhydroxystearic Acid, Aloe Barbadensis Leaf Extract, Argania Spinosa Kernel Oil, Bisabolol, Euphorbia Cerifera (Candelilla) Wax, Fragrance, Helianthus Annuus (Sunflower) Seed Wax, Saccharin, Tocopheryl Acetate.","Use this one every day. For the best sun protection, apply liberally to lips 15 minutes before sun exposure and reapply throughout the day.
Precautions: For external use only. Do not use on damaged or broken skin. When using this product keep out of eyes. Rinse with water to remove. Stop use and ask a doctor if rash occurs. Keep out of reach of children. If swallowed, get medical help or contact a Poison Control Center immediately."
pimprod2048920,ANUA,Heartleaf Quercetinol Pore Deep Cleansing Foam,Cleansers,Face Wash,$14.00,5.07 oz,https://media.ulta.com/i/ulta/2634189?w=100&h=100&fmt=auto,198 Reviews,"Benefits
Water-based foaming cream
Cleanses deep within pores
For normal skin
Fragrance-free
Free Of: Denatured Alcohols / Parabens / Artificial Color / Silicones / Sulfates / Mineral Oil / Methylchloroisothiazolinone / Methylisothiazolinone / Coal Tar Dyes
Key Ingredients
Quercetinol: Extracted from Heartleaf, known for it's soothing properties leaving the skin feeling calm and refreshed
ANTI-SEBUM P: Helps reduce sebum and minimize the appearance of pores, with 4 plant-derived extracts
0.5% BHA: Chemical exfoliants that are a much gentler alternative to physical exfoliants like scrubs
Research Results
Skin irritation test completed
Non-comedogenic test completed
AFTER 4 WEEKS:
26.709% improvement in oil content
17.173% improvement in skin sebum levels","Houttuynia Cordata Flower/Leaf/Stem Water, Glycerin, Sodium Cocoyl Glycinate, Water, Sodium Lauroyl Glutamate, Disodium Cocoamphodiacetate, Coco-Glucoside, Decyl Glucoside, Hectorite, Sodium Chloride, 1,2-Hexanediol, Betaine Salicylate, Potassium Benzoate, Houttuynia Cordata Powder, Polyquaternium-67, Acrylates/C10-30 Alkyl Acrylate Crosspolymer, Butylene Glycol, Gardenia Florida Fruit Extract, Dextrin, Disodium EDTA, Eucalyptus Globulus Leaf Oil, Ethylhexylglycerin, Sodium Acetate, Isopropyl Alcohol, Pinus Palustris Leaf Extract, Ulmus Davidiana Root Extract, Oenothera Biennis (Evening Primrose) Flower Extract, Pueraria Lobata Root Extract, Pentylene Glycol, Capryloyl Salicylic Acid, Tocopherol, Hydrolyzed Hyaluronic Acid, Hyaluronic Acid, Hydrolyzed Sodium Hyaluronate, Sodium Hyaluronate, Potassium Hyaluronate, Hydroxypropyltrimonium Hyaluronate, Sodium Hyaluronate Crosspolymer, Sodium Acetylated Hyaluronate, Quercetin.","Apply an adequate amount of cleanser.
Create enough foam.
Gently massage your entire face.
Can be used every day, AM & PM."
pimprod2009237,The Ordinary,Argireline Solution 10% for Reducing Fine Lines,Treatment & Serums,Face Serums,$9.70,1.0 oz,https://media.ulta.com/i/ulta/2552301?w=100&h=100&fmt=auto,469 Reviews,"Benefits
Improves the look of skin in areas prone to dynamic folds, including around the eyes, forehead
PH 6.00 - 7.00
Key Ingredients
Argireline
Formulated Without
Fragrance
Alcohol
Oil
Silicone
Nuts
Gluten
Parabens
Sulfates
Mineral Oil
Methylchloroisothiazolinone
Methylisothiazolinone
Animal Oils
Coal Tar Dyes
Formaldehyde
Mercury
Oxybenzone","Aqua (water), Propanediol, Acetyl Hexapeptide-8, Trisodium Ethylenediamine Disuccinate, Gellan Gum, Sodium Chloride, Isoceteth-20, Dimethyl Isosorbide, Potassium Sorbate, Phenoxyethanol, Chlorphenesin.","The Ordinary recommends performing a patch test prior to incorporating a new product into your skin care routine.
Apply a few drops on the forehead and around the eyes twice daily before heavier treatments."
pimprod2017697,OSEA,Ocean Cleanser Purifying Face Wash,Cleansers,Face Wash,$48.00,5.0 oz,https://media.ulta.com/i/ulta/2570071?w=100&h=100&fmt=auto,"1,108 Reviews","Benefits
Removes surface impurities and excess oils without stripping skin
Gently exfoliates while cleansing to unclog pores
Delivers mineral-rich hydration for a clear, radiant complexion
pH balanced
Invigorating citrusy scent
Sustainably packaged: Bottle is made of frosted glass and pump is made with 50% PCR (post-consumer recycled) plastic.
Key Ingredients
Undaria Seaweed: rich in amino acids, antioxidants and nutrients
Bentonite: removes surface impurities and excess oils without stripping
Lactic Acid: gently exfoliates skin
Glycerin: gently moisturizes, smooths and hydrates
Research Results
100% agreed skin looked balanced and clean*
100% agreed skin felt hydrated and refreshed*
97% agreed it cleansed pores and didn’t strip skin*
97% agreed skin felt softer and looked more radiant**
*Based on a third-party consumer perception study of 33 women ages 30-59, after 1 use.
**Based on a third-party consumer perception study of 33 women ages 30-59, after 1 week.","Water / Aqua / Eau, Undaria Pinnatifida Extract, Coco-Glucoside, Bentonite, Glycerin, Simmondsia Chinensis (Jojoba) Seed Oil, Sesamum Indicum (Sesame) Seed Oil, Sorbitan Olivate, Disodium Cocoyl Glutamate, Citrus Aurantium Dulcis (Orange) Peel Oil, Xanthan Gum, Lactic Acid, Sodium Cocoyl Glutamate, Hydrolyzed Oat Protein, Tocopherol, Citrus Aurantium Bergamia (Bergamot) Fruit Oil, Citrus Aurantifolia (Lime) Oil, Juniperus Communis Fruit Oil, Cupressus Sempervirens Leaf/Nut/Stem Oil, Jasminum Officinale (Jasmine) Oil, Melia Azadirachta Leaf Extract, Melia Azadirachta Flower Extract, Sea Water / Maris Aqua / Eau de mer, Kappaphycus Alvarezii Extract, Gigartina Stellata/Kappaphycus Alvarezii Extract, Corallina Officinalis Extract, Hydroxyacetophenone, 1,2-Hexanediol, Caprylyl Glycol, Tropolone, Tetrasodium Glutamate Diacetate, Citric Acid, Sodium Benzoate, Potassium Sorbate, Limonene.","Apply to damp face and rinse with warm water.Follow with preferred OSEA serum, moisturizer and face oil. Use morning and night.
Pro Tip: Ocean Cleanser makes an ideal shaving medium for face or even body. Apply with water. Seaweed softens skin for a close, clean shave."
pimprod2045861,MEDIHEAL,Watermide Moisture Pad,Cleansers,Toner,$24.00,100 ct,https://media.ulta.com/i/ulta/2626999?w=100&h=100&fmt=auto,11 Reviews,"Benefits
Proven to help lock in moisture and de-puff
Improves hydration by 165% after 3 uses
Cooling effect instantly de-puffs skin by 15% after one use
Features
""Dermal Gel"" jelly-like texture for a better fit on skin and a cooling effect
Sized (2.6"") to cover a wide area
Rounded corners for a perfect fit on skin
Key Ingredients
Formulated with MEDIHEAL's proprietary WaterActive complex and liposome delivery system for optimal results
Microparticlized WaterActive: Woodland Forget-me-not Flowers - 24-Hour Cold Extraction on Icelandic Glacial Water - With Liposome-based Technology - Microparticlized","Water, Dipropylene Glycol, Glycereth-26, Betaine, Olea Europaea (Olive) Fruit Oil, Abies Sibirica Oil, Rosmarinus Officinalis (Rosemary) Leaf Oil, Salvia Sclarea (Clary) Oil, Anthemis Nobilis Flower Oil, Junipers Mexican Oil, Chamomile Recutita (Matricaria) Flower Oil, Sodium Hyaluronate, Octyldodeceth-16, Sodium PCA, Hydroxyethl Urea, Xanthan Gum, Sodium Citrate, Allantoin, Citric Acid, Disodium EDTA, Glycerin, Dipotassium Glycyrrhizate, Hydrolyzed Sodium Hyaluronate, Hydrolyzed Hyluronic Acid, Potassium Hyaluronate, Proline, Hyluronic Acid, Sodium Hyaluronate Crosspolymer, Hydroxypropyltrimonium Hyaluronate, Sodium Hyaluronate Dimethylsilanol, Sodium Acetylated Hyaluronate, 1,2-Hexanediol, Hydroxyacetophenone.","As a treatment mask: Apply on targeted areas (forehead, cheeks and chin) after cleansing for an intensive treatment. Leave on for 15 minutes, remove and let the remaining serum absorb into skin.
As a treatment pad: After cleansing, gently swipe across skin to tone, moisturize and prep skin. Can be used daily both in the AM and PM."
pimprod2032406,COOLA,Organic Liplux Classic Sunscreen Lip Balm SPF 30,Lips,Lip Balms & Treatments,$12.00,Original,https://media.ulta.com/i/ulta/2594870?w=100&h=100&fmt=auto,669 Reviews,"Benefits
70%+ Certified Organic Ingredients
Broad Spectrum SPF 30
Water Resistant (80 Minutes)
Dermatologist Tested
Features
Non-Nano
Octinoxate-Free
Oxybenzone-Free
PABA-Free
Soy-Free Nut-Free (except Coconut)
Gluten-Free
Plant Protection
Reef Friendly
Key Ingredients
Cupuaçu Butter hydrates
Raspberry Seed Oil nourishes
Jojoba Seed Oils moisturize and smooth","Avobenzone 2.9%, Octisalate 4.9%, Octocrylene 7.6% Aloe Barbadensis Leaf Extract, Astrocaryum Vulgare Kernel Oil*, Behenyl Behenate, Butyloctyl Salicylate, Caprylic/Capric Triglyceride, Carthamus Tinctorius (Safflower) Seed Oil, Cocos Nucifera (Coconut) Oil*, Copernicia Cerifera (Carnauba) Wax*, Euphorbia Cerifera (Candelilla) Wax, Flavor, Helianthus Annuus (Sunflower) Seed Oil*, Linoleic Acid, Persea Gratissima (Avocado) Oil*, Phospholipids, Phytosterols, Polyhydroxystearic Acid, Ricinus Communis (Castor) Seed Oil*, Rosa Canina Fruit Extract*, Rosmarinus Officinalis (Rosemary) Leaf Extract*, Rubus Idaeus (Raspberry) Seed Oil*, Simmondsia Chinensis (Jojoba) Seed Oil*, Stevia Rebaudiana Extract, Tetrahexyldecyl Ascorbate, Theobroma Grandiflorum Seed Butter*, Tocopherol.*
*Organic.","Apply evenly over lips. Use alone for a subtle glow, or apply over your favorite lip color for added shine and protection. Reapply as necessary; after swimming or sweating, immediately after towel drying and at least every 2 hours.
Precautions: For external use only Do not use on damaged or broken skin When using this product keep out of eyes. Rinse with water to remove. Stop use and ask doctor if skin rash occurs Keep out of reach of children. If product is swallowed, get medical help or contact a Poison Control Center right away."
pimprod2023929,Good Molecules,Niacinamide Brightening Toner,Cleansers,Toner,$14.00,4.0 oz,https://media.ulta.com/i/ulta/2582308?w=100&h=100&fmt=auto,"1,453 Reviews","Key Ingredients
Niacinamide (Vitamin B3) - targets uneven skin tone, dullness, and visible pores.
Naturally-derived Arbutin - improves the look of hyperpigmentation
Licorice Root Extract - soothes inflammation","Water, Glycerin, Niacinamide, 1,2-Hexanediol, Propanediol, Arbutin, Betaine, Glycyrrhiza Glabra (Licorice) Root Extract, 3-O-Ethyl Ascorbic Acid, Ethylhexylglycerin, Carbomer, Tromethamine, Trisodium Ethylenediamine Disuccinate, Theobroma Cacao (Cocoa) Seed Extract, Sodium Hyaluronate, Dextrin.",Dispense onto a cotton pad and gently sweep over freshly cleansed skin. Can also be dispensed into palms and patted into skin until fully absorbed. Suitable for daily use.
pimprod2017664,StriVectin,Super-C Retinol Brighten & Correct Vitamin C Serum,Treatment & Serums,Face Serums,$75.00,1.0 oz,https://media.ulta.com/i/ulta/2568087?w=100&h=100&fmt=auto,945 Reviews,"Benefits
Restores radiance and clarity to dull, tired skin
Smooths away fine lines and uneven texture
Visibly firms and improves elasticity
Key Ingredients
Two Potent forms of vitamin C firm, restore clarity & brightens dull, tired skin
Acerola Cherry Extract highly concentrated source of Pure Vitamin C
Retinol enhances skin cell turnover to smooth rough, uneven texture and fine lines
Research Results
97% showed improvement in skin brightness*
100% showed measured improvement in skin firmness**
100% showed no irritation to skin***
*Based on expert grading evaluation on 35 subjects at 6 weeks
**Based on instrumental testing on 35 subjects at 6 weeks
***Based on tolerability study on 35 subjects at 12 weeks","Aqua (Water, Eau), Sodium Ascorbyl Phosphate, Glycereth-7 Triacetate, Pentylene Glycol, Polysorbate 20, Dipropylene Glycol, Glycerin, Dimethyl Isosorbide, Ascorbyl Glucoside, Ascorbic Acid, Malpighia Glabra (Acerola) Fruit Juice, Retinol, Sodium Hyaluronate, Myristyl Nicotinate, Tamarindus Indica Seed Polysaccharide, Orobanche Rapum Extract, Malus Domestica Fruit Cell Culture Extract, Camellia Sinensis Leaf Extract, Xylitylglucoside, Bacillus/Sea Salt Ferment Filtrate, Hydroxymethoxyphenyl Decanone, Anhydroxylitol, Adenosine, Xylitol, Glucose, Ethylhexylglycerin, Lecithin, Xanthan Gum, Acrylates/C10-30 Alkyl Acrylate Crosspolymer, Propanediol, Maltodextrin, Rhizobian Gum, Mica, Parfum (Fragrance), Limonene, Linalool, Geraniol, Citral, Citronellol, Benzyl Benzoate, Chlorphenesin, Phenoxyethanol, BHT, BHA, Sodium Benzoate, Potassium Sorbate, CI 77491 (Iron Oxides), CI 77891 (Titanium Dioxide).","Shake well. Apply 1 to 3 drops to affected areas (such as face, neck, décolleté, and back of hands) in the morning and evening. Follow with moisturizer. Keep out of eyes. Stop use if irritation occurs. This product may increase skin's sensitivity to the sun. Use sunscreen daily. Contains Vitamin A. Consider your daily intake before use."
pimprod2051284,IT Cosmetics,Hydrate with Confidence Anti-Aging Skincare Set,By Price,$100 and Under,$67.00,,https://media.ulta.com/i/ulta/2638647?w=100&h=100&fmt=auto,1 Review,"Benefits
4-piece, anti-aging skincare gift set features your day-to-night Confidence skincare routine
Each product is dermatologist-tested for all skin types, especially sensitive or dry skin
With high-performance ingredients including ceramides and hyaluronic acid for dramatic results instantly and over time
Includes
Confidence in a Cream Anti-Aging Hydrating Moisturizer (Full Size 60 ml)
Confidence in Your Beauty Sleep Night Cream (Travel Size 14 ml)
Confidence in a Cleanser (Travel Size 50 ml)
Confidence in an Eye Cream (Trial Size 5 ml)","Confidence in a Cream
AQUA / WATER / EAU, GLYCERIN, NIACINAMIDE, CETEARYL ALCOHOL, HYDROXYETHYLPIPERAZINE ETHANE SULFONIC ACID, GLYCERYL STEARATE, SQUALANE, DIMETHICONE, MYRISTYL MYRISTATE, ETHYLHEXYL PALMITATE, BUTYROSPERMUM PARKII BUTTER / SHEA BUTTER, PHENOXYETHANOL, PEG-100 STEARATE, CAPRYLYL GLYCOL, SODIUM POLYACRYLATE, TOCOPHEROL,
CITRIC ACID, SODIUM HYALURONATE, CAPRYLIC/CAPRIC TRIGLYCERIDE, PENTYLENE GLYCOL, PENTAERYTHRITYL TETRA-DI-T-BUTYL HYDROXYHYDROCINNAMATE, HYDROLYZED RICE PROTEIN, CERAMIDE NP, ADENOSINE, TRISODIUM ETHYLENEDIAMINE DISUCCINATE, COLLOIDAL OATMEAL, HYDROXYPALMITOYL SPHINGANINE, BUTYLENE GLYCOL, LIMONENE, CARAMEL, CITRAL, LINALOOL, CARBOMER, SODIUM LACTATE, POLYSORBATE 20, PALMITOYL TRIPEPTIDE-1, PALMITOYL TETRAPEPTIDE-7, PARFUM / FRAGRANCE.
Confidence in Your Beauty Sleep Night Cream
AQUA/WATER/EAU, DIMETHICONE, GLYCERIN, SIMMONDSIA CHINENSIS SEED OIL/JOJOBA SEED OIL, HYDROGENATED CASTOR OIL DIMER DILINOLEATE, PROPANEDIOL, ALCOHOL DENAT., CAPRYLIC/CAPRIC TRIGLYCERIDE, CETYL ALCOHOL, CETYL HYDROXYETHYLCELLULOSE, OCTYLDODECANOL, SILICA, PHENOXYETHANOL, ALBIZIA JULIBRISSIN BARK EXTRACT, CAPRYLYL GLYCOL, PARFUM/FRAGRANCE, POLOXAMER 338, CAPRYLOYL SALICYLIC ACID, LIMONENE, ADENOSINE, TOCOPHEROL, XANTHAN GUM, DISODIUM EDTA, LINALOOL, CERAMIDE NP, HYDROXYPALMITOYL SPHINGANINE, SILICA DIMETHYL SILYLATE, HYDRATED SILICA, SODIUM HYALURONATE, POLYSORBATE 60, CITRONELLOL, SODIUM BENZOATE, CI 16035/RED 40, GERANIOL, CEREUS GRANDIFLORUS FLOWER EXTRACT/CACTUS FLOWER EXTRACT, CITRAL, DARUTOSIDE, CI 42090/BLUE 1, GLUCOSE, LACTIC ACID, POTASSIUM SORBATE.
Confidence in a Cleanser
AQUA / WATER / EAU, GLYCERIN, SODIUM METHYL COCOYL TAURATE, COCO-BETAINE, SODIUM COCOYL ISETHIONATE, SODIUM CHLORIDE, PPG-5-CETETH-20, GLYCOL DISTEARATE, SODIUM HYDROXIDE, ACRYLATES/C10-30 ALKYL ACRYLATE CROSSPOLYMER, PHENOXYETHANOL, GLYCERYL STEARATE, CITRIC ACID, PEG-100 STEARATE, COCONUT ACID, COCO-GLUCOSIDE, CAPRYLYL GLYCOL, TOCOPHEROL, PEG-55 PROPYLENE GLYCOL OLEATE, PROPYLENE GLYCOL, SQUALANE, PARFUM / FRAGRANCE, SALICYLIC ACID, CHLORPHENESIN, GLYCERYL OLEATE, TRISODIUM ETHYLENEDIAMINE DISUCCINATE, POLYQUATERNIUM-53, BUTYROSPERMUM PARKII BUTTER / SHEA BUTTER, LIMONENE, PEG-30 DIPOLYHYDROXYSTEARATE, TRIDECETH-6, ADENOSINE, COLLOIDAL OATMEAL, BUTYLENE GLYCOL, BENZOIC ACID, LINALOOL, GERANIOL, CERAMIDE NP, SODIUM HYALURONATE, HYDROXYPALMITOYL SPHINGANINE, CITRONELLOL, CARBOMER, SODIUM LACTATE, CI 19140 / YELLOW 5, POLYSORBATE 20, PALMITOYL TRIPEPTIDE-1, PALMITOYL TETRAPEPTIDE-7.
Confidence in an Eye Cream
AQUA / WATER / EAU, THEOBROMA CACAO SEED BUTTER / COCOA SEED BUTTER, GLYCERIN, DIMETHICONE, ISOHEXADECANE, PROPANEDIOL, GLYCERYL STEARATE, PEG-20 STEARATE, NIACINAMIDE, PEG/PPG/POLYBUTYLENE GLYCOL-8/5/3 GLYCERIN, HYDROXYPROLINE, HYDROLYZED SOY PROTEIN, STEARIC ACID, PEG-100 STEARATE, PALMITIC ACID, GLYCINE, OCTYLDODECANOL, POLYACRYLAMIDE, SILICA SILYLATE, BUTYLENE GLYCOL, PHENOXYETHANOL, CAFFEINE, C13-14 ISOPARAFFIN, PENTYLENE GLYCOL, CI 77891 / TITANIUM DIOXIDE, TOCOPHEROL, HYDROLYZED RICE PROTEIN, CAPRYLYL GLYCOL, CARBOMER, MICA, LAURETH-7, PANAX GINSENG ROOT EXTRACT, SODIUM HYALURONATE, PROLINE, ALANINE, CAPRYLOYL SALICYLIC ACID, TRISODIUM ETHYLENEDIAMINE DISUCCINATE, MYRISTIC ACID, PENTAERYTHRITYL TETRA-DI-T-BUTYL HYDROXYHYDROCINNAMATE, CERAMIDE NP, ADENOSINE, SODIUM LACTATE, HYDROXYPALMITOYL SPHINGANINE, POLYSORBATE 20, SODIUM HYDROXIDE, CI 77491 / IRON OXIDES, TIN OXIDE, PALMITOYL TRIPEPTIDE-1, PALMITOYL TETRAPEPTIDE-7.","• Morning and night, use Confidence in a Cleanser to gently wash away impurities without stripping the skin. • Dab a pea-size amount of Confidence in an Eye Cream from inner to outer eye and smooth onto upper lid and brow bone. • Hydrate your entire face with a quarter-size amount of Confidence in a Cream during the day and Confidence in Your Beauty Sleep Night Cream before bed."
pimprod2036777,St. Tropez,Award Winning 3 Piece Self Tan Kit,By Price,$100 and Under,$55.00,,https://media.ulta.com/i/ulta/2606183?w=100&h=100&fmt=auto,26 Reviews,"Includes
Self Tan Express Bronzing Mousse (6.7 oz)
Gradual Tan Daily Firming Lotion in Medium/Dark (6.7 oz)
Applicator Mitt (1 ct)","ST.TROPEZ GRADUAL TAN CLASSIC DAILY FIRMING LOTION MEDIUM/DARK: Aqua (Water), Coco-Caprylate, Dihydroxyacetone, Cetearyl Alcohol, Pentaerythrityl Distearate, Cetearyl Glucoside, Glycerin, Dimethicone, Ethoxydiglycol, Vitis Vinifera (Grape) Seed Oil, Alaria Esculenta Extract, Rubus Idaeus (Raspberry) Seed Oil, Vaccinium Myrtillus Seed Oil, Biosaccharide Gum-1, Sodium Hyaluronate, Caprylic/Capric Triglyceride, Capryloyl/Capryloyl Leucine Isosorbide Esters, Ceteareth-20, Parfum (Fragrance), Phenoxyethanol, Caprylyl Glycol, Cellulose, Xanthan Gum, Isosorbide, Pentaerythrityl Tetra-Di-t-Butyl Hydroxyhydrocinnamate, Tocopherol, Helianthus Annuus (Sunflower) Seed Oil, Hexanediol, Hydroxyacetophenone, Benzyl Salicylate, Linalool, Coumarin, Limonene, Citronellol.
SELF TAN EXPRESS BRONZING MOUSSE: Aqua (Water), Dihydroxyacetone, Caramel, Propylene Glycol, Ethoxydiglycol, Glycerin, PPG-5-Ceteth-20, Decyl Glucoside, Phenoxyethanol, Parfum (Fragrance), Melanin, Cetyl Hydroxyethylcellulose, Dimethyl Isosorbide, Sodium Metabisulfite, Ethylhexylglycerin, Linalool, Benzyl Salicylate, CI 14700 (Red 4), Hexyl Cinnamal, CI 19140 (Yellow 5), Citronellol, CI 42090 (Blue 1), Limonene, Aloe Barbadensis Leaf Juice, Geraniol, Coumarin, Alpha-Isomethyl Ionone, Hydroxycitronellal, Potassium Sorbate, Citric Acid.","ST.TROPEZ GRADUAL TAN CLASSIC DAILY FIRMING LOTION MEDIUM/DARK:
Step 1. APPLY all over body ensuring no missed patches. Wash hands after use.
Step 2. GLOW Your tan will develop over 4-8 hours into a medium golden tan. Allow 8 hours before showering or getting wet for the tan to fully develop.
Step 3. MAINTAIN Top up as desired to maintain and deepen your tan.
SELF TAN EXPRESS BRONZING MOUSSE:
Step 1. PREP Exfoliate and moisturize dry areas, hands, feet, ankles and wrists.
Step 2. APPLY Glide on using the Mitt to ensure no missed patches.
Step 3. RINSE Shower off after 1,2 or 3 hours depending on your desired shade.
Step 4. GLOW Your tan continues to develop over 8 hours into your chosen shade
Precautions: Carry out a patch test 24 hours prior to use. Wash palms after use. Self/ Gradual/ Instant tan may stain. Do not apply to sensitive, broken or irritated skin. Stop if irritation occurs. Do not get in eyes, if you do rinse well with water. Avoid contact with lips. Store below 86 degrees F.
Sun safety warning: This product does not contain a sunscreen and does not protect against sunburn. Repeated exposure of unprotected skin while tanning may increase the risk of skin ageing, skin cancer and other harmful effects to the skin even if you do not burn."
pimprod2043271,BYOMA,Balancing Ultra-Fine Face Mist,Cleansers,Toner,$14.99,3.38 oz,https://media.ulta.com/i/ulta/2620414?w=100&h=100&fmt=auto,345 Reviews,"Benefits
Balancing, soothing, refreshing face mist
Tri-Ceramide Complex to support skin barrier health
Probiotic ferment & allantoin to soothe and replenish skin's microbiome
Dermatologist tested & approved skincare
Alcohol & fragrance-free
Recyclable bottles
Clinically proven to immediately increase moisturization after one use
Clinically proven to protect and maintain skin barrier with regular use
Features
This multi-tasking, on-the-go skincare treatment mimics your natural barrier function, with an ultra-fine mist that can be used anytime to tone and refresh skin without sticky residue. Spritz your way to balanced, healthier, hydrated skin for all skin types.
Dermatologist tested and approved, oil-free, non-comedogenic, alcohol and fragrance-free, vegan and cruelty free skincare.
Key Ingredients
Barrier boosting Tri-Ceramide Complex (ceramides, cholesterol, fatty acids)
Powerful duo of allantoin (to moisturize and soothe skin) and probiotic ferment helps replenish and fortify the skin's microbiome, shielding skin from environmental stressors and calming signs of redness and inflammation.","Aqua (Carrier), Butylene Glycol (Skin-Conditioner), Glycerin (Humectant), Propanediol (Solvent), Sorbitol (Skin-Conditioner), Ceramide NP (Skin-Conditioner), Cholesterol (Skin-Conditioner), Phytosphingosine (Skin-Conditioner), Lactobacillus Ferment (Skin-Conditioner), Bifida Ferment Filtrate (Skin-Conditioner), Stearic Acid (Skin-Conditioner), Caprylyl Glycol (Skin-Conditioner), Oleic Acid (Skin-Conditioner), Caprylic/Capric Triglyceride (Skin-Conditioner), Hydrogenated Lecithin (Emulsifier), Allantoin (Skin-Conditioner), Panthenol (Skin-Conditioner), Lactic Acid (pH Adjusters), Betaine (Humectant), Hydroxyethylcellulose (Viscosity Controlling), Hydroxyacetophenone (Antioxidant), 1,2-Hexanediol (Solvents), Caprylhydroxamic Acid (Chelating Agents).","Shake well before each use and mist onto clean, dry skin. Follow with your favorite Byoma serums + moisturizer. Use as part of your daily regime as a toner or anytime your skin needs a refresh throughout the day.
Precautions: Eye irritation."
pimprod2012268,COOLA,Classic Body Organic Sunscreen Spray SPF 50,Suncare,Sunscreen,$28.00,Fragrance-Free,https://media.ulta.com/i/ulta/2561101?w=100&h=100&fmt=auto,500 Reviews,"Benefits
70%+ certified organic ingredients
Broad Spectrum SPF 50 UVA/UVB protection
80 minute water resistance
Lightweight mist application, ideal for outdoor activities
Non-aerosol, continuous spray application
Fragrance-free
Gluten Free, Hawaii Reef Compliant (Act 104)
Key Ingredients
Avobenzone 2.9%, Homosalate 4.3%, Octisalate 4.9%, Octocrylene 9.5%- provides broad spectrum UVA/UVB protection
Plant Protection Complex- featuring naturally effective, antioxidant-rich nutrients - including Red Raspberry Seed Oil, Buriti Oil, Meadowfoam Seed Oil, and Prickly Pear Extract - that help fight free radicals and nourish skin
Safflower Oleosomes- plant-derived encapsulation technology that optimizes the efficacy of Coola's formula
Research Results
100% agree it was not sticky or greasy
97% agree it's hydrating
97% agree it absorbs quickly
97% agree it was transparent / sheer
91% agree it's nourishing
in an independent consumer testing panel of 250 participants","Active: Avobenzone 2.9%, Homosalate 4.3%, Octisalate 4.9%, Octocrylene 9.5%. Inactive: Alcohol (Organic), Brassica Campestris (Rapeseed) Seed Oil, Butyloctyl Salicylate, Camelina Sativa Seed Oil, Carthamus Tinctorius (Safflower) Seed Oil (Organic), Ethyl Ferulate, Limnanthes Alba (Meadowfoam) Seed Oil, Mauritia Flexuosa (Buriti) Fruit Oil (Organic), Opuntia Ficus-Indica Flower Extract, Rubus Idaeus (Raspberry) Seed Oil (Organic), Va/Butyl Maleate/Isobornyl Acrylate Copolymer.","Apply liberally 15 minutes before sun exposure.
Reapply: after 80 minutes of swimming or sweating, immediately after towel drying, at least every 2 hours."
pimprod2030786,COOLA,Classic Body Organic Sunscreen Spray SPF 30 Tropical Coconut,Suncare,Sunscreen,$28.00,6.0 oz,https://media.ulta.com/i/ulta/2592674?w=100&h=100&fmt=auto,311 Reviews,"Benefits
70%+ certified organic ingredients
Broad spectrum SPF 30 protection
Water resistant (80 minutes)
Continuous spray-on application
Ultra-sheer
Rich in antioxidants
Hypoallergenic
Natural Tropical Coconut scent
Hawaii Reef Compliant Act 104","Active: Avobenzone 2.8%, Octisalate 4.9%, Octocrylene 7.6%.
Inactive: Alcohol (ORGANIC), Aloe Barbadensis Leaf Juice, Butyloctyl Salicylate, Carthamus Tinctorius (Safflower) Seed Oil (ORGANIC), Dimethyl Heptenal, Gamma-Nonalactone, Gamma-Octalactone, Limnanthes Alba (Meadowfoam) Seed Oil, Maltol, Mauritia Flexuosa (Buriti) Fruit Oil (ORGANIC), Methyl Dihydroabietate, Opuntia Ficus-Indica Seed Oil, Rubus Idaeus (Raspberry) Seed Oil (ORGANIC), Trans-2-Hexenal, Triethyl Citrate, Vanillin.","Apply liberally 15 minutes before sun exposure. Reapply after 80 minutes of swimming or sweating, immediately after towel drying, at least every 2 hours."
pimprod2028683,OSEA,Travel Size Undaria Algae Body Oil,Travel Size Skin Care,,$16.00,1.0 oz,https://media.ulta.com/i/ulta/2587282?w=100&h=100&fmt=auto,"3,277 Reviews","Benefits
Instantly improves the look of skin elasticity and deeply moisturizes
Softens, nourishes and firms
Visibly improves sagging skin for a more toned, sculpted look
Replenishes the skin’s moisture barrier for a healthy, full-body glow
Fast-absorbing and non-greasy
Uplifting citrusy scent
Sustainably packaged: Bottle is made of frosted glass.
Key Ingredients
Undaria Seaweed: replenishes the skin's moisture barrier and keeps skin looking healthy; a naturally occurring seaweed sediment may be present at the bottom of your bottle; this is completely normal and does not affect the quality or efficacy of the product
White Lupin (Flower): promotes more youthful looking skin by visibly contouring, firming and improving skin elasticity
Botanical Oil Blend: a blend of passion fruit, acai, babassu and rice bran oils provide deep moisture to replenish dry skin
Research Results
After 1 use: 100% showed a significant improvement in moisturization and skin elasticity, 98% agreed skin looked visibly smoother, 96% agreed it gave skin a healthy, youthful glow.
After 2 weeks: 100% agreed skin looked firmer and and less crepey, 100% agreed skin felt softer, smoother and more supple, 96% agreed body felt more sculpted and toned.
Based on a third-party clinical and consumer study conducted over 2 weeks on 53 women ages 25-65.","Helianthus Annuus (Sunflower) Seed Oil, Undaria Pinnatifida Powder, Citrus Paradisi (Grapefruit) Peel Oil, Tocopherol, Lupinus Albus Seed Extract, Passiflora Edulis Seed Oil, Oryza Sativa (Rice) Bran Oil, Euterpe Oleracea Fruit Oil, Orbignya Oleifera Seed Oil, Sesamum Indicum (Sesame) Seed Oil, Linum Usitatissimum (Linseed) Seed Oil, Oryza Sativa (Rice) Bran Extract, Rosmarinus Officinalis (Rosemary) Leaf Extract, Helianthus Annuus (Sunflower) Extract, Citrus Latifolia Peel Oil, Cupressus Sempervirens Leaf/Stem Oil, Fragrance/Parfum.*
*Natural Fragrance is a blend of aromatic compounds and/or essential oil(s) extracted from different parts of plants including flowers and fruits. These can be used to help get the sophisticated fragrances that make OSEA products smell wonderful.","Apply generously to dry or damp skin.
Pro Tip: Pops the color of body art and tattoos.
This oil contains Undaria Seaweed and as such, a naturally occurring seaweed sediment may be present at the bottom of your bottle. This is completely normal and does not affect the quality or efficacy of the product."
pimprod2051873,Lancôme,Skin Idôle 3 Serum Supertint Skin Tint,Moisturizers,Tinted Moisturizer,$45.00,20N,https://media.ulta.com/i/ulta/2638736?w=100&h=100&fmt=auto,836 Reviews,"Benefits
Instantly blurs, evens & hydrates skin for a dewy, healthy-looking complexion that lasts all day
Skincare-infused formula reinforces your skin barrier with 3 powerful serums: Niacinamide, Hyaluronic acid & vitamin E
Key Ingredients
1% Hyaluronic acid instantly hydrates skin
2% Niacinamide reinforces skin barrier
Vitamin E infused
Research Results
Delivers up to 24H luminous glow*
Instantly smooths & blurs*
Controls & reduces shine once applied*
Visibly plumps & hydrates skin*
Non sticky, non-greasy*
Crease-proof, does not settle in wrinkles or fine lines*
Non-comedogenic (wont clog pores)*
96% agree formula is lightweight & 96% said bare skin looks smoother after 4 weeks*
91% agree skin looks naturally refreshed*
*In a consumer test.","Isododecane, Dimethicone, Aqua/Water/Eau, Glycerin, Alcohol Denat., Butylene Glycol, Trimethylsiloxysilicate, Peg-10 Dimethicone, Perlite, Niacinamide, Silica, Polyglyceryl-10 Laurate, Sodium Hyaluronate, Synthetic Fluorphlogopite, Isopropyl Lauroyl Sarcosinate, Diisopropyl Sebacate, Glycine Soja Oil/Soybean Oil, Tin Oxide, Dipentaerythrityl Tetrahydroxystearate/Tetraisostearate, Silica Silylate, Kaolin, Aluminum Hydroxide, Magnesium Sulfate, Disodium Stearoyl Glutamate, Bis-Peg/Ppg-14/14 Dimethicone, Disteardimonium Hectorite, Ethylhexyl Hydroxystearate, Tocopherol, Phenoxyethanol, Parfum/Fragrance.","Shake well before use.
Using Fingers: Use ring finger to apply for a natural finish.
Using a Sponge: Use a damp sponge to apply for a dewy finish.
Using a Brush: Use a foundation brush to apply for maximum coverage.
Pro Tip: To keep your skin tint in place longer, apply a light dusting of Teint Idole Ultra Wear Setting Powder with a fluffy powder brush."
pimprod2006051,TULA,Glow & Get It Cooling & Brightening Eye Balm,Eye Treatments,Eye Cream,$38.00,.35 oz,https://media.ulta.com/i/ulta/2548458?w=100&h=100&fmt=auto,"3,675 Reviews","Benefits
Firm & tighten the appearance of skin
Helps reduce the look of fine lines & wrinkles
Instantly brightens around & under the eyes
Provides immediate cooling, dewy glow
Key Ingredients
Probiotic Extracts: help improve skin smoothness & calm the look of irritation
Hyaluronic Acid: helps hydrate skin
Caffeine: helps firm & tighten the appearance of skin
Apple & Watermelon: hydrate & help reduce the look of fine lines & wrinkles
Does not contain live cultures","Water/Aqua/Eau, Propanedoil, Aloe Barbadensis Leaf Juice, Sodium Stearate, Xylitol, Lactococcus Ferment Lysate, Synthetic Fluorphlogopite, Oleth-20, Glycerin, Caffeine, Citrullus Lanatus (Watermelon) Fruit Extract, Lens Esculenta (Lentil) Fruit Extract, Pyrus Malus (Apple) Fruit Extract, Hyaluronic Acid, Vaccinium Angustifoloium (Blueberry) Fruit Extract, Lactic Acid, Tocopherol. Sodium Pca, Diphetyl Succinate, Menthone Glycerin Acetal, Menthyl Lactate, Carylol Glycerin/Sebacic Acid Copolymer, Xanthan Gum, Sodium Lactate, Tin Oxide, Sodium Chloride, Ethylxeylglycerin, Phenoxyethanol. Sodium Benzoate, Potassium Sorbate.
May Contain +/-: Titanium Dioxide (Cl 77891), Blue 1 (Cl42090), Yellow 5 (Cl19140).","Apply as your eye care step after you moisturize. Can be applied 360 degrees around the eye and on the orbital bone for a glow effect.
Due to the unique balm texture of this product, you can re-apply throughout the day to energize and brighten the eye area.
Designed to be applied under or on top of makeup for an instant pick-me-up."
pimprod2044489,Loving Tan,Deluxe Medium Self-Tanning Kit,By Category,Skin Gifts,$26.00,,https://media.ulta.com/i/ulta/2622907?w=100&h=100&fmt=auto,9 Reviews,"Benefits
Loving Tan's professional strength formula contains high concentrations of active ingredients, giving you a darker tan in one layer.
Natural olive color.
The built-in color guide contains an instant bronzer, making the application foolproof.
Quick drying in as little as 60 seconds.
Perfect for tanning on-the-go.
Best suited for Light to Medium skin tones.
Proudly Australian made.
Key Ingredients
Naturally derived DHA
Hydrating Aloe Vera base.
Includes
Deluxe Bronzing Mousse Medium (1.6 oz)
Deluxe Applicator Mitt (1 ct)","Deluxe Bronzing Mousse Medium: Water (Aqua/Eau), Dihydroxyacetone, Propylene Glycol, Ethoxydiglycol, Panthenol, Erythrulose, Decyl Glucoside, Dimethicone Peg-8 Phosphate, Phenoxyethanol, Ethylhexylglycerin, Juglans Nigra (Black Walnut) Shell Extract, Aloe Barbadensis (Aloe Vera) Leaf Juice, Fragrance (Parfum), Hydroxypropyl Methylcellulose, Sodium Metabisulfite, Citric Acid, Salix Alba Bark Extract, Maltodextrin, Benzyl Benzoate, Benzyl Salicylate, Coumarin, CI 16035 (FD&C Red 40), CI 17200 (D&C Red 33), CI 19140 (FD&C Yellow 5), CI 42090 (Fd&C Blue 1).","For best results, apply to
clean, dry and exfoliated skin. Apply moisturiser liberally to hands, wrists, elbows, feet, ankles and knees. Pump mousse onto your Loving Tan Deluxe Applicator Mitt. Using circular motions, apply mousse to your body, blending as you go for even coverage.
Allow 60 seconds before dressing. Avoid perspiration or water while your tan develops. After 6 hours, shower off the colour guide to reveal a gorgeous natural tan. Your tan will continue to darken and develop for up to 24 hours."
pimprod2037474,Clinique,Skin School Supplies: Smooth + Renew Lab Anti-Aging Skincare Set,By Category,Skin Gifts,$35.00,,https://media.ulta.com/i/ulta/2604495?w=100&h=100&fmt=auto,36 Reviews,"Benefits
All Skin Types.
Outsmart the look of lines and wrinkles with Clinique's most advanced age-defying routine.
This kit brings together favorite products from Clinique's popular Skin School class.
Step 1: Smooth. Clinique Smart Clinical Repair Wrinkle Correcting Serum was engineered to outsmart wrinkles in three ways: repairing, resurfacing, and replumping the look of skin. Visibly reduces stubborn lines by 32%.*
Step 2: Renew. Clinique Smart Clinical Repair Wrinkle Correcting Eye Cream is engineered with peptide-rich CL1870 Complex and helps fortify the delicate skin around the eyes, making it feel and look stronger, renewed, and more resilient.
Step 3: Moisturize. Clinique Smart Clinical Repair Wrinkle Correcting Cream visibly reduces lines and wrinkles as it plumps skin with lasting hydration.
Paraben-free. Phthalate-free. Fragrance free.
Research Results
Clinical Testing:
*Upper lateral dynamic lines; clinical testing on 59 women after 16 weeks.
Includes
Clinique Smart Clinical Repair Wrinkle Correcting Serum (0.34 oz)
Clinique Smart Clinical Repair Wrinkle Correcting Cream (0.5 oz)
Clinique Smart Clinical Repair Wrinkle Correcting Eye Cream (0.17 oz)",See packaging for full ingredient listing.,
pimprod2042965,Kopari Beauty,Travel Size Sun Shield Body Glow Gel SPF 50,Travel Size Body Care,,$18.00,1.0 oz,https://media.ulta.com/i/ulta/2619700?w=100&h=100&fmt=auto,870 Reviews,"Benefits
SPF 50 for primetime protection
Broad spectrum UVA/UVB protection
40 minute sweat and water-resistant
Luxurious and lightweight gel texture
Applies on clear, absorbs well into skin, non-greasy and will not stick
Easy, mess-free application
A blend of SPF protection, superfood oils, antioxidants and natural pearlescent minerals for safe sun protection and a hydrated glow
Infused with Kopari's signature sweet coconut milk scent
Clinically-tested, non-irritating, allergy-testedand
100% Recyclable
Key Ingredients
Macadamia Oils helps minimize UV irritation while antioxidant-rich Hibiscus Oil is known to protect & repair
Vitamin E helps calm and protect skin from environmental stressors
Moisturizing Avocado & Coconut Oils boost skin hydration and help reduce the appearance of fine lines and wrinkles
Sustainably sourced gold shimmer mica adds a subtle glow
Formulated Without
PABA, Silicones, Parabens, Phthalates, Sulfates","Octyldodecanol, C12-15 Alkyl Benzoate, Polyamide-3, Butyloctyl Salicylate, Octyldodecyl Neopentanoate, Persea Gratissima (Avocado) Oil, Hibiscus Sabdariffa Seed Oil, Cocos Nucifera (Coconut) Oil, Aleurites Moluccana Seed Oil, Macadamia Ternifolia Seed Oil, Tocopheryl Acetate, Fragrance (Parfum), Pentaerythrityl Tetra-di-t-butyl Hydroxyhydrocinnamate, Hexyl Cinnamal, Butylphenyl Methylpropional, Benzyl Salicylate, Linalool, CI 77019 (Mica), CI 77891 (Titanium Dioxide), CI 77491 (Iron Oxides).","Apply generously and evenly 15 minutes before sun exposure. REAPPLY: After 40 minutes of swimming or sweating immediately after towel drying. Sun Protection Measures: spending time in the sun increases your risk of skin cancer and early skin aging. To decrease this risk, regularly use a sunscreen with a Broad Spectrum SPF value of 15 or higher and other sun. protection measures including: Limit time in the sun, especially from 10 a.m.- 2 p.m.
Precautions: For external use only. Do not use on damaged or broken skin. When using this product, keep out of eyes. Rinse with water to remove. Stop use and ask a doctor if rash occurs. Keep out of reach of children. If product is swallowed, get medical help or contact a Poison Control Center right away. Children under 6 months: Ask doctor."
pimprod2046122,CeraVe,Intensive Moisturizing Lotion,Body Moisturizers,Body Lotion & Creams,$17.99,8.0 oz,https://media.ulta.com/i/ulta/2625701?w=100&h=100&fmt=auto,17 Reviews,"Benefits
Moisturizing lotion for extra dry skin with controlled release for long lasting hydration
Non greasy body lotion instantly absorbs with no greasy or sticky feel
Formulated for dry to very dry, itchy skin
Suitable for use as a body lotion, foot lotion, and hand cream.
Fast absorbing and fast acting formula relieves and defends against 5 key signs of dryness for intensely moisturized and healthier looking skin
5 key signs of dryness: itch, tightness, roughness, scaling & flaking, and redness
Allergy tested, Fragrance Free, and pH balanced
Suitable for use by all skin types, even sensitive skin and all skin tones
Developed with dermatologists, CeraVe is the #1 Dermatologist Recommended Skin Care Brand
Key Ingredients
Hydro-ureaf: Urea lotion with NMF complex to hydrate deep within skin's surface layers for skin barrier repair. Lotion with urea helps soothe dry, itchy skin at application
MVE Delivery Technology: Delivers hydration throughout the day
Ceramides: Essential for healthy skin, ceramides help restore and maintain the skin’s natural barrier
Ceramides are found naturally in the skin and make up ~50% of the lipids in the skin barrier.
CeraVe's moisturizers are formulated with three essential ceramides (1, 3, 6-ii) & help restore the skin’s natural barrier
Research Results
Immediately boosts skin’s hydration by 100%
2X increase in skin’s hydration with on-going twice daily use
42% increase in skin's moisture barrier function with on-going twice daily use
72-hour hydration
Improves skin's radiance immediately","Aqua/Water/Eau, Glycerin, Butyrospermum Parkii Butter / Shea Butter, Hydroxyethyl Urea, Isopropyl Palmitate, Propanediol, Cetearyl Alcohol, Octyldodecanol, C15-19 Alkane, Glycine, Stearic Acid, Ceramide Np, Ceramide Ap, Ceramide Eop, Sorbitan Tristearate, Sorbitan Oleate, Carbomer, Glyceryl Stearate, Dimethicone, Behentrimonium Methosulfate, Triethyl Citrate, Isohexadecane, Sodium Pca, Serine, Sodium Lauroyl Lactylate, Sodium Hydroxide, Myristic Acid, Sodium Hyaluronate, Cholesterol, Palmitic Acid, Alanine, Tocopherol, Hydroxyacetophenone, Caprylyl Glycol, Hydroxyethylpiperazine Ethane Sulfonic Acid, Trisodium Ethylenediamine Disuccinate, Xanthan Gum, Pentaerythrityl Tetra-Di-T-Butyl Hydroxyhydrocinnamate, Phytosphingosine, Acrylamide/Sodium Acryloyldimethyltaurate Copolymer, Acrylates/C10-30 Alkyl Acrylate Crosspolymer, Polysorbate 80, Benzoic Acid, Peg-100 Stearate, Peg-20 Methyl Glucose Sesquistearate.","Apply liberally as often as needed or as directed by a physician. Avoid direct contact with eyes. If contact occurs, rinse thoroughly with water."
pimprod2018400,Peach Slices,Snail Rescue Blemish Busting Toner,Cleansers,Toner,$13.99,4.0 oz,https://media.ulta.com/i/ulta/2567114?w=100&h=100&fmt=auto,"1,186 Reviews","Benefits
Helps clear pores, zap zits, and strengthen skin's barrier
Clarify and minimize the appearance of pores
Tackles blemishes, uneven skin tone, dullness and discoloration
Fast absorbing formula deeply hydrates and purifies skin
Effective and fun: Peach Slices formulas are formulated for all skin types and deliver holistic and easy solutions for stubborn skin issues
Key Ingredients
95% Snail Mucin: hydrates, exfoliates, brightens, and calms
Hyaluronic Acid: draws moisture to skin for deep hydration
Cica: contains antibacterial and healing properties","Snail Secretion Filtrate (95%), Propanediol, 1,2-Hexanediol, Hydrolyzed Hyaluronic Acid, Sodium Hyaluronate, Hyaluronic Acid, Centella Asiatica Extract, Xanthan Gum, Sodium Citrate, Ethylhexylglycerin, Citric Acid, Butylene Glycol, Tocopherol.","Use after cleansing, follow up with rest of routine.
Can be applied with hands or cotton pads.
Can be used daily, AM and PM.
Precautions: External use only. Avoid contact with eyes. Keep out of reach of children. Store in a cool and dry place."
pimprod2017443,Clinique,Even Better All-Over Concealer + Eraser,Face,Concealer,$32.00,WN 01 Flax,https://media.ulta.com/i/ulta/2567323?w=100&h=100&fmt=auto,713 Reviews,"Benefits
12-hour concealer instantly corrects, conceals dark circles and dark spots, and blurs imperfections with all-day staying power.
See an improvement in the look of dark circles and dark spots, even on bare skin, in as little as 4 weeks.
For 12 hours, color stays true, doesn't streak, and formula resists creasing and settling.
Sweat and humidity-resistant.
Formula is fortified with vitamin C.
Hyaluronic acid helps hydrate and plump fine, dry lines.
Caffeine helps energize.
Dual-ended applicator features flocked-tip, doe-foot wand, and a built-in sponge blurring blender infused with anti-bacterial technology.
Ophthalmologist and dermatologist tested.
Safe for sensitive eyes and contact lens wearers.
Allergy tested.
Formulated Without
Parabens
Phthalates
Oil
Denatured alcohol
Sulfates
Fragrance
Research Results
Clinical Testing:
Instantly reduces the look of fine lines: 91% of panelists show significant immediate improvement in the appearance of lines.
Visibly reduces undereye puffiness in hours: 79% of panelists show significant improvement in the look of undereye puffiness after 8 hours.
Reduces the appearance of dark spots with continued use: 93% of panelists show significant improvement in the look of dark spot contrast after 13 weeks.","Water\Aqua\Eau, Methyl Trimethicone, Trimethylsiloxysilicate, Dimethicone, Butylene Glycol, Phenyl Trimethicone, Neopentyl Glycol Diheptanoate, Niacinamide, Hydroxyethyl Urea, Lauryl PEG-9 Polydimethylsiloxyethyl Dimethicone, Glycerin, Sodium Polyaspartate, Ascorbyl Glucoside, Caffeine, Phytosphingosine, Magnesium Ascorbyl Phosphate, Resveratrol, Sodium Hyaluronate, Polygonum Cuspidatum Root Extract, Acetyl Hexapeptide-8, Palmitoyl Hexapeptide-12, Tocopheryl Acetate, Tetrahexyldecyl Ascorbate, Salicylic Acid, Sigesbeckia Orientalis (St. Paul'S Wort) Extract, Caprylyl Glycol, Trihydroxystearin, Triethyl Citrate, PPG-15 Stearyl Ether, PEG-10 Dimethicone, Sorbitol, Trehalose, Micrococcus Lysate, Isopropyl Isostearate, Lecithin, Zinc Stearate, Dimethicone/PEG-10/15 Crosspolymer, Alumina, Triethoxycaprylylsilane, Silica, Glyceryl Polymethacrylate, Laureth-7, Magnesium Aluminum Silicate, Hexylene Glycol, PEG-8, Disteardimonium Hectorite, Propylene Glycol Caprylate, Vinyl Dimethicone/Methicone Silsesquioxane Crosspolymer, Polysilicone-11, Sodium Hydroxide, Xanthan Gum, Sodium Chloride, Citric Acid, Ammonium Acryloyldimethyltaurate/Vp Copolymer, Dipropylene Glycol, BHT, Disodium EDTA, Sodium Citrate, Potassium Sorbate, Phenoxyethanol, Mica, Titanium Dioxide (CI 77891), Iron Oxides (CI 77491), Iron Oxides (CI 77492), Iron Oxides (CI 77499), Bismuth Oxychloride (CI 77163).
Please be aware that ingredient lists may change or vary from time to time. Please refer to the ingredient list on the product package.","Apply concealer alone, under, or over foundation.
Use wand with doe foot applicator to apply concealer to desired areas.
Use blurring sponge with a patting motion (stippling) to blend seamlessly into skin.
Target under eye area, spot conceal, or use as highlight and contour.
To use as a highlighter, select two shades lighter than natural skin tone and place on the high points of the face.
To use as a contour adding dimension, select two shades deeper than natural skin tone and place in the hollows of the cheeks, temples, hairline, and jawline."
pimprod2037341,Vacation,Classic Lotion SPF 50 Sunscreen,Suncare,Sunscreen,$15.00,3.4 oz,https://media.ulta.com/i/ulta/2606406?w=800&h=800&fmt=auto,611 Reviews,"Benefits
Broad spectrum SPF 50 protection against the sun's harmful UVA and UVB rays
Water-resistant (80 minutes)
Lightweight feel
""Classic"" formulation process to update everything that you love about sunscreens of the past with the best of modern skincare science
Rubs in smooth and clear on all skin tones
Award-winning scent developed with Carlos Huber and Rodrigo Flores-Roux, the perfumers behind ARQUISTE Parfumeur and the St. Regis Hotel
Scent combines notes of coconut, banana, pool water, pool toy and swimsuit Lycra: all of your best sunscreen summer memories
Dermatologist tested
Manufactured in the USA
Travel-friendly packaging made with recycled materials
Comes with its own radio station
Every Vacation formula is dermatologist tested and reviewed by toxicologists to ensure world-class protection
Key Ingredients
Coconut Oil - A lightweight, natural hydrator to combat the drying effects of the summer sun
Aloe Vera - A naturally occurring cocktail of antioxidants that soothe and hydrate sun-kissed skin
Banana Extract - A hydrating and skin-refining touch of the tropics
Niacinamide (Vitamin B3) - A sun-appropriate moisture-regulating agent
Vitamin E - A vitamin renowned for its ability to replenish sun-exposed skin
Formulated Without
Oxybenzone
Octinoxate
Parabens
Phthalates
PEGs
Beeswax
Mineral Oil
Aerosols","Active Ingredients: Avobenzone (2.8%), Homosalate (9.8%), Octisalate (4.9%), Octocrylene (9.5%).
Inactive Ingredients: Aloe Barbadensis (Aloe Vera) Leaf Juice, Butyloctyl Salicylate, Butyrospermum Parkii (Shea) Butter, Cetearyl Alcohol, Cocos Nucifera (Coconut) Oil, Dimethicone, Ethylhexyl Palmitate, Ethylhexylglycerin, Fragrance, Glycerin, Musa Paradisiaca (Banana) Fruit Extract, Niacinamide (Vitamin B3), Phenoxyethanol, Silica, Sodium Hyaluronate, Sodium Phytate, Sodium Polyacrylate, Sodium Stearoyl Glutamate, Tocopherol (Vitamin E), Trimethylpentanediol/Adipic Acid/Glycerin Crosspolymer, Water.","Apply liberally 15 minutes before sun exposure. Reapply after 80 minutes of swimming or sweating or immediately after towel drying. Reapply at least every two hours.
Precautions: For external use only. Do not use on damaged or broken skin. Keep away from the eyes. Rinse with water to remove. If a rash develops, stop use and seek medical attention. Keep out of reach of children. In case of ingestion, get medical help or contact a Poison Control Center right away."
pimprod2044384,IT Cosmetics,Hello Sunshine Invisible Sunscreen For Face SPF 50,Suncare,Sunscreen,$36.00,1.7 oz,https://media.ulta.com/i/ulta/2623536?w=100&h=100&fmt=auto,"1,712 Reviews","Benefits
This daily sunscreen for face plays nice under makeup while defending against UVA/UVB rays and external pollution.
Allergy-Tested
Dermatologist-Tested for Safety
Suitable for Sensitive Skin
Formulated without Oxybenzone
Helps to prevent sun spots, dark spots, sun damage, and hyperpigmentation
Signs of photoaging like fine lines & wrinkles
Research Results
98% agree it leaves an invisible finish on skin & does not leave a white cast*
98% agree skin feels instantly hydrated*
95% agree it wears well under makeup*
*Results based on a 1-week consumer study.
Key Ingredients
Broad-spectrum invisible SPF 50 & pollution protection: Help protect skin against UVA/UVB rays and external pollution.
Hyaluronic acid: Delivers lasting hydration to help plump skin with moisture.
1% Pro-Vitamin B5: Helps soothe and moisturize skin.","Aqua / Water / Eau, Glycerin, Homosalate, Octocrylene, Ethylhexyl Salicylate, C15-19 Alkane, Propanediol, Butyl Methoxydibenzoylmethane, C12-22 Alkyl Acrylate/Hydroxyethylacrylate Copolymer, Panthenol, Tocopherol, Sodium Stearoyl Glutamate, Cetearyl Alcohol, Sclerotium Gum, Hydroxyacetophenone, Caprylyl Glycol, Sodium Starch Octenylsuccinate, Glyceryl Stearate, Jojoba Esters, Parfum / Fragrance, Helianthus Annuus Seed Cera / Sunflower Seed Wax, Hydroxypropyl Starch Phosphate, Trisodium Ethylenediamine Disuccinate, Sodium Hyaluronate, Pentylene Glycol, Taraxacum Officinale Rhizome/Root Extract - Dandelion Rhizome/Root Extract, Citric Acid, Linalool, Polyglycerin-3, Limonene.","On Bare Skin:
Apply generously and evenly 15 minutes before sun exposure. Blend into skin and reapply every 2 hours.
Layered Under Makeup:
Acts as the perfect makeup primer for a smooth, hydrated look."
pimprod2038433,OSEA,Glow All Over Body Travel Size Set,By Category,Skin Gifts,$36.00,,https://media.ulta.com/i/ulta/2609118?w=100&h=100&fmt=auto,39 Reviews,"Benefits
Resurfaces, moisturizes and renews
Delivers firming hydration all over
Leaves skin soft, silky-smooth and glowing
Sustainably packaged: Undaria Algae Body Oil’s bottle is made of frosted glass and its pump is made of 50% PCR (post-consumer recycled plastic).
Undaria Algae Body Butter’s jar is made of frosted glass and its cap is made of 50% PCR plastic.
Salts of the Earth Body Scrub’s jar and cap are made of 50% PCR.
Key Ingredients
Undaria Seaweed: replenishes the skin’s moisture barrier
White Lupin Flower: visibly contours, firms and improves skin elasticity
Ceramides: moisturizes, renews, and supports skin’s own moisture barrier
Shea Butter: revives dry skin leaving it soft, smooth and moisturized
Includes
Undaria Algae Body Oil (0.6 oz): Seaweed-infused body oil clinically shown to instantly improve the look of skin elasticity & deeply moisturize.
Undaria Algae Body Butter (1.7 oz): Ultra-hydrating body butter transforms dry skin, leaving it soft, smooth & supple.
Salts of the Earth Body Scrub (1.0 oz): Skin-softening, resurfacing body scrub reveals smooth & glowing skin.","Undaria Algae Body Oil: Helianthus Annuus (Sunflower) Seed Oil, Undaria Pinnatifida Powder, Citrus Paradisi (Grapefruit) Peel Oil, Tocopherol, Lupinus Albus (White Lupin) Seed Extract, Passiflora Edulis (Passion Fruit) Seed Oil, Oryza Sativa (Rice) Bran Oil, Euterpe Oleracea (Acai) Fruit Oil, Orbignya Oleifera (Babassu) Seed Oil, Sesamum Indicum (Sesame) Seed Oil, Linum Usitatissimum (Linseed) Seed Oil, Oryza Sativa (Rice) Bran Extract, Rosmarinus Officinalis (Rosemary) Leaf Extract, Helianthus Annuus (Sunflower) Extract, Citrus Latifolia (Persian Lime) Peel Oil, Cupressus Sempervirens(Cypress) Leaf/Stem Oil, Fragrance / Parfum*.
*Natural Fragrance
Undaria Algae Body Butter: Water / Aqua / Eau, Butyrospermum Parkii (Shea) Butter, Coco-Caprylate/Caprate, Glycerin, Caprylic/Capric Triglyceride, Glyceryl Stearate SE, Cetearyl Alcohol, Bentonite, Saccharide Isomerate, Citrus Paradisi (Grapefruit) Peel Oil, Avena Sativa (Oat) Kernel Extract, Dipalmitoyl Hydroxyproline, Myristyl Myristate, Undaria Pinnatifida Extract, Sodium Hyaluronate, Caffeine, Aloe Barbadensis Leaf Juice, Sodium Stearoyl Glutamate, Xanthan Gum, Cannabis Sativa Seed Oil, Vitis Vinifera (Grape) Seed Oil, Limnanthes Alba (Meadowfoam) Seed Oil, Oryza Sativa (Rice) Bran Extract, Rosmarinus Officinalis (Rosemary) Leaf Extract, Helianthus Annuus (Sunflower) Extract, Tocopherol , Citrus Latifolia Peel Oil, Cupressus Sempervirens Leaf/Stem Oil, Behenyl Alcohol, Pentaerythrityl Distearate, Sodium Citrate, Citric Acid, Potassium Sorbate, Sodium Benzoate, Lonicera Japonica (Honeysuckle) Flower Extract, Lonicera Caprifolium (Honeysuckle) Flower Extract, Fragrance / Parfum*.
*Natural Fragrance
Natural fragrance is a blend of aromatic compounds and/or essential oil(s) extracted from different parts of plants including flowers and fruits.
Salts of the Earth Body Scrub: Sodium Chloride (New Zealand Solar Salt, Pink Himalayan Sea Salt, Red Hawaiian Sea Salt), Carthamus Tinctorius (Safflower) Seed Oil, Silica, Butyrospermum Parkii (Shea Butter), Gigartina Skottsbergii Extract, Olea Europaea (Olive) Fruit Oil, Oryza Sativa (Rice) Bran Extract (and) Rosmarinus Officinalis (Rosemary) Extract (and) Helianthus Annuus (Sunflower) Seed Extract (and) Tocopherol, Ilite (Red Clay), Lavandula Angustifolia Oil, Sodium Olivate, Persea gratissima (Avocado) Oil, Orbignya Oleifera (Babassu) Seed Oil.","Undaria Algae Body Oil: Generously massage into dry or damp skin.
Undaria Algae Body Butter: Generously massage into clean, dry skin.
Salts of the Earth Body Scrub: Gently apply onto skin using circular motions, paying special attention to dry, rough areas."
pimprod2045090,e.l.f. Cosmetics,Bronzing Drops,Suncare,Self-Tanning & Bronzing,$12.00,Copper Gold,https://media.ulta.com/i/ulta/2623547?w=100&h=100&fmt=auto,"3,756 Reviews","Benefits
Tinted serum gives your complexion a sun-kissed glow (without the sun!)
Customize your glow by mixing with your fave moisturizer or oil
Nourishes & moisturizes skin with antioxidant-rich vitamin E and sunflower seed oil
Can be used on your face & body for an all-over radiance
Available in various flexible shades
100% cruelty-free, e.l.f. is Leaping Bunny Certified
e.l.f. is proud to partner with Fair Trade USA & manufacture products in Fair Trade Certified facilities; look for the Fair Trade Certified seal on your e.l.f. product!
Key Ingredients
Vitamin E moisturizes & nourishes
Sunflower seed oil helps smooth & soften
Formulated Without
Phthalates
Parabens
Nonylphenol ethoxylates
Triclosan
Triclocarban
Hydroquinone
Sulfates","Copper Gold: Water (Aqua), Trimethyl Pentaphenyl Trisiloxane, Hydrogenated Polyisobutene, Helianthus Annuus (Sunflower) Seed Oil, Glycerin, Synthetic Fluorphlogopite, Glyceryl Stearate Citrate, Mica, Bis- Behenyl/Isostearyl/Phytosteryl Dimer Dilinoleyl Dimer Dilinoleate, Tocopherol, Phenoxyethanol, Sorbitan Isostearate, Hydroxyethyl Acrylate/Sodium Acryloyldimethyl Taurate Copolymer, Carbomer, Caprylyl Glycol, Ethylhexylglycerin, Tromethamine, Disodium EDTA, Polysorbate 60, Xanthan Gum, Sodium Citrate, Sclerocarya Birrea (Marula) Seed Oil, Rubus Idaeus (Raspberry) Seed Oil, C12-15 Alkyl Benzoate, Tin Oxide, Tocopheryl Acetate, Ubiquinone. May Contain: Red Iron Oxide (CI 77491), Black Iron Oxide (CI 77499), Yellow Iron Oxide (CI 77492), Titanium Dioxide (CI 77891).
Ingredients may change or vary from time to time. Please refer to the packaging of the product you receive for the list of ingredients in your particular product.","Shake well before use.
Add 1-3 Bronzing Drops to your fave e.l.f. SKIN moisturizer or your face oil or body cream of choice (more drops = more glow).
Blend well."
pimprod2047047,Hero Cosmetics,Mighty Patch Mini Invisible+,K-Beauty,,$13.99,30 ct,https://media.ulta.com/i/ulta/2629999?w=100&h=100&fmt=auto,3 Reviews,"Benefits
Helps improve the look of pimples
Helps shield skin from popping, picking, and squeezing
Barely there on skin / Barely there for daytime wear
Key Ingredients
Hydrocolloid: to gently absorb pimple gunk",Hydrocolloid.,"Prep your skin. Cleanse and dry a small pimple.
Patch the zit. Leave on for 6-8 hours.
Watch it work. Peel off when patch turns white."
pimprod2050085,Tanologist,Self Tan Airbrush Mist,Suncare,Self-Tanning & Bronzing,$19.99,Medium,https://media.ulta.com/i/ulta/2635899?w=100&h=100&fmt=auto,289 Reviews,"Benefits
Clinically proven to last up to 10 days
Features
A professional spray tan at home this salon-grade formual is packed with ultra-hydrating hyaluronic acid & glycerin to deeply moisturize while Tanologist's exclusive DHA Complex penetrates deeper into the skin for your longest-lasting tan - up to 10 days.
Key Ingredients
Hyaluronic Acid & Glycerin to deeply moisturize
Exclusive DHA Complex that's proven to penetrate deeper and last longer","Water, Propanediol, Dihydroxyacetone, Propylene Glycol, Sorbitan Oleate Decylglucoside Crosspolymer, Glycerin, Dimethyl Isosorbide, Panthenol, Calendula Officinalis Flower Extract, Juniperus Communis Branch/Fruit/Leaf Extract, Simmondsia Chinensis (Jojoba) Seed Extract, Aloe Barbadensis Extract, Punica Granatum Fruit Extract, Sodium Hyaluronate, Lycium Barbarum Fruit Extract, Porphyridium Cruentum Extract, Citrus Grandis (Grapefruit) Seed Extract, Tetrahexyldecyl Ascorbate, Fragrance, Erythrulose, & Xanthan Gum, Sodium Gluconate, Sodium Benzoate, Potassium Sorbate.",Mist liberally onto clean dry skin. Blend in sweeping motions using a tanning mitt.Thoroughly wash hands after use.
pimprod2050830,Tree Hut,Overnight Lip Mask,Lips,Lip Balms & Treatments,$9.99,Vanilla,https://media.ulta.com/i/ulta/2635639?w=100&h=100&fmt=auto,90 Reviews,"Benefits
This luxurious treatment ensures you wake up to soft, supple lips ready for the day ahead. Simply apply before bedtime and let the hydrating formula work its magic overnight
Use it alone or pair with Tree Hut Lip Scrub Stick and Tree Hut Lip Butter for the ultimate lip care routine
Tree Hut's Overnight Lip Mask is paraben-free, sulfate-free, contains no formaldehyde donors, and has a smooth, rich and non-sticky formula to create a protective barrier for supple lips when you wake up
Key Ingredients
Vanilla Extract contains antioxidants that can moisturize and soothe lips
Shea Butter is known to deeply moisturize, nourish and soften dry lips, while helping to promote elasticity
Vitamin E helps seal in moisture and strengthen the skin barrier","Diisostearyl Malate, Polyisobutene, Microcrystalline Wax, Hydrogenated Polydecene, Butyrospermum Parkii (Shea) Butter, Hydrogenated Polyisobutene, Euphorbia Cerifera (Candelilla) Wax, Polyethylene, Fragrance, Helianthus Annuus (Sunflower) Seed Oil, Olea Europaea (Olive) Fruit Oil, Cocos Nucifera (Coconut) Oil, Polyglyceryl-2 Triisostearate, Vanilla Planifolia Fruit Extract, Tocopherol, Tocopheryl Acetate, Water, Stevioside, CI 77492, CI 77491, 1,2-Hexanediol.","Apply generously onto lips. Leave on overnight. Wake up to soft, hydrated lips."
pimprod2048023,Good Molecules,Brightening & Dark Spots Bar,Cleansers,Face Wash,$8.00,3.0 oz,https://media.ulta.com/i/ulta/2630330?w=100&h=100&fmt=auto,51 Reviews,"Key Ingredients
2% Tranexamic and Kojic Acids work quickly together to help improve the appearance of skin spots and discoloration
Olive oil, Niacinamide, and antioxidant Chlorophyllin-Copper Complex help nourish and comfort the skin
Benefits
High foaming soap-free mild cleansers keep your skin fresh and residue-free","Hydrogenated Vegetable Oil, Sodium Cocoyl Isethionate, Aqua/Water/Eau, Polyglyceryl-4 Laurate, Glycerin, Tranexamic Acid, Kojic Acid, Olea Europaea (Olive) Fruit Oil, Vitis Vinifera (Grape) Seed Oil, Sodium Chloride, Niacinamide, Chlorophyllin-Copper Complex (CI 75810), Maltodextrin.",Wet the bar and massage into a creamy lather over your face and body. Rinse well and pat dry. For external use. Avoid contact with eyes.
pimprod2049520,Sun Bum,Original SPF 30 Sunscreen Lotion,Suncare,Sunscreen,$17.49,6.0 oz,https://media.ulta.com/i/ulta/2635199?w=100&h=100&fmt=auto,,"Benefits
Water Resistant (80 minutes)
Features
Gluten Free
Hawaii Act 104 Compliant: Made without Oxybenzone & Octinoxate
Key Ingredients
Vitamin E: An antioxidant that helps to neutralize free radicals, which are the main cause of premature skin aging","Active: Avobenzone 3%, Homosalate 5%, Octisalate 3%, Octocrylene 10%.
Inactive: Water, Butyloctyl Salicylate, Hydrated Silica, Vp/Hexadecene Copolymer, Styrene/Acrylates Copolymer, Dimethicone, Polyester-8, Caprylyl Methicone, Ethylhexyl Stearate, Trideceth-6, Glyceryl Stearate, Peg-100 Stearate, Fragrance, Sodium Polyacrylate, Behenyl Alcohol, Dimethyl Capramide, Ethylhexylglycerin, Trimethylsiloxysilicate, Xanthan Gum, Polyaminopropyl Biguanide, Tocopheryl Acetate, Bht, Disodium Edta, Methyisothiazolinone.","Dispense in hand and apply to body. Sun Bum recommends working from head to toe so you don't accidentally miss a limb. If you need help reaching your back, ask a friend - that's what they're for. Apply sunscreen liberally 15 minutes before sun exposure and allow it to absorb. Reapply at least every two hours. Apply more frequently after swimming/sweating, or after an aggressive towel dry. Always offer to share.
Precautions: For external use only. Do not use on damaged or broken skin. When using this product, keep out of eyes. Rinse with water to remove. Stop use and ask a doctor if a rash occurs. Keep out of reach of children. If swallowed, get medical help or contact a Poison Control Center immediately."
pimprod2004295,Fur,Ingrown Concentrate,Treatment & Serums,Body Treatments,$34.00,0.5 oz,https://media.ulta.com/i/ulta/2545156?w=100&h=100&fmt=auto,"1,036 Reviews","Benefits
Ingrown Concentrate works as a spot treatment on existing ingrowns; however, with daily use, it can also be a preventative measure against future irritation.
For those who choose to remove their body hair, it immediately soothes skin after hair removal and maintains skin health between sessions.
Rub a few drops of Ingrown Concentrate onto a rash to soothe any itchiness or irritation.
Apply Ingrown Concentrate onto scars to help lessen any hyperpigmentation that occurs.
Apply Ingrown Concentrate onto any discoloration that occurs after hair removal to help gradually tone the skin.
Dermatologically and gynecologically tested.
Free of phthalates, parabens, silicones, and artificial colors or fragrance.
Key Ingredients
Tamanu Oil, derived from the tamanu nut, is packed with moisturizing omega fatty acids to soften and soothe skin.
Coconut Oil deeply penetrates the hair follicles to soften trapped ingrown hairs, helping them easily slide out of the skin.
Research Results
In a clinical trial:
95% agreed that the product soothes irritation caused by hair removal and feeling of discomfort.
91% agreed that the product quickly absorbs.
86% agreed that the product softens skin and hair to help trapped hair out.","Ricinus Communis (Castor) Seed Oil, Vitis Vinifera (Grape) Seed Oil,Caprylic/Capric Triglyceride (Fractionated Coconut Oil),Carthamus Tinctorius (Safflower) Seed Oil, Prunus Amygdalus Dulcis (Sweet Almond) Oil, Simmondsia Chinensis (Jojoba) Seed Oil, Lavandula Angustifolia (Lavender) Oil, Salvia Sclarea (Clary Sage) Oil, Calophyllum Inophyllum (Tamanu) Seed Oil, Borago Officinalis (Borage) Seed Oil, Oenothera Biennis (Evening Primrose) Oil, D-Alpha Tocopheryl (Vitamin E), Bisabolol (Chamomile Extract), Melaleuca Alternifolia (Tea Tree) Leaf Oil, Linalool, D-Limonene, Geraniol.","For areas prone to redness, including pubic area, underarms, legs, brows, lip and chin. In the shower, use the finger mitt to exfoliate, focusing on ingrowns. Out of the shower, apply a few drops to bumps. For best results use daily, or more as needed. Hang mitt to dry, machine wash.
Precautions: Store in a cool place and keep out of direct sunlight. Avoid contact with eyes. For external use only. In rare instances of irritation, discontinue use."
pimprod2021479,e.l.f. Cosmetics,Holy Hydration! Makeup Melting Cleansing Balm,Cleansers,Cleansing Balms & Oils,$11.00,2.0 oz,https://media.ulta.com/i/ulta/2576049?w=100&h=100&fmt=auto,"12,743 Reviews","Benefits
Solid cleansing balm melts into a luxurious oil texture that melts away makeup
Easily removes makeup without stripping the skin
Leaves skin feeling silky smooth, plumped, & hydrated
Great for: dry, oil & combination skin
100% vegan & cruelty-free, e.l.f. is Leaping Bunny Certified
e.l.f. is proud to partner with Fair Trade USA and manufacture products in Fair Trade Certified facilities; look for the Fair Trade Certified seal on your e.l.f. product
Formulated Without
Sulfates
Phthalates
Parabens
Nonylphenol ethoxylates
Triclosan
Triclocarban
Hydroquinone","Cetyl Ethylhexanoate, Triethylhexanoin, PEG-20 Glyceryl Triisostearate, Hydrogenated Polydecene, Synthetic Wax, PEG-10 Isostearate, Palmitoyl Tripeptide-1, Palmitoyl Tetrapeptide-7, Ceramide NP, Ceramide AP, Ceramide EOP, Hydrolyzed Sodium Hyaluronate, Phytosphingosine, Glycerin, Butylene Glycol, Water (Aqua), Polysorbate 20, Carbomer, Xanthan Gum, Cholesterol, Sodium Lauroyl Lactylate, Phenoxyethanol, Ethylhexylglycerin, Caprylyl Glycol, Geraniol, Linalool, Fragrance (Parfum).
Ingredients may change or vary from time to time. Please refer to the packaging of the product you receive for the list of ingredients in your particular product.","Step 1: Scoop out a dime-sized amount of makeup melting balm with the included spatula and massage onto dry skin.
Step 2: Moisten fingertips and continue to massage into the skin using circular motions. For makeup removal, apply all over carefully ensuring eyes are closed and watch your makeup melt away!
Step 3: Rinse with water or remove with a warm damp cleansing cloth.
Pro Tip: To double cleanse for that extra-clean feeling, follow with your favorite e.l.f. cleanser, like Holy Hydration! Daily Cleanser.
Step 4: Use the Keep Your Balance Toner to remove any remaining impurities.
Step 5: Keep your skin hydrated and moisturized using the Holy Hydration! Face Cream.
Step 6: Hydrate under eyes with the Holy Hydration! Eye Cream."
pimprod2000717,Loving Tan,2 HR Express Self Tanning Mousse Medium,Suncare,Self-Tanning & Bronzing,$42.00,4.0 oz,https://media.ulta.com/i/ulta/2522594?w=100&h=100&fmt=auto,736 Reviews,"Benefits
Professional strength formula with results after one application
Easy, streak-free application every time
Natural olive color
Lasts up to 10 days with built-in moisturizer
Provides an instant bronze and develops into a deeper tan
Built in color guide
Wash off in just 2 hours
Quick drying in as little as 60 seconds
Pleasant refreshing fragrance
Quick and easy option for those with limited time
Best suited for Light to Medium skin tones
Key Ingredients
Aloe Vera to soothe and nourish the skin
Formulated Without
Parabens","Deionized Water, Dihydroxyacetone, Propylene Glycol, Ethoxydiglycol, Erythrulose, Witch Hazel, Decyl Glucoside, D Panthenol, Phenoxyethanol Ethyl Hexyl Glycerin, Julans Nigra (Black Wallnut Extract), Aloe Barbadensis Leaf Juice (Aloe Vera), Fragrance, Hydroxypropyl Methylcellulose, Sodium Bisulfite, FD & C Red 40 (CI 16035), Red 33 (CI 14700), Yellow 5 (CI 19140), Caramel, FD & C Blue 1 (CI 42090).","Apply moisturizer liberally to any dry areas including your hands, feet, ankles, wrists, knees and elbows. Pump a small amount of mousse onto your Loving Tan Applicator Mitt. Using circular motions, apply mousse directly to your body, blending as you go to ensure even coverage. Allow 60 seconds before dressing. Avoid perspiration or water for six hours while the tan develops. Finally, shower off after 2 hours to reveal a sexy, natural tan. For best results apply to clean, dry and exfoliated skin.
Precautions: This product does not contain sunscreen. Do not use on broken, irritated or sensitive skin. If irritation occurs, stop use and consult a doctor. For external use only. Avoid contact with eyes. This product may stain so avoid contact with light coloured fabrics furnishings or hair."
pimprod2012410,Tanologist,Face + Body Self Tan Drops,Suncare,Self-Tanning & Bronzing,$21.99,Medium,https://media.ulta.com/i/ulta/2560923?w=100&h=100&fmt=auto,"1,191 Reviews","Benefits
Clean, clear and 100% customizable puts you in total control of your glow
More drops = deeper glow
Can be used morning or night- you're good to glow whenever!
Tested by dermatologists = safe for sensitive skin
Non-comedogenic means no clogged pores
Vegan & cruelty free
Features
Flexible formulations in adaptable shades offer total customization of your tan.
Key Ingredients
Aloe Vera: Hydrates & soothes
Pink Grapefruit: Brightens
Goji Berry: Powerful antioxidant
Juniper: Evens skin tone","Aqua (Water), Dihydroxyacetone, Alcohol Denat. (SD Alcohol 40-B), Glycerin, Xanthan Gum, Hydrolyzed Soybean Fiber, Commiphora Mukul Resin Extract, Coleus Forskohlii Root Extract, Tocopheryl Acetate (Vitamin E Acetate), Ascorbic Acid, Erythrulose, Panthenol, Aloe Barbadensis Extract*, Calendula Officinalis Flower Oil*, Citrus Paradisi (Grapefruit) Fruit Extract*, Juniperus Communis Fruit Oil*, Lycium Barbarum Fruit Extract*, Punica Granatum Extract*, Polysorbate 80, Dipropylene Glycol, Triethylene Glycol, Ethylhexylglycerin, Sodium Metabisulfite, Parfum (Fragrance), Hexyl Cinnamal, Limonene, Linalool, Geraniol, Sodium Hydroxide, Phenoxyethanol.
*Organic Extracts.","Apply 1-12 drops to your favorite moisturizer depending on desired end result. More drops = Deeper tan. Mix together in the palm on your hand and apply to skin. Wash hands thoroughly after application.
Precautions: This product does not contain a sunscreen and does not protect against sunburn. Repeated exposure of unprotected skin while tanning may increase the risk of skin aging, skin cancer and other harmful effects to the skin even if you do not burn. Tanologist advises a patch test 24 hours before use. Do not apply on broken or irritated skin. Avoid contact with eyes. If reaction occurs, discontinue use/seek medical advice."
pimprod2050291,Clinique,Moisture Surge Active Glow Serum with Hyaluronic Acid,Treatment & Serums,Face Serums,$65.00,1.7 oz,https://media.ulta.com/i/ulta/2634657?w=100&h=100&fmt=auto,"1,124 Reviews","Benefits
All Skin Types.
Concern: Dry Skin.
A first-ever serum from Clinique’s Moisture Surge collection. Formulated with powerful actives.
Exfoliates: Clinically proven to promote skin’s natural cell turnover to reveal fresher, smoother skin. Exfoliation is known to help other ingredients absorb more easily.
Hydrates: Plumps up skin with a clinical increase in hydration.
Brightens: Helps boost skin’s glow.
Lightweight, milky texture.
Refreshing serum sinks right into skin. Layers well with moisturizer and under makeup.
Free of: Parabens, phthalates, oil, sodium lauryl sulfate, sodium laureth sulfate, and drying alcohol.
Dermatologist tested. Safe for sensitive skin. Tested on all skin tones. Allergy tested. 100% fragrance free.
Non-acnegenic.
Key Ingredients
5% lactic acid: Helps exfoliate dulling dead skin cells, helping actives to better sink in.
Hyaluronic acid: Moisture-binding ingredient helps infuse skin with plumping hydration.
Vitamin C: Powerful antioxidant helps brighten the look of skin.
Research Results
After one use:
94% show instantly smoother-feeling skin.*
97% show an instant boost in hydration.*
100% show an instant boost in radiance.*
Visibly improves skin texture, pore appearance, and fine, dry lines.
In 8 hours:
Clinically improves skin’s radiance.*
In 1 week:
93% say the product is gentle and non-irritating.**
90% say skin looks more hydrated.**
In 2 weeks:
95% say skin feels soothed with moisture.***
91% agree this product pairs well with my moisturizer.****
91% say skin looks healthier.***
90% show visibly improved skin texture.*****
*Clinical testing on 31 women after using the product once.
**Consumer testing on 165 women after 1 week of product use.
***Consumer testing on 165 women after 2 weeks of product use.
****Consumer testing on 105 women after 2 weeks of product use.
*****Clinical testing on 31 women after using the product for 28 days.","Water\Aqua\Eau, Glycerin, Lactic Acid, Octyldodecyl Myristate, Butylene Glycol, Bis-Peg-18 Methyl Ether Dimethyl Silane, Dimethicone, Ppg-24-Glycereth-24, Sodium Hydroxide, Hydrogenated Lecithin, Glycereth-26, Polysorbate 80, Sodium Hyaluronate, Caffeine, Aloe Barbadensis Leaf Water, C13-14 Isoparaffin, Sodium Polyaspartate, Trehalose, Sodium Stearoyl Glutamate, Glycyrrhetinic Acid, Sucrose, Laureth-7, Xanthan Gum, Dimethicone/Peg-10/15 Crosspolymer, Polyacrylamide, Tocopheryl Acetate, Magnesium Ascorbyl Phosphate, Bht, Disodium Edta, Phenoxyethanol, Potassium Sorbate, Mica, Titanium Dioxide (CI 77891), Iron Oxides (CI 77491).","Use morning and night on clean skin. Start with 3 drops, adding more if preferred.
Use sunscreen and limit sun exposure while using and the week after."
pimprod2052569,e.l.f. Cosmetics,Halo Glow Skin Tint Mineral SPF 50,Moisturizers,Tinted Moisturizer,$18.00,9 Medium Cool,https://media.ulta.com/i/ulta/2639503?w=100&h=100&fmt=auto,80 Reviews,"Benefits
Hydrating skin tint delivers light, buildable coverage with a natural dewy finish
Broad-spectrum mineral SPF 50 sun protection (UVA & UVB protection) with zero white cast
Lightweight, serum-like feel sinks into skin
Do-it-all skin tint: skincare, SPF 50 + coverage
Infused with niacinamide, plus bisabol & allantoin
Available in multiple flexible shades (6 shade families with 3 undertones each)
Non-comedogenic & dermatologist-tested
Water-resistant (80 minutes)
Recommended by The Skin Cancer Foundation as safe & effective sun protection
e.l.f. is double-certified cruelty-free by Leaping Bunny & PETA
e.l.f. is proud to partner with Fair Trade USA & manufacture products in Fair Trade Certified facilities; look for the Fair Trade Certified seal on your e.l.f. product
Key Ingredients
Zinc oxide (mineral SPF 50)
Niacinamide helps brighten skin tone
Bisabolol helps soothe skin
Formulated Without
Phthalates
Parabens
Nonylphenol ethoxylates
Triclosan
Triclocarban","9 Medium Cool: Active: Zinc Oxide 12%.
Inactive: Water, C12-15 Alkyl Benzoate, Lauryl PEG-8 Dimethicone, Tridecyl Salicylate, Isododecane, Propanediol, Butyloctyl Salicylate, Calcium Sodium Borosilicate, Dimethicone, Niacinamide, Caprylyl Methicone, C13-15 Alkane, Silica, Polyglyceryl-2 Dipolyhydroxystearate, Polyglyceryl-3 Polyricinoleate, Octyldodecyl Neopentanoate, Sodium Chloride, Disteardimonium Hectorite, Phenoxyethanol, Bisabolol, Lecithin, Caprylyl Glycol, Allantoin, Polyglyceryl-4 Diisostearate/Polyhydroxystearate/Sebacate, Ethylhexylglycerin, Hexylene Glycol, Aluminum Hydroxide, Hydrogenated Lecithin, Tetrasodium Glutamate Diacetate, Sodium Hydroxide. May Contain: Titanium Dioxide (CI 77891), Iron Oxides (CI 77491, CI 77492, CI 77499).
Ingredients may change or vary from time to time. Please refer to the packaging of the product you receive for the list of ingredients in your particular product.","Shake well
Apply skin tint using fingertips or e.l.f. Halo Glow Angled Silicone Sponge (sold separately)
Apply more to build to your preferred coverage level"
pimprod2045645,Naturium,Azelaic Topical Acid 10%,Treatment & Serums,Face Serums,$19.99,1.0 oz,https://media.ulta.com/i/ulta/2627282?w=100&h=100&fmt=auto,308 Reviews,"Benefits
Gently exfoliates
Helps reduce dark spots
Balances excess oil
Fragrance free
Vegan, paraben & cruelty free
Key Ingredients
High concentration of Glycinated Azelaic Acid, Niacinamide, Vitamin C and Coffee Seed Extract: minimizes skin imperfections such as congestion, redness, dullness and discoloration
Research Results
CLINICALLY PROVEN RESULTS*
100% of subjects showed improvement in exfoliation in 8 weeks*
82% of subjects showed reduced redness in 8 weeks*
*In an 8-week clinical study on subjects (women & men), representation across all skin types & self-perceived sensitive skin","Water, Propanediol, Potassium Azeloyl Diglycinate, Polyacrylate Crosspolymer-6, Niacinamide, Ethyl Ascorbic Acid, Caprylyl Glycol, Coffea Arabica (Coffee) Seed Extract, Sodium Hyaluronate, Phenylpropanol, Phenoxyethanol, Citric Acid, Potassium Chloride, Glycerin, Chlorphenesin, Tocopherol, Potassium Sorbate, Sodium Benzoate.","Shake well. Apply an even layer of the azelaic acid serum onto face, neck and chest, avoiding the eye area. For best results, follow with a moisturizer. If mild sensitivity or redness occurs, reduce frequency of use until skin adjusts. Wear SPF during the day. Patch test prior to use is advised.
If mild sensitivity or redness occurs, reduce frequency of use until skin adjusts. Wear SPF during the day. Patch test prior to use is advised."
pimprod2049163,Eucerin,Radiant Tone Daily Face Lotion SPF 30 Dark Spot Corrector,Suncare,Sunscreen,$32.99,1.7 oz,https://media.ulta.com/i/ulta/2634616?w=100&h=100&fmt=auto,560 Reviews,"Benefits
Helps minimize the look of persistent dark spots due to sun exposure, aging and imperfections
Moisturizer with SPF 30 Broad Spectrum sunscreen helps prevent dark spots from reappearing when used regularly
Features
Lightweight, non-sticky daily facial lotion
Suitable face moisturizer SPF 30 for all skin types, even sensitive skin
Key Ingredients
Formulated with Thiamidol, helps reduce the look of dark spots and with Broad Spectrum SPF 30 sunscreen, helps prevent their reappearance when used regularly","Active: Avobenzone 3% , Homosalate 8%, Octisalate 4.5%, Octocrylene 9%.\\Inactive: Water, Glycerin, Alcohol Denat., Glyceryl Stearate, Silica, Butylene Glycol Dicaprylate/Dicaprate, C12-15 Alkyl Benzoate, Cetearyl Alcohol, Dibutyl Adipate, Silica Dimethyl Silylate, Tocopherol, Isobutylamido Thiazolyl Resorcinol, Glycyrrhiza Inflata Root Extract, Sodium Stearoyl Glutamate, Glyceryl Behenate, Polyglyceryl-6 Octastearate, Xanthan Gum, Phenoxyethanol, Ethylhexylglycerin, Disodium EDTA, Sodium Chloride, Fragrance.","For sunscreen use, apply and use as directed on product Drug Facts box labeling, along with Sun Protection Measures. Limit the collective use of Radiant Tone skincare products to four times daily.
Precautions: Keep out of reach of children. For external use only. Avoid contact with eyes. Discontinue use if irritation occurs."
pimprod2049076,cocokind,Electrolyte Water Cream,Moisturizers,Face Moisturizer,$19.99,1.7 oz,https://media.ulta.com/i/ulta/2632910?w=100&h=100&fmt=auto,233 Reviews,"Benefits
Unique gel texture absorbs quickly with a shine-free, non-sticky finish
Optimized formula locks in lightweight, calming hydration
Visibly calms stressed, irritated skin and reduces redness
Helps replenish and maintain optimal moisture levels
Helps improve skin barrier strength and restores moisture balance to dehydrated skin
Dermatologist Tested and Clinically Tested for Sensitive Skin
Perfect for combo, oily, and blemish-prone skin, daytime skin prep, or anytime you want a weightless, smooth finish
Key Ingredients
Electrolyte Blend (magnesium PCA, zinc PCA, sodium PCA) Optimizes performance of the formula's hydrating ingredients and supports skin’s own natural moisturizing factors to balance moisture levels, support healthy skin barrier function, and defend against environmental stress.
Magnesium PCA: activates natural skin functions to revitalize dull, lackluster skin, while also supporting the skin barrier.
Zinc PCA: helps visibly calm stressed skin, reduce redness, and control oil.
Sodium PCA: helps balance skin’s hydration levels over time and keeps skin looking plump.
Beta Glucan: Delivers hydration that can outperform many forms of hyaluronic acid and supports optimal skin barrier function
Glycerin: Powerful humectant draws in moisture helping to hydrate, soften, and soothe skin's appearance.
Microalgae peptides: Sustainably cultivated, helps protect sensitive skin from signs of stress and redness.","Water/Eau, Glycerin, Propanediol, Coco-Caprylate/Caprate, Caprylic/Capric Triglyceride, Sodium Acrylates Copolymer, Pentylene Glycol, Magnesium Pca, Sodium Pca, Zinc Pca, Manganese Pca, Beta-Glucan, Chlamydomonas Extract, Sea Water (Maris Aqua) (Eau De Mer), Ceramide Np, Lecithin, Caprylyl Glycol, Glyceryl Acrylate/Acrylic Acid Copolymer, Maltodextrin, Aloe Barbadensis Flower Extract, Curcuma Longa (Turmeric) Root Extract, Solanum Melongena (Eggplant) Fruit Extract, Ocimum Basilicum (Basil) Flower/Leaf Extract, Coccinia Indica Fruit Extract, Melia Azadirachta Leaf Extract, Melia Azadirachta Flower Extract, Corallina Officinalis Extract, Ocimum Sanctum Leaf Extract, Ethylhexylglycerin.","Dispense 2-3 pumps onto clean skin and gently massage over the face and neck. Cream can be used in the morning and/or evening to soften, plump, and revitalize skin."
pimprod2007113,The Ordinary,Natural Moisturizing Factors + Hyaluronic Acid Daily Moisturizer,Moisturizers,Face Moisturizer,$14.00,3.3 oz,https://media.ulta.com/i/ulta/2551163?w=100&h=100&fmt=auto,"2,175 Reviews","Benefits
Replenishes lost moisture
Maintains healthy-looking skin
Provides enhanced barrier support
PH 6.50 - 7.00
Key Ingredients
Hyaluronic acid
Triglycerides
Ceramides
Formulated Without
Fragrance
Alcohol
Gluten
Nuts
Oil
Silicone
Parabens
Sulfates
Mineral Oil
Methylchloroisothiazolinone
Methylisothiazolinone
Animal Oils
Coal Tar Dyes
Formaldehyde
Mercury
Oxybenzone","Aqua (water), Caprylic/capric Triglyceride, Cetyl Alcohol, Propanediol, Stearyl Alcohol, Glycerin, Sodium Hyaluronate, Arginine, Aspartic Acid, Glycine, Alanine, Serine, Valine, Isoleucine, Proline, Threonine, Histidine, Phenylalanine, Glucose, Maltose, Fructose, Trehalose, Sodium Pca, Pca, Sodium Lactate, Urea, Allantoin, Linoleic Acid, Oleic Acid, Phytosteryl Canola Glycerides, Palmitic Acid, Stearic Acid, Lecithin, Triolein, Tocopherol, Carbomer, Isoceteth-20, Polysorbate 60, Sodium Chloride, Citric Acid, Trisodium Ethylenediamine Disuccinate, Pentylene Glycol, Triethanolamine, Sodium Hydroxide, Phenoxyethanol, Chlorphenesin.","The Ordinary recommends performing a patch test prior to incorporating a new product into your skin care routine.
Apply after serums as needed for effective surface hydration."
pimprod2045568,The Ordinary,"Squalane + Amino Acids Hydrating Lip Balm for Lips, Elbows, and Cuticles",Lips,Lip Balms & Treatments,$9.50,0.50 oz,https://media.ulta.com/i/ulta/2626327?w=100&h=100&fmt=auto,856 Reviews,"Benefits
Significantly improves appearance of dryness on the lips immediately after use
Instant Hydration
Soften Lips
Conditions Dry Lips
Key Ingredients
Squalane
Amino Acids","Squalane, Sorbitan Olivate, Aqua (Water), Trihydroxystearin, Betaine, Jojoba Esters, Helianthus Annuus Seed Wax, Sodium Pca, Pca, Serine, Alanine, Arginine, Proline, Glycine, Glutamic Acid, Lysine Hcl, Threonine, Sodium Lactate, Adansonia Digitata Seed Oil, Caprylic/Capric Triglyceride, Acacia Decurrens Flower Wax, Polyglycerin-3, Hydroxymethoxyphenyl Decanone, Tocopherol, Calcium Gluconate, Gluconolactone, Sodium Benzoate.","Apply to lips, cuticles, and elbows as needed."
pimprod2043280,Sun Bum,Daily 50 Body Lotion,Suncare,Sunscreen,$23.99,8.0 oz,https://media.ulta.com/i/ulta/2619925?w=100&h=100&fmt=auto,187 Reviews,"Benefits
For All Skin Types, Broad Spectrum Protection, Dermatologist Tested, Paraben Free, Hawaii Act 104 Reef Compliant.
Key Ingredients
Antioxidants & Vitamin E
Formulated Without
Sulfates
Parabens
Oxybenzone
Octinoxate","Active: Avobenzone 3%, Homosalate 8%, Octisalate 5%, Octocrylene 9%.
Inactive: Water, Butyloctyl Salicylate, Polymethylsilsesquioxane, Fragrance, Acrylates/C10-30 Alkyl Acrylate Crosspolymer, Acrylates/Polytrimethylsiloxymethacrylate Copolymer, Aminomethyl Propanol, Ethylhexylglycerin, Glycerin, Isododecane, Lysolecithin, Phenoxyethanol, Polyglyceryl-6 Behenate, Polyglyceryl-6 Stearate, Pongamia Pinnata Seed Extract, Propanediol, Pullulan, Sclerotium Gum, Silica, Sodium Polyacrylate, Tetrahexyldecyl Ascorbate, Tocopherol, Trisodium Ethylenediamine Disuccinate, Xanthan Gum.","Dispense Daily 50 Body Lotion into hands and apply liberally all over body 15 minutes before sun exposure. Reapply every 80 minutes and more frequently after swimming/sweating, or towel drying.
Precautions: For external use only. Do not use on damaged or broken skin. When using this product keep out of eyes. Rinse with water to remove. Stop use and ask a doctor if rash occurs.Keep out of reach of children. If swallowed, get medical help or contact a Poison Control Center immediately."
pimprod2040491,Lancôme,Rénergie Lift Multi-Action Ultra Eye Cream,Eye Treatments,Eye Cream,$85.00,0.5 oz,https://media.ulta.com/i/ulta/2612982?w=100&h=100&fmt=auto,945 Reviews,"Features
Rénergie Lift Multi-Action Ultra Eye Cream - Dark Circle Correcting Eye Cream with Hyaluronic Acid & Caffeine is a silky, anti-aging eye cream that visibly reduces dark circles, depuffs eye bags, and smooths fine lines for re-hydrated, younger-looking eyes
Infused with Hyaluronic Acid, Caffeine, Linseed Extract and Cocoa Seed Butter, the creamy formula melts onto skin to instantly smooth and fill the delicate eye area with all-day hydration
Visibly revitalized, skin looks more radiant and tighter, as if lifted after a good night's sleep
Benefits
Clinical Dark Circle Efficacy Assessed by Dermatologist*:
Clinically proven to reduce the visibility and color intensity of dark circles.
*Based on expert grading in an 8-week clinical study.
In 8-week consumer self-assessment tests on 61 women:
After 1 use: women said that they didn't feel they needed to use as much under-eye concealer.
After 2 weeks: women said skin felt firmer and looked healthier with less visible dark circles.
After 1 jar: women said skin looked younger, with signs of fatigue visibly reduced.
Suitable for all skin types and sensitive eyes. Dermatologist-tested and ophthalmologist-tested for safety.
Key Ingredients
Hyaluronic Acid - known for its ability to enhance moisture retention and skin hydration, and to help strengthen skin's moisture barrier functions
Caffeine - known for its ability to help reduce the appearance of under-eye bags, puffiness and dark circles, and to help support antioxidant protection against free radicals, which can cause skin damage
Linseed Extract - known for its anti-aging properties and abilities to help reduce signs of aging linked to collagen loss, including helping to: reduce wrinkles and increase firmness","Aqua / Water / Eau, Theobroma Cacao Seed Butter / Cocoa Seed Butter, Dimethicone, Glycerin, Isohexadecane, Propanediol, Alcohol Denat., Glyceryl Stearate, PEG-20 Stearate, PEG/Ppg/Polybutylene Glycol-8/5/3 Glycerin, Stearic Acid, PEG-100 Stearate, Palmitic Acid, Octyldodecanol, Ci 77891 / Titanium Dioxide, Ci 16035 / Red 40, C13-14 Isoparaffin, Guanosine, Mica, Secale Cereale Seed Extract / Rye Seed Extract, Sodium Acetylated Hyaluronate, Hydrolyzed Soy Protein, Hydrolyzed Linseed Extract, Sodium Hydroxide, Sodium Benzoate, Phenoxyethanol, Adenosine, Acetyl Tetrapeptide-9, Caffeine, Trisodium Ethylenediamine Disuccinate, Polyacrylamide, Dimethiconol, Limonene, Pentylene Glycol, Pentaerythrityl Tetra-Di-T-Butyl Hydroxyhydrocinnamate, Tin Oxide, Benzyl Alcohol, Caprylyl Glycol, Capryloyl Salicylic Acid, Myristic Acid, Geraniol, Laureth-7, Parfum / Fragrance.","Use daily, in the morning and at night, on a cleansed and makeup-free face after using your eye serum, and before using your face serum and facial moisturizer.
How to Apply: Gently dab a pea-sized amount of the cream along the lower eye contours (under-eye area), then smooth the cream all around the eye area using light strokes, from the inner to outer corners of the eyes, until the cream is completely absorbed.
Pro Tip: Target signs of aging and fatigue with a Re-Energizing Eye Massage: After applying the eye cream, form a small ""peace sign"" by placing your index and middle fingers on each side of your eyebrow, then press and lift the eyes by using light pressure to slide your fingers from the base of your eyebrows to the tip. Repeat this step 3 times. Then, help depuff and correct the appearance of dark circles by using your ring finger to gently tap along the lower eye contour from the inner corner to the temples.
Follow with: Rénergie Lift Multi-Action Ultra Cream SPF 30 or Rénergie Lift Multi-Action Ultra Oil-Free Lotion SPF 30."
pimprod2043784,Good Molecules,Vitamin C Serum with Oryzanol,Treatment & Serums,Face Serums,$14.00,1.0 oz,https://media.ulta.com/i/ulta/2620833?w=100&h=100&fmt=auto,72 Reviews,"Key Ingredients
Two forms of advanced Vitamin C (Ascorbyl Glucoside and Magnesium Ascorbyl Phosphate) at 8.0% to help prevent early skin aging signs and improve the overall skin appearance.
1.0% Kojic Acid Ester to help even the skin tone and fade the appearance of sunspots.
1.0% Oryzanol, a powerful antioxidant found in rice bran oil, helps to boost Vitamin C and promotes a brighter complexion.","Water, Propanediol, Ascorbyl Glucoside, Maranta Arundinacea Root Extract, Magnesium Ascorbyl Phosphate, Caprylic/Capric Triglyceride, Sodium Citrate, Sorbitan Olivate, Cetearyl Olivate, Oryzanol, Kojic Dipalmitate, Butylene Glycol, Cetyl Palmitate, Sorbitan Palmitate, Sodium Hydroxide, Sclerotium Gum, Acacia Senegal Gum, Caprylyl Glyceryl Ether, Xanthan Gum, Hydroxyacetophenone, Tocopheryl Acetate, Citric Acid, Caprylhydroxamic Acid, Sclerocarya Birrea Seed Oil, Bisabolol, Hydrolyzed Rice Extract, Glycolipids.","Apply a few pumps in the morning or at night before oils, creams, and moisturizers. Suitable for daily use.
Precautions: Layering with other acids (AHAs, BHAs) and retinoids may heighten skin sensitivity - discontinue use or adjust your routine. Wear SPF during the daytime. For external use. Avoid contact with eyes."
pimprod2043759,PEACH & LILY,Ultra Plush Rich Cream,K-Beauty,,$45.00,1.69 oz,https://media.ulta.com/i/ulta/2620276?w=100&h=100&fmt=auto,103 Reviews,"Benefits
Deeply relieves and quenches dry skin with an instant flood of moisture
Clinically proven to deliver 100 hours of hydration*
Transforms tight, flaky skin to soft, dewy skin with luxe nutrients and lipids
Supports the hydrolipid barrier and seals moisture deep within skin for an Ultra Plush glow
Replenishes moisture reservoirs (Aquaporins) and supports natural moisturizing factors
100% Worry Free: Peach & Lily formulas are non-toxic, alcohol-free, fragrance-free, & gluten-free
Key Ingredients
Aquaporin Boosters + Polyglutamic Acid: intelligently boost skin's moisture reservoirs for deep, long-lasting hydration
5% Glycerin + 5 Hyaluronic Acids: floods skin with moisture
Red Ginseng: rejuvenates dull, tired skin and fights signs of aging
Marula, Rosehip and Babassu Oil Blend: nourishes, protects and supports the lipid barrier
Tremella: celebrated for binding up to 500 times its weight in water, sinks in deep and imparts radiance from within
Research Results
Significantly increases skin hydration instantly*
Delivers 100 hours of hydration*
Improves the skin barrier within minutes*
*Based on instrumental clinical study by expert clinical graders","Water, Butylene Glycol, Glycerin, Hydrogenated Polyisobutene, Caprylic/Capric Triglyceride, Hydrogenated Polydecene, Cetearyl Alcohol, 1,2-Hexanediol, C10-18 Triglycerides, Polyglyceryl-3 Methylglucose Distearate, Cetyl Ethylhexanoate, Butyrospermum Parkii (Shea) Butter, Phytosphingosine, Squalane, Polyglutamic Acid, Panax Ginseng (Red Ginseng) Root Extract, Orbignya Oleifera Seed Oil, Sclerocarya Birrea Seed Oil, Limnanthes Alba (Meadowfoam) Seed Oil, Rosa Canina Fruit Oil, Panthenol, Sodium PCA, Hydrolyzed Hyaluronic Acid, Hydrolyzed Sodium Hyaluronate, Glucose, Hyaluronic Acid, Sodium Hyaluronate, Ceramide NP, Xylityglucoside, Anhydroxylitol, Xylitol, Arginine, Methionine, Cysteine, Palmitic Acid, Houttuynia Cordata Extract, Tremella Fuciformis (Mushroom) Extract, Hydrogenated Lecithin, Sodium Hyaluronate Crosspolymer, Phytosteryl Macadamiate, Adansonia Digitata Seed Extract, Sophora Angustifolia Root Extract, Punica Granatum Fruit Extract, Prunus Serotina (Wild Cherry) Fruit Extract, Vaccinium Macrocarpon (Cranberry) Fruit Extract, Portulaca Oleracea Extract, Lens Esculenta (Lentil) Fruit Extract, Malus Domestica Fruit Extract, Citrullus Lanatus (Watermelon) Fruit Extract, Gardenia Florida Fruit Extract, Stearic Acid, Cetearyl Olivate, Cetearyl Glucoside, Sorbitan Isostearate, Sorbitan Olivate, Glyceryl Stearate SE, Ethylhexyl Palmitate, Pentylene Glycol, Polyglyceryl-10 Laurate, Dextrin,Hydroxyethyl Acrylate/Sodium Acryloyldimethyl Taurate Copolymer, Polyacrylate-13, Carbomer, Ethylhexylglycerin, Caprylyl Glycol.","Massage onto clean skin as your moisturizer step. Use daily, AM and PM. For best results, apply after Super Oasis Concentrated Serum.
For external use only. Avoid contact with eyes. Keep out of reach of children. Store in a cool, dry place."
pimprod2022421,Clinique,All About Clean 2-in-1 Face Cleansing + Exfoliating Jelly Cleanser with Salicylic Acid,Cleansers,Cleansing Exfoliators,$30.00,5.0 oz,https://media.ulta.com/i/ulta/2576542?w=100&h=100&fmt=auto,144 Reviews,"Benefits
All Skin Types
Two-in-one gel face wash formula with two kinds of exfoliants: salicylic acid and bamboo beads
Designed to be more powerful than a cleanser alone, yet is gentle enough for everyday use
Leaves skin feeling smooth and refreshed with a radiant glow
Key Ingredients
Salicylic Acid: Powerful exfoliant helps clear dead skin cells that can contribute to clogged pores
Silica Beads and Bamboo Powder: Physical exfoliants aid in the removal of dead surface skin cells
Features
Dermatologist tested
Paraben-free, phthalate-free
Allergy tested, 100% fragrance free
More sustainable packaging:
150ml is made with minimum 55% post-consumer recycled material and 22% plant-derived plastic 30ml is made with minimum 47% post-consumer recycled material and 30% plant-derived plastic
Caps are 25% post-consumer recycled material","Water\Aqua\Eau, Glycerin, Sodium Laureth Sulfate, Silica, Acrylates Copolymer, Lauramidopropyl Betaine, Butylene Glycol, Sucrose, Cocamidopropyl Hydroxysultaine, Sodium Hyaluronate, Bambusa Arundinacea (Bamboo) Stem Extract, Laminaria Saccharina Extract, Carica Papaya (Papaya) Fruit Extract, Caffeine, Palmitoyl Tetrapeptide-7, Palmitoyl Tripeptide-1, Acetyl Glucosamine, Sodium Coco Pg-Dimonium Chloride Phosphate, Salicylic Acid, Laureth-2, Disodium Cocoyl Glutamate, Sodium Cocoyl Glutamate, Polysorbate 20, Sodium Chloride, Carbomer, Citric Acid, Sodium Sulfate, Monosodium Citrate, Sodium Hydroxide, BHT, EDTA, Disodium EDTA, Phenoxyethanol.
Please be aware that ingredient lists may change or vary from time to time. Please refer to the ingredient list on the product package you receive for the most up-to-date list of ingredients.","Wet face and hands.
Dispense dime sized amount of face cleanser into hands.
Work into a lather and massage over skin.
Rinse well several times with lukewarm water.
Avoid eye area.
Follow with Moisture Surge 100H Auto-Replenishing Hydrator Moisturizer"
pimprod2023938,Good Molecules,Caffeine Energizing Hydrogel Eye Patches,Self Care & Wellness,Spa Essentials,$18.00,30 pair,https://media.ulta.com/i/ulta/2582317?w=100&h=100&fmt=auto,601 Reviews,"Key Ingredients
1% Caffeine - helps to energize, firm, and reduce puffiness for brighter, more youthful-looking eyes.
Licorice Extract, Peptides, & Aloe Vera - work to brighten dark circles and plump the appearance of fine lines and wrinkles.
Hydrogel Technology - delivers moisturizing and firming ingredients into the delicate skin of the eye contour.","Water, Glycerin, Niacinamide, Carrageenan, Caffeine, Acetyl Tetrapeptide-5, Ceratonia Siliqua (Carob) Gum, Cyamopsis Tetragonoloba (Guar) Gum, Cellulose Gum, Ricinus Communis (Castor) Seed Oil, Glucomannan, Allantoin, Sodium Hyaluronate, Astragalus Membranaceus Root Extract, Glycyrrhiza Uralensis (Licorice) Root Extract, Camellia Sinensis Leaf Extract, Aloe Barbadensis Leaf Juice, Butylene Glycol, Calcium Lactate, Sucrose, Calcium Chloride, Potassium Chloride, Arginine, Phenoxyethanol, Sodium Benzoate, 1,2-Hexanediol, Caprylyl Glycol, Polyglyceryl-4 Caprate.","Apply to clean, dry skin. Leave on for 10-15 minutes. Gently remove and massage any remaining serum into skin. Suitable for daily use. Can be used under the eyes, on frown lines, or anywhere your skin could use an energizing pick-me-up."
pimprod2049919,Peter Thomas Roth,Peptide Skinjection Fill + Fix Under-Eye Cream,Eye Treatments,Eye Cream,$45.00,0.5 oz,https://media.ulta.com/i/ulta/2635700?w=100&h=100&fmt=auto,320 Reviews,"Benefits
Provides a filler effect and is clinically proven to improve the look of volume and fine lines*
Key Ingredients
4% Peptilift Peptide Technology: peptide technology that helps lift and fill the look of fine lines
3% Juveneye CLR: clinically advanced plant complex that brightens the look of dark circles
Hyaluronic Acid Filling Spheres, Illuminating Minerals, and Caffeine: smooth the look of under-eye dryness and puffiness
Research Results
Clinically proven to improve the look of volume and fine lines*
Users agree this product is a great alternative to filler and invasive treatments**
Users agree concealer applies smoothly over this product**
After just 1 use, users agree:
Eye area appears smooth, refreshed and hydrated**
Eye area appears bright, less tired and firm**
After 4 weeks, users agree:
Under-eye area looks rejuvenated**
Under-eye volume appears restored and dark circles look less noticeable**
Under-eye area appears plump and less sunken**
*Based on a 1-week clinically measured study on 45 women ages 29 to 65.
**Based on a 4-week consumer perception study on 45 women ages 29 to 65.","Water/aqua/eau, Dimethicone, Butylene Glycol, Cetyl PEG/PPG-10/1 Dimethicone, Glycerin, Polysilicone-11, Bellis Perennis (daisy) Flower Extract, PEG/PPG-18/18 Dimethicone, Sh-pentapeptide-5, Hieracium Pilosella Extract, Caffeine, Sodium Hyaluronate, Potassium Glutathione Isomerized Linoleate, Glucomannan, Sodium Chloride, Silica, Silica Silylate, Sodium Citrate, Citric Acid, Trihydroxystearin, Ethylhexyl Palmitate, Lauryl Glucoside, Sodium Benzoate, Ethylhexylglycerin, Potassium Chloride, Tetrasodium Glutamate Diacetate, Propylene Glycol, Decyl Glucoside, Trisiloxane, Potassium Sorbate, Sodium Dehydroacetate, 1,2-hexanediol,mica, Triethoxycaprylylsilane, Titanium Dioxide / CI 77891, Iron Oxides / CI 77492, Iron Oxides / CI 77491, Iron Oxides / CI 77499, Phenoxyethanol.",Squeeze out a small amount. Use cooling metal tip to gently spread and massage onto under-eye area until absorbed. Lightly pat any excess into skin with ring finger. Use alone or under concealer.
pimprod2051253,Sol de Janeiro,Rio Radiance SPF 50 Body Spray,Suncare,Sunscreen,$32.00,6.7 oz,https://media.ulta.com/i/ulta/2637265?w=100&h=100&fmt=auto,459 Reviews,"Benefits
Protects skin with UVA/UVB broad spectrum SPF 50
Water resistant for up to 40 minutes
Hydrates with a natural sheen
Helps to even skin tone
Looks beautiful on all skin tones with no white cast
Key Notes
Top: Leite de coco, warm sand
Mid: Solar tuberose, ylang ylang
Dry: Creamy vanilla, amber essence
Formulated Without
Oxybenzone & octinoxate
Mineral oil
Parabens
Phthalates
Non aerosol technology","Active Ingredients: Avobenzone (3.00%) . . . . . . . . . Sunscreen Octisalate (5.00%) . . . . . . . . . . . Sunscreen Octocrylene (9.00%) . . . . . . . . . Sunscreen
Inactive Ingredients: Acrylates/Octylacrylamide Copolymer, Alcohol Denat., Bisabolol, Butyloctyl Salicylate, Capryloyl Glycerin/Sebacic Acid Copolymer, Cocos Nucifera (Coconut) Water, Diheptyl Succinate, Ethyl Ferulate, Ethylhexyl Methoxycrylene, Eugenia Uniflora Fruit Extract, Leuconostoc/Radish Root Ferment Filtrate, Niacinamide, Parfum (Fragrance), Polyester-8, Pongamia Pinnata Seed Extract, Potassium Sorbate, Sodium Benzoate, Benzyl Salicylate, Citronellol, Limonene.","Shake well before use and apply liberally 15 minutes before sun exposure.Reapply at least every two hours or after swimming or sweating.Mist evenly onto skin, holding bottle four to six inches away, and massage in.Pro tip: Spray with the nozzle facing up or down to protect hard-to-reach areas."
pimprod2033019,Vacation,Classic Whip SPF 30 Sunscreen Mousse,Suncare,Sunscreen,$22.00,4.0 oz,https://media.ulta.com/i/ulta/2596247?w=100&h=100&fmt=auto,651 Reviews,"Benefits
Broad spectrum SPF 30 protection against the sun's harmful UVA and UVB rays
Nostalgic ""tilt valve: actuator
Manufactured in the USA
Key Ingredients
Coconut Oil - A lightweight, natural hydrator to combat the drying effects of the summer sun
Aloe Vera - A naturally-occurring cocktail of antioxidants that soothe and hydrate sun-kissed skin
Banana Extract - A hydrating and skin-refining touch of the tropics
Shea Oil - A rich, emollient oil to help keep skin feeling soft and smooth
Vitamin E - A vitamin renowned for its ability to replenish sun-exposed skin
Formulated Without
Oxybenzone, Octinoxate, Parabens, Phthalates, PEGs, Beeswax, Mineral Oil","Active: Homosalate (7.5%), Octocrylene (5%), Octisalate (5%), Avobenzone (3%).
Inactive: Aloe Barbadensis (Aloe Vera) Leaf Juice, Aminomethyl Propanol, Butyloctyl Salicylate, Cocos Nucifera (Coconut) Oil, Dimethicone, Ethylhexylglycerin, Fragrance, Glycerin, Microcrystalline Cellulose, Musa Sapientum (Banana) Fruit Extract, Niacinamide (VitaminB3), VP/Hexadecene Copolymer, Phenoxyethanol, Polymethylsilsesquioxane, Polysorbate 20, SodiumHyaluronate, Stearic Acid, Tapioca Starch, Tetrafluoropropene, Tetrasodium Glutam.","Dispense a ping pong ball sized amount and apply to a single area (arm, leg, chest, or back). Repeat up to 4 times (roughly a tennis ball sized amount) for full body application. Do not spray product directly on face. Spray onto hands and rub onto face. Reapply after 80 minutes of swimming or sweating or immediately after towel-drying. Reapply at least every two hours.
Precautions: For external use only. Do not use on damaged or broken skin. Keep away from the eyes. Rinse with water to remove. If a rash develops, stop use and seek medical attention. Keep out of reach of children. In case of ingestion, seek medical attention or contact a Poison Control Center right away."
pimprod2039548,Beekman 1802,Mini Milk Shake Hyaluronic Acid & Squalane Facial Toner Mist,Moisturizers,Face Mists & Essences,$20.00,2.0 oz,https://media.ulta.com/i/ulta/2611431?w=100&h=100&fmt=auto,662 Reviews,"Benefits
Instantly tones and hydrates skin
2-in-1 treatment that works to keep skin both hydrated and balanced all day long
Prevents trans epidermal water loss and protects skin barrier without clogging pores
Helps to relieve redness and irritation
Safe for sensitive skin
2022 Allure Best of Beauty Skin Award Winner
Convenient travel size so you can take a shake break any time, any place
Key Ingredients
Mugwort is an ancient super herb & proven adaptogen that relieves stress and redness - Using mugwort as an astringent instead of alcohol makes Beekman 1802's mist safe for sensitive skin
Goat Milk & Probiotic Extract feed and nourish the skin's microbiome to keep it balanced
Jojoba Oil is a natural occlusive that creates a physical barrier on the skin, helping to lock in moisture and hydration
Plant-derived Squalane is an emollient that prevents trans epidermal water loss and protects the skin while being non-comedogenic, meaning that it won't clog pores
Research Results
Proven for 8 hours of hydration
+111% increase in hydration after 8 hours
+45% increase in hydration after 1 use","Water (Aqua), Ethylhexyl Palmitate, Caprylic/Capric Triglyceride, Coco-Caprylate/Caprate,1,2-Hexanediol, Simmondsia Chinensis (Jojoba) Seed Oil, Caprae Lac (Goat Milk), Colostrum, Bifida Ferment Lysate, Lactose, Milk Protein, Artemisia Capillaris (Mugwort) Extract, Hyaluronic Acid, Squalane, Aloe Barbadensis Leaf Water, Eryngium Alpinum (Blue Thistle) Flower Extract, Chamomilla Recutita (Matricaria) Flower Extract, Honey Extract, Hippophae Rhamnoides (Sea Buckthorn) Oil, Symphytum Officinale (Comfrey) Leaf Extract, Hydrolyzed Jojoba Esters, Glycerin, Sodium Chloride, Hydroxyacetophenone, Pentaerythrityl Tetra-di-I-butyl, Hvdroxvhvdrocinnamate, Ethylhexylglycerin, Propanediol, Tocopherol, Whey Protein, C10-18 Triglycerides, Lecithin. . . and Kindness.","SHAKE WELL TO ACTIVATE. Shake the bottle generously before spraying. Reapply throughout the day for an instant refresh. Milk Shake Mini is the perfect go-anywhere size for a shake break at work, at the gym, on a plane...wherever you need it!"
pimprod2043259,belif,The True Cream - Aqua Bomb Hydrating Moisturizer,Moisturizers,Face Moisturizer,$38.00,1.69 oz,https://media.ulta.com/i/ulta/2619876?w=100&h=100&fmt=auto,209 Reviews,"Key Ingredients
Hyaluronic Acid: delivers intense hydration to the skin
Niacinamide: helps gently exfoliate dead skin cells
Squalane: helps stabilize the skin's moisture barrier and maintain skin hydration
Napiers Original Formula: an herbal formula that helps the skin feel fresh and hydrated
Napiers Aqua Formula: an herbal formula that recharges moisture to the skin
Research Results
231.4% instant increase in skin hydration level*
Delivers deep hydration to the skin 10 layers deep in just 10 seconds after application**
Climate Proof: tested in 4 different climate conditions delivering the same hydration benefits
100% agreed that skin was hydrated immediately and visibly replenished the skin***
100% agreed that it feels like the skin's hydration level has increased***
100% felt that hydration was delivered to the skin***
100% agreed that skin appeared plumper due to hydration***
Targets: Dryness, Dullness,, Uneven Texture
Formulation: Lightweight Gel
Lightweight, fast-absorbing gel moisturizer formulated with two Napiers formulas, Hyaluronic Acid, and Niacinamide to provide a refreshing ""drink of water"" to dull, dry skin and deliver deep and fast hydration to 10 layers of the skin in just 10 seconds of application**
Dermatologically tested
Skin Types: Normal, Combination, Dry, Oily
*Based on a clinical test
**Based on clinical testing of tape stripping skin layers and stripped skin instrumental study
***Based on a survey of 30 subjects
Formulated Without
Mineral Oil
Synthetic Fragrances
Synthetic Colors
Synthetic Preservatives","Water/Eau, Dipropylene Glycol, Glycerin, Methyl Trimethicone, Alcohol Denat., Dimethicone, Cyclopentasiloxane, 1,2-Hexanediol, Caprylic/Capric Triglyceride, Peg/Ppg/Polybutylene Glycol-8/5/3 Glycerin, Pentaerythrityl Tetraethylhexanoate, Avena Sativa (Oat) Kernel Extract*, Calendula Officinalis Flower Extract*, Nepeta Cataria Extract*, Rubus Idaeus (Raspberry) Leaf Extract*, Baptisia Tinctoria Root Extract*, Stellaria Media (Chickweed) Extract***, Alchemilla Vulgaris Leaf Extract**, Equisetum Arvense Leaf Extract**, Urtica Dioica (Nettle) Leaf Extract**, Sodium Hyaluronate, Niacinamide, Polymethylsilsesquioxane, Panthenol, Peg-150, Pentaerythrityl Tetraisostearate, Phenyl Trimethicone, Hydroxyethyl Acrylate/Sodium Acryloyldimethyl Taurate Copolymer, Carbomer, Tromethamine, Squalane, Peg-40 Hydrogenated Castor Oil, Dimethiconol, Acrylates/C10-30 Alkyl Acrylate Crosspolymer, C14-22 Alcohols, Polysorbate 60, Butylene Glycol, Macadamia Ternifolia Seed Oil, Malachite Extract, Triethylhexanoin, Trisodium Edta, Arachidyl Glucoside, Butyrospermum Parkii (Shea) Butter, Hydrogenated Lecithin, Sorbitan Isostearate, Glyceryl Stearate, Stearic Acid, Ceramide Np, Cholesterol, Peg-100 Stearate, Rosmarinus Officinalis (Rosemary) Leaf Oil***, Citrus Aurantifolia (Lime) Oil ***, Pelargonium Graveolens Flower Oil ***, Citrus Aurantium Dulcis (Orange) Peel Oil ***, Citral , Citronellol , Limonene, Geraniol, Linalool.
*Napiers Original Formula
**Napiers Aqua Formula
***Fragrances Of Botanical Origin","After cleansing and toner, apply dime-sized or desired amount to face in a gentle patting motion.
Can be used daily, morning and night."
pimprod2039887,Drunk Elephant,B-Goldi Bright Drops with Niacinamide,Treatment & Serums,Face Serums,$39.00,1.0 oz,https://media.ulta.com/i/ulta/2610310?w=100&h=100&fmt=auto,683 Reviews,"Benefits
Illuminates dull skin without sparkle or glitter
Fades hyperpigmentation, dark spots, and post-breakout marks, improving skin's clarity
Dermatologist Tested
Formulated without the Suspicious 6, the six ingredients Drunk Elephant believes are at the root of almost every skin issue (essential oils, drying alcohols, silicones, chemical sunscreens, fragrances/dyes, and SLS)
2024 Allure Reader's Choice Award Winner: Skin Breakthrough Award
Key Ingredients
5% Niacinamide: Aka vitamin B3, niacinamide helps improve signs of aging (fine lines, wrinkles, loss of firmness) as well as uneven tone and texture
Diglucosyl Gallic Acid: Inhibits excess melanin production, soothes skin, and provides antioxidant benefits
Morus Alba Leaf Extract: Commonly known as mulberry leaf, this extract soothes skin and helps improve the look of hyperpigmentation
Research Results
In a clinical study with 34 people after 8 weeks:
100% showed improvement in skin-tone evenness and brightness
97% showed improvement in skin's clarity
97% showed a reduction in dark spots, hyperpigmentation, and fine lines","Water/Aqua/Eau, Glycerin, Butylene Glycol, Niacinamide, Propanediol, Neopentyl Glycol Diheptanoate, Mica, Ethylhexyl Olivate, C9-12 Alkane, Coco-Caprylate/Caprate, Sclerocarya Birrea Seed Oil, Cetearyl Alcohol, Simmondsia Chinensis (Jojoba) Seed Oil, Diglucosyl Gallic Acid, Squalane, Sorbitan Sesquiisostearate, Plukenetia Volubilis Seed Oil, Morus Alba Leaf Extract, Calcium Chloride, Sea Salt/Maris Sal/Sel Marin, Sodium Stearate, Hydroxyethyl Acrylate/Sodium Acryloyldimethyl Taurate Copolymer, Tocopheryl Acetate, Quercetin, PPG-8-Ceteth-20, Sodium Carrageenan, Glyceryl Acrylate/Acrylic Acid Copolymer, Xanthan Gum, Phenoxyethanol, Sodium Metabisulfite, Ubiquinone, Acrylates/Beheneth-25 Methacrylate Copolymer, C12-15 Alkyl Benzoate, Citric Acid, Tetrasodium Glutamate Diacetate, Sodium Citrate, Ceteareth-20, Dipropylene Glycol, Tocopherol, Sorbitan Isostearate, Polysorbate 60, Sodium Hydroxide, Sorbeth-30 Tetraisostearate, Iron Oxides (CI 77491), Iron Oxides (CI 77492), Titanium Dioxide (CI 77891).","Shake before use. Apply a drop or more to skin. May be used with any Drunk Elephant serum, oil, or cream for a sheer golden glow and a boost of brightening benefits and antioxidant defense. For best dispensing, store upside down.
Tip: Dab directly on cheekbones, brow bones, and the bridge of the nose for a dewy, champagne-y luminosity.
Skincare smoothie tip: Try a Drunk Elephant Sun Kind of Wonderful Smoothie by mixing 1 pump Lala Retro + 1 drop D-Bronzi + 1 drop B-Goldi for nourished, bronzy skin with a luminous glow."
pimprod2008051,Garnier,SkinActive Micellar Cleansing Water with Rose Water,Cleansers,Face Wash,$11.99,13.5 oz,https://media.ulta.com/i/ulta/2553715?w=100&h=100&fmt=auto,751 Reviews,"Benefits
Water Rose Micellar Cleansing Water cleanses, removes makeup and hydrates skin all-in-1
Micellar lifts away dirt, oil and makeup without harsh rubbing leaving skin clean and hydrated
Micellar water is paraben free, fragrance free, sulfate free
No-rinse makeup remover cleanses and hydrates skin
Formulated Without
Alcohol
Fragrance
Oils
Parabens
Sulfates","Aqua/Water, Propanediol, Rosa Damascena Flower Water, Glycerin, Coco-Betaine, Sodium Benzoate, Caprylyl/Capryl Glucoside, Sodium Chloride, Citric Acid, Arginine, Salicylic Acid.","Pour onto cotton pad until fully saturated. Gently wipe pad across face to cleanse and remove face makeup. To remove eye makeup, hold pad over closed eyelids for a few seconds, then gently wipe away. Use daily. No need to rinse.
Precautions: Avoid contact with eyes. If contact occurs, rinse thoroughly with water."
pimprod2050561,MILK MAKEUP,Lip + Cheek Cream Blush Stick and Lip Color,Face,Blush,$24.00,WERK,https://media.ulta.com/i/ulta/2635023?w=100&h=100&fmt=auto,792 Reviews,"Benefits
Multi-use formula can be worn on both lips and cheeks
Creamy, hydrating formula blends in seamlessly
Glides on smooth with no dragging, caking, or creasing
Builds up from natural to bold color
Non-comedogenic, so it won't clog pores
Packs over 1,000+ swipes per stick, so you get tons of wear with less packaging
As easy to apply as swipe, blend, and go—no mirror required
Clinically proven to be non-irritating and non-sensitizing
Key Ingredients
Mango butter, avocado oil, and apricot oil help nourish skin, boost hydration, and make the formula creamy and blendable
Formulated Without
Parabens","Ricinus Communis (Castor) Seed Oil, Persea Gratissima (Avocado) Oil, Ethylhexyl Palmitate, Helianthus Annuus (Sunflower) Seed Wax, Candelilla Cera/Euphorbia Cerifera (Candelilla) Wax/Cire de Candelilla, C12-15 Alkyl Benzoate, Isononyl Isononanoate, Silica, Fragrance (Parfum), Citrus Aurantium Dulcis (Orange) Peel Wax, Mangifera Indica (Mango) Seed Butter, Prunus Armeniaca (Apricot) Kernel Oil, Tocopheryl Acetate, Isopropyl Myristate, Hydrogenated Vegetable Oil/Huile Végétale Hydrogénée, Stearalkonium Hectorite, Propylene Carbonate, Sorbitan Tristearate, Polyhydroxystearic Acid, Bis-stearyl Dimethicone, Isopropyl Titanium Triisostearate, Mica, Palmitic Acid, Limonene, Linalool, Titanium Dioxide (CI 77891), Iron Oxides (CI 77491), Red 7 Lake (CI 15850), Red 28 Lake (CI 45410), Yellow 5 Lake (CI 19140).","How to Open: Twist product up half-an-inch with protective disk still on. Then gently twist disk off, don't flick or pull!
Swipe the stick directly onto lips, cheeks, or both.
Blend in with your fingertips, brush, or sponge.
Build for more color payoff.
Pair Lip + Cheek with Milk Makeup Sculpt Stick (sold separately) and Milk Makeup Matte Bronzer (sold separately) to complete your look.
-Pro Tip: Before applying, warm stick directly on the back of your hand for an even more seamless application."
pimprod2037556,Loving Tan,2 HR Express Self Tanning Mousse Dark Rose,Suncare,Self-Tanning & Bronzing,$40.00,4.0 oz,https://media.ulta.com/i/ulta/2608535?w=100&h=100&fmt=auto,42 Reviews,"Benefits
Professional strength formula with results after one application
Easy, streak-free application every time
Natural olive color
Lasts up to 10 days with built-in moisturizer
Provides an instant bronze and develops into a deeper tan
Wash off in just 2 hours
Pleasant refreshing rose fragrance
Quick and easy option for those with limited time
Best suited for Medium to Dark skin tones
Key Ingredients
Aloe Vera to soothe and nourish the skin
Formulated Without
Parabens","Water (Aqua/Eau), Dihydroxyacetone, Propylene Glycol, Ethoxydiglycol, Panthenol, Erythrulose, Hamamelis Virginiana (Witch Hazel) Water, Decyl Glucoside, Phenoxyethanol Ethyl Hexyl Glycerin, Juglans Nigra (Black Walnut) Shell Extract, Aloe Barbadensis (Aloe Vera) Leaf Juice, Fragrance (Parfum), Hydroxypropyl Methylcellulose, Sodium Metabisulfite, Dimethicone PEG-8 Phosphate, Alcohol, Citric Acid, Salix Alba Bark Extract, Maltodextrin, Benzyl Benzoate, Benzyl Salicylate Coumarin, CI 16035 (FD&C Red 40), CI 17200 (FD&C Red 33), CI 19140 (FD&C Yellow 5), CI 42090 (FD&C Blue 1).","Apply moisturizer liberally to any dry areas including your hands, feet, ankles, wrists, knees and elbows. Pump a small amount of mousse onto your Loving Tan Applicator Mitt. Using circular motions, apply mousse directly to your body, blending as you go to ensure even coverage. Allow 60 seconds before dressing. Avoid perspiration or water for six hours while the tan develops. Finally, shower off after 2 hours to reveal a sexy, natural tan. For best results apply to clean, dry and exfoliated skin.
Precautions: This product does not contain sunscreen. Do not use on broken, irritated or sensitive skin. If irritation occurs, stop use and consult a doctor. For external use only. Avoid contact with eyes. This product may stain so avoid contact with light coloured fabrics furnishings or hair."
pimprod2049858,cocokind,Ceramide Lip Blur Balm Hydrating & Smoothing Lip Treatment,Lips,Lip Balms & Treatments,$11.99,Be Kind,https://media.ulta.com/i/ulta/2636757?w=100&h=100&fmt=auto,436 Reviews,"Benefits
Specifically designed to support the lip's thinner skin barrier
Cushiony formula comforts and conditions
Blurs the look of fine lines and give lips a plump, full look
Available in clear or 4 sheer tints, each shade has a glossy finish
Designed for sensitive lips: unflavored, no fragrance, no petrolatum, no lanolin, no essential oils","Polybutene, Ethylhexyl Palmitate, Caprylic/Capric Triglyceride, Hydrogenated Castor Oil, Stearalkonium Hectorite, Ricinus Communis (Castor) Seed Oil, Glycerin, Ceramide Np, Ceramide Ap, Portulaca Pilosa Extract*, Tocopherol, Vaccinium Macrocarpon (Cranberry) Seed Oil, Helianthus Annuus (Sunflower) Seed Oil, Palmitoyl Tripeptide-38, Cetearyl Ethylhexanoate, Isostearyl Isostearate, Polyglyceryl-3 Diisostearate, Polyglyceryl-3 Polyricinoleate, Sorbitan Isostearate, Sucrose Cocoate, Titanium Dioxide, Iron Oxides (CI 77491), Yellow 5 Lake (CI 19140), Red 7 Lake (CI 15850), Blue 1 Lake (CI 42090).
* Kiss Me Quick Flower.",Swipe onto lips as needed to hydrate and blur.
pimprod2046257,La Roche-Posay,"Lipikar Urea 10% Smoothing Body Lotion for Rough, Dry Skin",Body Moisturizers,Body Lotion & Creams,$22.99,13.5 oz,https://media.ulta.com/i/ulta/2625719?w=100&h=100&fmt=auto,22 Reviews,"Benefits
Smoothing lotion exfoliates skin without disrupting the skn barrier
Softens and smooths dry, rough, and bumpy skin with only 1 application
Improves skin's moisture barrier in 1 hour
Non-sticky, fast-absorbing texture
Bottle made from 96% recycled plastic, *excluding the pump
Dermatologist Tested & Sensitive Skin Tested
Key Ingredients
10% Urea, hydrates and moisturizes dry to extra dry, rough skin
Shea Butter, known for it's soothing and restoring properties
Hepes, exfoliates the skin and reduces inflammation
Formulated Without
Oil
Parabens
Fragrance","Aqua / Water / Eau, Urea, Glycerin, Butyrospermum Parkii Butter / Shea Butter, Brassica Campestris Seed Oil / Rapeseed Seed Oil, Dicaprylyl Carbonate, Isopropyl Palmitate, Pentylene Glycol, Glycine, Cetearyl Alcohol, Silica, Stearic Acid, Allantoin, Sorbitan Oleate, Sorbitan Tristearate, Glyceryl Stearate, Peg-100 Stearate, Peg-20 Methyl Glucose Sesquistearate, Isohexadecane, Sodium Hydroxide, Sodium Lactate, Myristic Acid, Palmitic Acid, Mannose, Hydroxyacetophenone, Hydroxyethylpiperazine Ethane Sulfonic Acid, Caprylyl Glycol, Citric Acid, Trisodium Ethylenediamine Disuccinate, Xanthan Gum, Polysorbate 80, Acrylamide/Sodium Acryloyldimethyltaurate Copolymer, Acrylates/C10-30 Alkyl Acrylate Crosspolymer, Tocopherol, Pentaerythrityl Tetra-Di-T-Butyl Hydroxyhydrocinnamate, Chlorhexidine Digluconate.","Apply morning and evening on clean, dry skin."
pimprod2049856,BYOMA,Ultra-Lightweight Face Fluid SPF 30,Moisturizers,Face Moisturizer,$19.99,1.69 oz,https://media.ulta.com/i/ulta/2635399?w=100&h=100&fmt=auto,245 Reviews,"Benefits
Broad spectrum UVB/UVA protection
Antioxidant properties to fight free radicals + brighten skin
Restores the skin barrier
Blends quickly and seamlessly onto any skin tone
No piling, no greasy finish, no white cast
Works seamlessly under makeup
Clinically proven to decrease skin sensitivity after one use
Clinically proven to provide instant moisturization of up to 76%
Clinically proven to brighten skin + reduce pigmentation
Clinically proven to maintain + protect skin barrier
Features
Dermatologist tested + approved skincare
Alcohol & fragrance-free
Key Ingredients
CERASUN COMPLEX to restore the skin barrier while alleviating redness caused by UV exposure
BISABOLOL soothes and calms irritation
ASTHAXANTHIN (which naturally tints the formula pink) delivers antioxidant protection 6000x more powerful than Vitamin C and helps to brighten the skin.","Acrtive: Avobenzone 3%, Homosalate 7%, Octisalate 5%, Octocrylene 7.5%
Inactive: Water/Aqua/Eau, Butyloctyl Salicylate, Glycerin, Dicaprylyl Carbonate, Diisopropyl Adipate, Sodium Stearoyl Glutamate, Cocoglycerides, Propanediol, Microcrystalline Cellulose, Tocopherol, Bisabolol, Caprylyl Glycol, Ethyl Ferulate, Sodium Hyaluronate, Glyceryl Stearate SE, Methylheptylglycerin, Sodium Gluconate, Caprylhydroxamic Acid, Xanthan Gum, Phospholipids, Cellulose Gum, Citric Acid, Glycolipids, Olea Europaea (Olive) Fruit Oil, Aloe Barbadensis Leaf Juice, Phosphatidylserine Astaxanthin, Ceramide NP, Cholesterol, Hydrogenated Lecithin, Oleic Acid, Phytosphingosine, Haematococcus Pluvialis Extract, Caprylic/Capric Triglyceride, Stearic Acid, Sodium Benzoate, Potassium Sorbate, 1,2-Hexanediol, Beta-Glucan, Lactic Acid.","How to apply: Apply generously and evenly 15 minutes before sun exposure. Re-apply frequently to maintain protection, especially after perspiring, swimming or toweling.
Precautions: Eye irritant."
pimprod2039812,BYOMA,Milky Oil Gentle Cleanser,Cleansers,Face Wash,$13.99,2.12 oz,https://media.ulta.com/i/ulta/2611687?w=100&h=100&fmt=auto,354 Reviews,"Benefits
Deeply cleanses skin and melts away makeup, SPF + other impurities
Barrier Lipids help restore the skin barrier
Moringa Seed Oil, Olive Fruit Oil + Squalane nourish skin leaving it feeling soft, smooth and supple
Dermatologist tested & approved skincare
Alcohol & fragrance-free
Clinically proven to immediately increase moisturization after one use
Clinically proven to protect and maintain skin barrier
Clinically proven to remove 100% of makeup and effectively cleanse into pores
Features
Featuring Barrier Lipids, moringa seed oil, olive fruit oil and squalane to soothe and intensely hydrate for bright, bouncy, balanced skin post-cleanse.
The luxurious, milky formula glides over skin and rinses off effortlessly, without clogging pores or leaving an oily residue.
Key Ingredients
Barrier Lipids to help restore the skin barrier
Moringa Seed Oil, Olive Fruit Oil + Squalane nourish skin leaving it feeling soft, smooth, and supple","Olea Europaea (Olive) Fruit Oil, Cetyl Ethylhexanoate, Sorbeth-30 Tetraoleate, Rosmarinus Officinalis (Rosemary) Leaf Oil, Hippophae Rhamnoides Oil, Tocopherol, Ethylhexylglycerin, Tocopherol, Sphingolipids, Ceramide NP, Squalane, Moringa Oleifera Seed Oil.","Massage 2-4 pumps onto dry skin in slow, circular motions. Add water to emulsify and rinse thoroughly. Use AM + PM as your first cleanse.
Precautions: Eye irritant."
pimprod2043893,Bubble,Rise and Shine Brightening Kit,By Category,Skin Gifts,$34.00,,https://media.ulta.com/i/ulta/2620080?w=100&h=100&fmt=auto,136 Reviews,"Benefits
A 3-step skincare routine makes it easy to stay consistent
Helps brighten and boost brilliance
Helps soothe irritation to promote calm, even, balanced skin
Features some of Bubble community’s most loved products
Fragrance-free
Dermatologist-tested
Cruelty-free
Key Ingredients
Fresh Start: Lavender Flower Water helps calm, purify, and soothe skin.
Day Dream: Vitamin C (Sodium Ascorbyl Phosphate) is like an antioxidant superfood for your face,helping to promote a bright, smooth, and even complexion.
Day Dream: Niacinamide works alongside Vitamin C to help hydrate and improve barrier function.
Cloud Surf: Syringa Vulgaris (Lilac) Extract helps mattify and equalize the tone of acne-prone skin.
Includes
Fresh Start Gel Cleanser (1.7 oz)
Day Dream Tone & Texture Serum (1.0 oz)
Cloud Surf Water Cream Moisturizer (1.7 oz)","Fresh Start: Water (Aqua), Acrylates/Steareth-20 Methacrylate Copolymer, Disodium Cocoyl Glutamate, Glycerin, Sodium Cocoyl Glutamate, Lavandula Angustifolia (Lavender) Flower Water, Mentha Viridis (Spearmint) Leaf Extract, Aloe Barbadensis Leaf Juice, Hydrolyzed Rhodophyceae Extract, Caffeine, Butylene Glycol, Gluconolactone, Ethylhexylglycerin, Phenoxyethanol.
Day Dream: Water (Aqua), Sodium Ascorbyl Phosphate, Coco-Caprylate/Caprate, Glycerin, Niacinamide, Alpha-Arbutin, Tranexamic Acid, Ceramide NP, Ceramide AP, Ceramide AS, Cholesterol, Ceramide NS, Ceramide EOP, Xanthan Gum, Brassica Campestris Seed Oil, Ethylhexylglycerin, Glycyrrhiza Glabra (Licorice) Root Extract, Polyglyceryl-3 Diisostearate, Sorbitan Isostearate, Hydrogenated Lecithin, Althaea Officinalis (Marshmallow) Root Extract, Oryza Sativa (Rice) Bran Extract, Dipropylene Glycol, Glyceryl Stearate, Hydroxyethyl Acrylate/Sodium Acryloyldimethyl Taurate Copolymer, Sodium Polyacryloyldimethyl Taurate, Sodium Polyacrylate, Sucrose Distearate, Phenoxyethanol.
Cloud Surf: Water, Caprylic/Capric Triglycerides, Glycerin, Cetyl Ethylhexanoate, Cetearyl Alcohol, Dicaprylyl Carbonate, Butylene Glycol, Glyceryl Stearate, Isododecane, Maltodextrin, Syringa Vulgaris (Lilac) Extract, Trifolium Pratense (Clover) Flower Extract, Hibiscus Sabdariffa Flower Extract, Withania Somnifera Root Extract, Apium Graveolens (Celery) Extract, Hydroxyethyl Acrylate/Sodium Acryloyldimethyl Taurate Copolymer, Polyacrylate Crosspolymer-6, Ethylhexylglycerin, Fructose, Sorbitan Isostearate, 1,2 Hexanediol, Biosaccharide Gum-4, Tocopherol, Polylysine, Potassium Sorbate, Citric Acid, Sodium Benzoate, Phenoxyethanol.","Begin by applying 1-2 pumps of Fresh Start to damp skin. Gently massage into a lather, rinse with water, and pat dry. Follow with one pump of Day Dream and allow to absorb for 1 minute. Finish with 1-2 pumps of Cloud Surf and apply evenly. For daytime, top it all off with a SPF for sun protection.
Precautions: Use only as directed."
pimprod2050418,Laura Mercier,Tinted Moisturizer Oil Free Blurred Matte SPF 30,Moisturizers,Tinted Moisturizer,$50.00,1C Cameo,https://media.ulta.com/i/ulta/2636259?w=100&h=100&fmt=auto,402 Reviews,"Features
24HR+ shine control
Blurs skin and reduces appearance of pores
16HR hydration
SPF 30 protection
Instantly controls oil
Blurs the look of pores from day 1
Supports skin barrier function
Oil Free. Non-Comedogenic. Non-Acnegenic. Dermatologist Tested.
Key Ingredients
White Rose Wine Complex: Balance’s sebum production immediately and overtime
Ejitsu Rose: Reduces appearance of pores over time
French Rock Samphire Extract: Refines skin tone and texture
Plant Derived Cellulose Powders & French Kaolin: Mattifies, soothes, and blurs skin
Research Results
24HR+ Shine Control and Blurring: Clinically proven to control shine and blur the look of pores for over 24 hours.**
16HR Skin-Balancing Hydration: Provides 16 hour hydration to help balance skin.**
Supports Skin Barrier Function: Clinically proven to support skin’s barrier function.**
Breathable Wear: 91% agree the product feels breathable immediately.*
Non-Cakey: 88% agree this product does not look cakey immediately after application.*
*Consumer study of 30 panelists at independent laboratory
**Clinical study of 30 panelists at independent laboratory","Active Ingredients: Titanium Dioxide (2.9%); Zinc Oxide (6.1%). Inactive Ingredients: Water (Aqua/Eau), Propanediol, Silica, Butyloctyl Salicylate, Isododecane, Polyglyceryl-2 Diisostearate, Undecane, Polyglyceryl-10 Decaisostearate, Coco-Caprylate/Caprate, Isononyl Isononanoate, Glycerin, Bambusa Arundinacea Stem Powder, Tridecane, Sodium Chloride, Polyglyceryl-6 Polyricinoleate, Jojoba Esters, Butylene Glycol, Triethyl Citrate, Stearic Acid, Disteardimonium Hectorite, Caprylyl Glycol, Aluminum Hydroxide, Stearoyl Glutamic Acid, Caprylic/Capric Triglyceride, Vp/Hexadecene Copolymer, Propylene Carbonate, Benzoic Acid, Hydrogenated Lecithin, Polyhydroxystearic Acid, Rosa Multiflora Fruit Extract, Crithmum Maritimum Extract, Illite, Kaolin, Tocopherol, Rosa Damascena Extract, Wine Extract, Sucrose, 1,2-Hexanediol, Rubus Idaeus (Raspberry) Fruit Extract. +/- (May Contain/Peut Contenir) Iron Oxides (CI 77491, CI 77492, CI 77499), Titanium Dioxide (CI 77891)","HOW TO APPLY:
Dispense Tinted Moisturizer on the back of your hand and use it as a palette.
Picking up a small amount from back of the hand, apply with fingers, smoothing over face in a downward motion to ensure facial hairs lay flat.
Laura recommends starting at the outer portion of the face and working inwards toward the nose, avoiding excess application around the contours of the face.
Pat on additional product to build coverage where needed.
Laura's finishing touch, inspired by a Parisian facial technique, is to smooth the remaining product under the jawline, neck, and chin.
PRO TIPS:
To build more coverage, pick up product on the back of hand using a foundation brush and work Tinted Moisturizer into the bristles on a clean area on back of the hand. Stipple onto any areas that need additional coverage.
If a fuller coverage is desired, mix a few drops of foundation into Tinted Moisturizer to get more pigment."
pimprod2049175,TATCHA,The Dewy Serum Hyaluronic Acid & Collagen Amino Acid Serum,Treatment & Serums,Face Serums,$89.00,1.05 oz,https://media.ulta.com/i/ulta/2634105?w=100&h=100&fmt=auto,229 Reviews,"Benefits
Seals in moisture & improves surface cell turnover
Reduces the look of fine lines & boosts elasticity
Non-comedogenic
Dermatologist tested
Includes up to 30% PCR (recycled plastic)
Formulated Without: mineral oil, synthetic fragrance, sulfates, detergents, parabens, urea, DEA, TEA, phthalates
Key Ingredients
Hyaluronic Acid & Squalane: seal in moisture & improve surface cell turnover
Hydrolyzed Elastin + Collagen Amino Acids: reduce the look of fine lines + boosts skin elasticity
Abyssinian Oil: nourish & hydrate for a radiant glow
Research Results
6X instant hydration*
+67% immediate improvement in dewiness & radiance**
100% showed improvement in skin softness + suppleness**
98% showed improvement in texture after 2 weeks†
87% showed improvement in skin elasticity after 4 weeks††
82% showed improvement in the look of fine lines after 4 weeks†
*based on a bioinstrumentation study of 25 panelists
**based on a clinical study of 30 panelists
†based on a clinical study of 45 panelists
††based on a bioinstrumentation study of 45 panelists","Saccharomyces/Rice Ferment Filtrate, Glycerin, Propanediol, Aqua/Water/Eau, Squalane, Glyceryl Stearate, Isononyl Isononanoate, Behenyl Alcohol, Dimethicone, Stearyl Alcohol, Camellia Sinensis Leaf Extract, Cladosiphon Okamuranus Extract, Sodium Hyaluronate, Hydrolyzed Collagen, Hydrolyzed Elastin, Betaphycus Gelatinum Extract, Crambe Abyssinica Seed Oil, Stearyl Glycyrrhetinate, Ascorbyl Tetraisopalmitate, Phytosteryl Macadamiate, Tocopheryl Acetate, Sodium Dilauramidoglutamide Lysine, Sodium Chondroitin Sulfate, Polyglyceryl-10 Eicosanedioate/Tetradecanedioate, Cellulose Gum, Hydroxyethyl Acrylate/Sodium Acryloyldimethyl Taurate Copolymer, Disodium Phosphate, Potassium Phosphate, Ethylhexylglycerin, Sorbitan Isostearate, Polysorbate 60, Butylene Glycol, Tocopherol, Alcohol, Parfum/Fragrance, Phenoxyethanol, Citral, Limonene, Linalool.","Massage 1 - 2 pumps onto clean, dry skin, morning and night."
pimprod2029779,Philosophy,Hope In A Jar Smooth-Glow Multi-Tasking Moisturizer,Moisturizers,Face Moisturizer,$52.00,2.0 oz,https://media.ulta.com/i/ulta/2589221?w=100&h=100&fmt=auto,"9,052 Reviews","Benefits
Formula delivers instant and long-term visible results, while respecting the skin's natural functions.
Research Results
Immediate clinical improvement in skin texture, fine lines, and wrinkles**
Clinically proven to deliver instant & long-lasting hydration for up to 24 hours***
Clinically proven to increase skin's healthy radiance in just 1 week**
**Based on a 2-week clinical study with 42 women ages 25-55, twice a day usage ***based on a clinical study with 35 women ages 18-65, single usage
Key Ingredients
Hyaluronic acid from biotechnology to deeply hydrate
High-purity glycolic acid to promote skin surface cell renewal and our exclusive radiance complex
Pro-vitamin p and responsibly sourced","Aqua/Water/Eau, Dimethicone, Stearic Acid, Glycerin, Butylene Glycol, Glycolic Acid, C12-15 Alkyl Benzoate, Pentylene Glycol, Hydroxyethyl Acrylate/Sodium Acryloyldimethyl Taurate Copolymer, Cetearyl Alcohol, Squalane, Sodium Hydroxide, Dimethicone Crosspolymer, Ceteareth-20, Boron Nitride, Ammonium Acryloyldimethyltaurate/Vp Copolymer, Polysilicone-11, Acrylates/C10-30 Alkyl Acrylate Crosspolymer, 1,2-Hexanediol, Caprylyl Glycol, Hydroxyacetophenone, Polysorbate 60, Parfum/Fragrance, Methylpropanediol, Sorbitan Isostearate, Citrus Reticulata (Tangerine) Peel Extract, Glucosyl Hesperidin, Limonene, Hyaluronic Acid, Silanetriol, Citric Acid, Citrus Reticulata (Tangerine) Fruit Extract, Sodium Benzoate, Potassium Sorbate.","Use the hydrating face moisturizer in the morning and in the evening on clean, dry skin.
Precautions: Avoid contact with eyes. If contact occurs, flush with water."
pimprod2040493,Lancôme,Rénergie H.P.N. 300-Peptide Anti-Aging Cream SPF 25,Moisturizers,Face Moisturizer,$145.00,1.7 oz,https://media.ulta.com/i/ulta/2612986?w=800&h=800&fmt=auto,"1,118 Reviews","Benefits
Rénergie H.P.N. 300-Peptide SPF 25 Anti-Aging Cream combines Over 300 Peptides and Hyaluronic Acid into a highly sensorial formula to reach an exceptional level of efficacy.
Peptides are well known for their key role in skin renewal and are among skin's best ally against visible signs of aging.
An unprecedented number and variety of peptides have been formulated into this unique cream: the complementary effect of the 300 peptides stimulates faster and enhanced skin renewal.
This innovative formula helps improve visible signs of aging, such as: wrinkles, dark spots, & lower face sagging, with clinically significant results as early as two weeks.
Committed to Science & Sustainability: This unique combination of peptides in Lancôme's formula is obtained from the protein extracts of three naturally derived sources, using green sciences.
Research Results
Clinically Significant Results:
Decreased appearance of wrinkles -25% and fine lines -28% *
Reduced visibility of dark spots -24%*
Skin tone is more even +23%*
Improved firmness +35%*
Lower face sagging reduced -28%*
86% agree skin feels protected from external aggressions**
*Based on 8-week results in a clinical study of 80 women.
**Based on self-assessment results in an 8-week consumer study with 80 women
Key Ingredients
300 types of Peptides: Ultra-concentrated and potent, this combination of more than 300 types of natural peptides helps the skin appear renewed by improving firmness, elasticity, and wrinkles.
Hyaluronic Acid: Ferment-based and obtained using biotechnology, hyaluronic acid is known to absorb several times its own weight in water, helping to smooth and re-plump the skin. Lancôme's Hyaluronic acid offers enhanced skin penetration and additional benefits on wrinkles and skin roughness.
*Ingredient benefits are based on product formula testing, not on the individual ingredients.","Active: Avobenzone 3%, Octisalate 5%, Octocrylene 7%, Inactive: Water, Glycerin, Silica, Dimethicone, Isononyl, Isononanoate, Propanediol, Bis-PEG-18 Methyl Ether Dimethyl Silane, Polyglyceryl-6 Distearate, Jojoba Esters, Tocopherol, Limnanthes Alba (Meadowfoam) Seed Oil, Cyclodextrin, Hydrolyzed Lupine Protein, Pisum Sativum (Pea) Extract, Adenosine, Capryloyl Salicylic Acid, Citric Acid, Disodium EDTA, Hydrolyzed Linseed Extract, Hydroxyacetophenone, Scutellaria Baicalensis Root Extract, Sodium Hyaluronate, Sodium Hydroxide, Titanium Dioxide, Acacia Decurrens Flower Wax, Ammonium Acryloyldimethyltaurate/Steareth-25 Methacrylate Crosspolymer, Caprylyl Glycol, Cetyl Alcohol, Disodium Stearoyl Glutamate, Helianthus Annuus (Sunflower) Seed Wax, Polyglycerin-3, Polyglyceryl-3 Beeswax, Xanthan Gum, Dimethicone/Vinyl Dimethicone Crosspolymer, Dimethiconol, Benzyl Alcohol, Geraniol, Limonene, Red 33, Phenoxyethanol, Sodium Benzoate, Fragrance.","For best results, use this day moisturizer consistently as a part of your morning routine. Apply once a day on the face, neck, and décolleté after cleansing, toning, and using your facial serums. Gently massage into skin using small, upward, circular motions until the cream is fully absorbed.
SPF 25 Version: If using as a sunscreen, apply generously 15 minutes before sun exposure and re-apply at least every 2 hours. Use a water-resistant sunscreen if swimming or sweating."
pimprod2050117,Bubble,Going Places On-the-Go Essentials Kit,Lips,Lip Balms & Treatments,$36.00,,https://media.ulta.com/i/ulta/2634733?w=100&h=100&fmt=auto,46 Reviews,"Benefits
Developed with dermatologists
Tell All helps soothe and soften dry lips
Solar Mate helps protect skin from harmful UV rays
Bounce Back helps balance skin and reduce midday shine
Key Ingredients
Zinc Oxide provides your first line of defense against the sun.
Raspberry Seed Extract helps provide antioxidant protection against UV rays.
Sodium PCA + Niacinamide help improve texture and radiance.
Moringa Oil Esters provide exceptional moisturization and skin barrier recovery.
Includes
Tell All Juicy Secret Berry Lip Balm (0.15 oz)
Solar Mate Invisible Daily Mineral Sunscreen (1.7 oz)
Bounce Back Balancing Toner Mist (1.8 oz)
Mesh Zipper Pouch","Bounce Back: Water (Aqua), Rosa Damascena Flower Water, Glycerin, Pentylene Glycol, Leuconostoc/Radish Root Ferment Filtrate, Camellia Sinensis Leaf Extract, Citric Acid, Echinacea Angustifolia Root Extract, Echinacea Purpurea Extract, Echinacea Purpurea Flower/Leaf/Stem Extract, Maris Aqua (Sea Water), Niacinamide, Salix Nigra (Willlow) Bark Extract, Sodium PCA, Sodium Phytate, Potassium Sorbate, Sodium Benzoate, Citronellol, Geraniol.
Solar Mate: Active - Zinc Oxide -- 12%.
Inactive: Water (Aqua), Isoamyl Laurate, Glycerin, Caprylic/Capric Triglyceride, Butyloctyl Salicylate, Polyglyceryl-10 Stearate, Polyhydroxystearic Acid, Poly C10-30 Alkyl Acrylate, Cetearyl Olivate, Hydroxyethyl Acrylate/Sodium Acryloyldimethyl Taurate Copolymer, Sorbitan Olivate, Hydroxyacetophenone, Phenoxyethanol, Polyglyceryl-10 Laurate, Microcrystalline Cellulose, Butylene Glycol, Rubus Idaeus Seed Oil, Xanthan Gum, Cellulose Gum, Panax Ginseng Root Extract, Theobroma Cacao Seed Extract.
Tell All Juicy Secret: Olea Europaea (Olive) Husk Oil, Bis-Diglyceryl Polyacyladipate-2, Caprylic/Capric Triglyceride, Polyglyceryl-2 Triisostearate, Euphorbia Cerifera (Candelilla) Wax, Helianthus Annuus (Sunflower) Seed Wax, Phytosteryl/Isostearyl/Cetyl/Stearyl/Behenyl Dimer Dilinoleate, Simmondsia Chinensis (Jojoba) Seed Oil, Mango Butter Dimer Dilinoleyl Esters/Dimer Dilinoleate Copolymer, Butyrospermum Parkii (Shea) Butter, Hydrogenated Castor Oil Dimer Dilinoleate, Silica, Jojoba Esters, Oryza Sativa (Rice) Bran Wax, Hydrogenated Rapeseed Oil, Tocopheryl Acetate, Tocopherol, Moringa Oil/Hydrogenated Moringa Oil Esters, Theobroma Cacao (Cocoa) Seed Butter, Acacia Decurrens Flower Wax, Cichorium Intybus Root Extract, Glyceryl Caprylate, Rebaudioside A (Stevia Extract), Polyglycerin-3, Glycerin, Water (Aqua), Flavor.",Spray Bounce Back 3-5 inches from your face for an instant skin reset anytime. Follow by evenly applying a generous amount of Solar Mate (about 2-4 pumps) to your face (before applying makeup and 30 minutes before sun exposure). Reapply every 2-3 hours to maintain protection. Finish by evenly applying Tell All to lips.
pimprod2039725,The Ordinary,Multi-Peptide + Copper Peptides 1% for Wrinkles and Skin Elasticity,Treatment & Serums,Face Serums,$32.00,1.0 oz,https://media.ulta.com/i/ulta/2611370?w=100&h=100&fmt=auto,517 Reviews,"Benefits
Targets multi signs of aging
Improves skin texture
Key Ingredients
Five well-studied peptide technologies such as: GHK-Cu, SYN-AKE, Matrixyl Synthe'6, Matrixyl 3000, ARGIRELOX Peptide to target multiple signs of aging
Hyaluronic Acid to plump the skin
Formulated Without
Alcohol
Oils
Silicone
Gluten","Aqua (water), Glycerin, Lactococcus Ferment Lysate, Copper Tripeptide-1, Acetyl Hexapeptide-8, Pentapeptide-18, Palmitoyl Tripeptide-1, Palmitoyl Tetrapeptide-7, Palmitoyl Tripeptide-38, Dipeptide Diaminobutyroyl Benzylamide Diacetate, Acetylarginyltryptophyl Diphenylglycine, Sodium Hyaluronate Crosspolymer, Sodium Hyaluronate, Allantoin, Glycine, Alanine, Serine, Valine, Isoleucine, Proline, Threonine, Histidine, Phenylalanine, Arginine, Aspartic Acid, Trehalose, Fructose, Glucose, Maltose, Urea, Sodium Pca, Pca, Sodium Lactate, Citric Acid, Hydroxypropyl Cyclodextrin, Sodium Chloride, Sodium Hydroxide, Butylene Glycol, Pentylene Glycol, Acacia Senegal Gum, Xanthan Gum, Carbomer, Polysorbate 20, Dimethyl Isosorbide, Sodium Benzoate, Caprylyl Glycol, Ethylhexylglycerin, Phenoxyethanol, Chlorphenesin.","Use after cleansing, before anhydrous serums, oils, suspensions or creams. Use in the morning and evening.
Do not use with Direct Acids, Direct Vitamin C, Resveratrol and Ferulic Acid, Salicylic Acid, EUK, Retinoids and Strong Antioxidants.
Precautions: Do not use with Direct Acids, Direct Vitamin C, Resveratrol and Ferulic Acid, Salicylic Acid, EUK, Retinoids and Strong Antioxidants."
pimprod2037934,PEACH & LILY,Glass Skin Face Polisher,K-Beauty,,$48.00,2.64 oz,https://media.ulta.com/i/ulta/2605763?w=100&h=100&fmt=auto,381 Reviews,"Benefits
Gently exfoliate and polish skin without being harsh on skin
Remove dead skin cells and flaky skin
Brighten skin and even skin tone
Carefully rounded microcrystalline edges prevent micro-tears or scratches on skin
100% Worry Free: Peach & Lily formulas are non-toxic, alcohol-free, fragrance-free, & gluten-free
Key Ingredients
Crystal Rice: gently micro-exfoliates
Allantoin: reduces the appearance of scars and helps heal skin
Green Tea: moisturizes, brightens, and repairs skin while calming inflammation
Research Results
96% saw more luminosity and even skin texture*
*Based on brand study results","Zea Mays (Corn) Starch, Microcrystalline Cellulose, Sodium Cocoyl Isethionate, Sodium Lauroyl Glutamate, Diglycerin, Oryza Sativa (Rice) Bran Extract, Aspergillus/Rice, Ferment Filtrate, Papain, Prunus Mume (Korean Plum) Fruit Extract, Vitis Vinifera (Muscat Grape) Fruit Extract, Carica Papaya (Papaya) Fruit Extract, Pyrus Malus (Apple) Fruit Extract, Camellia Sinensis Leaf Extract, Salicylic Acid, Angelica Acutiloba Root Extract, Glycerin, Panax Ginseng Root Extract, Allantoin, Vigna Radiata Seed Extract, Moringa Pterygosperma Seed Extract, Maltodextrin, Water, Butylene Glycol, 1,2-Hexanediol, Ethylhexylglycerin, Caprylyl Glycol.","Twist off cap, remove the protective inner lid, and twist outer cap back on. Dispense a dime-sized amount onto wet hands and rub to create a creamy texture. Massage onto face avoiding the eye area for one minute. Rinse thoroughly. Gentle enough for daily use.
For external use only. Avoid contact with eyes. If contact occurs, rinse thoroughly with water. Discontinue use and consult a doctor if irritation occurs. Keep out of reach of children. Store in a cool, dry place. The formula can be hardened by water, please cover the cap tightly after use to avoid humidity in the bottle."
pimprod2049119,TATCHA,Indigo Overnight Repair Redness Reducing Barrier Cream,Moisturizers,Night Cream,$92.00,1.69 oz,https://media.ulta.com/i/ulta/2634116?w=100&h=100&fmt=auto,397 Reviews,"Benefits
Reveals calmer, stronger skin overnight
Calms visible irritation & redness in 1 night* with rich, comforting care
Replenishes lipids to keep moisture in, and pollutants, out
Empowers skin’s natural immune defenses
Fragrance-free
Non-comedogenic
Dermatologist tested
Formulated Without: mineral oil, synthetic fragrances, sulfate detergents, parabens, urea, DEA, TEA or phthalates
Key Ingredients
Japanese Indigo: soothes visible irritation
Ceramides: restore the skin barrier
Mondo Grass Root: helps to maintain skin’s microbiome balance
Research Results
100% showed an improvement in skin barrier after 1 night*
100% showed an improvement in visible fine lines after 4 weeks**
97% agree their skin feels smooth after 1 week**
95% showed an improvement in visible redness after 1 night**
82% agree their skin feels firmer after 1 week**
80% agree their skin feels less irritated after 1 week**
*based on a bio-instrumentation of 40 panelists
**based on a clinical study of 40 panelists","Aqua/Water/Eau, Dimethicone, Diglycerin, Saccharomyces/Rice Ferment Filtrate, Glycerin, Diphenylsiloxy Phenyl Trimethicone, Butylene Glycol, Neopentyl Glycol Diethylhexanoate, Diisostearyl Malate, Peg-10 Dimethicone, Disteardimonium Hectorite, Propanediol, Ophiopogon Japonicus Root Extract, Polygonum Tinctorium Leaf/Stem Extract, Sargassum Vulgare Extract, Saccharomyces Ferment Filtrate, Salvia Miltiorrhiza Root Extract, Camellia Sinensis Leaf Extract, Cladosiphon Okamuranus Extract, Sodium Hyaluronate, Phytosterols, Ceramide Ng, Hydrogenated Lecithin, Palmitic Acid, Linoleic Acid, Lauryl Peg-9 Polydimethylsiloxyethyl Dimethicone, Cetyl Alcohol, Maltodextrin, Magnesium Sulfate, Tocopherol, Ethylhexylglycerin, Phenoxyethanol.","Use the gold spoon to scoop desired amount onto face, neck, and décolletage after your favorite serum. Massage in upward strokes. Use nightly."
pimprod2041026,The Ordinary,Soothing & Barrier Support Serum for Sensitive Skin & Hydration,Treatment & Serums,Face Serums,$17.00,1.0 oz,https://media.ulta.com/i/ulta/2615437?w=100&h=100&fmt=auto,"1,327 Reviews","Benefits
Reduces appearance of redness
Improves all-day hydration
Key Ingredients
Niacinamide: supports essential skin components that help promote hydration
Vitamin B12: helps support skin barrier by reducing skin dryness and redness (and gives the formula its unique pink color)
Research Results
Repairs the skin barrier in 2 hours*
*In clinical testing on 23 people, after 1 application","Aqua (water), Propanediol, Isodecyl Neopentanoate, Pentylene Glycol, Niacinamide, Hexyldecanol, Cetearyl Alcohol, Xylitylglucoside, Ceteth-20 Phosphate, Anhydroxylitol, Ethyl Linoleate, Asiaticoside, Asiatic Acid, Madecassic Acid, Naringenin, Cyanocobalamin, Panthenyl Triacetate, 4-t-butylcyclohexanol, Hydroxyphenyl Propamidobenzoic Acid, Cetylhydroxyproline Palmitamide, Bisabolol, Brassica Campestris Sterols, Sphingolipids, Phospholipids, Epigallocatechin Gallatyl Glucoside, Gallyl Glucoside, Propyl Gallate, Xylitol, Zingiber Officinale Root Extract, Stearic Acid, Dicetyl Phosphate, Isoceteth-20, Xanthan Gum, Trisodium Ethylenediamine Disuccinate, Tocopherol, Dehydroacetic Acid, P-anisic Acid, Phytic Acid, Sodium Phytate, Sodium Citrate, Sodium Hydroxide, Benzyl Alcohol, Ethylhexylglycerin, Phenoxyethanol, Chlorphenesin.","Apply a few drops to the face in the morning and evening after cleansing.
If irritation occurs, rinse off, cease use, and consult a physician. Use only as directed on unbroken skin. Patch testing prior to use is advised. Keep out of reach of children.
Precautions: If irritation occurs, rinse off, cease use, and consult a physician. Use only as directed on unbroken skin. Patch testing prior to use is advised. Keep out of reach of children."
pimprod2000019,Dermalogica,Skin Smoothing Cream Moisturizer,Moisturizers,Face Moisturizer,$49.00,1.7 oz,https://media.ulta.com/i/ulta/2536765?w=100&h=100&fmt=auto,"1,642 Reviews","Benefits
Weightlessly hydrates
Formulated with natural-antioxidant grape seed extract, Vitamin C, and Vitamin E to give a smoothing effect while shielding skin from the harmful effects of stress and free radical damage
Provides 48 hours of continuous hydration by locking in moisture
Best-selling moisturizer leaves skin with a plump and supple complexion
Best for those concerned with fine lines and wrinkles, dryness, dullness and uneven texture
Key Ingredients
Mallow: provides natural moisturizing and soothing properties
Arnica: nourishing and has anti-inflammatory properties
Lactic Acid: helps hydrate the skin
Research Results
Delivers 48 hours continuous hydration","Water/Aqua/Eau, Caprylic/Capric Triglyceride, Ethylhexyl Hydroxystearate, Butylene Glycol, Glycerin, Palmitic Acid, Dimethicone, PEG-8, Stearic Acid, Cetearyl Alcohol, Sodium Hyaluronate, Aloe Barbadensis Extract, Vitis Vinifera (Grape) Seed Extract, Saccharide Isomerate, Cucumis Sativus (Cucumber) Fruit Extract, Arnica Montana Flower Extract, Hedera Helix (Ivy) Extract, Malva Sylvestris (Mallow) Flower Extract, Parietaria Officinalis Extract, Sambucus Nigra Flower Extract, Ascorbyl Palmitate, Trehalose, Algin, Hydrolyzed Sodium Hyaluronate, Serine, Linoleic Acid, Phospholipids, Phytosterols, Cananga Odorata Flower Oil, Urea, Hydrogenated Lecithin, Pullulan, Caprylhydroxamic Acid, Citrus Aurantium Amara (Bitter Orange) Flower Extract, Tocopheryl Acetate, Tetrasodium Glutamate Diacetate, Hexanediol, Pentylene Glycol, Glyceryl Polyacrylate, Sodium Citrate, Disodium Phosphate, Palmitoyl Hydroxypropyltrimonium Amylopectin/Glycerin Crosspolymer, Caprylyl Glycol, Potassium Phosphate, Citric Acid, Tocopherol, Methylpropanediol, Polysorbate 60, Panthenol, Polyquaternium-10, Cetyl Alcohol, PEG-100 Stearate, Glyceryl Stearate, Aminomethyl Propanol, Carbomer, Ethylhexylglycerin, Sodium Hydroxide, Hydroxystearic Acid, Myristic Acid, BHT, Benzyl Benzoate, Benzyl Salicylate, Linalool, Sodium Benzoate, Phenoxyethanol.","Apply over face and neck in light, upward strokes.
Tip: Boost Skin Smoothing Cream with a few drops of Skin Hydrating Booster for extra hydration (sold separately)."
pimprod2049117,TATCHA,Mini The Rice Wash Skin-Softening Cleanser,Cleansers,Face Wash,$18.00,1.7 oz,https://media.ulta.com/i/ulta/2634178?w=100&h=100&fmt=auto,454 Reviews,"Benefits
Purifies skin while hydrating
Softens skin & boosts luminosity
pH neutral cream foams into a rich lather
Non-comedogenic
Dermatologist tested
Formulated Without: mineral oil, sulfates, detergents, parabens, urea, DEA, TEA, phthalates
Key Ingredients
Hyaluronic Acid + Red Algae: plump and hydrate
Japanese Rice Powder: purifies and softens skin
pH-Neutral Amino Acid Base: removes buildup without stripping
Research Results
After 1 Use and 1 week:
Clarifies & softens**
Plumps & hydrates**
Skin looks healthier**
After 6 Hours Proven to boost skin's hydration on average by +41%*
*based on a bio-instrumentation study on 21 panelists
**based on a self-assessment study on 25 panelists","Aqua/Water/Eau, Microcrystalline Cellulose, Propanediol, Sodium Cocoyl Glutamate, Glycerin, Acrylates Copolymer, Sodium Caproyl Methyl Taurate, Coco-Betaine, Parfum/Fragrance, Saccharomyces/Camellia Sinensis Leaf/Cladosiphon Okamuranus/Rice Ferment Filtrate*, Oryza Sativa (Rice) Powder, Chondrus Crispus Extract, Sodium Hyaluronate, Betaphycus Gelatinum Extract, Lauryl Glucoside, Potassium Hydroxide, Polyquaternium-39, Limonene, Linalool, Phenoxyethanol, Ethylhexylglycerin, Sodium Benzoate, Alcohol.
*Hadasei-3",Add water to create creamy foam and massage onto face. Rinse. Use day and night.
pimprod2039387,La Roche-Posay,Travel Size Toleriane Hydrating Gentle Face Cleanser for Dry Skin,Travel Size Skin Care,,$8.99,1.6 oz,https://media.ulta.com/i/ulta/2606177?w=100&h=100&fmt=auto,"2,602 Reviews","Benefits
Oil-free face cleanser removes excess oil, impurities and makeup without irritating sensitive skin
Gentle cleanser formula for dry skin restores comfort and helps retain moisture
Milky-cream face cleanser texture leaves dry skin feeling fresh and comfortable with no pore-clogging residue
Maintains the skin barrier
Hydrates the skin
Soothes the skin with niacinamide and mineral-rich La-Roche Posay Thermal Spring Water
Non-comedogenic
Fragrance Free
Oil Free
Paraben Free
Soap Free
Sulfate Free
Dermatologist and allergy tested on sensitive skin
Key Ingredients
La Roche-Posay Thermal Spring Water is naturally rich in minerals with scientifically demonstrated soothing and antioxidant properties
Ceramide-3 is a natural component of the skin barrier
Niacinamide is form of vitamin B3 with soothing properties
Glycerin moisturizes and hydrates the skin","Aqua/Water/Eau, Glycerin, Pentaerythrityl Tetraethylhexanoate, Propanediol, Ammonium Polyacryloyldimethyl Taurate, Polysorbate 60, Ceramide Np, Niacinamide, Sodium Chloride, Coco-Betaine, Disodium Edta, Caprylyl Glycol, Panthenol, Tocopherol (F.I.L. D242855/1).","Wet skin with lukewarm water. Pump cleanser into hands and work into lather. Massage into skin in a gentle, circular motion. Rinse thoroughly and pat dry without rubbing. Cleanse morning and/or evening."
pimprod2023376,Loving Tan,Deluxe Face Tan,Suncare,Self-Tanning & Bronzing,$33.00,Dark,https://media.ulta.com/i/ulta/2579641?w=100&h=100&fmt=auto,206 Reviews,"Benefits
Designed specifically for your face & décolleté
Gentle formulation that leaves the skin softer and smoother
Tinted formula for flawless application and finish
Fast absorbing and luxuriously lightweight formula
Infused with powerful antioxidants
Allows you to build a deeper tan by reapplying daily until you reach your desired color
The perfect wear 'n' go product
Perfect match to your favorite Loving Tan Mousse
Best suited for Medium to Dark skin tones
Key Ingredients
Infused with Acai Berry, Pomegranate, Aloe Vera and Green Tea to protect your skin against free radicals and enhance your complexion
Formulated Without
Parabens","Water (Aqua), Iropropyl Myristate, Dihydroxyacetone, Cetearyl Alcohol, Glyceryl Stearate, Cetearyl Glucoside, Propanediol, Ceteareth-20, Aloe Barbadensis (Aloe Vera) Leaf Extract, Camellia Sinensis (Green Tea) Leaf Extract, Punica Granatum (Pomegranate) Fruit Extract, Euterpe Oleracea (Acai) Fruit Extract, Tocopheryl Acetate, Glycerin, Pentaerythrityl Tetra-di-t-butyl Hydroxyhydrocinnamate, Hydroxyethyl Acrylate/Sodium Acryloyldimethyl Taurate Copolymer, Sodium Metaisulfite, Fragrance (Parfum), Phenoxyethanol, Ethylhexylglycerin, Coumarin, Benzyl, Benzoate, Limonene, FD&C Red No.40 (Cl 16035), FD&C Blue No.1 (Cl 42090), FD&C Yellow No.5 (Cl 19140).","Spread evenly with fingertips over face and neck. Blend lightly into hairline avoiding eyes. Wash hands, fingers and nails immediately after application with warm soapy water. After two hours, gently rinse off and pat skin dry. For a deeper colour, can be left on longer. Build daily until the required depth of colour is achieved."
pimprod2035461,Bubble,Level Up Balancing Moisturizer,Moisturizers,Face Moisturizer,$16.00,1.7 oz,https://media.ulta.com/i/ulta/2600869?w=100&h=100&fmt=auto,"1,288 Reviews","Benefits
For oily, combination, and normal skin types.
Gel texture.
Fragrance free.
Key Ingredients
Zinc PCA + Niacinamide help improve texture and radiance.
Yarrow Extract helps heal and restore moisture.
Our Bluelight Protection is a superfood protein compound helps protect against + repair blue light damage.
Formulated Without
Denatured alcohols
Parabens
Artificial color
Added fragrance","Water (Aqua), Glycerin, Caprylic/Capric Triglyceride, Cannabis Sativa (Hemp) Seed Oil, Oleyl Erucate, Niacinamide, Zinc PCA, Hydrolyzed Pea Protein, Glucose, Sodium Chloride, Sodium Succinate, Ammonium Acryloyldimethyltaurate/VP Copolymer, Acrylates/C10-30 Alkyl Acrylate Crosspolymer, Oenothera Biennis (Evening Primrose) Oil, Squalane, Achillea Millefolium Flower Extract, Ethylhexylglycerin, Neopentyl Glycol Diheptanoate, Tocopheryl Acetate, Phenoxyethanol, Sodium Phytate, Sodium Hydroxide.","After toner, apply 1-2 pumps to clean, dry skin. Use morning and night for soft, balanced skin.
Precautions: Use only as directed."
pimprod2037331,RoC,Multi Correxion Vitamin C Eye Balm Stick,Treatment & Serums,Face Serums,$32.99,0.1 oz,https://media.ulta.com/i/ulta/2605756?w=100&h=100&fmt=auto,962 Reviews,"Benefits
This cooling stick glides on invisibly with a touchless application for powerful results
Features
Dermatologist-tested
Ophthalmologist tested
Paraben-free
Fragrance-free
Non-comedogenic
Hypoallergenic
Safe for sensitive skin
Research Results
Instantly: Eyes are brighter
In 1 Week: 96% saw healthier looking eyes
In 4 Weeks: Dark circles and puffiness are reduced","Dimethicone, Ascorbic Acid, Trisiloxane, Dimethiconol, Silica Dimethyl Silylate, Dimethicone/Vinyltrimethylsiloxysilicate Crosspolymer, Tocopheryl Acetate, Troxerutin, Rubus Idaeus Leaf Cell Culture, Polygonum Aviculare Extract, Terminalia Ferdinandiana Fruit Extract, Water/Aqua/Eau, Caprylic/Capric Triglyceride, Diethylhexyl Syringylidenemalonate, Glycerin, Potassium Sorbate, Sodium Benzoate.",Swipe around the eye area AM and/or PM
pimprod2029951,The Ordinary,"Salicylic Acid 2% Anhydrous Solution, Gentle Exfoliating Serum for Blemishes",Treatment & Serums,Face Peels & Exfoliators,$7.50,1.0 oz,https://media.ulta.com/i/ulta/2590731?w=100&h=100&fmt=auto,344 Reviews,"Benefits
Targets visible reduction of apparent pore size and uneven texture, with visibly improved skin tone and clarity over time
The squalane in the formula allows to curb potential discomfort that is associated with direct acids
Features
This product uses squalane as a carrier, a non-comedogenic light emollient that has an oil-like texture
Key Ingredients
Salicylic Acid: decongests and exfoliates
4-T-Butylcyclohexanol: soothes","Squalane, Caprylic/capric Triglyceride, Pentylene Glycol, Salicylic Acid, Oleic/linoleic/linolenic Polyglycerides, 4-t-butylcyclohexanol, Hydroxymethoxyphenyl Decanone, Phenoxyethanol, Chlorphenesin.","Apply 2-3 drops in the morning and evening or for added hydration, cocktail with Natural Moisturizing Factors + HA. Apply a small dot to the target area or apply a small amount over the face for general use."
pimprod2045415,Drunk Elephant,The Littles Travel Skincare Kit,By Price,$100 and Under,$76.00,,https://media.ulta.com/i/ulta/2622997?w=100&h=100&fmt=auto,224 Reviews,"Benefits
C-Firma brightens and firms
B-Hydra delivers immediate and long-term hydration
Protini Cream improves the look of skin's tone, texture, and firmness
Umbra Tinte delivers 100% mineral SPF 30 protection
Beste No. 9 removes all traces of makeup and grime
T.L.C. Framboos gently exfoliates
Formulated Without
Drunk Elephant's game-changing skin philosophy means formulating clinically effective products with skin-friendly, research-backed ingredients and avoiding the six ingredient categories that are at the root of many common skin issues-Drunk Elephant calls them the Suspicious 6.
Formulated without: Essential Oils, Drying Alcohols, Silicones, Chemical Sunscreens, Fragrances and Dyes, SLS
Includes
C-Firma Fresh Day Serum (0.3 oz)
B-Hydra Intensive Hydration Serum (0.27 oz)
Protini Polypeptide Cream (0.5 oz)
Umbra Tinte Mineral Cream SPF 30/PA+++ (0.5 oz)
Beste No. 9 Jelly Cleanser (1.0 oz)
T.L.C. Framboos Glycolic Night Serum (0.27 oz)",See full ingredient list on packaging.,"In the morning, try a Drunk Elephant Absolute Power Smoothie. Mix one pump of C-Firma and one pump of B-Hydra with Protini Cream in the palm of your hand and apply to your face for brighter, firmer, more moisturized skin. Top it all off with Umbra Tinte for 100% mineral SPF 30 protection.
In the evening, start by cleansing with Beste No. 9 to wash away grime from the day. Then try a Drunk Elephant Holding Firm Smoothie by mixing one pump of T.L.C. Framboos and one pump of B-Hydra with Protini Cream in the palm of your hand and applying to your face for smoother, firmer, more hydrated skin.
And use the cute new zipper bag to store it all when you're done - or better yet, toss it into your carry-on and hop on a plane to an exciting weekend away."
pimprod2030349,Hero Cosmetics,Mighty Patch Surface Acne Pimple Patches,K-Beauty,,$17.99,10 ct,https://media.ulta.com/i/ulta/2591988?w=100&h=100&fmt=auto,838 Reviews,"Benefits
It's medical-grade, chemical-free, allergy tested, and gentle on all skin types
It also visibly sucks out more gunk
Extra adhesive to stay on through tossing, turning, and pillow-squishing
Each sheet is gamma sterilized before sealing
Key Ingredients
Mighty Patch is made of one mighty ingredient: Ultra high-quality hydrocolloid, a natural fluid-absorbing gel
Formulated Without
Chemical
Paraben
Phthalates
Fragrance
Synthetic Colorant",Hydrocolloid.,"See a pimple that looks ready to pop? That's when you use Mighty Patch. It works best on whiteheads to pull all the gunk out.
Precautions: For external use only. Stop using and ask a doctor if a rash and/or irritation occurs. Keep out of reach of children."
pimprod2020726,Murad,Rapid Dark Spot Correcting Serum,Treatment & Serums,Face Serums,$83.00,1.0 oz,https://media.ulta.com/i/ulta/2572369?w=100&h=100&fmt=auto,710 Reviews,"Benefits
Visibly brightens skin and reduces dark spots in 2 weeks*
Exfoliates dull skin to smooth and boost skincare benefits
Helps prevent future dark spots for a brighter, more even-toned complexion
For all skin types and tones
Key Ingredients
Patented Resorcinol Technology: exclusive to Murad, visibly improves dark spots + uneven tone.
Tranexamic Acid: helps revive dull, uneven-toned skin and prevent new dark spots.
Glycolic Acid: exfoliates dull skin to brighten and improve texture
Research Results
In 2 weeks:
84% showed a reduction in the look of dark spots*
91% saw brighter skin**
94% saw smoother skin**
*Clinically proven results via instrumental measurement of areas with dark spots. With Murad regimen.
**Proven results reported by trial participants in a 4-week clinical study, with Murad regimen.","Water/Aqua/Eau, Alcohol Denat., Glycolic Acid, Butylene Glycol, Glycerin, Methyl Gluceth-20, Tranexamic Acid, 4-Ethylresorcinol, Hexapeptide-2, Rice Amino Acids, Urea, Yeast Amino Acids, Trehalose, Inositol, Taurine, Betaine, Zinc Gluconate, Dipotassium Glycyrrhizate, Allantoin, Hydroxyethylcellulose, Sodium Metabisulfite, Sodium Sulfite, Sodium Hydroxide, PPG-26-Buteth-26, PEG-40 Hydrogenated Castor Oil, Polyquaternium-4, Disodium EDTA, Limonene, Benzyl Salicylate, Linalool, Fragrance (Parfum).","Use AM and PM. After cleansing, massage evenly over face and neck. Follow with a moisturizer. Use a sunscreen during the day.
Reduce frequency if sensitivity occurs."
pimprod2030180,La Roche-Posay,Anthelios UV Correct SPF 70 Daily Face Sunscreen with Niacinamide,Suncare,Sunscreen,$37.99,1.7 oz,https://media.ulta.com/i/ulta/2591831?w=100&h=100&fmt=auto,803 Reviews,"Benefits
Formulated with niacinamide to help visibly fade discoloration
Non-whitening, lightweight sheer finish lotion texture blends easily into all skin tones
A powerful antioxidant complex helps protect skin from free radicals caused by UV rays
Formulated and rigorously tested for skin tolerance, even on sensitive skin
Allergy tested
Sensitive Skin Tested
Non-comedogenic
Dermatologist Tested for Safety
Key Ingredients
Cellox-B3 Shield® Technology: broad spectrum UVA/UVB protection with antioxidants & niacinamide Niacinamide helps visibly fade skin discoloration
Niacinamide helps visibly fade skin discoloration
Senna Alata, a tropical leaf extract known to defend the skin against damaging free radicals caused by the sun that can accelerate skin aging
La Roche-Posay Thermal Spring Water is naturally rich in minerals with scientifically demonstrated soothing and antioxidant properties
Formulated Without
Oil
Parabens
Fragrance
Oxybenzone
Octinoxate","Water, Polymethylsilsesquioxane, Dimethicone, Glycerin, Dicaprylyl Ether, Niacinamide, Poly C10-30 Alkyl Acrylate, Styrene/Acrylates Copolymer, Silica, Caprylyl Methicone, Acrylates/Dimethicone Copolymer, Diethylhexyl Syringylidenemalonate, Glyceryl Stearate, Peg-100 Stearate, Phenoxyethanol, Tocopherol, Potassium Cetyl Phosphate, Propylene Glycol, Caprylyl Glycol, Panthenol, Acrylates/C10-30 Alkyl Acrylate Crosspolymer, Triethanolamine, Peg-8 Laurate, Inulin Lauryl Carbamate, Chlorphenesin, Trisodium Ethylenediamine Disuccinate, P-Anisic Acid, Caprylic/Capric Triglyceride, Xanthan Gum, Cassia Alata Leaf Extract, Maltodextrin, Sodium Dodecylbenzenesulfonate, Disodium Edta.","Step 1: Apply generously 15 minutes before sun exposure.
Step 2: Reapply at least every 2 hours
Step 3: Use a water resistant sunscreen if swimming or sweating.
Step 4: If used with other skincare products, use as a last step in regimen. Can be used alone or under makeup.
Sun Protection Measures: read back of packaging. Children under 6 months of age: ask a doctor.
Precautions: For external use only. Do not use on damaged or broken skin. Keep out of eyes. Rinse with water to remove. Keep out of reach of children. If swallowed, get medical help or contact a Poison Control Center right away."
pimprod2008508,TULA,So Polished Exfoliating Sugar Face Scrub,Treatment & Serums,Face Peels & Exfoliators,$34.00,2.9 oz,https://media.ulta.com/i/ulta/2549757?w=100&h=100&fmt=auto,"1,275 Reviews","Benefits
Reveals smoother, brighter & more even-looking skin
Melts away excess sebum, buildup & debris without stripping skin
Provides gentle yet effective chemical & physical exfoliation
Smells like a beach vacation
Dermatologist-tested
Key Ingredients
Probiotic Extracts: help improve skin smoothness
Sugar: provides gentle physical exfoliation
Papaya & Pineapple Enzymes: naturally-derived fruit enzymes that brighten & exfoliate to remove impurities
Does not contain live cultures","Sucrose, Propylene Glycol Dicaprylate/dicaprate, Octyldodecanol, PEG-7 Glyceryl Cocoate, Mangifera Indica (mango) Seed Butter, Candelilla Cera/euphorbia Cerifera (candelilla) Wax/cire De Candelilla, Disteardimonium Hectorite, Lactococcus Ferment Lysate, Bromelain, Papain, Lactic Acid, Carica Papaya (papaya) Fruit Extract, Citrus Limon (lemon) Fruit Extract, Ananas Sativus (pineapple) Fruit Extract, Vitis Vinifera (grape) Seed Extract, Tocopheryl Acetate, Aqua/water/eau, Glycerin, Propylene Carbonate, Butylene Glycol, Sodium Chloride, Sodium Benzoate, Phenoxyethanol, Fragrance (parfum), Limonene, Benzyl Salicylate, Hydroxycitronellal.","Gently massage a dime-size amount of scrub into wet skin for 30-60 seconds, avoiding the eye area. Rinse with warm water. May use up to 2-4 times per week."
pimprod2030632,COOLA,Classic Face Sunscreen Mist SPF 50,Suncare,Sunscreen,$32.00,3.4 oz,https://media.ulta.com/i/ulta/2591973?w=100&h=100&fmt=auto,469 Reviews,"Benefits
Powerful SPF 50 protection.
Enriched with antioxidant-rich Plant Protection complex
70%+ certified organic ingredients
Broad Spectrum SPF 50 UVA/UVB protection
Water Resistant (80 minutes)
Dermatologist tested
Farm to Face
Hawaii Reef Compliant
Gluten Free","Avobenzone 2.9%, Octisalate 4.9%, Octocrylene 9.5% Alcohol (ORGANIC), Butyloctyl Salicylate, Ethylhexyl Methoxycrylene, Polyester-8, Fragrance (Natural), VA/Butyl Maleate/Isobornyl Acrylate Copolymer, Carthamus Tinctorius (Safflower) Seed Oil (ORGANIC), Rubus Idaeus (Raspberry) Seed Oil (ORGANIC), Mauritia Flexuosa (Buriti) Fruit Oil (ORGANIC), Limnanthes Alba (Meadowfoam) Seed Oil, Brassica Campestris (Rapeseed) Seed Oil, Camellia Sinensis Leaf Extract (ORGANIC), Glycyrrhiza Glabra (Licorice) Root Extract (ORGANIC), Opuntia Ficus-Indica Flower Extract, Camelina Sativa Seed Oil, Bisabolol (ORGANIC), Glycerin (ORGANIC), Water, Ethyl Ferulate, Diisooctyl Succinate.","SHAKE WELL before use. With your eyes completely closed, mist face evenly, holding bottle 10-12 inches away from face. Wait until dry. apply liberally 15 minutes before sun exposure reapply after 80 minutes of swimming or sweating, immediately after towel drying, at least every 2 hours.
Sun Protection Measures. Spending time in the sun increases your risk of skin cancer and early skin aging. To decrease this risk, regularly use a sunscreen with a broad spectrum SPF of 15 or higher and other sun protection measures including limit time in the sun, especially from: 10 am-2 pm, wear long-sleeve shirts, pants, hats, and sunglasses. Children under 6 months, ask a doctor."
pimprod2007847,SUNDAY RILEY,C.E.O. 15% Vitamin C Brightening Serum,Treatment & Serums,Face Serums,$85.00,1.0 oz,https://media.ulta.com/i/ulta/2550151?w=100&h=100&fmt=auto,767 Reviews,"Benefits
#1 brightening specialist in the US based on FY 2021 dollars sold in NPD.
A hydrating, antioxidant formula that reinforces the skin's moisture barrier for a skin-smoothing glow
Visual improvement of lines and wrinkles, dark spots and dullness
Instantly brightens the complexion with radiance reduces the appearance of redness and skin sensitivity
Diminishes the appearance of pores
Firms, plumps and restores youthful skin bounce
For all skin types
Vegetarian
Cruelty-free
Key Ingredients
THD Ascorbate is an extremely stable, oil soluble form of Vitamin C. It helps fight the signs of aging including dullness, visible loss of firmness and the appearance of dark spots, lines and wrinkles and surface redness.
Phytosterols Complex is isolated from soybeans and containing at least 40% ß-sitosterol. These concentrated phytosterols help reduce the look of redness due to skin sensitivity.
Saccharide Isomerate extract reduces the appearance of pores while reinforcing the skin's moisture barrier for smooth, youthful texture.
Glycolic Acid is an AHA, which refines skin texture and keeps the pH of the formula in the right zone for maximum effectiveness.
Formulated Without
Parabens, sulfates, gluten, phthalates, soy, and artificial fragrance","Water/ Eau/ Aqua, Tetrahexyldecyl Ascorbate, Squalane, Polyglyceryl-6 Distearate, PEG-8 Beeswax, Limonene, Citrus Aurantium Dulcis (Sweet Orange) Peel Oil, Citrus Tangerina (Tangerine) Peel Oil, Glycine Soja (Soybeans) Sterols, PPG-12/SMDI Copolymer, Sodium Phytate, Tocopherol, Phenoxyethanol, Acetamidoethoxyethanol, Hydroxyethyl Acrylate/Sodium Acryloyldimethyl Taurate Copolymer, Sodium Acrylate/Sodium Acryloyldimethyl Taurate Copolymer, Jojoba Esters, Glycolic Acid, Caprylyl Glycol, Cetyl Alcohol, Polyglyceryl-3 Beeswax, Chlorphenesin, Glycerin, Polysorbate 60, Sorbitan Isostearate, Saccharide Isomerate, Linalool.","Apply 1-2 pumps to clean skin, morning or night. Can be followed with Vitamin C Rich Hydration Cream or Tidal Brightening Enzyme Water Cream. Vitamin C pairs well with retinol, like Luna Sleeping Night Oil."
pimprod2052325,Dior,Addict Lip Glow Butter,Lips,Lip Balms & Treatments,$42.00,101 Glazed Pink,https://media.ulta.com/i/ulta/2639603?w=100&h=100&fmt=auto,"1,273 Reviews","Benefits
Dior Addict Lip Glow Butter is infused with a peptide and ceramide duo to instantly enhance your lips' appearance.
The rich, buttery formula deeply hydrates for 24 hours while visibly smoothing and plumping lips.
Discover 5 high-shine, non-sticky colors in 2 finishes - glossy or pearlescent.
Research Results
In an instrumental test on 30 subjects, Dior Addict Lip Glow Butter visibly smooths and plumps lips, and provides deep hydration for 24 hours.
The formula is infused with a peptide and ceramide duo to support the skin barrier for 24 hours.","101 Glazed Pink: Bis-Diglyceryl Polyacyladipate-2, Dimer Dilinoleyl Dimer Dilinoleate, Polyglyceryl-2 Triisostearate, Methyl Hydrogenated Rosinate, Ricinus Communis (Castor) Seed Oil, Squalane, Glyceryl Behenate/Eicosadioate, C12-15 Alkyl Benzoate, Stearalkonium Hectorite, Parfum (Fragrance), 1,2-Hexanediol, Propylene Carbonate, Synthetic Fluorphlogopite, Hydroxystearic Acid, Tribehenin, Ethyl Vanillin, Menthol, Prunus Avium (Sweet Cherry) Seed Oil, Ammonium Glycyrrhizate, Ceramide Ng, Stearic Acid, Peg-10 Phytosterol, Tocopherol, Mentha Piperita (Peppermint) Oil, Vanillin, Lactic Acid, Trimethylolpropane Triisostearate, Anethole, Beta-Caryophyllene, Pinene, Limonene, Terpineol, Tin Oxide, Palmitoyl Hexapeptide-12, Propyl Gallate. May Contain: CI 77891 (Titanium Dioxide), CI 45410 (Red 28 Lake), CI 77492 (Iron Oxides).","Wear Dior Addict Lip Glow Butter during the day as a hydrating, glossy lip treatment that also adds subtle color to your lips.
Apply a thick coat before bed to use as an overnight lip mask for deep hydration.
Boost the feeling of hydration and get a ""custom"" color on your lips by applying over your Dior Addict Lip Glow balm."
pimprod2046121,CeraVe,AM Lotion Face Moisturizer with SPF 50 for Balanced to Oily Skin,Moisturizers,Face Moisturizer,$19.99,3.0 oz,https://media.ulta.com/i/ulta/2625700?w=100&h=100&fmt=auto,15 Reviews,"Benefits
Hydrating daily face moisturizer with SPF
Micro-fine zinc oxide sunscreen
Provides broad spectrum SPF 50 sunscreen protection to help protect your skin from damaging UVA and UVB rays.
Spreads easily, is absorbed quickly, and leaves a non-greasy finish
Lightweight formula that blends easily into all skin tones with no white residue
Anti-Aging moisturizer with Hyaluronic Acid to retain skin's moisture and Niacinamide to help calm skin.
Leaves skin feeling smooth, moisturized, nourished, soothed, and protected from dryness
Recommended by the Skin Cancer Foundation
Gentle on skin, non-comedogenic, non-greasy, fragrance-free, paraben-free, and suitable for use under makeup without pilling
Developed with dermatologists, CeraVe is the #1 Dermatologist Recommended Skin Care Brand
Key Ingredients
Broad Spectrum SPF 50: A micro-fine zinc oxide sunscreen for UVA/UVB protection
Hyaluronic Acid: This ingredient attracts hydration to the skin’s surface and helps the skin retain moisture
Niacinamide: Helps calm the skin
MVE Technology: Delivers hydration throughout the day
Ceramides: Essential for healthy skin, ceramides help restore and maintain the skin’s natural barrier.
Formulated Without
Parabens
Fragrance","Water, Glycerin, Dimethicone, Propanediol, Butyloctyl Salicylate, Steareth-20, Cellulose, Niacinamide, Ethylhexyl Methoxycrylene, Steareth-2, Ceramide Np, Ceramide Ap, Ceramide Eop, Sorbitan Isostearate, Carbomer, Glycine Soja (Soybean) Oil, Triethoxycaprylylsilane, Cetearyl Alcohol, Behentrimonium Methosulfate, Triethyl Citrate, Sodium Hyaluronate, Sodium Lauroyl Lactylate, Cholesterol, Ammonium Polyacryloyldimethyl Taurate, Tocopherol, Chlorphenesin, Hydroxyacetophenone, Caprylyl Glycol, Hydroxyethyl Acrylate/Sodium Acryloyldimethyl Taurate Copolymer, Trisodium Ethylenediamine Disuccinate, Phytosphingosine, Xanthan Gum, Polyhydroxystearic Acid, Polysorbate 60, Oryza Sativa (Rice) Bran Wax, Benzoic Acid, C12-22 Alkyl Acrylate/Hydroxyethylacrylate Copolymer.","Ages 18+. Children under 6 months: ask a doctor
Unlock the pump for first time use by twisting it to the left and pressing down several times until the product comes out. Note: You may actually have to press down on the pump as many as 10-20 times for the product to initially begin dispensing lotion.
Apply liberally 15 minutes before sun exposure, blending thoroughly into skin.
Reapply: at least every 2 hours and after swimming or sweating.
Use a water resistant sunscreen if swimming or sweating
Facial Skin Care Regimen:
Cleanse face with CeraVe Hydrating Cleanser or CeraVe Foaming Facial Cleanser.
Treat face with CeraVe Hydrating Hyaluronic Acid Serum to replenish skin hydration while helping restore the protective skin barrier.
Moisturize and Protect by applying CeraVe AM Face Moisturizer liberally 15 minutes before sun exposure.
Reapply CeraVe AM Face Moisturizer at least every 2 hours
Moisturize at night with CeraVe PM Face Moisturizer, a night cream that moisturizes throughout the night and helps restore the protective skin barrier
Precautions: Protect this product from excessive heat and direct sun."
pimprod2036437,Philosophy,Microdelivery Exfoliating Daily Facial Wash,Cleansers,Cleansing Exfoliators,$32.00,8.0 oz,https://media.ulta.com/i/ulta/2603446?w=100&h=100&fmt=auto,"3,105 Reviews","Features
Cleanser that leaves skin feeling smooth and soft
Provides gentle exfoliation
Scrubs away build-up, dead skin cells and dry skin
Key Ingredients
Formulated with fine grain desert earth and a gentle amino acid derived cleansing system
Research Results
96% Said skin felt smooth and soft*
98% Said microdelivery exfoliating daily facial cleanser provides gentle exfoliation*
94% Said the product helps scrub away build up, dead skin cells and dry skin*
*Based on a 1-week self-assessment study with 50 women ages 25-55 with once daily use","Aqua/Water/Eau, Solum Diatomeae/Diatomaceous Earth/Terre De Diatomees, Acrylates Copolymer, Sodium Cocoyl Apple Amino Acids, Glycerin, Decyl Glucoside, Disodium Cocoamphodiacetate, Lauryl Glucoside, Hydroxyacetophenone, Sodium Hydroxide, Polysorbate 20, Hydroxyethylcellulose, Acrylates/C10-30 Alkyl Acrylate Crosspolymer, Hexylene Glycol, 1,2-Hexanediol, Caprylyl Glycol, Citrus Aurantium Dulcis (Orange) Peel Extract, Limonene, Panthenol, Citrus Aurantium Dulcis (Orange) Juice, Tetrasodium Glutamate Diacetate, Trisodium Ethylenediamine Disuccinate, Disodium Phosphate, Polysorbate 60, Helianthus Annuus (Sunflower) Seed Oil, Sodium Phosphate, Tocopherol, Tocotrienols, Borago Officinalis Seed Oil, Triolein, Trilinolein.","Apply the exfoliator to slightly damp face and massage for thirty to sixty seconds. rinse thoroughly. Use once a day, morning or night.
Precautions: Avoid direct contact with eyes."
pimprod2034651,Hero Cosmetics,Mighty Patch Micropoint for Blemishes Patches,Treatment & Serums,Acne & Blemish Treatments,$12.99,8 ct,https://media.ulta.com/i/ulta/2599901?w=100&h=100&fmt=auto,"1,686 Reviews","Benefits
Shorten the life cycle of a pimple
Reduced pain
Faster healing
Features
Proprietary Micropoint Technology Unique pyramid-shaped micropoint needles designed with an ultrafine tip, so they’re easier to use, even on sensitive areas
Seamless Fit Made with thinner hydrocolloid and more adhesive, so it stays put until the job is done
Bigger and Badder 18-millimeter patches have enough coverage to take down any size pimple
Key Ingredients
Salicylic Acid (unclog pores)
Beta Glucan (calm upset skin)
Hyaluronic Acid (super skin-hydrator)","Salicylic Acid 0.5%, Sodium Hyaluronate, Butylene Glycol, Trehalose, Glycerin, Propanediol, 1,2-Hexanediol, Madecassoside, Melaleuca Alternifolia (Tea Tree) Leaf Oil, Beta-Glucan, Totarol, Dipotassium Glycyrrhizate, Caprylyl Glycol, Ethoxydiglycol, Ethylhexylglycerin.","Micropoint works best on early-stage pimples that haven't yet surfaced as a whitehead. Ensure skin is cleansed before applying.
Apply patch. Press down for 15-30 seconds to ensure the micro needles penetrate the skin and the outer edge is properly adhered.
Wear for at least 6 and no more than 10 hours. Peel off and moisturize area. Allow 1-2 days between patches."
pimprod2040091,PEACH & LILY,Copper Peptide Pro Firming Serum,Treatment & Serums,Face Serums,$49.00,1.01 oz,https://media.ulta.com/i/ulta/2612448?w=100&h=100&fmt=auto,311 Reviews,"Benefits
Visibly erases the appearance of fine lines and deeply etched wrinkles
Promotes visibly firmer and bouncier-looking skin
Delivers a burst of hydration for smooth, supple skin
Supports the skin barrier for more resilient and youthful-looking skin
Visibly improves signs of free-radical damage and inflammation
Ideal for those looking to prevent and visibly reverse the look of fine lines and wrinkles
100% Worry Free: Peach & Lily formulas are non-toxic, alcohol-free, fragrance-free, & gluten-free
Key Ingredients
Potent 0.2% Copper Peptide: one of the biggest powerhouse peptides impacting skin texture and strength, prevents and reverses the appearance of fine lines and wrinkles
12 additional high-performing peptides: penetrate deep into skin to boost firming and smoothing benefits
4 powerhouse amino acids: essential building blocks of collagen and elastin, amplify peptide results and help skin retain moisture
Hyaluronic Acid and Squalane: deeply hydrate and maximize skin’s elasticity
Time-tested Korean Root Extracts: chicory root and shiitake mushroom calm skin and visibly protect against environmental stressors
Research Results
96% noticed a visible improvement in skin firmness*
*Results from a third party consumer study","Water, Dipropylene Glycol, Glycerin, 1,2-Hexanediol, Betaine, Copper Tripeptide-1, Acetyl Hexapeptide-8, Palmitoyl Tripeptide-1, Tetrapeptide-21, Tetrapeptide-30, Heptasodium Hexacarboxymethyl Dipeptide-12, Acetyl Tetrapeptide-5, Palmitoyl Tripeptide-38, Palmitoyl Pentapeptide-4, Dipeptide-2, Tripeptide-1, Hexapeptide-9, Nonapeptide-1, Collagen Extract (Vegan), Serine, Methionine, Cysteine, Arginine, Acmella Oleracea Extract, Alpha-Glucan Oligosaccharide, Sodium PCA, Ulmus Davidiana Root Extract, Cichorium Intybus (Chicory) Root Extract, Helianthus Tuberosus Root Extract, Tremella Fuciformis (Mushroom) Extract, Fomes Officinalis (Mushroom) Extract, Lentinus Edodes (Shiitake Mushroom) Extract, Pyrus Malus (Apple) Fruit Extract, Lens Esculenta (Lentil) Fruit Extract, Citrullus Lanatus (Watermelon) Fruit Extract, Sodium Acetylated Hyaluronate, Hydrolyzed Hyaluronic Acid, Hyaluronic Acid, Sodium Hyaluronate, Sodium Hyaluronate Crosspolymer, Potassium Hyaluronate, Squalane, Ficus Carica (Fig) Fruit Extract, Cynanchum Atratum Extract, Hydroxypropyltrimonium Hyaluronate, Ocimum Sanctum Leaf Extract, Melia Azadirachta Leaf Extract, Curcuma Longa (Turmeric) Root Extract, Corallina Officinalis Extract, Solanum Melongena (Eggplant) Fruit Extract, Coccinia Indica Fruit Extract, Gellan Gum, Butylene Glycol, Adenosine, Aloe Barbadensis Flower Extract, Melia Azadirachta Flower Extract, Polyglyceryl-10 Eicosanedioate/Tetradecanedioate, Polyquaterium-51, Sodium Polyacryloyldimethyl Taurate, Hydroxypropyl Cyclodextrin, Ethylhexylglycerin, Hydroxyethylcellulose, Caprylyl Glycol.","Apply to skin after cleansing and toning. Apply before or after Glass Skin Refining Serum for enhanced results. Follow up with a moisturizer like Peptide Pro Firming Moisturizer.
For external use only. Avoid contact with eyes. Keep out of reach of children. Store in a cool, dry place."
pimprod2045575,Clinique,Smart Clinical Repair Overnight Recovery Face Cream + Mask,Treatment & Serums,Face Masks,$80.00,1.7 oz,https://media.ulta.com/i/ulta/2626367?w=100&h=100&fmt=auto,421 Reviews,"Benefits
Helps restore your skin barrier, which is naturally weaker at night. A weaker barrier makes skin more susceptible to external factors, which makes it more prone to sensitivity.
Optimizes skin's natural nightly repair process, visibly reducing lines and wrinkles and soothing the look of sensitivity.
Plumps and reduces fine, dry lines overnight.
Visibly corrects wrinkles, smooths skin, and boosts radiance over time.
Delivers rich, deep hydration.
Dermatologist tested. Safe for sensitive skin.
Allergy tested. 100% fragrance free.
Key Ingredients
Adenosine: Naturally occurring nocturnal biomolecule helps visibly quell irritation, ''turning down,'' or soothing, sensitivity.
Peptides: Help boost skin's strength for a smoother appearance. Formula includes ''neuropeptide'' and ''signaling peptides'': Palmitoyl tripeptide-1, Acetyl hexapeptide-8, Palmitoyl tetrapeptide-7.
12% hyaluronic acid solution: Helps hydrate to visibly smooth fine, dry lines.
Research Results
Overnight:
Skin is hydrated, feels soothed, and skin barrier is strengthened
In 1 week:
Crow's feet, forehead lines, nasolabial folds and neck lines are visibly reduced*
In 2 weeks:
97% show reduced facial lines**
92% say skin looks healthier***
94% say skin looks smoother***
92% say skin looks radiant***
*Clinical testing on 33 women, after using the product for 1 week
**Facial lines refers to crow's feet lines. Clinical testing on 33 women, after using the product for 2 weeks
***Consumer testing on 132 women, after using the product for 2 weeks","Water\Aqua\Eau, Isostearyl Neopentanoate, Glycerin, Butylene Glycol, Glyceryl Stearate, Peg-100 Stearate, Dimethicone, Cetearyl Alcohol, Glycereth-26, Acetyl Glucosamine, Sodium Hyaluronate, Hypnea Musciformis Extract, Gelidiella Acerosa Extract, Centaurium Erythraea (Centaury) Extract, Dictyopteris Polypodioides Extract, Caffeine, Astrocaryum Murumuru Seed Butter, Saccharomyces/Xylinum/Black Tea Ferment, Yeast Extract\Faex\Extrait De Levure, Whey Protein\Lactis Protein\Protéine Du Petit-Lait, Glycine Soja (Soybean) Protein, Petrolatum, Cetearyl Glucoside, Isohexadecane, Caprylyl Glycol, Adenosine, Aminopropyl Ascorbyl Phosphate, Soy Amino Acids, Hexylene Glycol, Micrococcus Lysate, Acetyl Hexapeptide-8, Ergothioneine, Palmitoyl Tripeptide-1, Palmitoyl Tetrapeptide-7, Biotin, Cetyl Alcohol, Acrylates/C10-30 Alkyl Acrylate Crosspolymer, Sorbitan Oleate, Lecithin, Polysorbate 80, Polysorbate 20, Tromethamine, Citric Acid, Acrylamide/Sodium Acryloyldimethyltaurate Copolymer, Hydroxyethylcellulose, Carbomer, Calcium Chloride, Tocopheryl Acetate, Sodium Citrate, Disodium Edta, Phenoxyethanol, Sodium Benzoate, Potassium Sorbate, Mica, Titanium Dioxide (CI 77891).","Apply to face and neck at night after using Clinique Smart Clinical Repair Wrinkle Correcting Serum.
Use nightly as a face cream or apply in a thicker layer as a leave-on mask as needed.
Follow with Clinique Smart Clinical Repair Wrinkle Correcting Eye Cream for the ultimate nighttime routine for ageless skin."
pimprod2028062,Drunk Elephant,C-Firma Fresh Vitamin-C Day Serum,Treatment & Serums,Face Serums,$79.00,0.94 oz,https://media.ulta.com/i/ulta/2588435?w=100&h=100&fmt=auto,"1,429 Reviews","Benefits
Designed to be mixed by you before its first use, which maximizes the potency of its delicate (but powerful) ingredients while keeping the formula fresh
Visibly diminishes signs of aging and photodamage, leaving the skin incredibly radiant and luminous
Enzymatically dissolves surface dead skin cells as it hydrates and soothes
Reveals a brighter, firmer complexion
Formulated at a skin-friendly pH of 2.5
When worn under your sunscreen during the day, C-Firma Fresh works hard to ward off pollution and UV-generated free radical damage
Dermatologist Tested
Formulated without the Suspicious 6 - the six ingredients Drunk Elephant believes are at the root of almost every skin issue (Essential oils, Silicones, Chemical sunscreens, SLS, Fragrances + dyes, and Drying alcohols)
Key Ingredients
L-Ascorbic Acid: improve fine lines, wrinkles, and hyperpigmentation and help brighten skin
Ferulic Acid: protects against UV-generated free radicals
1.0% Tocopherol: aka vitamin E, helps maintain moisture levels, and soothes irritation
Research Results
In a clinical study with 30 people after 4 weeks:
100% showed improvement in skin's tone and radiance
96% showed improvement in overall hyperpigmentation
93% showed smoother skin texture","Water/Aqua/Eau, Dimethyl Isosorbide, Ascorbic Acid, Laureth-23, Glycerin, Tocopherol, Lactobacillus/Pumpkin Ferment Extract, Sclerocarya Birrea Seed Oil, Dipotassium Glycyrrhizate, Glycyrrhiza Glabra (Licorice) Root Extract, Vitis Vinifera (Grape) Juice Extract, Ferulic Acid, Phyllanthus Emblica Fruit Extract, Camellia Sinensis Leaf Extract, Lactobacillus/Punica Granatum Fruit Ferment Extract, Propanediol, Gluconolactone, Sodium Hyaluronate Crosspolymer, Sodium Hyaluronate, Oryza Sativa (Rice) Bran Extract, Glutamylamidoethyl Imidazole, Tetrahydrobisdemethoxydiferuloylmethane, Tetrahydrodemethoxydiferuloylmethane, Tetrahydrodiferuloylmethane, Pentylene Glycol, Caprylhydroxamic Acid, Leuconostoc/Radish Root Ferment Filtrate, Sorbic Acid, Phenoxyethanol, Sodium Benzoate, Caprylyl Glycol, Chondrus Crispus (Carrageenan) Extract, Ethylhexylglycerin.","STEP 1
Tap to loosen powder.
STEP 2
Slowly pour liquid into powder.
STEP 3
Screw pump on tightly and wipe clean.
STEP 4
Shake until powder is dissolved.
STEP 5
Snap onto white bottle with nozzle facing left and white bottle facing forward.
Mix it once and you're good to glow! Suggested Use: In the morning, apply one pump to a clean, dry face, neck, chest, and backs of hands, or mix it into your daily Drunk Elephant skincare smoothie. Don't forget to top it off with sunscreen!
Smoothie Tip: ""Glow Big or Go Home Smoothie""- 1 pump C-Firma +1 pump D-Bronzi+1 pump B-Hydra, for a just-got-back-from-somewhere- sunny glow.
How to Recycle:
For the liquid serum base, remove the cap and toss the bottle into the recycling bin after assembling.
Pop off the top.
Unscrew the clear vial from the top.
Recycle the vial + outer container.
Precautions: Use only as directed. For external use only. Avoid contact with eyes."
pimprod2045858,MEDIHEAL,Madecassoside Blemish Pad,Treatment & Serums,Acne & Blemish Treatments,$24.00,100 ct,https://media.ulta.com/i/ulta/2626995?w=100&h=100&fmt=auto,53 Reviews,"Benefits
Proven to help improve the appearance of uneven skin tone and dark spots by 16% in four weeks
Instantly helps improve rough skin texture by 19%
Instantly helps soothe irritated skin
Features
Made with Gauze Pads
Sized (2.6"") to cover a wide area
Rounded corners for a perfect fit on skin
Key Ingredients
Formulated with MEDIHEAL's proprietary CalmingTox complex and liposome delivery system for optimal results
Microparticlized CalmingTo: Centella Asiatica 2-Time Extraction - Madecassoside in 2X Amounts - With Liposome-based Technology - Microparticlized","Water, Dipropylene Glycol., Glycereth-26, Niacinamide, Glycerin, 1,2-Hexanediol, Diphenyl Dimethicone, Triethylhe xanoin, Hydroxyacetophenone, Hydrogenated Lecithin, Polyglyceryl-10 Oleate, Centella Asiatica Extract, Dipotassium Glycyrrhizate, Sodium Citrate, Allantoin, Octyldodeceth-16, Citric Acid, Disodium EDTA, Polyglyceryl-10 Laurate, Juniperus Virginiana Oil, Butylene Glycol, Artemisia Vulgaris Oil, Pogostemon Cablin OiL, Madecassoside, Rosmarinus Officinalis (Rosemary) Leaf Oil, Viola Odorata Leaf Extract, Centella Asiatica Root Extract, Centella Asiatica Leaf Extract, Saccharomyces Ferment, Mangifera Indica (Mango) Fruit Extract, Lactobacillus Ferment, Asiaticoside, Madecassic Acid, Asiatic Acid.","As a treatment mask: Apply on targeted areas (forehead, cheeks and chin) after cleansing for an intensive treatment. Leave on for 15 minutes, remove and let the remaining serum absorb into skin.
As a treatment pad: After cleansing, gently swipe across skin to tone, moisturize and prep skin. Can be used daily both in the AM and PM."
pimprod2044724,Loving Tan,2 HR Express Dark Self-Tanning Kit,By Category,Skin Gifts,$28.00,,https://media.ulta.com/i/ulta/2622908?w=100&h=100&fmt=auto,12 Reviews,"Benefits
Loving Tan's professional strength formula contains high concentrations of active ingredients, giving you a darker tan in one layer.
Natural olive color.
The built-in color guide contains an instant bronzer, making the application foolproof.
Achieve a dark and natural-looking tan in just 2 hours.
Quick drying in as little as 60 seconds.
Perfect for tanning on-the-go.
Best suited for Medium to Dark skin tones.
Proudly Australian made.
Key Ingredients
Naturally derived DHA
Hydrating Aloe Vera base
Includes
2 HR Express Mousse Dark (1.6 oz)
Deluxe Applicator Mitt (1 ct)","Water (Aqua/Eau), Dihydroxyacetone, Propylene Glycol, Ethoxydiglycol, Panthenol, Erythrulose, Hamamelis Virginiana (Witch Hazel) Water, Decyl Glucoside, Phenoxyethanol, Ethylhexylglycerin, Juglans Nigra (Black Walnut) Shell Extract, Aloe Barbadensis (Aloe Vera) Leaf Juice, Fragrance (Parfum), Hydroxypropyl Methylcellulose, Sodium Metabisulfite, Dimethicone Peg-8 Phosphate, Alcohol, Citric Acid, Salix Alba Bark Extract, Maltodextrin, Benzyl Benzoate, Benzyl Salicylate, Coumarin, CI 16035 (FD&C Red 40), CI 17200 (D&C Red 33), CI 19140 (FD&C Yellow 5), CI 42090 (FD&C Blue 1).","For best results, apply to clean, dry and exfoliated skin. Apply moisturiser liberally to hands, wrists, elbows, feet, ankles and
knees. Pump mousse onto your Loving Tan Deluxe Applicator Mitt. Using circular motions, apply mousse to your body, blending as you go for even coverage.
Allow 60 seconds before dressing. Avoid perspiration or water while your tan develops. After 2 hours, shower off the colour guide to reveal a gorgeous natural tan. Your tan will continue to darken and develop for up to 24 hours."
pimprod2045636,Naturium,Multi-Peptide Advanced Serum,Treatment & Serums,Face Serums,$24.99,1.0 oz,https://media.ulta.com/i/ulta/2627242?w=100&h=100&fmt=auto,143 Reviews,"Benefits
Helps improve texture for a smoother complexion
Supports firmer-looking skin
Hydrates & plumps for a lifted effect
Dermatologist tested
Fragrance free
Vegan, paraben & cruelty free
Features
Encapsulation technology stabilizes active ingredient, minimizes interactions with other ingredients, and provides optimal absorption & penetration into skin
Promotes bioavailability by allowing for controlled & extended release of active ingredients by addressing specific skin concerns
Key Ingredients
Encapsulated Copper Peptides: help promote younger-looking skin by reducing the appearance of fine lines & wrinkles
Argireline Amplified Peptide: multi-benefit ingredient that improves texture & promotes firmer, more lifted-looking skin and improves skin radiance to support a more youthful appearance
Encapsulated Ferulic Acid: potent antioxidant that neutralizes effects & damage caused by environmental stressors that accelerate premature signs of aging, also helps support firmer-looking skin.
Hydrolyzed Vegan Collagen: fights against progressing signs of aging, reducing the appearance of fine lines & wrinkles","Aqua/Water/Eau, Propanediol, Caprylic/Capric Triglyceride, Isopentyldiol, Ethylhexyl Polyhydroxystearate, Squalane, Tetradecane, Glyceryl Stearate Citrate, Butyrospermum Parkii (Shea) Butter, Polyglyceryl-3 Stearate, Helianthus Annuus (Sunflower) Extract, Oryza Sativa (Rice) Bran Extract, Mannitol, Phosphatidylcholine, Ferulic Acid, Arginine, Acetyl Hexapeptide-8, Copper Palmitoyl Heptapeptide-14, Palmitoyl sh-Hexapeptide-13 Serine SP Amide, Hydrolyzed Collagen, Rosmarinus Officinalis (Rosemary) Leaf Extract, Lactic Acid/Glycolic Acid Copolymer, Glycerin, Tocopherol, Pullulan, Lysolecithin, Sclerotium Gum, Hydroxyethyl Acrylate/Sodium Acryloyldimethyl Taurate Copolymer, Dimethicone, Sodium Phytate, Diglycerin, Hydrogenated Lecithin, Silica, Cetyl Alcohol, Hydroxyacetophenone, Polysorbate 60, Sorbitan Isostearate, Sodium Hydroxide, Sodium Benzoate, Potassium Sorbate, Polyvinyl Alcohol, Decyl Glucoside, Xanthan Gum, Tocopheryl Acetate, Sodium Chloride, Citric Acid, Phenoxyethanol.","Apply an even layer onto face, neck and chest. For best results, follow with moisturizer.
For external use only. Use only as directed."
pimprod2016571,Bondi Sands,Everyday Gradual Tanning Milk Body Moisturizer,Suncare,Self-Tanning & Bronzing,$24.00,12.68 oz,https://media.ulta.com/i/ulta/2569568?w=100&h=100&fmt=auto,"1,228 Reviews","Benefits
24 hour hydrating and tanning body moisturizer
Effortlessly achieve a golden tan that develops within 1-3 applications
Gradual, natural-looking bronzed tan
Enriched with aloe vera and Vitamin E for healthy, glowing skin
Perfect for everyday use
Cocoa butter scent
Sulfate and silicone free
Key Ingredients
Enriched with aloe vera and vitamin E for healthy, glowing skin
Cocoa butter scent","Aqua (Water), Coco-Caprylate/Caprate, Dihydroxyacetone, Glyceryl Stearate, Polyacrylamide, Phenoxyethanol, Parfum (Fragrance), C13-14 Isoparaffin, Benzyl Alcohol, Dimethyl Isosorbide, Erythrulose, Laureth-7, Citric Acid, Potassium Cetyl Phosphate, Aloe Barbadensis Leaf Juice Powder, Butyrospermum Parkii (Shea) Butter, Tocopheryl Acetate, Isobutyl Acetate, Anisyl Alcohol.","Step 1: For an even streak free tan, ensure your skin is clean, exfoliated and free of any moisturizers.
Step 2: Apply Bondi Sands Everyday Gradual Tanning Milk evenly onto the skin in a circular motion. Wait until touch dry before dressing.
Step 3: Use daily to ensure a golden tan throughout the year. Wash hands after use.
Precautions: This product does not contain a sunscreen and does not protect against sunburn. Repeated exposure of unprotected skin while tanning may increase the risk of skin aging, skin cancer and other harmful effects to the skin even if you do not burn. Keep out of reach of children. If swallowed, get medical attention or contact the poison control center right away. For external use only. Avoid eye contact. Store below 86 degrees F."
pimprod2037765,The Ordinary,Natural Moisturizing Factors + PhytoCeramides Rich Moisturizer,Moisturizers,Face Moisturizer,$22.50,3.3 oz,https://media.ulta.com/i/ulta/2606219?w=100&h=100&fmt=auto,"1,000 Reviews","Benefits
Provides hydration
Key Ingredients
Plant-derived PhytoCeramides: help to improve the look of skin quality, for a fresher, more plumped appearance","Aqua (water), Caprylic/capric Triglyceride, Cetyl Alcohol, Propanediol, Stearyl Alcohol, Glycerin, Sodium Hyaluronate, Arginine, Aspartic Acid, Glycine, Alanine, Serine, Valine, Isoleucine, Proline, Threonine, Histidine, Phenylalanine, Glucose, Maltose, Fructose, Trehalose, Sodium Pca, Pca, Sodium Lactate, Urea, Allantoin, Linoleic Acid, Oleic Acid, Phytosteryl Canola Glycerides, Palmitic Acid, Stearic Acid, Lecithin, Triolein, Tocopherol, Carbomer, Isoceteth-20, Polysorbate 60, Sodium Chloride, Citric Acid, Trisodium Ethylenediamine Disuccinate, Pentylene Glycol, Triethanolamine, Sodium Hydroxide, Phenoxyethanol, Chlorphenesin.",Apply a small amount to the face in the morning and evening.
pimprod2033800,OSEA,Ocean Eyes Age-Defying Eye Serum,Eye Treatments,Eye Serums,$58.00,0.58 oz,https://media.ulta.com/i/ulta/2598942?w=100&h=100&fmt=auto,717 Reviews,"Benefits
Hydrates delicate skin around the eyes
Reduces appearance of dark circles, eye puffiness and under eye bags
Visibly smooths the look of fine lines and crow's feet
Skin around the eyes look brighter, healthier, and firmer
Cooling roller ball applicator awakens the entire eye area
Sustainably packaged: Roll-on bottle is made of frosted glass.
Key Ingredients
Seaweed: a seaweed blend of Undaria and red algae brightens skin under the eyes and erases the look of fatigue by reducing the look of crow’s feet and under eye bags
Caffeine: Smooths and reduces the look of crow’s feet.
Bark and Plant extract: a plant extract blend that improves the appearance of dark circles
Peptide: a biomimetic tetrapeptide that smooths the look of fine lines and wrinkles
Quinoa: clinically tested quinoa extract that acts as a peptide to reduce puffiness under the eyes
Hyaluronic Acid: helps hydrate the skin
Research Results
After 1 use: 87% agreed skin around the eyes feels immediately hydrated.*
After 2 weeks: 97% agreed skin around the eyes looked firmer, healthier, & more awake, 97% agreed skin felt smoother.*
After 4 weeks: 97% agreed eye area looked brighter & dark circles less noticeable, 94% agreed it reduced the look of under eye bags & puffiness, 94% agreed lines, crow’s feet, & wrinkles looked less visible.*
*Based on a third-party consumer perception study conducted over 4 weeks on 31 women ages 37-65.","Water / Aqua / Eau, Glycerin , Undaria Pinnatifida Extract, Corallina Officinalis Extract, Caprooyl Tetrapeptide-3, Chenopodium Quinoa Seed Extract, Caffeine, Sodium Hyaluronate, Albizia Julibrissin Bark Extract, Dextran, Darutoside, Hydrolyzed Gardenia Florida Extract, Maltodextrin, Sodium Benzoate, Potassium Sorbate, Citric Acid, Lonicera Japonica (Honeysuckle) Flower Extract, Lonicera Caprifolium (Honeysuckle) Flower Extract.",Gently roll and massage from the inner to outer corner of the under-eye area 2-3 times. Use morning and night. Keep out of eyes.
pimprod2049576,Loving Tan,2 HR Express Tanning Lotion,Suncare,Self-Tanning & Bronzing,$35.00,Dark,https://media.ulta.com/i/ulta/2634879?w=100&h=100&fmt=auto,15 Reviews,"Benefits
Treat your skin to the professional-level, natural-looking tan you've come to expect from Loving Tan's cult-favourite tanning mousses— now in an ultra-hydrating lotion infused with skincare actives.
Lightweight formula for a luxe application experience with hydrating shea butter, Vitamin E and antioxidant-rich coffee and açai extracts for a longer-lasting tan.
Formulated with an easy-to-apply color guide, a visible tint that shows exactly where the product has been applied, to ensure flawless coverage.
Fast-acting results in just 2 hours. Rinse off the colour guide and see visible results, with your final tan developing into a deeper, natural shade over the next 24 hours.
Dermatologist tested
Best suited for Medium to Dark skin tones.
Proudly Australian made.
Medium - Best suited for Light to Medium skin tones.
Dark - Best suited for Medium to Dark skin tones.
Key Ingredients
Formulated with the same proprietary naturally derived DHA blend, found in Loving Tan's professional-level mousses.
Infused with antioxidant-rich coffee and açai extract for healthy-skin.
Contains skin-enriching shea butter and vitamin E to hydrate and nourish your skin while your tan develops.
Shades
Medium - Best suited for Light to Medium skin tones.
Dark - Best suited for Medium to Dark skin tones.","Water (Aqua/Eau), Dihydroxyacetone, Cetearyl Alcohol, Isopropyl Myristate, Ethoxydiglycol, Cetearyl Ethylhexanoate, Propylene Glycol, Glyceryl Stearate, Butyrospermum Parkii (Shea) Butter, Coffea
Arabica (Coffee) Seed Extract, Euterpe Oleracea (Acai) Fruit Extract, Tocopheryl Acetate, Panthenol, Helianthus Annuus (Sunflower) Seed Cera, Shorea Robusta Resin, Glycerin, Rhus Verniciflua Peel Cera/ Rhus Succedanea Fruit Wax/Cera, Sorbitan Oleate, Olea Europaea (Olive) Oil Unsaponifiables,Ceteareth-20, Hydroxyethyl Acrylate/Sodium Acryloyldimethyl Taurate Copolymer, Citric Acid,
Fragrance (Parfum), Ethylhexylglycerin, Potassium Sorbate, Sodium Benzoate,
Phenoxyethanol, Sodium Metabisulfite, Benzyl Benzoate, Coumarin, Limonene, Fd&C Red No. 40 (Ci 16035), Fd&C Blue No.1 (Ci 42090), Fd&C Yellow No. 5 (Ci 19140).","Apply moisturiser to any dry skin areas like hands, wrists, elbows, feet, ankles and knees.
Using your Deluxe Applicator Mitt and working in sections, apply lotion to your body, blending as you go. Apply sparingly to dry areas.
After 2 hours, rinse off the colour guide, a visible tint that shows exactly where the product has been applied, and pat your skin dry.
You'll see results in 2 hours, but your final tan will continue to develop into a deeper, natural colour for up to 24 hours.
Precautions: Do not use on broken, irritated or sensitive skin. Avoid contact with eyes. Carry out a patch test 24 hours prior to use. If irritation occurs, stop use and consult a doctor. This product does not contain sunscreen and does not protect against sunburn. Repeated exposure of unprotected skin while tanning may increase the risk of skin ageing, skin cancer, and other harmful effects to the skin even if you do not burn. This product may stain so avoid contact with light coloured fabrics, furnishings & hair. Store under 86°F."
pimprod2051931,Lancôme,Génifique Ultimate Eye Cream with Beta Glucan-CM,Eye Treatments,Eye Cream,$87.00,0.67 oz,https://media.ulta.com/i/ulta/2638731?w=800&h=800&fmt=auto,4 Reviews,"Benefits
Reverses eye contour damage in just 1 week
Intense hydration: Hydrates eye area for smoother, more even-looking skin
Enhanced skin barrier repair: Reinforces the skin's natural barrier, promoting faster recovery from environmental stressors & daily aggressors
Improved skin tone & texture: Dark circles appear reduced, revealing a brighter, smoother eye area
For all skin types, including sensitive: Ophthalmologically tested & suitable for sensitive skin and contact lens wearers
Lightweight: The luxurious cream melts effortlessly into the skin, leaving a non-greasy, velvety finish
Key Ingredients
Beta Glucan-CM
Caffeine
Bifidus ferment lysate
Enoxolone","Dimethicone, Glycerin, Bifida Ferment Lysate, Propanediol, Alcohol Denat., Polysilicone-11, Silica, Dimethicone/Peg-10/15 Crosspolymer, Caffeine, Peg-10 Dimethicone, Ammonium Polyacryloyldimethyl Taurate, Chlorella Vulgaris Extract, Polygonum Fagopyrum Seed Extract/Buckwheat Seed Extract, Adenosine, Alpha-Glucan Oligosaccharide, Copper Gluconate, Faex Extract/Yeast Extract/Extrait De Levure, Glycyrrhetinic Acid, Lactobacillus, Magnesium Aspartate, Mannose, Polymnia Sonchifolia Root Juice, Salicyloyl Phytosphingosine, Sodium Carboxymethyl Beta-Glucan, Sodium Hyaluronate, Sodium Hydroxide, Trisodium Ethylenediamine Disuccinate, Zinc Gluconate, Ascorbyl Glucoside, Octyldodecanol, Boron Nitride, Acetic Acid, Acrylates/C10-30 Alkyl Acrylate Crosspolymer, Alumina, Caprylic/Capric Triglyceride, Caprylyl Glycol, Carbomer, Ceteareth-20, Ci 77891/Titanium Dioxide, Dipropylene Glycol, Hydrogenated Vegetable Oil, Lactic Acid, Maltodextrin, Pentylene Glycol, Potassium Cetyl Phosphate, Sodium Citrate, Synthetic Fluorphlogopite, Tin Oxide, Tocopherol, Bis-Peg/Ppg-16/16 Peg/Ppg-16/16 Dimethicone, Dimethiconol, Geraniol, Chlorhexidine Digluconate, Chlorphenesin, Pentaerythrityl Tetra-Di-T-Butyl Hydroxyhydrocinnamate, Sodium Benzoate, Alcohol, Parfum/Fragrance.","Apply a small amount of cream to the eye contour area twice daily, morning and evening. Gently massage in using your fingertips until fully absorbed. For optimal results, incorporate into your skincare routine after cleansing and toning."
pimprod2034142,MAËLYS,B-THICC Booty Enhancing Mask,Treatment & Serums,Body Treatments,$49.00,3.38 oz,https://media.ulta.com/i/ulta/2598315?w=100&h=100&fmt=auto,"3,907 Reviews","Benefits
Promotes a plump-looking booty
Invigorates skin for a smoother and tighter look
Free of: Parabens, SLS, and Phthalates
Key Ingredients
Mix of Mangosteen, Algae & Quince: Helps skin appear visually full and plump
Patented Glucose Complex: Helps to make the skin appear tighter and smoother
Grape Seed Oil: Brings ultimate nourishment for supple-looking skin
Research Results
MAËLYS formulas go through rigorous clinical trials conducted on panels of real women. The trial found that B-THICC is:
Clinically proven to significantly firm the skin the booty area*
Clinically proven to visibly improve skin elasticity*
*Based on a 56-day clinical trial with 32 participants
100% Saw a smoother-looking booty**
100% Saw a firmer-looking booty**
97% saw a plumper-looking booty**
**Self-assessment on 32 participants after 56 day","Water (Aqua), Glycerin, Cetearyl Alcohol, Ethylhexyl Palmitate, Synthetic Beeswax, Xylitylglucoside, Anhydroxylitol, Sodium Polyacrylate Starch, Glyceryl Stearate, Glyceryl Stearate SE, PEG-100 Stearate, Phenoxyethanol, Vitis Vinifera (Grape) Seed Oil, Xylitol, Caprylyl Glycol, Dimethicone, Hydroxyethyl Acrylate/Sodium Acryloyldimethyl Taurate Copolymer, Fragrance (Parfum), Alcohol Denat., Glucose, Xanthan Gum, Chlorella Vulgaris/Lupinus Alba Protein Ferment, Garcinia Mangostana Peel Extract, Pyrus Cydonia Seed Extract, Limonene, Sodium Benzoate, Panthenol, Sodium Hyaluronate, Disodium EDTA, Potassium Sorbate, Maltodextrin, Linalool, Blue 1 (CI 42090).","Apply a generous layer all over the booty area. Massage into the skin in circular motions until fully absorbed. Use twice daily for best results.
Boost Your Regimen! Use with leave-on B-TIGHT Lift & Firm Booty Mask for the perfect pair."
pimprod2032101,cocokind,Ceramide Barrier Nourishing Daily Serum,Treatment & Serums,Face Serums,$21.99,1.0 oz,https://media.ulta.com/i/ulta/2596547?w=100&h=100&fmt=auto,"3,312 Reviews","Benefits
Restores healthy structure and function to the skin barrier
Encourages skin's natural ceramide production
Soothes and comforts
Reduces appearance of signs of irritation and softens skin
Delivers maximum benefits with gentle lactic acid
Hypoallergenic allergy tested
Recognized by the National Eczema Association with the Seal of Acceptance
Key Ingredients
Blend of five ceramides (np, ns, ap, eos, eop) - lipids that help maintain skin's natural function, reduce moisture loss, and protect against dehydration, irritation, and signs of aging
Lipids (fatty acids, cholesterol, & squalane) - support skin's natural moisture barrier - to help seal in moisture and provide a barrier against external aggressors
Ceramide precursors (caprooyl phytosphingosine + caprooyl sphingosine) - molecules that work to encourage ceramide production and receive new ceramides
Lactic acid - helps remove dead skin cells, allowing skin-like ingredients to better absorb while increasing natural ceramide production","Aloe Barbadensis Leaf Juice*, Propanediol, Squalane**, Glycerin**, Sodium Citrate, Beta-Glucan, Lysolecithin, Sclerotium Gum, Pullulan, Xanthan Gum, Ceramide Np, Ceramide Ns, Ceramide Ap, Ceramide Eos, Ceramide Eop, Musa Sapientum (Banana) Leaf/Trunk Extract, Tocopherol***, Calcium Gluconate, Cetyl Alcohol, Caprylyl Glycol, Ceteareth-25, Arginine, Silica, Caprooyl Phytosphingosine, Caprooyl Sphingosine, Cholesterol, Gluconolactone, Lactic Acid**, Helianthus Annuus (Sunflower) Seed Oil, Sodium Benzoate, Behenic Acid.
*Certified Organic.
**Plant-Derived.
***Sunflower-Derived Vitamin E.","After cleansing and toning, gently massage or pat 2-3 drops of serum onto skin. This serum is suitable for daily use in the am and/or pm. Suggested routine; cleanse, tone, serum, moisturizer, SPF (AM)."
pimprod2038492,COSRX,Advanced Snail 92 All In One Cream,K-Beauty,,$26.00,3.52 oz,https://media.ulta.com/i/ulta/2610464?w=100&h=100&fmt=auto,"1,994 Reviews","Benefits
Nourishes & plumps
Anti-aging
Repairs damaged skin
Long lasting hydration
Key Ingredients
92% Snail Mucin
1,000 ppm sodium hyaluronate","Snail Secretion Filtrate, Betaine, Caprylic/capric, Triglyceride, Cetearyl Olivate, Sorbitan Olivate, Cetearyl Alcohol, Carbomer, Arginine, Dimethicone, Sodium Polyacrylate, Phenoxyethanol, Sodium Hyaluronate, Stearic Acid, Allantoin, Panthenol, Xanthan Gum, Ethyl Hexanediol, Adenosine.","Gently apply a proper amount of the cream on face, avoiding the eye and mouth area, after cleansing and toning. Tap the area where the cream was applied gently in order for it to be absorbed along the skin texture."
pimprod2034057,PEACH & LILY,Peptide Pro Firming Moisturizer,K-Beauty,,$45.00,1.69 oz,https://media.ulta.com/i/ulta/2597530?w=100&h=100&fmt=auto,758 Reviews,"Benefits
Dramatically reduces the appearance of lines and wrinkles
Visibly firms and plumps up skin that has lost elasticity
Restores the look of more lifted and tightened skin
Moisturizes skin with deep and long-lasting hydration
Suitable for all skin types – especially for those looking to prevent or visibly reverse signs of accelerated aging
100% Worry Free: Peach & Lily formulas are non-toxic, alcohol-free, fragrance-free, & gluten-free
Key Ingredients
12 Peptides: help build protein in the skin for a more youthful appearance
4 Amino Acids: support collagen production, and help skin look and feel more youthful
Vegan Collagen and Tremella Mushroom Extract: boost plumpness and radiance
Hyaluronic Acid Complex: draws moisture to the skin and helps skin feel more hydrated, plumped, and radiant","Water, Butylene Glycol, Sorbitol, Glycerin, Cetearyl Alcohol, Butylene Glycol Dicaprylate/Dicaprate, 1,2-Hexanediol, Caprylic/Capric Triglyceride, Hydrogenated Polydecene, C10-18 Triglycerides, Stearic Acid, Cetearyl Glucoside, Collagen Extract (Vegan), Acetyl Hexapeptide-8, Dipeptide-2, Acetyl Tetrapeptide-5, sh-Oligopeptide-1, Copper Tripeptide-1, Tripeptide-1, Palmitoyl Tripeptide-5, Palmitoyl Tripeptide-1, Nonapeptide-1, Hexapeptide-9, Palmitoyl Pentapeptide-4, sh-Polypeptide-1, Serine, Methionine, Cysteine, Arginine, Tremella Fuciformis (Mushroom) Extract,Phytosteryl/Octyldodecyl Lauroyl Glutamate, Polyglutamic Acid, Polyglyceryl-3 Methylglucose Distearate, Hydrolyzed Sodium Hyaluronate, Hydrolyzed Hyaluronic Acid, Hyaluronic Acid, Squalane, Sodium Hyaluronate, Sodium Hyaluronate Crosspolymer, Glyceryl Glucoside, Saccharomyces/Rice Ferment Filtrate, Prunus Mume Fruit Extract, Curcuma Longa (Turmeric) Root Extract, Corallina Officinalis Extract, Panax Ginseng Callus Culture Extract, Solanum Melongena (Eggplant) Fruit Extract, Prunus Armeniaca (Apricot) Fruit Extract, Aloe Barbadensis Leaf Extract, Ocimum Sanctum Leaf Extract, Adenosine, Tocopherol, Sorbitan Stearate, Carbomer, Sodium Polyacryloyldimethyl Taurate, Origanum Majorana Leaf Extract, Melia Azadirachta Leaf Extract, Melia Azadirachta Flower Extract, Aloe Barbadensis Flower Extract, Phellinus Linteus Extract, 3-O-Ethyl Ascorbic Acid, Glucose, Ethylhexylglycerin, Coccinia Indica Fruit Extract, Pentylene Glycol, Caprylyl Glycol, Tropolone, Citrus Aurantium Bergamia (Bergamot) Fruit Oil.","Apply as the last step of your skincare routine, before SPF. Can be used daily, AM and PM.
External use only. Avoid contact with eyes. Keep out of reach of children. Store in a cool, dry place."
pimprod2049388,Lancôme,Genifique Ultimate Recovery Serum with Beta-Glucan,Treatment & Serums,Face Serums,$62.00,0.67 oz,https://media.ulta.com/i/ulta/2632959?w=100&h=100&fmt=auto,"4,114 Reviews","Research Results
CLINICALLY TESTED RESULTS
93% better skin barrier repair in 1 hour*
95% of women had visibly reduced fine lines**
97% of women had smoother feeling skin**
Increased surface cell renewal/turnover in 22 days***
88% of women saw improved overall skin quality****
*Moisture Barrier Recovery vs bare skin
**Based on an 8-week study with 81 women of multi-phototypes
***Based on a 22-day study with 31 women
****Based on a clinical study with 83 women after 8 weeks
Features
Suitable for use during post-procedure recovery; can be used immediately after IPL procedure and 10 days after CO2 fractional laser treatment*
Shown to improve skin's hydration & moisture barrier function when used post-procedure
*Post-procedure must be preceded by consultation with a physician
Key Ingredients
Beta-Glucan: Known to help accelerate skin surface cell renewal, strengthen, & repair skin's moisture barrier, provide antioxidant support, help improve loss of firmness, and reduce the appearance of wrinkles
Hyaluronic acid: Known to smooth, hydrate & plump
Pure Licorice extract: Known to improve skin tone & soothe","Water, Bifida Ferment Lysate, Glycerin, Alcohol Denat., Dimethicone, Hydroxyethylpiperazine Ethane Sulfonic Acid, Ascorbyl Glucoside, Sodium Hyaluronate, Sodium Hydroxide, Sodium Benzoate, Phenoxyethanol, Adenosine, Faex Extract/Yeast Extract/Extrait De Levure, Peg-20 Methyl Glucose Sesquistearate, Peg-60 Hydrogenated Castor Oil, Salicyloyl Phytosphingosine, Ammonium Polyacryldimethyltauramide/Ammonium Polyacryloyldimethyl Taurate, Limonene, Xanthan Gum, Caprylyl Glycol, Disodium Edta, Octyldodecanol, Citronellol, Fragrance.","How to Layer:
After cleansing and toning, apply Génifique Ultimate first before other serums.
The silky, light-weight formula easily and is quickly absorbed into the skin.
Follow with your other serum or moisturizer.
Patented, Self-loading Dropper:
Génifique Ultimate Serum's patented dropper dispenses the perfect dose of serum onto your skin every time you apply. Twist-open the cap to load the dropper for the perfect amount of hydrating serum to apply morning and night."
pimprod2050119,Hero Cosmetics,Mighty Patch Day & Night,K-Beauty,,$18.99,36 ct,https://media.ulta.com/i/ulta/2633261?w=100&h=100&fmt=auto,2 Reviews,"Benefits
Gently absorbs pimple gunk in 6-8 hours
Shrinks the look of whiteheads overnight
Helps shield skin from picking and popping
Suitable for sensitive skin
Tapered edges are designed to blend into skin
Includes
Mighty Patch Original patches (0.5 in) (18 ct)
Mighty Patch Invisible+ patches (0.5 in) (18 ct)",Hydrocolloid.,"Prep your skin. Cleanse face and let dry.
Place the patch. Apply patch to the blemish.
Peel it off. Remove after 6-8 hours."
pimprod2036804,Peter Thomas Roth,Water Drench Hyaluronic Cloud Rich Barrier Moisturizer,Moisturizers,Face Moisturizer,$58.00,1.7 oz,https://media.ulta.com/i/ulta/2603438?w=100&h=100&fmt=auto,117 Reviews,"Benefits
Rich barrier moisturizer provides enhanced barrier defense
Helps visibly reduce the look of dryness, fine lines and wrinkles
For normal to dry skin types, fragrance-free
Key Ingredients
30% Hyaluronic Acid Complex: a potent hydrator that plumps the look of skin with moisture
3% Hydra-Fence: helps provide 120 hours of enhanced hydration*
Moisture Barrier Boosting Complex: helps increase the look of skin thickness, firmness and elasticity to combat the drying effects of external dehydrators
Research Results
94% of users showed skin barrier improvement immediately.†
Formula is clinically proven to reduce the look of fine lines and wrinkles immediately and over time.†
After just 1 week:
98% agreed skin felt refreshed with moisture‡
96% agreed skin felt less dry and chapped‡
94% agreed skin looked renewed with a healthy glow‡
†Based on a 4-week clinically measured study on 51 women, ranging in age from 37 to 69.
‡Based on a 4-week consumer perception study on 51 women, ranging in age from 37 to 69.
*In a 28-day study on 41 subjects applying a 3% Hydra-Fence formulation twice daily, average skin hydration levels across all subjects remained enhanced for 5 days (120 hours) after last application.","Water/Aqua/Eau, Dimethicone, Glycerin, Dimethiconol, Dipropylene Glycol, Yeast Extract, Squalane, Sodium Hyaluronate, Vaccinium Vitis-Idaea Fruit Extract, Gluconolactone, Calcium Gluconate, Polyglutamic Acid, Amylopectin, Lactic Acid, Lithothamnion Calcareum Extract, Hydrolyzed Silk, Tocopherol, Sodium PCA, Citric Acid, Sodium Citrate, Sodium Chloride, Propanediol, Pentylene Glycol, Sodium Benzoate, Potassium Sorbate, Xanthan Gum, Ethylhexylglycerin, Lauryl PEG-9 Polydimethylsiloxyethyl Dimethicone, Dimethicone/PEG-10/15 Crosspolymer, Disodium EDTA, Mica, Phenoxyethanol.","Apply rich barrier moisturizer twice daily to face and neck with continued use.
Precautions: For external use only."
pimprod2049129,NYX Professional Makeup,Buttermelt Glaze Skin Tint SPF 30,Moisturizers,Tinted Moisturizer,$16.00,Cashew Butta,https://media.ulta.com/i/ulta/2634233?w=100&h=100&fmt=auto,618 Reviews,"Benefits
Go from skin that's lookin dull to skin that's givin' GLAZE!
You’ll be lookin’ butta than ever with this 93% skincare tint infused with Shea Butter, Mango Butter, & Niacinamide
This non greasy glaze leaves skin smooth and protected! You butta believe this formula has no white cast and even resists fading for a soft glow glazed look
Get glowing glazed donut skin & SPF 30 protection in a skincare-based formula that wears for up to 12H!
Now in ten sheer buttalicious shades, this glaze has got you butta’d down in benefits
Key Ingredients
Shea, Mango Butter and Niacinamide","Water, Glycerin, Caprylyl Methicone, Dimethicone, Silica, Butyloctyl Salicylate, Cetyl PEG/PPG-10/1 Dimethicone, Niacinamide, Propanediol, Dimethicone/PEG-10/15 Crosspolymer, Camellia Sinensis Leaf Extract, Mangifera Indica (Mango) Seed Butter, Butyrospermum Parkii (Shea) Butter, Simethicone, Sodium Chloride, Sodium Citrate, Sodium Hyaluronate, Silica Silylate, Trimethylsiloxysilicate, Aluminum Hydroxide, Adenosine, Disodium Stearoyl Glutamate, Dipropylene Glycol, Caprylyl Glycol, Citric Acid, Trisodium Ethylenediamine Disuccinate, Maltodextrin, Synthetic Fluorphlogopite, Disteardimonium Hectorite, Tocopherol, Pentaerythrityl Tetra-Di-T-Butyl Hydroxyhydrocinnamate, Phenoxyethanol, Chlorphenesin, Fragrance, Limonene. May Contain: Titanium Dioxide, Iron Oxides. (F.I.L. V70049616/21).","Get ready to glaze it up! Shake well and dispense a generous amount of product onto skin. Blend that butta into your skin with fingers, a makeup sponge or brush. Watch as the formula melts right in for healthy even skin tone and texture. Customize your coverage by applying a thin layer to skin to build up that buttery glaze! Glue it all down with The Face Glue Setting Spray!"
pimprod2035079,The Ordinary,Multi-Peptide + Hyaluronic Acid Serum for Firmness and Elasticity,Treatment & Serums,Face Serums,$19.90,1.0 oz,https://media.ulta.com/i/ulta/2600597?w=100&h=100&fmt=auto,92 Reviews,"Benefits
Reduces the appearance of crow's feet
Noticeably smoother skin
Improves skin's elasticity for noticeably smoother, firmer-feeling skin
Powered by peptides
Pairs well with Squalane Cleanser and Natural Moisturizing Factors + HA
Key Ingredients
Matrixyl 3000: helps repair and restructure the skin
Matrixyl Synthe 6: helps restore collagen and elastin
Argirelox: provides anti-wrinkle and anti-aging benefits
Relistase Peptide Complex: helps maintain skin elasticity
Formulated Without
Alcohol
Gluten
Silicone
Parabens
Mineral Oil
Methylchloroisothiazolinone
Methylisothiazolinone
Oxybenzone","Aqua (water), Glycerin, Lactococcus Ferment Lysate, Acetyl Hexapeptide-8, Pentapeptide-18, Palmitoyl Tripeptide-1, Palmitoyl Tetrapeptide-7, Palmitoyl Tripeptide-38, Dipeptide Diaminobutyroyl Benzylamide Diacetate, Acetylarginyltryptophyl Diphenylglycine, Sodium Hyaluronate Crosspolymer, Sodium Hyaluronate, Allantoin, Glycine, Alanine, Serine, Valine, Isoleucine, Proline, Threonine, Histidine, Phenylalanine, Arginine, Aspartic Acid, Trehalose, Fructose, Glucose, Maltose, Urea, Sodium Pca, Pca, Sodium Lactate, Citric Acid, Hydroxypropyl Cyclodextrin, Sodium Chloride, Sodium Hydroxide, Butylene Glycol, Pentylene Glycol, Acacia Senegal Gum, Xanthan Gum, Carbomer, Polysorbate 20, PPG-26-buteth-26, PEG-40 Hydrogenated Castor Oil, Trisodium Ethylenediamine Disuccinate, Ethoxydiglycol, Sodium Benzoate, Caprylyl Glycol, Ethylhexylglycerin, Phenoxyethanol, Chlorphenesin.","The Ordinary recommends performing a patch test prior to incorporating a new product into your skin care routine.
Apply to the entire face in the AM and PM after cleansing.
Precautions: Do not use in the same routine as pure or ethylated vitamin C, or direct acids."
pimprod2037337,Tanologist,Daily Glow - Hydrating Gradual Tanning Lotion,Suncare,Self-Tanning & Bronzing,$13.99,Medium to Dark,https://media.ulta.com/i/ulta/2606139?w=100&h=100&fmt=auto,720 Reviews,"Benefits
Hyaluronic Acid, Squalane & Beta glucan deeply nourish skin
Features
Gradual glow for flawless, daily results
Customize results with frequency of use. More applications = deeper results
Key Ingredients
Hyaluronic Acid: Deeply hydrates for plumper, healthier looking skin
Blackcurrant Seed: Antioxidants & natural oils calm inflammation & help skin retain moisture","Aqua (Water), Dimethicone, Dihydroxyacetone, Isopropyl Myristate, Squalane, Phenyl Trimethicone, Glycerin, Sodium Hyaluronate, Prunus Amygdalus Dulcis (Sweet Almond) Oil, Hyaluronic Acid, Oat Beta Glucan, Ribes Nigrum (Black Currant) Seed Oil, Helianthus Annuus (Sunflower) Seed Oil, Caprylic/Capric Triglyceride, Cetearyl Alcohol, Glyceryl Stearate, Parfum (Fragrance), Benzyl Salicylate, Limonene, PEG-100 Stearate, Hydroxyethyl Acrylate/Sodium Acrylolyldimethyl Taurate Copolymer, Isohexadecane, Polysorbate 60, Sorbitan Isostearate, Phenoxyethanol, Triethylene Glycol.","Apply for a natural glow, use as your daily body lotion. Massage evenly on to clean, dry skin. Use sparingly on hands, elbows, knees and ankles. Wash hands thoroughly after use. Color builds gradually with daily use. Follow with sunscreen if spending time in the sun.
Precautions: Precautions: This product does not contain a sunscreen and does not protect against sunburn. Repeated exposure of unprotected skin while tanning may increase the risk of skin aging, skin cancer and other harmful effects to the skin even if you do not burn. Tanologist advises a patch test 24 hours before use. Do not apply on broken or irritated skin. Avoid contact with eyes. If reaction occurs, discontinue use/seek medical advice. Wash hands thoroughly after application."
pimprod2049555,StriVectin,Peptide Plump Collagen Cushion Cream,Moisturizers,Face Moisturizer,$79.00,1.7 oz,https://media.ulta.com/i/ulta/2634607?w=100&h=100&fmt=auto,94 Reviews,"Benefits
Visibly plumps skin with continuous hydration and renews skin’s bounce.
Visibly smooths skin so wrinkles appear filled in and reduced.
Targets volume loss and fine lines and wrinkles.
Helps skin feel supple & healthy-looking.
Key Ingredients
Alpha-3 Peptide™: targets skin’s natural Collagen, Elastin, and Hyaluronic Acid to visibly restore skin’s bounce and spring.
Argireline Peptide: improves the appearance of lines, wrinkles, and lost volume.
Proteoglycans: restore moisture, enhance radiance, and target collagen density to plump and smooth skin.
Research Results
Based on expert grading evaluation of 35 subjects:
Skin appears more plump and smooth after 1 week of use as directed.
Subjects saw improvement in the look of fine lines & wrinkles, laugh lines, “11” lines, and expression lines and wrinkles on the forehead after 4 weeks of use as directed.","Water/Aqua/Eau, Propanediol, Isodecyl Neopentanoate, Glycerin, Sorbitan Laurate, Isocetyl Stearoyl Stearate, Bis-Stearyl Dimethicone, Betaine, Dimethicone, Sucrose, Myristyl Nicotinate, Soluble Proteoglycan, Acetyl Hexapeptide-8, Pentapeptide-84 Amide Acetate, Hydrolyzed Rhodophyceae Extract, Lens Esculenta (Lentil) Fruit Extract, Hydrolyzed Hyaluronic Acid, Lycium Barbarum Fruit Extract, Pyrus Malus (Apple) Fruit Extract, Citrullus Lanatus (Watermelon) Fruit Extract, Crambe Abyssinica Seed Oil, Beta-Glucan, Bacillus/Sea Salt Ferment Filtrate, Squalane, Adenosine, Lactic Acid, Potassium Cetyl Phosphate, 1,2-Hexanediol, Sodium Polyacrylate, Cetyl Hydroxyethylcellulose, Hydrogenated Polydecene, Butylene Glycol, Potassium Lactate, Caprylhydroxamic Acid, Pentylene Glycol, Trideceth-6, Caprylyl Glycol, Sodium Lactate, Potassium Sorbate, Sodium PCA, Sodium Benzoate, Limonene, CI 17200 (Red 33), Fragrance/Parfum [ILN 240624].","Apply to clean face, avoiding eye area, in the morning and evening. Pro Tip: Use in conjunction with Peptide Plump™ Line Filling Bounce Serum for all the extra volume!"
pimprod2034790,BYOMA,Moisturizing Gel Cream,Moisturizers,Face Moisturizer,$15.99,1.6 oz,https://media.ulta.com/i/ulta/2601332?w=100&h=100&fmt=auto,965 Reviews,"Benefits
Lightweight, oil-free daily moisturizer
Cooling gel-cream texture absorbs quickly, delivering lasting hydration
Tri-Ceramide Complex to support skin barrier health
Brightening niacinamide + calming green tea improve tone and texture
Clinically proven to immediately increase hydration by 70%
Clinically proven to reduce skin sensitivity
Clinically proven to protect and maintain the skin barrier
National Eczema Association Approved
Features
Dermatologist tested & approved skincare
Alcohol & fragrance-free
Recyclable bottles
Key Ingredients
Tri-Ceramide Complex: 3 key components of the stratum corneum- ceramides, cholesterol, and fatty acids – to rebuild the skin barrier and restore natural moisture levels
Niacinamide: Brighten skin + balance oiliness while improving tone + texture
Green Tea: Skin-soothing + balancing, with anti-inflammatory properties","Aqua, Glycerin, Caprylic/Capric Triglyceride, Pentaerythrityl Tetraethylhexanoate, Polyglyceryl-3 Methylglucose Distearate, Niacinamide, Ceramide NP, Cholesterol, Phytosphingosine, Camellia Sinensis Leaf Extract, Stearic Acid, Oleic Acid, Lactic Acid, Hydrogenated Lecithin, Cetearyl Alcohol, Panthenol, Carbomer, Xanthan Gum, Tromethamine, 1,2-Hexanediol, Caprylyl Glycol, Hydroxyacetophenone, Caprylhydroxamic Acid.",Apply 1-2 pumps on cleansed skin following serum application AM + PM. Smooth onto skin until fully absorbed.
pimprod2040785,Bubble,Cloud Surf Water Cream Moisturizer,Moisturizers,Face Moisturizer,$16.00,1.7 oz,https://media.ulta.com/i/ulta/2611778?w=100&h=100&fmt=auto,"1,006 Reviews","Benefits
Normal-to-combination skin.
Fragrance free
Key Ingredients
Hibiscus Extract helps control sebum production.
Celery Seed Extract helps minimize the appearance of pores.
Syringa Vulgaris (Lilac) Extract mattifies and equalizes the tone of acne-prone skin.
Formulated Without
Denatured alcohols
Parabens
Artificial color
Added fragrance","Water, Caprylic/Capric Triglycerides, Glycerin, Cetyl Ethylhexanoate, Cetearyl Alcohol, Dicaprylyl Carbonate, Butylene Glycol, Glyceryl Stearate, Isododecane, Maltodextrin, Syringa Vulgaris (Lilac) Extract, Trifolium Pratense (Clover) Flower Extract, Hibiscus Sabdariffa Flower Extract, Withania Somnifera Root Extract, Apium Graveolens (Celery) Extract, Hydroxyethyl Acrylate/Sodium Acryloyldimethyl Taurate Copolymer, Polyacrylate Crosspolymer-6, Ethylhexylglycerin, Fructose, Sorbitan Isostearate, 1,2 Hexanediol, Biosaccharide Gum-4, Tocopherol, Polylysine, Potassium Sorbate, Citric Acid, Sodium Benzoate, Phenoxyethanol.","Evenly apply 1-2 pumps to clean, dry skin morning and evening.
Precautions: Use only as directed."
pimprod2037733,Loving Tan,2 HR Express Self Tanning Mousse Ultra Dark,Suncare,Self-Tanning & Bronzing,$45.00,4.0 oz,https://media.ulta.com/i/ulta/2605874?w=100&h=100&fmt=auto,41 Reviews,"Benefits
Professional strength formula with results after one application
Easy, streak-free application every time
Natural olive color
Lasts up to 10 days with built-in moisturizer
Built in color guide
Wash off in just 2 hours
Quick drying in as little as 60 seconds
Pleasant refreshing fragrance
Quick and easy option for those with limited time
Recommended for experienced tanners only
Key Ingredients
Aloe Vera to soothe and nourish the skin
Formulated Without
Parabens","Water (Aqua/Eau), Dihydroxyacetone, Propylene Glycol, Ethoxydiglycol, Panthenol, Erythrulose, Hamamelis Virgi- Niana (Witch Hazel) Water, Decyl Glucoside, Phenoxyethanol, Ethylhexylglycerin, Juglans Nigra (Black Walnut) Shell Extract, Aloe Barbadensis (Aloe Vera) Leaf Juice, Fragrance (Parfum), Hydroxypropyl Methylcellulose, Sodium Metabisulfite, Dimethicone Peg-8 Phosphate, Alcohol, Citric Acid, Salix Alba Bark Extract, Maltodextrin, Benzyl Benzoate, Benzyl Salicylate, Coumarin, CI 16035 (FD&C Red 40), CI 17200 (D&C Red 33), CI 19140 (FD&C Yellow 5), CI 42090 (FD&C Blue 1).","Apply moisturizer liberally to any dry areas including your hands, feet, ankles, wrists, knees and elbows. Pump a small amount of mousse onto your Loving Tan Applicator Mitt. Using circular motions, apply mousse directly to your body, blending as you go to ensure even coverage. Allow 60 seconds before dressing. Avoid perspiration or water for six hours while the tan develops. Finally, shower off after 2 hours to reveal a sexy, natural tan. For best results apply to clean, dry and exfoliated skin.
Precautions: This product does not contain sunscreen. Do not use on broken, irritated or sensitive skin. If irritation occurs, stop use and consult a doctor. For external use only. Avoid contact with eyes. This product may stain so avoid contact with light colored fabrics furnishings or hair."
pimprod2039390,La Roche-Posay,Travel Size Lipikar AP+M Triple Repair Body Moisturizer for Dry Skin,Travel Size Body Care,,$9.99,2.5 oz,https://media.ulta.com/i/ulta/2606155?w=100&h=100&fmt=auto,"3,466 Reviews","Benefits
Prebiotic face and body moisturizer for dry to very dry skin
Provides 48-hour hydration and replenishes the skin's essential lipids
Daily relief for dry to very dry skin on the face, body and hands
Rich, comforting cream texture with a non-greasy, non-sticky finish
Hydrates and repairs dry skin with shea butter, glycerin and niacinamide
Offers prebiotic benefits to help rebalance the skin microbiome with a high concentration of La Roche-Posay Prebiotic Thermal Water
Suitable for adults, children and babies over 2 weeks old
Safe for sensitive skin
Non-comedogenic
Accepted by the National Eczema Association
Dermatologist, pediatrician and allergy tested
Key Ingredients
La Roche-Posay Prebiotic Thermal Water is naturally rich in minerals with scientifically demonstrated soothing and antioxidant properties
Shea butter hydrates and replenishes essential skin lipids
Glycerin moisturizes and hydrates the skin
Niacinamide helps soothe dry skin
Formulated Without
Fragrance
Parabens","Aqua/ Water/Eau, Butyrospermum Parkii Butter / Shea Butter, Glycerin, Dimethicone, Niacinamide, Cetearyl Alcohol, Brassica Campestris Seed Oil / Rapeseed Seed Oil, Glyceryl Stearate, Ammonium Polyacryloyldimethyl Taurate, Peg-100 Stearate, Propanediol, Ophiopogon Japonicus Root Extract, Ceramide Np, Sorbitan Tristearate, Dimethiconol, Peg-20 Methyl Glucose Sesquistearate, Sodium Chloride, Mannose, Coco-Betaine, Disodium Edta, Capryloyl Glycine, Caprylyl Glycol, Vitreoscilla Ferment, Citric Acid, Maltodextrin, Xanthan Gum, Tocopherol, Pentaerythrityl Tetra-Di-T-Butyl Hydroxyhydrocinnamate.","Use as a face or body moisturizer for extra dry, rough skin. Apply all over the body on clean skin morning and evening. Gently massage product on skin until absorbed."
pimprod2050032,St. Tropez,Cherry Macaron Self Tan and Body Mist Set,Suncare,Self-Tanning & Bronzing,$45.00,,https://media.ulta.com/i/ulta/2635407?w=100&h=100&fmt=auto,103 Reviews,"Benefits
Natural medium tan after 8 hours
Streak-free and quick drying formula
Flawless results for a 10 day tan
Lightweight quick-drying formula
Tinted guide color for easy application
Enriched with vitamin E for long-lasting hydration
Scent of cherry, white florals & warm vanilla
Includes
Classic Bronzing Mousse in Cherry Macaron Fragrance (6.7 oz)
Hair & Body Mist in Cherry Macaron Fragrance (2.7 oz)
Limited-Edition Pink Applicator Mitt (1 ct)","Cherry Macaron Mousse: Aqua (Water), Dihydroxyacetone, Glycerin, PPG-5-Ceteth-20, Propylene Glycol, Ethoxydiglycol, Coco-Glucoside, Caramel, Phenoxyethanol, Parfum (Fragrance), Sodium Metabisulfite, Hydrolyzed Jojoba Esters, Hydroxyethylcellulose, Tocopherol, Citric Acid, Caprylyl Glycol, Decylene Glycol, Linalool, Limonene, Alpha-Isomethyl Ionone, Hexyl Cinnamal, Citronellol, CI 14700 (Red 4), CI 19140 (Yellow 5), CI 42090 (Blue 1).
Cherry Macaron Mist: Aqua (Water), PEG-40 Hydrogenated Castor Oil, Glycerin, Niacinamide, Phenoxethanol, Benzyl Alcohol, Parfum (Fragrance), Citric Acid, Disodium Edta, Hydrolyzed Hyalurolic Acid, Linalool, Limonene, Sodium Hydroxide, Alpha-Isomethyl Ionone, Hexyl Cinnamal, Cirtonellol.
Applicator Mitt: Polyester 53%,Polyurethane 47%.","Step 1. Exfoliate and moisturize dry areas, hands, feet, ankles and wrists.
Step 2. Glide on using a Mitt to ensure no missed patches.
Step 3. Leave for 8 hours before showering off.
Step 4. Your tan will develop over 6-8 hours into a medium golden glow. Moisturize daily to prolong your tan.
Precautions: Patch test 24 hours prior to use. Do not apply to sensitive, broken, irritated skin. Do not get in eyes, if you do rinse well with water. Avoid contact with lips. Self tan may stain. Wash palms after use. Store below 86 degrees F. This product does not contain a sunscreen and does not protect against sunburn. Repeated exposure of unprotected skin while tanning may increase the risk of skin ageing, skin cancer and other harmful effects to the skin even if you do not burn."
pimprod2051525,The Ordinary,The Daily Set with Hyaluronic Acid Serum,Cleansers,Face Wash,$21.70,3 ct,https://media.ulta.com/i/ulta/2637072?w=100&h=100&fmt=auto,5 Reviews,"Benefits
Squalane Cleanser removes makeup and cleanses the skin while supporting your skin’s moisture barrier through hydration
Hyaluronic Acid 2% + B5 uses five forms of hyaluronic acid to support hydration to multiple layers of your skin's surface
Natural Moisturizing Factors + HA is a daily moisturizer that works with your skin to support its natural hydration barrier
Includes
Squalane Cleanser (1.69 oz)
Hyaluronic Acid 2% + B5 (with Ceramides) (1.0 oz)
Natural Moisturizing Factors + HA (1.0 oz)","Hyaluronic Acid 2% + B5 with Ceramides
Aqua (water), Sodium Hyaluronate, Propanediol, Pentylene Glycol, Hydrolyzed Hyaluronic Acid, Sodium Hyaluronate Crosspolymer, Phospholipids, Sphingolipids, Panthenol, Ahnfeltiopsis Concinna Extract, Glycerin, Polysorbate 20, Citric Acid, Sodium Citrate, P-anisic Acid, Tocopherol, Trisodium Ethylenediamine Disuccinate, Caprylyl Glycol, Ethoxydiglycol, Ethylhexylglycerin, Hexylene Glycol, Phenoxyethanol, Chlorphenesin.
Squalane Cleanser
Squalane, Aqua (water), Coco-caprylate/caprate, Glycerin, Sucrose Stearate, Ethyl Macadamiate, Caprylic/capric Triglyceride, Sucrose Laurate, Hydrogenated Starch Hydrolysate, Sucrose Dilaurate, Sucrose Trilaurate, Polyacrylate Crosspolymer-6, Isoceteth-20, Sodium Polyacrylate, Tocopherol, Hydroxymethoxyphenyl Decanone, Trisodium Ethylenediamine Disuccinate, Malic Acid, Ethylhexylglycerin, Chlorphenesin.
Natural Moisturizing Factors + Hyaluronic Acid Daily Moisturizer
Aqua (water), Caprylic/capric Triglyceride, Cetyl Alcohol, Propanediol, Stearyl Alcohol, Glycerin, Sodium Hyaluronate, Arginine, Aspartic Acid, Glycine, Alanine, Serine, Valine, Isoleucine, Proline, Threonine, Histidine, Phenylalanine, Glucose, Maltose, Fructose, Trehalose, Sodium Pca, Pca, Sodium Lactate, Urea, Allantoin, Linoleic Acid, Oleic Acid, Phytosteryl Canola Glycerides, Palmitic Acid, Stearic Acid, Lecithin, Triolein, Tocopherol, Carbomer, Isoceteth-20, Polysorbate 60, Sodium Chloride, Citric Acid, Trisodium Ethylenediamine Disuccinate, Pentylene Glycol, Triethanolamine, Sodium Hydroxide, Phenoxyethanol, Chlorphenesin.","Dispense Squalane Cleanser into hands. Rub together to warm the product, allowing it to melt into an oil. Massage well onto dry face and rinse with warm water.
Apply a few drops of Hyaluronic Acid + B5 with Ceramides to the face in the morning and evening.
Apply Natural Moisturizing Factors + HA after serums as needed for effective surface hydration."
pimprod2051384,The Ordinary,UV Filters SPF 45 Serum,Suncare,Sunscreen,$19.00,2.0 oz,https://media.ulta.com/i/ulta/2637168?w=100&h=100&fmt=auto,140 Reviews,"Benefits
Feels lightweight on skin and blends in smoothly.
Blends into skin seamlessly without leaving a white cast.
Non-comedogenic. (Does not clog pores).
Features
Broad-spectrum SPF 45 UVA/UVB PA++++ Daily protection against sun damage and premature skin aging.","Aqua/Water/Eau, Isododecane, Octocrylene, Dimethicone/Vinyl Dimethicone Crosspolymer, Homosalate, Butyloctyl Salicylate, Ethylhexyl Salicylate, Diethylhexyl 2,6-Naphthalate, Tri(Polyglyceryl-3/Lauryl) Hydrogenated Trilinoleate, Butyl Methoxydibenzoylmethane, Poly C10-30 Alkyl Acrylate, Acetyl Carnosine, Biosaccharide Gum-2, Phospholipids, Sphingolipids, Glycerin, Propanediol, Pentylene Glycol, Magnesium Sulfate, P-Anisic Acid, Sodium Citrate, Tocopherol, Trisodium Ethylenediamine Disuccinate, Phenoxyethanol, Chlorphenesin.","Shake well before use. Apply to face liberally and evenly 15 minutes before sun exposure. Reapply every 2 hours.
Precautions: For use on children less than 6 months of age: Ask a doctor"
pimprod2035467,Bubble,Fresh Start Gel Cleanser,Cleansers,Face Wash,$17.00,4.2 oz,https://media.ulta.com/i/ulta/2600875?w=100&h=100&fmt=auto,"2,085 Reviews","Benefits
For all skin types: dry, oily, combination, sensitive, and acne-prone
Gel Texture
Fragrance Free
Key Ingredients
Spearmint Extract helps refresh and calm.
Caffeine soothes and calms skin while reducing redness and puffiness.
Aloe Leaf Juice is an antioxidant that protects, soothes, and moisturizes.
Red Algae Extract helps reduce oil production.
Lavender Flower Water calms, purifies, and soothes skin.
Gluconolactone is a powerhouse PHA (polyhydroxy acid) that works to exfoliate the outermost layer of skin, even out tone and texture, and remove excess oil. Because of its gentle nature, it’s also perfect for sensitive skin.
Formulated Without
Denatured alcohols
Parabens
Artificial color
Added fragrance","Water (Aqua), Acrylates/Steareth-20 Methacrylate Copolymer, Disodium Cocoyl Glutamate, Glycerin, Sodium Cocoyl Glutamate, Lavandula Angustifolia (Lavender) Flower Water, Mentha Viridis (Spearmint) Leaf Extract, Aloe Barbadensis Leaf Juice, Hydrolyzed Rhodophyceae Extract, Caffeine, Butylene Glycol, Gluconolactone, Ethylhexylglycerin, Phenoxyethanol.",Massage 1-2 pumps onto wet skin to create a light foam. Rinse well and pat dry. Use day and night.
pimprod2013329,e.l.f. Cosmetics,Fragrance Free Holy Hydration! Face Cream,Moisturizers,Face Moisturizer,$13.00,1.7 oz,https://media.ulta.com/i/ulta/2563564?w=100&h=100&fmt=auto,"5,729 Reviews","Benefits
Replenishes lost moisture for supple skin
Brightens and evens out skin tone
Instantly absorbs into skin
Fragrance-free formula great for sensitive skin
For all skin types: normal, combination, dry, oily, and sensitive
Proud to be 100% vegan and cruelty-free, worldwide. Because kindness is chic.
Key Ingredients
Hyaluronic Acid - Locks in moisture for a plump complexion
Niacinamide - Minimizes pores and evens out skin tone
Peptides - Promotes collagen and improves skin texture
Squalene - Improves balance and elasticity
Vitamin B5 - Soothes and hydrates skin
Formulated Without
All e.l.f. products are free from phthalates, parabens, nonylphenol ethoxylates, triclosan, triclocarban, and hydroquinone
All skincare is also free from sulfates","Water (Aqua), Isohexadecane, Stearyl Heptanoate, Glycerin, Butylene Glycol, Isopropyl Isostearate, Niacinamide, Cetearyl Olivate, Trehalose, Squalane, Dimethicone, Stearic Acid, Aluminum Starch Octenylsuccinate, Polymethylsilsesquioxane, Silica, Sodium Hyaluronate, Palmitoyl Tripeptide-1, Palmitoyl Tetrapeptide-7, Panthenol (Vb5), Sorbitan Olivate, Cetearyl Alcohol, Glyceryl Stearate, PEG-100 Stearate, Polyethylene, Disodium EDTA, Polyacrylate-13, Polyisobutene, Polysorbate 20, Caprylyl Glycol, Phenoxyethanol, Ethylhexylglycerin, Carbomer.","Gently massage a small amount of cream onto clean skin. Use in the morning alone, or follow with your favorite e.l.f. makeup. Can also be used at night after cleansing."
pimprod2045245,The Ordinary,Saccharomyces Ferment 30% Milky Toner for Gentle Exfoliation and Hydration,Cleansers,Toner,$14.00,3.38 oz,https://media.ulta.com/i/ulta/2623549?w=100&h=100&fmt=auto,884 Reviews,"Benefits
Gently exfoliates for smoother, more hydrated and radiant skin
Smooths skin texture and reduces the appearance of textural irregularities
Encourages brighter, more radiant skin
Reduces the look of dark spots
Key Ingredients
Saccharomyces Ferment 30%","Aqua (Water), Yeast Extract, Squalane, Lauryl Glucoside, Myristyl Glucoside, Polyglyceryl-6 Laurate, Isoceteth-20, Trisodium Ethylenediamine Disuccinate, Citric Acid, Sodium Citrate, Sodium Hydroxide, Phenoxyethanol, Chlorphenesin.",Apply in the morning and evening Apply to the face and neck using a cotton pad or fingers Do not rinse off. Avoid the eye contour and contact with eyes.
pimprod2018283,Clinique,Moisture Surge Intense 72H Lipid-Replenishing Hydrator Moisturizer,Moisturizers,Face Moisturizer,$47.00,1.7 oz,https://media.ulta.com/i/ulta/2568219?w=100&h=100&fmt=auto,568 Reviews,"Benefits
Skin Types: Very Dry to Dry, Dry Combination.
Concern: Dehydration, dry skin.
Moisture Surge Intense 72H Hydrator Moisturizer is a rich cream-gel face moisturizer that delivers an instant moisture boost, then keeps skin continuously hydrated for 72 hours.
If you’re looking for a cream for dry skin, this intensely hydrating formula with activated aloe water and caffeine sets nonstop hydration into motion. Then locks it in with a trio of lipids, strengthening skin's barrier to keep moisture in and help keep aggressors out.
Formulated with cica, it helps soothe and comfort dry or dehydrated skin.
Leaves skin plump, glowing, and velvety-smooth.
Dermatologist tested. Allergy tested. 100% fragrance free.
Key Ingredients
Activated aloe water: Water is infused with aloe leaf extract to help deliver intense hydration.
Cica: Also known as tiger grass, cica is a centuries-old ingredient traditionally used in Chinese medicine for its healing properties. Helps soothe dry, delicate skin.
Auto-Replenishing Lipid-Filler Technology: Using activated aloe water and caffeine, this technology helps trigger skin's internal water source so skin can continuously hydrate itself. Uses three types of lipids to reinforce and strengthen skin's barrier, helping lock in and retain moisture.
Research Results
Moisture Surge Intense 72H Hydrator was tested on women in Siberia during winter, where they face extreme weather conditions. The results were glowing.*
Immediately:
98% said their skin felt hydrated.
97% said their skin felt soft.
94% said their skin felt protected in extreme cold.
98% said their tight, dry skin felt relieved.
In 1 week:
91% said their skin was glowing.
91% said their skin felt plump.
92% said their skin felt less irritated.
In 4 weeks:
98% said their skin felt deeply hydrated.
96% said their skin felt healthier.
98% said their skin looked dewy.
94% said their skin felt comforted.
96% said their skin felt deeply nourished.
*Consumer testing on 106 women after using the product for 4 weeks.","Water\Aqua\Eau, Glycerin, Dimethicone, Isopropyl Isostearate, Dipropylene Glycol, Squalane, PEG/PPG-18/18 Dimethicone, Silica, Tocopheryl Acetate, Sodium Hyaluronate, Olea Europaea (Olive) Fruit Extract, Centella Asiatica (Hydrocotyl) Extract, Aloe Barbadensis Leaf Water, Palmitoyl Hexapeptide-12, Triticum Vulgare (Wheat) Bran Extract, Caffeine, Methyl Trimethicone, Sorbitol, Sodium Polyaspartate, Petrolatum, Trehalose, Whey Protein\Lactis Protein\Protéine Du Petit-Lait, Linoleic Acid, Pyridoxine Dipalmitate, Butylene Glycol, Cholesterol, Sucrose, Polysilicone-11, Glyceryl Polymethacrylate, PEG-150, PEG-8, Hydroxyethyl Urea, Hydroxyacetophenone, BHT, Disodium EDTA, Sodium Hexametaphosphate, Sodium Benzoate, Potassium Sorbate, Phenoxyethanol.
Please be aware that ingredient lists may change or vary from time to time. Please refer to the ingredient list on the product package you receive for the most up to date list of ingredients.","Apply moisturizer AM and PM on clean skin. Use alone or under makeup, on dry spots, or as a 5-minute mask. Follow with Clinique All About Eyes Eye Cream."
pimprod2047592,Bubble,Big Barrier Super Set,By Price,$100 and Under,$70.00,,https://media.ulta.com/i/ulta/2630501?w=100&h=100&fmt=auto,156 Reviews,"Benefits
Promotes even, calm, and hydrated skin
Cleanses and soothes without stripping moisture
Leaves dry skin feeling soft and balanced
Helps boost and protect skin’s moisture barrier
Brightens and depuff under eyes
Includes a full Bubble routine
Features a limited-edition Holiday lip balm flavor.
Key Ingredients
Allantoin (Soft Launch) helps soothe skin
Niacinamide (Bounce Back) helps hydrate skin, calm irritation, and support skin barrier function
Hyaluronic Acid (Water Slide) aids in holding water and binding it to the skin
Avocado Oil (Slam Dunk) helps nourish dry skin, reduce redness, soften, and moisturize
Green Tea Extract (Morning Rays) is a powerful antioxidant that helps calm and soothe skin, plus protect it from environmental stressors
Moringa Oil Esters (Tell All) give exceptional hydration and skin barrier recovery
Includes
Travel bag
Soft Launch Hydrating Cream Cleanser (1.7 oz)
Bounce Back Balancing Toner Mist (1.8 oz)
Water Slide Hydration Boosting Serum (1.0 oz)
Morning Rays Brightening Eye Cream (0.5 oz)
Slam Dunk Hydrating Moisturizer (1.7 oz)
Tell All Minty Lip Balm (0.15 oz)",Please see individual packaging for full list of ingredients.,"AM and PM, massage 2-3 of pumps Soft Launch onto wet skin. Rinse off and pat dry. Spray Bounce Back 3-5 inches from face for an instant skin reset. Apply 1-2 pumps of Water Slide to clean, dry skin after toner and before moisturizer. Apply to skin directly or add to your favorite moisturizer to boost hydration. Apply 1-2 pumps of Morning Rays to clean, dry skin, by gently tapping cream on under eyes. Evenly apply 1-2 pumps of Slam Dunk to clean, dry skin. Apply Tell All Minty Lip Balm evenly to lips as needed."
pimprod2034787,BYOMA,Hydrating Serum with Tri-Ceramide Complex,Treatment & Serums,Face Serums,$16.99,1.0 oz,https://media.ulta.com/i/ulta/2601279?w=100&h=100&fmt=auto,863 Reviews,"Benefits
Lightweight hydrating facial serum for a bouncy, dewy finish
Delivers a surge of hydration and minimizes water loss in the skin
Tri-Ceramide Complex to support skin barrier health
Hydrating heros glycerin + squalane to replenish moisture levels
Clinically proven to lock in moisture for up to 24 hours
Clinically proven to improve the appearance of skin radiance after one application
Clinically proven to improve skin barrier function
National Eczema Association Approved
Features
Dermatologist tested & approved skincare
Alcohol & fragrance-free
Recyclable bottles
Key Ingredients
Tri-Ceramide Complex: 3 key components of the stratum corneum- ceramides, cholesterol, and fatty acids – to rebuild the skin barrier and restore natural moisture levels
Squalane: Skin-compatible hydrator prevents moisture loss + plumps skin
Glycerin: Humectant to improve skin hydration + moisture levels","Aqua, Glycerin, Butylene Glycol, Squalane, Sodium Stearoyl Glutamate, Ammonium Acryloyldimethyltaurate/VP Copolymer, Dipropylene Glycol, Ceramide NP, Caprylic/Capric Triglyceride, Cholesterol, Phytosphingosine, Stearic Acid, Oleic Acid, Hydroxyacetophenone, Polyglyceryl-4 Oleate, Hydroxyethyl Acrylate/Sodium Acryloyldimethyl Taurate Copolymer, Hydrogenated Lecithin, Caprylyl Glycol, Glyceryl Oleate, Lactic Acid, Ethylhexylglycerin, Hydrogenated Rapeseed Alcohol, Sorbitan Isostearate, Sodium Phytate, Xanthan Gum, Dipotassium Glycyrrhizate, Tocopherol, Caprylhydroxamic Acid.","Apply 4-6 drops to cleansed skin, gently pressing until fully absorbed. Use on damp skin for optimum hydration. For drier skin, double the drops. Follow with moisturizer to seal in the hydration."
pimprod2030672,Loving Tan,Platinum Ultimate Self Tanning Mousse,Suncare,Self-Tanning & Bronzing,$40.00,3.3 oz,https://media.ulta.com/i/ulta/2592683?w=100&h=100&fmt=auto,573 Reviews,"Benefits
Professional strength formula with results after one application
Easy, streak-free application every time
Deepest, darkest shade for maximum results
Lightweight formula
Quick drying in as little as 60 seconds
Pleasant refreshing fragrance
Lasts up to 10 days with built-in moisturizer
Key Ingredients
Aloe Vera to soothe and nourish the skin
Formulated Without
Parabens","Water (Aqua/Eau), Dihydroxyacetone, Propylene Glycol, Ethoxydiglycol, Juglans Nigra (Black Walnut) Shell Extract, Glycerin, Erythrulose, Decyl Glucoside, Coffea Arabica (Coffee) Seed Extract, Punica Granatum (Pomegranate) Fruit Extract, Aloe Barbadensis (Aloe Vera) Leaf Juice, Panthenol, Dimethicone Peg-8 Phosphate, Hydroxypropyl Methylcellulose, Sodium Metabisulfite, Citric Acid, Fragrance (Parfum), Phenoxyethanol, Ethylhexylglycerin, Sodium Benzoate, Benzyl Benzoate, Benzyl Salicylate, Coumarin, CI 16035 (FD&C Red 40), CI 17200 (FD&C Red 33), CI 19140 (FD&C Yellow 5), CI 42090 (FD&C Blue 1).","Apply moisturzer liberally to any dry areas including hands, feet, ankles, wrists, knees and elbows. Pump a generous amount of mousse onto your Loving Tan Deluxe Applicator Mitt. Using circular motions, apply mousse directly to your body, blending as you go to ensure even coverage. Allow 60 seconds before dressing. Wipe excess tan from hands and feet after 30 minutes to prevent over-development. Avoid perspiration and water while the tan develops. Finally, rinse body gently in the shower with water after 8 hours. For best results, apply to clean, dry and exfoliated skin.
Precautions: Do not use on broken, irritated or sensitive skin. Avoid contact with eyes. Carry out a patch test 24 hours prior to use. If irritation occurs, stop use and consult a doctor. This product does not contain sunscreen and does not protect against sunburn. Repeated exposure of unprotected skin while tanning may increase the risk of skin aging, skin cancer, and other harmful effects to the skin even if you do not burn. This product may stain so avoid contact with light color fabrics, furnishings & hair. Store under 86 degrees F."
pimprod2044286,Polite Society,Polite Pout Glossy Lip Balm,Lips,Lip Balms & Treatments,$21.00,Jelly Bean,https://media.ulta.com/i/ulta/2631719?w=100&h=100&fmt=auto,283 Reviews,"Benefits
Rich, glossy color
Hydrates & soothes dry, flakey lips
Moisturizing infusion of natural oils
Plush, cushiony texture feels pillowy
Delicious, addictive flavors
Never gritty or grainy
Non-sticky, non-greasy
Dermatologist tested
Clean formula
PETA approved
Key Ingredients
Hazelnut & Peony flower: Aid in moisturizing
Cherry Blossom: Known to soothe & nourish
Formulated Without
Mineral oil
Petroleum
Parabens","Jelly Bean: Hydrogenated Polyisobutene, Helianthus Annuus (Sunflower) Seed Oil, Polybutene, Ethylene/Propylene/Styrene Copolymer, Corylus Avellana (Hazelnut) Seed Oil, Caprylic/Capric Triglyceride, Bis-Diglyceryl Polyacyladipate-2,Phenoxyethanol,Pentaerythrityl Tetraisostearate, Flavor, Butylene/Ethylene/Styrene Copolymer, Simmondsia Chinensis (Jojoba) Seed Oil, Titanium Dioxide CI 77891,Sodium Saccharin, Red 28 Lake (CI 45410), Ethylhexylglycerin, Pentaerythrityl Tetra-di-t-butyl Hydroxyhydrocinnamate, Yellow 5 Lake (CI 19140), Citrus Aurantifolia (Lime) Oil, (Mica CI 77019), Tocopheryl Acetate, Glycine Soja (Soybean) Oil, Benzaldehyde, Vanillin, Linalool, Benzyl Cinnamate, Rose Ketones, Citrus Aurantium Dulcis (Orange) Peel Oil, Methyl Salicylate, Citrus Aurantium Amara (Bitter Orange) Flower Extract, Jasminum Officinale (Jasmine) Flower Extract, Lavandula Angustifolia (Lavender) Flower Extract, Paeonia Officinalis Flower Extract, Prunus Serrulata Flower Extract, Sambucus Nigra Flower Extract, Cinnamal, Tocopherol, Rosa Damascena Flower Oil.","Use throughout the day to quench your lips with a burst of hydration.
Polite Tip: Layer over lip color for a glossy finish or apply a generous amount before bed as an overnight mask!"
pimprod2012322,La Roche-Posay,12% Pure Vitamin C Anti-Aging Face Serum,Treatment & Serums,Face Serums,$46.99,1.0 oz,https://media.ulta.com/i/ulta/2556946?w=100&h=100&fmt=auto,"1,554 Reviews","Benefits
Gently exfoliates and visibly refines skin texture and tone with salicylic acid
Soothes sensitive skin and provides antioxidant benefits with mineral-rich La-Roche Posay Thermal Spring Water
Rich vitamin C serum texture leaves skin feeling soft and hydrated
Suitable for sensitive skin and sensitive eyes
Can be used alone or in conjunction with moisturizer
Lightly fragranced
Non-comedogenic
Dermatologist and allergy tested
Key Ingredients
12% Pure vitamin C is a potent antioxidant with anti-aging and skin-brightening capabilities
Salicylic acid gently exfoliates and smooths skin texture
Neurosensine helps reduce signs of skin sensitivity
La Roche-Posay Thermal Spring Water is naturally rich in minerals with scientifically demonstrated soothing and antioxidant properties
Formulated Without
Oil
Parabens","Aqua/Water/Eau, Ascorbic Acid, Cyclohexasiloxane, Glycerin, Alcohol Denat., Potassium Hydroxide, Polymethylsilsesquioxane, Polysilicone-11, Dimethicone, Propylene Glycol, Pentaerythrityl Tetraethylhexanoate, C13-14 Isoparaffin, Tocopherol, Sodium Hyaluronate, Hydrolyzed Hyaluronic Acid, Adenosine, Acetyl Dipeptide-1 Cetyl Ester, Peg-20 Methyl Glucose Sesquistearate, Poloxamer 338, Salicylic Acid, Polyacrylamide, Toluene Sulfonic Acid, Ammonium Polyacryloyldimethyl Taurate, Xanthan Gum, Caprylyl Glycol, Disodium Edta, Bht, Laureth-7, Parfum/Fragrance.","Apply face serum morning to the face and neck. Use alone or as an added under your favorite moisturizer. Avoid contact with eyes.
Build Your La Roche-Posay Regimen:
Step 1: Cleanse with La Roche-Posay Toleriane Purifying Foaming Face Wash for Oily Skin
Step 2: Treat with La Roche-Posay Pure Vitamin C Face Serum
Step 3: Moisturize With La Roche-Posay Toleriane Double Repair Face Moisturizer with Niacinamide
Step 4: Protect with La Roche-Posay Anthelios Ultra Light Fluid Face Sunscreen SPF 60"
pimprod2022628,PEACH & LILY,Transparen-C Pro Spot Treatment,Treatment & Serums,Acne & Blemish Treatments,$45.00,0.67 oz,https://media.ulta.com/i/ulta/2568436?w=100&h=100&fmt=auto,760 Reviews,"Benefits
20% Vitamin C brightens the appearance of dark spots, red spots, and discoloration
Targets hyperpigmentation and brightens skins
Minimizes the appearance of scars
Vitamin C remains stable and potent for one year after opening
100% Worry Free: Peach & Lily formulas are non-toxic, alcohol-free, fragrance-free, & gluten-free
Key Ingredients
Vitamin C: penetrates deep into skin to deliver a brighter complexion
Camellia Extract: fights off free radicals caused by pollutants, stress, and sun exposure
Ferulic Acid: minimizes the appearance of fine lines and dark spots
Hyaluronic Acid: binds moisture to skin for a plumper complexion
Research Results
92% saw less prominent and more faded dark and discolored spots within 14 days*
95% said that Transparen-C did not cause breakouts*
*Third party consumer study results","Helianthus Annuus (Sunflower) Seed Oil, Macadamia Ternifolia Seed Oil, Ascorbyl Tetraisopalmitate, Limnanthes Alba (Meadowfoam) Seed Oil, Simmondsia Chinensis (Jojoba) Seed Oil, Camellia Sinensis Seed Oil, Squalane, Sodium Acetylated Hyaluronate, Hydrolyzed Hyaluronic Acid, Glycyrrhiza Glabra (Licorice) Root Extract, Tocopherol, Ferulic Acid, Sodium Hyaluronate, Tranexamic Acid, Kojic Dipalmitate, 1,2-Hexanediol, Water (Aqua).","Apply onto clean dry skin, once a day either morning or night, directly onto dark spots and discolored areas. Pair with Glass Skin Refining Serum, follow up with our Transparen-C Pro Brightening Moisturizer.
External use only. Avoid contact with eyes. Keep out of reach of children. Store in a cool and dry place."
pimprod2025212,Good Molecules,Glycolic Exfoliating Toner,Cleansers,Toner,$14.00,4.0 oz,https://media.ulta.com/i/ulta/2582410?w=800&h=800&fmt=auto,189 Reviews,"Benefits
Gentle, fragrance-free formula supports skin's renewal process without dryness or irritation.
Vegan
Cruelty-Free
Key Ingredients
Glycolic acid helps to exfoliate dead skin cells to reveal smoother, brighter skin.
Galactomyces ferment, hyaluronic acid, and aloe help to hydrate and nourish skin.","Water, Dipropylene Glycol, Glycolic Acid, Propanediol, Sodium Citrate, 1,2-Hexanediol, Glycerin, Galactomyces Ferment Filtrate, Butylene Glycol, Salicylic Acid, Pentylene Glycol, Niacinamide, Aloe Barbadensis Leaf Extract, Tricholoma Matsutake Extract, Ethylhexylglycerin, Rhododendron Chrysanthum Leaf Extract, Hydrolyzed Cicer Seed Extract, Trisodium Ethylenediamine Disuccinate, Sodium Hyaluronate, Hydrolyzed Hyaluronic Acid, Hyaluronic Acid.",Dispense a few drops into your hands or a cotton pad. Apply to skin after cleansing and before serums and moisturizers. Good Molecules recommends wearing SPF during the day when using this product.
pimprod2048919,ANUA,Heartleaf Pore Control Cleansing Oil,Cleansers,Cleansing Balms & Oils,$20.00,6.76 oz,https://media.ulta.com/i/ulta/2634188?w=100&h=100&fmt=auto,219 Reviews,"Benefits
Lightweight oil-based
Cleanser to remove makeup residue, excess oil and sebum
For normal skin
Free Of: Denatured Alcohols / Parabens / Artificial Color / Sulfates / Methylchloroisothiazolinone / Methylisothiazolinone / Coal Tar Dyes
Key Ingredients
HEARTLEAF+: Soothes sensitive skin irritations caused by dryness and helps maintain the skin's moisture
SUNFLOWER SEED OIL: Moisturizes & hydrates the skin
Research Results
AFTER 4 WEEKS:
17.38% reduction in oil levels
22.81% reduction in sebum levels","Ethylhexyl Palmitate, Sorbeth-30 Tetraoleate, Sorbitan Sesquioleate, Caprylic/Capric Triglyceride, Butyl Avocadate, Fragrance, Helianthus Annuus (Sunflower) Seed Oil, Macadamia Ternifolia Seed Oil, Olea Europaea (Olive) Fruit Oil, Simmondsia Chinensis (Jojoba) Seed Oil, Vitis Vinifera (Grape) Seed Oil, Caprylyl Glycol, Ethylhexylglycerin, Curcuma Longa (Turmeric) Root Extract, Melia Azadirachta Flower Extract, Tocopherol, Melia Azadirachta Leaf Extract, Houttuynia Cordata Extract, Corallina Officinalis Extract, Melia Azadirachta Bark Extract, Moringa Oleifera Seed Oil, Ocimum Sanctum Leaf Extract.","Apply the cleansing oil to dry skin and gently massage for 1-2 minutes.
Gently rubbing helps cleanse away makeup residue, impurities and debris.
Emulsify with water to effectively remove sebum.
Wash off all oil residues by using a water-based cleanser.
Can be used every day, AM & PM."
pimprod2037787,The Ordinary,Glucoside Gentle Foaming Cleanser for Oily Skin,Cleansers,Face Wash,$12.50,5.0 oz,https://media.ulta.com/i/ulta/2606220?w=100&h=100&fmt=auto,869 Reviews,"Benefits
Helps strengthen skin barrier
Promotes skin radiance and suppleness over time
Improves the look of skin clarity and skin texture with continued use
Research Results
10% increased in hydration on day 11 and 21% increase in hydration on day 14 (Clinical testing on 31 subjects after using product 2x/day for 1 day)
8% decrease in TEWL on day 11 and 19% decrease in TEWL on day 14 (Clinical testing on 31 subjects after using product 2x/day for 14 days)
97% felt that the cleanser spreads smoothly on the skin (Clinical testing on 33 subjects after using product 2x/day for 14 days)
94% said the formulation feels comforting on the skin (Clinical testing on 33 subjects after using product 2x/day for 14 days)","Aqua (water), Decyl Glucoside, Coco Glucoside, Xanthan Gum, Tocopherol, Phytic Acid, Benzyl Alcohol, Ethylhexylglycerin.","Dispense product into hands. Massage well on to wet face and rinse with warm water. If irritation occurs, rinse off, cease use, and consult a physician. Use only as directed on unbroken skin. Patch testing prior to use is advised."
pimprod2049491,Laura Mercier,Long-Wear Tinted Moisturizer Natural Dewy SPF 30 with Hyaluronic Acid,Moisturizers,Tinted Moisturizer,$50.00,0N Silk,https://media.ulta.com/i/ulta/2633114?w=100&h=100&fmt=auto,838 Reviews,"Benefits
16HR long wear
Improves skin tone and texture with every wear
24HR+ hydration
Humidity proof
SPF30 protection
Reduces Appearance of Pores and Fine Lines Resurfaced
Non-Comedogenic
Non-Acnegenic
Dermatologist Tested
Key Ingredients
Hyaluronic Acid- Long-lasting hydration
Upcycled Grape Extract with Resveratrol- Softens appearance of fine lines
Probiotic Complex- Strengthens skin barrier
Research Results
100% agree it visibly evens skin tone and texture after 1 Day**
100% agree it makes their skin feel soft in just 1 week *
97% agree it reveals healthy looking skin over time*
*Consumer study of 30 panelists at independent laboratory
**Clinical study of 30 panelists at independent laboratory","Water, Dicaprylyl Ether, Caprylic/Capric Triglyceride, Polyglyceryl-3 Polyricinoleate, Tribehenin, Glycerin, Silica, Magnesium Stearate, Sodium Potassium Aluminum Silicate, Butylene Glycol, Magnesium Sulfate, Sorbitan Isostearate, Sodium Chloride, Phenoxyethanol, Zinc Stearate, Stearalkonium Bentonite, Polyglyceryl-3 Diisostearate, Ethylhexylglycerin, Potassium Sorbate, Mica, Tocopherol, Ascorbyl Palmitate, Sodium Hyaluronate, Alpha-Glucan Oligosaccharide, Polymnia Sonchifolia Root Juice, Maltodextrin, Rubus Idaeus (Raspberry) Leaf Extract, Rosa Hybrid Flower Extract, Vitis Vinifera (Grape) Fruit Extract, Lactobacillus. +/- (May Contain/Peut Contenir) Titanium Dioxide (CI 77891), Iron Oxides (CI 77491, CI 77492, CI 77499).","HOW TO APPLY:
Dispense Tinted Moisturizer on the back of your hand and use it as a palette.
Picking up a small amount from back of the hand, apply with fingers, smoothing over face in a downward motion to ensure facial hairs lay flat.
Laura recommends starting at the outer portion of the face and working inwards toward the nose, avoiding excess application around the contours of the face.
Pat on additional product to build coverage where needed.
Laura's finishing touch, inspired by a Parisian facial technique, is to smooth the remaining product under the jawline, neck, and chin.
PRO TIPS:
To build more coverage, pick up product on the back of hand using a foundation brush and work Tinted Moisturizer into the bristles on a clean area on back of the hand. Stipple onto any areas that need additional coverage.
If a fuller coverage is desired, mix a few drops of foundation into Tinted Moisturizer to get more pigment while maintaining the fresh, hydrated look of Tinted Moisturizer Natural Dewy."
pimprod2051370,e.l.f. Cosmetics,Glow Reviver Melting Lip Balm,Lips,Lip Balms & Treatments,$9.00,Blackberry Sorbet,https://media.ulta.com/i/ulta/2637280?w=100&h=100&fmt=auto,231 Reviews,"Benefits
Long-lasting nourishing lip balm with a buttery soft formula
Adds a wash of buildable color & a glossy finish
Formulated with hydrating butters to create soft, supple lips
Lip-hugging tip for a smooth application
Available in delicious flavors & shades
e.l.f. is double-certified cruelty-free by Leaping Bunny & PETA
e.l.f. is proud to partner with Fair Trade USA & manufacture products in Fair Trade Certified facilities; look for the Fair Trade Certified seal on your e.l.f. product
Key Ingredients
2% Shea butter
5% Mango butter
3% Cocoa butter
1% Hyaluronic acid blend
Formulated Without
Phthalates
Parabens
Nonylphenol ethoxylates
Triclosan
Triclocarban
Hydroquinone","Blackberry Sorbet: Bis-Behenyl/Isostearyl/Phytosteryl Dimer Dilinoleyl Dimer Dilinoleate, Hydrogenated Polyisobutene, Tridecyl Trimellitate, Hydrogenated Styrene/Methylstyrene/Indene Copolymer, Diisostearyl Malate, Simmondsia Chinensis (Jojoba) Seed Oil, Microcrystalline Wax (Cera Microcristallina), Mangifera Indica (Mango) Seed Butter, Theobroma Cacao (Cocoa) Seed Butter, Octyldodecanol, Butyrospermum Parkii (Shea) Butter, Synthetic Wax, Polyglyceryl-2 Diisostearate, Silica Dimethyl Silylate, Fragrance (Parfum), Ethylene/Propylene/Styrene Copolymer, Limnanthes Alba (Meadowfoam) Seed Oil, Diethylhexyl Syringylidenemalonate, Disteardimonium Hectorite, Tocopherol, Ethylhexylglycerin, Dipotassium Glycyrrhizate, Glyceryl Behenate, Propylene Carbonate, Helianthus Annuus (Sunflower) Seed Oil, Hydrolyzed Sodium Hyaluronate, Pentaerythrityl Tetra-di-t-butyl Hydroxyhydrocinnamate, Butylene/Ethylene/Styrene Copolymer, Caprylic/Capric Triglyceride, Vanillin, Rose Ketones. May Contain: Red 33 Lake (CI 17200), Iron Oxides (CI 77491), Blue 1 Lake (CI 42090), Iron Oxides (CI 77492), Iron Oxides (CI 77499), Titanium Dioxide (CI 77891).
Ingredients may change or vary from time to time. Please refer to the packaging of the product you receive for the list of ingredients in your particular product.","Swipe lip balm across lips to hydrate and soften.
Reapply whenever you get a craving.
Store in a cool, dry place."
pimprod2043682,BLUE LIZARD AUSTRALIAN SUNSCREEN,Sensitive Mineral Sunscreen Lotion SPF 50+,Suncare,Sunscreen,$12.99,3.0 oz,https://media.ulta.com/i/ulta/2621976?w=100&h=100&fmt=auto,"1,947 Reviews","Features
Broad spectrum UVA/UVB SPF 50+ mineral sunscreen lotion with no chemical active ingredients
Paraben-free and fragrance-free
Water resistant (80 minutes)
Dries clear and smooth
Part of Blue Lizard's ""We Love the Reef"" line of sunscreens with no Oxybenzone and no Octinoxate
Smart Bottle technology turns bottle blue when exposed to UV rays
Key Ingredients
Titanium Dioxide - 8%: A mineral sunscreen active ingredient that works by reflecting UV rays
Zinc Oxide - 10%: A mineral sunscreen active ingredient that works by reflecting UV rays
Tocopheryl Acetate (Vitamin E): A powerful antioxidant that moisturizes and softens skin
Formulated Without
Parabens
Fragrances
Oxybenzone
Octinoxate","Titanium Dioxide 8%, Zinc Oxide 10%, 1,2-Hexanediol, Aloe Barbadensis Leaf Juice Powder, Alumina, Aluminum Stearate, Butyloctyl Salicylate, C12-15 Alkyl Benzoate, Caprylyl Glycol, Cetyl Dimethicone, Cetyl PEG/PPG-10/1 Dimethicone, Dimethicone, Disodium EDTA, Ethylhexyl Palmitate, Ethylhexyl Stearate, Euphorbia Cerifera (Candelilla) Wax, Hexyl Laurate, Hydroxyacetophenone, Methyl Glucose Dioleate, Octyldodecyl Neopentanoate, PEG-7 Hydrogenated Castor Oil, Polyglyceryl-4 Isostearate, Polyhydroxystearic Acid, Propanediol, Tocopherol, Tocopheryl Acetate, Triethoxycaprylylsilane, Trimethylsiloxysilicate, VP/Hexadecene Copolymer, Water.","Shake well prior to use. Apply liberally to dry skin 15 minutes before sun exposure. For topical use only. Keep out of reach of children. Children under 6 months: ask a doctor. Sun Protection Measures: Spending time in the sun increases your risk of skin cancer and early skin aging. To decrease this risk, regularly use a sunscreen with a Broad Spectrum SPF value of 15 or higher and other sun protection measures. Including: Limit time in the sun, especially from 10 a.m. - 2 p.m. Wear long-sleeved shirts, pants, hats, and sunglasses. Reapply to dry skin: after 80 minutes of swimming or sweating, immediately after towel drying, at least every 2 hours.
Precautions: When using this product: Keep out of eyes. Rinse with water to remove. Stop use and ask a doctor if rash or irritation occurs. Do not use: on damaged or broken skin or if allergic to any ingredient. If swallowed, get medical help or contact a Poison Control Center."
pimprod2045622,Lancôme,Lip Idôle Squalane-12 Butterglow Hydrating Lip Balm,Lips,Lip Balms & Treatments,$32.00,10 Keep It Glowy,https://media.ulta.com/i/ulta/2626206?w=100&h=100&fmt=auto,"2,767 Reviews","Features
The lightweight, non-sticky formula improves the look of vertical lip lines and lip smoothness after 7 days*
This glossy lip balm is made with 83% skincare ingredients, including shea butter, jojoba oil, & ceramides
The hydrating lip balm glides smoothly onto lips providing instant shine, and over time, helps improve skin's moisture barrier
Available in 14 shades designed to complement your skin tone
Benefits
Hydrating lip balm with up to 24H Hydration
Lips appear 27% less dry after 7 days*
Lips appear 19% smoother after 7 days*
Visibly improves the look of vertical lines after 7 days*
*Based on expert grading after twice daily use","Polyglyceryl-2 Triisostearate, Squalane, Bis-Behenyl/Isostearyl/Phytosteryl Dimer Dilinoleyl Dimer Dilinoleate, Butyrospermum Parkii Butter / Shea Butter, Cellulose, Dimer Dilinoleyl Dimer Dilinoleate, Polyglyceryl-3 Beeswax, Helianthus Annuus Seed Cera / Sunflower Seed Wax, Hydrogenated Castor Oil Dimer Dilinoleate, Simmondsia Chinensis Butter / Jojoba Butter, Hydrogenated Jojoba Oil, Candelilla Cera / Candelilla Wax / Cire De Candelilla, Rosa Centifolia Extract / Rosa Centifolia Flower Extract, Camelina Sativa Seed Oil, Canola Oil, Mentha Piperita Oil /Peppermint Oil, Ceramide Np, Saccharomyces Ferment Filtrate, Silica, Aluminum Hydroxide, Propylene Glycol, Citric Acid, Tocopherol, Pentaerythrityl Tetra-Di-T-Butyl Hydroxyhydrocinnamate, CI 45380 / Red 21, CI 45410 / Red 28, Lake, CI 77891 / Titanium Dioxide, CI 19140 / Yellow 5 Lake, Limonene, Benzyl Benzoate, Parfum / Fragrance.","Swipe this hydrating lip balm onto bare lips for instant color and shine.
Sheer out with your finger for a more subtle wash of color. For more pigment, apply multiple layers to build color and shine.
Pro-Tip: Before applying Lip Idôle Squalane-12 Butterglow, overline or contour lips with Lip Idôle Lip Shaper for a fuller looking pout."
pimprod2043459,La Roche-Posay,Effaclar Purifying Foaming Gel Cleanser for Oily Skin,Cleansers,Face Wash,$16.99,6.67 oz,https://media.ulta.com/i/ulta/2620365?w=100&h=100&fmt=auto,224 Reviews,"Benefits
La Roche-Posay Foaming face cleanser gently cleanses oily skin
Suitable for sensitive & acne prone skin
Non-comedogenic
Dermatologist Tested
Key Ingredients
Zinc Pidolate, known for its purifying properties to help remove excess oil
La Roche-Posay Thermal Spring Water, a soothing water sourced in the town of La Roche-Posay in France and a core ingredient in most of our products
Formulated Without
Oil
Alcohol","Aqua/Water/Eau, Sodium Laureth Sulfate, Peg-8, Coco-Betaine, Hexylene Glycol, Sodium Chloride, Peg-120 Methyl Glucose Dioleate, Zinc Pca, Sodium Hydroxide, Citric Acid, Sodium Benzoate, Phenoxyethanol, Caprylyl Glycol, Parfum/Fragrance.","Step 1: Morning and/or evening, massage onto wet skin in a gentle, circular motion.
Step 2: Rinse thoroughly and pat dry"
pimprod2021174,Clinique,Even Better Clinical Serum Foundation Broad Spectrum SPF 25,Face,Foundation,$48.00,CN 127 Truffle,https://media.ulta.com/i/ulta/2574346?w=100&h=100&fmt=auto,"4,370 Reviews","Benefits
Skin Types: Combination Oily, Oily
24-hour, oil-free foundation with full coverage and a matte finish.
Combines the longwearing coverage of a liquid foundation with the transforming power of a serum to help visibly improve skin instantly and over time.
Built with 3 serum technology, a powerhouse blend of good-for-skin ingredients: Clinique's dark spot-fighting molecule UP302+ vitamin C, salicylic acid, and hyaluronic acid.
Clinically proven to leave bare skin looking even better - smoother and more even.
SPF 25 mineral sunscreens help protect skin from the look of discoloration.
A non-oxidizing formula for a perfect match that lasts throughout the day.
Sweat and humidity-resistant. Waterproof.
Dermatologist and ophthalmologist tested.
Allergy tested. Fragrance free.
Key Ingredients
UP302 + Vitamin C: Helps visibly reduce the look of dark spots and uneven skin tone.
Salicylic acid: Helps re-texturize skin.
Hyaluronic acid: Helps plump up skin for a more youthful look.
SPF 25 mineral sunscreen: Helps protect skin from future discoloration.
Research Results
91% say skin immediately looks perfected.*
91% say color stays true throughout the day.*
92% say bare skin looks more radiant.**
91% see reduced imperfections on bare skin - dark spots, discolorations, age spots, and blemish marks.**
90% say bare skin looks smoother and more even-toned.**
*Consumer testing on 227 women after using product for 1 week.
**Consumer testing on 221 women after using product for 8 weeks.","Dimethicone, Water\Aqua\Eau, PEG-10 Dimethicone, Butylene Glycol, Vinyl Dimethicone/Methicone Silsesquioxane Crosspolymer, Phenyl Trimethicone, Isododecane, Butyloctyl Salicylate, Isodecyl Isononanoate, Lauryl PEG-9 Polydimethylsiloxyethyl Dimethicone, Alcohol Denat. Dimethicone/Vinyl Dimethicone Crosspolymer, Hydrated Silica, Ascorbyl Glucoside, Tetrahexyldecyl Ascorbate, Magnesium Ascorbyl Phosphate, Sodium Hyaluronate, Tocopheryl Acetate, Laminaria Saccharina Extract, Polygala Senega Root Extract, Berberis Vulgaris Extract, Nymphaea Alba Root Extract, Camellia Sinensis Leaf Extract, Salvia Hispanica Seed Extract, Molasses Extract\Saccharum Officinarum\Extrait De Mélasse, Dimethoxytolyl Propylresorcinol, Caffeine, Niacinamide, Salicylic Acid, Linoleic Acid, Tocopherol, Lactoperoxidase, Glucose Oxidase, Lactobacillus Ferment, Glycyrrhetinic Acid, Cholesterol, Jojoba Esters, Glucose, Polysilicone-11, Laureth-7, Trimethylsiloxysilicate, Sorbitan Sesquioleate, Lecithin, Xanthan Gum, Silica, Caprylyl Glycol, Dimethicone/PEG-10/15 Crosspolymer, Disteardimonium Hectorite, Triethoxycaprylylsilane, Alumina, Propylene Carbonate, Dipropylene Glycol, Sodium Chloride, Sodium Hydroxide, Citric Acid, Potassium Phosphate, Tetrasodium EDTA, Sodium Citrate, Potassium Sorbate, Phenoxyethanol, Mica, Titanium Dioxide (CI 77891), Iron Oxides (CI 77491), Iron Oxides (CI 77492), Iron Oxides (CI 77499).
Please be aware that ingredient lists may change or vary from time to time. Please refer to the ingredient list on the product package you receive for the most up to date list of ingredients.","For best results, apply foundation after moisturizer. Start with just a half-pump; this formula is so concentrated, a little goes a long way. Clinique recommends a buff brush for the most flawless finish, but use your preferred technique. Apply a small amount of foundation where you need coverage the most and blend from there. You can then add more foundation for additional coverage."
pimprod2041851,PanOxyl,Acne Foaming Wash with 10% Benzoyl Peroxide,Treatment & Serums,Acne & Blemish Treatments,$7.49,3.0 oz,https://media.ulta.com/i/ulta/2615399?w=100&h=100&fmt=auto,627 Reviews,"Features
Contains the highest concentration of benzoyl peroxide available without a prescription
Clears existing acne and helps prevent new breakouts from forming
Can be used to treat acne on the face, chest and back
Contains moisturizers to combat dryness
Allure 2023 Best of Beauty Award Winner
Key Ingredients
10% Benzoyl Peroxide
Research Results
In an independent laboratory study, PanOxyl Acne Foaming Wash killed over 99% of acne-causing bacteria in 15 seconds","Benzoyl Peroxide (10%) Inactive Ingredients: Carbomer Homopolymer Type C, Carbomer Interpolymer Type A, Decyl Glucoside, Dimethicone, Dioctyl Sodium Sulfosuccinate, Glycerin, Palmitic Acid, Polyacrylate Crosspolymer-6, Polyoxyl 40 Stearate, Propanediol, Purified Water, Silica, Sodium Chloride, Sodium Citrate, Sodium Hydroxide, Sodium Laurylglucosides Hydroxypropylsulfonate, Sorbitan Stearate, Stearic Acid, t-Butyl Alcohol, Xanthan Gum.","Wet area to be cleansed. Apply acne wash and gently massage area for 1-2 minutes. Rinse thoroughly and pat dry, because excessive drying of the skin may occur, start with 1 application daily, then gradually increase to 2 or 3 times daily if needed or as directed by a doctor. If bothersome dryness or peeling occurs, reduce application to once a day or every other day. If going outside, apply sunscreen after using this product. If irritation or sensitivity develops, stop use of both products and ask a doctor.
Precautions: For external use only Do not use if you: Have very sensitive skin. Are sensitive to benzoyl peroxide. When using this product: Skin irritation and dryness is more likely to occur if you use another topical acne medication at the same time. If irritation occurs, only use one topical acne medication at a time. Avoid unnecessary sun exposure and use a sunscreen. Avoid contact with the eyes, lips and mouth. Avoid contact with hair and dyed fabrics, which may be bleached by this product. Skin irritation may occur, characterized by redness, burning, itching, peeling, or possibly swelling. Irritation may be reduced by using the product less frequently or in a lower concentration. Stop use and ask a doctor if: Irritation becomes severe If pregnant or breast-feeding, ask a health professional before use. Keep out of reach of children. If swallowed, get medical help or contact a Poison Control Center right away."
pimprod2049885,Kopari Beauty,Golden Sunglaze Sheer Body Mist Sunscreen SPF 50,Suncare,Sunscreen,$39.00,5.0 oz,https://media.ulta.com/i/ulta/2634096?w=100&h=100&fmt=auto,151 Reviews,"Benefits
SPF 50 organic broad spectrum UVA/UVB protection for the body
Lightweight, non-aerosol, fast-drying mist
Formulated with hyaluruonic acid to help hydrate skin
Absorbs seamlessly, never greasy
Luxurious golden finish with natural pearlescent minerals for glowing, glazed skin
Infused with Kopari's juicy guava scent
Key Ingredients
Hyaluronic Acid: deeply hydrates, smooths and helps retains moisture
Vitamin C: helps brighten the appearance of skin
Vitamin E: helps protect skin against damage from free radicals through its antioxidant properties
Ethically-Sourced Mica: gives skin a natural, radiant finish
Formulated Without
PEGs, Silicone, Phthalates, Sulfates, & Artificial Colorants","Active: Avobenzone - 3.00% Homosalate - 0.500% Octisalate - 5.00% Octocrylene - 10.00%. Inactive: Alcohol Denat., C12-15 Alkyl Benzoate, Butyloctyl Salicylate, Diisopropyl Adipate, Sodium Hyaluronate, Tetrahexyldecyl Ascorbate, Tocopherol, Dicaprylyl Carbonate, Va/butyl Maleate/isobornyl Acrylate Copolymer, Ricinus Communis (castor) Seed Oil, T-butyl Alcohol, Hydrogenated Castor Oil, Mica, Fragrance (parfum), Benzyl Salicylate, Limonene, Citral, Citronellol, Benzyl Alcohol, Iron Titanium Oxide, CI 77891 (titanium Dioxide).","Shake well before use. Spray directly onto skin. Reapply every 2 hours.
For external use only. Do not use on damaged or broken skin. When using this product keep out of eyes. Rinse with water to remove. Stop use and ask a doctor if rash occurs. Keep out of reach of children. If swallowed, get medical help or contact a Poison Control Center right away.
Precautions: For external use only. Do not use on damaged or broken skin. When using this product keep out of eyes. Rinse with water to remove. Stop use and ask a doctor if rash occurs. Keep out of reach of children. If swallowed, get medical help or contact a Poison Control Center right away."
pimprod2046260,La Roche-Posay,Travel Size Toleriane Purifying Foaming Face Wash for Oily Skin,Cleansers,Face Wash,$8.99,1.69 oz,https://media.ulta.com/i/ulta/2626351?w=100&h=100&fmt=auto,5 Reviews,"Benefits
Purifying foaming face wash for combination and oily skin effectively removes dirt, oil, impurities and makeup
Dermatologist tested
Key Ingredients
La Roche-Posay Thermal Spring Water is naturally rich in minerals with scientifically demonstrated soothing and antioxidant properties
Glycerin moisturizes and hydrates the skin
Formulated Without
Fragrance
Oil","Aqua/Water/Eau (La Roche-Posay Prebiotic Thermal Water), Glycerin, Coco-Betaine, Propylene Glycol, Sodium Cocoyl Glycinate, Peg-120 Methyl Glucose Dioleate, Sodium Chloride, Ceramide Np, Niacinamide, Sodium Hydroxide, Disodium Edta, Capryloyl Glycine, Caprylyl Glycol, Citric Acid, Acrylates Copolymer.","Use as a daily face cleanser. Cleanse morning and evening. Use fingertips to apply foam to the whole face. Gently massage, then rinse.
Precautions: Avoid direct contact with eyes."
pimprod2049598,ANUA,Travel Size Heartleaf Pore Control Cleansing Oil,Travel Size Skin Care,,$9.99,1.69 oz,https://media.ulta.com/i/ulta/2635547?w=100&h=100&fmt=auto,3 Reviews,"Benefits
Lightweight oil-based
Cleanser to remove makeup residue, excess oil and sebum
For normal skin
Free Of: Denatured Alcohols / Parabens / Artificial Color / Sulfates / Methylchloroisothiazolinone / Methylisothiazolinone / Animal Oils / Coal Tar Dyes
Key Ingredients
HEARTLEAF+: Soothes sensitive skin irritations caused by dryness and helps maintain the skin's moisture
SUNFLOWER SEED OIL: Moisturizes & hydrates the skin
Research Results
AFTER 4 WEEKS:
17.38% reduction in oil levels
22.81% reduction in sebum levels","Ethylhexyl Palmitate, Sorbeth-30 Tetraoleate, Sorbitan Sesquioleate, Caprylic/Capric Triglyceride, Butyl Avocadate, Fragrance, Helianthus Annuus (Sunflower) Seed Oil, Macadamia Ternifolia Seed Oil, Olea Europaea (Olive) Fruit Oil, Simmondsia Chinensis (Jojoba) Seed Oil, Vitis Vinifera (Grape) Seed Oil, Caprylyl Glycol, Ethylhexylglycerin, Curcuma Longa (Turmeric) Root Extract, Melia Azadirachta Flower Extract, Tocopherol, Melia Azadirachta Leaf Extract, Houttuynia Cordata Extract, Corallina Officinalis Extract, Melia Azadirachta Bark Extract, Moringa Oleifera Seed Oil, Ocimum Sanctum Leaf Extract.","Apply the cleansing oil to dry skin and gently massage for 1-2 minutes.
Gently rubbing helps cleanse away makeup residue, impurities and debris.
Emulsify with water to effectively remove sebum.
Wash off all oil residues by using a water-based cleanser.
Can be used every day, AM & PM."
pimprod2049741,bareMinerals,COMPLEXION RESCUE Tinted Moisturizer with Hyaluronic Acid and Mineral SPF 30,Moisturizers,Tinted Moisturizer,$39.00,Opal 01,https://media.ulta.com/i/ulta/2633110?w=100&h=100&fmt=auto,"8,365 Reviews","Benefits
Visibly evens skin tone and blurs imperfections
Builds from sheer to light coverage, creating a dewy, healthy-looking glow
Provides 24-hour hydration
Oil-free tinted moisturizer
Dermatologist-tested, Hypoallergenic & Non-comedogenic
Allure Hall of Fame – Best of Beauty Hall of Fame 4x Winner (2024)
*Source: Circana/U.S. Prestige Beauty Total Department/Specialty, Makeup Product Sales, 12 months ending August 2024
Features
All BareMinerals products are free of parabens, phthalates, formaldehyde, chemical sunscreens, triclosan, triclocarban, propylene glycol, mineral oil, coal tar and microbeads
This product is also formulated without gluten, synthetic fragrance or PEGs
Key Ingredients
HYALURONIC ACID: Helps replenish and boost skin's moisture
OLIVE-DERIVED SQUALANE: Quenches skin with all-day hydration that feels light and refreshing
MINERAL-BASED SUNSCREEN: Protects from damaging UVA and UVB rays","Active Ingredients: TITANIUM DIOXIDE 6.9%. Inactive Ingredients: Water, Coconut Alkanes, Propanediol, Silica, Squalane, Trehalose, Kaolin, Agar, Isostearic Acid, Polysorbate 60, Sorbitan Sesquiisostearate, Hydrolyzed Hyaluronic Acid, Salicornia Herbacea Extract, Caprylic/Capric Triglyceride, Theobroma Cacao (Cocoa) Seed Extract, Camellia Japonica Flower Extract, Chlorella Vulgaris Extract, Polyglyceryl-4 Laurate/Succinate, Aluminum Hydroxide, Phenoxyethanol, Coco-Caprylate/Caprate, Glycerin, Hydrogen Dimethicone, Magnesium Stearate, Chlorphenesin, Cellulose Gum, Butylene Glycol, Succinoglycan, Lauroyl Lysine, Sodium Pca, 1,2-Hexanediol, Calcium Chloride, Magnesium Chloride, Biosaccharide Gum-4, Potassium Chloride, Melilotus Officinalis Extract, Magnesium Oxide, Lactic Acid, Alumina. May Contain Iron Oxides (CI 77491, CI 77492, CI 77499), Titanium Dioxide (CI 77891).","Apply with your fingertips
-Dot onto your cheeks, forehead, chin and nose, then blend outward.
Pair with the Smoothing Face Brush:
-Squeeze a pearl-sized amount onto the brush and blend.
For more coverage, continue to layer with the brush. For oily skin, try the COMPLEXION RESCUE Natural Matte Tinted Moisturizer Mineral SPF 30.
Apply liberally 15 minutes before sun exposure. Children under 6 months of age: Ask a doctor Sun Protection Measures: Spending time in the sun increases your risk of skin cancer and early skin aging. To decrease this risk, regularly use sunscreen with a Broad Spectrum SPF value of 15 or higher and other sun protection measures including: Limit time in the sun, especially from 10 a.m. - 2 p.m. Wear long-sleeved shirts, pants, hats, and sunglasses Reapply at least every 2 hours. Use a water-resistant sunscreen if swimming or sweating."
pimprod2051028,TATCHA,The Brightening Eye Cream,Eye Treatments,Eye Cream,$64.00,0.50 oz,https://media.ulta.com/i/ulta/2638883?w=100&h=100&fmt=auto,330 Reviews,"Benefits
Reveal bright, well-rested eyes with every swipe
Visibly firms & de-puffs
Targets hyperpigmentation and strengthens the skin’s barrier
Key Ingredients
A potent blend of skin brighteners & Japanese botanicals
Encapsulated Niacinamide + Pro-Glutathione Antioxidant Booster: targets hyperpigmentation & improves the skin barrier
Research Results
Clinically proven to reduce the look of dark circles in 1 week*
100% showed a brighter-looking eye area in 1 week*","Aqua/Water/Eau, Squalane, Saccharomyces/Rice Ferment Filtrate, Hydrogenated Rice Bran Oil, Glycerin, C15-19 Alkane, Propanediol, Behenic Acid, Ascorbyl Glucoside, Butylene Glycol, Behenyl Alcohol, Dipentaerythrityl Hexahydroxystearate, Glyceryl Stearate Se, Glyceryl Stearate, Beheneth-20, Dimer Dilinoleyl Dimer Dilinoleate, Camellia Sinensis Leaf Extract, Cladosiphon Okamuranus Extract, Angelica Acutiloba Root Extract, Prunus Mume Fruit Extract, Niacinamide, Sodium Hyaluronate, Ferulic Acid, Saccharomyces Cerevisiae Extract, Bacillus Ferment, Lecithin, Synthetic Fluorphlogopite, Lysolecithin, Sodium Stearoyl Glutamate, Lysine Carboxymethyl Cysteinate, Xanthan Gum, Stearyl Glycyrrhetinate, Caprylyl Glycol, 1,2-Hexanediol, Caprylhydroxamic Acid, Tocopheryl Acetate, Glyceryl Caprylate, Tocopherol, Potassium Hydroxide, Phytic Acid, Silica, Ethylhexylglycerin, Phenoxyethanol, Tin Oxide, Titanium Dioxide (Ci 77891), Iron Oxides (Ci 77491), Iron Oxides (Ci 77492).","Gently massage around each eye, day and night."
pimprod2045644,Naturium,Vitamin C Super Serum Plus,Treatment & Serums,Face Serums,$25.99,1.0 oz,https://media.ulta.com/i/ulta/2627281?w=100&h=100&fmt=auto,308 Reviews,"Benefits
Multi-benefit serum
Minimizes the appearance of fine lines & wrinkles
Helps skin look brighter & smoother
Dermatologist tested
Fragrance free
Vegan, paraben & cruelty free
Key Ingredients
Stable L-Ascorbic Acid: pure Vitamin C conjugated to gold particles, diminishes the appearance of fine lines & wrinkles, works to brighten look of uneven skin tone and helps defend against environmental stressors
Encapsulated Retinol: smooths the appearance of fine lines & wrinkles, improves look of uneven tone, and refines appearance of skin texture
Hyaluronic Acid: replenishes essential moistureand leaves skin looking plump for more youthful-looking skin
Niacinamide: helps control & balance oil, reduces the appearance of pores and improves the look of dark spots, for more even-looking skin
Salicylic Acid: balances & smooths skin and clarifies skin without dryness
Research Results
CLINICALLY PROVEN RESULTS*
100% of subjects showed improvement in the look of fine lines & wrinkles in 8 weeks
100% of subjects showed immediate & all-day hydration
88% of subjects showed improvement in uneven skin tone in 8 weeks
*In an 8-week clinical study on subjects (women & men), representation across all skin types & self-perceived sensitive skin","Water, Niacinamide, Propanediol, Glycerin, Ascorbic Acid, Glutathione, Aloe Barbadensis Leaf Juice, Retinol, Sodium Hyaluronate, Caprylyl Glycol, Hydroxyethylcellulose, Carbomer, Salicylic Acid, Tocopheryl Acetate, Humulus Lupulus (Hops) Cone Extract, Glyceryl Polyacrylate, Potassium Sorbate, Copernicia Cerifera (Carnauba) Wax, Hexylene Glycol, Sorbitol, Sodium Hydroxide, Sorbitan Oleate, Acrylamide/Sodium Acryloyldimethyltaurate Copolymer, Helianthus Annuus (Sunflower) Seed Oil, Phenoxyethanol, Isohexadecane, Polysorbate 80, Polysorbate 20, 1,2-Hexanediol, Amylopectin, Dextrin, Polydextrose, Disodium Cocoamphodiacetate, Xanthan Gum, Tocopherol, Citric Acid, Sodium Benzoate, Disodium Phosphate, Gold, Polysorbate 60, Ethyl Ferulate, Sodium Phosphate.","Shake well. Apply an even layer onto face, neck and chest morning and night, avoiding the eye area. For best results, follow with moisturizer and use SPF in the morning. Patch test prior to use is advised.
For external use only. Use only as directed."
pimprod2043606,KYLIE COSMETICS,Lip Butter,Lips,Lip Balms & Treatments,$20.00,Vanilla Caramel,https://media.ulta.com/i/ulta/2620529?w=100&h=100&fmt=auto,945 Reviews,"Features
Rich, buttery balm with a vanilla caramel flavor
Hydrates and helps soothe dehydrated lips after just one use
Lightweight, non-sticky, and non-greasy formula
Features a slanted tip for lip-hugging, smooth application
Moisture Barrier Complex: Protects against moisture loss and maintains the lip barrier for soft, supple lips
Shea Butter: Rich in fatty acids to hydrate and condition lips
Jojoba Seed Oil: Helps soothe and moisturize lips
Also contains Cloudberry Seed Oil
Suitable for all lip types
Benefits
Hydrates and helps soothe dehydrated lips after just one use
Locks in moisture while maintaining the skin barrier for up to 8 hours
Research Results
100% say it has a rich, buttery, and cushiony texture that melts into lips
100% say it leaves lips with a shiny, sheer finish that's comfortable
100% say it improves dry, chapped, and flakey lips after just one day of use.**
100% say it makes their lips look healthier after just one day of use
100% say it can be used as an overnight mask
100% say the product leaves lips looking/feeling smoother and softer
96% say the product improves the look/feel of lips overtime
**Consumer test on 31 women between 18 and 35 years old","Diisostearyl Malate, Hydrogenated Polyisobutene, Phytosteryl/Isostearyl/Cetyl/Stearyl/Behenyl Dimer Dilinoleate, Caprylic/Capric Triglyceride, Polybutene, Butyrospermum Parkii (Shea) Butter, Synthetic Wax, Ethylene/Propylene/Styrene Copolymer, Simmondsia Chinensis (Jojoba) Seed Oil, Candelilla Cera/Euphorbia Cerifera (Candelilla) Wax/Cire de Candelilla, Punica Granatum Flower Extract, Glyceryl Caprylate, Parfum/Fragrance, Polyglyceryl-3 Diisostearate, Butylene/Ethylene/Styrene Copolymer, Benzyl Alcohol, Rubus Chamaemorus Seed Oil, Pentaerythrityl Tetra-di-t-butyl Hydroxyhydrocinnamate, Tocopherol.",Apply to lips as a balm for a soft and supple pout. Use as an overnight mask to infuse lips with replenishing moisture and protection while you sleep.
pimprod2049090,TATCHA,The Kissu Hydrating & Plumping Lip Mask,Lips,Lip Plumpers,$29.00,0.31 oz,https://media.ulta.com/i/ulta/2634110?w=100&h=100&fmt=auto,289 Reviews,"Benefits
Always moisturizing, never sticky
Reveals plump, pillowy soft lips overnight
Improves lips’ ability to retain moisture
Dermatologist tested
Formulated Without: fragrance, mineral oil, sulfates, detergents, parabens, urea, DEA, TEA, phthalates
Key Ingredients
Japanese Peach Extract: a traditional Japanese beauty secret used centuries ago to help repair damaged lips
Japanese Camellia Oil: helps seal in moisture
Biomimetic Squalane: richly moisturizes + improves the skin barrier
Research Results
100% showed improvement in moisturization & lip texture overnight**
100% showed improvement in plumpness, softness & suppleness overnight*
92% showed improvement in lip flakiness overnight*
92% agreed that their lips look fuller after 2 weeks***
*based on clinical study of 41 panelists
**based on a bio-instrumentation study of 41 panelists
***based on a self-assessment study of 41 panelists","Triisostearin, Polyglyceryl-2 Triisostearate, Squalane, Dextrin Palmitate, Vp/Hexadecene Copolymer, Silica, Dextrin Palmitate/Ethylhexanoate, Camellia Japonica Seed Oil, Prunus Persica (Peach) Kernel Extract, Prunus Persica (Peach) Juice, Prunus Persica (Peach) Leaf Extract, Citrus Unshiu Peel Extract, Saccharomyces/Rice Ferment Filtrate, Camellia Sinensis Leaf Extract, Cladosiphon Okamuranus Extract, Allantoin, Stearyl Glycyrrhetinate, Tocopherol, Pyridoxine Hcl, Aqua/Water/Eau, Propanediol, Butylene Glycol, Ethylhexylglycerin, Parfum/Fragrance, Phenoxyethanol, Limonene, Linalool, Iron Oxides (Ci 77491).","Massage a generous, even layer onto clean, dry lips and leave on. Can be used anytime, but right before bed is ideal. No need to rinse off.
For overnight use as a lip mask, apply in generous layers. For daytime use, apply a thin layer to moisturize or prep lips for color. Add a small dab over lip color for a glossy finish."
pimprod2029938,Supergoop!,Mineral Sheerscreen SPF 30,Suncare,Sunscreen,$40.00,1.5 oz,https://media.ulta.com/i/ulta/2589387?w=100&h=100&fmt=auto,264 Reviews,"Benefits
Broad spectrum sunscreen that protects against UVA, UVB and IRA rays
Helps filter blue light (light emitted from your phone, computer, & other screens)
Applies with a lightweight veil-like consistency for protection from UV rays
Whipped texture blends to a smooth, sheer finish on application
For all skin types, including sensitive
Sheer, satin finish
Formulated with clean, superpowered, hydrating ingredients
Can be used as a primer or on its own
Key Ingredients
Bush Clover Extract: Helps reduce the visible effects of free radicals
Aloe Leaf Juice, Sodium Hyaluronate and Plant-Sugar Squalane: Provide a natural-feeling moisturizing benefit, leaving the skin smooth, soft and without a greasy residue
Active Ingredients: Zinc Oxide 17.5%
Formulated Without
At Supergoop!, they thoughtfully choose ingredients based on global regulations and the latest scientific research. Their ""No List"" includes 1600+ ingredients that they never add in their products, including oxybenzone, octinoxate, parabens, phthalates, sulfates and synthetic fragrances.","Active: Zinc Oxide 17.5%.
Inactive: Water, Isododecane, Caprylic/Capric Triglyceride, Butyloctyl Salicylate, Propanediol, Glycerin, Squalane, Trioctyldodecyl Citrate, Polyglycerin-3, Polyclyceryl-3 Lactate/Laurate, Polysilicone-11, Cetearyl Alcohol, Glyceryl Stearate, Sodium Stearoyl Glutamate, Butylene Glycol, Xanthan Gum, Polyacrylate Crosspolymer-6, Isostearic Acid, Lecithin, Polyglyceryl-3 Polyricinoleate, Polyhydroxystearic Acid, Caprylhydroxamic Acid, Citric Acid, Aloe Barbadensis Leaf Juice, Lespedeza Capitata Leaf/Stem Extract, Maltodextrin, Sodium Hyaluronate.","Use after the last step in your skincare routine and before makeup to prime skin for easy makeup application. Apply generously and evenly 15 minutes before sun exposure. Reapply at least every 2 hours. Use a water resistant sunscreen if swimming or sweating.
Precautions: For external use only. Do not use on damaged or broken skin. Stop use and ask a doctor if rash occurs. When using this product keep out of eyes. Rinse with water to remove. Keep out of reach of children. If swallowed, get medical help or contact a Poison Control Center right away."
pimprod2049091,TATCHA,The Silk Sunscreen SPF 50 Weightless Mineral Sunscreen,Suncare,Sunscreen,$64.00,1.69 oz,https://media.ulta.com/i/ulta/2634113?w=100&h=100&fmt=auto,758 Reviews,"Benefits
Protects from UVA/UVB rays & premature aging
Water-resistant, sweat-resistant, non-comedogenic, and non-irritating to sensitive skin
Non-comedogenic
Sweat resistant
Climate adaptive
Formulated Without: fragrance, mineral oil, sulfates, detergents, parabens, urea, DEA, TEA, phthalates
Key Ingredients
Next-Gen Zinc Oxide: proven to be more effective at free radical protection than standard zinc oxide
Hyaluronic Acid + Niacinamide: hydrate + visibly even skin tone
Silk Extract: boosts radiance and smooths skin
Research Results
+56% improvement in skin moisturization**
100% agree the sunscreen feels comfortable on their skin after 1 use†
92% showed an improvement in redness and evenness of skin tone after 1 use*
100% showed an improvement in skin barrier and skin smoothness after 2 weeks**
*based on an expert grader study on 40 panelists
**based on a bio-instrumentation study on 40 panelists
†based on a self-assessment study on 40 panelists","Active: Zinc Oxide 10%. Inactive: Aqua/Water/Eau, C12-15 Alkyl Benzoate, Caprylic/Capric Triglyceride, Lauryl Peg-8 Dimethicone, Dimethicone, Isododecane, Tridecyl Salicylate, Hdi/Trimethylol Hexyllactone Crosspolymer, Propanediol, Caprylyl Methicone, Polymethylsilsesquioxane, Niacinamide, Saccharomyces/Rice Ferment Filtrate, Silica, Squalane, Camellia Sinensis Leaf Extract, Cladosiphon Okamuranus Extract, Hydrolyzed Silk, Bisabolol, Allantoin, Tocopherol, Theobroma Cacao (Cocoa) Seed Extract, Arctium Lappa Root Extract, Kappaphycus Alvarezii Extract, Sodium Hyaluronate, Lecithin, Caesalpinia Spinosa Fruit Extract, Lactobacillus, Maltodextrin, Caprylyl Glycol, Dimethicone Crosspolymer, Hydrogenated Lecithin, Tetrasodium Glutamate Diacetate, Peg-10, Polyglyceryl-2 Dipolyhydroxystearate, Propylene Glycol, Lauryl Peg-10 Tris(Trimethylsiloxy)Silylethyl Dimethicone, Polyglyceryl-4 Diisostearate/Polyhydroxystearate/Sebacate, Butylene Glycol, Phosphoric Acid, Sodium Hydroxide, Sodium Chloride, Hexylene Glycol, Ethylhexylglycerin, Phenoxyethanol, Iron Oxides (Ci 77491, 77492, 77499).","Shake well. Use liberally after moisturizer, at least 15 minutes before sun exposure. Allow to dry."
pimprod2037705,First Aid Beauty,Bye Bye Bumps Body Gift Set,By Category,Skin Gifts,$30.00,,https://media.ulta.com/i/ulta/2607041?w=100&h=100&fmt=auto,17 Reviews,"Benefits
Say bye-bye to bumps and hello to smooth, FAB skin with this body essentials kit
Exfoliate using KP Bump Eraser Body Scrub with 10% AHA to slough away rough, dry bumps
On non-scrub days, hydrate using KP Smoothing Body Lotion with 10% AHA which combines the benefits of a chemical exfoliant & moisturizer
Eliminate angry razor burn & painful ingrown hairs while preventing new ones from popping up with Ingrown Hair Pads
Includes
KP Bump Eraser Body Scrub (4.0 oz)
Ingrown Hair Pads (28 ct)
KP Smoothing Body Lotion (1.0 oz)","10% AHA KP Smoothing Body Scrub GLOBAL IL: Pumice, Aqua/Water/Eau, Glycolic Acid, Sodium Cocoyl Isethionate, Lactic Acid,  Dimethicone, Stearic Acid, Cetearyl Alcohol, Sodium Hydroxide, Palmitic Acid, Glycerin, C12-15 Alkyl Benzoate, Sorbitol, Colloidal Oatmeal, Tocopherol, Chrysanthemum Parthenium (Feverfew) Extract, Camellia Sinensis Leaf Extract, Glycyrrhiza Glabra (Licorice) Root Extract, Salix Nigra (Willow) Bark Extract,  Bisabolol,  Hydrogenated Coconut Acid, Xanthan Gum, Steareth-20, Steareth-21, Myristic Acid, Sodium Isethionate, Phenoxyethanol, Potassium Sorbate, Sodium Benzoate, Leuconostoc/Radish Root Ferment Filtrate, EDTA .
KP Smoothing Lotion: Aqua (Water, Eau), Lactic Acid, Propanediol, C12-15 Alkyl Benzoate, Caprylic/Capric Triglyceride, Silica, Sodium Hydroxide, Palmitic Acid, Dimethicone, Stearic Acid, Glyceryl Stearate, Glyceryl Stearate SE, Glycerin, Urea, Allantoin, Colloidal Oatmeal, Ceramide NP, Camellia Sinensis Leaf Extract, Glycyrrhiza Glabra (Licorice) Root Extract, Chrysanthemum Parthenium (Feverfew) Extract, Sodium Phytate, Sodium PCA, Xanthan Gum, Cetearyl Alcohol, Phenoxyethanol, Potassium Sorbate, Sodium Benzoate, Tetrasodium EDTA.
Ingrown Hair Pads: Aqua (Water, Eau), Polysorbate 20, Glycerin, Hamamelis Virginiana (Witch Hazel), Water, Glycolic Acid, Salicylic Acid, Sodium Hydroxide, Camellia Sinensis Leaf Extract, Glycyrrhiza Glabra (Licorice) Root Extract, Chrysanthemum Parthenium (Feverfew) Extract, Aloe Barbadensis Leaf Juice, Sodium PCA, Bisabolol, Phenoxyethanol, Potassium Sorbate, Sodium Benzoate, Benzoic Acid, Tetrasodium EDTA, Citric Acid.","KP Bump Eraser Body Scrub with 10% AHA:
After cleansing, apply onto wet skin and gently massage with fingertips onto problem areas.
Rinse and pat dry.
Follow with moisturizer.
Use 1-2 times a week as tolerated.
KP Smoothing Body Lotion with 10% AHA:
Apply daily to clean, dry skin all over body or problem areas.
Not intended for facial use.
Ingrown Hair Pads:
Swipe pad over clean, dry skin daily. Begin using day after shaving or waxing.
Precautions: KP Bump Eraser Body Scrub with 10% AHA:
Not intended for facial use. Use only as directed.
Avoid contact with eyes. If contact occurs, rinse well with water. If irritation persists, discontinue use and consult a physician. Keep out of reach of children.
Anyone can use this product. A patch test is recommended for those with sensitive skin.
Sunburn Alert: This product contains Glycolic and Lactic Acids that may increase your skin's sensitivity to the sun and particularly the possibility of sunburn. Use sunscreen, wear protective clothing, and limit sun exposure while using this product and for a week afterwards.
KP Smoothing Body Lotion with 10% AHA:
Avoid contact with eyes. If contact occurs, rinse well with water. If irritation persists, discontinue use and consult a physician. Keep out of reach of children.
Sunburn Alert: This product contains Glycolic and Lactic Acids that may increase your skin's sensitivity to the sun and particularly the possibility of sunburn. Use sunscreen, wear protective clothing, and limit sun exposure while using this product and for a week afterwards.
Ingrown Hair Pads:
Sunburn Alert: This product contains Glycolic and Lactic Acids that may increase your skin's sensitivity to the sun and particularly the possibility of sunburn. Use sunscreen, wear protective clothing, and limit sun exposure while using this product and for a week afterwards."
pimprod2051719,Beauty Finds by ULTA Beauty,Glow Into Spring,By Category,Skin Gifts,$25.99,,https://media.ulta.com/i/ulta/2636257?w=100&h=100&fmt=auto,6 Reviews,"Includes
Aquaphor, Aquaphor Healing Ointment (0.14 oz)
Banila Co, Clean It Zero Original Cleansing Balm (0.24 oz)
Bondi Sands, Self Tanning Foam – Ultra Dark (1.35 oz)
Cetaphil, Gentle Skin Cleanser (1.0 oz)
E.L.F. Skin, Skin Bronzing Drops Mini - Pure Gold (0.33 oz)
Hero Cosmetics, Mighty Patch Original (6 ct)
I Dew Care, Single Hot As Sheet Eye & Face Sheet Mask Duo (1 ct)
La Roche Posay, Anthelios Ultra Light Fluid Face Sunscreen Spf 60 (0.17 oz)
Mad Hippie, Super A Dlx (0.50 oz)
Panoxyl, Acne Treatment Bar With 10% Benzoyl Peroxide (1.50 oz)
Poppy & Pout, Lip Scrub - Pomegranate Peach (0.75 oz)
Skin1004, Centella Soothing Cream (1.01 oz)
Tonymoly, Plump-Kin Retinol Body Serum (0.67 oz)
Vacation Inc., Studio Tone Spf 50 Tanning Drops For Face (0.3 oz)
Vanicream, Vanicream Facial Cleanser (0.21 oz)",,
pimprod2051185,The Ordinary,Multi-Antioxidant Radiance Serum with Vitamin C and Ginseng,Treatment & Serums,Face Serums,$14.00,1.0 oz,https://media.ulta.com/i/ulta/2637075?w=100&h=100&fmt=auto,109 Reviews,"Key Ingredients
Ascorbyl Glucoside: A stabilized form of vitamin C which is converted to its active form inside the skin.
Ginseng extract: A plant extract that helps protect and soothe skin’s stress response against environmental aggressors.
EGCG: Designed to help shield against environmental irritants, while protecting skin from external stressors that can contribute to signs of aging.
Acetyl Tetrapeptide-2: A protective biomimetic peptide which helps target the appearance of uneven skin tone to promote a more radiant, healthier-looking appearance.
Heptapeptide-6: A turmeric peptide that helps protect against environmental aggressors while also targeting common signs of aging.
Ergothioneine: An antioxidant found naturally within the skin, that helps provide protection against environmental stressors which can cause visible skin damage.
Tremella Fuciformis Sporocarp extract: A polysaccharide (chain of sugar-like molecules) derived from snow fungus which create a protective film on skin’s surface, helping to attract and hold on to water like a moisture magnet.
Benefits
Combats 5 key signs of environmental damage.
Boosts radiance for luminous-looking skin.
Helps fade visible dark spots","Aqua/Water/Eau, Propanediol, Ascorbyl Glucoside, Ergothioneine, Epigallocatechin, Gallatyl Glucoside, Acetyl, Tetrapeptide-2, Heptapeptide-6, Tocotrienols, Tremella, Fuciformis Sporocarp Extract, Sphingomonas Ferment Extract, Panax Ginseng Root Extract, Bixa Orellana Seed Extract, Glycerin, Isoceteth-20, Citric Acid, Sodium Citrate, Sodium Hydroxide, Caprylyl Glycol, Ethylhexylglycerin, Phenoxyethanol, Chlorphenesi.",Apply a few drops to the face in the morning and evening.
pimprod2049970,Dior,Addict Lip Glow Lip Balm,Lips,Lip Balms & Treatments,$42.00,077 Candy,https://media.ulta.com/i/ulta/2633558?w=100&h=100&fmt=auto,"1,618 Reviews","Benefits
A hydrating lip balm infused with a unique technology that adapts to the pH of lips to reveal custom color & a natural-looking glow. Featuring cherry extract & shea butter, Dior Addict Lip Glow hydrates lips for 48 hours*, leaving them visibly smoother for 8 hours**.
Features
Coverage: Sheer
Finish: High Shine","077 Candy: Polyglyceryl-2 Triisostearate, Helianthus Annuus (Sunflower) Seed Oil, Hydrogenated Castor Oil Dimer Dilinoleate, Phytosteryl/Octyldodecyl Lauroyl Glutamate, Jojoba Esters, Polyglyceryl-2 Isostearate/Dimer Dilinoleate Copolymer, Candelilla Cera (Euphorbia Cerifera (Candelilla) Wax), Behenyl Behenate, Helianthus Annuus (Sunflower) Seed Wax, Synthetic Fluorphlogopite, Butyrospermum Parkii (Shea) Butter, Oryza Sativa (Rice) Bran Wax, Caprylic/Capric Triglyceride, Parfum (Fragrance), Butyrospermum Parkii (Shea) Butter Unsaponifiables, Diisostearyl Malate, Trimethylolpropane Triisostearate, Prunus Avium (Sweet Cherry) Seed Oil, Tocopherol, Ethyl Vanillin, Undaria Pinnatifida Extract, Ascorbyl Palmitate, Propyl Gallate. May Contain: CI 77891 (Titanium Dioxide), CI 45410 (Red 28 Lake), CI 45370 (Orange 5), CI 77491, CI 77499 (Iron Oxides), CI 19140 (Yellow 5 Lake), CI 15850 (Red 7).","Apply additional coats of this lip balm directly to lips to achieve your desired look, from a subtle tinted glow to more intense color."
pimprod2030309,Laura Mercier,Tinted Moisturizer Light Revealer Natural Skin Illuminator Broad Spectrum SPF 25,Moisturizers,Tinted Moisturizer,$54.00,5N1 Walnut,https://media.ulta.com/i/ulta/2589693?w=100&h=100&fmt=auto,"1,126 Reviews","Benefits
Ultra-sheer, adaptable shade evens out skin's appearance for a smooth, radiant finish
Antioxidant complex + Broad Spectrum SPF 25 protect against UV & environmental aggressors
Key Ingredients
Luminescent pearls add a hint of radiant color, while reflecting light to brighten dull skin
French algae helps improve the look of skin's natural radiance
Plant-based hydration promotes water retention by supporting skin's resilience & vitality
Features
100% of users said Tinted Moisturizer Light Revealer did not change color or oxidize*
97% of users said Tinted Moisturizer Light Revealer is gentle on skin & skin friendly*
93% of users said Tinted Moisturizer Light Revealer brightens/revives the look of skin's complexion instantly*
91% of users said Tinted Moisturizer Light Revealer does not pill*
*Based on consumer perception study of 33 subjects","Active Ingredients: Avobenzone (3.0%), Homosalate (5.0%), Octisalate (5.0%), Octocrylene (3.0%).
Inactive Ingredients: Water, Butyloctyl Salicylate, Butylene Glycol, Octyldodecyl Neopentanoate, Dimethicone, Glyceryl Stearate, PEG-100 Stearate, Glycerin, Ascophyllum Nodosum Extract, Silica, Ethylhexylglycerin, Cetearyl Alcohol, Coco Glucoside, Citric Acid, Batyl Alcohol, BIS-PEG/PPG-14/14 Dimethicone, Acrylates/ C10-30 Alkyl Acrylate Crosspolymer, Disodium EDTA, Potassium Hydroxide, Tocopheryl Acetate, Tetrahexyldecyl Ascorbate, Xanthan Gum, Saccharide Isomerate, Sodium Citrate, Tin Oxide, Phenoxyethanol, Potassium Sorbate. May Contain: Iron Oxides, Mica, Titanium Dioxide.","Place a small amount on the back of your hand and apply to face with a foundation sponge or with clean fingertips. Focus on one area at a time and blend well. For best results, use after your preferred Laura Mercier Pure Canvas Primer."
pimprod2040784,Bubble,Solar Mate Daily Mineral SPF 40,Suncare,Sunscreen,$19.00,1.7 oz,https://media.ulta.com/i/ulta/2611777?w=100&h=100&fmt=auto,550 Reviews,"Benefits
All skin types; especially breakout prone and sensitive skin types
Key Ingredients
Zinc Oxide (12%) provides your first line of defense against the sun
Raspberry Seed Extract provides antioxidant protection against UV rays
Ginseng Extract helps to brighten appearance of skin
Cocoa Seed Extract provides balanced hydration to skin
Glycerin lends a natural slip and glide to formula so it doesn’t feel draggy or heavy on the skin
Our Bluelight Protection is a superfood protein compound helps protect against + repair blue light damage.
Formulated Without
Denatured alcohols
Parabens
Artificial color
Added fragrance","Active: Zinc Oxide 12%.
Inactive: Water (Aqua), Isoamyl Laurate, Glycerin, Caprylic/Capric Triglyceride, Butyloctyl Salicylate, Polyglyceryl-10 Stearate, Poly C10-30 Alkyl Acrylate, Polyhydroxystearic Acid, Cetearyl Olivate, Sorbitan Olivate, Rubus Idaeus (Raspberry) Seed Oil, Panax Ginseng Root Extract, Theobroma Cacao (Cocoa) Seed Extract, Hydroxyethyl Acrylate/Sodium Acryloyldimethyl Taurate Copolymer, Hydroxyacetophenone, Polyglyceryl-10 Laurate, Microcrystalline Cellulose, Butylene Glycol, Xanthan Gum, Cellulose Gum, Phenoxyethanol.","Apply a generous amount (2-4 pumps) evenly as the last step of your AM skincare routine (before applying makeup and 30 minutes before sun exposure). Reapply every 2-3 hours to maintain protection. If you're planning on swimming or sweating, always use Solar Mate in combination with a water-resistant sunscreen.
Precautions: Use only as directed."
pimprod2045697,Naturium,Phyto-Glow Lip Balm,Lips,Lip Balms & Treatments,$9.99,Latte,https://media.ulta.com/i/ulta/2627341?w=100&h=100&fmt=auto,"1,047 Reviews","Benefits
Nourishes lips
Moisturizes & conditions
Adds lacquer-like shine
Contains natural vanilla flavor, which provides a subtle scent in addition to flavoring the formula
Dermatologist tested
Vegan, paraben & cruelty free
Key Ingredients
Phyto-Derived Esters: lanolin alternative that moisturizes & condition lips, nourishes without feeling greasy, naturally adds a glowy finish
Shea Butter: intensely hydrates dry, chapped lips, helps retain moisture & soothes and provides a rich, sensorial feel
Cupuaçu Butter: naturally soothes & conditions
Plant Squalane: leaves lips feeling supple, adds weightless hydration and locks in moisture","Phytosteryl/Isostearyl/Cetyl/Stearyl/Behenyl Dimer Dilinoleate, Diisostearyl Malate, Hydrogenated Polyisobutene, Polybutene, Polyglyceryl-2 Diisostearate, Butyrospermum Parkii (Shea) Butter, Microcrystalline Wax, Flavor, Synthetic Wax, Mica, Ricinus Communis Seed Oil, Squalane, Theobroma Grandiflorum Seed Butter, Isopropyl Titanium Triisostearate, Tocopherol, Citric Acid. MAY CONTAIN: Titanium Dioxide, Iron Oxides, Red 7 Lake, Blue 1 Lake, Red 6 Lake, Yellow 5 Lake, Red 33 Lake.",Apply onto lips throughout the day to nourish and hydrate.
pimprod2048455,Good Molecules,Travel Size Lightweight Daily Moisturizer,Travel Size Skin Care,,$6.00,1.0 oz,https://media.ulta.com/i/ulta/2630809?w=800&h=800&fmt=auto,12 Reviews,"Benefits
Lightweight, non-greasy finish layers well under makeup
Key Ingredients
Plant-based, naturally derived alternative to silicone helps smooth skin texture and plump up fine lines with a lightweight, breathable feel
Avocado oil nourishes the skin
Shea butter helps soothe with antioxidant vitamin E","Water, Propanediol, Neopentyl Glycol Diheptanoate, Butyrospermum Parkii (Shea) Butter, Cetearyl Alcohol, 1,2-Hexanediol, Persea Gratissima (Avocado) Oil, Cetearyl Olivate, Sorbitan Olivate, Glyceryl Stearate, Cetyl Ethylhexanoate, Carbomer, Tromethamine, Sodium Hyaluronate, Tocopheryl Acetate, Ethylhexylglycerin, Trisodium Ethylenediamine Disuccinate, Camellia Sinensis Leaf Water.",Gently massage moisturizer onto cleansed skin. Let fully absorb before applying other products. Suitable for daily use. For external use. Avoid contact with eyes.
pimprod2049173,TATCHA,The Silk Serum Wrinkle-Smoothing Peptide + Retinol Alternative,Treatment & Serums,Face Serums,$98.00,1.01 oz,https://media.ulta.com/i/ulta/2634106?w=100&h=100&fmt=auto,515 Reviews,"Benefits
Reduces the look of wrinkles & boosts radiance
Visibly firms & contours for a powerful lifting effect
Multilayer age spot correction to restore even skin tone & calm visible redness
Dermatologist tested
Includes up to 30% PCR (recycled plastic)
Formulated Without: mineral oil, synthetic fragrance, sulfates, detergents, parabens, urea, DEA, TEA, phthalates
Key Ingredients
Retinol Alternative Duo: reduces the look of wrinkles
Tetrapeptide-4 & Silk Protein: visibly firm + contour
Diglucosyl Gallic Acid provides: multilayer age spot correction
Research Results
85% showed improvement in the look of under-eye + forehead lines and evenness of tone after 2 weeks*
100% showed improvement in skin texture, suppleness & radiance after 1 use*
100% showed a reduction in skin redness after 2 weeks*
78% showed improvement in the look of deep wrinkles after 4 weeks*
*based on a clinical study of 41 panelists","Aqua/Water/Eau, Saccharomyces/Rice Ferment Filtrate, Glycerin, Betaine, Pentylene Glycol, Caprylic/Capric Triglyceride, Propanediol, Parfum/Fragrance, Vaccinium Macrocarpon (Cranberry) Fruit Extract, Crithmum Maritimum Extract, Camellia Sinensis Leaf Extract, Cladosiphon Okamuranus Extract, Squalane, Sericin, Morus Alba Leaf Extract, Hydrolyzed Silk, Carthamus Tinctorius (Safflower) Seed Oil, Tetrapeptide-4, Polyglyceryl-10 Stearate, Diglucosyl Gallic Acid, Helianthus Annuus (Sunflower) Seed Oil, Hydrolyzed Conchiolin Protein, Caprylyl Glycol, Acrylates/C10-30 Alkyl Acrylate Crosspolymer, 1,2-Hexanediol, Butylene Glycol, Sodium Citrate, Citric Acid, Potassium Hydroxide, Synthetic Fluorphlogopite, Citral, Limonene, Linalool, Ethylhexylglycerin, Phenoxyethanol, Titanium Dioxide (Ci 77891), Tin Oxide (Ci 77861).",Apply 1-2 pumps and massage onto face and neck.
pimprod2036754,Black Girl Sunscreen,Make It Hybrid Broad Spectrum SPF 50,Suncare,Sunscreen,$16.99,3.0 oz,https://media.ulta.com/i/ulta/2606302?w=100&h=100&fmt=auto,90 Reviews,"Benefits
Helps lower the risk of sunburns and signs of aging
Protects against both UVA abd UVB rays
Fragrance Free and Paraben free to be gentle on the skin
Features
Core ingredients are Aloe, Shea, Carrot, Sunflower, Avocado, Jojoba, and Lavender
Contains Lavender
Contains Zinc Oxide
Moisturizing, Water-Resistant","Acrylic Acid/Vp Crosspolymer, Aloe Barbadensis Leaf Juice, Butyrospermum Parkii (Shea) Butter, Caprylhydroxamic Acid, Caprylic/Capric Triglyceride, Daucus Carota Sativa (Carrot) Seed Oil, Ethyl Ferulate, Glycerin, Glyceryl Caprylate, Glyceryl Undecylenate, Helianthus Annuus (Sunflower) Seed Oil, Lavandula Angustifolia (Lavender) Oil, Olus Oil, Persea Gratissima (Avocado) Oil, Pongamia Pinnata Seed Extract, Simmondsia Chinensis (Jojoba) Seed Oil, Sodium Hydroxide, Tetrasodium Glutamate Diacetate, Tocopheryl Acetate, Triethoxycaprylylsilane, Vp/Acrylates/Lauryl Methacrylate Copolymer, Water.","Directions apply liberally 15 minutes before sun exposure reapply: after 80 minutes of swimming or sweating immediately after towel drying at least every 2 hours Sun Protection Measures. Spending time in the sun increases your risk of skin cancer and early skin aging. To decrease this risk, regularly use a sunscreen with a Broad Spectrum SPF of 15 or higher and other sun protection measures including: limit time in the sun, especially from 10 a.m. - 2 p.m. wear long-sleeved shirts, pants, hats, and sunglasses children under 6 months: Ask a doctor"
pimprod2042286,OLEHENRIKSEN,Banana Bright+ Vitamin C Eye Crème for Dark Circles,Eye Treatments,Eye Cream,$45.00,0.5 oz,https://media.ulta.com/i/ulta/2617233?w=100&h=100&fmt=auto,"1,351 Reviews","Key Ingredients
Triple Vitamin C Complex with Gold Delivery System: a powerhouse vitamin C trio for enhanced brightening and elasticity
Bioflavonoids: citrus, plant-based antioxidant compounds that help neutralize free radicals and other environmental aggressors
Hardy Orange Extract: an antioxidant-rich plant that thrives in harsh environments and pairs well with vitamin C, which helps brighten the look of skin and reduce the look of dark spots
Research Results
In an 8-week clinical study on 35 people:
100% agree it provides a smooth base for concealer application
29% brighter undereyes
40% reduction in crows feet
70% more hydrated instantly","Aqua/Water/Eau, Simmondsia Chinensis (Jojoba) Seed Oil, Butyrospermum Parkii (Shea) Butter, Isododecane, Coconut Alkanes, 3-O-Ethyl Ascorbic Acid, Cetearyl Alcohol, Glycerin, C18-38 Alkyl Hydroxystearoyl Stearate, Dilinoleic Acid/Propanediol Copolymer, Polymethylsilsesquioxane, Cocoyl Proline, Dimethicone Crosspolymer, Pentaerythrityl Tetraisostearate, Tetrahexyldecyl Ascorbate, Ascorbic Acid, Gold, Glutathione, Citrus Nobilis (Mandarin Orange) Fruit Extract, Citrus Paradisi (Grapefruit) Peel Extract, Glucosyl Hesperidin, Tocopherol, Tamarindus Indica Seed Polysaccharide, Poncirus Trifoliata Fruit Extract, Morus Alba Root Extract, Linoleic Acid, Linolenic Acid, Jojoba Esters, Caprylyl Glycol, Coco-Caprylate/Caprate, Propanediol, Polyglyceryl-3 Cocoate, Polyglyceryl-4 Caprate, Polyglyceryl-6 Caprylate, Polyglyceryl-6 Ricinoleate, Hdi/Trimethylol Hexyllactone Crosspolymer, Polyacrylate-13, Butylene Glycol, Polyglyceryl-3 Stearate, Polysorbate 20, Sodium Citrate, Polyisobutene, Beheneth-5, Acrylates/C10-30 Alkyl Acrylate Crosspolymer, Behenyl Alcohol, Sodium Hydroxide, Sorbic Acid, Sorbitan Isostearate, Citric Acid, Hydrolyzed Vegetable Protein, Stearic Acid, Palmitic Acid, Oleic Acid, Sorbitol, Silica, Sodium Benzoate, 1,2-Hexanediol, Xanthan Gum, Phenoxyethanol, Leuconostoc/Radish Root Ferment Filtrate, Mica, Iron Titanium Dioxide, Titanium Dioxide (Ci 77891), Iron Oxides (Ci 77491).","Using your ring finger, gently apply to undereye area. Wear alone or under concealer to improve and extend wear.
For external use only. Use as directed. If irritation occurs, discontinue use. For the best experience and results, close jar tightly and store in a cool, dark, dry place (below 25 C or 77 F).
Please note: Do not use if allergic to vitamin C or any other ingredient in this formula. If irritation occurs, discontinue use."
pimprod2037847,Dermalogica,Phyto Nature Oxygen Cream,Moisturizers,Face Moisturizer,$129.00,1.7 oz,https://media.ulta.com/i/ulta/2606355?w=100&h=100&fmt=auto,899 Reviews,"Benefits
Firms and lifts to reduce the appearance of skin aging
Revitalizes with oxygen-optimizing phytoactives for brighter, more radiant skin
Plumps and hydrates for ultra-smooth skin
Key Ingredients
Ligustrum Lucidum Seed, Glycogen, and Nasturtium Flower: help oxygenate skin's surface by hydrating its upper layers for a smooth, energized appearance
Adaptogenic Astragalus: smooths and tightens for a lifted look
Luffa Root + Squalene: visibly firm, minimizing the appearance of fine lines and wrinkles
Rose of Winter: soothes and boosts skin's resilience
Research Results
Clinically proven to give 4 years back - firmer and more lifted skin after 1 week","Water/Aqua/Eau, Panthenol, Squalane, Glycerin, Pentylene Glycol, Hydrogenated Ethylhexyl Olivate, Propanediol, Triethylhexanoin, Prunus Amygdalus Dulcis (Sweet Almond) Oil, Hydrogenated Vegetable Oil, Glyceryl Stearate SE, Cetearyl Alcohol, Bis-Ethoxydiglycol Cyclohexane 1,4-Dicarboxylate, PEG-100 Stearate, Glyceryl Stearate, Tocopheryl Acetate, Hydroxyacetophenone, Dipotassium Glycyrrhizate, Sodium Hyaluronate, Ubiquinone, Rosmarinus Officinalis (Rosemary) Leaf Extract, Helianthus Annuus (Sunflower) Seed Oil, Citrus Limon (Lemon) Peel Oil, Citrus Aurantium Bergamia (Bergamot) Fruit Oil, Salvia Sclarea (Clary) Oil, Citrus Aurantium Dulcis (Orange) Peel Oil, Avena Sativa (Oat) Kernel Extract, Viola Odorata Leaf Extract, Camellia Sinensis Seed Oil, Carthamus Tinctorius (Safflower) Seed Oil, Oryza Sativa (Rice) Bran Extract, Tapioca Starch, Chenopodium Quinoa Seed Extract, Helianthus Annuus (Sunflower) Extract, Camellia Sinensis Leaf Powder, Sphingomonas Ferment Extract, Spilanthes Acmella Flower/Leaf/Stem Extract, Astragalus Membranaceus Root Extract, Hordeum Vulgare Seed Extract, Candida Bombicola/Glucose/Methyl Rapeseedate Ferment, Rosmarinus Officinalis (Rosemary) Leaf Oil, Lavandula Spica (Lavender) Flower/Leaf/Stem Extract, Litsea Cubeba Fruit Oil, Zingiber Officinale (Ginger) Root Extract, Hydrogenated Olive Oil Unsaponifiables, Mentha Piperita (Peppermint) Oil, Tocopherol, Carnosine, Allantoin, Caprylyl Glycol, Acetyl Tetrapeptide-9, Beta-Glucan, Caffeine, Mannitol, Bisabolol, Trehalose, Lactobacillus Ferment, 1,2-Hexanediol, Steareth-21, Tetrasodium Glutamate Diacetate, Sodium Hydroxide, Aminomethyl Propanol, Carbomer, Microcrystalline Cellulose, Cellulose Gum, Sodium Benzoate, Potassium Sorbate, Limonene, Linalool, Citral.","After cleansing and toning, apply over face and neck in light, upward strokes. Use twice daily, morning and night."
pimprod2028067,Drunk Elephant,Beste No. 9 Jelly Cleanser,Cleansers,Face Wash,$35.00,5.0 oz,https://media.ulta.com/i/ulta/2588440?w=100&h=100&fmt=auto,"1,678 Reviews","Benefits
Unique blend of mild surfactants and makeup-dissolving emollients
Light foam rinses away without an ounce of residue
Leaves skin feeling clean and soft
Effectively dissolves even stubborn makeup, sunscreen, and oils
Dermatologist Tested
Formulated at a skin-friendly, non-stripping pH of 5.5
Formulated without the Suspicious 6 - the six ingredients Drunk Elephant believes are at the root of almost every skin issue (Essential oils, Silicones, Chemical sunscreens, SLS, Fragrances + dyes, and Drying alcohols)
Key Ingredients
Mild Surfactant Blend: Mild cleansing agents, including coconut-based surfactants rich in fatty acids, work together to create a gentle lather that effectively dissolves even stubborn makeup, sunscreen, and oils while supporting a healthy skin barrier
Glycerin: A skin-identical humectant, glycerin helps replenish hydration levels that are normally lost in skin during the cleansing process
Cantaloupe Fruit Extract: Rich in antioxidants, this extract soothes and hydrates
Research Results
In a consumer-perception study with 106 people after 1 day:
99% agreed skin felt free of impurities and surface debris
97% agreed Beste was non-irritating to skin
93% agreed skin felt balanced, soft, and supple","Water/Aqua/Eau, Glycerin, Cocamidopropyl Betaine, Coco-Glucoside, Sodium Lauroyl Methyl Isethionate, Cocamidopropyl Hydroxysultaine, Sodium Methyl Oleoyl Taurate, Propanediol, Aloe Barbadensis Leaf Extract, Glycolipids, Linoleic Acid, Linolenic Acid, Lauryl Glucoside, Cucumis Melo Cantalupensis Fruit Extract, Sclerocarya Birrea Seed Oil, Dipotassium Glycyrrhizate, Tocopherol, Citric Acid, Phenoxyethanol, Sodium Hydroxide, Sodium Benzoate, Sodium Chloride, Polylysine.","Squeeze into your palm and gently massage over wet or dry skin.
Add water to lather.
Rinse well and pat dry.
Use nightly or in alternation with other Drunk Elephant cleansers.
Tip: Drunk Elephant recommends skipping the morning cleanse, as it's not necessary if you've cleansed your skin the night before.
How to Recycle:
No need to disassemble. The whole thing is recyclable!"
pimprod2044242,BYOMA,Liptide Lip Mask with Peptides,Lips,Lip Balms & Treatments,$11.99,0.16 oz,https://media.ulta.com/i/ulta/2621902?w=100&h=100&fmt=auto,245 Reviews,"Benefits
Lightweight mask supercharges skin– repairing and restoring lips
Liptide Complex powered by peptides, ceramides + lipids plumps + hydrates
PHA gently exfoliates to enhance cell turnover
Helps heal dry, damaged lips – fast
Vegan and cruelty free
Features
Multi-purpose leave-on mask can be used as a hydrating lip mask throughout the day or an overnight treatment
BYOMA's Liptide Complex- a lip-compatible blend of actives- strengthens the skin barrier + minimizes water loss for full, healthy lips
Skin-loving ingredients work fast to intensely hydrate and condition dry, chapped lips
Key Ingredients
Liptide Complex works to strengthen the skin barrier for fuller, healthier lips
Babassu Oil intensely replenishes skin's moisture levels and nourishes skin
PHA gently exfoliates to remove dead skin cells, revealing smooth, hydrated lips","Hydrogenated Polyisobutene, Butyrospermum Parkii (Shea) Butter, Ethylhexyl Palmitate, Octyldodecanol, Synthetic Wax, Fragrance, Lithospermum Erythrorhizon Root Extract, Sorbitan Isostearate, 1,2-Hexanediol, Caprylic/Capric Triglyceride, Persea Gratissima (Avocado) Fruit Extract, Gluconolactone, Mandelic Acid, Glycerin, Orbignya Oleifera Seed Oil, Ethylene/Propylene Copolymer, Caprylyl Glycol, Ethylhexylglycerin, Palmitoyl Tetrapeptide-7, Sphingolipids, Water, Ceramide NP, Lactic Acid, Benzyl Benzoate.",Apply generously to the lips in the PM before bed and throughout day as needed.
pimprod2049101,Dermalogica,Multivitamin Power Recovery Cream,Moisturizers,Face Moisturizer,$95.00,1.7 oz,https://media.ulta.com/i/ulta/2633649?w=100&h=100&fmt=auto,146 Reviews,"Benefits
Provides immediate nourishment to hydrate and de-stress skin
Fights environmental stressors with powerful multivitamins
Boosts skin resilience to prevent premature signs of skin aging
Key Ingredients
ACE Vitamin Complex: neutralizes free radicals and fortifies skin's barrier
Freshwater Microalgae with Astaxanthin: help to firm and lift tired skin
Resilience-Building Peptide Blend: visibly minimizes the look of fine lines and wrinkles
Pro-Vitamin B5 and Niacinamide: soothe dehydration-stressed skin
Research Results
100% showed more radiant skin
94% had more hydrated skin
*Independent clinical result after 1 application based on a 4-week study of 31 subjects, 2 applications/day","Water/Aqua/Eau, Glycerin, Butylene Glycol, C12-15 Alkyl Benzoate, Panthenol, Linoleic Acid, Cetyl Palmitate, Niacinamide, Propanediol, Cetearyl Alcohol, Ethylhexyl Olivate, Cetearyl Olivate, Caprylic/Capric Triglyceride, Tocopheryl Acetate, Palmitoyl Tetrapeptide-7, Hydroxyacetophenone, Haematococcus Pluvialis Extract, Dipotassium Glycyrrhizate, Lactic Acid, Aminopropyl Ascorbyl Phosphate, Glycine Soja (Soybean) Oil, Aniba Rosodora (Rosewood) Wood Oil, Eugenia Caryophyllus (Clove) Leaf Oil, Anthemis Nobilis Flower Oil, Citrus Limon (Lemon) Peel Extract, Pelargonium Graveolens Flower Oil, Citrus Limon (Lemon) Peel Oil, Simmondsia Chinensis (Jojoba) Seed Oil, Cupressus Sempervirens Leaf/Nut/Stem Oil, Cymbopogon Martini Oil, Cymbopogon Schoenanthus Oil, Rosmarinus Officinalis (Rosemary) Leaf Extract, Eucalyptus Globulus Leaf Oil, Rosa Damascena Flower Oil, Daucus Carota Sativa (Carrot) Root Extract, Helianthus Annuus (Sunflower) Seed Oil, Hydrolyzed Jojoba Esters, Spirodela Polyrhiza Extract, Tocopherol, Polyglyceryl-10 Laurate, Squalane, Polyglycerin-10, Linolenic Acid, Chrysin, Beta-Carotene, Retinol, Pentylene Glycol, Ceramide NP, C15-19 Alkane, Ethylhexylglycerin, Sorbitan Olivate, Potassium Cetyl Phosphate, Tetrasodium Glutamate Diacetate, Sorbitan Oleate, Pantolactone, Polysorbate 20, Laureth-23, Trideceth-6 Phosphate, Citric Acid, Sodium Hydroxide, Acrylamide/Sodium Acryloyldimethyltaurate Copolymer, Polyacrylate Crosspolymer-6, Linalool, Eugenol, Limonene, Geraniol, Citronellol, Citral, Benzyl Benzoate, Benzyl Alcohol.","After cleansing and toning, apply over face and neck with light, upward strokes. Use twice daily, morning and night."
pimprod2025028,BOBBI BROWN,Vitamin Enriched Face Base Moisturizer & Primer with Vitamin C + Hyaluronic Acid,Face,Face Primer,$69.00,1.7 oz,https://media.ulta.com/i/ulta/2583728?w=100&h=100&fmt=auto,"3,157 Reviews","Benefits
A blend of Vitamins B, C and E helps replenish and condition skin with essential nourishment.
A moisturizing complex of Hyaluronic Acid, Squalane, and Shea Butter helps instantly hydrate, plump, and prep skin for a fresh, healthy-looking glow.
Rich yet lightweight and fast-absorbing primer texture cushions skin and grips foundation for smooth, flawless makeup application.
Grapefruit and Geranium leave a light, uplifting scent on skin.
Research Results
From consumer testing on 123 women after using product for one week:
98% said it left skin looking rejuvenated.96% said it left skin feeling nourished and conditioned.
96% said it left skin feeling moisturized throughout the day.
96% said it left skin looking healthy.
95% said it left skin feeling healthy and infused with moisture.
95% said it gripped makeup for flawless application.
95% said it layers well with makeup, helping makeup apply smoothly and evenly.
93% said if left skin feeling plumped.
91% said it improved the look of foundation.
Formulated Without
Parabens
Phthalates
Sulfates
Animal-Derived Ingredients
Gluten","Ingredients: Water\Aqua\Eau , Cyclopentasiloxane , Bis-Diglyceryl Polyacyladipate-2 , Butylene Glycol , Ppg-2 Myristyl Ether Propionate , Cetyl Alcohol , Peg-40 Stearate , Butyrospermum Parkii (Shea Butter) , Squalane , Glyceryl Stearate , Sorbitan Stearate , Epilobium Angustifolium Extract , Yeast Extract\Faex\Extrait De Levure , Beta-Carotene , Sodium Hyaluronate , Citrus Grandis (Grapefruit) Peel Oil , Tocopheryl Acetate , Methyl Glucose Sesquistearate , Pelargonium Graveolens (Geranium) Flower Oil , Dimethicone Crosspolymer , Acrylates/C10-30 Alkyl Acrylate Crosspolymer , Carbomer , Peg-20 Methyl Glucose Sesquistearate , C12-15 Alkyl Ethylhexanoate , Tetrasodium Edta , Sodium Hydroxide , Panthenol , Magnesium Ascorbyl Phosphate , Limonene , Citronellol , Geraniol , Linalool , Chlorphenesin , Phenoxyethanol Please be aware that ingredient lists may change or vary from time to time. Please refer to the ingredient list on the product package you receive for the most up to date list of ingredients.","Massage moisturizer primer base onto just-cleansed skin, avoiding eye area. Use with Vitamin Enriched Eye Base to achieve moisturizing prep for undereyes."
pimprod2048932,ANUA,Rice 70 Glow Milky Toner,Cleansers,Toner,$21.00,8.45 oz,https://media.ulta.com/i/ulta/2634193?w=100&h=100&fmt=auto,154 Reviews,"Benefits
A lightweight milky toner to achieve glass skin.
For bright glowy skin
Fragrance-free
Free Of: Alcohol / Parabens / Artificial Color / Sulfates Mineral Oil / Methylchloroisothiazolinone / Methylisothiazolinone / Nuts
Key Ingredients
70% ANUA RICE WATER+: Helps brighten the skin for even complexion
Niacinamide: Helps balance sebum production and oil production
Ceramides: Helps to form stronger skin barrier
Research Results
20.557% improvement in surface skin hydration immediately after use
Suitable for acne-prone skin test completed
Skin low-irritation test completed
AFTER 4 WEEKS:
29.788% improvement in oil content
12.908% reduction in skin sebum levels","Oryza Sativa (Rice) Bran Water, Butylene Glycol, Glycerin, Dipropylene Glycol, Niacinamide, Propanediol, Water, 1,2-Hexanediol, Methyl Gluceth-20, Panthenol, Betaine, Oryza Sativa (Rice) Extract, Hydroxyacetophenone, Diphenyl Dimethicone, Triethylhexanoin, Hydrogenated Lecithin, Adenosine, Ethylhexylglycerin, Carbomer, Tromethamine, Xanthan Gum, Glyceryl Acrylate/Acrylic Acid Copolymer, Theobroma Cacao (Cocoa) Seed Extract, Sodium Hyaluronate, Hydrolyzed Hyaluronic Acid, Hyaluronic Acid, Dextrin, Hydrolyzed Rice Protein, Oryza Sativa (Rice) Seed Protein, Ceramide NP, Sodium Lauroyl Lactylate, Arbutin, Ascorbic Acid, Allantoin, Ceramide AP, Phytosphingosine, Cholesterol, Ceramide EOP.","Apply with a cotton pad or pat with the palm of your hands all over your face.
Can be used every day, both AM & PM."
pimprod2046258,La Roche-Posay,Mela B3 Dark Spot Face Cleanser with Melasyl and Niacinamide,Cleansers,Face Wash,$27.99,6.76 oz,https://media.ulta.com/i/ulta/2625720?w=100&h=100&fmt=auto,196 Reviews,"Benefits
Gentle micro-peeling cleanser exfoliates to reveal a more even skin tone
Maintains the natural moisture barrier and pH
After 4 weeks, skin tone looks more even and spots appears less visible
Dermatologist and Allergy Tested
Non-Comedogenic
Bottle made from 99% recycled plastic, excluding the pump.
Key Ingredients
Melasyl, the newest, exclusive La Roche-Posay ingredient targets discoloration, while respecting the natural tone of all skin
Niacinamide, a vitamin B3 helps visibly fade skin discoloration
Formulated Without
Oil
Sulfate","Aqua / Water / Eau, Glycerin, Coco-Betaine, Propanediol, Sodium Cocoyl Glycinate, Peg-120 Methyl Glucose Dioleate, Sodium Hydroxide, Sodium Chloride, Citric Acid, Gluconolactone, Ceramide Np, Niacinamide, 2-Mercaptonicotinoyl Glycine, Sodium Thiosulfate, Disodium Edta, Capryloyl Glycine, Caprylyl Glycol, Trisodium Ethylenediamine Disuccinate, Pentylene Glycol, Acrylates Copolymer, Tocopherol, Tocopheryl Acetate, Parfum / Fragrance.","Wet skin & work cleanser into a lather, rinse & pat dry. Use with Mela B3 Serum in AM & PM, & Mela B3 UV in AM.
Precautions: Avoid direct contact with eyes."
pimprod2027915,Good Molecules,Super Peptide Serum,Treatment & Serums,Face Serums,$12.00,1.0 oz,https://media.ulta.com/i/ulta/2589109?w=100&h=100&fmt=auto,235 Reviews,"Benefits
Target multiple signs of aging at once.
Specially formulated blend of peptides and copper tripeptides helps to hydrate, brighten, and smooth for a healthy, youthful-looking glow.
Key Ingredients
Smooth, plump and firm appearance of skin with copper tripeptides that reinforce visible signs of firmness.
Reduce the appearance of fine lines and wrinkles caused by repeated facial expressions with peptides including Acetyl hexapeptide-8 and acetyl octapeptide-3.","Water, Propanediol, Glycerin, Ammonium Acryloyldimethyltaurate/VP Copolymer, 1,2-hexanediol, Diheptyl Succinate, Capryloyl Glycerin/Sebacic Acid Copolymer, Glycine, Xanthan Gum, Ethylhexylglycerin, Caprylyl Glycol, Acetyl Hexapeptide-8, Acetyl Octapeptide-3, Sodium Hyaluronate, Copper Tripeptide-1.","Apply a few drops in the morning and at night before oils, creams, and moisturizers. Let sit for 30 seconds before continuing with your routine. Suitable for daily use.
Precautions: This product contains a small amount of citrus essential oil in a concentration that is not known to cause photosensitivity. As with any new addition to your skincare routine, we recommend patch-testing prior to use."
pimprod2034791,BYOMA,Moisturizing Rich Cream,Moisturizers,Face Moisturizer,$16.99,1.6 oz,https://media.ulta.com/i/ulta/2601333?w=100&h=100&fmt=auto,531 Reviews,"Benefits
Rich daily moisturizing cream deeply + effectively hydrates skin
Thick, creamy texture melts into skin leaving no tacky residue
Tri-Ceramide Complex to support skin barrier health
Restorative bakuchiol + shea extracts nourish and soothe
Clinically proven to immediately hydrate skin while increasing moisturization by 70% with one use
Clinically proven to reduce skin sensitivity
Clinically proven protect and maintain the skin barrier
National Eczema Association Approved
Features
Dermatologist tested & approved skincare
Alcohol & fragrance-free
Recyclable bottles
Key Ingredients
Tri-Ceramide Complex: 3 key components of the stratum corneum- ceramides, cholesterol, and fatty acids – to rebuild the skin barrier and restore natural moisture levels
Bakuchiol: Natural alternative to retinol improves overall tone + appearance
Shea Extract: Hydrating emollient nourishes + restores skin","Aqua, Glycerin, Caprylic/Capric Triglyceride, Cetearyl Alcohol, Butyrospermum Parkii Butter, Cetearyl Olivate, Sorbitan Olivate, Dipropylene Glycol, Hydroxyethyl Acrylate/Sodium Acryloyldimethyl Taurate Copolymer, Hydroxyacetophenone, Ceramide NP, Cholesterol, Phytosphingosine, Caprylyl Glycol, Bakuchiol, Palmitic Acid, Stearic Acid, Oleic Acid, Hydrogenated Lecithin, Acrylates/C10-30 Alkyl Acrylate Crosspolymer, Tromethamine, Olea Europaea Fruit Oil, Ethylhexylglycerin, Lactic Acid, Disodium EDTA, Sorbitan Isostearate, Dipotassium Glycyrrhizate, Caprylhydroxamic Acid, Tocopherol.",Apply 1-2 pumps on cleansed skin following serum application AM + PM. Smooth onto skin until fully absorbed.
pimprod2031340,Dermalogica,Circular Hydration Serum,Treatment & Serums,Face Serums,$69.00,1.0 oz,https://media.ulta.com/i/ulta/2591108?w=100&h=100&fmt=auto,"1,098 Reviews","Benefits
Immediately hydrates to quench dehydrated skin
Provides hydration that lasts throughout the day and beyond
Replenishes skin from within
Key Ingredients
Hyaluronic Acid: penetrates skin's surface for deep hydration and more supple, radiant skin over time
Algae Extract: infused moisturizing matrix delivers quick and long-lasting hydration
Kelp Serum: source of minerals, amino acids and vitamins including A, C, E and thiamin
Research Results
Deeply hydrates skin for 10+ hours and increases hydration levels over time* *Independent clinical test, 30 subjects, 2 applications/day Hydration measurements taken via corneometer before application and at 20 minutes, 2 hours and 10 hours","Water/Aqua/Eau, PEG-8, Glycerin, Methylpropanediol, Propanediol, PPG-24-Glycereth-24, 1,2- Hexanediol, Xylitylglucoside, Butylene Glycol, Hydroxyethyl Urea, Panthenol, Hydroxyacetophenone, Lactic Acid, Hyaluronic Acid, Sodium Hyaluronate, Dunaliella Salina Extract, Avena Sativa (Oat) Kernel Extract, Citrus Aurantium Bergamia (Bergamot) Fruit Oil, Citrus Paradisi (Grapefruit) Peel Oil, Citrus Limon (Lemon) Peel Oil, Santalum Album (Sandalwood) Oil, Laminaria Digitata Extract, Jasminum Sambac (Jasmine) Flower Extract, Chondrus Crispus Extract, Gigartina Stellata Extract, Macrocystis Pyrifera (Kelp) Extract, Prunus Amygdalus Dulcis (Sweet Almond) Oil, Lithothamnion Calcareum Extract, Citrus Aurantium Dulcis (Orange) Oil, Cupressus Sempervirens Oil, Cistus Ladaniferus Leaf/Stem Extract, Juniperus Virginiana Oil, Rosmarinus Officinalis (Rosemary) Flower/Leaf/Stem Extract, Tagetes Minuta Flower Oil, Rosa Damascena Flower, Hydrolyzed Rice Protein, Pentylene Glycol, Sodium PCA, Anhydroxylitol, Xylitol, Polyglutamic Acid, Lactobacillus Ferment, Lysine HCl, Betaine, Sclerotium Gum, Sodium Lactate, PCA, Glucose, Serine, Alanine, Glycine, Silanetriol, Pantolactone, Glutamic Acid, Threonine, Arginine, Proline, Xanthan Gum, Tetrasodium Glutamate Diacetate, Polysorbate 20, Sorbitan Isostearate, Citric Acid, Sodium Hydroxide, Hydroxyethyl Acrylate/Sodium Acryloyldimethyl Taurate Copolymer, Amylopectin, Hydroxyethylcellulose, Sodium Benzoate, Potassium Sorbate, Limonene, Linalool.",Smooth over cleansed face and neck morning and night after toning and before moisturizing.
pimprod2012178,La Roche-Posay,Hyalu B5 Pure Hyaluronic Acid Face Serum,Treatment & Serums,Face Serums,$39.99,1.0 oz,https://media.ulta.com/i/ulta/2556945?w=100&h=100&fmt=auto,"1,615 Reviews","Benefits
Pure hyaluronic acid face serum hydrates and visibly plumps the skin to improve the look of fine lines
Rich, ultra-hydrating face serum texture replenishes the skin barrier and leaves skin feeling supple
Locks in moisture as it helps repair and replump the skin in 4 hours with 2 types of hyaluronic acid and vitamin B5
Soothes the skin with mineral-rich La-Roche Posay Thermal Spring Water
Hyaluronic acid serum can be used alone or before moisturizer for extra hydration
Suitable for sensitive skin and sensitive eyes
Lightly fragranced
Dermatologist and allergy tested
After 4 weeks, the look of dark spots and skin discoloration are significantly reduced
Key Ingredients
Vitamin B5 attracts moisture to the skin and enhances the look and feel of smoothness
Two types of pure hyaluronic acid hydrate the skin and lock in moisture to repair and replump the skin
Madecassoside provides anti-aging and antioxidant benefits
La Roche-Posay Thermal Spring Water is naturally rich in minerals with scientifically demonstrated soothing and antioxidant properties
Formulated Without
Oil
Parabens","Aqua / Water, Glycerin, Alcohol Denat., Propylene Glycol, Panthenol, Pentylene Glycol, Dimethicone, Peg-6 Caprylic/Capric Glycerides, Ppg-6-Decyltetradeceth-30, Glyceryl Isostearate, Madecassoside, Sodium Hyaluronate, Ammonium Polyacryloyldimethyl Taurate, Disodium Edta, Hydrolyzed Hyaluronic Acid, Caprylyl Glycol, Citric Acid, Xanathan Gum, Butylene Glycol, Tocopherol, Phenoxyethanol, Parfum / Fragrance.","Use as a daily anti-aging and Hyaluronic Acid serum to visibly plump, hydrate, and help reduce signs of aging. Apply face serum morning and/or evening to the face and neck. Use alone or as an added boost to your favorite moisturizer.
Build Your La Roche-Posay Regimen:
Step 1: Cleanse with La Roche-Posay Toleriane Purifying Foaming Face Wash for Oily Skin
Step 2: Treat with La Roche-Posay Hyalu B5 Pure Hyaluronic Acid Face Serum
Step 3: Moisturize With La Roche-Posay Toleriane Double Repair Face Moisturizer with Niacinamide
Step 4: Protect with La Roche-Posay Anthelios Ultra Light Fluid Face Sunscreen SPF 60"
pimprod2045158,MAC,Strobe Dewy Skin Tint,Moisturizers,Tinted Moisturizer,$38.00,Rich 2,https://media.ulta.com/i/ulta/2624862?w=100&h=100&fmt=auto,464 Reviews,"Benefits
Immediately evens skin tone
Blurs and diffuses blemishes
Provides immediate hydration
Long-wearing, 8 hours
Non-fading, 8 hours
Stays color-true, 8 hours
Provides anti-pollution protection and anti-blue light protection
74% naturally derived*
*Per ISO Standard 16128. From plant sources, non-petroleum mineral sources and/or water.
Key Ingredients
Shea Butter, Hyaluronic Acid, Squalane & Vitamin E: Helps protect skin barrier, hydrates and restores the skin
Contains 78.65% skincare ingredients
Features
Illuminating tinted moisturizer
Hydrating
Gel-balm texture that cocoons skin for a comfortable, soft all-over glow with a sheer buildable coverage","Water\Aqua\Eau, Hydrogenated Didecene, Glycerin, Propanediol, Isoamyl Laurate, Squalane, Cetyl Peg/Ppg-10/1 Dimethicone, Soybean Glycerides, Hydrogenated Styrene/ Isoprene Copolymer, Polyglyceryl-4 Isostearate, Sodium Chloride, Butyrospermum Parkii (Shea) Butter Unsaponifiables, Glycyrrhiza Glabra (Licorice) Root Extract, Camellia Sinensis Leaf Extract, Disteardimonium Hectorite, Caprylyl Glycol, 1,2-Hexanediol, Sodium Hyaluronate, Disodium Edta, Ascorbyl Palmitate, Pentaerythrityl Tetra-Di-T-Butyl Hydroxyhydrocinnamate, Hydroxyacetophenone, Tocopheryl Acetate, Bht, Phenoxyethanol, [+/- Mica, Titanium Dioxide (Ci77891), Iron Oxides (CI 77491), Iron Oxides (CI 77492), Iron Oxides (CI 77499), Bismuth Oxychloride (CI 77163), Blue 1 Lake (CI 42090), Chromium Hydroxide Green (CI 77289), Chromium Oxide Greens (CI 77288), Ferricammonium Ferrocyanide (CI 77510), Ferric Ferrocyanide (CI 77510), Manganese Violet (CI 77742), Red 6 (Ci15850), Red 7 Lake (CI 15850), Red 28 Lake (CI 45410), Red 30 Lake (CI 73360), Ultramarines (CI 77007), Yellow 5 Lake (CI 19140), Yellow 6 Lake (CI 15985)]","Apply to face using fingertips, sponge or a 159S Brush.
Blend or build to desired coverage.
Wear alone for a dewy glow, under foundation for a lit-from-within look or beneath powder for a radiant matte finish."
pimprod2049448,FARMACY,Honey Halo Ultra-Hydrating Ceramide Moisturizer,Moisturizers,Face Moisturizer,$48.00,1.7 oz,https://media.ulta.com/i/ulta/2635153?w=100&h=100&fmt=auto,156 Reviews,"Benefits
Plumps skin
Hydrates + soothes
Key Ingredients
Potent Ceramide Blend: replenishes skin’s moisture barrier, helps smooth the look of wrinkles and boosts elasticity
Buckwheat Honey with Propolis and Royal Jelly Blend: provides long-lasting moisture and antioxidants while soothing and hydrating
Fig Fruit Extract and Osmolytes: bind and restore moisture, leaving skin looking plump and supple
Research Results
8x increase in moisturization after 1 use*
4x improvement in skin barrier function after 8 hours*
100% had improved hydration after 1 use and 8 hours*
*Based on instrumental clinical testing","Water/Aqua/Eau, Glycerin, Butyrospermumparkii (Shea) Butter,Caprylic/Capric Triglyceride, C13-15 Alkane, Cetearyl Alcohol,Pentaerythrityl Tetraisostearate, 1,2-Hexanediol, Bis-Diglycerylpolyacyladipate-1, Diisostearyl Malate,Xylitylglucoside,Honeyextract/ Mel/ Extraitde Miel,Betaine, Panthenol, Hydrogenatedrapeseed Oil, Helianthus Annuus (Sunflower) Seed Oilunsaponifiables, Ceramide Np, Propolis Extract, Royal Jellyextract, Tocopherol,Ficus Carica (Fig)Fruit Extract, Hippophaerhamnoides Oil,Glucose, Bisabolol,Xylitol, Anhydroxylitol,Cetearyl Glucoside,Triolein, Acrylates/C10-30 Alkyl Acrylatecrosspolymer, Hydroxyethyl Acrylate/Sodium Acryloyldimethyltaurate Copolymer, Arginine, Flavor (Aroma)*,Hydroxyacetophenone,Xanthan Gum, Glyceryldioleate, Sodiumdilauramidoglutamidelysine, Sodium Phytate, Sorbitanisostearate, Citricacid, Potassium Sorbate, Sodium Benzoate (*Natural Flavor /Arome Naturel).","Use in the morning and at night
Apply to a clean face
Avoid direct contact with eyes"
pimprod2046943,Clarins,Double Serum Complete Age-Defying Concentrate,Treatment & Serums,Face Serums,$135.00,1.7 oz,https://media.ulta.com/i/ulta/2626928?w=100&h=100&fmt=auto,"7,171 Reviews","Benefits
This dual formula is inspired by skin’s natural water and oil composition
Visibly firms, lifts, and reduces wrinkles
Boosts skin’s radiance
Visibly minimizes pores
Key Ingredients
Epi-Aging Defense Technology: targets 2 types of aging (chronological and environmental + lifestyle aggressors)
Organic Giant Provencal Reed*: neutralizes the impact of skin aging from environmental + lifestyle aggressors
Turmeric: addresses all visible signs of skin aging
Organic Harungana Extract: as effective as retinol**
Peptides: renew for visibly firmer, smoother, plumper skin
*Organic ingredients are produced in accordance with European regulation (CE 2018/848).
**Comparative clinical study carried out on the anti-wrinkle and smoothing efficacy on 46 women who applied a base containing either organic harungana extract, or retinol, with a % percent of ingredients identical to that of the finished product for a period of 56 days.
Research Results
After 1st Application*: 97% comfortable skin, 96% hydrated skin, 89% smoothed skin
7 Days to Visible Results**: +13% firmer skin, -7% reduced wrinkles, +32% boosted radiance, -15% refined pores
Visible Results After 1 Month***: +32% firmness, -21% wrinkles, +54% radiance, -25% pores
*Consumer test, 353 women - multi-ethnic panel
**Self-assessment - 388 women perception - multi-ethnic panel on a structured scale, 7 days
***Self-assessment - 388 women perception - multi-ethnic panel on a structured scale, 28 days","Aqua/Water/Eau, Squalane, Hexyl Laurate, Glycerin, Pentylene Glycol, Propanediol, Silybum Marianum Seed Oil, Butylene Glycol, Ethylene/Propylene/Styrene Copolymer, Parfum/Fragrance, Fructose, Tromethamine, Carbomer, Hydroxyacetophenone, Avena Sativa (Oat) Kernel Extract, Escin, Tocopheryl Acetate, Ethylhexylglycerin, Aloe Barbadensis Leaf Juice Powder, Sodium Acetylated Hyaluronate, Theobroma Cacao (Cocoa) Extract, Caprylic/Capric Triglyceride, Aesculus Hippocastanum (Horse Chestnut) Extract, Leontopodium Alpinum Flower/Leaf Extract, Disodium Edta, Maltodextrin, Xanthan Gum, Butylene/Ethylene/Styrene Copolymer, Curcuma Longa (Turmeric) Root Extract, Persea Gratissima (Avocado) Oil Unsaponifiables, Melissa Officinalis Leaf Extract, Caramel, Hippophae Rhamnoides Kernel Extract, Sodium Lactate, Musa Sapientum (Banana) Fruit Extract, Oenothera Biennis (Evening Primrose) Flower/Leaf/Stem Extract, Harungana Madagascariensis Extract, Kalanchoe Pinnata Leaf Extract, Mangifera Indica (Mango) Leaf Extract, Sodium Benzoate, Citric Acid, Centaurea Cyanus Flower Extract, Tocopherol, Hedychium Coronarium Root Extract, Coco-Glucoside, Pentaerythrityl Tetra-Di-T-Butyl Hydroxyhydrocinnamate, Dipsacus Sylvestris Extract, Glycine Soja (Soybean) Oil, Arundo Donax Stem Extract, Jania Rubens Extract, Potassium Sorbate, Sodium Citrate, Malpighia Emarginata (Acerola) Seed Extract, Arbutus Unedo Fruit Extract, Palmitoyl Tripeptide-1, CI 14700/Red 4, Palmitoyl Tetrapeptide-7, [V4234A].","Clarins' Double Serum Exclusive Draining Pressure Application:
Smooth over clean face and neck each morning and or night.
Apply with gentle press-and-release movements, avoiding the eye contour area.
Work downward, over neck and décolleté."
pimprod2013850,First Aid Beauty,Travel Size Ultra Repair Cream Intense Hydration,Travel Size Body Care,,$18.00,2.0 oz,https://media.ulta.com/i/ulta/2559167?w=100&h=100&fmt=auto,358 Reviews,"Benefits
Award-winning, rich hydrating formula quickly absorbs with no greasy after-feel
Skin feels comfortable after just one use
24 hours of soothing hydration
Treats eczema + speeds up skin renewal to strengthen surface barrier for long-term relief
Made with Colloidal Oatmeal, a skin protectant and barrier-building ingredient
Safe for sensitive skin and good for face + body
Non-comedogenic
Key Ingredients
Colloidal Oatmeal (OTC): Treats eczema + improves skin renewal for stronger skin barrier
Shea Butter: Moisturizes and protects the skin barrier
Allantoin: Calms and soothes skin
Research Results
Clinically proven to strengthen skin barrier in 7 days
*In an independent clinical study with 21 participants:
More than 2x immediate increase in skin hydration*
**In a consumer perception study with 21 participants after 2 weeks:
100% reported the product helped soothe, moisturize, and condition skin**","Active: Colloidal Oatmeal 0.5%.
Inactive: Water, Stearic Acid, Glycerin, C12-15 Alkyl Benzoate, Caprylic/Capric Triglyceride, Glyceryl Stearate, Glyceryl Stearate SE, Cetearyl Alcohol, Butyrospermum Parkii (Shea) Butter, Dimethicone, Squalane, Phenoxyethanol, Caprylyl Glycol, Xanthan Gum, Allantoin, Sodium Hydroxide, Disodium EDTA, Chrysanthemum Parthenium (Feverfew) Extract, Camellia Sinensis Leaf Extract, Glycyrrhiza Glabra (Licorice) Root Extract, Ceramide NP, Eucalyptus Globulus Leaf Oil.",Apply as needed.
pimprod2046674,e.l.f. Cosmetics,Squeeze Me More Lip Balm Duo,Lips,Lip Balms & Treatments,$8.00,2 ct,https://media.ulta.com/i/ulta/2623032?w=100&h=100&fmt=auto,325 Reviews,"Benefits
Includes 2 Squeeze Me Lip Balms the scents and shades, Mango & Watermelon
Lightweight, hydrating formula
Super sheer kiss of natural-looking color
Squeeze tube with slanted tip applicator for easy application on the go
Boosted with nourishing ingredients
Cruelty-free, e.l.f. is Leaping Bunny Certified
e.l.f. is proud to partner with Fair Trade USA & manufacture products in Fair Trade Certified facilities; look for the Fair Trade Certified seal on your e.l.f. product
Formulated Without
Phthalates
Parabens
Nonylphenol ethoxylates
Triclosan
Triclocarban
Hydroquinone","Mango: Triisostearin, Hydrogenated Polyisobutene, Polyglyceryl-10 Pentaisostearate, Dextrin Palmitate, Fragrance (Parfum), Ethylhexylglycerin, Diethylhexyl Syringylidenemalonate, Squalane, Simethicone, Caprylic/Capric Triglyceride, Butyrospermum Parkii (Shea Butter), Water (Aqua), Ricinus Communis (Castor) Seed Oil, Butylene Glycol, Glycerin, Tocopherol, Sodium Hyaluronate, Maltodextrin, Hydrogenated Castor Oil, Lycium Chinense Fruit Extract, 1,2-Hexanediol, Xanthan Gum, Calcium Pantothenate, Caprylyl Glycol, Urea, Magnesium Lactate, Papain, Soluble Collagen, Potassium Lactate, Proline, Alanine, Serine, Magnesium Chloride, Sodium Citrate, Limonene, Eugenol. May Contain: Titanium Dioxide (Cl 77891), Yellow 5 Lake (CI 19140), Red 6 Lake (CI 15850).
Watermelon: Triisostearin, Hydrogenated Polyisobutene, Polyglyceryl-10 Pentaisostearate, Dextrin Palmitate, Fragrance (Parfum), Ethylhexylglycerin, Diethylhexyl Syringylidenemalonate, Squalane, Simethicone, Caprylic/Capric Triglyceride, Butyrospermum Parkii (Shea Butter), Water (Aqua), Ricinus Communis (Castor) Seed Oil, Butylene Glycol, Glycerin, Tocopherol, Sodium Hyaluronate, Maltodextrin, Hydrogenated Castor Oil, Lycium Chinense Fruit Extract, 1,2-Hexanediol, Xanthan Gum, Calcium Pantothenate, Caprylyl Glycol, Urea, Magnesium Lactate, Papain, Soluble Collagen, Potassium Lactate, Proline, Alanine, Serine, Magnesium Chloride, Sodium Citrate, Benzyl Benzoate. May Contain: Titanium Dioxide (Cl 77891), Red 6 Lake (CI 15850), Red 7 Lake (CI 15850).
Ingredients may change or vary from time to time. Please refer to the packaging of the product you receive for the list of ingredients in your particular product.","Apply a generous, even layer directly to lips.
Reapply as needed."
pimprod2043870,Live Tinted,Hueguard Skin Tint SPF 50 Mineral Sunscreen Broad Spectrum,Moisturizers,Tinted Moisturizer,$42.00,5,https://media.ulta.com/i/ulta/2621475?w=100&h=100&fmt=auto,388 Reviews,"Features
Light-medium buildable coverage
Natural, radiant no-white-cast finish
Lightweight gel cream texture with all-day hydration
Mineral broad spectrum SPF 50 with non-nano Zinc Oxide that protects against free radicals and environmental stressors
Key Ingredients
Zinc Oxide 9.5% is a non-nano zinc for a weightless formula that blends seamlessly into the skin without a white cast
Butterfly Bush Flower Extract provides antioxidant protection against UVA damage, prevents the breakdown of collagen, and encourages skin repair
Indian Gooseberry helps to diminish pigmentation and re-establish a natural radiance on skin
Hyaluronic Acid and Sea Buckthorn Oil provide advanced hydration, help retain moisture, and boost collagen production
Benefits
Fragrance-free
Non-comedogenic
Dermatologist tested","5: Active: Zinc Oxide 9.5%. Inactive: Allantoin, Aluminum Hydroxide, Ascorbyl Palmitate, Bisabolol, Buddleja Davidii Callus Extract, Butyloctyl Salicylate, C12-15 Alkyl Benzoate, C13-15 Alkane, Caprylic/Capric Triglyceride, Caprylyl Glycol, Citric Acid, Coco-Caprylate, Crocus Sativus Flower Extract, Disteardimonium Hectorite, Glycerin, Hippophae Rhamnoides (Seabuckthorn) Seed Oil, Hydrogenated Lecithin, Hydrolyzed Sodium Hyaluronate, Iron Oxides, Isoamyl Laurate, Lecithin, Methylpropanediol, Phenylpropanol, Physalis Pubescens Fruit Juice, Polyglyceryl-3 Polyricinoleate, Polyglyceryl-4 Diisostearate/Polyhydroxystearate/Sebacate, Pyrus Malus (Apple) Fruit Extract, Silica, Silica Silylate, Sodium Chloride, Sodium Hyaluronate, Titanium Dioxide (CI 77891), Tocopherol, Water/Aqua, Withania Somnifera Root Extract, Xanthan Gum.",Apply onto skin using your fingers or sponge. Feel free to layer until desired level of coverage is achieved - it's buildable!
pimprod2036916,The Ordinary,Multi-Peptide Eye Serum for Wrinkles and Crow's Feet,Eye Treatments,Eye Serums,$25.00,0.5 oz,https://media.ulta.com/i/ulta/2606218?w=100&h=100&fmt=auto,942 Reviews,"Benefits
Helps reduce the appearance of under eye wrinkles, eye bags, dullness, and crow's feet
Research Results
Significant improvement in the look of crows feet wrinkles at 41 and 8 weeks. *
*Clinical testing on 48 subjects after using product 2x/day for 4 weeks
Key Ingredients
Palmitoyl Tripeptide-38
Niacinamide
Fraxinus Excelsior Bark Extract
Caffeine
EGCG
Propyl Gallate
Gallyl Glucoside","Aqua (water), Glycerin, Butylene Glycol, Propanediol, Dipropylene Glycol, Acetyl Glucosamine, Niacinamide, Palmitoyl Tripeptide-38, Acetyl Tetrapeptide-5, Myristoyl Nonapeptide-3, Dipeptide Diaminobutyroyl Benzylamide Diacetate, Caffeine, Epigallocatechin Gallatyl Glucoside, Gallyl Glucoside, Fraxinus Excelsior Bark Extract, Silanetriol, Arginine, Pentylene Glycol, Hydroxymethoxyphenyl Decanone, Propyl Gallate, Maltodextrin, Hydroxypropyl Cyclodextrin, Hydroxyethylcellulose, Xanthan Gum, Citric Acid, Glycolic Acid, Sodium Citrate, Polysorbate 20, Trisodium Ethylenediamine Disuccinate, Dehydroacetic Acid, Ethylhexylglycerin, Benzyl Alcohol, Phenoxyethanol, Chlorphenesin.",Apply a small amount onto the eye contour in the morning and evening.
pimprod2048680,STARFACE,Hydro-Star Pimple Patches + Compact,Treatment & Serums,Acne & Blemish Treatments,$14.99,Big Yellow,https://media.ulta.com/i/ulta/2631424?w=100&h=100&fmt=auto,"1,101 Reviews","Benefits
Hydro-Stars® are made with 100% hydrocolloid to help reduce the appearance of inflammation and shrink spots overnight.
Hydro-Stars are perfect for all spots, especially juicy ones like surface-level pimples and whiteheads. Thanks to hydrocolloid's gentle properties, wearing Hydro-Stars just for fun is also safe (and encouraged!).
These cute stars protect your spots from outside bacteria and serve as a gentle reminder to avoid skin picking.
Dermatologist tested, and safe for every skin type, including sensitive.
Features
Perfectly shaped to grip the contours of the face, Hydro-Stars are designed to really stick and keep you feeling cute while caring for your skin.
Their little arms are great for reaching spots in tight or awkward spaces, like the corner of your nose or side of your lip.
Take your stars everywhere you go with a reusable, mirrored compact that holds your patches for easy application and storage.
Key Ingredients
Hydrocolloid is clinically proven to improve the appearance of pimples overnight: It draws out fluid, which can help soothe redness and inflammation.",Hydrocolloid.,"Apply to clean, dry skin. Leave on overnight (or 6+ hours) for best results. Lift off in the morning and replace with a new star (if you want).
Precautions: Keep out of reach of children. For external use only. Do not use on damaged or broken skin. Stop using and ask a doctor if rash and/or irritation occur. If product is swallowed, get medical help or contact a poison control center right away. Protect the product in this pouch from excessive heat and direct sun."
pimprod2051254,Sol de Janeiro,Rio Radiance SPF 50 Body Oil,Suncare,Sunscreen,$30.00,3 oz,https://media.ulta.com/i/ulta/2637267?w=100&h=100&fmt=auto,387 Reviews,"Benefits
Protects skin with UVA/UVB broad spectrum SPF 50
Water resistant for up to 40 minutes
Leaves a gorgeous, shimmering glow
Deeply nourishes without the greasy feel
Softens skin
Key Notes
Top: Leite de coco, warm sand
Mid: Solar tuberose, ylang ylang
Dry: Creamy vanilla, amber essence
Formulated Without
Oxybenzone & octinoxate
Mineral oil
Parabens
Phthalates","Active Ingredients: Avobenzone (3.00%) . . . . . . . . . Sunscreen Homosalate (7.34%) . . . . . . . . . Sunscreen Octisalate (5.00%) . . . . . . . . . . . Sunscreen Octocrylene (10.00%) . . . . . . . . . Sunscreen
Inactive Ingredients: Butyloctyl Salicylate, Carthamus Tinctorius Seed Oil, Diethylhexyl 2,6-Naphthalate, Ethylhexyl Methoxycrylene, Ethylhexylglycerin, Iron Oxides (CI 77491), Isododecane, Maleated Soybean Oil Glyceryl/Octyldodecanol Esters, Mica (CI 77019), Oenocarpus Bataua Fruit Oil, Parfum (Fragrance), Phenoxyethanol, Pongamia Glabra Seed Oil, Pongamia Pinnata Seed Extract, Synthetic Fluorphlogopite, Tin Oxide (CI 77861), Titanium Dioxide (CI 77891), Tocopherol, Tocopheryl Acetate, Benzyl Salicylate, Citronellol, Limonene.","Shake well before use and apply liberally 15 minutes before sun exposure. Reapply at least every two hours. Mist evenly onto skin, holding bottle four to six inches away and massage in. Pro tip: Apply as a daily body oil for glowing hydration (sun optional)."
pimprod2020397,Banila Co,Super Sized Clean It Zero Original Cleansing Balm,Cleansers,Cleansing Balms & Oils,$29.00,6.09 oz,https://media.ulta.com/i/ulta/2570977?w=100&h=100&fmt=auto,"2,006 Reviews","Benefits
Acerola+ combines the antioxidant benefits of Acerola Berry with Vitamin-C to provide hydration & vitality to all skin types.
Micro-Capture Technology: unique blend of magnet oils that helps remove impurities from pores and wrinkles.
Hypoallergenic
Formulated Without
Parabens
Sulfates
Phthalates
Polyethylene
Mineral oil
Alcohol
Artificial coloring
Research Results
Clinically tested to improve skin hydration* (based on a clinical study of 31 adult female subjects 21-59).
Clinically proven to boost antioxidants in the skin*(based on clinical study of DPPH free radical scavenging activity).","Cetyl Ethylhexanoate, Ethylhexyl Stearate, PEG-20 Glyceryl Triisostearate, PEG-10 Isostearate, Synthetic Wax, Olea Europaea (Olive) Fruit Oil, 1,2-Hexanediol, Butylene Glycol, Water, Malpighia Glabra (Acerola) Fruit Extract, Fragrance, Lithospermum Erythrorhizon Root Extract, Simmondsia Chinensis (Jojoba) Seed Oil, Onsen-Sui, Punica Granatum Fruit Extract, Vaccinium Macrocarpon (Cranberry) Fruit Extract, Ascorbic Acid.",Use spatula provided to scoop a small amount of cleansing balm onto dry hands then gently massage onto your dry face and eyes until makeup is fully dissolved. Add a little water to emulsify the oil and rinse face with lukewarm water.
pimprod2033049,IT Cosmetics,Confidence in an Eye Cream Anti-Aging Peptide Eye Cream,Eye Treatments,Eye Cream,$47.50,0.5 oz,https://media.ulta.com/i/ulta/2594099?w=100&h=100&fmt=auto,"1,657 Reviews","Benefits
This IT Cosmetics under eye cream is reformulated with a 2% Super Peptide Concentrate to better address signs of eye fatigue
In just 4 weeks, you'll see a visible improvement dryness
Key Ingredients
Rice Peptide: Helps to reinforce barrier function
Tetrapeptide: Helps to reduce look of dark circles","Aqua / Water / Eau, Theobroma Cacao Seed Butter / Cocoa Seed Butter, Glycerin, Dimethicone, Isohexadecane, Propanediol, Glyceryl Stearate, Peg-20 Stearate, Niacinamide, Peg/Ppg/Polybutylene Glycol-8/5/3 Glycerin, Hydroxyproline, Hydrolyzed Soy Protein, Stearic Acid, Peg-100 Stearate, Palmitic Acid, Glycine, Octyldodecanol, Polyacrylamide, Silica Silylate, Butylene Glycol, Phenoxyethanol, Caffeine, C13-14 Isoparaffin, Pentylene Glycol, Ci 77891 / Titanium Dioxide, Tocopherol, Hydrolyzed Rice Protein, Caprylyl Glycol, Carbomer, Mica, Laureth-7, Panax Ginseng Root Extract, Sodium Hyaluronate, Proline, Alanine, Capryloyl Salicylic Acid, Trisodium Ethylenediamine Disuccinate, Myristic Acid, Pentaerythrityl Tetra-Di-T-Butyl Hydroxyhydrocinnamate, Ceramide Np, Adenosine, Sodium Lactate, Hydroxypalmitoyl Sphinganine, Polysorbate 20, Sodium Hydroxide, CI 77491 / Iron Oxides, Tin Oxide, Palmitoyl Tripeptide-1, Palmitoyl Tetrapeptide-7.","Apply morning and evening, after cleansing and before your face moisturizer.
With your ring finger, gently dab a pea-size amount from your inner to outer eye area.
Smooth remaining eye cream onto your upper lid and brow bone.
Makeup Beauty Tips:
To sheer out your concealer, blend eye cream and concealer together.
Tame and smooth your brows by applying a small amount of eye cream.
Illuminate your skin with Confidence in an Eye Cream by placing on upper cheekbones to highlight and glow!
Skincare Beauty Tips:
Use this anti-aging product as a nourishing eye mask: apply a thicker layer of eye cream, allow to sit for 5 minutes and then gently pat into skin until fully absorbed.
Use as an under-eye moisturizer and base to prep the under-eye area for makeup.
Add hydration around the cuticles with this eye cream."
pimprod2046259,Charlotte Tilbury,Unreal Skin Sheer Glow Tint Hydrating Foundation Stick,Moisturizers,Tinted Moisturizer,$46.00,1 Fair,https://media.ulta.com/i/ulta/2625903?w=100&h=100&fmt=auto,835 Reviews,"Features
Swipe, Blend And Glow! A super-natural foundation that instantly smooths, blurs and leaves a soft-focus finish. Packed with Hyaluronic Acid, Vitamin E and Collageneer, it immediately hydrates and nourishes for more youthful-looking skin. Available in 20 stretchable shades.
Key Ingredients
Multi-Molecular Weight HA Blend - Gives the skin a plumper appearance and nourishes the skin
Vitamin E - Transforms dull complexions with antioxidant and moisturizing abilities
Daikon Radish Seed Oil - Moisturizes, helps skin to feel smoother and firmer over time
Research Results
In a clinical test on 33 people, immediately after one application, results showed:
Moisturizes and keeps hydration locked in for up to 24 hours
Skin looks smoother and plumper and feels firmer
Skin looks 32 times smoother","1 Fair: C15-19 Alkane, Octyldodecanol, Tridecyl Trimellitate, Mica, Pentaerythrityl Tetraisostearate, Polyethylene, Bis-Diglyceryl Polyacyladipate-2, Sucrose Tetrastearate Triacetate, Raphanus Sativus (Radish) Seed Extract, Cera Microcristallina/Microcrystalline Wax/Cire Microcristalline, Silica, Silica Silylate, Helianthus Annuus (Sunflower) Seed Oil, Tocopheryl Acetate, Disteardimonium Hectorite, Pentaerythrityl Tetra-Di-T-Butyl Hydroxyhydrocinnamate, Triethoxycaprylylsilane, Ricinus Communis (Castor) Seed Oil, Hydrolyzed Sodium Hyaluronate, Lupinus Albus Seed Extract, Dicalcium Phosphate, Sodium Hyaluronate, Hydrogenated Castor Oil, Rosmarinus Officinalis (Rosemary) Leaf Extract, Tocopherol, Tin Oxide. May Contain: Titanium Dioxide (CI 77891), Iron Oxides (CI 77491, CI 77492), Blue 1 Lake (CI 42090).","Lightly glide on and blend from the center of the face outwards. Blend it with your fingers for sheer coverage or with a complexion brush for buildable, weightless coverage.
Wear your perfect unreal shade match for a super-natural glowing skin finish.
Apply over existing makeup as a touch up on the go for an instant soft glow effect."
pimprod2020519,Hero Cosmetics,Mighty Patch Duo Original & Invisible+ Patches,K-Beauty,,$6.99,12 ct,https://media.ulta.com/i/ulta/2572018?w=100&h=100&fmt=auto,"1,212 Reviews","Benefits
Absorbs pimple gunk
Reduces appearance of acne
No picking or popping
Non-irritating
Clinically tested
Allergy tested
Features
90% of participants agreed that using the patch is a faster way to visibly shrink whiteheads overnight compared to traditional zit cream.
94% of users agreed that the Mighty Patch Original gently extracts pus/gunk from the pimple
96% said their blemish felt protected from dirt and bacteria while wearing the patch overnight.
Includes
6 patches of Mighty Patch Invisible+ for daytime
6 patches of Mighty Patch Original for nighttime",Hydrocolloid.,
pimprod2030772,Estée Lauder,Revitalizing Supreme+ Youth Power Cream Moisturizer,Moisturizers,Face Moisturizer,$120.00,1.7 oz,https://media.ulta.com/i/ulta/2591237?w=100&h=100&fmt=auto,"5,202 Reviews","Benefits
Firms
Strengthens
Supremely indulgent texture
89% of consumers said skin looks more lifted*
95% of consumers said skin feels firmer**
87% of consumers said facial lines & wrinkles* - as well as neck lines look reduced***
93% of consumers agreed skin looks radiant & feels stronger, hydrated, nourished**
95% said skin feels fresh and comforted - instantly****
*Consumer testing on 110 women after using product for 4 weeks.
**Consumer testing on 110 women after using product for 2 weeks.
***Consumer testing on 91 women after using product for 4 weeks.
****Consumer testing on 110 women after a single product application.
Key Ingredients
Exclusive, 99% naturally-derived Hibiscus Morning Bloom extract
Moringa extract
Cactus stem cell extract & hyaluronic acid
Collagen boosting technology
Research Results
89% said skin looks more lifted.(1)
95% said skin feels firmer.(2)
87% said facial lines and wrinkles(1) - as well as neck lines(3) - look reduced.
93% agreed skin looks radiant and feels stronger, hydrated, nourished. (2)
Feels silky and nourishing. Absorbs quickly and melts into skin with no oily feeling.
95% said skin feels fresh and comforted - instantly.(4)
95% agreed this formula was skin-friendly and gentle on their skin.(1)
*After having purchased your first Revitalizing Supreme+ refillable and recyclable glass jar.
(1) Consumer testing on 110 women after using product for 4 weeks.
(2) Consumer testing on 110 women after using product for 2 weeks.
(3) Consumer testing on 91 women after using product for 4 weeks.
(4) Consumer testing on 110 women after a single product application.","Water/Aqua/Eau, Dimethicone, Glycerin, Isohexadecane, Butylene Glycol, Bis-Peg-18 Methyl Ether Dimethyl Silane, Peg-10 Dimethicone, Disteardimonium Hectorite, Moringa Oleifera Seed Extract, Hibiscus Sinensis Flower Extract, Sodium Hyaluronate, Acetyl Hexapeptide-8, Laminaria Digitata Extract, Whey Protein/Lactis Protein/Proteine Du Petit-Lait, Opuntia Tuna Extract, Acetyl Glucosamine, Tocopheryl Acetate, Narcissus Tazetta Bulb Extract, Squalane, Algae Extract, Hypnea Musciformis (Algae) Extract, Pyrus Malus (Apple) Fruit Extract, Cucumis Sativus (Cucumber) Fruit Extract, Lens Esculenta (Lentil) Fruit Extract, Citrullus Lanatus (Watermelon) Fruit Extract, Silybum Marianum (Lady'S Thistle) Extract, Gelidiella Acerosa Extract, Helianthus Annuus (Sunflower) Seed Extract, Sigesbeckia Orientalis (St. Paul'S Wort) Extract, Caffeine, Hordeum Vulgare (Barley) Extract/Extrait D'Orge, Sodium Lactate, Triticum Vulgare (Wheat) Germ Extract, Sorbitol, Propylene Glycol Dicaprate, Sucrose, Sodium Pca, Aminopropyl Ascorbyl Phosphate, Pentylene Glycol, Caprylyl Glycol, Propylene Carbonate, Polyethylene, Polysilicone-11, Peg-32, Peg-6, Disodium Edta, Isoceteth-20, Isododecane, Citric Acid, Fragrance (Parfum), Bht, Sodium Citrate, Potassium Sorbate, Sodium Dehydroacetate, Sodium Benzoate, Phenoxyethanol, Iron Oxides (Ci 77491).","Apply all over face and neck, AM and PM. Ideal after your repair serum."
pimprod2037436,Good Molecules,Sheer Mineral Sunscreen SPF 30,Suncare,Sunscreen,$12.00,1.7 oz,https://media.ulta.com/i/ulta/2606130?w=100&h=100&fmt=auto,791 Reviews,"Benefits
The weightless, fast-absorbing sunscreen is suitable for all skin tones and types - leaving behind no greasy residue.
Key Ingredients
13.3% zinc oxide helps shield the skin against harmful UVA and UVB rays while maintaining a lightweight, transparent formula for minimal white cast.
Grapeseed oil, tucuma seed butter, and hyaluronic acid help hydrate and nourish the skin
Antioxidants help protect the skin from free radicals","Water, Zinc Oxide, Coco-Caprylate, Caprylic/Capric Triglyceride, Butyloctyl Salicylate, Propanediol, Vitis Vinifera (Grape) Seed Oil, Sodium Stearoyl Glutamate, Cetearyl Alcohol, Arachidyl Alcohol, Tocopherol, Caprylyl Glycol, Coco-Glucoside, Astrocaryum Tucuma Seed Butter, Ethyl Ferulate, Behenyl Alcohol, Cetyl Palmitate, Sorbitan Palmitate, Sorbitan Olivate, Arachidyl Glucoside, Sodium Gluconate, Citric Acid, Bisabolol, Acacia Senegal Gum, Caprylhydroxamic Acid, Glycerin, Xanthan Gum, Acetyl Glucosamine, Sodium Hyaluronate, Polyhydroxystearic Acid, Tetrahexyldecyl Ascorbate, Aloe Barbadensis Leaf Juice.","Apply liberally 15 minutes before sun exposure. Reapply at least every 2 hours. For children under 6 months, consult a doctor.
Keep out of eyes, rinse with water to remove if contact occurs."
pimprod2023293,Clinique,Moisture Surge 100H Auto-Replenishing Hydrator Gel Moisturizer with Hyaluronic Acid,Travel Size Skin Care,,$17.00,0.5 oz,https://media.ulta.com/i/ulta/2576602?w=100&h=100&fmt=auto,"4,024 Reviews","Benefits
All Skin Types.
Concern: Dehydration, dry skin.
Delivers instant hydration that soothes in 3 seconds.
100% instantly show a boost in hydration and glow.
Many things can dehydrate your skin, including stress, lack of sleep, pollution, air travel, and time spent in the sun. Fight back with Moisture Surge™ 100H Hydrator. Clinique’s gel moisturizer penetrates deep into skin’s surface for 100 hours of stabilizing hydration.
An antioxidant blend of vitamins C and E helps protect against daily dehydrators so your skin is more resilient.
Skin feels soothed with hydration in 3 seconds, and it keeps on glowing.
Preps for Makeup: Lightweight, refreshing moisturizer with hyaluronic acid provides a smooth canvas for makeup application.
Free Of: Fragrance, Parabens, Phthalates, Oil, Drying alcohol.
Dermatologist tested. Safe for sensitive skin. Allergy tested. 100% fragrance free.
Key Ingredients
Aloe bioferment: The aloe vera plant is concentrated over 500 times, then further transformed into a bioferment through a meticulous 10-step fermentation process over 5+ days. The result is a nutrient-rich ingredient that helps skin retain moisture.
Hyaluronic acid: This moisture-binding ingredient helps create a “moisture reservoir” for ideal hydration. Clinique’s formula is expertly blended with two different molecular weights of hyaluronic acid.
Blend of vitamins C and E: Helps provide antioxidant protection against daily dehydrators.
Auto-Replenishing Technology: Using activated aloe water and caffeine, it helps trigger skin’s own rehydration system.
Research Results
After one use:
100% show a boost in hydration* and glow.**
Boosts moisture immediately by +174%.
Provides 100 hours of stabilizing hydration.
*Clinical testing on 19 women.
**Clinical testing on 27 women.
After one week:
99% say skin feels deeply hydrated.*
95% say skin looks plump.*
91% say skin looks glowing.*
98% say skin feels more resilient.*
95% say skin feels healthier.*
*Consumer testing on 110 women.","Water\Aqua\Eau, Dimethicone, Butylene Glycol, Glycerin, Trisiloxane, Trehalose, Sucrose, Ammonium Acryloyldimethyltaurate/Vp Copolymer, Hydroxyethyl Urea, Camellia Sinensis (Green Tea) Leaf Extract, Silybum Marianum (Lady's Thistle) Extract, Betula Alba (Birch) Bark Extract, Saccharomyces Lysate Extract, Aloe Barbadensis Leaf Water, Aloe Barbadensis Leaf Extract, Thermus Thermophillus Ferment, Caffeine, Sorbitol, Palmitoyl Hexapeptide-12, Sodium Hyaluronate, Caprylyl Glycol, Oleth-10, Sodium Polyaspartate, Aloe Barbadensis Leaf Polysaccharides, Lactobacillus Ferment Lysate, Saccharide Isomerate, Hydrogenated Lecithin, Tocopheryl Acetate, Acrylates/C10-30 Alkyl Acrylate Crosspolymer, Glyceryl Polymethacrylate, Tromethamine, PEG-8, Hexylene Glycol, Magnesium Ascorbyl Phosphate, Citric Acid, BHT, Disodium EDTA, Sodium Citrate, Potassium Sorbate, Sodium Benzoate, Phenoxyethanol, Red 4 (CI 14700), Yellow 5 (CI 19140).
Please be aware that ingredient lists may change or vary from time to time. Please refer to the ingredient list on the product package you receive for the most up to date list of ingredients.",Use moisturizer morning and night on clean skin. Can be used under or over makeup and also as a 5-minute moisture mask.
pimprod2045859,MEDIHEAL,Phyto-enzyme Peeling Pad,K-Beauty,,$24.00,90 ct,https://media.ulta.com/i/ulta/2626996?w=100&h=100&fmt=auto,38 Reviews,"Benefits
Improves skin exfoliation by 93%
Reduces blackheads by 66%
Visibly improves pores by 27%
Features
Dual-sided pad
Embossed textured side for enhanced exfoliation
Smooth side for gentle exfoliation in sensitive areas
Sized (2.6"") to cover a wide area
Rounded corners for a perfect fit on skin
Key Ingredients
Natural Papaya Enzyme from the superfood that is rich in antioxidants and dissolves dead skin cells
Lipohydroxy Acid (LHA) works on the surface of the skin and has a larger molecule size compared to AHA, making it less irritating","Water, Dipropylene Glycol, Glycerin, Butylene Glycol, 1,2-Hexanediol, Betaine Salicylate, Betaine, Hydroxyacetophenone, Tromethamine, Octyldodeceth-16, Sodium Citrate, Citric Acid, Disodium Edta, Papain. Pogostemon Cablin Oil, Junipers Virginiana Oil, Capryloyl Salicylic Acid, Artemisia Vulgaris Oil, Beta-Glucan, Mentha Arvensis Leaf Oil.","As a treatment mask: Apply on targeted areas (forehead, cheeks and chin) after cleansing for an intensive treatment. Leave on for 15 minutes, remove and let the remaining serum absorb into skin.
As a treatment pad: After cleansing, gently swipe across skin to tone, moisturize and prep skin. Can be used daily both in the AM and PM."
pimprod2039810,BYOMA,Hydrating Recovery Oil,Treatment & Serums,Face Serums,$18.99,1.01 oz,https://media.ulta.com/i/ulta/2611685?w=100&h=100&fmt=auto,180 Reviews,"Benefits
Lightweight facial oil plumps and hydrates all skin types
Unique Barrier Lipid Complex helps restore the skin barrier
9 antioxidant rich oils restore and replenish
No clogged pores or greasiness
Dermatologist tested & approved skincare
Alcohol & fragrance-free
Clinically proven to boost hydration up to 50%
Clinically proven to protect and maintain the skin barrier
National Eczema Association Approved
Features
Barrier Lipids to support skin barrier function, while hydrating squalane works with 9 antioxidant rich botanical oils including jojoba, rosehip, sunflower and sea buckthorn.
Think instantly glowing, radiant results for all skin types -even acne prone/oily skin – without the clogged pores or greasiness you’d expect from an oil.
Key Ingredients
Barrier Lipids to help restore the skin barrier
Squalane + Jojoba Oil to deliver targeted hydration to cells
Sea Buckthorn Oil, Rosehip Oil + Sunflower Oil to improve appearance of skin while protecting from environmental aggressors.","Helianthus Annuus (Sunflower) Seed Oil, Macadamia Ternifolia Seed Oil, Simmondsia Chinensis (Jojoba) Seed Oil, Hippophae Rhamnoides Oil, Dipropylene Glycol, Squalane, Sphingolipids, Hydroxyacetophenone, Olea Europaea (Olive) Fruit Oil, Rosa Canina Fruit Oil, Prunus Amygdalus Dulcis (Sweet Almond) Oil, Caprylyl Glycol, Ceramide NP, Ethylhexylglycerin, Tocopherol, Dipotassium Glycyrrhizate, Tanacetum Annuum Flower Oil.","Apply 6-8 drops to cleansed skin, rubbing hands together to activate the oils, gently pressing until fully absorbed. Use PM to seal in moisture.
Precautions: Eye irritant."
pimprod2034141,MAËLYS,B-FLEX Lift & Firm Arm Cream,Treatment & Serums,Body Treatments,$49.00,3.4 oz,https://media.ulta.com/i/ulta/2598314?w=100&h=100&fmt=auto,"2,603 Reviews","Benefits
Gives a tighter, sleeker-looking upper arm area
Smooths the look of crepey skin
Research Results
Clinically proven to help give a tighter, sleeker-looking upper arm area.
Clinically proven to help smooth and tighten the look of skin on the arms.
Clinically proven to visibly firm skin for a more defined-looking arm.
*Based on a 56-day clinical trial with 30 participants.
Key Ingredients
Formulated without: Parabens, SLS, and Phthalates.
Red Algae: Targets the look of loose skin for a smoother, tighter appearance.
Brazilian Peppertree: A plant extract that helps invigorate the skin and is proven to smooth the look of fatty skin.
Kangaroo Flower: A botanical extract that helps tighten the appearance of loose, sagging skin.","Water (Aqua), Cetearyl Ethylhexanoate, Caprylic/Capric Triglyceride, Glyceryl Stearate Citrate, Glycerin, Cetyl Alcohol, Stearyl Alcohol, Glyceryl Stearate SE, Helianthus Annuus (Sunflower) Seed Wax, Panthenol, Schinus Terebinthifolius Seed Extract, Anigozanthos Flavidus Extract, Paullinia Cupana Seed Extract, Hydrolyzed Rhodophyceae Extract, Polyacrylate Crosspolymer-6, Xanthan Gum, Tocopheryl Acetate, PVP, Dipropylene Glycol, Caprylyl Glycol, Allantoin, Sodium Phytate, Vanillyl Butyl Ether, Citric Acid, Linoleic Acid, T-Butyl Alcohol, Ethylhexylglycerin, Sodium Chloride, Sodium Sulfate, Linolenic Acid, Phenoxyethanol, Chlorphenesin, Fragrance (Parfum), Benzyl Alcohol, Benzyl Benzoate, Hexyl Cinnamal, Limonene, Linalool, Blue 1 (CI 42090), Ext. Violet 2 (CI 60730), Red 33 (CI 17200).","Apply a generous layer directly to loose, saggy skin in the upper arm area. Massage into the skin in circular motions until fully absorbed. You may start to feel a warming sensation, that's totally normal! If you're not into the tingle, we recommend waiting at least 20 minutes after a shower before applying. Use twice a day for best results."
pimprod2051027,TATCHA,The Brightening Serum,Treatment & Serums,Face Serums,$89.00,1.0 oz,https://media.ulta.com/i/ulta/2638881?w=100&h=100&fmt=auto,493 Reviews,"Benefits
See Brighter, Firmer-Looking Skin in 1 Week*
Visibly firms & supports elasticity
Targets hyperpigmentation & reduces visible post-acne marks
Key Ingredients
12-Hr Time-Release Vitamin C: all-day brightening for rapid results, crafted through an enzymatic technology in Japan
Pro-Glutathione Antioxidant Booster: targets hyperpigmentation & is 13x more antioxidant power than pure vitamin C (ascorbic acid) to brighten skin.*
Research Results
Proven to reduce the look of post-acne marks in 1 week*
100% agree serum absorbs quickly and is gentle*
*based on a clinical study of 18 panelists","Aqua/Water/Eau, Saccharomyces/Rice Ferment Filtrate, Glycerin, Propanediol, Butylene Glycol, Ascorbyl Glucoside, Honey Extract/Extrait De Miel, Camellia Sinensis Leaf Extract, Cladosiphon Okamuranus Extract, Ferulic Acid, Angelica Acutiloba Root Extract, Prunus Mume Fruit Extract, Sodium Hyaluronate, Glycyrrhiza Glabra (Licorice) Root Extract, Callicarpa Japonica Fruit Extract, Ziziphus Jujuba Fruit Extract, Artemisia Capillaris Flower Extract, Scutellaria Baicalensis Root Extract, Morus Alba Root Extract, Ppg-13-Decyltetradeceth-24, Lysine Carboxymethyl Cysteinate, Dipotassium Glycyrrhizate, Xanthan Gum, 1,2-Hexanediol, Polyglyceryl-10 Diisostearate, Citric Acid, Polyglyceryl-10 Laurate, Sodium Citrate, Isostearic Acid, Parfum/Fragrance, Ethylhexylglycerin, Potassium Hydroxide, Chlorphenesin, Phenoxyethanol, Citral, Citrus Aurantium Bergamia Peel Oil, Citrus Limon Peel Oil, Eucalyptus Globulus Oil, Juniperus Virginiana Oil, Lavandula Oil/Extract, Limonene, Linalool, Linalyl Acetate, Pinene.",Apply during your morning and/or evening skincare ritual. Dispense 1-2 pumps and gently massage into your skin.
pimprod2047238,Estée Lauder,Revitalizing Supreme+ Night Power Bounce Creme,Moisturizers,Night Cream,$135.00,1.7 oz,https://media.ulta.com/i/ulta/2628914?w=100&h=100&fmt=auto,"2,274 Reviews","Benefits
Plump & deeply hydrate skin until morning and beyond. Soon visible signs of collagen loss are reduced - skin looks more lifted, feels firmer, with wrinkles and neck lines visibly reduced.
And every night, you'll love the magical sensation of the transformative texture melting from rich to weightless on your skin.
Did you know? Skin's natural collagen production peaks at night. Night Power Bounce Creme, with exclusive CollaNight-8 technology, leverages our 40 years of Night Science Expertise - and 30 years of Collagen Research. Keeps skin feeling firm and bouncy, and looking younger and smoother.
Key Ingredients
Acetyl Hexapeptide-8 helps to protect against signs of collagen loss like lines and wrinkles.
Hibiscus Morning Bloom Extract, lifts and firms skin.
Vitamin E, for Antioxidant protection.
Exclusive Moringa Extract, Concentrated Algae Extract, and Sigesbeckia Extract.
Research Results
15% visible line reduction in just one sleep. (1)
Wrinkles and neck lines look reduced over time.
[Skin] Bounces back in just 4 hours.(2)
92% said skin bounce improved.(3)
+116% moisture boost immediately. (4)
In just 4 hours, skin is bouncier. (2)
-31% visible irritation within hours. (5)
+20% radiance boost upon waking. (1)
+15% smoother feeling upon waking. (1)
100% of panelists woke up to significantly higher moisture levels. (1)
Skin looks more youthful - firmer and less lined.
OILY PORES look reduced
SAGGING PORES bounce back.
Overall, oil control is boosted.
(1) Clinical testing on 25 women 12 hours after a single nighttime product application.
(2) Clinical testing on 28 women after 1 product application.
(3) Consumer testing on 165 women, after using product for 3 weeks.
(4) Clinical testing on 25 women after a single product application.
(5) After pre-treatment period, clinical testing on 25 women, measured for 150 minutes, versus untreated control.","Water\Aqua\Eau, C9-12 Alkane, Butylene Glycol, Cetyl Alcohol, Ppg-2 Myristyl Ether Propionate, Glycerin, Bis-Diglyceryl Polyacyladipate-2, Butyrospermum Parkii (Shea) Butter, Hydrogenated Polyisobutene, Peg-40 Stearate, Glyceryl Stearate, Isododecane, Methyl Methacrylate Crosspolymer, Moringa Oleifera Seed Extract, Hibiscus Sinensis Flower Extract, Sodium Hyaluronate, Acetyl Hexapeptide-8, Laminaria Digitata Extract, Whey Protein\Lactis Protein\Protéine Du Petit-Lait, Algae Extract, Sigesbeckia Orientalis (St. Paul'S Wort) Extract, Tocopheryl Acetate, Acetyl Glucosamine, Narcissus Tazetta Bulb Extract, Opuntia Tuna Extract, Cucumis Sativus (Cucumber) Fruit Extract, Laminaria Saccharina Extract, Silybum Marianum Fruit Extract, Helianthus Annuus (Sunflower) Seed Extract, Caffeine, Hordeum Vulgare Extract\Extrait D'Orge, Hydrolyzed Rice Extract, Glycine Soja (Soybean) Seed Extract, Castor Oil/Ipdi Copolymer, Butylene/Ethylene/Styrene Copolymer, Carbomer, Coco-Caprylate/Caprate, Sorbitan Stearate, Ethylene/Propylene/Styrene Copolymer, Sucrose (Organic Brown Sugar), Propylene Glycol Dicaprate, Sodium Hydroxide, Isoceteth-20, Tetrahexyldecyl Ascorbate, Acrylates/C10-30 Alkyl Acrylate Crosspolymer, PEG-20 Methyl Glucose Sesquistearate, C12-15 Alkyl Ethylhexanoate, Polyethylene, Hydroxyacetophenone, Triheptanoin, Fragrance (Parfum), BHT, Disodium EDTA, Dilinoleic Acid/Butanediol Copolymer, Phenoxyethanol, Chlorphenesin, Potassium Sorbate.","Apply this peptide night cream all over face and neck, AM and PM. Ideal at night."
pimprod2049082,TATCHA,Cleanser Favorites: Rice Wash & Matcha Cleanser Value Set,Cleansers,Face Wash,$24.00,,https://media.ulta.com/i/ulta/2634114?w=100&h=100&fmt=auto,11 Reviews,"Key Ingredients
The Rice Wash:
Hyaluronic Acid + Red Algae: plump and hydrate
Japanese Rice Powder: purifies and softens skin
pH-Neutral Amino Acid Base: removes buildup without stripping
The Matcha Cleanse:
Japanese Kyo-Matcha: rich in antioxidants, which are known to visibly calm redness
BHA Alternatives Coix Seed + Willow Bark: decongest pores + visibly even tone
Mugwort: acts like ceramides to support the skin barrier
Research Results
The Rice Wash:
Clarifies & softens after 1 use**
After 6 Hours Proven to boost skin's hydration on average by +41%*
*based on a bio-instrumentation study on 21 panelists
**based on a self-assessment study on 25 panelists
The Matcha Cleanse:
100% showed a reduction in oil after 1 use*
90% showed visible reduction in pores after 1 use**
97% demonstrated better makeup wear even after 8 hours††
*based on a bio-instrumentation study of 40 panelists
**based on a clinical study of 40 panelists
††based on a clinical study of 36 panelists
Includes
The Rice Wash (1.7 oz)
The Matcha Cleanse (1.7 oz)","The Matcha Cleanse: Aqua/Water/Eau, Glycerin, Sodium Lauroyl Aspartate, Peg-150 Pentaerythrityl Tetrastearate, Lauryl Glucoside, Sodium Lauryl Glycol Carboxylate, Saccharomyces/Rice Ferment Filtrate, Camellia Sinensis Leaf Extract, Cladosiphon Okamuranus Extract, Salix Alba (Willow) Bark Extract, Artemisia Princeps Leaf Extract, Coix Lacryma-Jobi Ma-Yuen Seed Extract, Cocamidopropyl Betaine, Sodium Carbonate, Butylene Glycol, Propanediol, Ethylhexylglycerin, Alcohol, Citric Acid, Phenoxyethanol, Chlorphenesin, Yellow 6 (Ci 15985), Blue 1 (Ci 42090)
The Rice Wash: Aqua/Water/Eau, Microcrystalline Cellulose, Propanediol, Sodium Cocoyl Glutamate, Glycerin, Acrylates Copolymer, Sodium Caproyl Methyl Taurate, Coco-Betaine, Parfum/Fragrance, Saccharomyces/Camellia Sinensis Leaf/Cladosiphon Okamuranus/Rice Ferment Filtrate*, Oryza Sativa (Rice) Powder, Chondrus Crispus Extract, Sodium Hyaluronate, Betaphycus Gelatinum Extract, Lauryl Glucoside, Potassium Hydroxide, Polyquaternium-39, Limonene, Linalool, Phenoxyethanol, Ethylhexylglycerin, Sodium Benzoate, Alcohol.
*Hadasei-3","The Rice Wash: Add water to create a rich foam and massage onto face. Rinse.
The Matcha Cleanse: Massage with wet hands onto wet face. Rinse thoroughly.
Caution: The Matcha Cleanser: Avoid eye area. Rinse thoroughly if contact with eyes occurs."
pimprod2044626,Anastasia Beverly Hills,Beauty Balm Serum Boosted Skin Tint,Moisturizers,Tinted Moisturizer,$42.00,1,https://media.ulta.com/i/ulta/2621820?w=100&h=100&fmt=auto,"1,108 Reviews","Features
Hybrid formula fuses skincare & makeup
Solid serum packed with 8 skincare ingredients
Features HA+ Technology that plumps fine lines & wrinkles
Sheer to light coverage for an even skin tone
Delivers natural-looking skin with a healthy glow
Weightless, breathable formula with a second-skin feel
Silky texture melts into skin for a seamless, smooth finish
Quick & easy application at home or on-the-go
Easy-to-blend with fingertips
Brighten, bronze & sculpt with the multi-use shade range
Available in 16 flexible shades
Benefits
Non-irritating, dermatologist tested formula
Free of phthalates, mineral oil, talc, sulfates, paragons, fragrance
Cruelty free
Key Ingredients
HA+ MICROSPHERES - Help to smooth fine-lines and wrinkles.
PEPTIDE COMPLEX - Helps to deliver youthful skin.
FATTY ACIDS - Help to protect and restore.
COLLAGEN-STABILIZER - Helps to moisturize for a smooth effect.
COCONUT OIL - Helps to restore for radiant-looking skin.
SHEA BUTTER - Helps to add softness and hydration.
MARULA OIL - Helps to nourish with powerful antioxidants.
JOJOBA SEED OIL - Helps to soothe and moisturize.","Caprylic/Capric Triglyceride, Coco-Caprylate/Caprate, Ethylhexyl Isononanoate, Tribehenin, C20-40 Alcohols, Butyrospermum Parkii (Shea) Butter, Corn Starch Modified, Polyester-7, Lauroyl Lysine, Polymethylsilsesquioxane, Simmondsia Chinensis (Jojoba) Seed Oil, Hdi/Trimethylol Hexyllactone Crosspolymer, Neopentyl Glycol Diheptanoate, Silica, Polyethylene, Caprylyl Glycol, Cocos Nucifera (Coconut) Oil, Sclerocarya Birrea Seed Oil, Lecithin, Dipalmitoyl Hydroxyproline, Astrocaryum Murumuru Seed Butter, Tocopheryl Acetate, Helianthus Annuus (Sunflower) Seed Oil, Pentaerythrityl Tetraisostearate, Palmitic Acid, Ricinus Communis (Castor) Seed Oil, Sodium Hyaluronate, Hydrogenated Castor Oil, Polygonum Aviculare Extract, Water/Aqua/Eau, Propylene Carbonate, Stearalkonium Hectorite, Palmitoyl Tripeptide-1, Tocopherol, May Contain/Peut Contenir (+/-): Titanium Dioxide (CI 77891), Iron Oxides (CI 77491, CI 77492, CI 77499)","Directly apply to bare skin, starting in the center of the face and blending outwards. Blend using fingertips. Build coverage in desired areas. Pro tip: pick up product directly from stick using fingertips---apply to face for quick touch-ups and application.
PRO TIPS
Allow skincare to absorb before applying.
For a bronzed effect, choose a shade 1-2 shades deeper than your skin tone.
For on-the-go touch-ups, pick up product using fingertips, and apply.
Use pressing motions with fingertips to build coverage in specific areas as desired."
pimprod2043839,Charlotte Tilbury,Magic Water Cream Gel Moisturizer with Niacinamide,Moisturizers,Face Moisturizer,$100.00,1.7 oz,https://media.ulta.com/i/ulta/2620075?w=100&h=100&fmt=auto,140 Reviews,"Benefits
Hydrating
Niacinamide
Good for: Pores
Good for: Redness
Good for: Dryness
Best for Dry, Combo, Oily, Normal Skin
Key Ingredients
Niacinamide: Brightens and balances appearance of skin tone and refines the look of pores.
Waterlocking Fusion Technology: Traps moisture immediately and retains over time for up to 100 hours of hydration.
Biopeptide Complex: Visibly improves skin tone and texture.
Features
This moisturizer achieves long-lasting hydration and visibly evens texture and tone for a glowing complexion.
Perfect for all skin types, the gel-like formula delivers up to 100 hours of hydration with every application.
Never heavy or greasy, it gives a glass-like, dewy skin finish for flawless makeup.","Aqua/Water/Eau, Glycerin, Butyrospermum Parkii (Shea) Butter, Caprylic/Capric Triglyceride, Squalane, Propanediol, Pentylene Glycol, 1,2-Hexanediol, Glyceryl Glucoside, Niacinamide, Mannitol, Aloe Barbadensis Leaf Juice, Carbomer, Camellia Oleifera (Camellia) Seed Oil, Rosa Canina Fruit Oil, Caprylyl Glycol, Acrylates/C10-30 Alkyl Acrylate Crosspolymer, Helianthus Annuus (Sunflower) Seed Oil, Sodium Gluconate, Sodium Hydroxide, Tocopherol, Beta-Glucan, Sodium Hyaluronate, Backhousia Citriodora Leaf Extract, Vaccinium Macrocarpon (Cranberry) Fruit Extract, Plumeria Rubra Flower Extract, Ascorbyl Palmitate, Acetyl Tetrapeptide-11, Citric Acid, Acetyl Tetrapeptide-9, Potassium Sorbate, Sodium Benzoate.","Apply to face and neck morning and night after using Glow Toner.
For day, finish your routine with Charlotte's Invisible UV Flawless Primer SPF 50 (sold separately), to protect, hydrate, and prime.
For night, finish your routine with Charlotte's Magic Night Moisturizer (sold separately) to visibly firm and plump overnight."
pimprod2051453,Supergoop!,PLAY Everyday Sunscreen Stick SPF 50,Suncare,Sunscreen,$32.00,1.4 oz,https://media.ulta.com/i/ulta/2637921?w=100&h=100&fmt=auto,157 Reviews,"Benefits
Portable, travel-friendly size
Natural finish that applies clear with no white cast
Leaves skin feeling soft and comfortable
Designed with a teardrop shape for targeted application in hard-to-reach areas
Wear on its own, or layer under or over makeup
Part of Supergoops! bestselling PLAY Collection!
Key Ingredients
Sunflower Oil & Vitamin E: Nourishing, antioxidant-rich ingredients to shield skin from free radicals
Balanced Emollient Blend: Delivers a quick, easy glide that leaves skin feeling soft & comfortable — for uninterrupted play!
Natural Aromatic Extracts: Basil, eucalyptus, orange, lemon and wild geranium provide a fresh scent","Active: Avobenzone 3%, Homosalate 7%, Octisalate 5%, Octocrylene 7%
Inactive: Ethylhexyl Palmitate, Synthetic Wax, Tapioca Starch, Butyloctyl Salicylate, Silica, Cocos Nucifera (Coconut) Oil, Helianthus Annuus (Sunflower) Seed Oil, Tocopherol, Orange Oil Terpenes, Eucalyptus Globulus Leaf Oil, Citrus Limon (Lemon) Peel Oil, Pelargonium Graveolens Flower Oil, Glycine Soja (Soybean) Oil, Aniba Rosaeodora (Rosewood) Wood Oil, Pogostemon Cablin Oil, Ocimum Basilicum (Basil) Oil, Limonen.","Use PLAY Stick throughout the day for essential sun protection.
Remove the cap and twist the bottom of the pack to expose the sunscreen stick
Swipe PLAY Mineral Stick generously and evenly across all exposed skin
Reapply as needed throughout the day
SPF Directions:
If this is the only SPF in your skincare routine, apply generously & evenly 15 minutes before sun exposure. Reapply at least every 2 hours or after 80 minutes of swimming or sweating.
Precautions: For external use only. Do not use on damaged or broken skin. When using this product keep out of eyes. Rinse with water to remove. Stop use and ask a doctor if rash occurs. Keep out of reach of children. If product is swallowed, get medical help or contact a Poison Control Center right away."
pimprod2045880,SKIN1004,Madagascar Centella Ampoule,Treatment & Serums,Face Serums,$25.00,3.38 oz,https://media.ulta.com/i/ulta/2626854?w=100&h=100&fmt=auto,41 Reviews,"Benefits
Restores and Balances skin
Ultimate Hydrating
Madagascan Centella asiatica contains 7 times more soothing actives than other centella asiatica
Features
Light and refreshing texture
Suitable for all skin type including acne skin
Non-Comedogenic
Key Ingredients
Centella Asiatica Extract: Soothes and replenishes skin hydration level.","Centella Asiatica Extract (Water, Glycerin, Butylene Glycol, Centella Asiatica Extract, 1,2-Hexanediol, Cellulose Gum, Ethylhexylglycerin).","Apply 2-3 drops or as needed on cleansed skin. Pat or gently massage into skin. Follow with a moisturizer. Can be used twice a day morning and night.
Precautions: For external use only. Stop using if irritation occurs. Keep out of reach of children. Avoid contact with eyes."
pimprod2016818,Estée Lauder,Advanced Night Repair Multi-Recovery Complex Serum,Treatment & Serums,Face Serums,$85.00,1.0 oz,https://media.ulta.com/i/ulta/2568523?w=100&h=100&fmt=auto,"21,990 Reviews","Benefits
Deep nightly renewal. Unfiltered morning radiance.
This deep & fast-penetrating face serum, with exclusive 1-in-60-million Night Peptide, harnesses 40 years of pioneering Night Science Research
Skin looks smoother & less lined, younger, healthier - more radiant and even toned
Formulated with technology inspired by Nobel Prize-winning research in the field of Circadian Rhythm
Serum works night & day to help optimize skin's natural rhythm of repair and protection
At night, with exclusive 1-in-60-million Night Peptide, it helps support skin's visible renewal & firming
Hyaluronic acid helps lock in moisture
By day, this serum with 8-hour anti-oxidant protection helps defend skin against visible effects of free radical damage from environmental sources like pollution
Features
IN JUST ONE SLEEP - NEXT MORNING RESULTS
+128% immediate moisture (1)
-14% fine lines (2)
+10% elasticity (2)
8 out of 10 had boosted radiance upon waking (3)
PROVEN RESULTS: VISIBLY REDUCES MULTIPLE SIGNS OF AGING
91% said skin looks more rested (4)
89% said skin feels firmer (5)
+22% barrier repair in just 2 hours (6)
MORE AND MORE BENEFITS
72-hour hydration with Hyaluronic acid and other advanced moisture boosters
8 hour anti-oxidant protection
Pores look diminished over time
Oil-free texture; 90% said it absorbed quickly (7)
Tested on & appropriate for sensitive skin
Suitable for post-procedure skin (8)
Estee's Little Brown Bottle serum is for all ages, all skintones, all skintypes. Patented until 2033.
(1) Clinical testing on 148 women after 1 product application.
(3) Clinical testing on 29 women, 12 hours after a single nighttime product application.
(4) Consumer testing on 543 women after using product for 3 weeks.
(5) Consumer testing on 543 women after using product for 4 weeks.
(6) Clinical testing on 23 women, measured 2 hours after a single product application.
(7) Consumer testing on 543 women, immediately after product use.
(8) Following an Intense Pulsed Light (IPL) Treatment, shown to be safe for use when applied 24 hours after IPL in 2 week clinical usage test on 32 panelists.
Formulated Without
Oil
Synthetic fragrance
Parabens
Phthalates
Sulfites
Sulfates
Mineral oil","Water\Aqua\Eau, Bifida Ferment Lysate, Peg-8, Propanediol, Bis-Peg-18 Methyl Ether Dimethyl Silane, Methyl Gluceth-20, Glycereth-26, Peg-75, Butylene Glycol, Adansonia Digitata Seed Extract, Tripeptide-32, Sodium Hyaluronate, Yeast Extract\Faex\Extrait De Levure, Lactobacillus Ferment, Cola Acuminata (Kola) Seed Extract, Anthemis Nobilis (Chamomile) Flower Extract, Hydrolyzed Algin, Pantethine, Caffeine, Lecithin, Sodium Rna, Bisabolol, Squalane, Glycerin, Oleth-3 Phosphate, Caprylyl Glycol, Oleth-3, Oleth-5, Choleth-24, Hydrogenated Lecithin, Jojoba Wax Peg-120 Esters, Ceteth-24, Tocopheryl Acetate, Carbomer, Triethanolamine, Tetrasodium Edta, Bht, Xanthan Gum, Potassium Sorbate, Disodium Edta, Phenoxyethanol, Red 4 (CI 14700), Yellow 5 (CI 19140).
Please be aware that ingredient lists may change or vary from time to time. Please refer to the ingredient list on the product package you receive for the most up to date list of ingredients.","Apply this face serum on clean skin before your moisturizer, AM and PM. Use one dropper. Smooth in gently all over face and throat.
Try Estée Lauder's Heart Ritual
Apply a full dropper of Advanced Night Repair serum to the palm of your hand.
Massage onto face in a heart shape: Using all fingers of both hands, start at the center of your face and move out to ears. Glide hands from sides of face down under chin.
Next, trace a larger heart from middle forehead out to temples. Glide down the sides of the face and close the heart again under your chin.
Finish the Heart Ritual by gently massaging onto neck in a downward motion."
pimprod2009492,Neutrogena,Hydro Boost Facial Cleansing Wipes,Cleansers,Makeup Remover,$9.99,25 ct,https://media.ulta.com/i/ulta/2554009?w=100&h=100&fmt=auto,"1,434 Reviews","Benefits
Neutrogena Hydro Boost Facial Cleansing Wipes with hydrating hyaluronic acid, cleanse & moisturize
Cleansing face wipes effectively remove dirt, oil, makeup & impurities, including waterproof mascara
The disposable facial towelettes effortlessly glide over the face & eyes for thorough cleansing
The unique formula quenches skin with a boost of hydration, leaving it clean & touchably soft
These hydrating facial cleansing wipes are ideal for daily use & gentle enough for sensitive skin
Designed with the earth in mind, these face wipes are made with 100% plant-based cloth
Key Ingredients
Combines Neutrogena cleansing technology & hyaluronic acid, an ingredient naturally found in skin
Formulated Without
Phthalates
Parabens
Sulfates
Alcohols
Soaps
Dyes","Water, Decyl Isostearate, Isopropyl Isostearate, Glycerin, Dimethicone, Isohexadecane, Hexylene Glycol, PEG-6 Caprylic/Capric Glycerides, Trisiloxane, Phenoxyethanol, Sucrose Cocoate, Chlorphenesin, Polysorbate 20, Fragrance, Acrylates/C10-30 Alkyl Acrylate Crosspolymer, Sodium Hydroxide, Hydrolyzed Hyaluronic Acid.","Gently wipe face with towelette, removing dirt, oil, and all traces of makeup. There is no need to rinse. Dispose of the towelette in trash receptacle (do not flush). After removing towelette, reseal pack."
pimprod2031314,Clarins,Double Serum Eye Firming & Hydrating Concentrate,Eye Treatments,Eye Serums,$84.00,0.6 oz,https://media.ulta.com/i/ulta/2592792?w=100&h=100&fmt=auto,"2,800 Reviews","Benefits
Visibly firms skin to smooth the look of fine lines and wrinkles
Deeply nourishes and hydrates
Visibly reduces puffiness and dark circles
Illuminates the eye area
Revitalizes the delicate skin around eyes
Key Ingredients
Turmeric + Organic Wild Chervil: revitalize the delicate eye area and visibly reduces signs of eye aging
Organic Oat: sugars visibly tighten and smooth
Organic Leaf of Life: powers the skin's natural hydration
Horse Chestnut Escin: boosts radiance and visibly reduces dark circles
Plant-based Caffeine: visibly reduces puffy eyes
Ginger Lily Extract: fights skin-aging free radicals
Organic White Horehound, Nipplewort and Furcellaria Extracts: help protect skin from indoor and outdoor pollution, including damaging blue lights from electronics
Vegetal Squalane: supports the skin's hydrolipidic film","Aqua/Water/Eau, Propanediol, Glycerin, Squalane, Boron Nitride, Caffeine, Polyacrylate Crosspolymer-6, Caprylyl / Capryl Glucoside, Hydroxyethyl Acrylate/Sodium Acryloyldimethyl Taurate, Co- Polymer, 1,2-Hexanediol, Parfum/Fragrance, Pentylene Glycol, Avena Sativa (Oat) Kernel Extract, Tocopheryl Acetate, Ethylhexylglycerin, Ppg-26-Buteth-26, Escin, Persea Gratissima (Avocado) Oil Unsaponifiables, Disodium Edta, Peg-40 Hydrogenated Castor Oil, Ammonium Acryloyldimethyltaurate/Vp Copolymer, Curcuma Longa (Turmeric) Root Extract, Caramel, Butylene Glycol, Actinidia Chinensis (Kiwi) Fruit Extract, Kalan- Choe Pinnata Leaf Extract, Sodium Hydroxide, Marrubium Vulgare Extract, Sodium Benzoate, Anthriscus Sylvestris Extract, Hedychium Coronarium Root Extract, T-Butyl Alcohol, Citric Acid, Phenethyl Alcohol, Furcellaria Lumbricalis Extract, Potassium Sorbate, Maris Sal/Sea Salt/Sel Marin, Lap- Sana Communis Flower/Leaf/Stem Extract [V3818A].","Apply to clean eye contours, morning and evening.
Turn the rotating push button to dispense the desired amount. Mix both phases between fingertips. Apply temple-to-temple, gently pressing over the upper and lower eyelids-from the inner corners of the eyes, out to the hairline. Tap gently between eyebrows.
Follow with Double Serum to address all visible signs of skin and eye aging."
pimprod2046690,Bubble,Drink Up Duo Dewy Skin Set,By Category,Skin Gifts,$28.00,,https://media.ulta.com/i/ulta/2626624?w=100&h=100&fmt=auto,163 Reviews,"Benefits
Promotes healthy and hydrated skin.
Formulas work in tandem to boost hydration.
Supports skin barrier function.
Features TWO of the Bubble community’s most loved products.
Fragrance-free.
Dermatologist-tested.
Key Ingredients
Hyaluronic Acid aids in holding water and binding it to skin.
Peptide Blend helps support skin repair and boost skin barrier function.
Avocado Oil helps nourish dry skin, reduce redness, soften, and moisturize.
Includes
Slam Dunk (1.7 oz)
Water Slide (1.0 oz)","Water Slide: Water (Aqua), Propanediol, Glycerin, Squalane, Niacinamide, Saccharide Isomerate, Capryloyl Glycerin/Sebacic Acid Copolymer, Diheptyl Succinate, Tremella Fuciformis (Mushroom) Extract, Sodium Hyaluronate, Sodium Hyaluronate Crosspolymer, Palmitoyl Tripeptide-1, Palmitoyl Tetrapeptide-7, Aloe Barbadensis Leaf Juice, Glyceryl Acrylate/Acrylic Acid Copolymer, Opuntia Ficus-Indica Seed Oil, Tocopheryl Acetate, Lauryl Glucoside, Xanthan Gum, Sodium Lactate, Phytic Acid, Cetearyl Olivate, Sorbitan Olivate, Cetyl Alcohol, Sucrose, Anastatica Hierochuntica Extract, Acrylates/C10-30 Alkyl Acrylate Crosspolymer, Euphorbia Cerifera (Candelilla) Wax/Candelilla Cera/Cire de candelilla, Butyrospermum Parkii (Shea) Butter, Beta-Sitosterol, Glyceryl Behenate, Polyglyceryl-4 Isostearate, Oleic Acid, Ceramide NP, Ceramide NG, Lecithin, Tocopherol, Potassium Hydroxide, Gluconolactone, Phenoxyethanol, Sodium Benzoate, Lactic Acid, Citric Acid, Sodium Citrate, Ethylhexylglycerin
Slam Dunk: Water (Aqua), Isononyl Isononanoate, Glycerin, Heptyl Undecylenate, Glyceryl Stearate Citrate, Caprylic/Capric Triglyceride, Polyglyceryl-3 Stearate, Cetyl Alcohol, Aloe Barbadensis Leaf Juice Powder, Acrylates/C10-30 Alkyl Acrylate Crosspolymer, Persea Gratissima (Avocado) Oil, Butyrospermum Parkii (Shea) Butter, Glucose, Hydrolyzed Pea Protein, Sodium Chloride, Sodium Succinate, Oenothera Biennis (Evening Primrose) Oil, Hoya Lacunosa Flower Extract, Anthemis Nobilis Flower Extract, Hydrogenated Lecithin, Arginine, Tocopheryl Acetate, Tocopherol, Sodium Phytate, Phenoxyethanol","Water Slide: Apply 1-2 pumps to clean, dry skin after toner and before moisturizer. Use 1-2 times daily.
Slam Dunk: After using Water Slide, evenly apply 1-2 pumps of Slam Dunk to clean, dry skin. Use AM and PM."
pimprod2046202,ULTA Beauty Collection,Tinted Moisturizer SPF 24,Moisturizers,Tinted Moisturizer,$16.00,Dark,https://media.ulta.com/i/ulta/2623150?w=100&h=100&fmt=auto,192 Reviews,"Benefits
Dewy finish formula with sheer coverage and a comfortable, second-skin feel
Hydrates and nourishes skin
Protects skin with SPF 24
Features
Tube sleeve made from 100% bioplastic
Proudly cruelty free with clean ingredients
Key Ingredients
Olive Fruit Oil: Helps condition skin and improves the appearance of skin texture
Snow Mushroom Extract helps skin appear more supple","Active ingredients: Avobenzone 3% Homosalate 9.5% Sunscreen Octisalate 4.5% Octocrylene 5% Inactive ingredients: water, glycerin, butylene glycol, triisostearyl citrate, titanium dioxide, pentylene glycol, polyglycerin-4, cetearyl olivate, candelilla/jojoba/rice bran polyglyceryl-3 esters, glyceryl stearate, phenoxyethanol, sorbitan olivate, potassium cetyl phosphate, cetearyl alcohol, sodium stearoyl lactylate, oleyl alcohol, carbomer, olea europaea (olive) fruit oil, tromethamine, iron oxides, acacia senegal gum, ethylhexylglycerin, galactoarabinan, xanthan gum, betaine, citric acid, disodium edta, potassium sorbate, tremella fuciformis sporocarp extract","Blend tinted moisturizer onto skin from the T-zone outwards using fingers, a beauty blender sponge or Ulta Beauty Collection's Dual Fiber Foundation Brush #110."
pimprod2007098,The Ordinary,Squalane Cleanser Hydrating Makeup Remover,Cleansers,Face Wash,$10.50,1.7 oz,https://media.ulta.com/i/ulta/2551159?w=100&h=100&fmt=auto,"1,696 Reviews","Benefits
Dissolves and removes makeup and facial impurities while respecting the skin's moisture barrier
PH 5.50 - 6.50
Key Ingredients
Squalane
Formulated Without
Fragrance
Alcohol
Gluten
Nuts
Oil
Silicone
Parabens
Sulfates
Mineral Oil
Methylchloroisothiazolinone
Methylisothiazolinone
Animal Oils
Coal Tar Dyes
Formaldehyde
Mercury
Oxybenzone",,
pimprod2046769,Bubble,Tell All Lip Balm,Lips,Lip Balms & Treatments,$9.00,Juicy Secret Berry,https://media.ulta.com/i/ulta/2627110?w=100&h=100&fmt=auto,379 Reviews,,,
pimprod2004241,DHC,Deep Cleansing Oil Facial Cleanser,Cleansers,Cleansing Balms & Oils,$31.50,6.7 oz,https://media.ulta.com/i/ulta/2544323?w=100&h=100&fmt=auto,"2,058 Reviews",,,
pimprod2046161,Naked Sundays,BeautyScreen Mineral Peptide Foundation Tint SPF 50,Moisturizers,Tinted Moisturizer,$38.00,Shade 5,https://media.ulta.com/i/ulta/2629939?w=100&h=100&fmt=auto,294 Reviews,,,
pimprod2046048,Beekman 1802,Milk RX Advanced Better Aging Cream,Moisturizers,Face Moisturizer,$66.00,1.7 oz,https://media.ulta.com/i/ulta/2626864?w=100&h=100&fmt=auto,141 Reviews,,,
pimprod2023935,Good Molecules,Instant Cleansing Balm,Cleansers,Cleansing Balms & Oils,$15.00,2.5 oz,https://media.ulta.com/i/ulta/2582315?w=100&h=100&fmt=auto,671 Reviews,,,
pimprod2045121,OSEA,Hyaluronic Body Serum,Treatment & Serums,Body Treatments,$48.00,4.0 oz,https://media.ulta.com/i/ulta/2624311?w=100&h=100&fmt=auto,884 Reviews,,,
pimprod2048382,Naturium,Dew-Glow Tinted Moisturizer SPF 50+,Moisturizers,Tinted Moisturizer,$22.99,Medium,https://media.ulta.com/i/ulta/2632559?w=100&h=100&fmt=auto,37 Reviews,,,
pimprod2016307,Smashbox,Halo Healthy Glow Tinted Moisturizer Broad Spectrum SPF 25,Moisturizers,Tinted Moisturizer,$41.00,Medium,https://media.ulta.com/i/ulta/2568499?w=100&h=100&fmt=auto,"1,710 Reviews",,,
pimprod2035460,Bubble,Slam Dunk Hydrating Moisturizer,Moisturizers,Face Moisturizer,$16.00,1.7 oz,https://media.ulta.com/i/ulta/2600868?w=100&h=100&fmt=auto,"4,038 Reviews",,,
pimprod2051936,Peter Thomas Roth,Mini Instant FIRMx Eye Temporary Eye Tightener,Eye Treatments,Eye Serums,$24.00,0.5 oz,https://media.ulta.com/i/ulta/2599132?w=100&h=100&fmt=auto,"2,912 Reviews","Benefits
A quick-fix eye treatment that instantly and temporarily helps tighten, firm and smooth the look of the delicate eye area
Helps diminish the appearance of crow’s feet, fine lines, deep wrinkles, and under-eye puffiness instantly and over time
Unique formula provides instant temporary results with long-term anti-aging benefits
Ophthalmologist-tested
For all skin types
Key Ingredients
Firm-A-Tite: blend of silicates and seaweed that provides quick, temporary tightening and firming
Eyeliss: powerful peptide complex that helps with puffiness and wrinkles over time
Eye Regener: potent alfalfa and lupine complex that helps with the look of under-eye bags over time
Research Results
In a consumer-perception study on 25 women ranging in age from 35 to 65:
92% agreed the eye area appeared smoother
92% agreed under-eye puffiness appeared diminished
88% agreed the eye area appeared tightened
*Temporary effect. Individual results may vary.","Water, Glycerin, Butylene Glycol, Sodium Silicate, Magnesium Aluminum Silicate, Sodium Magnesium Fluorosilicate, Palmitoyl Tetrapeptide-7, Dipeptide-2, Ascorbic Acid, Tocopheryl Acetate, Hesperidin Methyl Chalcone, Retinyl Palmitate, Panthenol, Foeniculum Vulgare (Fennel) Seed Extract, Medicago Sativa (Alfalfa) Seed Extract, Carrageenan, Argania Spinosa Kernel Extract, Peg-8 Dimethicone, Silica, Octyldodecanol, Symphytum Officinale Leaf Extract, Sodium Propoxyhydroxypropyl Thiosulfate Silica, Bht, Disodium Edta, Hydrolyzed Lupine Protein, Steareth-20, Sodium Cocoyl Glutamate, Carbomer, Chlorhexidine Digluconate, Ethylhexylglycerin, Potassium Sorbate, Citric Acid, Sodium Citrate, Sodium Benzoate, Phenoxyethanol.","Start by cleansing with a non-oily cleanser. Avoid using eye cream if possible. If you prefer to use eye cream, allow the product to fully absorb and dry.
Shake the tube and squeeze out a pea-size amount on the top of the hand.
Using fingertips or a clean, dry makeup brush, pick up a tiny amount of the product and apply onto a completely dry eye area for best results.
Using upward strokes, spread a thin layer of the gel onto the under-eye area, crow's feet, ""11"" lines between the brows, and beneath and above the brow bone (but not on the moveable eyelid).
Let the product dry for approximately 5 minutes while remaining expressionless. Do not squint or smile.
If you notice any white residue, moisten a cotton swab (or your fingertip) and remove excess by gently patting the edges.
Once the product is completely dry, you are good to go! You can gently pat on makeup, such as eyeshadow, under-eye concealer or powder. To prolong the effects of Instant FIRMx Eye, avoid water-based makeup.
For external use only."
pimprod2051137,Bushbalm,Watermelon Sugar 2 Step Ingrown Hair & Razor Bump Kit,Treatment & Serums,Body Treatments,$44.10,,https://media.ulta.com/i/ulta/2636732?w=100&h=100&fmt=auto,17 Reviews,"Benefits
Relieves redness after hair removal
Hydrates skin + softens coarse pubic hair leading to a smoother shave
Gynecologist + Dermatologist approved
Signature sweet and refreshing scent that will remind you of a juicy watermelon slice
Includes ingrown hair oil and exfoliating scrub
Key Ingredients
Grapeseed Oil: High in vitamin A & E and antioxidants, Grapeseed Oil infuses skin and body hair with intense, soothing moisture.
Tea Tree Oil: Fresh and revitalizing, it helps calm and reduces the look of redness or irritation on the skin.
Jojoba Seed Oil: helps soften skin while increasing hydration and smoothness.
Research Results
96% of participants agreed that the Ingrown Hair Routine helps reduce the appearance of ingrown hairs and bumps.
100% of participants would recommend the Ingrown Hair Routine to a friend.
98% of participants agreed their skin felt softer and hydrated using the Ingrown Hair Routine.","Watermelon Sugar Ingrown Hair Exfoliating Scrub: Sucrose, Vitis Vinifera (Grape) Seed Oil, Simmondsia Chinensis (Jojoba) Seed Oil, Fragrance/Parfum, Melaleuca Alternifolia Leaf Oil, Copaifera Reticulata Balsam Oil, Oryza Sativa (Rice) Bran Extract, Rosmarinus, Officinalis (Rosemary) Leaf Extract, Helianthus Annus (Sunflower) Extract, Tocopherol.
Watermelon Sugar Ingrown Hair Oil: Vitis Vinifera (Grape) Seed Oil, Simmondsia Chinensis (Jojoba) Seed Oil, Fragrance/Parfum, Melaleuca Alternifolia Leaf Oil, Copaifera Reticulata Balsam Oil.","Scrub: In the shower, massage a generous handful of scrub in circular motions over desired areas. Rinse thoroughly. Use the scrub 2-3 times weekly, and always before hair removal.
Oil: Use your oil day and night. For best results use daily within 2 minutes of showering or bathing. To lock in hydration, apply morning and night or more as needed.
Recommended Areas: Our products are designed to be used on your entire body including the bikini line, underarms, legs, and any other areas that experience ingrown hairs or dryness."
pimprod2042886,Clinique,Smart Clinical Repair SPF 30 Wrinkle Correcting Cream,Moisturizers,Face Moisturizer,$77.00,1.7 oz,https://media.ulta.com/i/ulta/2616984?w=100&h=100&fmt=auto,550 Reviews,"Benefits
All Skin Types, including sensitive skin.
Lightweight dermal-active face moisturizer with SPF visibly repairs lines and wrinkles.
Protects from UVA/UVB rays and helps prevent future damage caused by free radicals that can accelerate signs of aging.
Plumps skin with instant and lasting hydration, which helps minimize the appearance of fine, dry lines.
Fast-absorbing, invisible finish with no white cast.
Dermatologist tested. Safe for sensitive skin.
Allergy tested. 100% fragrance free.
Key Ingredients
Peptides: These skin-fortifiers help boost skin’s strength to help visibly reduce lines and wrinkles. Clinique’s CL1870 Peptide Complex™ includes: Palmitoyl tripeptide-1, Acetyl hexapeptide-8, Palmitoyl tetrapeptide-7,Palmitoyl hexapeptide-12.
Hyaluronic acid and glycerin: Blend of moisturizing ingredients helps hydrate and visibly smooth fine, dry lines.
Provitamin D: This powerful antioxidant helps defend against free radical damage.
Research Results
Immediate:
94% say product does not leave white cast.*
90% say product looks invisible.*
After 4 hours:
Improves skin barrier.**
After 12 weeks:
100% demonstrate smoother skin.***
97% show a visible reduction in wrinkles.****
95% show more radiant skin.****
*Consumer testing on 132 women, after using the product once.
**Clinical testing on 37 women, after using the product once.
***Clinical testing on 37 women, after using the product once daily in the morning for 12 weeks.
****Upper lateral dynamic wrinkles; clinical testing on 37 women, after using the product for 12 weeks.","Avobenzone 3.0%, Homosalate 7.0%, Octinoxate 3.5%, Octisalate 4.5%Ingredients: Water\Aqua\Eau, Glycerin, Butylene Glycol, Coco-Caprylate/Caprate, Polyester-8, Ethylhexyl Methoxycrylene, Butyloctyl Salicylate, Acrylates Copolymer, Dextrin Palmitate, Peg-100 Stearate, Silica, Polyglyceryl-2 Stearate, Whey Protein\Lactis Protein\Protéine Du Petit-Lait, Algae Extract, Saccharomyces Ferment, Caprylyl Glycol, Sigesbeckia Orientalis (St. Paul'S Wort) Extract, Caffeine, Lauroyl Lysine, Sodium Hyaluronate, Biosaccharide Gum-1, 7-Dehydrocholesterol, Plankton Extract, Acetyl Hexapeptide-8, Palmitoyl Tripeptide-1, Palmitoyl Hexapeptide-12, Palmitoyl Tetrapeptide-7, Peg-8, Tocopheryl Acetate, Pentylene Glycol, Hexylene Glycol, Sodium Polyacryloyldimethyl Taurate, Stearyl Alcohol, Dehydroxanthan Gum, Dipropylene Glycol, Carbomer, Potassium Hydroxide, Glyceryl Polymethacrylate, Acrylates/Beheneth-25 Methacrylate Copolymer, Lecithin, Polysorbate 20, Sorbitan Sesquiisostearate, Ppg-8-Ceteth-20, Glyceryl Stearate, Sorbeth-30 Tetraisostearate, Acrylates/C10-30 Alkyl Acrylate Crosspolymer, Bht, Sodium Citrate, Disodium Edta, Phenoxyethanol, Sodium Benzoate, Potassium Sorbate","Apply moisturizer to face in the AM after using Clinique Smart Clinical Repair Wrinkle Correcting Serum.
Follow with Clinique Smart Clinical Repair Wrinkle Correcting Eye Cream for our ultimate de-aging routine."
pimprod2017641,Garnier,SkinActive Micellar Cleansing Water with Vitamin C,Cleansers,Face Wash,$11.99,13.5 oz,https://media.ulta.com/i/ulta/2570035?w=100&h=100&fmt=auto,787 Reviews,"Benefits
Lifts away dirt, makeup and excess oil in just a few swipes
AMERICA'S NUMBER 1 MICELLAR WATER
Like a magnet, micelles capture and lift away dirt, oil and makeup without harsh rubbing
Cruelty Free
Formulated Without
Fragrance
Oils
Parabens
Sulfates","Aqua / Water, Hexylene Glycol, Glycerin, Ascorbyl Glucoside, Bht, Disodium Cocoamphodiacetate, Disodium Edta, Myrtrimonium Bromide, Poloxamer 184.","Pour onto cotton pad until fully saturated. Gently wipe pad across face to cleanse and remove face makeup. To remove eye makeup, hold pad over closed eyelids for a few seconds, then gently wipe away. Use daily. No need to rinse. Try with reusable Garnier Micellar Eco Pads.
Precautions: Avoid contact with eyes. If contact occurs, rinse thoroughly with water."
pimprod2049710,e.l.f. Cosmetics,Suntouchable Invisi-Stick SPF 50,Suncare,Sunscreen,$14.00,0.63 oz,https://media.ulta.com/i/ulta/2631988?w=100&h=100&fmt=auto,34 Reviews,"Benefits
Portable stick face sunscreen delivers broad spectrum SPF 50 sun protection
Applies clear on all skin tones (no white cast!) for a natural finish
Delivers a smooth, no-tug, touchless application with a non-greasy feel
Non-comedogenic (won't clog pores) & safe for use around the eye area
Helps prep skin for makeup
Great for dry, oily & combination skin
Water resistant (80 minutes)
Great for on-the-go applications
e.l.f. is double-certified cruelty-free by Leaping Bunny & PETA
e.l.f. is proud to partner with Fair Trade USA & manufacture products in Fair Trade Certified facilities; look for the Fair Trade Certified seal on your e.l.f. product
Features
Infused with moisturizing sunflower seed oil & soothing Bisabolol
Formulated Without
Sulfates
Phthalates
Parabens
Nonylphenol ethoxylates
Triclosan
Triclocarban
Hydroquinone
Formaldehyde","Active Ingredients: Octocrylene 10.0%, Homosalate 7.3%, Octisalate 5.0%, Avobenzone 3.0%.
Inactive Ingredients: Diphenylsiloxy Phenyl Trimethicone, Mineral Oil (Paraffinum Liquidum), Hydroxystearic Acid, Triethylhexanoin, Dibutyl Lauroyl Glutamide, Silica, C12-15 Alkyl Benzoate, Helianthus Annuus (Sunflower) Seed Oil, Polyamide-8, Silica Silylate, Oryzanol, Ethylhexylglycerin, Bisabolol, Triethoxycaprylylsilane, Tocopherol, Water (Aqua), Butylene Glycol, Phenoxyethanol, Citrullus Lanatus (Watermelon) Fruit Extract.
Ingredients may change or vary from time to time. Please refer to the packaging of the product you receive for the list of ingredients in your particular product.","Apply sunscreen stick evenly and generously 15 minutes prior to sun exposure as a last step in your skincare routine
Reapply sunscreen after 80 minutes of swimming or sweating, immediately after towel drying and at least every two hours."
pimprod2020797,Avène,Thermal Spring Water,Moisturizers,Face Mists & Essences,$14.00,5.0 oz,https://media.ulta.com/i/ulta/2577345?w=100&h=100&fmt=auto,"1,213 Reviews","Benefits
Known for its history in treating atopic dermatitis, Avène Thermal Spring Water is the only thermal spring water bottled directly from the source and packaged in a sterile environment to guarantee purity and maximum skin benefits
Formulated to minimize risk of allergic reactions
Won't clog pores
The key element in all Avène skin care products, it's unique composition is clinically proven to calm inflammation, itching, redness and irritation while soothing and softening the skin
Recommended by dermatologists worldwide, Avène Thermal Spring Water is gentle enough to use post-medical and aesthetic procedures; even for the most sensitive skin types
Safe for infants, children and adults
Key Ingredients
Mineral Properties do not dry out skin, helps improve skin texture, softens and restore skin's natural barrier
Biological Properties rich in postbiotic microflora to calm and soothe skin
Formulated Without
Fragrance
Paraben
Oil
Alcohol
Wheat
Mineral Oil
Animal derived ingredients","Water (Avène Thermal Spring Water), Nitrogen.",Hold upright. Do not shake. Spray onto the skin in a fine mist. Leave on for 2 to 3 minutes then gently pat dry. Use as often as necessary.
pimprod2034178,fresh,Tea Elixir Niacinamide & Hyaluronic Acid Anti-Aging Serum,Treatment & Serums,Face Serums,$80.00,1.0 oz,https://media.ulta.com/i/ulta/2598820?w=100&h=100&fmt=auto,"1,889 Reviews","Benefits
Makes skin stronger & more resilient so it can bounce back from life stressors that lead to signs of aging
Works with exclusive APT Technology to enable skin to bounce back from life stressors, niacinamide to refine, hyaluronic acid to deeply hydrate & ceramide III to strengthen
Resilient skin has smoother texture, visible glow, restored bounce, and reduced look of lines & wrinkles
Key Ingredients
Adaptive Phytocompound Tea (APT) Technology to increase skin's bioenergetic systems & antioxidant protection (2.65x more concentrated* in adaptive phytocompounds than ordinary tea) *using the same extraction process
Niacinamide to refine the look of pores
5kDA hyaluronic acid to deeply hydrate & minimize the look of lines
Ceramide III to help strengthen the skin barrier
Ocean kelp to refine skin texture
Research Results
+62% visibly resilient skin*
-41% look of fine lines & wrinkle**
+75% smoother texture & visible glow**
+58% more bounce**
-61% visible pores**
*observed results, clinical study, self-assessment by scoring, 33 subjects, 8 weeks, based on an average of smooth, visible lines, look of pores, bounce (plump & elasticity), and glow
**observed results, self-assessment by scoring, 33 subjects, 8 weeks; ""bounce"" based on an average of plump & elasticity","Aqua (water), Glycerin, Simmondsia Chinensis (jojoba) Seed Oil, Helianthus Annuus (sunflower) Seed Oil, Isostearyl Alcohol, Propanediol, 1,2-hexanediol, Niacinamide, Pentylene Glycol, Butylene Glycol Cocoate, Cellulose, Macrocystis Pyrifera (kelp) Extract, Camellia Sinensis Leaf Extract, Argania Spinosa Kernel Oil, Hyaluronic Acid, Ceramide Np, Tocopheryl Acetate, Tocopherol, Maltodextrin, Acrylates/c10-30 Alkyl Acrylate Crosspolymer, Parfum (fragrance), Ethylcellulose, Xanthan Gum, Sodium Hyaluronate, Sodium Hydroxide, Adenosine, Biosaccharide Gum-1, Phytosphingosine, Hydrogenated Lecithin, Chlorphenesin, Potassium Sorbate, Sodium Benzoate, Limonene, Linalool, Citronellol, Geraniol.","Dispense a few drops onto palm of hand and press onto skin to activate serum. Apply to the face and neck daily, morning and night, after cleansing with Soy Face Cleanser and treating with Kombucha Essence."
pimprod2045564,dearcloud,Tone Blur Essence Sunscreen SPF 50+ PA++++,Suncare,Sunscreen,$18.00,1.69 oz,https://media.ulta.com/i/ulta/2625740?w=100&h=100&fmt=auto,87 Reviews,"Benefits
Broad Spectrum UVA and UVB Protection
Lightweight cream formula for a skin-blurring effect
No white cast For face and body
Suitable for all skin types and sensitive skin
Made in Korea
Key Ingredients
Cica: Helps soften the appearance of dark spots and blemishes
Aloe: Rich in cooling and moisturizing properties
SPF 50/PA++++: Broad spectrum protection against UVA and UVB rays
Formulated Without
Paraben
Sulfate","Active: Avobenzone 3%, Homosalate 10%, Octocrylene 8.7%, Octisalate 5%.
Inactive Ingredients: Water, Butyloctyl Salicylate, Dicaprylyl Carbonate, Cetearyl Alcohol, Cetearyl Glucoside, Dipropylene Glycol, Sorbitan Olivate, Poly C10-30 Alkyl Acrylate, Polymethylsilsesquioxane, Niacinamide, Benzyl Glycol, Glyceryl Stearate SE, Panthenol, Arginine, Carbomer, Tocopherol, Butylene Glycol, Xanthan Gum, Hydroxypropyl Methylcellulose Stearoxy Ether, Ethylhexylglycerin, Glycerin, Adenosine, Ethyl Hexanediol, 1,2-Hexanediol, Centella Asiatica Extract, Madecassic Acid, Asiaticoside, Asiatic Acid, Aloe Barbadensis Leaf Juice, Sodium Hyaluronate.","Apply 30 minutes before sun exposure to ensure your skin has absorbed the SPF essence.
Use as the last step in your skincare routine, before applying any makeup.
Squeeze out enough to cover the length of two fingers.
Apply to face, décolletage, ears, and body.
Precautions: Effectiveness may vary per skin type. For external use only. Stop use immediately and consult a physician if irritation occurs."
pimprod2030935,Kopari Beauty,Sun Shield Body Glow Gel SPF 50,Suncare,Sunscreen,$42.00,5.0 oz,https://media.ulta.com/i/ulta/2592141?w=100&h=100&fmt=auto,870 Reviews,"Benefits
SPF 50 for primetime protection
Broad spectrum UVA/UVB protection
40 minute sweat and water-resistant
Luxurious and lightweight gel texture
Applies on clear, absorbs well into skin, non-greasy and will not stick
Easy, mess-free application
A blend of SPF protection, superfood oils, antioxidants and natural pearlescent minerals for safe sun protection and a hydrated glow
Infused with Kopari's signature sweet coconut milk scent
Clinically-tested, non-irritating, allergy-tested
Clean, Vegan, and Cruelty-Free
100% Recyclable
Key Ingredients
Macadamia Oils helps minimize UV irritation while antioxidant-rich Hibiscus Oil is known to protect & repair
Vitamin E helps calm and protect skin from environmental stressors
Moisturizing Avocado & Coconut Oils boost skin hydration and help reduce the appearance of fine lines and wrinkles
Sustainably sourced gold shimmer mica adds a subtle glow
Formulated Without
Paba
Silicone
Paraben
Phthalate
Sulfate","Octyldodecanol, C12-15 Alkyl Benzoate, Polyamide-3, Butyloctyl Salicylate, Octyldodecyl Neopentanoate, Persea Gratissima (Avocado) Oil, Hibiscus Sabdariffa Seed Oil, Cocos Nucifera (Coconut) Oil, Aleurites Moluccana Seed Oil, Macadamia Ternifolia Seed Oil, Tocopheryl Acetate, Fragrance (Parfum), Pentaerythrityl Tetra-di-t-butyl Hydroxyhydrocinnamate, Hexyl Cinnamal, Butylphenyl Methylpropional, Benzyl Salicylate, Linalool, CI 77019 (Mica), CI 77891 (Titanium Dioxide), CI 77491 (Iron Oxides).","Apply generously and evenly 15 minutes before sun exposure. REAPPLY: After 40 minutes of swimming or sweating immediately after towel drying. Sun Protection Measures: spending time in the sun increases your risk of skin cancer and early skin aging. To decrease this risk, regularly use a sunscreen with a Broad Spectrum SPF value of 15 or higher and other sun. protection measures including: Limit time in the sun, especially from 10 a.m.- 2 p.m.
Precautions: For external use only. Do not use on damaged or broken skin. When using this product, keep out of eyes. Rinse with water to remove. Stop use and ask a doctor if rash occurs. Keep out of reach of children. If product is swallowed, get medical help or contact a Poison Control Center right away. Children under 6 months: Ask doctor."
pimprod2041025,The Ordinary,Travel Size Glycolic Acid 7% Exfoliating and Brightening Daily Toner,Treatment & Serums,Face Peels & Exfoliators,$8.70,3.38 oz,https://media.ulta.com/i/ulta/2616431?w=100&h=100&fmt=auto,"1,938 Reviews","Benefits
Targets textural irregularities and uneven skin tone
Improves appearance of congestion
Targets signs of aging
Key Ingredients
Glycolic Acid
Tasmanian Pepperberry
Formulated Without
Fragrance
Alcohol
Oil","Aqua (Water), Glycolic Acid, Rosa Damascena Flower Water, Centaurea Cyanus Flower Water, Aloe Barbadensis Leaf Water, Propanediol, Glycerin, Triethanolamine, Aminomethyl Propanol, Panax Ginseng Root Extract, Tasmannia Lanceolata Fruit/leaf Extract, Aspartic Acid, Alanine, Glycine, Serine, Valine, Isoleucine, Proline, Threonine, Histidine, Phenylalanine, Glutamic Acid, Arginine, Pca, Sodium Pca, Sodium Lactate, Fructose, Glucose, Sucrose, Urea, Hexyl Nicotinate, Dextrin, Citric Acid, Polysorbate 20, Gellan Gum, Trisodium Ethylenediamine Disuccinate, Sodium Chloride, Hexylene Glycol, Potassium Sorbate, Sodium Benzoate, 1,2-Hexanediol, Caprylyl Glycol.","The Ordinary recommends performing a patch test prior to incorporating a new product into your skin care routine. Use ideally in the PM, no more frequently than once per day. After cleaning, saturate a cotton pad with the formula and sweep across the face and neck.
Avoid the eye contour and contact with eyes. This formula should not be used on sensitive, peeling or compromised skin. Limit sun exposure while using this product and for a week afterwards.
Contraindications: Do not use in the same routine as direct Acids, EUK 134 0.1%, retinoids, pure or ethylated vitamin C, or peptides."
pimprod2011758,St. Tropez,Luxe Double Sided Applicator Self-Tan Mitt,Bath & Body Accessories,"Bath Sponges, Gloves & Brushes",$9.00,1 ct,https://media.ulta.com/i/ulta/2559663?w=100&h=100&fmt=auto,526 Reviews,"Benefits
Easy to use","Polyester 53%, Polyurethane 47%","After each use, gently hand wash in cool soapy water & leave to dry naturally."
pimprod2007104,The Ordinary,Azelaic Acid Suspension 10% Cream for Redness and Blemish-Prone Skin,Treatment & Serums,Face Serums,$12.20,1.0 oz,https://media.ulta.com/i/ulta/2551154?w=100&h=100&fmt=auto,"2,440 Reviews","Benefits
Pairs well with Squalane Cleanser and Natural Moisturizing Factors + HA
PH 4.00 - 5.00
Features
Pairs well with Squalane Cleanser and Natural Moisturizing Factors + HA
Formulated Without
Fragrance
Alcohol
Gluten
Nuts
Oil
Parabens
Mineral Oil
Methylchloroisothiazolinone
Methylisothiazolinone
Animal Oils
Coal Tar Dyes
Formaldehyde
Mercury
Oxybenzone","Aqua (water), Isodecyl Neopentanoate, Dimethicone, Azelaic Acid, Dimethicone/bis-isobutyl PPG-20 Crosspolymer, Dimethyl Isosorbide, Hydroxyethyl Acryalte/sodium Acryloyldimethyl Taurate Copolymer, Polysilicone-11, Isohexadecane, Tocopherol, Trisodium Ethylenediamine Disuccinate, Isoceteth-20, Polysorbate 60, Triethanolamine, Ethoxydiglycol, Phenoxyethanol, Chlorphenesin.","The Ordinary recommends performing a patch test prior to incorporating a new product into your skin care routine.
Apply to face AM and/or PM to improve visible brightness and the appearance of skin texture. Avoid contact with eyes and mouth. Use sun protection during the day.
Contraindications: Do not use in the same routine as direct acids, EUK 134 0.1%, retinoids, pure or ethylated vitamin C, or peptides."
pimprod2049581,Peach Slices,Super Fade Discoloration Serum,Treatment & Serums,Face Serums,$11.99,1.01 oz,https://media.ulta.com/i/ulta/2634854?w=100&h=100&fmt=auto,34 Reviews,"Benefits
Visibly and rapidly brightens post-blemish marks, dark spots and hyperpigmentation
Helps visibly even skin tone
Nourishing K-beauty ingredients visibly soothe and calm skin
Peach Slices offers easy, clinical solutions, powered by K-beauty innovations, for tough skin issues like acne, oily skin, and redness. Formulated without any harsh chemicals: silicone-free, fragrance-free, and alcohol-free
Key Ingredients
3.5% Cetyl Tranexamate Mesylate (Tranexamic Acid): superior form of Tranexamic acid targets discoloration, post-blemish marks, dark spots, and hyperpigmentation and promotes visibly even skin tone
4.5% Niacinamide: helps visibly brighten hyperpigmentation and dark spots
Licorice: visibly boosts brightening benefits
Centella Asiatica (Cica): visibly soothes and calms skin","Water, Propanediol, Niacinamide, Cetyl Tranexamate Mesylate, 1,2-Hexanediol, Glycerin, Acetyl Glucosamine, Cucumis Sativus (Cucumber) Fruit Extract, Glycyrrhiza Glabra (Licorice) Root Extract, Panthenol, Camellia Sinensis Leaf Extract, Madecassoside, Asiaticoside, Madecassic Acid, Asiatic Acid, Kojic Acid, Allantoin, Salix Alba (Willow) Bark Water, Calendula Officinalis Flower Extract, Malus Domestica (Apple) Fruit Extract, Citrullus Lanatus (Watermelon) Fruit Extract, Lens Esculenta (Lentil) Fruit Extract, Euterpe Oleracea Fruit Extract, Butylene Glycol, Sucrose, Ceratonia Siliqua (Carob) Gum, Hydroxyethylcellulose, Sodium Phytate, Caprylyl Glycol, Ethylhexylglycerin.","Shake well. Apply onto clean, dry skin. Can be used daily, AM and PM. Follow up with moisturizer, and use SPF during the daytime.
Precautions: External use only. Avoid contact with eyes. Keep out of reach of children. Store in a cool and dry place."
pimprod2049599,ANUA,Travel Size Heartleaf Quercetinol Pore Deep Cleansing Foam,Cleansers,Face Wash,$7.99,1.35 oz,https://media.ulta.com/i/ulta/2635548?w=100&h=100&fmt=auto,3 Reviews,"Benefits
Water-based foaming cream
Cleanses deep within pores
For normal skin
Fragrance-free
Free Of: Denatured Alcohols / Parabens / Artificial Color / Silicones / Sulfates / Mineral Oil / Methylchloroisothiazolinone / Methylisothiazolinone / Animal Oils / Coal Tar Dyes
Key Ingredients
Quercetinol: Extracted from Heartleaf, known for it's soothing properties leaving the skin feeling calm and refreshed
ANTI-SEBUM P: Helps reduce sebum and minimize the appearance of pores, with 4 plant-derived extracts
0.5% BHA: Chemical exfoliants that are a much gentler alternative to physical exfoliants like scrubs
Research Results
Skin irritation test completed
Non-comedogenic test completed
AFTER 4 WEEKS:
26.709% improvement in oil content
17.173% improvement in skin sebum levels","Houttuynia Cordata Flower/Leaf/Stem Water, Glycerin, Sodium Cocoyl Glycinate, Water, Sodium Lauroyl Glutamate, Disodium Cocoamphodiacetate, Coco-Glucoside, Decyl Glucoside, Hectorite, Sodium Chloride, 1,2-Hexanediol, Betaine Salicylate, Potassium Benzoate, Houttuynia Cordata Powder, Polyquaternium-67, Acrylates/C10-30 Alkyl Acrylate Crosspolymer, Butylene Glycol, Gardenia Florida Fruit Extract, Dextrin, Disodium EDTA, Eucalyptus Globulus Leaf Oil, Ethylhexylglycerin, Sodium Acetate, Isopropyl Alcohol, Pinus Palustris Leaf Extract, Ulmus Davidiana Root Extract, Oenothera Biennis (Evening Primrose) Flower Extract, Pueraria Lobata Root Extract, Pentylene Glycol, Capryloyl Salicylic Acid, Tocopherol, Hydrolyzed Hyaluronic Acid, Hyaluronic Acid, Hydrolyzed Sodium Hyaluronate, Sodium Hyaluronate, Potassium Hyaluronate, Hydroxypropyltrimonium Hyaluronate, Sodium Hyaluronate Crosspolymer, Sodium Acetylated Hyaluronate, Quercetin.","Apply an adequate amount of cleanser.
Create enough foam.
Gently massage your entire face.
Can be used every day, AM & PM."
