product_id,brand,product,category,subcategory,price,size,image,no_of_reviews,about_the_product,ingredients,how_to_use
P446638,Dermalogica,Power Cleanse Duo,Value & Gift Sets,,$19.00,,,,,,
P504026,MARA,Mini Algae + Moringa® Universal Face Oil,Moisturizers,Face Oils,$40.00,Size: 0.5 oz / 15 mL,https://www.sephora.com/productimages/sku/s2633170-main-zoom.jpg?pb=clean-planet-aware&imwidth=160,319,"Item 2633170
What it is: A hydrating face oil, for all skin types, with algae, plankton, and four superfoods to visibly plump, firm, and hydrate for glowing skin.

Skin Type: Normal, Dry, Combination, and Oily

Skincare Concerns: Fine Lines and Wrinkles, Dryness, and Dullness

Formulation: Oil

Highlighted Ingredients:
- Proprietary, Wild Collected Algae Blend: Visibly plumps, softens look of wrinkles, and hydrates.
- Moringa: Contains 90+ nutrients and 46 antioxidants for mega moisture and glow.
- Watermelon: Hydrates dry skin with fatty acids and vitamins.

Ingredient Callouts: This product is vegan, gluten-free, cruelty-free, and comes in recyclable packaging.

What Else You Need to Know: This face oil is packed with vitamins A, B, C, D E, and F, plus fatty acids and phytonutrients to support a healthy skin barrier and bouncy, dewy skin. The proprietary algae provide essential nutrients and wards off free radicals, while moringa, baobab, and watermelon drench skin in moisture.




Products formulated without certain ingredients, including parabens, sulfates, phthalates, and mineral oils, from brands that have met our specific criteria for ingredient sourcing and formulation, packaging, environmental commitments, and consumer transparency. Learn more here.
Show less","-Proprietary Wild-Collected Algae Blend: Visibly plumps, softens look of wrinkles, and hydrates.
-Moringa: Contains over 90 nutrients and 46 antioxidants for mega moisture and glow.
-Watermelon: Hydrates dry skin with fatty acids and vitamins.

Moringa Oleifera Seed Oil, Helianthus Annuus (Sunflower) Seed Oil, Vitis Vinifera (Grape) Seed Oil, Linum Usitatissimum (Linseed) Seed Oil, Vaccinium Myrtillus Seed Oil, Caprylic/Capric Triglyceride, Citrullus Lanatus (Watermelon) Seed Oil, Adansonia Digitata Seed Oil, Citrus Aurantium Bergamia (Bergamot) Fruit Oil, Citrus Aurantium Amara (Bitter Orange) Peel Oil, Alaria Esculenta Extract, Plankton Extract, Tocopherol, Limonene, Linalool, Farnesol, Geraniol.

The list of ingredients is subject to change. Please consult the packaging of the product purchased.","Suggested Usage:
-Use morning and night.
-Apply to clean skin.
-Can be used alone, or on top of serums and creams.
-Can be mixed with makeup for a glowing finish.

Recycling Instructions:
-Separate glass bottle and dropper.
-Clean and recycle glass bottle.
-For dropper, gently pull silicone part from cap and pipette.
-Gently pull pipette and silicone bulb apart.
-Place silicone bulb in trash, recycle glass pipette and aluminum collar."
P511399,Luna Daily,"The Skin Support Oil - For Stretch Marks, Hyperpigmentation & Uneven Skin Texture",Body Moisturizers,,$46.00,Size: 3.38 oz / 100 ml,https://www.sephora.com/productimages/sku/s2766392-main-zoom.jpg?pb=clean-at-sephora&imwidth=160,222,"Item 2766392
What it is: A body oil that reduces the appearance of stretch marks and hyperpigmentation.

Skin Type: Normal, Dry, Combination, and Oily

Highlighted Ingredients:
- Kahai Oil®: Clinically shown to visibly reduce scarring and discoloration.
- Vitamin C: Supports natural collagen production and cell renewal.
- Arnica Extract: Reduces redness and soothes skin.

Ingredient Callouts: This product is vegan, gluten-free, cruelty-free, and comes in recyclable packaging.

What Else You Need to Know: This daily body oil improves the appearance of stretch marks, hyperpigmentation, and skin texture for smooth, firm, hydrated skin. It includes breakthrough Kahai Oil®, which is clinically shown to reduce visible scarring and discoloration, containing 50-percent more vitamin E than argan oil.

Clinical Results: Independent clinical user trial of 50 women:
- 92% agree skin felt healthy, rejuvenated, and hydrated
- 90% agree it improved uneven skin tone and skin felt supple
- 84% agree it reduced appearance of stretch marks and improved scar texture


Clean at Sephora is our commitment to offering effective products without certain ingredients, such as parabens, sulfates, phthalates, and mineral oils. Learn more here.
Show less","-Kahai Oil®: Clinically shown to visibly reduce scarring and discoloration.
-Vitamin C: Supports natural collagen production and cell renewal.
-Arnica Extract: Reduces redness and soothes skin.

Helianthus Annuus (Sunflower) Seed Oil, Vitis Vinifera (Grape) Seed Oil, Prunus Amygdalus Dulcis (Sweet Almond) Oil, Cocos Nucifera (Coconut) Oil, Butyrospermum Parkii (Shea) Oil, Prunus Armeniaca (Apricot) Kernel Oil, Linoleic Acid, Citrus Paradisi (Grapefruit) Seed Oil, Tocopherol (Vitamn E), Ascorbyl Tetraisopalmitate (Vitamin C), Arnica Montana (Arnica) Flower Extract, Calendula Ocinalis (Calendula) Flower, Rubus Idaeus (Raspberry) Seed Oil, Caryodendron Orinocense (Cacay) Seed Oil, Linolenic Acid, Parfum (Fragrance).

The list of ingredients is subject to change. Please consult the packaging of the product purchased.","Suggested Usage:
-Apply all over body and massage until absorbed.
-Focus on areas prone to stretch marks and uneven skin texture to firm and tone.
-For best results, use daily for three months using the expert massage technique.

Recycling Instructions:
-Remove cap and rinse empty bottle to ensure all product is removed.
-Cap and bottle are 100 percent recyclable."
P515497,AESTURA,ATOBARRIER365 Lightweight Face Lotion Moisturizer with Ceramides & Niacinamide for Skin Moisture Barrier Repair,Moisturizers,Face Creams,$32.00,Size: 5.07 oz / 150 mL,https://www.sephora.com/productimages/sku/s2844926-main-zoom.jpg?pb=allure-2024-bestofbeauty&imwidth=160,202,"Item 2844926
ONLY AT SEPHORA
What it is: A dermatologist-tested, lightweight lotion that support the skin barrier and deliver hydration.

Skin Type: Normal, Dry, Combination

Skincare Concerns: Dryness, Uneven Texture, and Oiliness

Formulation: Cream

Highlighted Ingredients:
- Patented Barrier-Boosting Ceramides Blend: Hydrate.
- Triple Lipid Complex: Ceramides, fatty acids, and cholesterol mimic skin lipids to lock in moisture.
- Niacinamide: Helps minimize moisture loss.

Ingredient Callouts: Free of parabens, formaldehydes, formaldehyde-releasing agents, phthalates, mineral oil, retinyl palmitate, oxybenzone, coal tar, hydroquinone, sulfates SLS & SLES, triclocarban, triclosan, and contains less than one percent synthetic fragrance. It is also vegan and gluten-free.

What Else You Need to Know: AESTURA is the #1 derm-recommended brand in Korea for sensitive skin. This product has won the Allure Best of Beauty Award for best lightweight facial moisturizer.

ATOBARRIER365 Lotion is non-comedogenic, fragrance-free, alcohol-free, dermatologist-tested. It is recognized by the National Eczema Association with the Seal of Acceptance. 

Clinical Results: Instrumental results based on testing 31 women, after one application:
- Improves skin flakiness by +42%

Based off a self-assessment from clinical, 31 women, after four weeks of daily use:
- 93% agree skin feels healthier
- 90% agree skin's oil and moisture balance is restored
- 90% agree skin feels smoother

This product is an Allure Best of Beauty award winner.
Show less","-Patented Barrier-Boosting Ceramides Blend: Hydrate.
-Triple Lipid Complex: Ceramides, fatty acids, and cholesterol mimic skin lipids to lock in moisture.
-Niacinamide: Helps minimize moisture loss.

Water / Aqua / Eau, Butylene Glycol, Glycerin, Dimethicone, Squalane, Pentaerythrityl Tetraisostearate, Betaine, Polyglyceryl-3 Methylglucose Distearate, Butylene Glycol Dicaprylate/Dicaprate, Caprylic/Capric Triglyceride, Palmitic Acid, 1,2-Hexanediol, Stearic Acid, Hydroxyethyl Acrylate/Sodium Acryloyldimethyl Taurate Copolymer, Glyceryl Stearate, Hydroxypropyl Bispalmitamide Mea, Glyceryl Stearate Citrate, Cholesterol, Niacinamide, Dimethiconol, Hydroxypropyl Bislauramide Mea, Behenyl Alcohol, Glyceryl Caprylate, Carbomer, Disodium Edta, Ethylhexylglycerin, Tromethamine, Sorbitan Isostearate, Phytosphingosine, Mannitol, Ceramide Np, Tocopherol, Hydrogenated Lecithin, Acrylates/Ammonium Methacrylate Copolymer, Silica, Sphingolipids, Arachidic Acid, Oleic Acid.","Suggested Usage:
-Apply evenly onto clean skin AM and PM.
-For ultimate hydration results, use with Atobarrier365 Hydro Cera-HA Serum."
P4010,Murad,AHA/BHA Exfoliating Cleanser,Cleansers,Face Wash & Cleansers,$37.00,Size: 5 oz / 147 ml,https://www.sephora.com/productimages/sku/s2835833-main-zoom.jpg?imwidth=160,818,"Item 2835833
What it is: An intensive, triple-action exfoliator with a custom blend of salicylic, lactic, and glycolic acids to polish away dry, dull-looking skin—without irritation.

Skin Type: Normal, Dry, Combination, and Oily

Skincare Concerns: Dryness, Dullness, and Uneven Texture

Formulation: Cream

Highlighted Ingredients:
- Salicylic, Lactic, and Glycolic Acids: Gently exfoliate to reveal softer, smoother skin.
- Jojoba Beads: Manually exfoliate to remove dry, dull-looking skin.
- Licorice Extract: Soothes skin.

Ingredient Callouts: Free of parabens, formaldehydes, formaldehyde-releasing agents, phthalates, mineral oil, retinyl palmitate, oxybenzone, coal tar, hydroquinone, triclocarban, triclosan, and contains less than one percent synthetic fragrance. It is also gluten-free and cruelty-free.

What Else You Need to Know: Enhance your cleansing routine with this multitasking exfoliant two to three times a week. It delivers the best of both worlds to your skin’s surface through chemical and physical exfoliation, without irritation, improving the penetration of the skincare formulas you apply next.
Show less","-Salicylic, Lactic, and Glycolic Acids: Gently exfoliate to reveal softer, smoother skin.
-Jojoba Beads: Manually exfoliate to remove dry, dull-looking skin.
-Licorice Extract: Soothes skin.

Water/Aqua/Eau, Sodium C14-16 Olefin Sulfonate, Jojoba Esters, Cocamidopropyl Betaine, Acrylates Copolymer, Glycol Stearate, Propanediol, Glycolic Acid, Lactic Acid, Salicylic Acid, Dipotassium Glycyrrhizate, Sodium Ascorbyl Phosphate, Sodium PCA, Urea, Yeast Amino Acids, Trehalose, Inositol, Taurine, Betaine, Citric Acid, Sodium Hydroxide, Polyquaternium-4, Sodium Chloride, Tetrasodium Glutamate Diacetate, Tetrasodium EDTA, Leuconostoc/Radish Root Ferment Filtrate, Tocopherol, Ethylhexylglycerin, Chlorphenesin, Sodium Benzoate.","Suggested Usage:
-Use AM or PM.
-Massage a small amount over a dampened face and neck.
-Rinse and pat dry.
-For optimal results, use two to three times weekly."
P502662,Moroccanoil,Body Polishing Scrub,Bath & Shower,Scrub & Exfoliants,$32.00,,,,,,
P510836,PHLUR,Missing Person Body Oil,Body Moisturizers,Body Lotions & Body Oils,$45.00,Size: 4 oz,https://www.sephora.com/productimages/sku/s2766186-main-zoom.jpg?pb=clean-at-sephora&imwidth=160,81,"Item 2766186
ONLY AT SEPHORA
A silky yet lightweight body oil infused with skin-mimicking lipids and floral oils that help contribute to a healthy-looking skin barrier.

Skincare Concerns: Dryness

Fragrance Family: Warm & Spicy

Scent Type: Warm & Sheer

Key Notes: Skin Musk, Bergamot Nectar, Blonde Wood

Highlighted Ingredients:
- Floral Oils: Naturally rich in ceramides, rosehip, paramela, and jojoba.
- Skin-Mimicking Lipids: Contribute to a healthy-looking skin barrier.
- Vitamin C Oil: Natural antioxidant known to visibly brighten overall skin tone.

Ingredient Callouts: Free of parabens, formaldehydes, formaldehyde-releasing agents, phthalates, mineral oil, retinyl palmitate, oxybenzone, coal tar, hydroquinone, sulfates SLS & SLES, triclocarban, triclosan, and contains less than one percent synthetic fragrance.

What Else You Need to Know: This body oil has a delicate, yet addictive fragrance that evokes the lingering scent of your lover’s skin. It is brought to life by comforting accords of white musk, enhanced by sheer floral nuances of jasmine, and glowing orange blossom and fused with a light trail of soft transparent woods. It’s naturally rich in ceramides and vitamin C oil and the formula easily absorbs easily into the skin to nourish and visibly brighten.

""Missing Person is more than just a fragrance; it's a heartfelt journey through love, loss, and longing. Crafted from my personal experience of rediscovering myself after separation, it encapsulates the comforting embrace of skin-to-skin contact and the lingering scent of a loved one's presence. It's a tribute to the warmth and intimacy we cherish, now bottled for you to experience and connect with those cherished memories."" - Chriselle Lim


Clean at Sephora is our commitment to offering effective products without certain ingredients, such as parabens, sulfates, phthalates, and mineral oils. Learn more here.
Show less","-Floral Oils: Naturally rich in ceramides, rosehip, paramela, and jojoba.
-Skin-Mimicking Lipids: Contribute to a healthy-looking skin barrier.
-Vitamin C Oil: Natural antioxidant known to visibly brighten overall skin tone.

Carthamus Tinctorius Seed Oil, Ricinus Communis Seed Oil, Caprylic/Capric Triglyceride, Fragrance (Parfum), Rosa Canina Fruit Oil, Adesmia Boronioides Flower/Leaf/Stem Oil, Simmondsia Chinensis Seed Oil, Limnanthes Alba Seed Oil, Squalane, Moringa Oleifera Seed Oil, Tetrahexyldecyl Ascorbate, Eclipta Prostrata Extract, Melia Azadirachta Flower Extract, Melia Azadirachta Leaf Extract, Vegetable Oil, Curcuma Longa Root Extract, Melia Azadirachta Bark Extract, Corallina Officinalis Extract, Ocimum Sanctum Leaf Extract, Ocimum Basillicum Flower/Leaf Extract, Tocopherol, Linoleic Acid, Lecithin, Phytosteryl Canola Glycerides, Oleic Acid, Palmitic Acid, Stearic Acid, Triolein, Benzotriazolyl Dodecyl P-Cresol, Hydroxycitronellal.

The list of ingredients is subject to change, please consult the packaging of the product purchased.","Suggested Usage:
-Apply a generous amount on damp skin.
-Massage onto body until fully absorbed.
-Can be used before applying fragrance to boost scent longevity."
P440489,Mario Badescu,Glycolic Foaming Cleanser,Cleansers,Face Wash & Cleansers,$16.00,Size: 6 oz/ 177 mL,https://www.sephora.com/productimages/sku/s2185080-main-zoom.jpg?imwidth=160,67,"Item 2185080
What it is: A resurfacing face wash that refines the look of uneven skin tone and texture.

Skin Type: Normal, Dry, Combination, and Oily

Skincare Concerns: Uneven Skin Tone, Dullness and Uneven Texture, and Pores

Formulation: Gel

Highlighted Ingredients:
- Glycolic Acid: Retexturizes and refines the look of skin.
- Marshmallow Extract: Hydrates, softens, and balances.
- Chamomile: Known for its calming properties.

Ingredient Callouts: This product is vegan and cruelty-free.

What Else You Need to Know: Formulated with glycolic acid and a botanical blend of chamomile, marshmallow, sage, St. John’s wort, and yarrow extracts, Glycolic Foaming Cleanser is the brightening solution that thoroughly cleans pores, promotes radiance, and helps diminish the appearance of dry fine lines and uneven skin tone.
Show less","-Glycolic Acid: Retexturizes and refines the look of skin.
-Marshmallow Extract: Hydrates, softens, and balances.
-Chamomile: Known for its calming properties.

Sodium Lauryl Sulfate, Water, Cocamidopropyl Betaine, Cocamide MEA, Glycolic Acid, Salvia Officinalis (Sage) Leaf Extract, Hypericum Perforatum Extract, Chamomilla Recutita (Matricaria) Flower Extract, Althaea Officinalis Leaf/Root Extract, Achillea Millefolium Extract, Sodium Chloride, Fragrance, Propylene Glycol, Methylparaben, Propylparaben, Diazolidinyl Urea.","Suggested Usage:
-Not to be used as a daily face wash. Replace your regular cleanser one to three times a week (one to two times for dry to combination skin, and two to three times for combination and oily skin).
-Massage onto wet skin using upward, circular motions.
-Rinse thoroughly with warm water.
-Follow with a toner and moisturizer or night cream.

Precautions:
-Not recommended for use with topical prescriptions, acne-erupted, or sensitive skin.
-Avoid contact with the eyes. If contact occurs, rinse well with water.
-If irritation develops and persists, discontinue use.
-Sunburn Alert: This product contains an alpha hydroxy acid (AHA) that may increase your skin’s sensitivity to the sun and the possibility of sunburn. Use a sunscreen and limit sun exposure while using this product."
P504904,Topicals,"Like Butter Moisturizer for Dry, Sensitive & Eczema-Prone Skin",Moisturizers,Face Creams,$34.00,Size: 1.7 oz / 50 mL,https://www.sephora.com/productimages/sku/s2653475-main-zoom.jpg?imwidth=160,476,"Item 2653475
ONLY AT SEPHORA
What it is: A rich, hydrating moisturizer that helps to instantly soothe and calm redness, itch, sensitivity, and other symptoms of eczema-prone skin.

Skin Type: Normal, Dry, Combination, and Oily

Skincare Concerns: Dryness, Redness, and Dullness

Formulation: Cream

Highlighted Ingredients:
- Colloidal Oatmeal 1%: Helps relieve eczema symptoms including irritation, redness, and itching.
- Madecassoside: Highly active form of centella asiatica helps soothe and calm sensitive skin.
- Green Tea: Antioxidant with skin-soothing properties.

Ingredient Callouts: This product is vegan, gluten-free, cruelty-free, and comes in recyclable packaging.

What Else You Need to Know: This turbo-charged daily moisturizer with OTC-level 1% colloidal oatmeal helps to instantly alleviate eczema flare-up symptoms including itch, rash, and dry patches. Richer and creamier than the Like Butter mask, it now comes with even more hydrating support for dry, sensitive, eczema-prone skin.

Show less","-Colloidal Oatmeal 1%: Helps relieve eczema symptoms including irritation, redness, and itching.
-Madecassoside: Highly active form of centella asiatica helps soothe and calm sensitive skin.
-Green Tea: Antioxidant with skin-soothing properties.

Water/Aqua/Eau, Caprylic/Capric Triglyceride, Squalane, Niacinamide, Cetearyl Alcohol, Glycerin, Pentylene Glycol, Capryloyl Glycerin/Sebacic Acid Copolymer, Glyceryl Stearate, Sorbitan Stearate, Diheptyl Succinate, Butyrospermum Parkii (Shea) Butter, Oenothera Biennis (Evening Primrose) Oil, Stearic Acid, Madecassoside, Angelica Polymorpha Sinensis Root Extract, Turkey Rhubarb (Rheum Palmatum) Extract, Camellia Sinensis Leaf Extract, Astragalus Membranaceus Extract, Curcuma Longa (Turmeric) Root Extract, Panax Ginseng Root Extract, Licorice Root (Glycyrrhiza Uralensis) Extract, Sodium Hyaluronate, Phytosphingosine, Sodium PCA, Ceramide EOP, Ceramide AP, Ceramide NP, Alanine, Serine, Aspartic Acid, Valine, Threonine, Proline, Arginine, Phenylalanine, Histidine, Palmitic Acid, Isoleucine, PCA, Lauroyl Lysine, Cholesterol, Sodium Lactate, Ethylhexylglycerin, Hydroxyethyl Acrylate/Sodium Acryloyldimethyl Taurate Copolymer, Cetearyl Glucoside, Sodium Lauroyl Lactylate, Carbomer, Xanthan Gum, Phenoxyethanol.

.","Suggested Usage:
-Apply an even layer onto dry, itchy skin or eczema patches.
-Apply as needed, up to multiple times a day.
-Can be used as an all-over daily moisturizer or as a targeted treatment.
-Do not rinse off."
P475188,TULA Skincare,Instant De-Puff Eye Renewal Serum,Eye Care,Eye Creams & Treatments,$58.00,Size: 0.5 oz / 15 ml,https://www.sephora.com/productimages/sku/s2500775-main-zoom.jpg?pb=clean-at-sephora&imwidth=160,82,"Item 2500775
What it is: A lightweight serum packed with potent ingredients, like probiotic extracts and peptides, to fight the look of dark circles and signs of aging.

Skin Type: Normal, Dry, Combination, and Oily

Skincare Concerns: Fine Lines and Wrinkles, Dark Circles, and Puffiness

Formulation: Lightweight Cream

Highlighted Ingredients:
- Probiotic Extracts: Support smooth, balanced skin.
- Prebiotics: Leave skin nourished and visibly balanced.
- Peptides: Visibly firm skin.

Ingredient Callouts: This product is gluten-free and cruelty-free.

What Else You Need to Know: Infused with pink silk tree and sea algae, this dermatologist-tested serum reduces the appearance of wrinkles, puffiness, and dark circles to reveal a visibly brighter, more even complexion. It also has a metal applicator that feels soothing against your skin.

Clinical Results: In a self-assessment of 32 subjects, after 6 weeks:
- 93% agreed under-eyes felt hydrated
- 87% agreed skin felt firmer
- 84% agreed under-eyes looked less puffy

Clean at Sephora is our commitment to offering effective products without certain ingredients, such as parabens, sulfates, phthalates, and mineral oils. Learn more here.
Show less","-Probiotic Extracts: Support smooth, balanced skin.
-Prebiotics: Leave skin nourished and visibly balanced.
-Peptides: Visibly firm skin.

Aqua/Water/Eau, Caprylic/Capric Triglyceride, Hydrogenated Ethylhexyl Olivate, Glycerin, Butylene Glycol, Cetearyl Alcohol, Lactococcus Ferment Lysate, Sodium Potassium Aluminum Silicate, Carthamus Tinctorius (Safflower) Seed Oil, Camelina Sativa Seed Oil, Silybum Marianum Seed Oil, Curcuma Longa (Turmeric) Root Extract, Citrus Aurantium Dulcis (Orange) Peel Extract, Albizia Julibrissin Bark Extract, Avena Sativa (Oat) Bran Extract, Camellia Sinensis Leaf Extract, Vaccinium Angustifolium (Blueberry) Fruit Extract, Cichorium Intybus (Chicory) Root Extract, Porphyra Umbilicalis Extract, Nannochloropsis Oculata Extract, Bacillus Ferment, Olus Oil/Vegetable Oil/Huile Végétale, Hydrogenated Olive Oil Unsaponifiables, Acetyl Hexapeptide-8, Lactic Acid, Yogurt Powder, Hydrolyzed Rice Protein, Tocopheryl Acetate, Ascorbyl Palmitate, Darutoside, Ammonium Acryloyldimethyltaurate/VP Copolymer, Silica, Xanthan Gum, Inulin, Acrylates/C10-30 Alkyl Acrylate Crosspolymer, Sodium Hydroxide, Citric Acid, Sodium Chloride, Sodium. May contain milk proteins.

The list of ingredients is subject to change, please consult the packaging of the product purchased.","Suggested Usage:
-Use the cooling tip applicator to gently apply under the eye, sweeping upward and over the eyelid.
-Use morning and evening."
P510446,Soleil Toujours,Brightening Eye Cream Mineral SPF 30 with Niacinamide & Vitamin C,Eye Care,Eye Creams & Treatments,$68.00,Size: 0.5 oz,https://www.sephora.com/productimages/sku/s2761690-main-zoom.jpg?pb=clean-planet-aware&imwidth=160,11,"Item 2761690
What it is: A mineral sunscreen for the delicate eye area formulated with niacinamide, peptides, and vitamin C to protect, correct, and illuminate the skin.

Skin Type: Normal, Dry, Combination, and Oily

Skincare Concerns: Fine Lines and Wrinkles, Dark Circles, and Puffiness

Formulation: Cream

Highlighted Ingredients:
- Niacinimide: Promotes a smooth and plump skin surface and visibly evens skin tone.
- Vitamin C: Brightens and visibly firms the skin and reduces appearance of fine lines.
- Peptides: Repair proteins in the skin to improve the appearance elasticity, firmness, and smoothness.

Ingredient Callouts: Free of parabens, formaldehydes, formaldehyde-releasing agents, phthalates, mineral oil, retinyl palmitate, oxybenzone, coal tar, hydroquinone, sulfates SLS & SLES, triclocarban, triclosan, and contains less than one percent synthetic fragrance. It is also gluten-free and cruelty-free.

What Else You Need to Know: This powerhouse eye cream creates a unique sun-protection and brightening moment for the eye area. The antioxidant-rich formula reduces the appearance of fine lines, crow’s feet, and dark circles, supports collagen production, and visibly firms skin. The cooling applicator soothes and awakens under-eyes.

Products formulated without certain ingredients, including parabens, sulfates, phthalates, and mineral oils, from brands that have met our specific criteria for ingredient sourcing and formulation, packaging, environmental commitments, and consumer transparency. Learn more here.
Show less","-Niacinimide: Promotes a smooth and plump skin surface and visibly evens skin tone.
- Vitamin C: Brightens and visibly firms the skin and reduces appearance of fine lines.
- Peptides: Repair proteins in the skin to improve the appearance elasticity, firmness, and smoothness.

Zinc Oxide 20%; Inactive Ingredients: Aloe Barbadensis Leaf Juice, Aluminum Starch Octenylsuccinate, Bisabolol, Caprylic/Capric Triglyceride, Capryloyl Glycerin/Sebacic Acid Copolymer, Caprylyl Carbonate, Diheptyl Succinate, Ethylhexylglycerin, Galactoarabinan, Glycerin, Glyceryl Stearate SE, Helianthus Annuus (Sunflower) Seed Oil, Jojoba Esters, Magnesium Sulfate, Mica, Niacinamide, Octyldodecanol, Phenoxyethanol, Polyglyceryl-2 Distearate, Polyhydroxystearic Acid, Porphyra Umbilicalis Extract, Sodium Hyaluronate, Squalane Oil, Tetrahexyldecyl Ascorbate, Tocopheryl Acetate, Triethoxycaprylylsilane, Trihydroxystearin, Tripeptide-5, VP/Hexadecene Copolymer, Water, Iron Oxide Red (CI 77491), Tin Oxide (CI 77861), Titanium Dioxide (CI 77891).

The list of ingredients is subject to change, please consult the packaging of the product purchased.","Suggested Usage:
-Shake well.
-Use one pump of product for both eyes.
-Gently tap product around the eye area using applicator and/or fingertips until fully absorbed.
-Use any excess product to highlight the cheekbones, browbones, bridge of nose, Cupid's bow, etc.
-Can be worn under or over makeup.
-Reapply after 80 minutes of swimming or sweating, immediately after towel drying, and at least every two hours."
P501254,Glow Recipe,Watermelon Glow AHA Night Treatment,Treatments,Facial Peels,$40.00,Size: 2.02 oz / 60 mL,https://www.sephora.com/productimages/sku/s2535151-main-zoom.jpg?pb=clean-planet-aware&imwidth=160,962,"Item 2535151
ONLY AT SEPHORA
What it is: A powerful overnight resurfacing mask to gently exfoliate, hydrate, and visibly brighten with a 2.5 percent pH-balanced AHA complex for smoother, firmer-looking skin.

Skin Type: Normal, Dry, Combination, and Oily

Skincare Concerns: Pores, Dullness, and Uneven Texture

Formulation: Mask

Highlighted Ingredients:
- pH-Balanced AHA Complex 2.5%: As efficacious as 10% glycolic acid to exfoliate while maintaining the skin barrier.
- Seven Weights of Hyaluronic Acid: Intensely hydrate skin layer by layer for plump-, bouncy-looking skin.
- Niacinamide and Quinoa Peptide: Minimizes the look of discoloration while visibly firming and brightening.

Ingredient Callouts: This product is vegan, cruelty-free, and comes in recyclable packaging.

What Else You Need to Know: This clinically effective formula, inspired by the original Watermelon Glow Sleeping Mask, visibly resets skin overnight with a concentrated 2.5 percent, pH-balanced AHA complex to exfoliate without irritation while multi-weight hyaluronic acid, niacinamide, quinoa peptide, and watermelon enzymes hydrate, visibly brighten, and firm the look of skin.

Clinical Results:
In a clinical study, after 1 night of use*:
96% agreed skin has long lasting hydration
93% agreed skin:
- Looks glowing and radiant
- Looks better the morning after
- Feels smoother
- Feels firmer
*Based on consumer perception on 32 subjects when used as directed
-97% of subjects showed a significant improvement in texture and skin tone evenness**
**In a clinical study with 31 subjects using the product 3x/week for 4 weeks""

Clean & Planet Aware
Our ambitious curation of beauty made without controversial ingredients from brands dedicated to making meaningful environmental commitments, including sustainable ingredients and sourcing, packaging, corporate commitments, and consumer transparency.
Show less","-pH-Balanced AHA Complex 2.5%: As efficacious as 10% glycolic acid to exfoliate while maintaining the skin barrier.
-Seven Weights of Hyaluronic Acid: Intensely hydrate skin layer by layer for plump-, bouncy-looking skin.
-Niacinamide and Quinoa Peptide: Minimizes the look of discoloration while visibly firming and brightening.

Water/Aqua/Eau, Propanediol, C9-12 Alkane, Glycerin, Niacinamide, Citrullus Lanatus (Watermelon) Fruit Extract, Sea Water/Maris Aqua/Eau de mer, Glycolic Acid*, Lactic Acid*, Sodium Hyaluronate, Chenopodium Quinoa Seed Extract, Lactobacillus/Watermelon Fruit Ferment Extract, Lens Esculenta (Lentil) Fruit Extract, Pyrus Malus (Apple) Fruit Extract, Leuconostoc Ferment Filtrate, Melia Azadirachta Leaf Extract, Moringa Oleifera Seed Oil, Leuconostoc/Radish Root Ferment Filtrate, Eclipta Prostrata Extract, Sodium PCA, Saccharide Isomerate, Hydroxyacetophenone, Polysorbate 60, Hydroxyethylcellulose, Ammonium Acryloyldimethyltaurate/VP Copolymer, Caprylyl Glycol, 1,2-Hexanediol, Cetearyl Alcohol^, Sodium Magnesium Silicate, Sodium Lactate, Xanthan Gum, Sodium Citrate, Disodium Phosphate, Sodium Phosphate, Coco-Caprylate/Caprate, Potassium Sorbate, Sodium Benzoate, Citric Acid, Sodium Hydroxide, Fragrance/Parfum**.

*pH-Balanced AHA Complex, as efficacious as 10% Glycolic Acid
**100% Naturally Derived
^Conditioning Alcohol

The list of ingredients is subject to change, please consult the packaging of the product purchased.","Suggested Usage:
-Apply a generous amount as the final step of your evening routine and pat gently until absorbed.
-In the morning, follow with your daily AM routine, beginning with cleansing.
-Use two or three times per week, or as needed.

Pro tip:
-For a minimal yet effective PM routine, cleanse, tone, and finish with Watermelon Night Treatment as your final, hydrating step.
-During the day, follow with sunscreen after moisturizer.

Recycling Instructions:
-Remove the cap and the plastic inner lid.
-Wash the glass jar with hot water to fully remove any remaining product, and dry thoroughly.
-Upcycle the glass jar or recycle it along with the plastic cap and inner lid per your local community guidelines. Glow Recipe also offers a Recycling Send-Back Program with their partner TerraCycle® for products that cannot be recycled locally. Just request your recycling envelope at https://www.terracycle.com/en-US/brigades/glow-recipe."
P515315,OUAI,Detox Face Cleanser Cape Town,Cleansers,Face Wash & Cleansers,$30.00,Size: 7.8 oz / 231 ml,https://www.sephora.com/productimages/sku/s2841120-main-zoom.jpg?imwidth=160,969,"Item 2841120
What it is: A face cleanser that intensely cleans and is gentle on skin to never dry, strip, or leave you feeling tight—but is tough on sweat, oil, and makeup.

Skin Type: Normal, Dry, Combination, and Oily

Skincare Concerns: Dryness, Dullness, and Oiliness

Formulation: Liquid

Highlighted Ingredients:
- Glycolic Acid (AHA): Gently exfoliates.
- Niacinamide (Vitamin B3): Helps balance oil production.
- Gluconolactone (PHA): Hydrates the skin by attracting and retaining moisture.

Ingredient Callouts: Free of parabens, formaldehydes, formaldehyde-releasing agents, phthalates, mineral oil, retinyl palmitate, oxybenzone, coal tar, hydroquinone, sulfates SLS & SLES, triclocarban, and triclosan. It is also vegan, gluten-free, and cruelty-free.

What Else You Need to Know: After sweat-testing for a year with the OUAI community, Detox Face Cleanser is here. It’s made with Niacinamide (Vitamin B3) to help balance oil production while Glycolic acid (AHA) and Gluconolactone (PHA) work to gently exfoliate and help your skin retain moisture so you never feel dry or tight.
Show less","-Glycolic Acid (AHA): Gently exfoliates.
-Niacinamide (Vitamin B3): Helps balance oil production.
-Gluconolactone (PHA): Hydrates the skin by attracting and retaining moisture.

Aqua (Water, Eau), Sodium Lauroyl Methyl Isethionate, Cocamidopropyl Betaine, Acrylates Copolymer, Glycerin, Aphanizomenon Flos-Aquae Extract, Rose Extract, Leuconostoc/Radish Root Ferment Filtrate, Hydrogenated Starch Hydrolysate, Pvm/Ma Copolymer, Glycolic Acid, Hydroxyacetophenone, Niacinamide, Ascorbic Acid, Cocos Nucifera (Coconut) Water, Trehalose, Maltodextrin, Tocopherol, Gluconolactone, Glyceryl Acrylate/Acrylic Acid Copolymer, Trisodium Ethylenediamine Disuccinate, Ethylhexylglycerin, Citric Acid, Tetrasodium Glutamate Diacetate, Sodium Hydroxide, Phenoxyethanol, Potassium Sorbate, Sodium Benzoate, Parfum (Fragrance).","Suggested Usage:
-Apply to damp skin.
-Massage into a creamy lather.
-Rinse a-OUAI to leave skin feeling refreshed."
P517106,YSE Beauty,Your Favorite Ex™ Gentle Enzymatic and Physical Exfoliating Gel,Cleansers,Exfoliators,$58.00,Size: 2.5 oz/75 mL,https://www.sephora.com/productimages/sku/s2886281-main-zoom.jpg?imwidth=160,21,"Item 2886281
NEW
ONLY AT SEPHORA
What it is: A gentle, barrier-safe exfoliating gel that dissolves buildup and buffs skin smooth in as little as two minutes.

Skin Type: Normal, Dry, Combination, and Oily

Skincare Concerns: Fine Lines and Wrinkles, Pores, and Dullness

Formulation: Gel

Highlighted Ingredients:
- Pineapple and Papaya Enzymes: Dissolve dull, dead skin cells without irritation.
- Cellulose Acetate: Provides gentle exfoliation, lifting away dead skin cells.
- Squalane: Helps maintain essential hydration, locking in moisture to restore skin.

Ingredient Callouts: This product is vegan and cruelty-free.

What Else You Need to Know: This gentle-yet-effective formula uses a combination of enzymatic and physical exfoliation to dissolve buildup and buff skin smooth—all in as little as two minutes. Immediately after use, skin looks brighter, smoother, and more even. It’s also shown to support the skin barrier.

Clinical Results: In a consumer-perception study with 30 women, after 7 days of use:
- 100% saw improved skin brightness and agreed skin looked smoother
- 96% saw improved skin texture
- 93% agreed the appearance of pores was improved
Show less","-Pineapple and Papaya Enzymes: Dissolve dull, dead skin cells without irritation.
-Cellulose Acetate: Provides gentle exfoliation, lifting away dead skin cells.
-Squalane: Helps maintain essential hydration, locking in moisture to restore skin.

Aqua/Water/Eau, Cellulose Acetate, Betaine, Glycerin, Pyrus Malus (Apple) Fruit Extract, Decyl Glucoside, Ammonium Polyacryloyldimethyl Taurate, Squalane, Tocopherol, Hibiscus Sabdariffa Flower Extract, Passiflora Edulis Fruit Extract, Guar Hydroxypropyltrimonium Chloride, Phenoxyethanol, Polyglyceryl-6 Caprylate, Polyglyceryl-3 Cocoate, Polyglyceryl-4 Caprate, Polyglyceryl-6 Ricinoleate, Chlorphenesin, Sorbitan Sesquioleate, Ethylhexylglycerin, T-Butyl Alcohol, Citric Acid, Sodium Phytate, Bromelain, Papain, 1,2-Hexanediol.","Suggested Usage:
-After cleansing, apply to damp skin.
-Gently massage into skin in a circular motion using light pressure.
-Avoid the eye area.
-Let sit for up to two minutes.
-Rinse and gently pat dry.
-Can be used on the face, neck, and décolletage. For best results, follow with serum and/or moisturizer."
P513592,Biossance,Pro-Peptide™ Hydrating Lip Perfector Balm with Hyaluronic Acid,Lip Balms & Treatments,,$18.00,,,,,,
P515779,The Outset,Lip Oasis™ Glossy Treatment,Lip Balms & Treatments,,$28.00,Size: 1 / 1,https://www.sephora.com/productimages/sku/s2816957-main-zoom.jpg?pb=clean-planet-aware&imwidth=160,30,"Item 2816957
What it is: An ultra-rich treatment balm packed with powerful botanical oils to nourish dry skin while helping to rescue and protect the skin barrier.

Skin Type: Normal, Dry, Combination, and Oily

Skincare Concerns: Dryness and Loss of Firmness and Elasticity

Formulation: Balm

Highlighted Ingredients:
- Polyglycerides: Hydrates skin, reduces the look of fine lines, improves skin barrier, and protects from damage.
- Maxi-Lip™️: Moisturizes, visibly firms, defines lips, and is clinically shown to boost collagen.
- Squalane: Provides moisture, reduces fine lines, and boosts cell turnover.

Ingredient Callouts: Free of parabens, formaldehydes, formaldehyde-releasing agents, phthalates, mineral oil, retinyl palmitate, oxybenzone, coal tar, hydroquinone, sulfates SLS & SLES, triclocarban, triclosan, and contains less than one percent synthetic fragrance. It is also gluten-free and cruelty-free.

What Else You Need to Know: This cushiony lip treatment hydrates and visibly plumps without stickiness, featuring clinically proven humectants, peptides, and squalane. MaxiLip™ technology adds visible volume and contour over time, giving you lasting shine and a perfect pout.

Clinical Results: Based on a clinical study when used at least 3x per day after 4 weeks:
-Boosts lip hydration by 48% in just 4 weeks
-Clinically proven to enhance lip skin barrier function by 25%
Show less","-Polyglycerides: Hydrates skin, reduces the look of fine lines, improves skin barrier, and protects from damage.
-Maxi-Lip™️: Moisturizes, visibly firms, defines lips, and is clinically shown to boost collagen.
-Squalane: Provides moisture, reduces fine lines, and boosts cell turnover.

Oleic/Linoleic/Linolenic Polyglycerides, Squalane, Shea Butter Ethyl Esters, Polyglyceryl-3 Diisosterate, Synthetic Beeswax, Cassia Angustifolia Seed Polysaccharide, Helianthus Annuus (Sunflower) Seed Oil, Lactic Acid, Palmitoyl Tripeptide-1, Tribehenin, Ethylhexyl Palmitate, Sorbitan Isostearate, Pentaerythrityl Tetra-di-t-butyl Hydroxyhydrocinnamate, Phenoxyethanol, Hydroxyethylcellulose, Water.","Suggested Usage:
-Apply to lips as needed for extra hydration and shine—alone or over your favorite lip liner.
-Tilt, fill, and squeeze for glass lips in one swipe.
-For nourished lips and gentle plumping, use at least three times per day, every day.

Recycling Instructions:
-Our packaging is designed to minimize excess waste and incorporate post-consumer recycled materials as much as possible. The Outset is a proud member of 1% for the Planet and pledge a portion of proceeds to environmental causes.
-Aluminum tin is fully recyclable.
-Carton made from fully recyclable FSC-certified paper.
-Please note: recycling is subject to local policies and facilities."
P513600,Dr. Barbara Sturm,"Super Anti-Aging Dual Serum with Triple Hyaluronic Acid, Glutathione, Skullcap + Ceramide-Peptide Complex",Treatments,Face Serums,$430.00,Size: 1.69 oz / 50 ml,https://www.sephora.com/productimages/sku/s2790178-main-zoom.jpg?imwidth=160,4,"Item 2790178
What it is: A new, dual-phase serum with the Super Anti-Aging Serum in Phase One and a ceramide-peptide complex to visibly diminish signs of aging and promote skin longevity in Phase Two.

Skin Type: Normal, Dry, and Combination

Skincare Concerns: Fine Lines and Wrinkles, Dryness, and Loss of Firmness and Elasticity

Formulation: Serum

Highlighted Ingredients:
- Triple Hyaluronic Acid: Hydrates intensely, retains moisture, and provides a rapid, visible plumping effect.
- Biomimetic Polypeptides: Shown in in-vitro studies to support collagen and elastin within as few as seven days.
- Skin Identical Ceramides: Boost skin barrier function for a smoother, more refined appearance.

Ingredient Callouts: Free of parabens, formaldehydes, formaldehyde-releasing agents, phthalates, mineral oil, retinyl palmitate, oxybenzone, coal tar, hydroquinone, sulfates SLS & SLES, triclocarban, triclosan, and contains less than one percent synthetic fragrance. It is also vegan, gluten-free, and cruelty-free.

What Else You Need to Know: This serum works at a molecular level to prevent and target visible changes to the skin associated with biological aging, including fine lines and wrinkles, loss of elasticity, uneven skin tone and texture, dehydrated skin, and dullness. Skin looks and feels firmer, younger, and healthier.
Show less","-Triple Hyaluronic Acid: Hydrates intensely, retains moisture, and provides a rapid, visible plumping effect.
-Biomimetic Polypeptides: Shown in in-vitro studies to support collagen and elastin within as few as seven days.
-Skin Identical Ceramides: Boost skin barrier function for a smoother, more refined appearance.

Aqua/Water/Eau, Dibutyl Adipate, Butylene Glycol, Dicaprylyl Ether, Pentylene Glycol, Squalane, Glycerin, Polygonum Bistorta Root Extract, Theobroma Cacao (Cocoa) Seed Butter, Cetyl Palmitate, Lactobacillus/Portulaca Oleracea Ferment Extract, Panthenol, Sodium Hyaluronate, Tocopherol, Triethyl Citrate, Ceramide NP, Ceramide AP, Cholesterol, Phytosphingosine, Biosaccharide Gum-1, Leuconostoc/Radish Root Ferment Filtrate, Baicalin, Caprylyl Glycol, Glutathione, Ceramide EOP, Oligopeptide-1, Propanediol, Disodium Cetearyl Sulfosuccinate, Sucrose Distearate, Butyrospermum Parkii (Shea) Butter, Xanthan Gum, Polyglyceryl-10 Stearate, Sclerotium Gum, Helianthus Annuus (Sunflower) Seed Oil, Polyglyceryl-6 Behenate, Hexylene Glycol, Behenic Acid, Cetearyl Alcohol, Glyceryl Stearate, Sodium Levulinate, Sodium Cetearyl Sulfate, Ethylhexylglycerin, Citric Acid, Pantolactone, Phenoxyethanol, Potassium Sorbate.","Suggested Usage:
-Use once or twice daily.
-Apply gently to cleansed skin on the face, neck, and décolleté.
-Follow with your preferred Dr. Barbara Sturm face cream."
P510578,LANEIGE,Mini Water Bank Blue Hyaluronic Intensive Moisturizer with Peptides + Squalane,Moisturizers,Face Creams,$22.00,Size: .67 oz / 20 ml,https://www.sephora.com/productimages/sku/s2743219-main-zoom.jpg?imwidth=160,73,"Item 2743219
ONLY AT SEPHORA
What it is: A rich, replenishing moisturizer that comforts sensitive and extra dry skin types & nourishes the skin’s moisture barrier—an essential Korean skincare step for lasting hydration.

Skin Type: Normal, Dry, Combination, and Oily

Skincare Concerns: Dryness, Dullness, and Loss of Firmness and Elasticity

Formulation: Rich Cream

Highlighted Ingredients:
- Blue Hyaluronic Acid (Blue HA): Delivers effective, long-lasting hydration.
- Omega Peptide Complex: Helps improve the look of skin elasticity and nourish skin’s moisture barrier.
- Squalane: Acts as a moisturizing ingredient that mimics skin’s natural lipids.

Ingredient Callouts: Free of parabens, formaldehydes, formaldehyde-releasing agents, phthalates, mineral oil, retinyl palmitate, oxybenzone, coal tar, hydroquinone, sulfates SLS & SLES, triclocarban, triclosan, and contains less than one percent synthetic fragrance. It is also gluten-free.

What Else You Need to Know: This rich balm-cream contains micro-sized Blue Hyaluronic Acid - known for its ability to absorb better and faster for intense, lasting hydration. Enriched with Omega Peptide Complex, Squalane, and purified Cica, this cream offers soothing, nourishing moisture. It's also dermatologist-tested and suitable for eczema-prone skin, ideal for those seeking gentle but effective hydration in their Korean skincare routine.

Clinical Results: Based on the self-assessment survey portion of a 4-week clinical study on 32 women ages 20-49, after 4 weeks of use:
- 96% agreed skin was visibly softer, smoother, and more resilient
- 90% agreed the product felt like it repaired the skin's moisture barrier
- 90% agreed dryness-induced itchiness was relieved

Based on a 4-week clinical study on 32 women ages 20-49,
- 87% agreed dryness-induced flakiness was relieved

Based on skin hydration analysis on stratum corneum samples taken from 15 sequential tape-stripping of the skin surface:
- Adds 15 layers of hydration to help skin retain moisture longer

Based on instrumental TEWL and tape-stripping test on 32 women ages 20 to 49:
- Helps repair the skin’s moisture barrier in 30 minutes
Show less","-Blue Hyaluronic Acid (Blue HA): Delivers effective, long-lasting hydration.
-Omega Peptide Complex: Helps improve the look of skin elasticity and nourish skin’s moisture barrier.
-Squalane: Acts as a moisturizing ingredient that mimics skin’s natural lipids.

Water/Aqua/Eau, Butylene Glycol, Cetearyl Alcohol, Glycerin, Hydrogenated Poly(C6-14 Olefin), Diethylhexyl Succinate, 1,2-Hexanediol, Glyceryl Stearate Se, Phytosteryl/Behenyl/Octyldodecyl Lauroyl Glutamate, Triolein, Glyceryl Stearate, Squalane, Methyl Trimethicone, Isononyl Isononanoate, Myristyl Myristate, C10-18 Triglycerides, Lactobacillus Ferment Lysate, Cetearyl Glucoside, Carbomer, Hydroxyethyl Acrylate/Sodium Acryloyldimethyl Taurate Copolymer, Sodium Stearoyl Glutamate, Tromethamine, Niacinamide, Sodium Metaphosphate, Glyceryl Caprylate, Propanediol, Ethylhexylglycerin, Ceramide Np, Fragrance / Parfum, Caprylyl Glycol, Hydrolyzed Hyaluronic Acid, Sorbitan Isostearate, Sodium Hyaluronate, Dextrin, Asiaticoside, Carthamus Tinctorius (Safflower) Flower Extract, Madecassic Acid, Asiatic Acid, Theobroma Cacao (Cocoa) Extract, Tocopherol, Sodium Hyaluronate Crosspolymer, Hyaluronic Acid, Vegetable Oil / Olus Oil / Huile Végétale, Adenium Obesum Leaf Cell Extract, Sodium Acetylated Hyaluronate, Acetyl Tetrapeptide-2, Undaria Pinnatifida Extract.","Suggested Usage:
-Apply evenly to face AM and PM after cleansing, toning, and serum."
P434336,KORA Organics,Mini Noni Glow Radiant Face Oil with Antioxidants,Mini Size,,$30.00,Size: 0.34 oz/ 10 mL,https://www.sephora.com/productimages/sku/s2120491-main-zoom.jpg?pb=clean-at-sephora&imwidth=160,1.3K,"Item 2120491
ONLY AT SEPHORA
Which skin type is it good for?
✔ Normal
✔ Oily
✔ Combination
✔ Dry
✔ Sensitive

What it is:
A rich, powerful, yet delicate treatment oil designed for the face and neck.

Solutions for:
- Dullness and uneven texture
- Uneven skin tone

If you want to know more…
This moisturizing oil is made with certified organic noni extract, rosehip oil, pomegranate oil and sea buckthorn oil, which combine to create a rich source of antioxidants and essential fatty acids. The formula is designed to absorb quickly into dehydrated skin to smooth, nourish, and brighten while providing a natural glow. Skin feels softer, smoother, well-hydrated, and plumper, and the visible effects of sun damage and scarring appear diminished. The oil also assists in boosting natural radiance and creating a more even tone.

What else you need to know:
""This is my number one favorite product and secret travel companion. It’s a super nourishing treatment oil that is great for all skin types, and especially good for sensitive skin. I use it religiously every night and my skin is glowing in the morning. I also never travel without it and apply it throughout the flight to keep my skin hydrated.""Miranda Kerr, Brand Founder

This oil balances the pH levels in your skin and is also free of synthetic fragrance, synthetic colors, T.E.A., D.E.A., glycols, silicones, PEGs, ethoxylate, and formaldehyde. KORA Organics products are certified organic and certified natural in accordance with COSMOS strict standards. Product color and scent may vary due to the use of organic ingredients.

Research results:
In a consumer product test of 31 women, age 26-50 with range of normal, combination and dry skin types over 4 weeks with twice daily use after cleansing:

After 1 week:
- 87% Noticed that their skin looked brighter and more radiant

After 2 weeks:
- 93% Noticed their skin appears more even-toned, with enhanced clarity
- 95% Noticed that any uneven or dry skin texture was visibly smoother

After 4 weeks:
- 83% Noticed any fine lines around the eye area appeared visibly softened
- 93% Said noticeable improvement in the visible appearance of skin imperfections
- 96% Saw visible improvement in skin looking healthier and more glowing
- 100% Saw noticeable improvement in skin bounce and improved elasticity



Clean at Sephora is our commitment to offering effective products without certain ingredients, such as parabens, sulfates, phthalates, and mineral oils. Learn more here.
Show less","Rosa Canina (Rosehip) Fruit Oil*, Simmondsia Chinensis (Jojoba) Seed Oil*, Caprylic/capric Triglyceride, Helianthus Annuus (Sunflower) Seed Oil *, Tocopherol, Hippophae Rhamnoides (Seabuckthorn) Seed Oil*, Punica Granatum (Pomegranate) Seed Oil*, Rosa Damascena Flower Oil, Jasminum Officinale (Jasmine) Flower/Leaf Extract, Lavandula Angustifolia (Lavender) Flower/leaf/stem Extract, Eugenia Caryophyllus (Clove) Flower Extract, Vitis Vinifera (Grape) Fruit Extract, Pelargonium Graveolens Flower Oil, Morinda Citrifolia (Noni) Fruit Extract *, Citronellol**, Geraniol**, Linalool**, Benzyl Benzoate**.
*Organic **From essential oils.
100% natural origin of total. 99.28% organic of total. COSMOS ORGANIC certiﬁed by ECOCERT Greenlife according to COSMOS Standard available at http://COSMOS.ecocert.com
***This ingredient list is subject to change. Customers should refer to product packaging for the most up-to-date ingredient list.***



The list of ingredients is subject to change, please consult the packaging of the product purchased.","Suggested Usage:
-Warm a few drops in the palms of your hands and apply over the face, neck and décolletage after cleansing and before moisturizing.
-To restore skin to its optimum beauty, use as a daily nourishing treatment.

Precautions:
-For cosmetic use only.
-If irritation occurs discontinue use.
-Store below 30°C / 86°F.
-External use only. Keep out of reach of children.
-Avoid contact with eyes.
-Patch test on the inside of the wrist to ensure skin compatibility.
-Refer to koraorganics.com for further information on ingredients and the use of essential oils."
P482746,Supergoop!,PLAY 100% Mineral Sunscreen Lotion SPF 30 with Green Algae,Sunscreen,Face Sunscreen,$38.00,Size: 3.4 oz/ 100 mL,https://www.sephora.com/productimages/sku/s2535755-main-zoom.jpg?pb=clean-at-sephora&imwidth=160,25,"Item 2535755
What it is: A lightweight, 100 percent-mineral sunscreen lotion for face and body that's blendable, quick to absorb, gentle on sensitive skin, and perfect for a day of play.

Skin Type: Normal, Dry, Combination, and Oily

Skincare Concerns: Fine Lines and Wrinkles, Redness, and Loss of Firmness and Elasticity

Formulation: Cream

Highlighted Ingredients:
- Green Algae Extract: Protects against IRA (infrared-A) and reduces visible effects of free radicals.
- Tucuma Butter: Nourishes and protects skin.

Ingredient Callouts: This product is vegan, gluten-free, and cruelty-free.

What Else You Need to Know: This feel-good, 100 percent-mineral sunscreen is perfect for your active days. It's water- and sweat-resistant with broad-spectrum protection against UV rays. Made with sensitive skin in mind, the non-nano zinc oxide formula contains clean ingredients that gently nourish skin from head to toe.



Clean at Sephora is our commitment to offering effective products without certain ingredients, such as parabens, sulfates, phthalates, and mineral oils. Learn more here.
Show less","-Green Algae Extract: Protects against IRA (infrared-A) and reduces the visible effects of free radicals.
-Tucuma Butter: Nourishes and protects skin.

Zinc Oxide 16.0%, Arachidyl Alcohol, Arachidyl Glucoside, Astrocaryum Vulgare Kernel Oil, Behenyl Alcohol, Bisabolol, Butyloctyl Salicylate, C13-14 Alkane, Caprylhydroxamic Acid, Caprylic/Capric Triglyceride, Capryloyl Glycerin/Sebacic Acid Copolymer, Caprylyl Glycol, Cellulose Gum, Cetearyl Alcohol, Cetyl Alcohol, Citric Acid, Coco-Glucoside, Diheptyl Succinate, Erythritol, Ethyl Ferulate, Glycerin, Haematococcus Pluvialis Extract, Jojoba Esters, Lauryl Laurate, Methyl Dihydroabietate, Microcrystalline Cellulose, Neopentyl Glycol Diheptanoate, Polyester-7, Polyester-8, Polyhydroxystearic Acid, Propanediol, Sea Water, Sodium Gluconate, Sodium Stearoyl Glutamate, Tocopherol, Water.

.

The list of ingredients is subject to change, please consult the packaging of the product purchased.","Suggested Usage:
-Apply generously and evenly 15 minutes before sun exposure.
-Reapply at least every two hours or after 80 minutes of swimming or sweating.

Pro Tip:
-Allow to dry and ""set"" before swimming or sweating."
P504815,,,,,,,,,,,
P468406,Shiseido,Vital Perfection Intensive WrinkleSpot Treatment,Treatments,Face Serums,$100.00,Size: 20 mL,https://www.sephora.com/productimages/sku/s2435253-main-zoom.jpg?imwidth=160,1,"Item 2435253
What it is: A targeted spot treatment cream, with rapid pure retionol technology, that visibly improves deep wrinkles and dark spots.

Skin Type: Normal, Dry, Combination, and Oily

Skincare Concerns: Dark Spots, Fine Lines and Wrinkles, and Loss of Firmness and Elasticity

Formulation: Cream

Highlighted Ingredients:
- Pure Retinol: Supports the skin’s natural production of hyaluronic acid for greater resilience against visible signs of aging and fatigue.
- 4MSK: Inhibits the appearance of melanin (the cause of dark spots) while visibly reducing accumulated melanin in the skin for a more even-looking tone.
- KURENAI-TruLift Complex: Visibly strengthens and energizes for lifted-looking skin.

Ingredient Callouts: Free of parabens, phthalates, and hydroquinone.

What Else You Need to Know: In as little as four weeks, this two-in-one formula diminishes the appearance of smile lines, deep wrinkles, and dark spots, revealing a visibly smoother, firmer, and brighter complexion—without causing irritation.

Clinical Results: In an 8-week test on 108 women, ages 45 to 59, in the US:

After 4 weeks of use:
- It visibly improved roughness and decreased forehead wrinkles

After 8 weeks of use:
- It visibly improved crow’s feet and smile lines
Show less","-Pure Retinol: Supports the skin’s natural production of hyaluronic acid for greater resilience against visible signs of aging and fatigue.
-4MSK: Inhibits the appearance of melanin (the cause of dark spots) while visibly reducing accumulated melanin in the skin for a more even-looking tone.
-KURENAI-TruLift Complex: Visibly strengthens and energizes for lifted-looking skin.

Water (Aqua/Eau), Pentaerythrityl Tetraethylhexanoate, Dipropylene Glycol, Hydrogenated Polydecene, Glycerin, Betaine, Behenyl Alcohol, Dimethicone, Potassium Methoxysalicylate, Petrolatum, Hydrogenated Palm Oil, Stearyl Alcohol, Maltitol, Beheneth-20, Elaeis Guineensis (Palm) Kernel Oil, Phenoxyethanol, Butylene Glycol, Elaeis Guineensis (Palm) Oil, Copernicia Cerifera (Carnauba) Wax (Copernicia Cerifera Cera/Cire De Carnauba), Hydrogenated Polyisobutene, Polyvinyl Alcohol, Microcrystalline Wax (Cera Microcristallina/Cire Microcristalline), Fragrance (Parfum), Carbomer, Tocopheryl Acetate, Rosa Damascena Flower Water, Xanthan Gum, BHT, Retinol, Polysorbate 20, Alcohol, Caffeine, Potassium Hydroxide, Lavandula Angustifolia (Lavender) Oil, Trisodium EDTA, PPG-3 Dipivalate, Limonene, Tocopherol, Hexyl Cinnamal, Linalool, Glycyrrhiza Glabra (Licorice) Root Extract, Citronellol, Angelica Acutiloba Root Extract, Angelica Keiskei Leaf/Stem Extract, Olea Europaea (Olive) Leaf Extract, Sanguisorba Officinalis Root Extract, Lamium Album Flower/Leaf/Stem Extract, Camellia Sinensis Leaf Extract, Inositol, Carthamus Tinctorius (Safflower) Flower Extract, Pinus Sylvestris Cone Extract, Ziziphus Jujuba Fruit Extract, Retinyl Acetate, Helianthus Annuus (Sunflower) Seed Oil, Rosmarinus Officinalis (Rosemary) Leaf Extract (Rosmarinus Officinalis Leaf Extract), Cellulose, Beta-Carotene (CI 75130), Cinnamomum Cassia Bark Extract, Citric Acid, Bupleurum Falcatum Root Extract.","Suggested Usage:
-Use morning and night as your last skincare step.
-Using your fingertips, gently smooth a small amount onto areas of concern, like around your eyes and mouth and on your neck and wrinkles."
P433618,Shiseido,Clarifying Cleansing Foam,Cleansers,Face Wash & Cleansers,$36.00,Size: 4.6 oz / 125 ml,https://www.sephora.com/productimages/sku/s2100071-main-zoom.jpg?imwidth=160,143,"Item 2100071
What it is: A creamy, foaming facial cleanser that whisks away makeup, visible impurities, and skin-dulling surface cells to reveal smooth, radiant results.

Skin Type: Normal, Dry, and Combination

Skincare Concerns: Dryness, Dullness, and Uneven Texture

Formulation: Lightweight Cream

Highlighted Ingredients:
- White Clay: Absorbs excess sebum and visible impurities.
- Yomogi Extract: Helps prevent skin roughness and promotes radiance.
- Pure Kirishima Mineral Spring Water: Helps supplement skin’s essential minerals.

Ingredient Callouts: Free of parabens, formaldehydes, phthalates, mineral oil, retinyl palmitate, oxybenzone, coal tar, hydroquinone, triclocarban, and triclosan.

What Else You Need to Know: This daily, foaming face wash is infused with signature Japanese ingredients. It removes dirt and pollutants without stripping skin of essential moisture and promotes radiance for a soft, supple finish. It also lathers and rinses off easily.

Clinical Results: In a test done by 106 women, immediately after use:
- 94% felt this cleanser softens skin and lifts away dirt and impurities
- 90% felt this cleanser removes pollutants

After 2 weeks:
- 86% felt skin's radiance improved
- 86% felt this cleanser promotes smooth absorption of skincare treatments that follow
Show less","-White Clay: Absorbs excess sebum and impurities.
-Yomogi Extract: Prevents roughness and promotes radiance.
-Rice Germ Oil: Softens and lifts away impurities.

Water(Aqua/Eau), Stearic Acid, Peg-8, Myristic Acid, Glycerin, Potassium Hydroxide, Dipropylene Glycol, Lauric Acid, Glyceryl Stearate Se, Sorbitol, Cocamidopropyl Betaine, Peg-60 Glyceryl Isostearate, Sodium Methyl Cocoyl Taurate, Phytosteryl Macadamiate, Fragrance (Parfum), Polyquaternium-39, Disodium Edta, Oryza Sativa (Rice) Germ Oil, Linalool, Geraniol, Citronellol, Kaolin, Sodium Benzoate, Butylene Glycol, Acrylates Copolymer, Betaine, Silk Powder (Serica/Poudre De Soie), Tocopherol, Sodium Acetylated Hyaluronate, Artemisia Princeps Leaf Extract, Sodium Lauryl Sulfate.","Suggested Usage:
-Use daily, in the morning and evening, as the first step in your skincare routine.
-Wet skin with lukewarm water.
-Dispense a pearl-size amount of cleanser onto dampened hands and rub hands together to create a lather.
-Massage over your face with gentle, circular motions, then rinse thoroughly with lukewarm water."
P433443,belif,Aqua Bomb Sleeping Mask,Moisturizers,Night Creams,$38.00,Size: 2.53 oz/ 75 mL,https://www.sephora.com/productimages/sku/s2111649-main-zoom.jpg?imwidth=160,1K,"Item 2111649
What it is: An innovative jelly-pudding sleeping mask that replenishes and revives dry, fatigued skin with explosive hydration for a smooth, supple look and a healthy glow.

Skincare Types: Normal, Oily, Combo, Dry, Sensitive

Skincare Concerns: - Dryness, Dullness

What Else You Need to Know: 
Bringing Korean skincare innovation to another level, this pillow-proof overnight mask features a “memory” formula that blankets the contours of skin with an explosive burst of hydration for smoother, supple-looking skin and a healthy glow.

Research Results:
In a 14-day consumer test:
- 96.7% of people felt that the texture of their skin felt softer and smoother on the following day after applying the Aqua Bomb Sleeping Mask
-97.8% of people felt immediate cooling effects after applying it
- 95.6% of people felt that the moisture barrier shields moisture loss
- 96.7% of people felt that the moisture (in skin) has been replenished overnight
Show less","-Napiers Aqua formula: Ultra-hydrating formula boosts hyaluronic acid.
-Lady's Mantle: Moisturizing herb used since medieval times by European women to keep their complexion smooth and youthful.
-Scottish Heather: Soothing herb known for its anti-inflammatory properties.

Water, Dipropylene Glycol, Polyglycerin-3, 1,2-Hexanediol, Glycerin, PEG-240/HDI Copolymer Bis-Decyltetradecet-20 Ether, Polymethylsilsequioxane, Calluna Vulgaris Extract, Dispacus Sylvestris Extract, Crysanthemum Parthenium (Feverfew) Extract, Avena Sative (Oat) Kernel Extract*, CAlendula Officinalis Flower Extract*, Nepeta Cataria Extract*, Rubus Idaeus (Raspberry) Leaf Extract*, Baptisia Tinctoria Root Extract*, Stellaria Media (Chickweed( Extract*+, Malt Extract, Triticum Vulgare (Wheat) Sprout Extract, Alchemilla Vulgaris Leaf Extract+, Equisetum Arvense Leaf Extract+, UrticaDioicia (Nettle) Leaf Extract+, Melia Azadirachta Leaf Extract, Melia Azadirachta Flower Extract,Coccinia Indica Fruit Extract, Solanum Melongena (Eggplant) Fruit Extract, Aloe Barbadensis Flower Extract, Simmondsia Chinesis (Jojoba) Seed Oil, Ocimum Sanctum Leaf Extract, Curcuma Longa (Tumeric) Root Extract, Corallina Officinalis Extract, Panthenol, Tocopheryl Acetate, Lauryl Dimethicone/Polyglycerin-3 Crosspolymer, Acrylates/C10-30 Alkyl Acrylate Crosspolymer, Carbomer, Hydroxyethylcellulose, Trisodium EDTA, Tromethamine, Citrus Aurantium Dulcis (Orange) Peel Oil++, Citrus Aurantifolia (Lime) Oil++, Pelargonium Graveolens Flower Oil++, Rosmarinus Officinalis (Rosemary) Leaf Oil++, Citral, Citronellol, Geraniol, Limonene, Linalool. *Napiers original formula. +Napiers aqua formula. ++Fragrances.","Suggested Usage:
-
-After or instead of moisturizer, apply a thin layer evenly across your face.
-Leave on overnight and rinse off in the morning for ultra-hydrated, nourished skin.

Tips:
-Gently massage into skin for extra deep hydration. Use when you want your skin to be smoother and more makeup-ready in the mornings.
-Use after being exposed to extreme wind, heat, or cold to nourish and hydrate skin.
-Store in refrigerator for extra cooling benefits.

Precautions:
-For external use only.
-Avoid contact with the eyes."
P504773,Glossier,Priming Moisturizer Rich Face Cream with Ceramides,Moisturizers,Face Creams,$35.00,Size: 1.7 oz / 50 mL,https://www.sephora.com/productimages/sku/s2649515-main-zoom.jpg?imwidth=160,102,"Item 2649515
ONLY AT SEPHORA
What it is: A rich, fast-absorbing priming moisturizer that reinforces skin's moisture barrier and visibly enhances radiance for a clean-, dewy-, balanced-looking finish.

Skin Type: Normal, Dry, and Combination

Skincare Concerns: Dryness, Dullness, and Uneven Texture

Formulation: Rich Cream

Highlighted Ingredients:
- Glycerin: Hydrates.
- Customized Power Primers: Create a smooth base for makeup.
- Buddleja officinalis Flower Extract: Soothes dry skin and helps defend against photoaging.

Ingredient Callouts: This product is vegan, gluten-free, and cruelty-free.

What Else You Need to Know: This luxurious face cream melts right in, leaving dry skin feeling sumptuous and totally hydrated. Squalane, ceramides, and fatty acids reinforce skin’s moisture barrier, adding visible radiance, while power primers form a smooth base, preparing skin for makeup application.

Show less","-Glycerin: Hydrates.
-Customized Power Primers: Create a smooth base for makeup.
-Buddleja officinalis Flower Extract: Soothes dry skin and defends against photoaging.

Water/Aqua/Eau, Caprylic/Capric Triglyceride, Propanediol, Glycerin, Squalane, Orbignya Oleifera Seed Oil, Cetearyl Olivate, Sorbitan Olivate, Pentaerythrityl Tetraisostearate, Pseudozyma Epicola/Camellia Sinensis Seed Oil Ferment Extract Filtrate, Sodium Hyaluronate Crosspolymer, Ceramide NP, Ceramide AP, Buddleja Officinalis Flower Extract, Lithothamnion Calcareum Extract, Hydroxyacetophenone, Glyceryl Stearate, Xanthan Gum, Hydroxyethyl Acrylate/Sodium Acryloyldimethyl Taurate Copolymer, Cetearyl Alcohol, Acrylates/C10-30 Alkyl Acrylate Crosspolymer, Sodium Acrylate/Sodium Acryloyldimethyl Taurate Copolymer, Polyisobutene, Amylopectin, Potassium Hydroxide, Polysorbate 60, Sorbitan Isostearate, Caprylyl/Capryl Glucoside, Sorbitan Oleate, Caprylyl Glycol, 1,2-Hexanediol, Pentylene Glycol, Potassium Sorbate, Sodium Benzoate, Lactic Acid.","Suggested Usage:
-Massage into skin after cleansing in the morning and at night.
-Use as a primer by moisturizing before applying makeup.
-For extra-flaky skin, massage in with upward and outward strokes."
P515009,PATTERN by Tracee Ellis Ross,Mini Palo Santo Curl Mousse for Curls & Coils,Hair Styling & Treatments,Hair Styling Products,$14.00,Size: 4 oz / 118.3 mL,https://www.sephora.com/productimages/sku/s2845196-main-zoom.jpg?imwidth=160,26,"Item 2845196
What it is: An ultra-light mousse that defines curly hair while giving weightless volume and touchable hold—perfect for both wash-and-gos and protective styles.
Hair Texture: Wavy, Curly, and Coily
Hair Type: Fine, Medium, and Thick
Hair Concerns:
- Curl-Enhancing
- Hold & Style Extending
- Volumizing
Key Benefits: 
- Delivers pillowy volume and touchable hold
- Adds volume and shine
- Dries quickly and defines curls
Highlighted Ingredients:
- Marshmallow Root and Castor Oil: Maintains softness and smoothness.
Ingredient Callouts: Free of parabens, formaldehydes, formaldehyde-releasing agents, phthalates, mineral oil, retinyl palmitate, oxybenzone, coal tar, hydroquinone, sulfates SLS & SLES, triclocarban, triclosan, and contains less than one percent synthetic fragrance. It is also gluten-free and cruelty-free.
What Else You Need to Know: This one-step foam dries quickly to hold curls and set hairstyles. The weightless Curl Mousse is flake-free and free of drying alcohols. With marshmallow root and castor oil, it gives volume and shine to finger waves, wash-and-gos, and protective styles.
Clinical Results: Based on a 63-subject consumer perception study after 1 week of use:
- 95% agreed that the formula is flake-free
- 92% agreed that Curl Mousse did not leave their hair feeling crunchy
- 90% agreed the Curl Mousse worked great for their hair type
Show less","-Marshmallow Root and Castor Oil: Keep hair soft and smooth.

Water/Aqua/Eau, Polyquaternium-11, PVP, Cocamidopropyl Betaine, Althaea Officinalis Root Extract, Glycerin, Ricinus Communis (Castor) Seed Oil, Argania Spinosa Kernel Oil, Caprylic/Capric Triglyceride, Biotin, Polyglyceryl-4 Caprate, Polyglyceryl-6 Caprylate, Sodium Chloride, C12-18 Acid Triglyceride, Cocamidopropyl Dimethylamine, Sodium Glycolate, Sodium Benzoate, Benzyl Alcohol, Ethylhexylglycerin, Fragrance/Parfum, Benzyl Benzoate, Hexyl Cinnamal, Amyl Cinnamal, Hydroxycitronellal, Linalool, Citronellol, Limonene, Coumarin, Geraniol.","Suggested Usage:
To enhance curls:
-Apply to damp, conditioned hair.
-Evenly distribute from roots to tips.
-Style as desired.
-Air-dry or diffuse.

To set your style:
-Dispense a few pumps into your palms and work evenly throughout strands.
-Add more product as needed.
-Wrap, mold, or set hair.
-Style as usual.

Pro tip:
-For extra moisture and shine, mix in a few drops of Argan or Jojoba Hair & Scalp Oil Blend (each sold separately)."
P509038,Luna Daily,"The Everywhere Oil - For Ingrown Hairs, Redness + Bumps - With Rosehip Oil & Vitamins",Wellness,Feminine Care,$36.00,Size: 1 oz,https://www.sephora.com/productimages/sku/s2552958-main-zoom.jpg?pb=allure-2024-bestofbeauty&imwidth=122,221,"Item 2723161
ONLY AT SEPHORA
What it is: A lightweight body oil clinically proven to target ingrown hairs, redness and bumps, with a blend of 8 natural oils including rosehip oil, bisabolol and jojoba oil and vitamins C, E and F to soothe and deeply hydrate skin.  Formulated to be used anywhere, including intimate skin.

Skin Type: Normal, Dry, Combination, and Oily

Formulation: Oil

Highlighted Ingredients:
- Rosehip Oil: Soothes and smooths skin and pubic hair.
- Bisabolol: Reduces visible redness and irritation.
- Grapeseed Oil: Decreases appearance of scars and stretch marks.

Ingredient Callouts: This product is vegan and cruelty-free.

What Else You Need to Know: Expertly developed body oil specifically for ingrown hairs – blended with naturally derived oils including tamanu oil to soften skin and pubic hair, bisabolol to reduce visible redness, and jojoba oil and rosehip oil to soothe and smooth. Apply to bikini line, armpits, legs, or anywhere that needs extra care or is prone to dryness, including elbows, and cuticles for smooth, soft skin. 

Clinical Results: In a clinical user trial of 102 women of all ages, skin-types, and ethnicities, after just 2 weeks of use, results included:
- 92% agree dry skin is visibly improved
- 85% agree reduced irritation caused by hair removal
- 83% agree reduced redness


Clean at Sephora is our commitment to offering effective products without certain ingredients, such as parabens, sulfates, phthalates, and mineral oils. Learn more here.
Show less","-Rosehip Oil: Soothes and smooths skin and pubic hair.
-Bisabolol: Reduces visible redness and irritation.
-Grapeseed Oil: Decreases appearance of scars and stretch marks.

Helianthus Annuus (Sunflower) Seed Oil, Vitis Vinifera(Grape) Seed Oil, Prunus Amygdalus Dulcis (Organic Sweet Almond) Oil, Cocos Nucifera (Coconut) Oil, Prunus Armeniaca (Apricot) Kernel Oil, Simmondsia Chinensis (Jojoba) Seed Oil, Parfum (Fragrance), Calophyllum Inophyllum (Organic Tamanu) Seed Oil, Rosa Canina (Rosehip) Fruit Oil, Butyrospermum Parkii (Shea) Butter, Olus Oil (Vegetable Oil/Huile Végétale), Bisabolol, Linoleic Acid (Vitamin F), Melaleuca Alternifolia Leaf (Tea Tree) Oil, Camelina Sativa Seed Oil, Linolenic Acid (Vitamin F), Tocopherol (Vitamin E), Tocopheryl Acetate (Vitamin E).



The list of ingredients is subject to change, please consult the packaging of the product purchased.","Suggested Usage:
-Apply one to three drops to your hands or direct to skin and gently massage into your skin.
-Apply daily to intimate skin or anywhere on your body, including dry elbows or cuticles.
-For external use only, the vagina (internal passage) is self-cleaning.
-Luna Daily always recommends patch testing on the inside of your arm 24 hours before use.

Recycling Instructions:
-Rinse the empty bottle to ensure all product is removed.
-Remove the lid.
-Put the bottle and cap into your recycling bin and follow your local recycling guidelines."
P515348,Dr. Dennis Gross Skincare,DermInfusions Fill + Repair Eye Cream,Eye Care,Eye Creams & Treatments,$64.00,Size: .5 oz / 15 ml,https://www.sephora.com/productimages/sku/s2863397-main-zoom.jpg?imwidth=160,238,"Item 2863397
What it is: An ultra-hydrating eye cream with clinically backed, 360° results to visibly fill, firm, brighten, smooth, and lift.

Skin Type: Normal, Dry, Combination, and Oily

Skincare Concerns: Dark Spots, Loss of Firmness and Elasticity, and Dark Circles

Formulation: Cream

Highlighted Ingredients:
- Two Weights of Hyaluronic Acid: Hydrate and visibly plump to reduce the appearance of fine lines.
- Peptide Complex: Visibly reduces dark circles and puffiness while supporting skin elasticity.
- Kakadu Plum: An antioxidant that visibly firms, brightens, and hydrates.

Ingredient Callouts: Free of parabens. It is also cruelty-free.

What Else You Need to Know: Formulated by Dr. Dennis Gross, this eye cream targets six zones—crow’s feet, under-eyes, lids, bunny lines, elevens, and the inner tear trough—to visibly diminish fine lines and tighten skin, combat dark circles, and target the appearance of tired eyes.

Clinical Results: In a 2-week clinical study of 32 participants:
- 93% saw firmer, brighter, smooth skin in 2 weeks
- 90% saw a visibly tighter, firmer 360° eye area in 2 weeks
- 93% said their dark circles improved after 1 week
Show less","-Two Weights of Hyaluronic Acid: Hydrate and visibly plump to reduce the appearance of fine lines.
-Peptide Complex: Visibly reduces dark circles and puffiness while supporting skin elasticity.
-Kakadu Plum: An antioxidant that visibly firms, brightens, and hydrates.

Water/Aqua/Eau, Glycerin, Glyceryl Dilaurate, Glyceryl Stearate SE, Octyldodecyl Stearoyl Stearate, Caprylic/Capric Triglyceride, Behenyl Alcohol, Glyceryl Stearate, Ectoin, Sodium Hyaluronate, Sodium Hyaluronate Crosspolymer, Copper Tripeptide-1, Palmitoyl Tripeptide-1, Oligopeptide-2, Terminalia Ferdinandiana (Kakadu Plum) Fruit Extract, Acetyl Tetrapeptide-5, Palmitoyl Tetrapeptide-7, Palmitoyl Hexapeptide-12, Superoxide Dismutase, Butyrospermum Parkii (Shea) Butter, Bakuchiol, Bisabolol, Centella Asiatica Extract, Adenosine, Sodium Carboxymethyl Beta-Glucan, Niacinamide, Phospholipids, Rahnella/Soy Protein Ferment, Thermus Thermophillus Ferment, Caffeine, Glyceryl Acrylate/Acrylic Acid Copolymer, Lecithin, Butylene Glycol, Lactobionic Acid, Camphanediol, Pinanediol, Tocopheryl Acetate, Copper PCA, Mandelic Acid, Glutathione, Caprylyl Glycol, Cetyl Alcohol, Polysorbate 20, Lauryl Alcohol, Myristyl Alcohol, Carbomer, Palmitic Acid, Stearic Acid, PVP, Butylated PVP, PVM/MA Decadiene Crosspolymer, Pentylene Glycol, Ethylhexylglycerin, Raspberry Ketone, Leuconostoc/Radish Root Ferment Filtrate, Sodium Lactate, 1,2-Hexanediol, Tromethamine, Potassium Hydroxide, Gluconolactone, Sodium Metasilicate, Citric Acid, Phenoxyethanol, Sorbic Acid, Sodium Dehydroacetate, Potassium Sorbate.","Suggested Usage:
-For morning or night use.
-To apply, use finger to gently tap around the full 360° eye area.
-Start with gently applying under the eyes moving out toward the corners where crow’s feet can form, around onto the eyelid, down the elevens, ensuring you bring the product down to where bunny lines can form."
P509767,DIOR,Capture Totale Hyalushot: Wrinkle Corrector with Hyaluronic Acid,Treatments,Face Serums,$90.00,Size: 0.5 oz,https://www.sephora.com/productimages/sku/s2695021-main-zoom.jpg?imwidth=160,331,"Item 2695021
What it is: The first Dior multi-wrinkle corrector with hyaluronic acid that works on the appearance of present and emerging signs of wrinkles.

Skin Type: Normal, Dry, Combination, and Oily

Skincare Concerns: Fine Lines and Wrinkles

Highlighted Ingredients:
- Hyaluronic Acid Duo: Visibly plumps skin.
- Peptide: Smooths skin.

What Else You Need to Know: Powered by a hyaluronic acid duo, this formula targets eight types of face wrinkles: worry lines, frown lines, bunny lines, smile lines, smoker’s lines, marionette lines, tear-trough lines, and crow’s feet lines.

Clinical Results: In a clinical test on 34 people, comparing smoothness after 7 days and 28 days of using Capture Totale Hyalushot and Capture Totale Le Sérum Anti-Aging Serum (sold separately):
- Skin was 2X smoother

In an instrumental test on 30 people, results showed:
- 45% fewer visible wrinkles in 4 hours
Show less","-Hyaluronic Acid Duo: Visibly plumps skin.
-Peptide: Smooths skin.

Aqua (Water), Glycerin, Butylene Glycol, Polyglycerin-3, Tapioca Starch, Aframomum Angustifolium Seed Extract, Sodium Hyaluronate, Adenosine, Sodium Tocopheryl Phosphate, Caprylyl Glycol, Pullulan, Chlorphenesin, Synthetic Fluorphlogopite, Hydrolyzed Jojoba Esters, Yeast Ferment Extract, Parfum (Fragrance), CI 77891 (Titanium Dioxide), Sodium Surfactin, Sodium Citrate, Lactobacillus Ferment Lysate, Sodium Hydroxide, Xanthan Gum, Trisodium Ethylenediamine Disuccinate, Citric Acid, Sodium Benzoate, Tin Oxide, Acetyl Hexapeptide-8, Tocopherol, Acrylates/C10-30 Alkyl Acrylate Crosspolymer, Ammonium Acryloyldimethyltaurate/VP Copolymer, PEG-40 Hydrogenated Castor Oil, Sodium Hyaluronate Crosspolymer.","Suggested Usage:
-Use Dior's exclusive precision-applicator tip to squeeze a few drops onto targeted wrinkles and fine lines, then smooth on and gently tap into skin for quicker absorption.
-For even smoother skin, apply after Capture Totale Le Sérum Anti-Aging Serum (sold separately).
-Follow with Capture Totale Super Potent Eye Serum (sold separately), applying it from the temple to the inner corner of your eye, pressing gently with the applicator.
-Complete the ritual every morning and night with Capture Totale Firming & Wrinkle-Correcting Cream (sold separately), smoothing onto your face with outward movements."
P477174,Jack Black,Charcoal Body Buff Exfoliating Cleanser,Bath & Shower,Body Wash & Shower Gel,$38.00,Size: 16 oz/ 473 mL,https://www.sephora.com/productimages/sku/s2483618-main-zoom.jpg?imwidth=160,Write a review,"Item 2483618
What it is: A two-in-one body cleanser and exfoliator with charcoal that leaves skin feeling healthier and refreshed.

Skin Type: Normal, Dry, Combination, and Oily

Skincare Concerns: Dryness, Dullness, and Uneven Texture

Formulation: Scrub

Highlighted Ingredients:
- Charcoal Powder: Helps absorb odor and dirt from the skin.
- Natural Volcanic Stone: Exfoliates to remove rough patches and dead skin to reveal smooth soft skin.
- Sea Algea Blend: Contains macro- and micro-nutrients to nourish and hydrate skin.

Ingredient Callouts: Free of parabens, formaldehydes, formaldehyde-releasing agents, phthalates, mineral oil, retinyl palmitate, oxybenzone, coal tar, hydroquinone, sulfates SLS & SLES, triclocarban, triclosan. It is also vegan, cruelty-free, and comes in recyclable packaging.

What Else You Need to Know: This Charcoal Body Buff Exfoliating Cleanser is a natural volcanic stone that scrubs away dead skin cells while a blend of sea algae, aloe, baobab, and shea combine to help nourish skin. It contains fragrant notes of marine accord, bamboo, and big sur sea salt that complete this unique cleansing experience.
Show less","-Charcoal Powder: Helps absorb odor and dirt from the skin.
-Natural Volcanic Stone: Exfoliates to remove rough patches and dead skin to reveal smooth soft skin.
-Sea Algea Blend: Contains macro- and micro-nutrients to nourish and hydrate skin.

Aqua/Water/Eau, Sodium C14-16 Olefin Sulfonate, Pumice, Decyl Glucoside, Acrylates Crosspolymer-4, Glycerin, Coco-Betaine, Charcoal Powder, Volcanic Ash, Candelilla Cera/Euphorbia Cerifera (Candelilla) Wax/Cire de candelilla, Adansonia Digitata Oil*, Butyrospermum Parkii (Shea) Butter*, Aloe Barbadensis Leaf Juice Powder*, Jojoba Esters, Porphyra Umbilicalis Extract, Hypnea Musciformis Extract, Spirulina Maxima Extract, Fucus Vesiculosus Extract, Panthenol, Sodium Gluconate, Citric Acid, Potassium Sorbate, Sodium Chloride, Fragrance (Parfum), Stearyl Stearate, Sodium Benzoate, Methyl Glucose Caprate/Caprylate/Oleate, Propanediol, Citronellol. *Certified Organic","Suggested Usage:
-Apply in shower or bath to damp body skin and rub gently to exfoliate and refresh the skin.
-Rinse.
-Suitable for daily use."
P417980,Murad,City Skin Age Defense Face Sunscreen Broad Spectrum SPF 50 PA++++,Sunscreen,Face Sunscreen,$69.00,Size: 1.7 oz/ 50 mL,https://www.sephora.com/productimages/sku/s1933076-main-zoom.jpg?imwidth=160,369,"Item 1933076
What it is: A 100 percent mineral, indoor and outdoor SPF that shields against digital blue-light damage and UVA and UVB pollution.

Skin Type: Normal, Dry, Combination, and Oily

Skincare Concerns: Dullness

Formulation: Lightweight Lotion

Highlighted Ingredients:
- Zinc Oxide and Titanium Oxide: Provide mineral, broad-spectrum UVA/UVB protection.
- Iron Oxides: Protect skin from infrared radiation and color correct to even the appearance of skin tone.
- Lutein: Defends against blue light.

Ingredient Callouts: Free of sulfates SLS and SLES, parabens, formaldehydes, phthalates, mineral oil, oxybenzone, and contains less than one percent of synthetic fragrances. This product is also vegan, cruelty-free, and gluten-free.

What Else You Need to Know: This ultra-light, 100 percent mineral sunscreen shields skin against multiple types of light. It defends against UV light, which causes damage and visible signs of aging, and blue light, which comes from excessive screen time.
Show less","-Titanium Dioxide (2.7%), Zinc Oxide (10.0%): Sunscreens.

Water (Aqua), Dimethicone, C12-15 Alkyl Benzoate, Glycerin, Triheptanoin, Caprylic/Capric Triglyceride, C13-16 Isoparaffin, Argania Spinosa Kernel Oil, Tocopheryl Acetate, Polyurethane-35, Polyhydroxystearic Acid, Polymethylsilsesquioxane, Dimethicone/Vinyl Dimethicone Crosspolymer, Avena Sativa (Oat) Kernel Extract, Xanthophyll, Retinyl Palmitate, Ascorbic Acid, Bisabolol, Hydrolyzed Jojoba Esters, Urea, Yeast Amino Acids, Trehalose, Inositol, Taurine, Betaine, Biosaccharide Gum-4, Hydroxyphenyl Propamidobenzoic Acid, Silica, Tapioca Starch, Sucrose, Pentylene Glycol, Butylene Glycol, Dimethicone/PEG-10/15 Crosspolymer, Lauryl PEG-9 Polydimethylsiloxyethyl Dimethicone, PEG-8 Dimethicone, Octyldodecanol, Sodium Propoxyhydroxypropyl Thiosulfate Silica, PEG/PPG-18/18 Dimethicone, Triethoxycaprylylsilane, Aluminum Stearate, Alumina, Ethylhexylglycerin, Phenoxyethanol, Iron Oxides (CI 77491).","Suggested Usage:
-Use in the AM.
-After cleansing and toning, massage evenly over face, neck, and chest."
P507659,The Ordinary,The Acne Set with Salicylic Acid,Value & Gift Sets,,$15.80,,,,,,
P517099,YSE Beauty,Morning Cocktail Vitamin C Serum with Niacinamide + Azelaic Acid,Treatments,Face Serums,$85.00,Size: 1 oz/30 mL,https://www.sephora.com/productimages/sku/s2886307-main-zoom.jpg?imwidth=160,32,"Item 2886307
NEW
ONLY AT SEPHORA
What it is: A hydrating, antioxidant-rich vitamin C serum for brighter, smoother, more even-looking skin—plus support for a strong skin barrier.

Skin Type: Normal, Dry, Combination, and Oily

Skincare Concerns: Dark Spots, Dullness, and Uneven Skin Tone

Formulation: Serum

Highlighted Ingredients:
- Three Forms of Stabilized, Antioxidant-Rich Vitamin C: Support skin that looks brighter, smoother, and more even.
- Azelaic Acid: Reduces redness and the appearance of discoloration.
- Niacinamide: Improves the look of dark spots.

Ingredient Callouts: Free of parabens and phthalates. It is also vegan and cruelty-free.

What Else You Need to Know: This antioxidant-rich vitamin C serum helps skin look brighter, smoother, and more even—all while supporting a strong skin barrier. It’s made with a gentle blend of brightening and hydrating ingredients, including three forms of stabilized vitamin C, niacinamide, azelaic acid, and hyaluronic acid.

Clinical Results: In a consumer-perception study of 35 women, after 30 days of use:
- 91% agreed skin felt nourished
- 85% experienced a brighter complexion
- 85% experienced a more even skin tone and saw improvements in luminosity and texture
Show less","-Three Forms of Stabilized, Antioxidant-Rich Vitamin C: Support skin that looks brighter, smoother, and more even.
-Azelaic Acid: Reduces redness and the appearance of discoloration.
-Niacinamide: Improves the look of dark spots.

Aqua (Water, Eau), Tetrahexyldecyl Ascorbate, Isopentyldiol, Caprylic/Capric Triglyceride, Glycerin, Potassium Azeloyl Diglycinate, Ethoxydiglycol, Niacinamide, Squalane, Ascorbic Acid, Sodium Hyaluronate, Ascorbyl Methylsilanol Pectinate, Gold, Glutathione, Sorbitol, Oryza Sativa (Rice) Bran Extract, Helianthus Annuus (Sunflower) Extract, Rosmarinus Officinalis (Rosemary) Leaf Extract, Tocopherol, 1,2-Hexanediol, Arginine, Propanediol, Acrylates/C10-30 Alkyl Acrylate Crosspolymer, Phenoxyethanol Polyglyceryl-6 Polyricinoleate, Sodium Hydroxide, Methylpropanediol, Caprylyl Glycol, Xanthan Gum, Ethylhexylglycerin, Hexylene Glycol, Citric Acid, Tetrasodium Glutamate Diacetate.","Suggested Usage:
-Apply two to three pumps to clean skin in the morning.
-Follow with Xtremely Rich Moisturizer and Skin Glow SPF 30 Primer (each sold separately)."
P515210,Summer Fridays,Jet Lag™ Eye Patches,Masks,Eye Masks,$24.00,Size: 6 pairs / pack,https://www.sephora.com/productimages/sku/s2858389-main-zoom.jpg?pb=clean-at-sephora&imwidth=160,384,"Item 2858389
What it is: A set of hydrating, nonslip hydrogel eye patches powered by skin-loving ingredients to soothe, moisturize, and depuff the under-eye area.

Skin Type: Normal, Dry, Combination, and Oily

Skincare Concerns: Dryness, Dark Circles, and Puffiness

Formulation: Lightweight Serum

Highlighted Ingredients:
- Humectant Blend: Duo of glycerin and hyaluronic acid that locks in hydration.
- Skin Soothing Complex: Blend of niacinamide, cucumber extract, and panthenol that soothes the eye area.
- Caffeine and Peptides: Depuff and firm the eye area.

Ingredient Callouts: This product is vegan, gluten-free, cruelty-free, and comes in recyclable packaging.

What Else You Need to Know: These hydrating, nonslip hydrogel eye patches are powered by skin-loving ingredients that hydrate and soothe dry skin while visibly depuffing the under-eye area. They leave the under-eye area refreshed, moisturized, and non-sticky, making these patches the perfect prep for makeup.

Clinical Results:
Within an independent clinical study of 30 participants (ages 18-55):
- 100% of participants saw immediate improvement in skin hydration and skin barrier function.

Within a consumer perception study of 30 participants (ages 18-55):
- 100% of participants said that their eye area felt rejuvenated and revived after one use.
- 100% of participants saw that their makeup applied more smoothly after one use.


Clean at Sephora is our commitment to offering effective products without certain ingredients, such as parabens, sulfates, phthalates, and mineral oils. Learn more here.
Show less","-Humectant Blend: Duo of glycerin and hyaluronic acid that locks in hydration.
-Skin Soothing Complex: Blend of niacinamide, cucumber extract, and panthenol that soothes the eye area.
-Caffeine and Peptides: Depuff and firm the eye area.

Water/Aqua/Eau, Glycerin, Butylene Glycol, Niacinamide, Caffeine, Cucumis Sativus (Cucumber) Fruit Extract, Sodium Hyaluronate, Avena Sativa (Oat) Kernel Extract, Acetyl Hexapeptide-8, Bisabolol, Panthenol, Camellia Sinensis Leaf Extract, Allantoin, Simmondsia Chinensis (Jojoba) Seed Oil, Cornus Officinalis Fruit Extract, Prunus Serotina (Wild Cherry) Fruit Extract, Punica Granatum Fruit Extract, Rubus Idaeus (Raspberry) Fruit Extract, Vaccinium Macrocarpon (Cranberry) Fruit Extract, Illicium Verum (Anise) Fruit Extract, Panax Ginseng Root Extract, Ethylhexylglycerin, Glutathione, Sodium Phytate, Sucrose, Cellulose Gum, Gellan Gum, Xanthan Gum, Sodium Polyacrylate, Calcium Lactate, Dextrin, Cyclodextrin, Pinus Sylvestris Leaf Extract, Potassium Chloride, Hydroxyacetophenone, 1,2-Hexanediol, Hexylene Glycol, Pentylene Glycol, Carrageenan, Ceratonia Siliqua (Carob) Gum, Synthetic Fluorphlogopite, Ultramarines (CI 77007), Titanium Dioxide (CI 77891), Iron Oxides (CI 77499).

The list of ingredients is subject to change. Please consult the packaging of the product purchased.","Suggested Usage:
-Apply to clean, dry under-eye area.
-Leave on for 10 minutes (or longer if desired).
-Discard after use and pat remaining serum into skin.
-Use daily or as needed."
P500055,KORA Organics,Active Algae Lightweight Refillable Moisturizer,Moisturizers,Face Creams,$62.00,Size: 1.69 oz / 50 mL,https://www.sephora.com/productimages/sku/s2581593-main-zoom.jpg?pb=clean-at-sephora&imwidth=160,230,"Item 2581593
What it is: A lightweight gel moisturizer that helps visibly improve skin clarity and provides long-lasting hydration without excess shine.

Skin Type: Normal, Combination, and Oily

Skincare Concerns: Fine Lines and Wrinkles, Pores, and Dullness

Formulation: Cream

Highlighted Ingredients:
- Green Algae: Helps fight against visible signs of aging and dullness and improves the look of firmness and skin clarity.
- Alpine Rose: Provides soothing and nourishing properties that visibly improve condition of skin.
- Green Tea: Increases hydration while fighting visible signs of aging.

Ingredient Callouts: This product is vegan, gluten-free, cruelty-free, and comes in recyclable packaging.

What Else You Need to Know: This moisturizer is enriched with sustainably sourced active ingredients and releases a burst of hydrating and soothing nutrients for healthy, radiant, and youthful-looking skin. The Active Algae Lightweight Moisturizer is energized with aquamarine, a stone believed to help calm and soothe.

Clinical Results: Based on an independent consumer use study of 49 participants using Active Algae Lightweight Moisturizer 2 times daily over a 4-week period:
- 100% said skin feels smoother and softer with long-lasting hydration
- 98% said skin looks calm and soothed
- 94% said skin looks more even toned


On top of meeting the Clean at Sephora formulated without list, these brands are on a mission to do right by your routine and the planet by making climate commitments and focusing on sustainable sourcing, responsible packaging, and environmental giving.

Clean at Sephora is our commitment to offering effective products without certain ingredients, such as parabens, sulfates, phthalates, and mineral oils. Learn more here.
Show less","-Green Algae: Helps fight against visible signs of aging and dullness and improves the look of firmness and skin clarity.
-Alpine Rose: Provides soothing and nourishing properties that visibly improve condition of skin.
-Green Tea: Increases hydration while fighting visible signs of aging.

Aloe Barbadensis Leaf Juice*, Glycerin^, Helianthus Annuus (Sunflower) Seed Oil*,
Isoamyl Laurate, Water/Aqua/Eau, Triheptanoin, Glyceryl Stearate Citrate, Chlamydomonas Reinhardtii Extract, Coco-Caprylate/Caprate, Polyglyceryl-3 Stearate, Lactobacillus Ferment, Hydrogenated Lecithin, Xylityl Sesquicaprylate, Lysolecithin, Sclerotium Gum, Dilinoleic Acid/Butanediol Copolymer, Alcohol, Lactobacillus, Xanthan Gum, Pullulan, Potassium Sorbate, Citric Acid, Anhydroxylitol, Lecithin, Tocopherol, Morinda Citrifolia Fruit Extract*,
Cocos Nucifera Fruit Extract, Pelargonium Graveolens (Geranium) Flower Oil, Camellia Sinensis Leaf Extract*, Rhododendron Ferrugineum Extract, Silica, Castor Oil/IPDI Copolymer, Ocimum Basilicum (Basil) Oil, Rosa Centifolia (Rose Moroccan) Flower Oil, Chlorophyllin-Copper Complex, Citronellol**, Geraniol**.

*Ingredients from Organic Farming. **From essential oils. ^Made using organic ingredients. 99.8% natural origin of total. 73.7% of the total ingredients are from organic farming. 74.3% organic of total minus water and minerals. COSMOS ORGANIC certified by ECOCERT Greenlife according to COSMOS Standard.

The list of ingredients is subject to change, please consult the packaging of the product purchased.","Suggested Usage:
-Warm in the palms of your hands and massage onto a clean face, neck, and décolleté in the morning and evening after your serum.

Recycling Instructions:
-When product is finished, twist the empty pod to release from the jar, rinse remaining product, and place in the recycling.
-If you choose not to refill the jar, remove cap and discard, then place the clear jar in the recycling."
P506723,ALPYN,Polishing Peel & Brightening Face Mask with 8 Acids & Huckleberry,Masks,Face Masks,$56.00,Size: 1.7 oz/50 mL,https://www.sephora.com/productimages/sku/s2802072-main-zoom.jpg?pb=clean-planet-aware&imwidth=160,213,"Item 2802072
NEW
What it is: A double-exfoliating peel powered by eight natural acids, bamboo powder, and wild plants to visibly smooth and brighten skin while refining the look of pores.

Skin Type: Normal, Dry, Combination, and Oily

Skincare Concerns: Pores, Uneven Texture, and Acne/Blemishes

Formulation: Mask

Highlighted Ingredients:
- Bamboo Powder & Berry Seeds: Deliver a skin-buffing, microdermabrasion-like effect.
- 8-Acids: Actively exfoliate.
- Mountain Huckleberry : Visibly brightens skin’s appearance.

Ingredient Callouts: This product is vegan, gluten-free, cruelty-free, and comes in recyclable packaging.

What Else You Need to Know: Give this peel five minutes and it’ll give you visibly glowing skin. Using a double-exfoliation method, this visibly transformative peel blends bamboo powder with wild huckleberry and eight naturally derived acids exfoliate, minimize the appearance of pores, smooth the look of texture, and brighten skin’s appearance.

Clinical Results: 
Results Immediately After One Use:

100% agreed their skin felt smoother
95% agreed their skin looked brighter and had a more youthful glow
91% found their skin looked transformed

Based on a consumer-perception study of 32 subjects.


Products formulated without certain ingredients, including parabens, sulfates, phthalates, and mineral oils, from brands that have met our specific criteria for ingredient sourcing and formulation, packaging, environmental commitments, and consumer transparency. Learn more here.
Show less",,"Suggested Usage:
- Apply a thin layer to clean, dry skin, avoiding eye area, and leave on for 5 minutes. 
- For added polish, wet hands and massage in a circular motion before rinsing clean. 
- Gentle enough to use daily, AM or PM.

Recycling Instructions:
-Recycle outer paper packaging.
-Once empty, rinse jar, remove label, and recycle with glass.
-Discard label and cap."
P515154,OLEHENRIKSEN,Après Skin Overnight Moisturizer + Mask with Ceramides and Hyaluronic Acid,Moisturizers,Face Creams,$48.00,Size: 2.5 oz / 75 mL,https://www.sephora.com/productimages/sku/s2839959-main-zoom.jpg?pb=clean-at-sephora&imwidth=160,441,"Item 2839959
What it is: A rich overnight moisturizer and leave-on mask with ceramides, electrolytes, and vitamins that intensely hydrates and soothes skin.

Skin Type: Normal, Dry, Combination, and Oily

Skincare Concerns: Dryness, Dullness, and Fine Lines and Wrinkles

Formulation: Cream

Highlighted Ingredients:
- Four Ceramide Complex: Strengthens the moisture barrier.
- Electrolytes: Bind moisture and support skin.
- Hyaluronic and Polyglutamic Acid: Visibly plump skin with hydration

Ingredient Callouts: This product is vegan, gluten-free, cruelty-free, and comes in recyclable packaging.

What Else You Need to Know: This is a rich recovery coat of intense hydration that nourishes skin. Powered by four barrier boosting ceramides, moisture-binding electrolytes, and skin-supporting vitamins, this multiuse treatment can be applied anytime and anywhere for visibly plump, hydrated skin.

Clinical Results: In a 4-week clinical study of 39 people:
- 97% agree it helps recover stressed skin
- 29% smoother skin in 7 days
- Instantly strengthens the skin barrier by 20%

In a 4-week clinical study of 39 people:
- 100% agree it rescues dehydrated skin
- 100% agree it soothes and calms skin


Clean at Sephora is our commitment to offering effective products without certain ingredients, such as parabens, sulfates, phthalates, and mineral oils. Learn more here.
Show less","Aqua/water/eau, Panthenol, Cetearyl Alcohol, Glycerin, Octyldodecanol, Dicaprylyl Carbonate, Butyrospermum Parkii (Shea) Butter, Propanediol, Dicaprylyl Ether,  Glyceryl Stearate Citrate, Niacinamide, Cetearyl Olivate, Sambucus Nigra Seed Oil, Tocopheryl Acetate, Mangifera Indica (Mango) Seed Butter, Astrocaryum Murumuru Seed Butter, Rubus Chamaemorus Seed Oil, Ribes Nigrum (Black Currant) Seed Oil, Sodium Hyaluronate, Polyglutamic Acid, Ceramide Ng, Ceramide Np, Ceramide Ap, Ceramide Eop, Zinc Pca, Sodium Pca,  Magnesium Pca, Manganese Pca, Saccharomyces/zinc Ferment, Saccharomyces/copper Ferment, Saccharomyces/iron Ferment, Saccharomyces/potassium Ferment,  Saccharomyces/silicon Ferment,  Saccharomyces/manganese Ferment, Tocopherol, Cyanocobalamin, Sodium Lactate, Linoleic Acid, Linolenic Acid, Sodium Lauroyl Lactylate, Phytosphingosine, Cholesterol, Sorbitan Olivate, Caprylyl Glycol, Hydroxyacetophenone, Polyacrylate Crosspolymer-6, Pentaerythrityl Tetra-di-t-butyl Hydroxyhydrocinnamate, Xanthan Gum, Dimethicone, Carbomer, Ethylhexylglycerin, Potassium Sorbate, Phenoxyethanol, Parfum/fragrance, Leuconostoc/radish Root Ferment Filtrate, Citral, Limonene, Linalool.

The list of ingredients is subject to change, please consult the packaging of the product purchased.","Suggested Usage:
-Apply this multiuse treatment anywhere that needs hydration.
-For external use only. Use as directed.

Pro Tips:
-Use it as an overnight moisturizer or leave-on mask to rescue dry skin.
-Try it as a multiuse treatment: Apply to chapped, cracked, and dry skin for targeted hydration.
-Rescue skin with soothing hydration after using retinoids, exfoliants, dermaplaning, or spa treatments.
-Take on-the-go to rescue dry, stressed skin anytime, anywhere."
P509711,Topicals,Slick Salve Glossy Lip Balm for Soothing + Hydration,Lip Balms & Treatments,,$16.00,Color: Mint,https://www.sephora.com/productimages/sku/s2740660-main-zoom.jpg?imwidth=160,1.6K,"Item 2740660
ONLY AT SEPHORA
What it is: A vegan, barrier-building balm that quickly hydrates, soothes, and protects dry, chapped lips, providing shine and relief that lasts all day.

Skin Type: Normal, Dry, and Combination

Skincare Concerns: Fine Lines and Wrinkles, Dryness, and Uneven Texture

Formulation: Balm

Highlighted Ingredients:
- Hyaluronic Acid: Delivers immediate and intensive moisture that replenishes and visibly enhances lips.
- Ceramides: Reinforce skin’s protective barrier, visibly improving lips.
- Rice Bran Wax and Glycerin: Seal in hydration, soften, and condition.

Ingredient Callouts: Free of parabens, formaldehydes, formaldehyde-releasing agents, phthalates, mineral oil, oxybenzone, hydroquinone, sulfates SLS & SLES, and contains less than one percent synthetic fragrance. It is also gluten-free and cruelty-free.

What Else You Need to Know: Powered by peptides and a tri-ceramide complex to visibly diminish signs of aging, this minty, barrier-building balm provides intensive hydration for chronically dry lips, visibly improving their texture over time. The vegan formula protects and soothes, delivering long-lasting results.
Show less","-Hyaluronic Acid: Delivers immediate and intensive moisture that replenishes and visibly enhances lips.
-Ceramides: Reinforce skin’s protective barrier, visibly improving lips.
-Rice Bran Wax and Glycerin: Seal in hydration, soften, and condition.

Hydrogenated Polyisobutene, Ethylene/Propylene/Styrene Copolymer, Butylene/Ethylene/Styrene Copolymer, Oryza Sativa (Rice) Bran Wax, Ceramide NP, Ceramide AP, Ceramide EOP, Palmitoyl Tripeptide-38, Sodium Hyaluronate, Hydrolyzed Sodium Hyaluronate, Tocopheryl Acetate, Ergothioneine, Glycerin, Phytosphingosine, Cholesterol, Portulaca Pilosa Extract, Sucrose Cocoate, Panthenol, Sodium Lauroyl Lactylate, Carbomer, Xanthan Gum, Cetearyl Ethylhexanoate, Sorbitan Isostearate, Mentha Arvensis Leaf Oil, Mentha Piperita Flower/Stem/Leaf Oil, Water/Aqua/Eau.","Suggested Usage:
-Glide onto dry, chapped lips.
-Reapply as needed.
-To mask, apply a thick layer overnight and gently wipe off in the morning."
P503572,OLEHENRIKSEN,Let's Get Luminous Brightening Essentials Set,Value & Gift Sets,,$46.00,,,,,,
P504134,MARA,Sea Silk Lip Balm,Lip Balms & Treatments,,$26.00,Color: Clear,https://www.sephora.com/productimages/sku/s2633105-main-zoom.jpg?pb=clean-planet-aware&imwidth=160,232,"Item 2633105
What it is: A hydrating lip balm that moisturizes and soothes with active algae for lips like silk.

Skin Type: Normal and Dry

Skincare Concerns: Fine Lines and Wrinkles, Dryness, and Uneven Texture

Formulation: Balm

Highlighted Ingredients:
- Algae Plumping Complex™: Plumps look of lips and visibly improves fullness and wrinkles.
- Hydrating Seed Butters: Soothe dry, chapped lips.
- Vegan Waxes: Nutrient-rich alternative to beeswax to lock in hydration.

Ingredient Callouts: This product is vegan, gluten-free, cruelty-free, and comes in recyclable packaging.

What Else You Need to Know: This formula is powered by algae to visibly improve fullness, signs of aging, and volume for a super juicy, plump pout. It also contains nourishing seed butters and super hydrators to flood parched skin with fatty acids and vitamins for soft, pillowy lips.




Products formulated without certain ingredients, including parabens, sulfates, phthalates, and mineral oils, from brands that have met our specific criteria for ingredient sourcing and formulation, packaging, environmental commitments, and consumer transparency. Learn more here.
Show less","-Algae Plumping Complex™: Plumps look of lips and visibly improves fullness and wrinkles.
-Hydrating Seed Butters: Soothe dry, chapped lips.
-Vegan Waxes: Nutrient-rich alternative to beeswax to lock in hydration.

Hydroxystearic/Linolenic/Oleic Polyglycerides, Ricinus Communis (Castor) Seed Oil, Oleic/Linoleic/Linolenic Polyglycerides, Vitis Vinifera (Grape) Seed Oil, Euphorbia Cerifera (Candelilla) Wax/Cire De Candelilla, Carthamus Tinctorius (Safflower) Seed Oil, Polyhydroxystearic AcidHelianthus Annuus (Sunflower) Seed Wax, Caprylic/Capric Triglyceride, Helianthus Annuus (Sunflower) Seed Oil, Tocopheryl Acetate, Mangifera Indica (Mango) Seed Butter, Butyrospermum Parkii (Shea) Butter, Platonia Insignis (Bacuri) Seed Butter, Ethylhexylglycerin, Caprylyl Glycol, Moringa Oleifera (Moringa) Seed Oil, Citrullus Lanatus (Watermelon) Seed Oil, Orbignya Oleifera (Babassu) Seed Oil, Citrus Aurantium Dulcis (Orange) Peel Oil, Citrus Aurantium Amara (Bitter Orange) Flower Oil, Citrus Aurantium Amara (Bitter Orange) Leaf/Twig Oil, Citrus Aurantium Bergamia (Bergamot) Fruit Oil, Citrus Paradisi (Grapefruit) Peel Oil, Rosmarinus Officinalis (Rosemary) Leaf ExtractHypnea Musciformis (Red Algae) ExtractUndaria Pinnatifida (Brown Algae) Extract, Dictyopteris Polypodioides Extract, TocopherolLimonene, LinaloolGeraniol, Titanium Dioxide (Ci 77891).

.

The list of ingredients is subject to change. Please consult the packaging of the product purchased.","Suggested Usage:
-Apply to lips as needed throughout the day.
-Can be used as an overnight lip mask.

Recycling Instructions:
-Upon unboxing, flatten the unit carton and liner and place in the recycling bin.
-Once you’ve finished the balm, remove, and discard the cap.
-Recycle aluminum tube."
P509676,Dermalogica,Pro Collagen Banking Serum with Polyglutamic Acid,Treatments,Face Serums,$89.00,Size: 1 oz / 30 ml,https://www.sephora.com/productimages/sku/s2736775-main-zoom.jpg?imwidth=160,283,"Item 2736775
What it is: A serum with collagen amino acids, carnosine dipeptide, and polyglutamic acid that plumps skin’s appearance and visibly promotes, protects, and preserves collagen.

Skin Type: Normal, Dry, Combination, and Oily

Skincare Concerns: Fine Lines and Wrinkles, Dryness, and Loss of Firmness and Elasticity

Formulation: Lightweight Serum

Highlighted Ingredients:
- Pro-Collagen Preservation Complex with Collagen Amino Acids and Carnosine Dipeptide: Defends against collagen-degrading free radicals.
- Jojoba Ester and Polyglutamic Acid: Nourish and visibly plump for firmer-looking skin.
- Wild Indigo Extract and Arginine PCA: Restore skin’s visible radiance.

Ingredient Callouts: Free of parabens, formaldehydes, formaldehyde-releasing agents, phthalates, mineral oil, retinyl palmitate, oxybenzone, coal tar, hydroquinone, sulfates SLS & SLES, triclocarban, triclosan, and contains less than one percent synthetic fragrance. It is also gluten-free and cruelty-free.

What Else You Need to Know: Experience visibly age-defying benefits starting today. This powerful serum promotes, protects, and preserves the look of collagen right away, so you have more for tomorrow. It supports visible plumpness and luminosity while hydrating to reduce the appearance of future fine lines.

Clinical Results: In independent clinical testing of 63 people, with 2 applications per day for 12 weeks, results showed:
- Cheeks and jawline looked firmer within 7 days

Based on in-vitro testing, vs. untreated skin:
- It was 94% more effective in preserving skin’s collagen
Show less","-Pro-Collagen Preservation Complex with Collagen Amino Acids and Carnosine Dipeptide: Defends against collagen-degrading free radicals.
-Jojoba Ester and Polyglutamic Acid: Nourish and visibly plump for firmer-looking skin.
-Wild Indigo Extract and Arginine PCA: Restore skin’s visible radiance.

Water/Aqua/Eau, Pentylene Glycol, Coco-Caprylate/Caprate, Glycerin, Propanediol, Simmondsia Chinensis (Jojoba) Seed Oil, Trehalose, Oryza Sativa (Rice) Bran Water, Butylene Glycol, Ethoxydiglycol, Triheptanoin, Arginine PCA, Diglycerin, Dipotassium Glycyrrhizate, Sodium Hyaluronate, Collagen Amino Acids, Glycine Soja (Soybean) Oil, Helianthus Annuus (Sunflower) Seed Oil, Citrus Aurantium Dulcis (Orange) Peel Oil, Citrus Aurantium Bergamia (Bergamot) Fruit Oil, Citrus Paradisi (Grapefruit) Peel Oil, Rosmarinus Officinalis (Rosemary) Leaf Extract, Cupressus Sempervirens Leaf/Nut/Stem Oil, Santalum Album (Sandalwood) Oil, Citrus Limon (Lemon) Peel Oil, Rosa Damascena Flower Oil, Jasminum Sambac (Jasmine) Flower Extract, Hydrolyzed Jojoba Esters, Oryza Sativa (Rice) Bran Extract, Aloe Barbadensis Leaf Extract, Tephrosia Purpurea Seed Extract, Helianthus Annuus (Sunflower) Extract, Juniperus Virginiana Oil, Tagetes Minuta Flower Oil, Rosmarinus Officinalis (Rosemary) Leaf Oil, Cistus Ladaniferus Leaf/Stem Extract, Hydrolyzed Rice Protein, Tocopheryl Acetate, Tocopherol, Phospholipids, Carnosine, Glyceryl Stearate Citrate, Caprylyl Glycol, Polyglutamic Acid, Glycolipids, Glycine Soja (Soybean) Sterols, Acrylates/C10-30 Alkyl Acrylate Crosspolymer, Glyceryl Caprylate, Sclerotium Gum, Polyquaternium-80, Didecyldimonium Chloride, Dianthus Caryophyllus Flower Extract, Xanthan Gum, Methylpropanediol, Cetearyl Alcohol, PEG-40 Hydrogenated Castor Oil, Ammonium Acryloyldimethyltaurate/Beheneth-25 Methacrylate Crosspolymer, Phytic Acid, Polysorbate 20, Tetrasodium Glutamate Diacetate, Citric Acid, Sodium Hydroxide, Sodium Polyacryloyldimethyl Taurate, Sodium Benzoate, Potassium Sorbate, Limonene, Linalool.","Suggested Usage:
-Apply two to three pumps to clean, dry skin.
-Use once or twice daily, followed by moisturizer.
-Keep out of eyes."
P517982,Isle of Paradise,Daily Defense Face Mist SPF 50 Sunscreen,Clean Skincare,,$28.00,Size: 2 oz/60 mL,https://www.sephora.com/productimages/sku/s2871788-main-zoom.jpg?pb=clean-at-sephora&imwidth=122,450,"Item 2871945
NEW
 What it is: A daily lightweight, broad-spectrum face mist sunscreen that you can wear over makeup for a smudge-free reapplication.

Highlighted Ingredients:
- Niacinamide: Helps visibly brighten and even skin tone
- Cica: Soothes and reduces redness from dry skin.
- Biome Boosting Complex: Helps nourish and strengthens the skin.

Ingredient Callouts: It is cruelty-free.

What Else You Need to Know: Daily Defense Face Mist SPF 50 is a weightless, multi-tasking mist that shields, refreshes, and re-applies UV protection without disturbing makeup. Infused with Biome Boosting Complex, niacinamide, and cica, it supports healthy skin, fights free radicals, and suits all skin types for daily use.

Clean at Sephora is our commitment to offering effective products without certain ingredients, such as parabens, sulfates, phthalates, and mineral oils. Learn more here.
Show less","-Niacinimide: Helps visibly brighten and even skin tone
-Cica: Soothes and reduces redness from dry skin.
-Biome Boosting Complex: Helps nourish and strengthens the skin.

Avobenzone 3.0%, Homosalate 7.0%, Octisalate 5.0%, Octocrylene 9.0%, Butyloctyl Salicylate, Caprylhydroxamic Acid, Caprylyl Glycol, Cellulose Gum, Centella Asiatica Extract, Citric Acid, Cocoglycerides, Dicaprylyl Carbonate, Diisopropyl Adipate, Eclipta Prostrata Extract, Fructooligosaccharides, Glycerin, Glyceryl Stearate SE, Gossypium Herbaceum (Cotton) Seed Extract, Haematococcus Pluvialis Extract, Lactobacillus Ferment, Maltodextrin, Melia Azadirachta Leaf Extract, Methylheptylglycerin, Microcrystalline Cellulose, Moringa Oleifera Seed Oil, Niacinamide, Olea Europaea (Olive) Fruit Oil, Pentylene Glycol, Propanediol, Punica Granatum Seed Extract, Sodium Gluconate, Sodium Hyaluronate, Sodium Stearoyl Glutamate, Tocopherol, Trehalose, Water, Xanthan Gum.

The list of ingredients is subject to change. Please consult the packaging of the product purchased.","Suggested Usage:
-Spray generously and evenly onto face from eight to ten inches away, keeping eyes and mouth closed.
-Reapply every two hours.
-Avoid contact with eyes."
P508179,HigherDOSE,Red Light Face Mask for Fine Lines & Glowing Skin,High Tech Tools,Anti-Aging,$349.00,,,,,,
P516410,OLEHENRIKSEN,Glow Even Brighter Banana Bright Makeup Prep Set,Value & Gift Sets,,$45.00,,,,,,
P511604,Dr. Dennis Gross Skincare,Vitamin C Lactic Creamy Cleansing Oil,Cleansers,Face Wash & Cleansers,$40.00,Size: 6 oz / 177 mL,https://www.sephora.com/productimages/sku/s2767713-main-zoom.jpg?imwidth=160,82,"Item 2767713
What it is: A luxurious oil-based cleanser cuts through, breaks down, and grips makeup, SPF, pollutants, and impurities to leave skin clean, bright, and refreshed without the need for a double cleanse.

Skin Type: Normal, Dry, Combination, and Oily

Skincare Concerns: Dark Spots, Dullness, and Uneven Texture

Formulation: Cream

Highlighted Ingredients:
- Two Forms of Vitamin C: Visibly brightens and fights free radicals.
- Lactic Acid: Helps product absorption.
- Colloidal Oatmeal: Visibly softens and soothes.

Ingredient Callouts: It is vegan and cruelty-free.

What Else You Need to Know: Packed with two forms of potent vitamin C, this multi-action, antioxidant-powered cleanser will visibly brighten and smooth, never stripping skin of its natural moisture. This creamy oil cleanser will always leave your skin clean and looking bright but never off balance.

Clinical Results: In a 2-week clinical study of 33 participants:
- 100% of makeup and SPF was removed immediately
- 87% saw brighter skin in 2 weeks
- 90% said this product acts like 2 cleansers
Show less","-Two Forms of Vitamin C: Visibly brightens and fights free radicals.
-Lactic Acid: Helps product absorption.
-Colloidal Oatmeal: Visibly softens and soothes.

Gossypium Herbaceum (Cotton) Seed Oil, Ricinus Communis (Castor) Seed Oil, Aloe Barbadensis Leaf Juice, Water/Aqua/Eau, Glycerin, Sorbitol, Cocamidopropyl Hydroxysultaine, Sorbitan Oleate, Isohexadecane, Decyl Glucoside, Cocamidopropyl Betaine, Citrus Aurantium Dulcis (Orange) Peel Oil, Tetrahexyldecyl Ascorbate, Ascorbic Acid, Citrus Unshiu Peel Extract, Lactic Acid, Hippophae Rhamnoides (Seabuckthorn) Oil, Phyllanthus Emblica Fruit Extract, Terminalia Ferdinandiana (Kakadu Plum) Fruit Extract, Squalane, Camellia Seed Oil, Prunus Armeniaca (Apricot) Kernel Oil, Helianthus Annuus (Sunflower) Seed Oil, Colloidal Oatmeal, Sphingolipids, Phospholipids, Sodium Hyaluronate, Sodium PCA, Lecithin, Silica, Sodium Starch Octenylsuccinate, Sorbitan Stearate, Potassium Hydroxide, Leuconostoc/Radish Root Ferment Filtrate, Sodium Metasilicate, Citric Acid, Sodium Citrate, Tetrasodium Glutamate Diacetate, Phenoxyethanol, Potassium Sorbate.","Suggested Usage:
-For AM/PM use.
-Use as a first and/or second cleanse.
-Apply with dry fingertips to a dry face, massaging into skin.
-Add water to emulsify and break down makeup, SPF, and impurities.
-Rinse thoroughly and gently wipe skin with a cloth.
-Follow with Alpha Beta® Daily Peel (sold separately) of your choice."
P509661,LANEIGE,Water Bank Blue Hyaluronic Intensive Moisturizer with Peptides + Squalane,Moisturizers,Face Creams,$38.00,Size: 1.6 fl oz / 50 ml,https://www.sephora.com/productimages/sku/s2743144-main-zoom.jpg?imwidth=160,972,"Item 2743144
ONLY AT SEPHORA
What it is: A rich, replenishing moisturizer that comforts sensitive and extra dry skin types & nourishes the skin’s moisture barrier—an essential Korean skincare step for lasting hydration.

Skin Type: Normal, Dry, Combination, and Oily

Skincare Concerns: Dryness, Dullness, and Loss of Firmness and Elasticity

Formulation: Rich Cream

Highlighted Ingredients:
- Blue Hyaluronic Acid (Blue HA): Delivers effective, long-lasting hydration.
- Omega Peptide Complex: Helps improve the look of skin elasticity and nourish skin’s moisture barrier.
- Squalane: Acts as a moisturizing ingredient that mimics skin’s natural lipids.

Ingredient Callouts: Free of parabens, formaldehydes, formaldehyde-releasing agents, phthalates, mineral oil, retinyl palmitate, oxybenzone, coal tar, hydroquinone, sulfates SLS & SLES, triclocarban, triclosan, and contains less than one percent synthetic fragrance. It is also gluten-free.

What Else You Need to Know: This rich balm-cream contains micro-sized Blue Hyaluronic Acid - known for its ability to absorb better and faster for intense, lasting hydration. Enriched with Omega Peptide Complex, Squalane, and purified Cica, this cream offers soothing, nourishing moisture. It's also dermatologist-tested and suitable for eczema-prone skin, ideal for those seeking gentle but effective hydration in their Korean skincare routine.

Clinical Results: Based on the self-assessment survey portion of a 4-week clinical study on 32 women ages 20-49, after 4 weeks of use:
- 96% agreed skin was visibly softer, smoother, and more resilient
- 90% agreed the product felt like it repaired the skin's moisture barrier
- 90% agreed dryness-induced itchiness was relieved

Based on a 4-week clinical study on 32 women ages 20-49,
- 87% agreed dryness-induced flakiness was relieved

Based on skin hydration analysis on stratum corneum samples taken from 15 sequential tape-stripping of the skin surface:
- Adds 15 layers of hydration to help skin retain moisture longer

Based on instrumental TEWL and tape-stripping test on 32 women ages 20 to 49:
- Helps repair the skin’s moisture barrier in 30 minutes
Show less","-Blue Hyaluronic Acid (Blue HA): Delivers effective, long-lasting hydration.
-Omega Peptide Complex: Helps improve the look of skin elasticity and nourish skin’s moisture barrier.
-Squalane: Acts as a moisturizing ingredient that mimics skin’s natural lipids.

Water/Aqua/Eau, Butylene Glycol, Cetearyl Alcohol, Glycerin, Hydrogenated Poly(C6-14 Olefin), Diethylhexyl Succinate, 1,2-Hexanediol, Glyceryl Stearate Se, Phytosteryl/Behenyl/Octyldodecyl Lauroyl Glutamate, Triolein, Glyceryl Stearate, Squalane, Methyl Trimethicone, Isononyl Isononanoate, Myristyl Myristate, C10-18 Triglycerides, Lactobacillus Ferment Lysate, Cetearyl Glucoside, Carbomer, Hydroxyethyl Acrylate/Sodium Acryloyldimethyl Taurate Copolymer, Sodium Stearoyl Glutamate, Tromethamine, Niacinamide, Sodium Metaphosphate, Glyceryl Caprylate, Propanediol, Ethylhexylglycerin, Ceramide Np, Fragrance / Parfum, Caprylyl Glycol, Hydrolyzed Hyaluronic Acid, Sorbitan Isostearate, Sodium Hyaluronate, Dextrin, Asiaticoside, Carthamus Tinctorius (Safflower) Flower Extract, Madecassic Acid, Asiatic Acid, Theobroma Cacao (Cocoa) Extract, Tocopherol, Sodium Hyaluronate Crosspolymer, Hyaluronic Acid, Vegetable Oil / Olus Oil / Huile Végétale, Adenium Obesum Leaf Cell Extract, Sodium Acetylated Hyaluronate, Acetyl Tetrapeptide-2, Undaria Pinnatifida Extract.","Suggested Usage:
-Apply evenly to face AM and PM after cleansing, toning, and serum."
P506569,Murad,Rapid Relief Acne Sulfur Clay Mask with Salicylic Acid,Masks,Face Masks,$44.00,Size: 2.5 oz / 74 ml,https://www.sephora.com/productimages/sku/s2696185-main-zoom.jpg?imwidth=160,336,"Item 2696185
What it is: A clay mask that minimizes the look of breakouts in as few as three uses with bacteria-fighting sulfur, exfoliating salicylic acid, and hydrating peat extract.

Skin Type: Normal, Dry, Combination, and Oily

Skincare Concerns: Pores, Acne and Blemishes, and Oiliness

Formulation: Mask

Highlighted Ingredients:
- 5% Sulfur: Fights bacteria and targets breakouts.
- Salicylic Acid: Exfoliates rough and bumpy skin for smoother-looking texture.
- Austrian Peat Extract: Reduces visible signs of redness without overdrying.

Ingredient Callouts: Free of parabens, formaldehydes, formaldehyde-releasing agents, phthalates, mineral oil, retinyl palmitate, oxybenzone, coal tar, hydroquinone, sulfates SLS & SLES, triclocarban, triclosan, and contains less than one percent synthetic fragrance. It is also cruelty-free.

What Else You Need to Know: This clinically tested, clarifying mask minimizes the appearance of breakouts, decongests pores, and improves texture for an overall clearer complexion. Oil-absorbing kaolin clay with hydrating peat extract prevents overdrying, while eucalyptus extract neutralizes odor in an easy-to-remove formula.

Clinical Results: In a 2-week study, results showed the mask:
- Reduces oil by 92% instantly
- Reduces pimple size after 3 uses
Show less","-5% Sulfur: Fights bacteria and targets breakouts.
-Salicylic Acid: Exfoliates rough and bumpy skin for smoother-looking texture.
-Austrian Peat Extract: Reduces visible signs of redness without overdrying.

Sulfur 5.0%, Water (Aqua), Kaolin, Isopentyldiol, Bentonite, Peat Extract, Zinc Oxide, Propanediol, Glycerin, Cetearyl Alcohol, Cetyl Alcohol, Cetyl Ricinoleate, Glyceryl Stearate SE, Urea, Yeast Amino Acids, Trehalose, Inositol, Taurine, Betaine, Allantoin, Salicylic Acid, Dipotassium Glycyrrhizate, Zingiber Officinale (Ginger) Root Extract, Bisabolol, Eucalyptus Globulus Leaf Oil, Hydroxyacetophenone, Ethylhexylglycerin, Coco-Glucoside, Acacia Senegal Gum, Xanthan Gum, Carbomer, Tetrasodium Glutamate Diacetate, Citric Acid, Dehydroacetic Acid, Chlorphenesin.","Suggested Usage:
For evening use:
-Massage Murad’s Clarifying Cleanser (sold separately) over dampened face and neck.
-Rinse and pat dry.
-Apply an even layer of Rapid Relief Acne Sulfur Mask onto clean skin.
-Leave on for up to ten minutes.
-Rinse and pat dry.
-Use two to three times weekly.
-Massage Murad’s Clarifying Water Gel (sold separately) evenly over face and neck.
-Follow with a sunscreen during the day."
P505020,Benefit Cosmetics,The POREfessional Good Cleanup Foaming Cleanser,Cleansers,Face Wash & Cleansers,$29.00,Size: 5 oz / 147 mL,https://www.sephora.com/productimages/sku/s2641629-main-zoom.jpg?imwidth=160,501,"Item 2641629
What it is: A gel cleanser that bubbles up into a refreshing, purifying, feel-good foam, making pores look smaller and skin look clearer over time.

Skin Type: Normal, Dry, Combination, and Oily

Skincare Concerns: Pores

Formulation: Liquid

Highlighted Ingredients:
- Lemon Extract: Helps pores look smaller.
- Yuzu Extract: Helps skin feel smoother.
- Bisabolol: Comforts skin.

Ingredient Callouts: Free of parabens, formaldehydes, formaldehyde-releasing agents, phthalates, retinyl palmitate, oxybenzone, coal tar, hydroquinone, sulfates SLS & SLES, triclocarban, triclosan, and contains less than one percent synthetic fragrance. It also comes in recyclable packaging.

What Else You Need to Know: This lightweight foaming cleanser visibly removes dirt, oil, and impurities, making pores appear smaller and skin look clearer over time. It also leaves skin feeling fresh and smooth, not tight or stripped. The formula is dermatologist tested, clinically tested, and suitable for all skin types, including sensitive skin.

Clinical Results: In a self-evaluation of 116 participants:
After 1 use:
- 97% said it visibly removed dirt, oil, and impurities
- 91% said it visibly purified pores
- 98% said skin was refreshed

After 1 month:
- 99% said skin looked clearer and felt smoother
- 88% said pores looked refined
- 100% said skin looked radiant
Show less","-Lemon Extract: Helps pores look smaller.
-Yuzu Extract: Helps skin feel smoother.
-Bisabolol: Comforts skin.

Aqua (Water), Coco-Betaine, Glycerin, Butylene Glycol, PEG-120 Methyl Glucose Dioleate, Sodium Lauroyl Sarcosinate, Maltitol, Sodium Methyl Cocoyl Taurate, Sodium Cocoyl Isethionate, Polyacrylate Crosspolymer-6, Sodium Benzoate, Caprylyl Glycol, Citric Acid, Hydroxyacetophenone, Parfum (Fragrance), Polyquaternium-22, Bisabolol, Sodium Citrate, Pentylene Glycol, Citrus Limon (Lemon) Fruit Extract, Sphingolipids, Sphingomonas Ferment Extract, Citrus Junos Fruit Extract, Pentaerythrityl Tetra-Di-T-Butyl Hydroxyhydrocinnamate, Tocopherol.","Suggested Usage:
-Apply to face and massage in gentle, circular motions.
-Rinse.
-Use daily, AM and PM.

Beauty tips:
-Use after The POREfessional Get Unblocked Makeup-Removing Cleansing Oil (sold separately) for a thorough double cleanse!
-Smooth on The POREfessional Pore Minimizing Primer (sold separately) before makeup for smoother-than-smooth skin!

Recycling Instructions:
-FSC-certified outer packaging and PCR aluminum bottle are recyclable in many areas. Please check your local recycling guidelines."
P509395,Bobbi Brown,Mini Soothing Cleansing Oil,Cleansers,Face Wash & Cleansers,$20.00,Size: 1 oz,https://www.sephora.com/productimages/sku/s2740470-main-zoom.jpg?imwidth=160,127,"Item 2740470
What it is: An oil-rich yet water-light facial cleanser and makeup remover that targets impurities and removes waterproof makeup while nourishing skin.

Skin Type: Normal, Dry, and Combination

Skincare Concerns: Pores and Dryness

Formulation: Liquid

Highlighted Ingredients:
- Meadowfoam Seed Oil: Rich in omega fatty acids and softens skin with a comfortable feel.
- Tamanu Oil: Derived from the nuts of the Tamanu tree, it comforts with emollience.
- Tsubaki Oil: Derived from seeds of the Camellia Flower, it nourishes.

Ingredient Callouts: Free of parabens, phthalates, mineral oil, sulfates SLS & SLES, triclocarban, and contains less than one percent synthetic fragrance.

What Else You Need to Know: Bobbi Brown’s Mini Soothing Cleansing Oil gently yet powerfully targets impurities that can clog pores and cause breakouts. It instantly emulsifies with water to melt away waterproof makeup. Nourishing botanical-oil complex conditions, comforts, softens, and moisturizes to leave skin hydrated all day.

Clinical Results: In consumer testing on 113 women:
- 97% say it removes long-wearing and waterproof makeup after one week of use
- 96% say skin looks softer after one week of use
- 96% say it removes makeup and cleanses in one step after using the product once
Show less","-Meadowfoam Seed Oil: Softens skin with a lightweight feel.
-Tamanu Oil: Comforts with its rich emollience.
-Tsubaki Oil: Nourishes.

Isopropyl Palmitate, Pentaerythrityl Tetraethylhexanoate, Polybutene, Peg-20 Glyceryl Triisostearate, Isohexadecane, PEG-8 Diisostearate, Aleurites Moluccanus Seed Oil, PEG-12 Diisostearate, Tocopherol, Limnanthes Alba (Meadowfoam) Seed Oil, Olea Europaea (Olive) Fruit Oil, Helianthus Annuus (Sunflower) Seed Oil, Methyldihydrojasmonate, Simmondsia Chinensis (Jojoba) Seed Oil, Jasminum Officinale (Jasmine) Flower Wax, Calophyllum Inophyllum Seed Oil, Camellia Japonica Seed Oil, Lavandula Hybrida Oil, Lavandula Angustifolia (Lavender) Oil, Bisabolol, Glycerin, Glyceryl Laurate, Water/Aqua/Eau, Pentylene Glycol, Dipentaerythrityl Tri-Polyhydroxystearate, Linalyl Acetate, Tocopheryl Acetate.","Suggested Usage:
-Massage onto dry skin with dry hands, starting at cheeks, then nose, forehead, temples, jawline, chin, and upper lip.
-Gently sweep across closed eyes and lips.
-Wet hands.
-Massage again to emulsify.
-Rinse and pat dry."
P506718,OUI the People,Clean Slate Lactic Acid Smoothing Body Wash,Bath & Shower,Body Wash & Shower Gel,$24.00,Size: 5.5 oz / 163 ml,https://www.sephora.com/productimages/sku/s2711075-main-zoom.jpg?pb=clean-at-sephora&imwidth=160,93,"Item 2711075
ONLY AT SEPHORA
What it is: A body wash with lactic acid (AHA) gently cleanses and exfoliates, reducing the appearance of dark spots for smoother texture and even skin tone.

Skin Type: Normal, Dry, Combination, and Oily

Skincare Concerns: Pores, Dullness, and Uneven Texture

Highlighted Ingredients:
- Lactic Acid: AHA that visibly reduces skin texture and hyperpigmentation for radiant skin.
- Purple Sea Moss: Superfood with regenerative properties promotes skin health and balance.
- Purple Rice Fermentation: Antioxidants with prebiotics to protect and nourish the skin.

What Else You Need to Know: This body wash provides gentle exfoliation without stripping the skin’s natural barrier. It’s lightly scented with Oui the People’s signature Orange Blossom fragrance, a bright blend of citrus meets floral with geranium delivering a fresh finish. Oui the People products are safe for all skin types including sensitive skin and are melanin-safe.

Clean at Sephora is our commitment to offering effective products without certain ingredients, such as parabens, sulfates, phthalates, and mineral oils. Learn more here.
Show less","-Lactic Acid: AHA that visibly reduces skin texture and hyperpigmentation for radiant skin.
-Purple Sea Moss: Superfood with regenerative properties promotes skin health and balance.
-Purple Rice Fermentation: Antioxidants with prebiotics to protect and nourish the skin.

Water/Eau/Aqua, Sodium C14-16 Olefin Sulfonate, Sodium Cocoamphohydroxypropylsulfonate, Sodium Lauroyl Methyl Isethionate, Aloe Barbadensis Leaf, Lactic Acid, Oryza Sativa (Purple Rice) Hull Extract, Daucus Carota Sativa (Carrot) Extract, Citrus Limon (Lemon) Peel Extract, Ipomoea Batatas (Purple Sweet Potato) Root Extract, Chondrus Crispus Extract, Vaccinium Myrtillus Fruit Extract, Camellia Sinensis (Purple Tea) Leaf Extract, Lactobacillus Ferment Lysate, Saccharomyces Lysate, Lithothamnion Calcareum Extract, Propanediol, Sodium Chloride, Glycerin, Cocamidopropyl PG-Dimonium Chloride Phosphate, Cocoamidopropyl Betaine, Cocamidopropyl Hydroxysultaine, Cocamidopropyl Dimethylamine, Hydroxyacetophenone, Sorbitan Caprylate, Sodium Methyl Oleoyl Taurate, Sodium Cocoyl Isethionate, Alpha Olefin (C14-16), Caprylyl Glycol, 1,2-Hexanediol, Citric Acid, Tetrasodium Glutamate Diacetate, Maltodextrin, Benzoic Acid, Sodium Benzoate, Potassium Sorbate, Fragrance/Parfum, Limonene, Linalool.

.

The list of ingredients is subject to change, please consult the packaging of the product purchased.","Suggested Usage:
-Apply evenly on wet skin using hands or a loofah.
-Allow to sit on the skin for a couple of minutes.
-Rinse well.
-Use daily for best results."
P504785,St. Tropez,Luxe Body Serum,Body Moisturizers,Body Lotions & Body Oils,$48.00,Size: 6.7 oz / 200 mL,https://www.sephora.com/productimages/sku/s2643989-main-zoom.jpg?imwidth=160,926,"Item 2643989
What it is: A hydrating self-tanning serum to visibly boost your skin from the outside in.

Skin Type: Normal, Dry, Combination, and Oily

Skincare Concerns: Redness, Dullness, and Uneven Texture

Highlighted Ingredients:
- Hyaluronic Acid: Hydrates.
- Niacinamide: Visibly reduces redness.
- Collagen: Supports skin elasticity.

Ingredient Callouts: Free of parabens, formaldehydes, formaldehyde-releasing agents, phthalates, mineral oil, retinyl palmitate, oxybenzone, coal tar, hydroquinone, sulfates SLS & SLES, triclocarban, and triclosan. It is also vegan, gluten-free, and cruelty-free.

What Else You Need to Know: Made with a 100 percent natural tanning active, niacinamide, hyaluronic acid, vitamin B5, and collagen-enhancing complex, this self-tanner hydrates, smooths, soothes, visibly reduces redness, and evens the look of skin tone while delivering a natural-looking, sun-kissed glow.

Clinical Results: In an independent consumer-testing panel of 100 women:
- 97% found the product was easy to apply
- 90% found the product evened their skin tone
- 88% found that their skin felt instantly hydrated
Show less","-Hyaluronic Acid: Hydrates.
-Niacinamide: Visibly reduces redness.
-Collagen: Supports skin elasticity.

Aqua (Water), Dihydroxyacetone, Butylene Glycol, Polysorbate 20, Trehalose, Phenoxyethanol, Hydroxyethylcellulose, Saccharide Isomerate, Panthenol, Sodium Metabisulfite, Parfum (Fragrance), Maltodextrin, Caramel, Citric Acid, Ethylhexylglycerin, Sodium Hyaluronate, Biosaccharide Gum-1, Linalool, Benzyl Salicylate, Niacinamide, Sodium Citrate, Coumarin, Limonene, Hexyl Cinnamal, Hydroxycitronellal, Geraniol, Alpha-Isomethyl Ionone, Sodium Hydroxide.","Suggested Usage:
-Exfoliate and moisturize dry areas in advance.
-Glide serum on with the St. Tropez Double Sided Luxe Tan Applicator Mitt (sold separately), using the light golden sheen to guide application and ensure no missed patches.
-Tan will subtly develop over four to eight hours.
-No need to rinse.
-Exfoliate and moisturize regularly to prolong your glow.

Precautions:
-Patch test 24 hours before use.
-Do not apply to sensitive, broken, or irritated skin.
-Do not get in eyes; if you do, rinse well with water.
-Avoid contact with lips.
-Formula may stain.
-Wash palms after use.
-Store below 30°C/86°F."
P444048,Sol de Janeiro,Brazilian Bum Bum Jet Set,Value & Gift Sets,,$32.00,,,,,,
P411884,IT Cosmetics,CC+ Cream Illumination with SPF 50+,Face,BB & CC Cream,$47.00,Color: Medium - soft beige shade with warm undertones,https://www.sephora.com/productimages/sku/s1869015-main-zoom.jpg?imwidth=160,871,"Item 1869015
What it is: A color-correcting, full-coverage foundation with SPF 50 physical mineral sunscreen that delivers a flawless, radiant finish.

Coverage: Full

Finish: Radiant

Formulation: Cream

SPF: SPF 50+

Skin Type: Normal, Dry, Combination, and Oily

Highlighted Ingredients:
- Collagen: Enhances visible elasticity for a youthful, smooth appearance.
- Peptides: Help reduce the appearance of wrinkles and support natural collagen for smoother, firmer-looking skin.
- Niacin (B Vitamin): Supports skin barrier function and visible elasticity, promotes a more even-looking tone, and combats the appearance of blemishes and hyperpigmentation.

Ingredient Callouts: Free of sulfates SLS & SLES, parabens, and phthalates.

What Else You Need to Know: Developed with plastic surgeons and dermatologists, this full-coverage CC cream is infused with SPF 50 mineral sunscreen and drops of light technology for radiance. Formulated to improve the appearance of lines and wrinkles, this foundation gives a luminous, supple look to skin.
Show less","ACTIVE INGREDIENTS
TITANIUM DIOXIDE 9%
ZINC OXIDE 6.3%

INGREDIENTS:
WATER, PHENYL TRIMETHICONE, DIMETHICONE, BUTYLENE GLYCOL, BUTYLENE GLYCOL DICAPRYLATE/DICAPRATE, ORBIGNYA OLEIFERA SEED OIL, BUTYLOCTYL SALICYLATE, CETYL PEG/PPG-10/1 DIMETHICONE, CYCLOPENTASILOXANE, SNAIL SECRETION FILTRATE, ALUMINUM HYDROXIDE, MAGNESIUM SULFATE, POLYGLYCERYL-4 ISOSTEARATE, STEARIC ACID, CYCLOHEXASILOXANE, DIMETHICONE/VINYL DIMETHICONE CROSSPOLYMER, HEXYL LAURATE, CALCIUM STEARATE, CAPRYLYL GLYCOL, TRIETHOXYCAPRYLYLSILANE, ETHYL HEXANEDIOL, ETHYLHEXYLGLYCERIN, LIMONENE, CITRUS LIMON (LEMON) PEEL OIL, SORBITAN ISOSTEARATE, TOCOPHERYL ACETATE, PHENOXYETHANOL, CITRUS AURANTIUM BERGAMIA (BERGAMOT) FRUIT OIL, 1,2-HEXANEDIOL, ADENOSINE, CITRUS AURANTIUM DULCIS (ORANGE) PEEL OIL, CITRUS AURANTIFOLIA (LIME) OIL, PINUS SYLVESTRIS LEAF OIL, LINALOOL, EUCALYPTUS GLOBULUS LEAF OIL, GLYCERIN, CITRAL, HYDROLYZED COLLAGEN, STEARETH-20, CAMELLIA SINENSIS LEAF EXTRACT, OLEA EUROPAEA (OLIVE) LEAF EXTRACT, PENTAERYTHRITYL TETRA-DI-T-BUTYL HYDROXYHYDROCINNAMATE, CHLORHEXIDINE DIGLUCONATE, N-HYDROXYSUCCINIMIDE, NIACINAMIDE, HYALURONIC ACID, COLLOIDAL OATMEAL, SODIUM CITRATE, POTASSIUM SORBATE, PALMITOYL TRIPEPTIDE-1, CHRYSIN, PALMITOYL TETRAPEPTIDE-7, CITRIC ACID, BIOTIN, SILK EXTRACT, HYDROLYZED SILK, [MAY CONTAIN] MICA, IRON OXIDES, TITANIUM DIOXIDE V283863/1","Suggested Usage:
-Perfect for dry skin, apply one to two pumps of this tinted moisturizer to clean skin using the Heavenly Skin™ CC+™ Skin Perfecting Brush #702 (sold separately).
-Can be used as a full-coverage foundation, SPF 50 physical sunscreen, brightening color corrector, hydrating serum, pore-less finish primer, dark spot concealer, or moisturizing day cream.
-Pair with Your Skin But Better Makeup Primer (sold separately) and CC+ Airbrush Perfecting Powder (sold separately) for a long-lasting, full-coverage makeup look."
P505693,maude,Soothe - ingrown hair oil,Wellness,Intimate Care,$30.00,Size: 0.5 oz / 15 mL,https://www.sephora.com/productimages/sku/s2674786-main-zoom.jpg?pb=clean-at-sephora&imwidth=122,95,"Item 2679710
What it is: An essential oil blend to calm skin post-shave and prevent ingrown hairs that’s safe for full-body use.

Skin Type: Normal, Dry, Combination, and Oily

Highlighted Ingredients:
- Jojoba Oil: Full of skin-supporting vitamins—a moisturizing, functional carrier oil.
- Chamomile and Tea Tree Oil: Soothing, antimicrobial oils.

What Else You Need to Know: An ingrown hair oil formulated to soften skin while soothing irritation. The moisturizing, antimicrobial oil blend works to calm existing and prevent future ingrown hairs. Safe for full-body use including intimate areas, legs, and face. It’s lightly fragranced with lavender and lemongrass.



Clean at Sephora is our commitment to offering effective products without certain ingredients, such as parabens, sulfates, phthalates, and mineral oils. Learn more here.
Show less","Carthamus Tinctorius (Safflower) Seed Oil, Vitis Vinifera (Grape) Seed Oil, Prunus Amygdalus Dulcis (Sweet Almond) Oil, Simmondsia Chinensis (Jojoba) Seed Oil, Ricinus Communis (Castor) Seed Oil, Chamomilla Recutita Flower Oil, Oenothera Biennis (Evening Primrose) Oil, Helianthus Annuus (Sunflower) Seed Oil, Tocopheryl Acetate, Melaleuca Alternifolia (Tea Tree) Leaf Oil, Lavandula Angustifolia (Lavender) Oil, Cymbopogon Flexuosus (Lemongrass) Oil, Farnesol, Linalool, Limonene.


The list of ingredients is subject to change, please consult the packaging of the product purchased.","Suggested Usage:
-Squeeze a handful of drops on skin post-shave or on irritated areas as a spot treatment.
-Do not use on broken skin.
-For external use only.

Recycling Instructions:
-Packaging is curbside recyclable."
P506553,Augustinus Bader,The Eye Patches,Masks,Eye Masks,$23.00,Size: 1 Set / 2 Patches,https://www.sephora.com/productimages/sku/s2694388-main-zoom.jpg?imwidth=160,289,"Item 2694388
What it is: A pack of visibly revitalizing hydrogel eye patches—powered by TFC8®.

Skin Type: Normal, Dry, Combination, and Oily

Skincare Concerns: Fine Lines and Wrinkles, Dryness, and Dark Circles

Formulation: Mask

Highlighted Ingredients:
- TFC8®: Creates an environment for the body’s innate processes of repair and renewal.
- Acetylated Hyaluronic Acid: Visibly hydrates and plumps under-eye skin.
- Fermented Polysaccharide: Visibly brightens and reduces fine lines and wrinkles.

Ingredient Callouts: Free of parabens, formaldehydes, formaldehyde-releasing agents, phthalates, sulfates SLS & SLES, and contains less than one percent synthetic fragrance. It is also vegan, gluten-free, cruelty-free, and comes in recyclable packaging.

What Else You Need to Know: These hydrogel eye patches visibly hydrate, brighten, and plump at rapid speed while reducing the appearance of dark circles, fine lines, and hyperpigmentation.

Clinical Results: In a 4-week clinical trial of 60 male and female participants (ages 25 to 70) with self-perceived sensitive skin:
- Dark circles were visibly reduced by 86%
- Eye puffiness was visibly reduced by 89%
- The appearance of fine lines and wrinkles was reduced by 71%

In a clinical trial of 60 male and female participants (ages 25 to 70) with self-perceived sensitive skin, evaluated after 1 application:
- Dark circles were visibly reduced by 42%
- Eye-area brightness was visibly improved by 95%
- The appearance of fine lines and wrinkles was reduced by 27%
Show less","-TFC8®: Creates an environment for the body’s innate processes of repair and renewal.
-Acetylated Hyaluronic Acid: Visibly hydrates and plumps under-eye skin.
-Fermented Polysaccharide: Visibly brightens and reduces fine lines and wrinkles.

Aqua/Water/Eau, Glycerin, 1,2-Hexanediol, Chondrus Crispus Powder, Ceratonia Siliqua Gum, Xanthan Gum, Allantoin, Synthetic Fluorphlogopite, Niacinamide, Panthenol, CI 77491 (Iron Oxide), Agar, Cyamopsis Tetragonoloba (Guar) Gum, CI 77891 (Titanium Dioxide), Ethylhexylglycerin, Adenosine, Calcium Lactate, Glucose, Potassium Chloride, Pentylene Glycol, Sodium Phytate, Chlorphenesin, Rhizobian Gum, Sodium Acetylated Hyaluronate, Tin Oxide, Tocopheryl Acetate, Caprylic/Capric Triglyceride, Hydrogenated Phosphatidylcholine, Hydrolyzed Rice Protein, Maltodextrin, Citric Acid, Alanyl Glutamine, Arginine, Butyrospermum Parkii (Shea) Butter, Camellia Sinensis Leaf Extract, Squalane, Brassica Alba Seed Extract, Ceramide NP, Hydrogenated Lecithin, Oligopeptide-177, Phenylalanine, Potassium Sorbate, Sodium Chloride.","Suggested Usage:
-Apply to clean, dry under-eye skin two to three times per week, or as desired.
-Leave on for 20 minutes.
-Follow with the rest of your skincare routine.

Recycling Instructions:
-Recycle FSC-certified folding carton and liner."
P394397,Murad,Invisiblur™ Perfecting Face Sunscreen Broad Spectrum SPF 30 PA+++,Treatments,Face Serums,$71.00,Size: 1 oz/ 30 mL,https://www.sephora.com/productimages/sku/s2212058-main-zoom.jpg?imwidth=160,788,"Item 2212058
What it is: A three-in-one solution addressing the look of wrinkles, pores, and uneven texture with a velvety-smooth colorless formula that primes for 12 hours of flawless makeup wear.

Highlighted Ingredients:
- Mushroom Peptides: Fight visible signs of aging to help restore the look of firmness.
- Soft-Focus Complex: Smooths skin for visibly improved tone.
- Sunflower and Cucumber Extracts: Enhance skin’s moisture retention.

Ingredient Callouts: This product is gluten-free and cruelty-free.

What Else You Need to Know: This innovative colorless primer combines skin benefits from peptides and plant extracts with invisible SPF to defend against UV damage for flawless-looking makeup benefits. This product is cruelty-free, non-comedogenic, and formulated without gluten- and animal-derived ingredients.
Show less","-Mushroom Peptides: Fight visible signs of aging to help restore the look of firmness.
-Soft-Focus Complex: Smooths skin for visibly improved tone.
-Sunflower and Cucumber Extracts: Enhance skin’s moisture retention.

Isododecane, Dimethicone/Bis-Isobutyl PPG-20 Crosspolymer, Caprylic/Capric Triglyceride, Caprylyl Methicone, Phenyl Trimethicone, Diethylhexyl 2,6-Naphthalate, Hydrogenated Soybean Oil, Ribes Nigrum (Black Currant) Seed Oil, Paeonia Suffruticosa Root Extract, Rosmarinus Officinalis (Rosemary) Leaf Extract, Solidago Virgaurea (Goldenrod) Extract, Helianthus Annuus (Sunflower) Seed Extract, Hordeum Vulgare (Barley) Extract, Cucumis Sativus (Cucumber) Fruit Extract, Lentinus Edodes (Shiitake Mushroom) Extract, Mucor Miehei Extract, Propylene Glycol Dicaprate, Tocopheryl Acetate, Retinyl Palmitate, Ascorbic Acid, Octyldodecanol, Octyldodecyl Stearoyl Stearate, Octyldodecyl Oleate, Hydrogenated Soy Polyglycerides, Silica, Sodium Propoxyhydroxypropyl Thiosulfate Silica, Butylene Glycol, C15-23 Alkane, PEG-8 Dimethicone, Alcohol, Benzyl Benzoate, Citral, Hexyl Cinnamal, Hydroxyisohexyl 3-Cyclohexene Carboxaldehyde, Limonene, Linalool, Fragrance.","Suggested Usage:
-Apply a thin, even layer over face as the last step of your skincare regimen before makeup application. May be applied under makeup or worn alone."
P431419,,,,,,,,,,,
P513501,Therabody,TheraFace Depuffing Wand for Under Eye Bags & Dark Circles,High Tech Tools,,$159.99,,,,,,
P510357,Soft Services,Comfort Cleanse Ultra-Soothing + Moisturizing Body Wash,Bath & Shower,Body Wash & Shower Gel,$32.00,Size: 10 oz,https://www.sephora.com/productimages/sku/s2678217-main-zoom.jpg?pb=clean-at-sephora&imwidth=160,51,"Item 2678217
ONLY AT SEPHORA
What it is: A hydrating, sensitive-skin-safe cleanser for daily showering that works as an all-in-one body wash, intimate wash, and shaving lubricant.

Skin Type: Normal, Dry, Combination, and Oily

Skincare Concerns: Dryness

Formulation: Lightweight Liquid

Highlighted Ingredients:
- Glycerin 25%: Hydrates and soothes skin, even after rinsing.

Ingredient Callouts: Free of parabens, formaldehydes, formaldehyde-releasing agents, phthalates, mineral oil, retinyl palmitate, oxybenzone, coal tar, hydroquinone, sulfates SLS & SLES, triclocarban, triclosan, and contains less than one percent synthetic fragrance. It is also cruelty-free and comes in recyclable packaging.

What Else You Need to Know: This unique water-oil formula softly foams when lathered, binding to surface grime for a thorough cleanse—without the harsh surfactants. It rinses clean, leaving skin in total comfort. It’s perfect for frequent showerers and those with chronically dry, itchy, irritated, sensitive skin. It also reduces shaving irritation.

Clinical Results: In a 4-week consumer-perception study of 44 participants:
- 100% agreed it was nonirritating for skin
- 95% agreed it was less drying than other body washes they've tried
- 91% said skin felt more moisturized and comfortable over time

Clean at Sephora is our commitment to offering effective products without certain ingredients, such as parabens, sulfates, phthalates, and mineral oils. Learn more here.
Show less","-Glycerin 25%: Hydrates and soothes skin, even after rinsing.

Water/Aqua/Eau, Glycerin, PEG-6 Caprylic/Capric Glycerides, Lauryl Glucoside, Sodium Cocoamphoacetate, 1,2-Hexanediol, Acrylates Crosspolymer-4, Anhydroxylitol, Caprylyl Glycol, Citric Acid, Glucose, Sodium Chloride, Sodium Glycolate, Xylitol, Xylitylglucoside.

The list of ingredients is subject to change, please consult the packaging of the product purchased.","Suggested Usage:
-For daily showering, apply liberally onto wet skin. Massage all over body with hands, concentrating on areas needing thorough cleansing.
-Rinse.
-For body shaving, position the hair removal area away from direct shower spray. Swipe gel liberally over skin to create a thin surface coat. Do not rub to create foam. Shave as you normally prefer, and massage skin under running water to rinse clean.
-Safe for all-over cleansing, including intimate areas.

Recycling Instructions:
-Break down the outer carton by flattening the auto-constructed bottom. Place in normal curbside paper recycling.
-In order to recycle any aluminum bottle, it must first be cleaned. Fill the empty bottle halfway with warm water and dish soap. Seal with either the locking pump or cap and shake to clean. Repeat if needed. Follow with a warm water rinse. Remove the gasket from the inside top of the aluminum cap (the small white disc placed inside the cap that keeps the cream from leaking in transit) and discard. Place both the bottle and cap in normal curbside metal recycling.

Reusable instructions:
-The locking pump, like almost all similar pumps, is made of multiple materials and small parts, which unfortunately makes it non-recyclable. It can be cleaned and reused.
-To clean, fill your empty bottle with warm water and dish soap, shake, and pump the solution through the component.
-Repeat with clean water to rinse."
P469513,Paula's Choice,CLEAR Pore Normalizing Acne Cleanser,Cleansers,Face Wash & Cleansers,$24.00,Size: 6 oz/ 177 mL,https://www.sephora.com/productimages/sku/s2421261-main-zoom.jpg?imwidth=160,113,,,
P426501,La Mer,Mini Crème de la Mer Moisturizer,Mini Size,,$100.00,Size: 0.5 oz/ 15 mL,https://www.sephora.com/productimages/sku/s1932193-main-zoom.jpg?imwidth=160,1.5K,"Item 1932193
What it is: An iconic, rich cream that thoroughly hydrates, visibly soothes redness and irritation, and is ideal for dry skin.

Skin Type: Dry

Skincare Concerns: Dryness, Redness, Fine lines and wrinkles

Formulation: Rich Cream

Highlighted Ingredients:
- Miracle Broth™: Helps create the perfect environment to calm the look of redness and other signs of irritation.
- Lime Tea Concentrate: Contains antioxidants to protect skin from irritation due to environmental stressors.
- Giant Sea Kelp: Support’s skin’s natural healing process.

What Else You Need to Know: Crème de la Mer is the original moisture miracle of La Mer's five moisturizers. Lines and wrinkles appear visibly repaired. Skin feels firmer, looks healthier, and appears visibly renewed. Miracle Broth™, the skin-loving elixir at the heart of every La Mer treatment, helps calm the look of redness and other signs of irritation.
Show less","-Miracle Broth™: Helps create the perfect environment to calm the look of redness and other signs of irritation.
-Lime Tea Concentrate: Contains antioxidants to protect skin from irritation due to environmental stressors.
-Giant Sea Kelp: Support’s skin’s natural healing process.

Algae (Seaweed) Extract, Mineral Oil\Paraffinum Liquidum\Huile Minerale, Petrolatum, Glycerin, Isohexadecane, Microcrystalline Wax\Cera Microcristallina\Cire Microcristalline, Lanolin Alcohol, Citrus Aurantifolia (Lime) Extract, Sesamum Indicum (Sesame) Seed Oil, Eucalyptus Globulus (Ecalyptus) Leaf Oil, Sesamum Indicum (Sesame) Seed Powder, Medicago Sativa (Alfalfa) Seed Powder, Helianthus Annuus (Sunflower) Seedcake, Prunus Amygdalus Dulcis (Sweet Almond) Seed Meal, Sodium Gluconate, Potassium Gluconate, Copper Gluconate, Calcium Gluconate, Magnesium Gluconate, Zinc Gluconate, Magnesium Sulfate, Paraffin, Tocopheryl Succinate, Niacin, Water\Aqua\EAU, Beta-Carotene, Decyl Oleate, Aluminum Distearate, Octyldodecanol, Citric Acid, Cyanocobalamin, Magnesium Stearate, Panthenol, Limonene, Geraniol, Linalool, Hydroxycitronellal, Citronellol, Benzyl Salicylate, Citral, Sodium Benzoate, Alcohol Denat., Fragrance (Parfum)

Please be aware that ingredient lists may change or vary from time to time. Please refer to the ingredient list on the product package you receive for the most up to date list of ingredients.","Suggested Usage:
-Warm a small amount for a few seconds by smoothing it between the fingertips.
-Once translucent, gently press into face and neck, taking care not to massage.
-Apply day and evening.

-For two healing hydrators, pair The Treatment Lotion (sold separately) with Crème de la Mer: First press on the Treatment Lotion, then warm a little Crème de la Mer and apply."
P438637,BeautyBio,Bright Eyes Restorative Colloidal Silver Depuffing & Brightening Eye Gels,Masks,Eye Masks,$40.00,Size: 15 pairs,https://www.sephora.com/productimages/sku/s2163053-main-zoom.jpg?imwidth=160,210,"Item 2163053
What it is: A pair of eye masks that de-puffs and brightens the look of eyes while diminishing the appearance of fine lines.

Skin Type: Normal, Dry, Combination, and Oily

Skincare Concerns: Dark Circles, Fine Lines and Wrinkles, and Puffiness

Formulation: Lightweight Mask

Highlighted Ingredients:
- Illuminating Pearl: Helps eyes appear brighter and more rested.
- Natural Collagen: Helps firm and tighten skin’s appearance.
- Colloidal Silver: Helps diminish the appearance of puffiness.

Ingredient Callouts: This product is cruelty-free, and gluten-free, and comes in recyclable packaging.

What Else You Need to Know: These masks are formulated with pure colloidal silver which helps nurture skin to give the look of up to 10 hours of rest. The illuminating pearl helps eyes appear brighter while natural collagen helps firm and tighten the look of skin. These masks may also be used on nose-to-mouth area.

Clinical Results: In a consumer perception survey after using Bright Eyes:
- 100% agreed eyes appeared brighter
- 100% said under-eye skin felt smoother
- 97% felt under-eye puffiness was reduced


Show less","-Illuminating Pearl: Helps eyes appear brighter and more rested.
-Natural Collagen: Helps firm and tighten skin’s appearance.
-Colloidal Silver: Helps diminish the appearance of puffiness.
WATER/AQUA/EAU, GLYCERIN, COLLOIDAL SILVER, PROPYLENE GLYCOL, BETAINE, HAMAMELIS VIRGINIANA (WITCH HAZEL) EXTRACT, CHONDRUS CRISPUS POWDER, MICA, ALOE BARBADENSIS LEAF JUICE, HYDROLYZED COLLAGEN, SODIUM HYALURONATE, GLUCOMANNAN, ALGIN, NIACINAMIDE, PEARL POWDER, FRAGRANCE/PARFUM, XANTHAN GUM, CHLORPHENESIN, PHENOXYETHANOL, POTASSIUM CHLORIDE, CITRIC ACID, POTASSIUM CITRATE","Suggested Usage:
-Apply to clean, dry skin.
-May be used under the eyes and on nose-to-mouth lines.
-Allow key ingredients to soak into application area for at least 10 minutes, may be worn longer.
-Discard patches after each use."
P506563,ILIA,The Cleanse Soft Foaming Cleanser + Make Up Remover,Cleansers,Face Wash & Cleansers,$32.00,,,,,,
P513611,Lancôme,Hydra Zen Gel Cream Soothing Moisturizer,Moisturizers,Face Creams,$60.00,Size: 1.7 oz / 50 ml,https://www.sephora.com/productimages/sku/s2813293-main-zoom.jpg?imwidth=160,3,"Item 2813293
What it is: Hydra Zen Gel Cream is a lightweight, hydrating, and soothing moisturizer that leaves skin feeling refreshed and less irritated.

Skin Type: Normal, Combination, and Oily

Skincare Concerns: Dryness, Redness, and Dullness

Highlighted Ingredients:
- Hyaluronic Acid: known to provide intense hydration and plumping the skin
- Bisabolol: known to protect against environmental aggressors and free radical damage
- Natural-Origin Centifolia Rose Extract: known to provide moisture to the skin and soothe skin

Ingredient Callouts: Free of parabens and mineral oil.

What else you need to know: Hydra Zen Gel Cream is a lightweight, hydrating, and soothing moisturizer that leaves skin feeling refreshed and less irritated, while helping to strengthen the skin’s moisture barrier. Best for oily and combination skin types, including sensitive. 

Clinical Results: 
•    91% agree skin felt softer 

After 1 week:
•    91% agree skin felt soothed
•    88% agree product gives a healthy glow to skin 

After 4 weeks:
•    97% agree skin feels hydrated****
•    86% agree overall skin quality looks improved 

*Clinical test with 28 women after 72 hours
**Clinical test with 24 women after 30 minutes 
***Clinical test with 79 women after 4 weeks 
****Based on a multi-ethnic self-assessment test of 170 women after 4 weeks
Show less","-Hyaluronic Acid: Enhances moisture retention and skin hydration.
-Salicylic Acid: Visibly smooths skin texture.
-Amino Acids: Support skin texture to appear supple and smooth.

Aqua/Water/Eau, Glycerin, Dimethicone, Cetearyl Ethylhexanoate, Alcohol Denat, Ammonium Polyacryloyldimethyl Taurate, Ci 14700/Red 4, Pca, Alanine, Madecassoside, Sodium Pca, Sodium Lactate, Sodium Hyaluronate, Sodium Hydroxide, Phenoxyethanol, Paeonia Suffruticosa Root Extract, Phenylalanine, Arginine, Eugenol, Trisodium Ethylenediamine Disuccinate,  Chlorphenesin, Salicylic Acid, Valine, Palmitoyl Tripeptide-8, Dimethiconol, Limonene, Xanthan Gum, Benzyl Alcohol, Isopropyl Myristate, Propylene Glycol, Aloe Barbadensis Leaf Juice Powder, Proline, Isoleucine, Aspartic Acid, Alpha-Isomethyl Ionone, Sorbitol, Moringa Oleifera Seed Extract, Serine, Threonine, Rosa Gallica Flower Extract,  Disodium Phosphate, Histidine, Octyldodecanol, Butylene Glycol, Citric Acid, Dextran, Glycine, Parfum/Fragrance (F.I.L. : N285959/1).","Suggested Usage:
-Use daily, in the morning and at night, after cleansing and applying your face serum.
-Apply a dime-size amount of the moisturizer onto the face and neck, and massage into the skin until absorbed.
-Follow with your eye care and/or makeup routine."
P516208,Ultra Violette,Vibrant Screen SPF 50 Water Resistant Face and Body Sunscreen,Sunscreen,Face Sunscreen,$30.00,Size: 3.38 oz / 100mL,https://www.sephora.com/productimages/sku/s2853810-main-zoom.jpg?imwidth=160,182,"Item 2853810
ONLY AT SEPHORA
What it is: A sweat-safe, water-resistant face and body sunscreen is hydrating, non-greasy, and helps protects your skin the harmful effects of UV rays.

Skin Type: Normal, Dry, and Combination

Skincare Concerns: Fine Lines and Wrinkles, Dryness, and Dullness

Formulation: CReam

Highlighted Ingredients:
- SPF 50 UVA and UVB: Broad-spectrum UV filters that help prevent the look of hyperpigmentation and diminish visible signs of premature aging.
- Aloe Vera: Nourishes and soothes for healthy, glowing skin.
- Vitamin E: A calming antioxidant to soothe and hydrate.

Ingredient Callouts: Free of parabens, formaldehydes, formaldehyde-releasing agents, phthalates, mineral oil, retinyl palmitate, oxybenzone, coal tar, hydroquinone, sulfates SLS & SLES, triclocarban, triclosan, and contains less than one percent synthetic fragrance. It is also gluten-free and cruelty-free.

What Else You Need to Know: This is a lightweight, broad-spectrum face and body sunscreen lotion with 80 minutes water resistance and a glowy-not-sweaty skin finish. It is perfect for all skin types and tones, protecting your skin from tip-to-toe. ULTRA VIOLETTE’s range is made and tested under the harshest conditions in the world, the Australian sun.

Clinical Results: Based on a consumer study of 20 people over seven days:
- 100% agreed Vibrant Screen SPF 50 offers silky smooth application
- 90% agreed Vibrant Screen SPF 50 feels lightweight on skin and is blendable for seamless application
Show less","-SPF 50 UVA and UVB: Broad-spectrum UV filters that help prevent the look of hyperpigmentation and diminish visible signs of premature aging.
-Aloe Vera: Nourishes and soothes for healthy, glowing skin.
-Vitamin E: A calming antioxidant to soothe and hydrate.

Avobenzone 3%, Homosalate 10%, Octisalate 5%, Octocrylene 8%, Water, Cera Alba, Cyclopentasiloxane, Cetearyl Alcohol, Isopropyl Palmitate, Ceteareth-20, Cyclohexasiloxane, Benzyl Alcohol, Tocopheryl Acetate, Aloe Barbadensis Leaf Juice, Hydroxyacetophenone, Saccharide Isomerate, Mica, Phenoxyethanol, Triethanolamine, Sodium Stearoyl Glutamate, Carbomer, Fragrance, Citric Acid, Sodium Citrate, Benzyl Salicylate, Hexyl Cinnamal, Linalool, Titanium Dioxide (CI 77891), Iron Oxides (CI 77491).","Suggested Usage:
-Apply daily and generously
-For face, use as the final step in your morning skincare routine, after moisturizer and before makeup (if any)
-For body, use as you would any normal body lotion as the final step of your daily body care routine
-Apply 15 minutes before sun exposure
-Reapply at least every two hours or after 80 minutes of swimming or sweating"
P509316,OLEHENRIKSEN,Double Rewind Pro-Grade 0.3% Retinol for Fine Lines & Wrinkles,Treatments,Face Serums,$72.00,Size: 1 oz / 30 mL,https://www.sephora.com/productimages/sku/s2731826-main-zoom.jpg?pb=clean-at-sephora&imwidth=160,144,"Item 2731826
ONLY AT SEPHORA
What it is: An innovative retinol serum that renews and replenishes skin to visibly improve fine lines and wrinkles in as little as two weeks.*
Skin Type: Normal, Dry, Combination, and Oily

Skincare Concerns: Dark Spots and Uneven Texture

Highlighted Ingredients:
- 0.3% Pure Encapsulated Retinol: Pure vitamin A encapsulated in vegan vitamin E and cellulose for defense against free radicals; delivers visible wrinkle-fighting results.
- Provitamin A (Beta-Carotene): A larger vitamin A derivative that pairs well with traditional retinol for optimal results.
- 20% Aloe Juice: Hydrates and refreshes skin.

Ingredient Callouts: Free of parabens, formaldehydes, formaldehyde-releasing agents, phthalates, mineral oil, retinyl palmitate, oxybenzone, coal tar, hydroquinone, sulfates SLS & SLES, triclocarban, triclosan, and contains less than one percent synthetic fragrance. It is also gluten-free, cruelty-free, and comes in recyclable packaging.

What Else You Need to Know: This professional-grade retinol serum balances two potent retinoids with soothing aloe vera and a nourishing Scandinavian botanical complex to transform your skin. Created for new and experienced retinol users, the dual-action formula visibly evens skin tone, smooths texture, and diminishes the look of fine lines, wrinkles, and dark spots while restoring skin’s clarity and youthful glow.

Clinical Results: *In a 12-week study on 35 people:
In just 2 weeks:
- Visibly improves fine lines and wrinkles

After 8 weeks:
- Boosts hydration by 20%
- Strengthens the skin barrier

Clean at Sephora is our commitment to offering effective products without certain ingredients, such as parabens, sulfates, phthalates, and mineral oils. Learn more here.
Show less",,
P477805,MAKEUP BY MARIO,Perfecting Lip Scrub,Lip,Lip Balms & Treatments,$24.00,,,,,,
P512302,Murad,The Science of Healthy Skin: Clear Breakouts + Control Oil,Value & Gift Sets,,$29.00,,,,,,
P502827,FOREO,LUNA™ 4 Facial Cleansing & Firming Massage for Sensitive Skin,High Tech Tools,Facial Cleansing Brushes,,,,,,,
P482739,Shiseido,Urban Environment Oil-Free SPF 42 Face Sunscreen w/ Hyaluronic Acid,Sunscreen,Face Sunscreen,$50.00,Size: 1.6 oz/ 50 mL,https://www.sephora.com/productimages/sku/s2534907-main-zoom.jpg?imwidth=160,1.4K,"Item 2534907
What it is: A lightweight, daily oil-free face sunscreen infused with hyaluronic acid that protects against harmful UVA/UVB rays and doubles as a face primer.

Skin Type: Normal, Dry, Combination, and Oily

Skincare Concerns: Fine Lines and Wrinkles, Dryness, and Acne and Blemishes

Formulation: Lightweight Liquid

Highlighted Ingredients:
- Hyaluronic Acid: Delivers, attracts, and retains moisture.
- Spirulina Energy Essence: Converts sunlight to target factors that lead to dryness.
- Licorice Root Extract: Soothes breakout-prone skin and visibly evens out skin tone.

Ingredient Callouts: Free of parabens, formaldehydes, phthalates, mineral oil, retinyl palmitate, oxybenzone, coal tar, hydroquinone, sulfates SLS & SLES, triclocarban, and triclosan.

What Else You Need to Know: More than a sunscreen, it’s sun-powered skincare. Shiseido’s lightweight, daily sunscreen blocks broad spectrum UV, pollutants, and blue light while boosting the skin barrier with hyaluronic acid. The formula absorbs oil and primes skin with a soft matte finish. It is also non-comedogenic and dermatologist tested.

Clinical Results: In a test with 103 women:
- 86% said this product controls excess sebum during the day
- 98% said this product makes their skin feel healthier after 2 weeks of regular use
- 99% said this product makes their skin feel more hydrated after 4 weeks of regular use
Show less",,
P380001,Estée Lauder,DayWear Anti-Oxidant 24-Hour Moisturizer Cream SPF 15 for Dry Skin,Moisturizers,Face Creams,$62.00,Size: 1.7 oz/ 50 mL,https://www.sephora.com/productimages/sku/s1468156-main-zoom.jpg?imwidth=160,24,"Item 1468156
What it is: A high-performance moisturizer that defends skin against signs of premature aging and diminishes the appearance of aging.

Skin Type: Dry

Skincare Concerns: Dryness

Formulation: Cream

What Else You Need to Know: This hydrating moisturizer formula with broad spectrum SPF 15 sunscreen infuses skin with an intense surge of moisture for 24 hours. It includes the brand's proven Super Anti-Oxidant Complex and broad-spectrum sunscreen, and it reduces the first signs of aging, such as dullness, dryness, loss of radiance and fine, dry lines. Your skin is left refreshed.
Show less",,
P417307,Origins,A Perfect World™ SPF 40 Age-Defense Moisturizer with White Tea,Moisturizers,Face Creams,$58.00,Size: 1.7 oz/ 50 mL,https://www.sephora.com/productimages/sku/s1916261-main-zoom.jpg?imwidth=160,365,"Item 1916261
Which skin type is it good for?
✔ Normal
✔ Oily
✔ Combination
✔ Dry

What it is:
An age-defense, oil-free, antioxidant-rich moisturizer that helps protect against environmental aggressors like UV and pollution.

Solutions for:
- Dryness

If you want to know more…
Hydrate, brighten, and boost skin’s barrier. Age-Defense Moisturizer helps prevent premature signs of aging, while protecting skin from UV damage with higher SPF 40. It protects against environmental aggressors like infrared rays and pollution with antioxidants from white tea, leaving skin looking healthy and bright.

What else you need to know:
This product is free of mineral oil and petroleum.


Show less",,
P459306,Sol de Janeiro,Bum Bum Body Scrub,Bath & Shower,Scrub & Exfoliants,$42.00,Size: 7.8 oz / 220 g,https://www.sephora.com/productimages/sku/s2742104-main-zoom.jpg?imwidth=160,479,"Item 2742104
What it is: A soft-as-sand body scrub that gently exfoliates and moisturizes with crushed cupuaçu seeds and sugar crystals for summer-smooth skin year round.

Skin Type: Normal, Dry, Combination, and Oily

Skincare Concerns: Dryness, Dullness, and Loss of Firmness and Elasticity

Formulation: Scrub

Highlighted Ingredients:
- Crushed Cupuaçu Seeds: Gently buff and smooth while bringing a luxurious creaminess.
- Sugar Crystals: A natural humectant and gentle exfoliator to refresh skin’s appearance.
- Pressed Pure Coconut Oil: Kisses skin with light, luscious moisture.
- Guaraná: Supports natural circulation, boosts energy, and smooths skin; contains five times the caffeine of coffee.

Ingredient Callouts: Free of sulfates SLS and SLES, parabens, formaldehydes, formaldehyde-releasing agents, phthalates, mineral oil, retinyl palmitate, oxybenzone, coal tar, hydroquinone, triclosan, and triclocarban. This product is also vegan, cruelty-free, and gluten-free.

What Else You Need to Know: Inspired by the golden beaches of Rio, this ultra-fine body scrub polishes and nourishes with a microbead-free blend for softly shimmered, Rio-radiant skin scented with the iconic Cheirosa ’62 fragrance. Infused with caffeine-rich guaraná, this spa-worthy treat leaves skin silky, never greasy.
Show less",,
P516222,ISDIN,Fusion Water Magic SPF 40 Sunscreen with Hyaluronic Acid and Vitamin E,Sunscreen,Face Sunscreen,$38.00,Size: 1.7 oz/50 mL,https://www.sephora.com/productimages/sku/s2858694-main-zoom.jpg?imwidth=160,293,"Item 2858694
NEW
What it is: An ultra-light, intensely hydrating SPF 40 daily facial sunscreen that quickly melts into the skin, leaving a nongreasy finish with no white cast.

Skin Type: Normal, Dry, Combination, and Oily

Skincare Concerns: Dryness

Formulation: Liquid

Highlighted Ingredients:
- Hyaluronic Acid: Intensely hydrates, leaving skin feeling soft and moisturized.
- Vitamin E: Protects skin from sun damage by fighting against free radicals.
- Mediterranean Algae: Provides antioxidant action that helps combat free-radical damage.

What Else You Need to Know: From Spain’s number one sun-care brand, this broad-spectrum sunscreen provides 360° protection against harmful environmental aggressors, free radicals, pollution, blue light, and thermal aging. Its lightweight, noncomedogenic formula is dermatologist tested and suitable for all skin types and tones.

Clinical Results: In a clinical study with 33 consumers across every Fitzpatrick type, after 28 days:
- 97% of consumers felt product texture is ultra-light and left no greasy residue
- 96% felt there was no white cast or pilling
- 91% of subjects would recommend the product
Show less",,
P500329,Kosas,Plump + Juicy Lip Booster Buttery Treatment,Lip Balms & Treatments,,$25.00,Size: 0.5 oz / 15 mL,https://www.sephora.com/productimages/sku/s2600849-main-zoom.jpg?pb=clean-at-sephora&imwidth=160,271,"Item 2600849
What it is: A clean, buttery formula packed with rich, concentrated fatty acids and lip-boosting actives for your smoothest, fullest, most cushiony-looking lips ever.

Formulation Type: Lip Gloss, Lip Balm & Treatment, Lip Plumper

Benefits: Hydrating, Plumping

Highlighted Ingredients:
- Concentrated Fatty Acids: Soothe, soften, and visibly repair dryness.
- Plump Oleactif: Visibly strengthens and plumps.
- Peptides: Visibly firm and smooth.

Ingredient Callouts: This product is vegan, gluten-free, cruelty-free, and comes in recyclable packaging.

What Else You Need to Know: This powerhouse formula softens and hydrates, soothing dry, flaky lips and visibly reducing the look of fine lines. It contains seven times more lip boosting actives—hyaluronic acid, peptides and plumping botanicals—for full, cushiony-looking lips without the sting. The smooth, buttery texture is never sticky or greasy.

Clinical Results: Based on a consumer study of 33 women after using Plump & Juicy Lip Booster overnight:
- 94% agreed lips were more moisturized, smoother, softer, less flaky, less irritated, and soothed
- 82% agreed lips appeared plumper



Clean at Sephora is our commitment to offering effective products without certain ingredients, such as parabens, sulfates, phthalates, and mineral oils. Learn more here.
Show less",,
P506832,Topicals,Sealed Active Scar Filling Primer for Acne Prone Skin,Face,Face Primer,$34.00,,,,,,
P449835,tarte,mini maracuja face & body oil,Mini Size,,$18.00,Size: 0.5 oz/ 15 mL,https://www.sephora.com/productimages/sku/s1659556-main-zoom.jpg?imwidth=160,67,"Item 1659556
What it is: A vegan, multitasking powerhouse from maracuja seeds that promotes firmer, brighter, and smoother-looking skin. 

Skin Type: Normal, Dry, Combination, and Oily

Skincare Concerns: Dryness and Dullness and Uneven Texture

Formulation: Oil

Highlighted Ingredients:
- Maracuja Oil: Rich in essential fatty acids and vitamin C for firmer, brighter, smoother-looking skin.

Ingredient Callouts: This product is vegan, cruelty-free, and gluten-free, and comes in recyclable packaging.

What Else You Need to Know: This quick-absorbing Maracuja Oil helps balance and nourish all skin typeseven oily and blemish-pronewithout feeling greasy. The cold-pressed oil is naturally packed with vitamin C and essential fatty acids to help boost radiance.

Clinical Results: In a consumer perception study using Maracuja Oil:
- 96% saw an overall noticeable improvement in skin 
- 91% saw a reduction in fine lines and wrinkles 
- 94% saw an improvement in skin texture 
- 94% said skin appeared renewed and rejuvenated 

Show less",,
P455232,Jack Black,Black Reserve Body & Hair Cleanser,Bath & Shower,Body Wash & Shower Gel,$52.00,Size: 33 oz/ 975 mL,https://www.sephora.com/productimages/sku/s2332955-main-zoom.jpg?imwidth=160,13,"Item 2332955
What it is: A dual-purpose body-and-hair cleanser created exclusively for the Jack Black man.

Formulation: Liquid

Highlighted Ingredients:
- Aloe Vera: Helps soothe, calm, and visibly soften the skin.
- Panthenol (Pro-Vitamin B5): Provides lightweight moisturization that visibly softens and smooths skin and hair.
- Shea Butter: Contains essential fatty acids to hydrate and moisturize dry skin and hair.

Ingredient Callouts: Free of sulfates SLS and SLES, parabens, formaldehydes, formaldehyde-releasing agents, phthalates, mineral oil, oxybenzone, coal tar, hydroquinone, triclosan, and triclocarban. This product is also vegan, cruelty-free, and gluten-free.

What Else You Need to Know: This dual-purpose, sulfate-free body-and-hair cleanser is an experience that leaves skin feeling clean without over drying. The aromas of lavender and bergamot soothe and relax, while coriander and patchouli add to the distinctive scent.
Show less",,
P509937,Dr. Jart+,Cicapair™ Redness Rescue Kit for Sensitive Skin,Value & Gift Sets,,,,,,,,
P510314,GUERLAIN,Abeille Royale Double Clarify & Repair Essence,Moisturizers,Mists & Essences,$135.00,Size: 5.07 oz,https://www.sephora.com/productimages/sku/s2755890-main-zoom.jpg?imwidth=160,Write a review,"Item 2755890
What it is: An essence that is formulated with 93 percent naturally derived ingredients and a powerful brightness-activating concentrate.

Skin Type: Normal and Dry

Skincare Concerns: Dark Spots, Fine Lines and Wrinkles, and Dryness

Highlighted Ingredients:
- High-Diffusion Vitamin C Derivative: Boosts the complexion’s radiance.
- Exfoliating AHA: Revitalizes the skin to reveal a fresher and more even complexion.
- Brightness Activating White Honey: Has a clarifying effect comparable to niacinamide.

Ingredient Callouts: Free of parabens, formaldehydes, formaldehyde-releasing agents, phthalates, mineral oil, retinyl palmitate, oxybenzone, coal tar, hydroquinone, sulfates SLS & SLES, triclocarban, triclosan, and contains less than one percent synthetic fragrance. It is also gluten-free, cruelty-free, and comes in recyclable packaging.

What Else You Need to Know: This essence is formulated with double clarify-and-repair technology: white honey, vitamin C, and AHA, which make up a brightness-activating concentrate. GUERLAIN research reveals the power of white honey, with a clarifying effect comparable to niacinamide; combined with powerful vitamin C and AHA, it provides a complete action on skin radiance and dark spots. It also includes Dynamic Blackbee Repair Technology which supports the skin’s natural revitalization mechanisms, resulting in an effective performance, adapted to all types of skin.

Clinical Results: In a clinical evaluation by a dermatologist on 31 women, 2 applications per day, after 8 weeks:
- 36% decrease in visible pores
- 35% increase in visible smoothness
- 33% increase in skin grain fineness
Show less",,
P433975,Naturally Serious,Zero Baggage™ Anti-Dark Circle Eye Cream,Eye Care,Eye Creams & Treatments,$26.00,Size: 0.67 oz/ 20 mL,https://www.sephora.com/productimages/sku/s2122299-main-zoom.jpg?pb=clean-at-sephora&imwidth=160,180,"Item 2122299
ONLY AT SEPHORA
What it is: A potent eye cream with plant-derived sodium phytate and caffeine to reduce the look of under-eye bags, dark circles, and fine lines.

Skin Type: Normal, Dry, Combination, and Oily

Skincare Concerns: Fine Lines and Wrinkles, Dryness, and Dark Circles

Formulation: Lightweight Cream

Highlighted Ingredients:
- Plant-Derived Sodium Phytate: Visibly brightens dark circles for a more energized look.
- Caffeine: Visibly firms the delicate eye area and reduces puffiness.
- Apple Extract and Hyaluronic Acid: Visibly plump fine lines with moisture for a more contoured look.

Ingredient Callouts: This product is cruelty-free and comes in recyclable packaging.

What Else You Need to Know: This eye cream contains plant-derived sodium phytate to brighten the appearance of dark circles, caffeine to reduce the look of puffiness, and apple extract and hyaluronic acid to visibly plump fine lines with moisture for a more youthful, contoured appearance.

Clinical Results: In a 4-week consumer-perception study on 30 women (ages 24 to 65):
- 93% agreed their eye area was more hydrated
- 76% agreed their eye area looked less puffy
- 73% agreed their eyes looked less tired



Clean at Sephora is our commitment to offering effective products without certain ingredients, such as parabens, sulfates, phthalates, and mineral oils. Learn more here.
Show less",,
P506567,First Aid Beauty,Brighten + Glow Eye Cream with Niacinamide,Eye Care,Eye Creams & Treatments,$36.00,Size: 0.5 oz / 15 ml,https://www.sephora.com/productimages/sku/s2700995-main-zoom.jpg?imwidth=160,217,"Item 2700995
What it is: This illuminating eye cream gives an instant glow and hydrates to gradually brighten and help reduce the appearance of dark circles over time.

Skin Type: Normal, Dry, Combination, and Oily

Skincare Concerns: Fine Lines and Wrinkles, Dryness, and Dullness

Formulation: Lightweight Cream

Highlighted Ingredients:
- Niacinamide
- Pumpkin Seed Extract
- Caffeine

Ingredient Callouts: This product is vegan, gluten-free, and cruelty-free.

What Else You Need to Know:Tired-looking under eyes? Go for the glow! Peach Micro-Pearls help the eye area appear instantly dewy & revitalized, while Niacinamide hydrates to smooth and brighten skin. Massage into the under eye and extend to the upper cheek for a seamless glow on bare skin or under makeup.

Clinical Results: In a consumer perception study completed by 50 participants, after immediate use:
- 96% reported that this product helped minimize the appearance of their dark circles
- 92% reported that this product gives their under-eye an instant glow

After 4 weeks:
- 92% reported that this product brightened their under-eye area

Show less",,
P122876,CLINIQUE,Clarifying Face Lotion 4 Liquid Exfoliator for Oily Skin,Cleansers,Toners,$37.00,Size: 13.5 oz/ 400 mL,https://www.sephora.com/productimages/sku/s1295682-main-zoom.jpg?imwidth=160,231,"Item 1295682
What it is: A dermatologist-developed liquid exfoliating lotion that clears the way for smoother, brighter-looking skin.

Skin Type: Oily

Skincare Concerns: Pores, Dullness, and Oiliness

Highlighted Ingredients:
- Witch Hazel: Visibly refines skin.
- Salicylic Acid: Helps exfoliate the surface of the skin and enhance cell turnover.

Ingredient Callouts: Free of parabens, phthalates, and sulfates SLS & SLES. It is also gluten-free.

What Else You Need to Know: This gentle, refreshing toner formula is the difference maker for healthy skin. Toner sweeps away pollution, grime, and dulling flakes to reveal smoother, clearer-looking skin. Clarifying Lotion Toner 4’s exfoliating preps skin for moisturizer, making it more receptive to hydration and treatment products. For oilier skin, twice-daily exfoliation helps minimize excess oil and keep pores clear. For drier skin, twice-daily exfoliation helps remove surface flakes that can be a barrier to moisture absorption. Toner also decreases the appearance of fine, dry lines.
Show less",,
P507322,caliray,Socal Superbloom Lip and Cheek Dewy Gloss + Blush Tint,Cheek,Blush,$28.00,Color: Heat Wave - sheer warmer pink,https://www.sephora.com/productimages/sku/s2698306-main-zoom.jpg?pb=clean-planet-aware&imwidth=160,332,"Item 2698306
ONLY AT SEPHORA
What it is: A clean, lip + cheek sheer dewy tint with hydrating hyaluronic acid glides on for a comfortable, buildable, natural glowy flush of color.

Formulation Type: Lip Stain, Blush

Benefits: Hydrating, Long-wearing

Highlighted Ingredients: 
- Hyaluronic Acid: Provides skin and lip hydration.
- Niacinamide and Squalane: Condition to provide a silky finish.
- Three-Step Stain Mixing Technology: Creates a transfer-proof hint of color.

Ingredient Callouts: This product is vegan, gluten-free, cruelty-free, and comes in recyclable packaging.

What Else You Need to Know: The versatile lip + cheek dewy formula provides a pop of color with a cushiony, silky-featherweight feel that's never dry or sticky. The oversized applicator makes it oh-so easy to use anywhere.


Products formulated without certain ingredients, including parabens, sulfates, phthalates, and mineral oils, from brands that have met our specific criteria for ingredient sourcing and formulation, packaging, environmental commitments, and consumer transparency. Learn more here.
Show less",,
P515033,SOFIE PAVITT FACE,Micellar Makeup Removing Cleansing Pads,Cleansers,Makeup Removers,$24.00,Size: 35 pads / pack,https://www.sephora.com/productimages/sku/s2836518-main-zoom.jpg?pb=clean-at-sephora&imwidth=160,155,"Item 2836518
What it is: A set of pre-soaked cleansing pads infused with micellar water and a cucumber blend to cleanse, soothe, and remove makeup.

Skin Type: Normal, Dry, Combination, and Oily

Skincare Concerns: Pores, Acne and Blemishes, and Oiliness

Formulation: Wipes

Highlighted Ingredients:
- Micellar Water: Binds to and dissolves dirt molecules, makeup, and sunscreen.
- Cucumber Extract: Soothes and protects skin with antioxidants.
- Glycerin: Hydrates and supports barrier function; noncomedogenic.

Ingredient Callouts: This product is vegan, gluten-free, and cruelty-free.

What Else You Need to Know: Your first step for double cleansing—it’s especially important for breakout-prone skin—these 100 percent plant-based viscose cleansing pads are a noncomedogenic alternative to an oil-based cleanser. The jar with 35 pads is convenient and travel-friendly for use anywhere.


Clean at Sephora is our commitment to offering effective products without certain ingredients, such as parabens, sulfates, phthalates, and mineral oils. Learn more here.
Show less",,
P515494,AESTURA,ATOBARRIER365 Cream Moisturizer with Ceramides & Niacinamide for Skin Moisture Barrier Repair,Moisturizers,Face Creams,$32.00,Size: 2.71 oz / 80 mL,https://www.sephora.com/productimages/sku/s2844942-main-zoom.jpg?imwidth=160,249,"Item 2844942
ONLY AT SEPHORA
What it is: A dermatologist-tested, rich cream that supports and nourishes and delivers up to 120 hours of hydration.

Skin Type: Normal and Dry

Skincare Concerns: Dryness

Formulation: Cream

Highlighted Ingredients:
- Patented Barrier-Boosting Ceramides Blend: High-density ceramides fill moisture gaps in sensitive skin for hydration.
- Capsule Technology: Keeps ceramides in the skin barrier longer for hydration.
- Triple Lipid Complex: Ceramides, fatty acids, and cholesterol mimic lipids to moisturize.

Ingredient Callouts: Free of parabens, formaldehydes, formaldehyde-releasing agents, phthalates, mineral oil, retinyl palmitate, oxybenzone, coal tar, hydroquinone, sulfates SLS & SLES, triclocarban, triclosan, and contains less than one percent synthetic fragrance. It is also vegan and gluten-free.

What Else You Need to Know: AESTURA is the #1 derm-recommended brand in Korea for sensitive skin. The cream contains barrier-boosting ceramides that are delivered to skin through unique capsule technology. It is suitable for use after microneedling treatments and reduces hydration loss, visible redness and roughness post-microneedling.

ATOBARRIER365 Cream is non-comedogenic, fragrance-free, alcohol-free, dermatologist-tested. It is recognized by the National Eczema Association with the Seal of Acceptance. 

Clinical Results: In an instrumental result, 32 women, after one application:
- Provides 120 hours of hydration
- Strengthens barrier by +39.2%
- Improves flakiness by +39.7%
- 100% showed improvement in skin barrier

In a self-scoring, four-week clinical study on 22 women, after four weeks:
- Skin sensitivity reduced by 51%

Result after repeated tape-stripping, baseline vs. four weeks, on 32 women:
- Skin's natural ability to defend itself from damage improved by 38%

In a self-scoring clinical study on 32 women, after four weeks:
- Subjects felt +132% improvement in hydration and +152% improvement in dryness

In a self-assessment on 32 women, after four weeks of daily use:
- 96% agree skin barrier feels protected
- 96% agree skin has a healthy glow
- 93% agree skin barrier feels healthier
Show less",,
P505327,Kosas,DreamBeam Silicone-Free Mineral Sunscreen SPF 40 with Ceramides and Peptides,Sunscreen,Face Sunscreen,$40.00,Color: DreamBeam Sunlit,https://www.sephora.com/productimages/sku/s2761633-main-zoom.jpg?pb=clean-at-sephora&imwidth=160,1.5K,"Item 2761633
What it is: A clean, silicone-free, comfy mineral sunscreen packed with ceramides and peptides to moisturize, visibly smooth and brighten, and create the dreamiest makeup base.

Highlighted Ingredients: 
- Mineral SPF: Protects with 21.7 percent non-nano zinc.
- Peptides + Ceramides: Visibly plumps, smoothes and helps improve skin suppleness.
-Hyaluronic Acid + Allantoin: Hydrates and soothes skin.

Ingredient Callouts: This product is vegan, gluten-free, cruelty-free, and comes in recyclable packaging.

What Else You Need to Know: Skincare with SPF 40 PA++++ meets dreamy makeup prep. This mineral sunscreen melts into skin so makeup applies smoothly and seamlessly. It visibly brightens, defends against signs of aging, and hydrates and soothes for softer, more supple skin. It is water-resistant, safe for sensitive skin, hypoallergenic, and non-acnegenic.. This mineral sunscreen with 21.7% non-nano zinc oxide provides an optimal physical SPF barrier. The peachy-pink hue in the original DreamBeam helps neutralize zinc oxide's natural bluish-white color. DreamBeam Sunlit offers a soft golden hue for a warm vacation glow.


Clinical Results: Based on a consumer study of 33 men and women ages 18-80 after using DreamBeam for 28 days
-100% agreed skin looks smoother, brighter, and more radiant*
- 100% agreed this product feels lightweight, doesn't feel or look greasy, doesn't clog pores*
- 100% saw saw clinically measurable improvement in: hydration**, firmness***, skin quality and clarity****

based on a consumer study*, corneometer measurement**, cutometer measurement*** and visual grading**** of 33 men and women, after using Dreambeam for 28 days



Clean at Sephora is our commitment to offering effective products without certain ingredients, such as parabens, sulfates, phthalates, and mineral oils. Learn more here.
Show less",,
P504199,MARA,Plankton + PHA™ Flower Acid Algae Serum,Treatments,Face Serums,$74.00,Size: 1 oz / 30 mL,https://www.sephora.com/productimages/sku/s2633089-main-zoom.jpg?pb=allure-2023-clean-badge&imwidth=160,245,"Item 2633089
What it is: A three-in-one resurfacing serum with lactic acid, bioactive flower acids, and PHA to exfoliate and visibly improve pores and blemishes.

Skin Type: Normal, Dry, Combination, and Oily

Skincare Concerns: Pores, Uneven Texture, and Acne and Blemishes

Formulation: Lightweight Serum

Highlighted Ingredients:
- Lactic Acid: Exfoliates and visibly improves blemishes and pores.
- Flower Acid: Nourishes, brightens, and helps improve signs of aging.
- Plankton: Protects skin barrier and hydrates with phytonutrients to visibly plump and firm.

Ingredient Callouts: This product is vegan, gluten-free, cruelty-free, and comes in recyclable packaging.

What Else You Need to Know: This serum delivers visibly smoother, brighter, younger-looking skin without drying out the skin barrier. The multi-acid formula is balanced with algae, plankton, and marine botanicals to hydrate, along with French sea water to refresh for soft, smooth skin.



This product is an Allure Best of Beauty award winner.


Products formulated without certain ingredients, including parabens, sulfates, phthalates, and mineral oils, from brands that have met our specific criteria for ingredient sourcing and formulation, packaging, environmental commitments, and consumer transparency. Learn more here.
Show less",,
P504887,Caudalie,Mini Pore Minimizing Instant Detox Mask,Skincare,,$22.00,Size: 1.18 oz / 35 mL,https://www.sephora.com/productimages/sku/s2642650-main-zoom.jpg?pb=allure-2024-bestofbeauty&imwidth=160,1.9K,"Item 2642650
What it is: A clay mask that cleanses and visibly tightens pores in as little as 10 minutes.

Skin Type: Normal, Combination, and Oily

Skincare Concerns: Pores, Dullness, and Uneven Texture

Formulation: Mask

Highlighted Ingredients:
- Grape Seed Polyphenols: Provide antioxidant benefits and help limit sebum oxidation responsible for blemishes.
- Sustainably Sourced Clay: Cleanses away visible impurities and excess sebum while tightening the look of pores.
- Natural Caffeine: Smooths and visibly illuminates skin.

Ingredient Callouts: It is vegan, gluten-free, cruelty-free, and comes in recyclable packaging.

What Else You Need to Know: This natural clay mask helps improve the look of stressed skin in as little as 10 minutes. It is free of silicone and fragrance and suitable for all skin types. This mask helps draw out visible impurities and excess sebum to leave texture refined, pores visibly tightened, and the complexion looking luminous.

Clinical Results: In a clinical study with 21 volunteers:
- 100% saw a detox effect on skin
- 95% saw pores tightened
- 90% saw luminous skin


Products formulated without certain ingredients, including parabens, sulfates, phthalates, and mineral oils, from brands that have met our specific criteria for ingredient sourcing and formulation, packaging, environmental commitments, and consumer transparency. Learn more here.
Show less",,
P511284,St. Tropez,Self Tan Express Bronzing Mousse Tropical Colada,Self Tanners,For Body,$46.00,Size: Tropical Colada 6.7 oz / 200 ml,https://www.sephora.com/productimages/sku/s2759231-main-zoom.jpg?imwidth=160,433,"Item 2759231
LIMITED EDITION
ONLY AT SEPHORA
What it is: An award-winning, express bronzing-mousse formula with an exclusive, island-inspired fragrance.

Skin Type: Normal

Skincare Concerns: Uneven Texture

Highlighted Ingredients:
- DHA: Colors the upper skin layer without sun exposure.

Ingredient Callouts: It is cruelty-free.

What Else You Need to Know: Transport to a sun-soaked paradise with a new fragrance featuring juicy notes of tropical fruit blended with velvety coconut, vanilla, and Tahitian gardenia. This award-winning mousse lets you tailor your tan to perfection in just one, two, or three hours: a true fast-track ticket to a perfect tan.
Show less",,
P464799,Peter Thomas Roth,Potent-C™ Power Brightening Hydra-Gels,Masks,Eye Masks,$65.00,Size: 30 Pairs/ 60 Patches,https://www.sephora.com/productimages/sku/s2377364-main-zoom.jpg?imwidth=160,226,"Item 2377364
What it is: A pack of eye-contour gel patches with THD ascorbate (vitamin C) to visibly brighten and improve signs of aging under the eyes.

Skin Type: Normal, Dry, Combination, and Oily

Skincare Concerns: Fine Lines and Wrinkles, Dark Circles, and Puffiness

Formulation: Mask

Highlighted Ingredients:
- THD Ascorbate Vitamin C: Has more stability than and 50 times the power of traditional vitamin C.
- Ferulic Acid and Vitamin E: Work synergistically with THD ascorbate to enhance its benefits.
- Caffeine: Visibly firms the skin and reduces puffiness around the delicate eye area.

Ingredient Callouts: Free of sulfates SLS and SLES, parabens, formaldehydes, formaldehyde-releasing agents, phthalates, mineral oil, retinyl palmitate, oxybenzone, coal tar, hydroquinone, triclosan, and triclocarban, and contains less than one percent of synthetic fragrances. This product is also cruelty-free.

What Else You Need to Know: Formulated with THD ascorbate—a breakthrough ingredient that‘s 50 times more powerful than traditional vitamin C—and boosted with vitamin E and ferulic acid, these mega-potent patches visibly improve darkness, fine lines, and wrinkles for more youthful-looking eyes.
Show less",,
P515733,MARA,Pearl Peptide Glaze Hydrating & Brightening Facial Essence,Treatments,Face Serums,$54.00,Size: 3.4 oz / 100 mL,https://www.sephora.com/productimages/sku/s2839942-main-zoom.jpg?pb=clean-planet-aware&imwidth=160,63,"Item 2839942
What it is: A three-in-one brightening essence-toner-serum with pearl powder, algae, and marine collagen peptides to intensely hydrate, plump the look of skin, and strengthen the barrier.

Skin Type: Normal, Dry, Combination, and Oily

Skincare Concerns: Redness, Dryness, and Dullness

Formulation: Serum

Highlighted Ingredients:
- Pearl Powder: A mineral-rich marine superfood that supports collagen for youthful-looking skin.
- Peptides: Vegan, marine collagen peptides intensely moisturize and support collagen production.
- Beta Glucan: A super hydrating hyaluronic acid substitute for all-day-long glow.

Ingredient Callouts: This product is vegan, gluten-free, and cruelty-free.

What Else You Need to Know: This essential complexion prep step visibly evens skin tone, smooths texture, and boosts serums and makeup for a hydrated, balanced, healthy glow.


Products formulated without certain ingredients, including parabens, sulfates, phthalates, and mineral oils, from brands that have met our specific criteria for ingredient sourcing and formulation, packaging, environmental commitments, and consumer transparency. Learn more here.
Show less",,
P510465,Josie Maran,Vanilla Bean - Whipped Argan Oil Refillable Firming Body Butter Jar,Body Moisturizers,Body Lotions & Body Oils,$36.00,Size: 6 oz,https://www.sephora.com/productimages/sku/s2766996-main-zoom.jpg?pb=clean-planet-aware&imwidth=160,73,"Item 2766996
ONLY AT SEPHORA
What it is: An air-whipped full-body moisturizer with argan oil that rapidly soaks in, delivering juicy firmness, intense hydration, and an all-over glow.

Fragrance Family: Warm & Spicy
Scent Type: Warm & Sheer
Key Notes: Pure Vanilla Bean Extract

Fragrance Description: Craving something sweet? Creamy vanilla with hint of rich caramel will leave skin smelling deliciously come-hither. Yumm…

About the Fragrance: As fragrance purists and planet lovers, Josie Maran uses only 100 percent plant-based essences: real fruits, nuts, woods, and plants. Because nothing beats the real thing.

Highlighted Ingredients:
- Argan Oil: An abundant source of essential fatty acids, antioxidants, and vitamin E.
- Avocado Oil: Known to improve the look of skin elasticity and firmness, rich in antioxidants.
- Shea Butter: Known to moisturize and soothe, helping skin stay supple.

What Else You Need to Know: This body butter absorbs rapidly on dry skin for a velvety-soft and firming finish that lasts all day. Responsibly sourced argan is whipped to creamy perfection with 100 percent plant-based fragrances in a lightweight yet rich formula. With the refill system, top up your amber glass jar and reuse forever.

Research Results: In a consumer perception survey of 39 people using the body butter on their thighs, stomach, and arms:
- 100% agreed their skin felt deeply hydrated and moisturized throughout the day after one use
- 97% agreed that the product provided an instant glow after one use
- 97% saw a noticeable improvement in firmness and tone after 2 weeks

Products formulated without certain ingredients, including parabens, sulfates, phthalates, and mineral oils, from brands that have met our specific criteria for ingredient sourcing and formulation, packaging, environmental commitments, and consumer transparency. Learn more here.
Show less",,
P469111,Kate Somerville,KateCeuticals® Lifting Eye Cream,Eye Care,Eye Creams & Treatments,$145.00,Size: 0.5 oz/ 15 mL,https://www.sephora.com/productimages/sku/s2446953-main-zoom.jpg?imwidth=160,105,"Item 2446953
What it is: The ultimate wrinkle-smoothing, under eye-soothing, lifting eye cream inspired by our top anti-aging skin clinic treatments.

Skin Type: Normal, Dry, Combination, and Oily

Skincare Concerns: Fine Lines and Wrinkles, Dark Circles, and Puffiness

Formulation: Cream

Highlighted Ingredients:
- Triple-Peptide Complex: Relaxes the look of lines, wrinkles, and crow’s feet and visibly increases firmness and elasticity.
- Brown and Red Algae: Visibly diminishes dark under-eye circles and puffiness.
- Hyaluronic Acid: Plumps & hydrates the under eye area.

Ingredient Callouts: Free of parabens, formaldehydes, formaldehyde-releasing agents, phthalates, mineral oil, retinyl palmitate, oxybenzone, coal tar, hydroquinone, sulfates SLS & SLES, triclocarban, and triclosan. It is also cruelty-free.

What Else You Need to Know: Expertly formulated with a Triple Peptide Complex, Red & Brown Algae, Hyaluronic Acid & Vitamin C, this clinical-grade eye cream relaxes the look of wrinkles, improves skin firmness & increases elasticity around eyes while depuffing & diminishing dark under eye circles in just 1 use.

Clinical Results: Clinically Proven Results
After just 1 use*: - 96% showed improvement in the appearance of crow’s feet, fine lines, wrinkles, and hydration. - 93% reported the product de-puffed their under-eye area and visibly diminished deep wrinkles. After 2 weeks of use*: - 96% reported the product firmed and lifted their undereye area and had a long-lasting impact on their fine lines and wrinkles with continued use. *Results based on an independent clinically study.
Show less",,
P505142,MACRENE actives,High Performance Eye Cream for Dark Circles with Hyaluronic Acid,Eye Care,Eye Creams & Treatments,$135.00,Size: 0.5 oz / 15 ml,https://www.sephora.com/productimages/sku/s2827962-main-zoom.jpg?pb=clean-at-sephora&imwidth=160,339,"Item 2827962
ONLY AT SEPHORA
What it is: A high-performance eye cream with 38 plant actives to visibly minimize under-eye circles, illuminate skin, and reduce fine lines and wrinkles.

Skin Type: Normal, Dry, Combination, and Oily

Skincare Concerns: Fine Lines and Wrinkles, Dark Circles, and Puffiness

Formulation: Lightweight Cream

Highlighted Ingredients:
- Palmitoyl Hexapeptide: Reduces the appearance of fine lines and wrinkles.
- Hyaluronic Acid: Visibly minimizes dark circles by hydrating and boosting the look of radiance.
- Coffea robusta Seed Extract: Targets under-eye puffiness and dark circles.

Ingredient Callouts: This product is vegan, gluten-free, and cruelty-free.

What Else You Need to Know: MD, PhD, and top dermatologist Macrene Alexiades formulated this eye cream to visibly diminish under-eye circles and wrinkles immediately and over time. Amino acids visibly brighten while peptides and hyaluronic acid reduce the appearance of fine lines.

Clinical Results: In a clinical study:
- 100% reported skin was smoother and tighter
- 98% reported dark circles were brighter
- 98% reported under eyes were less puffy



Clean at Sephora is our commitment to offering effective products without certain ingredients, such as parabens, sulfates, phthalates, and mineral oils. Learn more here.
Show less",,
P516163,Summer Fridays,The Jet Lag™ Essentials Hydration Set for Travel,Value & Gift Sets,,$34.00,,,,,,
P510338,Elemis,Dynamic Gentle Resurfacing Pads with Lactic Acid,Cleansers,Exfoliators,$65.00,Size: 60 pads,https://www.sephora.com/productimages/sku/s2759066-main-zoom.jpg?imwidth=160,2.3K,"Item 2759066
What it is: A daily exfoliation pad that's clinically shown to physically lift dead cells and support skin's natural cell turnover for a radiant complexion.

Skin Type: Normal, Combination, and Oily

Skincare Concerns: Fine Lines and Wrinkles, Pores, and Dullness

Formulation: Wipes

Highlighted Ingredients:
- Patented Tri-Enzyme Technology: Effectively breaks up the accumulation of dead skin cells.
- Lactic Acid: Gently exfoliating AHA improves the look of skin tone and texture.
- Probiotic Ferment Complex: Supports skin’s renewal process.

What Else You Need to Know: Reveal glowing skin in one swipe with resurfacing pads that gently exfoliate and accelerate natural skin turnover to visibly even skin tone in just 28 days.

Clinical Results: In independent clinical trials, results based on 36 people over 4 weeks:
- 100% agreed these were the best resurfacing facial pads they ever used
- 100% agreed the Dynamic Resurfacing Facial Pads left their skin looking dramatically resurfaced
- 97% agreed the Dynamic Resurfacing Facial Pads reduce the appearance of uneven skin tone, darks spots, and age spots

In independent user trials, results based on 120 people over 4 weeks:
- 100% agreed this left their skin tone and texture looking visibly improved

In independent user trials, results based on 120 people over 4 weeks.
- 97% agreed that skin was left feeling smooth and soft
- 93% agreed the after using this product, skin appeared bright and more radiant
Show less",,
P476414,Sunday Riley,5 Stars Retinol + Niacinamide Eye Serum,Eye Care,Eye Creams & Treatments,$65.00,Size: 0.5 oz/ 15 mL,https://www.sephora.com/productimages/sku/s2479822-main-zoom.jpg?pb=clean-at-sephora&imwidth=160,1.8K,"Item 2479822
What it is: A retinol eye serum with niacinamide to target the look of fine lines and wrinkles and soothe, smooth, and rehydrate for overnight restoration.

Skin Type: Normal, Dry, Combination, and Oily

Skincare Concerns: Fine Lines/Wrinkles, Dryness, and Loss of Firmness/Elasticity

Highlighted Ingredients:
- Retinoid Ester and Liposome-Encapsulated Retinol: Strengthen and support natural collagen production to diminish the visible signs of aging.
- Niacinamide: Brightens the look of discolorations and softens the look of wrinkles.
- Moisturizing Complex (Ceramides and Olive Oil): Supports the moisture barrier.

Ingredient Callouts: Free of parabens, formaldehydes, formaldehyde-releasing agents, phthalates, mineral oil, retinyl palmitate, oxybenzone, coal tar, hydroquinone, sulfates SLS & SLES, triclocarban, triclosan, and contains less than one percent synthetic fragrance. It is also vegan, gluten-free, and cruelty-free.

What Else You Need to Know: This wrinkle-fighting eye serum is powered by a six percent retinoid complex and bioactive Centella asiatica to support natural collagen production. Balanced with soothing poppy seed extract and nurturing ceramides, this serum also includes olive oil and shea butter to hydrate and restore skin while you sleep. This product is clinically tested to be nonirritating to the eye.


Clean at Sephora is our commitment to offering effective products without certain ingredients, such as parabens, sulfates, phthalates, and mineral oils. Learn more here.
Show less",,
P509325,Murad,Retinal Resculpt Advanced Eye Lift Treatment for Aging Skin,Eye Care,Eye Creams & Treatments,$92.00,Size: .5 oz / 15 ml,https://www.sephora.com/productimages/sku/s2736361-main-zoom.jpg?imwidth=160,306,"Item 2736361
What it is: Next-gen eye cream with Encapsulated Retinal dramatically lifts and firms droopy, sagging lids, while smoothing the appearance of deep-set wrinkles.                         

Skin Type: Normal, Dry, Combination, and Oily

Skincare Concerns: Fine Lines and Wrinkles, Loss of Firmness and Elasticity

Highlighted Ingredients:
- Encapsulated Retinal: 2.5x more retinal for targeted vitamin A delivery with less irritation        
- Gentian Root Extract: Helps improve the appearance of sagging eyelids, folds, and under-eye bags
- Oat-Firming Film: Gives a visible lifting effect immediately and over time

Ingredient Callouts: Free of parabens, formaldehydes, phthalates, mineral oil, oxybenzone, and sulfates SLS & SLES. It is also gluten-free, cruelty-free, and comes in recyclable packaging.

What Else You Need to Know: This eye cream is specially formulated with retinal encapsulated in a pharmaceutical-inspired, targeted delivery system for maximum efficacy. Potent, nourishing formula is clinically shown to reverse advanced signs of aging in the eye area for a smoother, lifted look while being gentle on skin.                        

Clinical Results:
In 1 week: 
Clinically proven to reduce lines + wrinkles*
Subjects agree eye area is visibly lifted, firmer + tightened **

In 2 weeks:
Subjects agree skin elasticity and resilience around the eye area are restored**  

*Results based on a 4-week clinical study with 29 participants
**Results reported by trial participants in a 4-week clinical study
                                                                                                                                                      
Show less",,
