product_id,brand,product,category,subcategory,price,size,image,no_of_reviews,about_the_product,ingredients,how_to_use
P482740,Shiseido,Mini Urban Environment Oil-Free SPF 42 Face Sunscreen with Hyaluronic Acid,Sunscreen,Face Sunscreen,$38.00,Size: 1 oz/ 30 mL,https://www.sephora.com/productimages/sku/s2534899-main-zoom.jpg?imwidth=160,69,,,
P512693,Lancôme,Absolue Revitalizing Eye Cream,Eye Care,Eye Creams & Treatments,$175.00,Size: 0.67 oz / 20 ml,https://www.sephora.com/productimages/sku/s2804334-main-zoom.jpg?imwidth=160,183,,,
P476893,NUDESTIX,Nudeskin Citrus-C - Vitamin C Moisturizer & Mask,Moisturizers,Face Creams,$39.00,Size: 2 oz / 60 mL,https://www.sephora.com/productimages/sku/s2530632-main-zoom.jpg?pb=clean-at-sephora&imwidth=160,152,"Item 2530632
What it is: A moisturizer that helps to improve the look of elasticity and tone while nourishing skin texture for visibly soft, smooth, hydrated, and glowing skin.

Skin Type: Normal, Dry, Combination, and Oily

Skincare Concerns: Dryness, Dullness, and Uneven Texture

Formulation: Cream

Highlighted Ingredients:
- Yuzu (Citrus Junos Seed) Oil: High in vitamin C, which helps visibly brighten and deliver antioxidants to skin.
- Turmeric (Curcuma Longa Root) Extract: A natural antioxidant known for helping reduce the appearance of blemishes.

Ingredient Callouts: Free of parabens, formaldehydes, formaldehyde-releasing agents, phthalates, mineral oil, retinyl palmitate, oxybenzone, coal tar, hydroquinone, sulfates SLS & SLES, triclocarban, triclosan, and contains less than one percent synthetic fragrance. It is also vegan, gluten-free, cruelty-free, and comes in recyclable packaging.

What Else You Need to Know: This is a three-in-one: day and night moisturizer, makeup primer, and sleeping mask. Rich and lightweight elastomers help to deeply hydrate while providing a non-greasy, soft, and plump skin feel. The highly absorbent formula gives a velvety skin finish to prep for makeup application.

Skin Renewal is our body’s natural biological process of creating new healthy skin to replace existing damaged skin, via exfoliation. Nudeskin’s science is based on Skin Renewal Optimization (SRO). Skin Renewal Optimization (SRO) works through daily topical dosing of the dermatologist-recommended actives in the Nudeskin’s Four-Step Ritual to get visibly softer, clearer, smoother, and brighter skin.

Clinical Results: Based on a consumer panel:
- 100% of the consumers agreed that Citrus-C Mask & Daily Moisturizer made their skin feel hydrated
- 100% of the consumers agreed that Citrus-C Mask & Daily Moisturizer made their skin feel moisturized
- 100% of the consumers agreed that the aroma of the product was fresh, pleasant, and added to the application experience



Clean at Sephora is our commitment to offering effective products without certain ingredients, such as parabens, sulfates, phthalates, and mineral oils. Learn more here.
Show less",,
P513275,Sarah Creal,Firm Offer Ultimate 4-in-1 Peptide Eye Cream and Primer for Fine Lines,Eye Care,Eye Creams & Treatments,$95.00,Size: 0.5 oz / 15 mL,https://www.sephora.com/productimages/sku/s2823722-main-zoom.jpg?pb=clean-at-sephora&imwidth=160,58,"Item 2823722
ONLY AT SEPHORA
What it is: A lightweight yet intensely hydrating eye cream that visibly brightens dark circles, minimizes lines and wrinkles, and primes your under-eyes for makeup.

Skin Type: Normal, Dry, Combination, and Oily

Skincare Concerns: Fine Lines and Wrinkles, Dark Circles, and Puffiness

Highlighted Ingredients:
- Peptides: Support strong, resilient skin while visibly lifting, firming, and improving texture.
- Hyaluronic Acid: Hydrates, visibly plumps, and creates a silky-smooth texture.
- Caffeine and Jasmine Flower Extract: Visibly brighten dark circles, soothe irritation, and reduce the look of puffiness.

Ingredient Callouts: This product is gluten-free and cruelty-free.

What Else You Need to Know: This ultra-hydrating, weightless eye cream visibly brightens dark circles, minimizes signs of aging, and primes your under-eyes for makeup. The ophthalmologist- and dermatologist-tested formula is clinically shown to lock in moisture for up to 24 hours while reducing the appearance of dark circles, lines, and wrinkles over time.

Clinical Results: In an 8-week clinical study of 33 volunteers (ages 32 to 68):
After 1 application:
- The formula moisturized for 24+ hours

In 8 weeks:
- It reduced the size of dark circles by an average of 9.5%
- It reduced the number of lines and wrinkles by an average of 11.6%


Clean at Sephora is our commitment to offering effective products without certain ingredients, such as parabens, sulfates, phthalates, and mineral oils. Learn more here.
Show less",,
P504433,Paula's Choice,"Pro Collagen Multi-Peptide Booster for Firmer, Smoother Skin",Treatments,Face Serums,$59.00,Size: 0.67 oz / 20 mL,https://www.sephora.com/productimages/sku/s2643658-main-zoom.jpg?imwidth=160,472,"Item 2643658
What it is:  A targeted treatment with six pro-collagen peptides that visibly firms and smooths wrinkles in as little as 15 minutes and over time. 

Skin Type: Normal, Dry, Combination, and Oily

Skincare Concerns: Fine Lines and Wrinkles, Uneven Texture, and Loss of Firmness and Elasticity

Formulation: Lightweight Gel

Highlighted Ingredients:
- 6 Pro-Collagen Peptides: Multi-layer firming support for youthful looking skin
- Amino Acids: Strengthen & reinforce skin to maintain overall health
- Hyaluronic Acid:  Locks in hydration and leaves skin supple & plump        

Ingredient Callouts: Free of parabens, formaldehydes, formaldehyde-releasing agents, phthalates, mineral oil, retinyl palmitate, oxybenzone, coal tar, hydroquinone, sulfates SLS & SLES, triclocarban, triclosan, and contains less than one percent synthetic fragrance. It is also vegan, gluten-free, cruelty-free, and comes in recyclable packaging.

What Else You Need to Know: This lightweight gel serum is formulated with six pro-collagen peptides, hyaluronic acid, and amino acids to support healthy collagen levels & elastin for visibly firmer, smoother skin. It quickly absorbs into skin, layering seamlessly with the rest of your skincare routine and makeup application. 

Clinical Results: Based on an independent clinical study:
- Clinically proven to visibly reduce lines in 15 minutes
- Clinically proven to visibly firm skin in 4 weeks
Show less",,
P443359,Dermalogica,Skin Smoothing Cream Moisturizer,Moisturizers,Face Creams,$77.00,Size: 3.4 oz/ 100 mL,https://www.sephora.com/productimages/sku/s2221141-main-zoom.jpg?imwidth=160,518,"Item 2221141
What it is: A soothing moisturizer for normal and combination skin types that infuses skin with up to 48 hours of hydration and protects it against environmental stress.

Skin Type: Normal, Dry, and Combination

Skincare Concerns: Fine Lines and Wrinkles, Dryness, and Dullness

Highlighted Ingredients:
- Active HydraMesh Technology™: Moisturizing complex that works to infuse skin with up to 48 hours of hydration.
- Aloe: Soothes skin and prevents the appearance of dehydration lines.
- Grapeseed, Vitamin C, and Vitamin E: Antioxidants that nourish skin and reduce free-radical damage.

Ingredient Callouts: Free of parabens, formaldehydes, formaldehyde-releasing agents, phthalates, mineral oil, retinyl palmitate, oxybenzone, coal tar, hydroquinone, sulfates SLS & SLES, triclocarban, triclosan, and contains less than one percent synthetic fragrance. It is also vegan, gluten-free, cruelty-free, and comes in recyclable packaging.

What Else You Need to Know: This face-and-neck moisturizer weightlessly hydrates and is formulated with natural-antioxidant grapeseed, vitamin C, and vitamin E, giving a smoothing effect while shielding from free-radical damage. A dynamic hyaluronic acid complex reduces water loss and distributes hydration throughout the day.
Show less",,
P514578,Fenty Beauty by Rihanna,Thicc N Smooth Rich Peptide Eye Cream,Eye Care,Eye Creams & Treatments,$42.00,Size: 0.5 fl oz / 15 mL,https://www.sephora.com/productimages/sku/s2813814-main-zoom.jpg?pb=clean-at-sephora&imwidth=160,14,"Item 2813814
What it is: An all-in-one eye cream that hydrates, brightens, and reduces the look of puffiness with a blend of eye-targeted peptides, caffeine, and vitamins.

Skin Type: Normal, Dry, Combination, and Oily

Skincare Concerns: Fine Lines and Wrinkles, Dryness, and Loss of Firmness and Elasticity

Formulation: Mask

Highlighted Ingredients:
- Hyaluronic Acid, Kalahari Melon, and Baobab Oil: Help hydrate, renew, and nourish the skin.
- Polyglutamic Acid: A moisture-binding peptide that visibly plump skin with hydration.
- Illipe Butter: Rich in fatty acids, it helps replenish the skin’s moisture.

Ingredient Callouts: This product is vegan, gluten-free, cruelty-free, and comes in recyclable packaging.

What Else You Need to Know: Say goodbye to under-eye dryness and dark circles. This ultra-thick eye cream visibly brightens and works overtime to reduce the look of puffiness, fine lines, wrinkles, and crow's feet around the eye area. The intensely hydrating but nongreasy formula comes in an easy-to-use, twist-up pot for those with long nails.

Clinical Results: In an 8-week clinical study on 50 people:
-96% agreed it leaves the eye area looking more radiant
-94% agreed it refreshes puffy-looking eyes and leaves the eye area looking plumper
-92% agreed it leaves the eye area looking firmer


Clean at Sephora is our commitment to offering effective products without certain ingredients, such as parabens, sulfates, phthalates, and mineral oils. Learn more here.
Show less",,
P477763,Fenty Beauty by Rihanna,Hydra'Reset Intensive Recovery Glycerin Hand Mask,Body Moisturizers,Hand Cream & Foot Cream,$14.00,Size: 1 oz / 30 mL,https://www.sephora.com/productimages/sku/s2648780-main-zoom.jpg?pb=clean-at-sephora&imwidth=160,213,"Item 2648780
ONLY AT SEPHORA
What it is: This mask deeply hydrates and revitalizes hands overnight with 40% moisture-locking glycerin, fruit oils and plant extracts for cloud-soft hands.

Highlighted Ingredients:
- Glycerin 40%: A supple humectant; binds and locks in moisture
- 5% Panthenol: Deeply conditions and soothes
- Murumuru & Mango Butters: Deeply hydrate, nourish and soften

What Else You Need to Know: This mask intensively nourishes and softens hands overnight as the smooth, cushiony texture soaks in deeply conditioning hydration. 40% glycerin locks in moisture and leaves hands with a soft, glossy sheen. Features a refreshing tropical fruit and floral scent.

Clinical Results: In a clinical study of 53 people- Instantly: Hydrates and reduces the look of fine lines and wrinkles After 1 week:
-100% agree it softens hands
-98% agree it helps dry damaged hands recover overnight
-98% agree it comforts and soothes skin



Clean at Sephora is our commitment to offering effective products without certain ingredients, such as parabens, sulfates, phthalates, and mineral oils. Learn more here.
Show less",,
P442871,The INKEY List,Beta Hydroxy Acid (BHA) Blemish + Blackhead Serum,Treatments,Face Serums,$11.00,Size: 1 oz/ 30 mL,https://www.sephora.com/productimages/sku/s2211597-main-zoom.jpg?pb=clean-at-sephora&imwidth=160,476,"Item 2211597
ONLY AT SEPHORA
What it is: An exfoliator that works beneath the surface of the skin to help unclog pores, target blackheads and reduce excess oil.

Skin Type: Normal, Combination, and Oily

Skincare Concerns: Oiliness, Pores, and Acne and Blemishes

Formulation: Lightweight Liquid

Highlighted Ingredients:
- Salicylic Acid 2%: Helps to gently exfoliate the skin and unclogs pores to reduce blemishes.
- Zinc Compound 1%: Helps control oil.
- Mutli Molecular Hyaluronic Acid 1%: Helps to hydrate and plump skin.

Ingredient Callouts: This product is also vegan and cruelty-free.

What Else You Need to Know: Oil soluble, this BHA serum exfoliates the skin and cleans beneath the surface to fight blackheads and breakouts. BHA is great choice for oilier skin as its anti-inflammatory and anti-bacterial properties can help calm breakout prone skin.


Clean at Sephora is our commitment to offering effective products without certain ingredients, such as parabens, sulfates, phthalates, and mineral oils. Learn more here.
Show less",,
P173619,Shiseido,Benefiance WrinkleResist24 Pure Retinol Express Smoothing Eye Mask,Masks,Eye Masks,$72.00,Size: 12 Packettes x 2 Sheets,https://www.sephora.com/productimages/sku/s1594167-main-zoom.jpg?imwidth=160,532,"Item 1594167
What it is: A set of powerful, pure retinol under-eye masks shown to reduce visible wrinkles in 15 minutes.

Skin Type: Normal, Dry, Combination, and Oily

Skincare Concerns: Fine Lines and Wrinkles, Dryness, and Dullness

Formulation: Mask

Highlighted Ingredients:
- Pure Retinol: Provides fast wrinkle-fighting benefits.
- WrinkleResist24 Technology with Super Bio-Hyaluronic Acid: Delivers intense moisturizing and visibly firming benefits.

Ingredient Callouts: Free of parabens, formaldehydes, phthalates, mineral oil, retinyl palmitate, oxybenzone, coal tar, hydroquinone, sulfates SLS & SLES, triclocarban, and triclosan. It is also vegan, gluten-free, cruelty-free, and comes in recyclable packaging.

What Else You Need to Know: With state-of-the-art Japanese micro-infusion technology, these individually wrapped, stretchy eye masks deliver pure retinol to quickly hydrate and smooth the look of eye-area wrinkles in as little as one application. These masks can also be used to address smile lines around the mouth. The masks are dermatologist- and ophthalmologist-tested.

Clinical Results: In a test with 102 women,
- 100% said this mask improves the dryness of the eye-area skin
- 89% said this mask softens the eye-area skin
- 86% said this mask improves dullness of the eye-area skin
Show less",,
P481970,DIOR,Hydra Life Fresh Sorbet Crème Moisturizer,Moisturizers,Face Creams,$90.00,Size: 1.7 oz/ 50 mL,https://www.sephora.com/productimages/sku/s2533578-main-zoom.jpg?imwidth=160,10,"Item 2533578
What it is:A hydrating, ultra-fresh face and neck cream with concentrated hyaluronic acid to visibly plump and brighten normal to combination skin.

Skin Type: Normal, Combination, and Oily

Skincare Concerns: Dryness and Dullness

Highlighted Ingredients:
- Mallow Extract: Helps hydrate.
- Mallow Yeast Extract: Contributes to the chrono-hydration of the skin.
- Hyaluronic Acid: Supports the epidermal water reservoir.

Ingredient Callouts: Free of parabens, formaldehydes, formaldehyde-releasing agents, phthalates, mineral oil, retinyl palmitate, oxybenzone, coal tar, hydroquinone, sulfates SLS & SLES, triclocarban, triclosan, and contains less than one percent synthetic fragrance. It is also gluten-free.

What Else You Need to Know: This gel-cream face moisturizer nourishes, hydrates, and refreshes with a brightening effect for visibly fresher, radiant, and healthier-looking skin. It is made with 95 percent natural-origin ingredients and double the hyaluronic acid.

Clinical Results: In an instrumental test on 11 panelists, 24 hours after application:
- 61% reported skin was more hydrated

In an instrumental test on 11 panelists, 48 hours after application:
- 23% reported skin was more hydrated

Based on self-rating done by 33 women, after 28 days:
- 53% reported skin looks more hydrated
- 51% reported complexion is fresher
- 48% reported skin looks more radiant
Show less",,
P12336,fresh,Rose Face Mask,Masks,Face Masks,$68.00,Size: 3.3 oz/ 100 mL,https://www.sephora.com/productimages/sku/s562090-main-zoom.jpg?pb=clean-at-sephora&imwidth=160,2.4K,"Item 562090
What it is: An instant hydrating mask with real rose petals suspended in a silky gel that gently soothes and tones with a plumping effect.

Skin Type: Normal, Dry, Combination, and Oily

Skincare Concerns: Dryness and Dullness/Uneven Texture

Formulation: Lightweight Mask

Highlighted Ingredients:
- Pure Rosewater: Soothes and tones.
- Cucumber Extract and Aloe Vera Gel: Help soothe the skin and have an immediate cooling and calming effect.
- Porphyridium Cruentum: A ""smart"" algae, it delivers optimum moisture.

What Else You Need to Know: This face mask drenches skin with damask rose extract to help improve hydration so skin feels smooth and supple. Rosewater, cucumber extract, and aloe vera gel work to instantly cool and calm all skin types.* Plus, it smells like fresh roses. *normal, dry, oily, combination

Clinical Results: In-vivo test:
- 100% reported healthy-looking, supple skin
- 93% felt their skin was moisturized, softened, smoothed, and soothed
- 93% noticed a cooling and calming sensation
- 90% said it nourished and visibly improved the appearance of their skin



Clean at Sephora is our commitment to offering effective products without certain ingredients, such as parabens, sulfates, phthalates, and mineral oils. Learn more here.
Show less",,
P476418,54 Thrones,African Beauty Butter Mini Gift Set,Value & Gift Sets,,$29.00,,,,,,
P509438,Sol de Janeiro,Cheirosa 59 Delicia Hair & Body Perfume Mist,Women,Body Mist & Hair Mist,$38.00,Size: 8.1 oz,https://www.sephora.com/productimages/sku/s2734093-main-zoom.jpg?imwidth=160,879,"Item 2734093
ONLY AT SEPHORA
Fragrance Family: Warm & Spicy

Scent Type: Warm & Sweet Gourmands

Key Notes: Sugared Violet, Vanilla Orchid, and Sandalwood

Fragrance Description: Uplifting and delicious, this enticing scent is scientifically shown to boost your mood.* Immerse your body and mind with notes of vanilla orchid, sugared violet, and sheer sandalwood.

*Based on a consumer study conducted by an independent third-party lab of 36 participants, after one day of application.

About the Fragrance: ""This fragrance captures the emotion of winding down after a perfect beach day. Evocative notes are elevated with exquisite florals, while juicy plum brings a bold, creamy touch.""—Jerome Epinette

Ingredient Callouts: This product is vegan.
Show less",,
P442012,OLEHENRIKSEN,Banana Bright Face Primer,Face,Face Primer,$40.00,Size: 1 oz/ 30 mL,https://www.sephora.com/productimages/sku/s2174860-main-zoom.jpg?pb=clean-at-sephora&imwidth=160,1.8K,"Item 2174860
What it is: A vitamin C-infused, illuminating face primer with banana powder-inspired pigments that delivers instant radiance while improving and extending makeup wear.

Skin Type: Normal, Dry, Combination, and Oily

Skincare Concerns: Dullness and Uneven Texture, Fine Lines and Wrinkles, and Pores

Highlighted Ingredients:
- Vitamin C: Helps target visible signs of aging.
- Banana Powder-inspired Pigments : Instantly illuminate.
- Vitamin E: An antioxidant that helps nourish and condition skin; also helps stabilize the vitamin C in the formula.

Ingredient Callouts: This product is vegan and cruelty-free.

What Else You Need to Know: Inspired by bestselling Banana Bright Eye Creme, this face primer creates a dewy, healthy-looking glowwhether it's applied under makeup, on top as a highlighter, or even worn alone. It also smooths skin and improves the look of fine lines and wrinkles for a perfected canvas for your Ole Glow®.

Clinical Results: In an independent consumer study on 35 women, immediately after application:
- 97% of users agree it instantly brightens dull skin
- 94% of users agree it preps skin for makeup application
- 91% of users agree it blurs and smooths skin
- 91% of users agree it blurs the appearance of pores
- 91% of users agree it provides a smooth base for foundation application

In an independent consumer study on 35 women, after 8 hours:
- 94% of users agree it improves the look of makeup
- 91% of users agree it made foundation look fresh longer
- 89% of users agree it extends the wear of makeup



Clean at Sephora is our commitment to offering effective products without certain ingredients, such as parabens, sulfates, phthalates, and mineral oils. Learn more here.
Show less",,
P480606,goop,goopglow Cloudberry Exfoliating Jelly Cleanser,Cleansers,Face Wash & Cleansers,$35.00,Size: 4 oz/ 120 mL,https://www.sephora.com/productimages/sku/s2535979-main-zoom.jpg?pb=clean-at-sephora&imwidth=160,424,"Item 2535979
What it is: A clinically tested gentle exfoliating cleanser with a unique foamless jelly texture that thoroughly removes impurities and softens skin.

Skin Type: Normal, Dry, Combination, and Oily

Skincare Concerns: Dullness, Uneven Texture, and Oiliness

Formulation: Scrub

Highlighted Ingredients:
- Tropical Fruit Enzymes (Papaya and Pineapple) and Natural Exfoliants from Bitter Orange Peel: Gently exfoliate to soften skin and visibly refine texture.
- Sustainable Apple-Saccharide Superfood Complex: Replenishes hydration and draws in water to leave skin looking dewy.
- Arctic Cloudberry and Sugar-Derived Squalane: Help skin retain moisture with rich levels of antioxidants and omega fatty acids.

Ingredient Callouts: This product is vegan, gluten-free, cruelty-free, and comes in recyclable packaging.

What Else You Need to Know: Formulated with fruit enzymes, a physical exfoliant derived from orange peels, and Arctic cloudberry and apple for soothing hydration, this multitasking cleanser thoroughly removes impurities, leaving skin silky smooth and visibly radiant. Its innovative jelly-hybrid formula is gentle enough for everyday use.

Clinical Results: In an immediate third-party consumer-perception study of 32 women between the ages of 25 and 55, after 1 use:
- 100% agreed it gently yet effectively cleansed skin
- 97% agreed skin felt smoother
- 97% agreed skin was left feeling refreshed

In a third-party consumer-perception study of 32 women between the ages of 25 and 55, after 7 days of use:
- 100% agreed it removed flaky, dry skin
- 97% agreed it helped wash away excess sebum
- 91% agreed skin looked more glowing and luminous


Clean at Sephora is our commitment to offering effective products without certain ingredients, such as parabens, sulfates, phthalates, and mineral oils. Learn more here.
Show less",,
P417116,La Mer,The Body Crème,Body Moisturizers,Body Lotions & Body Oils,$325.00,Size: 10 oz/ 296 mL,https://www.sephora.com/productimages/sku/s1932474-main-zoom.jpg?imwidth=160,29,"Item 1932474
What it is: A rich body cream that comforts and renews by saturating skin with long-lasting, complete hydration, leaving skin feeling cushioned and smoothed.

Skin Type: Dry

Skincare Concerns: Dryness

Formulation: Cream

Ingredient Callouts: Free of sulfates SLS and SLES, parabens, formaldehydes, formaldehyde-releasing agents, phthalates, mineral oil, retinyl palmitate, oxybenzone, coal tar, hydroquinone, and triclocarban, and contains less than one percent of synthetic fragrances. This product is also vegan, cruelty-free, and gluten-free, and comes in recyclable packaging.

What Else You Need to Know: Like a nurturing seaweed wrap, this rich body cream rescues dry skin with long-lasting, thorough hydration. Crafted with La Mer’s Blue Algae Lift Ferment™, this treatment helps promote an overall firmer look and feel. Skin is calmed as it is enveloped in the soothing benefits of the sea.
Show less",,
P448546,Dr. Barbara Sturm,Darker Skin Tones Enzyme Cleanser,Cleansers,Face Wash & Cleansers,$80.00,Size: 2.6 oz/ 75 g,https://www.sephora.com/productimages/sku/s2270189-main-zoom.jpg?imwidth=160,11,"Item 2270189
What it is: A cleanser that is an enzymatic cleansing and exfoliating foam which removes dead, dry and rough skin, makeup, and excess sebum from pores.

Skin Type: Normal, Dry, Combination, and Oily

Skincare Concerns: Pores, Dryness, and Blemishes

Formulation: Scrub

Highlighted Ingredients:
- Enzyme Subtilisin: Removes dry and rough skin cells.
- Enzyme Lipase: Frees the skin from excess sebum/oil.
- Ascorbic Acid: Hydrates, refreshes, and helps firm the skin.

Ingredient Callouts: This product is vegan, cruelty-free, and gluten-free.

What Else You Need to Know: Infused with vitamin C and enzymes, the Darker Skin Tones Enzyme Cleanser provides a deep yet gentle cleanse and exfoliation. Complexion will appear more radiant and refined as it helps skin to absorb active ingredients and stay hydrated.

As an aesthetic doctor with a background in anti-inflammatory medicine, Dr. Sturm is committed to treating the skin with scientifically-proven ingredients and non-aggressive natural extracts. The three pillars of Dr. Barbara Sturm Molecular Cosmeticshydration, boosting the skin’s natural barrier function, and reducing the visible signs of irritationhelp to promote healthy skin that glows from within over time.
Show less",,
P474968,NuFACE,NuFACE® Hydrating Aqua Gel,Treatments,Face Serums,$55.00,Size: 3.3 oz/ 97 mL,https://www.sephora.com/productimages/sku/s2495604-main-zoom.jpg?pb=clean-at-sephora&imwidth=160,30,"Item 2495604
What it is: A hydrating serum gel to deliver microcurrent from your device to the facial muscles, while leaving skin hydrated for up to 24 hours.

Skin Type: Normal, Dry, Combination, and Oily

Skincare Concerns: Dryness

Formulation: Gel

Highlighted Ingredients:
- IonPlex™: Comfortably delivers microcurrent to your skin for optimal, pro-level, visible results.
- Hyaluronic Acid: Attracts and holds up to 1,000 times its weight in water, helping your skin appear plump, smooth, and hydrated.

Ingredient Callouts: Free of parabens, formaldehydes, formaldehyde-releasing agents, phthalates, mineral oil, retinyl palmitate, oxybenzone, coal tar, hydroquinone, sulfates SLS & SLES, triclocarban, triclosan, and contains less than one percent synthetic fragrance. It is also gluten-free and cruelty-free.

What Else You Need to Know: Microcurrent primer gets an upgrade! An essential pairing for your NuFACE® device, this hydrating serum is a lightweight microcurrent delivery gel, powered by IonPlex®, to conduct microcurrent from your device to the skin while delivering a thirst-quenching hit of hydration. 


Clean at Sephora is our commitment to offering effective products without certain ingredients, such as parabens, sulfates, phthalates, and mineral oils. Learn more here.
Show less",,
P511984,The Ordinary,Balancing & Clarifying Serum for Oily Skin and Pore Refinement,Treatments,Blemish & Acne Treatments,$19.90,Size: 1 oz / 30 ml,https://www.sephora.com/productimages/sku/s2768075-main-zoom.jpg?imwidth=160,839,"Item 2768075
What it is: A multi-active solution to reduce skin congestion, visibly improve uneven texture, minimize the look of excess shine, and improve pore appearance for clearer-looking skin.

Skin Type: Normal, Dry, Combination, and Oily

Skincare Concerns: Pores, Uneven Texture, and Acne and Blemishes

Highlighted Ingredients:
- Sarcosine and L-Carnitine: Reduce the appearance of oiliness and shine.
- Adenosine: Visibly minimizes pores and texture.
- N-Acetylglucosamine (NAG): Targets congestion and uneven skin tone.

Ingredient Callouts: Free of parabens, formaldehydes, formaldehyde-releasing agents, phthalates, mineral oil, retinyl palmitate, oxybenzone, coal tar, hydroquinone, sulfates SLS & SLES, triclocarban, triclosan, and contains less than one percent synthetic fragrance. It is also vegan, gluten-free, and cruelty-free.

What Else You Need to Know: This serum addresses uneven texture, smoothing the look of skin, while visibly reducing post-acne marks and promoting radiance for a clearer, brighter complexion.

Clinical Results: In a clinical test on 30 people, applied twice weekly for 6 weeks:
- Skin was visibly clearer in 1 week
- The serum reduced signs of congestion, including the look of pores, excess oil, and uneven skin texture
Show less",,
P481371,RANAVAT,Hydrating Rose Cream Cleanser for Dry Skin,Cleansers,Face Wash & Cleansers,$45.00,Size: 3.4 oz/ 100 mL,https://www.sephora.com/productimages/sku/s2564193-main-zoom.jpg?pb=clean-at-sephora&imwidth=160,182,"Item 2564193
What it is: A hybrid, cream-to-milk cleanser formula that gently dissolves makeup, absorbs excess oil, and addresses impurities.

Skin Type: Normal, Dry, Combination, and Oily

Skincare Concerns: Dryness, Dullness, and Acne and Blemishes

Formulation: Lightweight Cream

Highlighted Ingredients:

- Damask Rose: Combats blemishes while providing relief and soothing properties.
- Manjistha: Targets free radicals from external environmental stressors.
- Sesame Seed: Intensely hydrates to maintain a supple, healthy, and glowing appearance.

Ingredient Callouts: This product is vegan and cruelty-free.

What Else You Need to Know: This nourishing cleansing cream is powered by manjistha, an Ayurvedic herb known as ""the apex of superfoods"" for its ability to cleanse and remove impurities from the skin’s surface.



Clean at Sephora is our commitment to offering effective products without certain ingredients, such as parabens, sulfates, phthalates, and mineral oils. Learn more here.
Show less",,
P503992,MARA,Chia + Moringa® Algae Enzyme Cleansing Oil,Cleansers,Face Wash & Cleansers,$58.00,Size: 4 oz / 120 mL,https://www.sephora.com/productimages/sku/s2633147-main-zoom.jpg?pb=allure-2024-bestofbeauty&imwidth=160,462,"Item 2633147
What it is: A gentle, exfoliating cleansing oil with fruit enzymes, chia, and squalane that effortlessly removes makeup, SPF, and grime, leaving skin hydrated and glowing.

Skin Type: Normal, Dry, Combination, and Oily

Skincare Concerns: Dryness, Redness, and Dullness

Formulation: Oil

Highlighted Ingredients:
- Pumpkin, Pineapple, Papaya, and Grapefruit Enzymes: Skin-smoothing fruit enzymes gently exfoliate and visibly brighten dull skin.
- Squalane, Chia, and Moringa: Act as superfood hydrators that are rich in nutrients and omegas.
- Spirulina and Kelp: Boost hydration and nourish skin for a superclean feeling.

Ingredient Callouts: This product is vegan, gluten-free, cruelty-free, and comes in recyclable packaging.

What Else You Need to Know: This active, oil-based cleanser visibly brightens, hydrates, and is gentle enough to use daily. Formulated for all skin types, this skin-smoothing formula floods complexions with chia, squalane, moringa, and algae for effortlessly clean skin that glows.




Products formulated without certain ingredients, including parabens, sulfates, phthalates, and mineral oils, from brands that have met our specific criteria for ingredient sourcing and formulation, packaging, environmental commitments, and consumer transparency. Learn more here.

This product is an Allure Best of Beauty award winner.
Show less",,
P502997,Peace Out,Salicylic Acid Acne Treatment Serum,Treatments,Blemish & Acne Treatments,$36.00,Size: 1 oz / 30 ml,https://www.sephora.com/productimages/sku/s2734747-main-zoom.jpg?pb=clean-at-sephora&imwidth=160,307,"Item 2734747
What it is: An acne-fighting serum that contains highly potent 2% salicylic acid to target, treat, and prevent breakouts in 24 hours.

Skin Type: Normal, Dry, Combination, and Oily

Skincare Concerns: Pores, Acne and Blemishes, and Oiliness

Highlighted Ingredients:
- 2% Salicylic Acid: Clears acne blemishes and prevents new ones from forming.
- Niacinamide and Vitamin C: Brightens the look of dark spots and evens the skin's appearance.
- Triluronic Acid: A powerful soothing hydrator that keeps skin moisturized and calm.

Ingredient Callouts: Free of parabens, formaldehydes, formaldehyde-releasing agents, phthalates, mineral oil, retinyl palmitate, coal tar, sulfates SLS & SLES, triclocarban, triclosan, and contains less than one percent synthetic fragrance. It is also gluten-free, cruelty-free, and comes in recyclable packaging.

What Else You Need to Know: Cancel breakouts in 24 hours! Featuring 2% Salicylic Acid, this active-packed serum helps eliminate & prevent acne blemishes. The lightweight, soothing formula contains Niacinamide & Vitamin C to reduce the look of post-breakout discoloration & Zinc to help minimize excess oil.

Clinical Results: In a consumer study:
- 100% of participants said it didn't leave their skin feeling sensitive or irritated after using for two weeks
- 97% of participants said their skin looked more clear after using this product for one week
- 85% of participants said it helped treat and heal blemishes after 24 hours


Clean at Sephora is our commitment to offering effective products without certain ingredients, such as parabens, sulfates, phthalates, and mineral oils. Learn more here.
Show less",,
P510329,Salt & Stone,Black Rose & Oud Extra-Strength Aluminum-Free Deodorant,Body Care,Deodorant & Antiperspirant,$20.00,Size: 2.6 oz,https://www.sephora.com/productimages/sku/s2759587-main-zoom.jpg?pb=clean-at-sephora&imwidth=160,247,"Item 2759587
What it is: An extra strength, aluminum-free deodorant formulated for up to 24 hours of protection.

Skincare Concerns: Dryness and Uneven Texture 

Formulation: Balm 

Ingredient Callouts: Free of parabens, formaldehydes, formaldehyde-releasing agents, phthalates, mineral oil, retinyl palmitate, oxybenzone, coal tar, hydroquinone, sulfates SLS & SLES, triclocarban, triclosan, and contains less than one percent synthetic fragrance. It is also cruelty-free.

Fragrance Family: Earthy & Woody

Scent Type: Classic Woods

Key Notes: Black Rose, Vetiver, Oud

Highlighted Ingredients:
- Probiotics: Balance skin’s microbiome to neutralize odor and replenish healthy bacteria.
- Spirulina: An antioxidant-rich superfood that soothes irritated skin.
- Hyaluronic Acid: An ultra-hydrating humectant able to retain up to 1000x its weight in moisture.

What Else You Need to Know: This high-performance deodorant is formulated for all day protection. It’s an extra strength solid deodorant formulated without aluminum, alcohol, parabens, or phthalates in an intoxicating and centering scent, Black Rose & Oud. Seaweed extracts and hyaluronic acid soothe and moisturize the skin while probiotics neutralize odor by balancing bacteria.


Clean at Sephora is our commitment to offering effective products without certain ingredients, such as parabens, sulfates, phthalates, and mineral oils. Learn more here.
Show less",,
P447788,Dr. Barbara Sturm,Calming Serum,Treatments,Face Serums,$260.00,Size: 1 oz/ 30 mL,https://www.sephora.com/productimages/sku/s2269918-main-zoom.jpg?imwidth=160,99,"Item 2269918
What it is: An ultra-soothing, plant-based serum that helps to soothe irritated skin and visibly reduce redness.

Skin Type: Normal, Dry, Combination, and Oily

Skincare Concerns: Redness and Dryness

Formulation: Lightweight Serum

Highlighted Ingredients:
- Complex of Cardiospermum, Echium, and Sunflower: Calms and soothes irritated skin.
- Purslane: A strong antioxidant that stimulates the body and supports skin health and rejuvenation
- Sweet Almond Oil: Helps maintain moisture levels without blocking pores, helps to revitalize skin, and assists in soothing irritation.

Ingredient Callouts: This product is vegan, cruelty-free, and gluten-free.

What Else You Need to Know: This serum is ideal for rebalancing skin that is stressed as a result of sun exposure, cold, sleep loss, jet lag, air conditioning, and exposure to smoke or environmental pollution. It also strengthens the skin's natural defenses.

As an aesthetic doctor with a background in anti-inflammatory medicine, Dr. Sturm is committed to treating the skin with scientifically-proven ingredients and non-aggressive natural extracts. The three pillars of Dr. Barbara Sturm Molecular Cosmeticshydration, boosting the skin’s natural barrier function, and reducing the visible signs of irritationhelp to promote healthy skin that glows from within over time.
Show less",,
P483697,The Outset,Firming & Plumping Vegan Collagen Prep Serum,Treatments,Face Serums,$46.00,Size: 1 oz / 30 mL,https://www.sephora.com/productimages/sku/s2577120-main-zoom.jpg?pb=clean-planet-aware&imwidth=160,307,"Item 2577120
What it is: A lightweight serum that locks in healthy vitamins and vegan collagen to prep your skin for hydration, leaving it feeling smoother, firmer, and plumper.

Skin Type: Normal, Dry, Combination, and Oily

Skincare Concerns: Fine Lines and Wrinkles, Dryness, and Loss of Firmness and Elasticity

Highlighted Ingredients:
- Hyaluroset™ Complex: Serves as a botanical alternative to hyaluronic acid, nourishing, visibly plumping, and smoothing skin.
- Vegan Collagen: Is a clean alternative to traditional collagen that visibly improves firmness and tightens the look of skin.
- Brassica napus Seedcake Extract: Visibly brightens and reduces the look of dark spots.

Ingredient Callouts: This product is vegan, gluten-free, cruelty-free, and comes in recyclable packaging.

What Else You Need to Know: The second step in the Daily Essentials Starter Set (sold separately), this silicone-free serum is formulated to fortify and prep your skin. The brand’s signature Hyaluroset™ Complex nourishes, visibly plumps, and smooths while botanical extracts soothe and visibly brighten for a more radiant- and even-looking complexion.

Clinical Results: In an independent self-assessment study of 38 people, after 28 days:
- 100% agreed the serum was gentle and non-irritating
- 95% agreed skin felt soothed and hydrated
- 95% agreed skin felt smoother and plumper


Products formulated without certain ingredients, including parabens, sulfates, phthalates, and mineral oils, from brands that have met our specific criteria for ingredient sourcing and formulation, packaging, environmental commitments, and consumer transparency. Learn more here.
Show less",,
P257537,CLINIQUE,All About Eyes™ Serum De-Puffing Eye Massage for Dark Circles,Eye Care,Eye Creams & Treatments,$42.00,Size: 0.5 oz/ 15 mL,https://www.sephora.com/productimages/sku/s1234897-main-zoom.jpg?imwidth=160,918,"Item 1234897
What it is:
A rollerball that massages away bags as it brightens and refreshes the eye area.

What it is formulated to do:
This rollerball goes on under the eyes to cool and refresh as it gently rolls away puffy bags and the appearance of fatigue. Its ingredients, including invigorating caffeine, potent antioxidants, and soothing botanicals, work immediately and over time to brighten the eye area. Easy to take anywhere, it provides a refreshing on-the-spot treatment or can be layered over or under other makeup.

What it is formulated WITHOUT:
- Parabens
- Sulfates
- Phthalates

What else you need to know:
This product is allergy tested, ophthalmologist tested, and free of fragrance, oil, mineral oil, alcohol, SLS, talc, and gluten. It is comprised of 100 percent vegan ingredients.
Show less",,
P400259,Drunk Elephant,C-Firma Fresh Vitamin-C Day Serum,Treatments,Face Serums,$79.00,Size: .94 oz/ 28 mL,https://www.sephora.com/productimages/sku/s2464949-main-zoom.jpg?pb=clean-at-sephora&imwidth=160,1.9K,"Item 2464949
What it is: A potent 15 percent vitamin C day serum packed with antioxidants, nutrients, and fruit enzymes to visibly firm, brighten, and improve the signs of photoaging.

Skin Type: Normal, Dry, Combination, and Oily

Skincare Concerns: Fine Lines and Wrinkles, Dullness and Uneven Texture, Loss of Firmness and Elasticity, Dark Spots, Redness, Acne and Blemishes

Formulation: Lightweight Serum

Highlighted Ingredients:
- L-Ascorbic Acid: improve fine lines, wrinkles, and hyperpigmentation and help brighten skin
- Ferulic Acid: protects against UV-generated free radicals
- 1.0% Tocopherol: aka vitamin E, helps maintain moisture levels, and soothes irritation

Ingredient Callouts: This product is vegan and cruelty-free.

What Else You Need to Know: C-Firma™ is designed to be mixed by you before its first use, which maximizes the potency of its ingredients while keeping the formula fresh. An antioxidant complex of l-ascorbic and ferulic acids, and vitamin E, reveal radiance, luminosity, and an even complexion as it hydrates and soothes. When worn under your sunscreen during the day, C-Firma™ Fresh works hard to ward off pollution and UV-generated free radical damage. C-Firma™ Fresh is formulated at a skin-friendly pH of 2.5 and dermatologist tested.

Drunk Elephant is committed to using only ingredients that either directly benefit the health of the skin or support the integrity of their formulations. The brand focuses on healthy pH levels, formulations the skin recognizes, small molecular structure that’s easily absorbed, and effective active ingredients that also support the skin’s acid mantle. All of their products are designed to be mixed together—that’s what Drunk Elephant calls making a smoothie. (This is true for all of Drunk Elephant’s products except their sunscreen Umbra, which sits on top of the skin, keeping it safe.) The result is skin that is reset to its happiest, healthiest state.

Drunk Elephant is a supporter of IEF (International Elephant Foundation) and is cruelty-free.

Clinical Results: In a clinical study with 30 people after 4 weeks: 
- 100% showed improvement in skin’s tone and radiance 
- 96% showed improvement in overall hyperpigmentation 
- 93% showed smoother skin texture 

Results based upon 12-month real time data:
- Proven to maintain nearly 95% of active Vitamin C for one year after mixing

Clean at Sephora
Clean at Sephora is our commitment to offering effective products without certain ingredients, such as parabens, sulfates, phthalates, and mineral oils. Learn more here.
Show less",,
P460515,Drunk Elephant,E-Rase™ Milki Micellar Water,Cleansers,Makeup Removers,$32.00,Size: 8 oz/ 240 mL,https://www.sephora.com/productimages/sku/s2382489-main-zoom.jpg?pb=clean-at-sephora&imwidth=160,1.1K,"Item 2382489
What it is: A milky, ceramide-rich micellar water that thoroughly and gently removes makeup, dirt, pollution, and bacteria from the face and eye area—no rinsing needed.

Skin Type: Normal, Dry, Combination, and Oily

Skincare Concerns: Dryness

Formulation: Lightweight Liquid

Highlighted Ingredients:
- Micellar Cleansing Blend: A mix of ultra-gentle, dirt- and pollution-capturing surfactants and emollients.
- 3-Ceramide Blend: Ceramides AP, NP, and EOP are derived from plant sources and are identical to the wax-like moisturizing ceramides that occur naturally in skin and help
soothe and maintain the moisture balance of skin while protecting against water loss. Ceramides help fill in the spaces between skin cells, giving them the appearance of elasticity and playing a critical role in supporting the skin barrier.
- Wild Melon Seed Oil: Cold pressed and rich in omega 6 and 9 fatty acids (linoleic and oleic) as well as antioxidant polyphenols, it‘s used for its soothing, moisturizing, and barrier-supportive benefits.

Ingredient Callouts: This product is cruelty-free and comes in recyclable packaging.

What Else You Need to Know: With ultra-mild micelles, replenishing fatty acids, and antioxidant-rich plant oils, E-Rase™ nourishes skin while dissolving away makeup and dirt, is barrier-supportive and may be used anytime you need a quick skin refreshment. E-Rase™ is gentle enough to be used all over, including eyes and lips, formulated at a skin-friendly pH of 5.0 and dermatologist tested.

This micellar water is free of essential oils, silicones, fragrance, PEGs, and irritants.

Drunk Elephant is committed to using only ingredients that either directly benefit the health of the skin or support the integrity of their formulations. The brand focuses on healthy pH levels, formulations the skin recognizes, small molecular structure that’s easily absorbed, and effective active ingredients that also support the skin’s acid mantle. All of their products are designed to be mixed together—what Drunk Elephant calls making a smoothie. (This is true for all of their products except their sunscreen, Umbra, which sits on top of the skin, protecting it from UV damage.) The result is skin that is reset to its happiest, healthiest state.

Drunk Elephant is a supporter of IEF (International Elephant Foundation) and is cruelty-free.




Clean at Sephora is our commitment to offering effective products without certain ingredients, such as parabens, sulfates, phthalates, and mineral oils. Learn more here.
Show less",,
P392248,Drunk Elephant,Pekee™ Cleansing Bar,Cleansers,Face Wash & Cleansers,$28.00,Size: 4 oz/ 120 g,https://www.sephora.com/productimages/sku/s1679281-main-zoom.jpg?pb=clean-at-sephora&imwidth=160,455,"Item 1679281
What it is: A gentle, multitasking bar that visibly clarifies, balances, and moisturizes while removing surface debris, impurities, and excess oil without fragrance or soap.

Skin Type: Normal, Dry, Combination, and Oily

Skincare Concerns: Dark Spots, Fine Lines and Wrinkles, and Loss of Firmness and Elasticity

Highlighted Ingredients:
- Blueberry Extract: A potent antioxidant with soothing and antiglycation properties.
- Virgin Marula Oil: A super-absorbable oil—high in critical antioxidants and omega-6 and -9—that nourishes and visibly rejuvenates the skin.
- Honey: Has antioxidant properties and soothes and nourishes the skin.

Ingredient Callouts: This product is cruelty-free.

What Else You Need to Know: Infused with blueberry extract, marula oil, and honey, Pekee™ Cleansing Bar visibly tones and promotes moisture retention for skin that feels firmer and more elastic. Pekee is dermatologist tested, free of fragrance, essential oils, silicones, and soap and has an ideal pH level of 6.5 to cleanse and calm without drying or stripping the skin of its protective barrier.

Drunk Elephant is committed to using only ingredients that either directly benefit the health of the skin or support the integrity of their formulations. The brand focuses on healthy pH levels, formulations the skin recognizes, small molecular structure that’s easily absorbed, and effective active ingredients that also support the skin’s acid mantle. All of their products are designed to be mixed together—what Drunk Elephant calls making a smoothie. (This is true for all of their products except their sunscreen, Umbra, which sits on top of the skin, protecting it from UV damage.) The result is skin that is reset to its happiest, healthiest state.

Drunk Elephant is a supporter of IEF (International Elephant Foundation) and is cruelty-free.


Clean at Sephora is our commitment to offering effective products without certain ingredients, such as parabens, sulfates, phthalates, and mineral oils. Learn more here.
Show less",,
P511926,TULA Skincare,Bronze Boost Glow Bronzing Drops,Treatments,Face Serums,$34.00,Size: 1 oz / 30 ml,https://www.sephora.com/productimages/sku/s2775120-main-zoom.jpg?pb=clean-at-sephora&imwidth=160,257,"Item 2775120
What it is: A complexion-boosting serum that provide an instant, luminous, sun-kissed finish while helping to visibly brighten skin over time and improve the skin barrier.

Skin Type: Normal, Dry, Combination, and Oily

Skincare Concerns: Dryness and Dullness

Highlighted Ingredients:
- Rainbow Seabright™ Elixir (Rainbow Seaweed & Niacinamide): Visibly brightens and defends against the effects of blue light and pollution.
- Copper Peptides: Reduces the look of fine lines.
- Hyaluronic Acid: Visibly plumps skin with hydration.

Ingredient Callouts: This product is gluten-free and cruelty-free.

What Else You Need to Know: Powered by copper peptides and niacinamide, these luminous bronzing drops instantly even the look of skin tone, visibly plump skin with hydration, and defend the skin’s surface against the damaging effects of blue light and pollution.

Clinical Results: In a self-assessment on 33 subjects:
- 96% agreed skin looks brighter, smoother, and more radiant


Clean at Sephora is our commitment to offering effective products without certain ingredients, such as parabens, sulfates, phthalates, and mineral oils. Learn more here.
Show less",,
P472342,Tata Harper,Superkind Gentle AHA Radiance Mask for Skin Barrier Repair,Masks,Face Masks,$68.00,Size: 1 oz/ 30 mL,https://www.sephora.com/productimages/sku/s2460111-main-zoom.jpg?pb=clean-at-sephora&imwidth=160,329,"Item 2460111
What it is: A gentle, fragrance-free mask with mild AHAs and microbiome-balancing prebiotics that exfoliates and revives dull, dry skin and supports a healthy skin barrier.

Skin Type: Dry

Skincare Concerns: Dryness, Redness, and Dullness

Formulation: Mask

Highlighted Ingredients:
- Self-Neutralizing AHA Blend: Dissolves the appearance of dullness and supports cell turnover.
- Sugar Prebiotic: Helps restore the microbiome balance and maintain skin’s natural defense mechanisms.
- Sugar Carbohydrate Complex: Supports ceramides and proteins to enhance barrier function and provide intense, long-lasting hydration.

Ingredient Callouts: This product is vegan, gluten-free, cruelty-free, hypoallergenic, fragrance-free and comes in recyclable packaging.

What Else You Need to Know: Radiance Mask is a part of the Superkind collection designed for reactive skin. These are super powerful yet super gentle solutions, meticulously formulated to fortify and revitalize stressed skin.
Tata Harper Skincare is partnering with Trees for the Future for two years to plant 100,000 trees, revitalize 100 acres, sequester 3,616 tons of carbon, and plant 1,000 people out of poverty. SkinSAFE Trusted Choice: Good for Sensitive Skin, formulated without the most common fragrance allergens and rigorously tested for skin reactivity

Clean at Sephora is our commitment to offering effective products without certain ingredients, such as parabens, sulfates, phthalates, and mineral oils. Learn more here.
Show less",,
P510356,Salt & Stone,Bergamot & Hinoki Refillable Body Wash with Niacinamide + Probiotic,Bath & Shower,Body Wash & Shower Gel,$36.00,Size: 15.2 oz,https://www.sephora.com/productimages/sku/s2759512-main-zoom.jpg?pb=clean-at-sephora&imwidth=160,120,"Item 2759512
What it is: An irresistibly scented gel body cleanser infused with ocean botanicals, niacinamide, and probiotics to soften, soothe, and restore the skin.

Skincare Concerns: Dryness, Uneven Texture, and Dullness  

Formulation: Gel 

Ingredient Callouts: Free of parabens, formaldehydes, formaldehyde-releasing agents, phthalates, mineral oil, retinyl palmitate, oxybenzone, coal tar, hydroquinone, sulfates SLS & SLES, triclocarban, triclosan, and contains less than one percent synthetic fragrance. It is also cruelty-free.

Fragrance Family: Earthy & Woody

Scent Type: Citrus & Woods

Key Notes: Bergamot, Orange Blossom, Hinoki

Highlighted Ingredients:
- Seaweed Extracts & Spirulina: Antioxidant-rich ocean botanicals that soothe and regenerate irritated skin.
- Niacinamide: Support a stronger skin barrier while visibly improving the skin’s texture.
- Probiotics: Balance skin’s microbiome to neutralize odor and replenish healthy bacteria.

What Else You Need to Know: This body wash is formulated to soften and soothe while cleansing to restore the drying effects of outdoor activity, wind, sun, and sea. Soothe and focus with the bestselling scent, Bergamot & Hinoki. Niacinamide supports a stronger skin barrier to visibly improve the skin's texture while probiotics neutralize odor and fight bacteria. Antioxidant-rich ocean botanicals and vitamin C from blueberry extract fight free radicals introduced to skin by sun exposure, reinforcing skin’s collagen production and defending against visible signs of aging.


Clean at Sephora is our commitment to offering effective products without certain ingredients, such as parabens, sulfates, phthalates, and mineral oils. Learn more here.
Show less",,
P482260,DAMDAM,Rice Drops Face Oil Hydrating Serum,Moisturizers,Face Oils,$68.00,Size: 1.01 oz / 30 mL,https://www.sephora.com/productimages/sku/s2563930-main-zoom.jpg?pb=clean-planet-aware&imwidth=160,200,"Item 2563930
ONLY AT SEPHORA
What it is: A lightweight rice bran oil serum that provides intense hydration without clogging pores.
Skin Type: Normal and Combination

Skincare Concerns: Fine Lines, Pores, and Uneven Texture

Formulation: Lightweight Oil

Highlighted Ingredients:
- Rice Bran Oil: High in fatty acids and squalene to visibly plump and improve texture.
- Avocado Oil: Provides intense moisture to nurture chapped, sensitive skin.
- Jojoba Oil: A skin-mimicking oil that balances the lipid barrier for quick absorption and glow.

Ingredient Callouts: This product is vegan, gluten-free, and cruelty-free.

What Else You Need to Know: This weightless, hydrating formula is effortlessly absorbed by skin. Inspired by geishas and kabuki actors who used rice bran oil to support skin health under heavy stage makeup, this oil helps create a defense barrier suitable for irritable or sensitive skin.


Products formulated without certain ingredients, including parabens, sulfates, phthalates, and mineral oils, from brands that have met our specific criteria for ingredient sourcing and formulation, packaging, environmental commitments, and consumer transparency. Learn more here.
Show less",,
P509397,Tower 28 Beauty,LipSoftie™ Hydrating Tinted Lip Treatment Balm,Lip,Lip Balms & Treatments,$16.00,Size 0.38 oz / 11 g,https://www.sephora.com/productimages/sku/s2843068-main-zoom.jpg?pb=clean-at-sephora&imwidth=160,1.5K,"Item 2843068
ONLY AT SEPHORA
What it is: A clinically proven, non-sticky lip balm treatment that delivers the intense hydration of a lip mask with a sweet sheer tint using food-grade, non-artificial flavor that is safe for sensitive lips.

Formulation Type:  Lip Balm & Treatment

Benefits: Hydrating

Highlighted Ingredients: 
- Shea Butter: Boosts lip hydration and soothes skin.
- Jojoba Oil: Locks in moisture to keep lips soft and supple.
- Lysine: Prevents dryness and helps to smooth and soften lips.

Ingredient Callouts: Free of parabens, phthalates, and contains less than one percent synthetic fragrance. It is also gluten-free, cruelty-free, and comes in recyclable packaging.

What Else You Need to Know: This dermatologist-approved lip balm delivers instant comfort and long-lasting hydration for smooth, softie lips. It is designed for even the most sensitive, irritated lips, the cushiony formula helps relieve chapped skin. The sweet scent is fragrance-free to avoid drying lips out. The different flavors include watermelon kiwi, dulce de leche, ube vanilla, and blood orange vanilla.

Clinical Results: Based on a third-party clinical test with 34 people, immediately after use:
- 100% agree it relieves chapped lips
- 100% agree it instantly comforts dry lips.

After 2 weeks of use:
- 100% agree lips feel softer after use
- 100% agree formula delivers long-lasting hydration
-100% agree product helps heal and repair dry, damaged lips

Clean at Sephora is our commitment to offering effective products without certain ingredients, such as parabens, sulfates, phthalates, and mineral oils. Learn more here.
Show less",,
P480613,La Mer,The Treatment Lotion,Moisturizers,Mists & Essences,$190.00,Size: 5 oz/ 150 mL,https://www.sephora.com/productimages/sku/s2533594-main-zoom.jpg?pb=allure-2022-bestofbeauty-badge&imwidth=160,526,"Item 2533594
What it is: A serum-strength watery lotion treatment that delivers a rush of liquid energy, all-day hydration, and visible youth-boosting benefits to skin.

Skin Type: Normal, Dry, Combination, and Oily

Skincare Concerns: Dryness, Dullness, and Uneven Texture

Formulation: Liquid

Highlighted Ingredients:
- Miracle Broth™: Supports skin oxygen capacity and energy to activate renewal.
- The Revival Ferment: Helps skin resist visible irritation for a calm, healthy complexion.
- Liquid Hydrogel: Active texture visibly plumps, protects, and delivers all-day hydration.

Ingredient Callouts: Free of parabens, phthalates, and sulfates SLS & SLES.

What Else You Need to Know: This next-generation watery lotion is infused with youth-renewing Miracle Broth to activate repair, while its fast-absorbing Liquid Hydrogel texture penetrates rapidly to deliver all-day healing hydration, leaving skin feeling renewed, revitalized and prepped for skincare treatments to follow.

Clinical Results: Clinical testing on 32 women after using treatment once:
- In a few drops, +56% hydration

Clinical testing on 50 women after using treatment for 8 weeks, twice daily, in one bottle, visible results:
-17% visibly reduced redness
-21% visible reduction in lines and 14% smoother feel

Clinical testing on 50 women after using treatment for 4 weeks, twice daily:
- In 4 weeks, visibly diminishes fine lines and helps firm skin
Show less",,
P507575,NUDESTIX,Nudeskin Blemish Clarifying Gel Moisturizer,Moisturizers,Face Creams,$24.00,Size: 2.03 oz / 60 mL,https://www.sephora.com/productimages/sku/s2692515-main-zoom.jpg?pb=clean-at-sephora&imwidth=160,193,"Item 2692515
What it is: A light gel moisturizer with 2.5% of niacinamide and cica helps to reduce signs of hyperpigmentation and redness that typically result from blemishes.
Skin Type: Normal, Dry, Combination, and Oily

Skincare Concerns: Dark Spots, Redness, Acne and Blemishes

Highlighted Ingredients:
- 2% Salicylic Acid: A keratolytic beta hydroxy acid (BHA) that gently exfoliates to improve skin texture.
- 2.5% Niacinamide (Vitamin B3): A form of B3 that helps strengthen the lipid barrier, locking in moisture.
- Hyaluronic Acid: Softens and hydrates the skin to improve the overall complexion.

Ingredient Callouts: This product is vegan, gluten-free, and cruelty-free.

What Else You Need to Know: This is a clean, vegan, lightweight moisturizer with salicylic acid that gently renews skin for a clarified, even, smooth, and brighter complexion. Soothing niacinamide and cica extract reduce signs of redness while hyaluronic acid and squalane lock in moisture to keep skin hydrated.



Clean at Sephora is our commitment to offering effective products without certain ingredients, such as parabens, sulfates, phthalates, and mineral oils. Learn more here.
Show less",,
P515283,NuFACE,FIX® MicroWand,High Tech Tools,Anti-Aging,$195.00,,,,,,
P385674,Jack Black,Deep Dive™ Glycolic Facial Cleanser,Cleansers,Face Wash & Cleansers,$25.00,Size: 5 oz/ 147 mL,https://www.sephora.com/productimages/sku/s1604438-main-zoom.jpg?imwidth=160,283,"Item 1604438
What it is:
A powerful, multifunctional cleanser that washes away dead skin cells, pore-clogging oil, and build-up while smoothing and firming skin.

What it is formulated to do:
This dual-purpose cleanser and mask draws out deep-lying oil and dirt while smoothing the skin. It reduces the appearance of pores, minimizes imperfections, and absorbs excess oil without drying skin. This soothing formula contains volcanic ash, which is packed with high concentrations of more than 10 natural antioxidant minerals that work to restore, repair, and smooth skin while regulating moisture levels. It also contains glycolic acid, a highly effective chemical exfoliant that removes dead skin cells and build-up for noticeably softer, firmer, clearer skin.

What it is formulated WITHOUT:
- Parabens

What else you need to know:
This product is safe for sensitive skin, dermatologist tested, fragrance-free, and vegan.
Show less",,
P513088,Tatcha,Tatcha Mini Favorites Set,Value & Gift Sets,,$65.00,,,,,,
P456571,Murad,Vitamin C Glycolic Brightening Serum,Treatments,Face Serums,$88.00,Size: 1 oz/ 30 mL,https://www.sephora.com/productimages/sku/s2319382-main-zoom.jpg?imwidth=160,376,"Item 2319382
What it is: A super-stable, potent brightening serum with vitamin C and glycolic acid to visibly reduce hyperpigmentation for dramatically brighter-looking skin.

Skin Type: Normal, Dry, Combination, and Oily

Skincare Concerns: Dark Spots, Dullness, and Uneven Texture

Formulation: Serum

Highlighted Ingredients:
- Proprietary Vita-C (Vitamin C) Complex: Ensures stability and potency for brighter-looking skin.
- Glycolic Acid: Removes dulling surface cells and helps vitamin C penetrate more effectively.
- Phyto-Luminescent Extract: Transforms UV energy into a light source that visibly illuminates the skin.

Ingredient Callouts: Free of parabens, formaldehydes, phthalates, mineral oil, oxybenzone, and sulfates SLS & SLES. It is also vegan, gluten-free, and cruelty-free.

What Else You Need to Know: Discover your glow with Murad’s brightening serum, formulated with super-stable vitamin C and glycolic acid. Powerful treatment smooths texture, evens tone, and combats dullness to reveal your brightest, most radiant complexion.

Clinical Results: Proven results reported by trial participants in a 2-week study:
- 91% saw brighter, smoother skin with more glow
- 94% agree skin feels softer and more hydrated
Show less",,
P510731,Isle of Paradise,Sunny Serum Instant Face Bronzer,Treatments,Face Serums,$24.00,Size: 1.01 oz/30 mL,https://www.sephora.com/productimages/sku/s2871895-main-zoom.jpg?pb=clean-at-sephora&imwidth=160,511,"Item 2871895
ONLY AT SEPHORA
What it is: A liquid bronzing serum that instantly illuminates to deliver a bronzed, glowing complexion.

Skin Type: Normal, Dry, Combination, and Oily

Highlighted Ingredients:
- Niacinamide: Visibly improves tone and texture.
- Squalane: Hydrates and protects against trans-epidermal water loss.

Ingredient Callouts: It is cruelty-free.

What Else You Need to Know: This instant, buildable bronzing serum works like skincare and looks like makeup. Formulated with brightening niacinamide and hydrating squalane, Sunny Serum provides bronzed skin instantly and washes off at the end of the day for a no-commitment glow.


Clean at Sephora is our commitment to offering effective products without certain ingredients, such as parabens, sulfates, phthalates, and mineral oils. Learn more here.
Show less",,
P504001,Dr. Jart+,Ceramidin™ Skin Barrier Serum Toner,Cleansers,Toners,$39.00,Size: 5.07 oz / 150 mL,https://www.sephora.com/productimages/sku/s2640639-main-zoom.jpg?imwidth=160,484,"Item 2640639
ONLY AT SEPHORA
What it is: A serum and toner that supports the skin barrier, moisturizes, softens, tones, and preps skin for the next step.

Skin Type: Normal, Dry, Combination, and Oily

Skincare Concerns: Dryness, Dullness, and Uneven Texture

Highlighted Ingredients:
- Ceramide NP: Supports the skin barrier.
- Panthenol: Moisturizes and nourishes skin’s barrier to prevent water loss.

Ingredient Callouts: Free of parabens, phthalates, mineral oil, sulfates SLS & SLES, and contains less than one percent synthetic fragrance. It is also vegan and gluten-free.

What Else You Need to Know: This rich liquid combines your serum and toner step for one, potent skincare essential. As a serum, it glides on to form a moisturizing base layer that supports the skin barrier. As a toner, it removes residue and visibly refines skin’s texture. This serum toner is loaded with barrier-supporting ceramide NP and panthenol for moisture and barrier reinforcement.

Research Results:
+134% boost in moisture
*24 hours of moisture
+34% stronger skin barrier

**Strengthens the skin barrier for 8 hours21% smoother feeling skin
****Clinical testing on 34 women, immediately after using product.
**Clinical testing on 31 women, after using product for 8 hours.
***Clinical testing on 31 women, after using product for 4 weeks.

Sensory Results:
94% agree skin feels smooth*
92% agree skin feels moisturized*
93% agree skin texture feels even

***Consumer testing on 114 women immediately after using product once.
**Consumer testing on 113 women after using product two times a day for 4 weeks.
Show less",,
P505376,Kiehl's Since 1851,Ultra Pure High-Potency 9.8% Glycolic Acid Serum,Treatments,Face Serums,$36.00,Size: 1 oz / 30 ml,https://www.sephora.com/productimages/sku/s2672772-main-zoom.jpg?imwidth=160,60,"Item 2672772
What it is: A concentrated facial serum formulated with seven ingredients to smooth skin by visibly refining texture and minimizing the appearance of pores.

Skin Type: Normal, Dry, Combination, and Oily

Skincare Concerns: Pores and Uneven Texture

Highlighted Ingredients:
- Glycolic Acid: A naturally occurring fruit acid known to visibly smooth skin.

Ingredient Callouts: It comes in recyclable packaging.

What Else You Need to Know: This serum is formulated with just seven ingredients to help visibly refine and smooth skin’s texture and boost glow. It is free of fragrance and colorants and is minimally formulated for skin absorption and a smoothing effect.

Clinical Results: In a consumer 4-week study, after 1 week:
- 98% agree skin feels softer
Show less",,
P422248,Kiehl's Since 1851,Rare Earth Deep Pore Daily Cleanser,Cleansers,Face Wash & Cleansers,$29.00,Size: 5 oz/ 150 mL,https://www.sephora.com/productimages/sku/s1989367-main-zoom.jpg?imwidth=160,211,"Item 1989367
What it is: A cleanser that exfoliates skin and minimizes the look of pores.

Skin Type: Combination and Oily

Skincare Concerns: Pores, Oiliness

Formulation: Scrub

Highlighted Ingredients:
- Oat Kernel Meal: A natural exfoliant and absorbent of surface oil known for its anti-irritant and anti-redness properties.
- Amazonian White Clay: Helps purify and detoxify skin, removing bacteria, toxins, excess oil, and dead cells that can clog skin.
- Aloe Barbadensis: Known for its soothing properties.

Ingredient Callouts: Free of sulfates SLS and SLES, parabens, formaldehydes, formaldehyde-releasing agents, phthalates, mineral oil, retinyl palmitate, oxybenzone, coal tar, hydroquinone, triclosan, and triclocarban, and contains less than one percent of synthetic fragrances. This product is also cruelty-free.

What Else You Need to Know: This unique formula helps detoxify and reduce the appearance of pores for healthy-looking skin. With Amazonian white clay, the formula gently exfoliates, cleansing away toxins, dirt, and oil that can clog pores. The result is skin that feels fresh and soft.

Show less",,
P515457,ISAMAYA,Lips Balm- Sheer Lipstick Balm with Vitamin E,Lip,Lip Balms & Treatments,$32.00,"or 4 payments of $8.00 with
   or    or   ",https://www.sephora.com/productimages/sku/s2855476-main-zoom.jpg?imwidth=160,6,"Item 2855476
NEW
ONLY AT SEPHORA
What it is: A sheer lipstick balm that keeps lips soft, supple and protected from external aggressors.

Formulation Type: Lip Balm & Treatment

Benefits: Hydrating

Highlighted Ingredients: 
- Vitamin E: Hydrates.

Ingredient Callouts: This product is vegan, gluten-free, cruelty-free, and comes in recyclable packaging.

What Else You Need to Know: This lip balm contains a potent antioxidant Vitamin E infused that helps relieve chapped, dry lips. 
Show less",,
P510323,Elemis,Pro-Collagen Makeup Melting Cleansing Balm,Cleansers,Makeup Removers,$40.00,Size: Original / 50 g,https://www.sephora.com/productimages/sku/s2759009-main-zoom.jpg?imwidth=160,5.6K,"Item 2759009
What it is: A bestselling, three-in-one transformative balm that softens, nourishes, and removes makeup, daily grime, and impurities.

Skin Type: Normal, Dry, Combination, and Oily

Skincare Concerns: Dryness, Redness, and Dullness

Formulation: Balm

Ingredient Callouts: Free of phthalates and mineral oil.

What Else You Need to Know: The rich balm melts into a luxurious oil when gently massaged into the skin, before transforming into a hydrating milk on contact with water. The unique formula effortlessly removes long-wear makeup, daily grime and surface pollutants, and deep cleanses and softens as a facial mask.

Clinical Results: In a consumer perception study with 120 subjects:
- 97% agreed this product helped remove impurities without stripping skin of moisture

In an independent user trial, results based on 120 people over 2 weeks:
- 98% agreed this product quickly and easily removes makeup, daily grime, and visible pollutants
- 97% agreed Pro-Collagen Cleansing Balm left their skin feeling softened
- 92% agreed after using this product, they saw improved radiance

Highlighted Ingredients: 
Original
Starflower Oil: The richest natural source of Omega-6 fatty acid Gamma-Linolenic Acid, helps smooth, soften, and nourish the skin. 
Elderberry Oil: A natural antioxidant, rich in essential fatty acid that smooths skin without leaving a greasy feeling.
Optimega ™ Oil: A carefully balanced blend of pressed Wheatgerm and Oat oils helps reduce trans-epidermal water loss in the skin. 

Naked
Elderberry Oil: A natural antioxidant, rich in fatty acids that smooths skin without leaving a greasy feeling. 
Optimega ™ Oil: A carefully balanced blend of oils pressed in the UK: Wheatgerm and Oat, to help reduce trans-epidermal water loss in the skin. 
Padina Pavonica: A moisture-boosting, brown macro-algae found on the Mediterranean coast is rich in polysaccharides that quenches the skin for a visibly radiant complexion. 

Rose
English Rose Oleo Extract: A decadent extract that boasts skin-smoothing and hydration benefits from over 20 varieties of roses, hand harvested in the UK. 
Elderberry Oil: Readily absorbed and rich in essential fatty acids and natural antioxidants, supporting the skin’s smoothness, without leaving a greasy feeling. 
Padina Pavonica: A moisture-boosting, brown macro-algae found on the Mediterranean coast is rich in polysaccharides that quenches the skin for a visibly radiant complexion. 

Green Fig
Starflower Oil: The richest natural source of Omega-6 fatty acid Gamma-Linolenic Acid, helps smooth, soften, and nourish the skin. 
Optimega ™ Oil: A carefully balanced blend of oils pressed in the UK: Wheatgerm and Oat, to help reduce trans-epidermal water loss in the skin. 
Padina Pavonica A moisture-boosting, brown macro-algae found on the Mediterranean coast is rich in polysaccharides that quenches the skin for a visibly radiant complexion. 
Show less",,
P472343,Tata Harper,Superkind Foaming Softening Cleanser for Barrier Support,Cleansers,Face Wash & Cleansers,$88.00,Size: 4.2 oz/ 125 mL,https://www.sephora.com/productimages/sku/s2460103-main-zoom.jpg?pb=clean-at-sephora&imwidth=160,101,"A comforting, fragrance-free micro-foaming cream cleanser that dissolves buildup and impurities while soothing and softening stressed, reactive skin.

Normal, Dry, Combination, and Oily

Redness and Dullness

Highlighted Ingredients:
- Micro-foaming Botanical Blend: Cleanses and removes visible impurities while hydrating the skin.
- Maracuja Seed Oil: Supports skin and helps to soothe and restore an optimal healthy state.
- Jojoba Esters: Gently dissolve buildup and replenish skin lipids to leave skin feeling clean and supple.

Ingredient Callouts: This product is vegan, gluten-free, cruelty-free, hypoallergenic, fragrance-free and comes in recyclable packaging.

What Else You Need to Know: Softening Cleanser is a part of the Superkind collection designed for reactive skin. These are super powerful yet super gentle solutions, meticulously formulated to fortify and revitalize stressed skin.

Tata Harper Skincare is partnering with Trees for the Future for two years to plant 100,000 trees, revitalize 100 acres, sequester 3,616 tons of carbon, and plant 1,000 people out of poverty.
SkinSAFE Trusted Choice: Good for Sensitive Skin, formulated without the most common fragrance allergens and rigorously tested for skin reactivity

Clean at Sephora is our commitment to offering effective products without certain ingredients, such as parabens, sulfates, phthalates, and mineral oils. Learn more here.
Show less",,
P480630,Summer Fridays,Mini Jet Lag Mask + Moisturizer,Masks,Face Masks,$26.00,Size: 1 oz / 28 g,https://www.sephora.com/productimages/sku/s2473379-main-zoom.jpg?pb=clean-at-sephora&imwidth=160,6K,,,
P506372,CLINIQUE,Even Better Clinical™ Brightening Moisturizer with Vitamin C,Moisturizers,Face Creams,$64.00,Size: 1.6 oz / 50 ml,https://www.sephora.com/productimages/sku/s2672988-main-zoom.jpg?imwidth=160,4,,,
P500283,HAUS LABS BY LADY GAGA,PhD Hybrid Hydrating Tinted Lip Oil,Lip,Lip Oil,$26.00,,https://www.sephora.com/productimages/sku/s2571941-main-zoom.jpg?pb=clean-at-sephora&imwidth=160,1.2K,,,
P456421,KORRES,Black Pine 3D Eye-Lift Super Serum,Eye Care,Eye Creams & Treatments,$62.00,Size: 0.51 oz/ 15 mL,https://www.sephora.com/productimages/sku/s2338465-main-zoom.jpg?pb=clean-at-sephora&imwidth=160,167,,,
P442836,Skinfix,Barrier+ Foaming Oil Hydrating Cleanser,Cleansers,Face Wash & Cleansers,$30.00,Size: 6 oz/ 177 mL,https://www.sephora.com/productimages/sku/s2215929-main-zoom.jpg?pb=clean-planet-aware&imwidth=160,1.3K,,,
P461224,PATRICK TA,Major Glow Softening Lip Masque,Lip,Lip Balms & Treatments,$24.00,,,,,,
P516422,Sulwhasoo,Concentrated Ginseng Rejuvenating Cream Rich for Anti-Aging,Moisturizers,Face Creams,$260.00,Size: 1.69 oz / 50 mL,https://www.sephora.com/productimages/sku/s2844405-main-zoom.jpg?imwidth=160,15,,,
P456995,First Aid Beauty,Mini KP Bump Eraser Body Scrub with 10% AHA – Body Exfoliant for Keratosis Pilaris,Mini Size,,$12.00,,,,,,
P507492,Saie,Glossybounce™ High-Shine Hydrating Lip Gloss Oil,Lip,Lip Gloss,$22.00,Size 0.17 oz/5 mL,https://www.sephora.com/productimages/sku/s2872463-main-zoom.jpg?pb=clean-planet-aware&imwidth=160,1.4K,,,
P468192,MAKE UP FOR EVER,Mini Step 1 Primer Shine Control,Mini Size,,$24.00,Color: Shine Control,https://www.sephora.com/productimages/sku/s2424760-main-zoom.jpg?imwidth=160,347,,,
P454085,Dr. Jart+,Teatreement™ Toner,Cleansers,Toners,$30.00,Size: 4.05 oz/ 120 mL,https://www.sephora.com/productimages/sku/s2300267-main-zoom.jpg?imwidth=160,481,,,
P505664,Dermalogica,Porescreen SPF 40 Mineral Sunscreen with Niacinamide,Sunscreen,Face Sunscreen,$55.00,Size: 1 oz / 30 ml,https://www.sephora.com/productimages/sku/s2643179-main-zoom.jpg?imwidth=160,433,"Item 2643179
ONLY AT SEPHORA
What it is: A multitasking SPF 40 mineral sunscreen with a blurring effect that supports healthy-looking pores and provides a hint of tint for an instantly radiant complexion.

Skin Type: Normal, Dry, Combination, and Oily

Skincare Concerns: Pores, Uneven Texture, and Oiliness

Formulation: Liquid

Highlighted Ingredients:
- Zinc Oxide: A physical sunscreen that protects against UVA and UVB.
- Niacinamide: Reduces the production of sebum and strengthens the skin barrier.
- Green Microalgae, Squalane, Antioxidant Vitamin E Blend: Moisturizes, softens, and smooths.

Ingredient Callouts: Free of parabens, formaldehydes, formaldehyde-releasing agents, phthalates, mineral oil, retinyl palmitate, oxybenzone, coal tar, hydroquinone, sulfates SLS & SLES, triclocarban, triclosan, and contains less than one percent synthetic fragrance. This product is also gluten-free and cruelty-free.

What Else You Need to Know: This mineral SPF provides UVA/UVB protection while the encapsulated tint visibly enhances skin tone. Antioxidant vitamin E and squalane create a blurring, primer-like effect that helps smooth skin’s appearance. Two percent niacinamide reduces the appearance of pores and maintains hydrated skin by strengthening the skin barrier.
Show less","-Zinc Oxide: A physical sunscreen that protects against UVA and UVB.
-Niacinamide: Reduces the production of sebum and strengthens the skin barrier.
-Green Microalgae, Squalane, Antioxidant Vitamin E Blend: Moisturizes, softens, and smooths.

Water/Aqua/Eau, Zinc Oxide, C12-15 Alkyl Benzoate, Octyldodecyl Neopentanoate, Butyloctyl Salicylate, Caprylic/Capric Triglyceride, Isododecane, Lauryl PEG-8 Dimethicone, Propanediol, Niacinamide, Methylpropanediol, Titanium Dioxide (CI 77891), Silica Silylate, Lactic Acid, Helianthus Annuus (Sunflower) Seed Oil, Lavandula Angustifolia (Lavender) Flower/Leaf/Stem Extract, Chamomilla Recutita (Matricaria) Flower Extract, Rosa Damascena Extract, Chlorella Vulgaris Extract, Sea Salt (Maris Sal), Olive Oil Decyl Esters, Squalene, Tocopherol, Caprylyl Glycol, Lecithin, Allantoin, Propylene Glycol Stearate, Glycerin, Bisabolol, Lauryl PEG-10 Tris (Trimethylsiloxy)silylethyl Dimethicone, PEG-10, Silica, Polyglyceryl-4 Diisostearate/Polyhydroxystearate/Sebacate, Magnesium Stearate, Tetrasodium Glutamate Diacetate, Citric Acid, Sodium Hydroxide, Sodium Chloride, Bentonite, Cellulose Acetate, Phenylpropanol, Hydrated Silica, Acrylates/Ammonium Methacrylate Copolymer, Iron Oxides (CI 77491, CI 77492, CI 77499), Linalool.","Suggested Usage:
-Use daily.
-Shake before each use.
-Apply an even amount of product to face each morning after moisturizing.
-Can be worn alone or underneath makeup."
P510309,Salt & Stone,Neroli & Basil Extra-Strength Aluminum-Free Deodorant,Body Care,Deodorant & Antiperspirant,$20.00,Size: 2.6 oz,https://www.sephora.com/productimages/sku/s2759579-main-zoom.jpg?pb=clean-at-sephora&imwidth=160,236,"Item 2759579
What it is: An extra strength aluminum-free deodorant formulated for up to 24 hours of protection.

Skincare Concerns: Dryness and Uneven Texture 

Formulation: Balm 

Ingredient Callouts: Free of parabens, formaldehydes, formaldehyde-releasing agents, phthalates, mineral oil, retinyl palmitate, oxybenzone, coal tar, hydroquinone, sulfates SLS & SLES, triclocarban, triclosan, and contains less than one percent synthetic fragrance. It is also cruelty-free.

Fragrance Family: Earthy & Woody

Scent Type: Earthy Greens & Herbs

Key Notes: Neroli, Basil, Shiso Leaf

Highlighted Ingredients:
- Probiotics: Balance skin’s microbiome to neutralize odor and replenish healthy bacteria.
- Spirulina: An antioxidant-rich superfood that soothes irritated skin.
- Hyaluronic Acid: An ultra-hydrating humectant able to retain up to 1000x its weight in moisture.

What Else You Need to Know: This is a high-performance deodorant formulated for all-day protection. It’s an extra strength solid deodorant formulated without aluminum, alcohol, parabens, or phthalates in a captivating and bright scent, Neroli & Basil. Seaweed extracts and hyaluronic acid soothe and moisturize the skin while probiotics help neutralize odor by balancing bacteria.


Clean at Sephora is our commitment to offering effective products without certain ingredients, such as parabens, sulfates, phthalates, and mineral oils. Learn more here.
Show less","-Probiotics: Balance skin’s microbiome to neutralize odor and replenish healthy bacteria.
-Spirulina: An antioxidant-rich superfood that soothes irritated skin.
-Hyaluronic Acid: An ultra-hydrating humectant able to retain up to 1000x its weight in moisture.

Caprylic/Capric Triglyceride, Tapioca Starch, Magnesium Hydroxide, Sodium Bicarbonate, Ozokerite, Cocos Nucifera (Coconut) Oil, Sodium Hyaluronate, Spirulina Platensis Extract, Fragrance (Parfum), Butyrospermum Parkii (Shea) Butter, Helianthus Annuus (Sunflower) Seed Oil, Lactobacillus Ferment, Tocopherol, Maltodextrin.

The list of ingredients is subject to change, please consult the packaging of the product purchased.","Suggested Usage:
-Apply to clean dry skin.
-For external use only, avoid contact with eyes.
-Do not apply to broken skin.

Recycling Instructions:
-Recyclable packaging made from recovered ocean plastic and other recycled materials."
P508187,Herbivore,Mini Nova 15% Vitamin C + Turmeric Brightening Serum,Treatments,Face Serums,$25.00,Size: 0.34 oz,https://www.sephora.com/productimages/sku/s2674588-main-zoom.jpg?pb=clean-planet-aware&imwidth=160,11,"Item 2674588
ONLY AT SEPHORA
What it is: A potent brightening serum that visibly improves dark spots and evens skin tone.

Skin Type: Normal, Dry, Combination, and Oily

Skincare Concerns: Dark Spots, Dullness, and Uneven Texture

Highlighted Ingredients:
- THD Vitamin C 15%: This ultra-stable vitamin C improves the look of hyperpigmentation.
- Turmeric: Contains antioxidants that visibly even skin tone.
- Arbutin: Is naturally-derived and helps even the appearance of discoloration and tighten the look of pores.

Ingredient Callouts: This product is vegan and cruelty-free.

What Else You Need to Know: This serum contains THD vitamin C, a highly efficacious form of vitamin C that nourishes the skin. It also includes antioxidant-rich turmeric and a powerful blend of super fruits to brighten the look of dark spots and visibly improve hyperpigmentation.

A key ingredient in NOVA is the antioxidant-rich super-root turmeric, which gives this serum a ginger-like smell that quickly fades upon application. Like all of Herbivore‘s products, NOVA is 100 percent natural and made without any added fragrances.


Products formulated without certain ingredients, including parabens, sulfates, phthalates, and mineral oils, from brands that have met our specific criteria for ingredient sourcing and formulation, packaging, environmental commitments, and consumer transparency. Learn more here.
Show less","-THD Vitamin C 15%: Is an ultra-stable vitamin C that improves the look of hyperpigmentation.
-Turmeric: Contains antioxidants that visibly even skin tone.
-Arbutin: Is naturally-derived and helps even the appearance of discoloration and tighten the look of pores.

Aqua/water/eau, Tetrahexyldecyl Ascorbate, Glycerin, C9-12 Alkane, Sodium Stearoyl Glutamate, Propanediol, Cetearyl Olivate, Sorbitan Olivate, Arctostaphylos Uva-Ursi Leaf Extract, Curcuma Longa (Turmeric) Root Extract, Terminalia Chebula Fruit Extract, Terminalia Ferdinandiana Fruit Extract, Hyaluronic Acid, Polyglyceryl-6 Stearate, Sclerotium Gum, Polyglyceryl-6 Polyricinoleate, Sodium Levulinate, Sodium Anisate, Melia Azadirachta Flower Extract, Coco-Caprylate/Caprate, Butylene Glycol, Melia Azadirachta Leaf Extract, Ocimum Sanctum Leaf Extract, Sodium Phytate, Averrhoa Carambola Fruit Extract, Polyglyceryl-6 Behenate, Ocimum Basilicum (Basil) Flower/Leaf Extract, Tocopheryl Acetate, Echinacea Purpurea Extract, Ananas Sativus (Pineapple) Fruit Juice*, Corallina Officinalis Extract, Leuconostoc/Radish Root Ferment Filtrate, Citric Acid.

*USDA Certified Organic Ingredient.

.

The list of ingredients is subject to change, please consult the packaging of the product purchased.","Suggested Usage:
-Apply one to two pumps onto skin after cleansing and before moisturizing
-For even better results, Herbivore recommends using two to three drops of Lapis Blue Tansy Face Oil (sold separately) as the final step before applying SPF.

Recycling Instructions:
-Place outer carton into paper recycling.
-Rinse the glass bottle thoroughly and recycle.
-Unfortunately, pumps cannot be recycled at this time due to their many mixed parts. That's why Herbivore is moving to pumps that contain post-consumer recycled materials. Please dispose of them properly."
P509321,Peter Thomas Roth,Peptide Skinjection™ Amplified Wrinkle-Fix Refillable Serum      ,Treatments,Face Serums,$65.00,Size: 1.01 oz,https://www.sephora.com/productimages/sku/s2734481-main-zoom.jpg?imwidth=160,287,"Item 2734481
What it is: A noninvasive, dual-purpose, and refillable serum with a 19% peptide complex that is clinically shown to improve the look of expression lines.
Skin Type: Normal, Dry, Combination, and Oily

Skincare Concerns: Fine Lines and Wrinkles, Loss of Firmness and Elasticity

Highlighted Ingredients:
- 19% Peptide Complex of Amplified Matrixyl® and Argireline®: Reduce and prevent the look of expression lines.
- 10% Argirelox: Helps prolong the need for next injectable treatment by up to six months.†

Ingredient Callouts: Free of parabens, formaldehydes, formaldehyde-releasing agents, phthalates, mineral oil, retinyl palmitate, oxybenzone, coal tar, hydroquinone, sulfates SLS & SLES, triclocarban, triclosan, and contains less than one percent synthetic fragrance.

What Else You Need to Know: This serum provides needle-free results or complements the results of in-office injectable treatments. It reduces and prevents the look of expression lines with amplified Matirxyl® and Argireline®. 10% Argirelox™ helps prolong the need for your next injectable treatment by up to six months.† (†Based on an in-vivo study on 22 women [51 years average age] who received one-time neurotoxin [boNT-A] injections followed by application of 10% Argirelox™ peptide solution twice daily for six months.)

Clinical Results: In a 6-week consumer-perception study on 28 women, ages 37 to 64:
- 93% agreed no new lines had formed with continued use
Show less","-19% Peptide Complex of Amplified Matrixyl® and Argireline®: Reduce and prevent the look of expression lines.
-10% Argirelox: Helps prolong the need for next injectable treatment by up to six months.†

Water/Aqua/Eau, Dimethicone, Squalane, Butylene Glycol, Glycerin, Saccharomyces Lysate, Polysilicone-11, Acetyl Hexapeptide-8, Pentapeptide-18, N-Prolyl Palmitoyl Tripeptide-56 Acetate, Palmitoyl Tripeptide-38, Collagen, Sodium Hyaluronate, Tocopherol, Phytosterols, Hydrogenated Lecithin, Leuconostoc/Radish Root Ferment Filtrate, Citric Acid, Caprylic/Capric Triglyceride, Polyglyceryl-10 Myristate, Pentylene Glycol, Caprylyl Glycol, Sodium Benzoate, Sodium Phytate, Sodium Hydroxide, Potassium Sorbate, Ethylhexyl Palmitate, Hydroxypropyl Cyclodextrin Trihydroxystearin, Lauroyl Lysine, Glucomannan, Ethylhexylglycerin, Ammonium Acryloyldimethyltaurate/VP Copolymercarbomer, Glyceryl Stearate, Stearyl Alcohol, Behenyl Alcohol, Mica, Phenoxyethanol.

The list of ingredients is subject to change, please consult the packaging of the product purchased.","Suggested Usage:
-Apply to a cleansed face twice daily with continued use.
-Follow with Peptide Skinjection™ Moisture Infusion Cream (sold separately).
-For external use only.

Refill Product Instructions:
-Twist off the bottle base from the cap.
-Twist off the empty pod from the cap.
-Twist the new refill pod onto the cap.
-Twist the bottle base back onto the cap."
P433973,Naturally Serious,Get Even™ Cold-Pressed Peel Pads,Treatments,Facial Peels,$32.00,Size: 60 pads,https://www.sephora.com/productimages/sku/s2122273-main-zoom.jpg?pb=clean-at-sephora&imwidth=160,294,"Item 2122273
ONLY AT SEPHORA
What it is: A gentle no-rinse pad that naturally exfoliates with pomegranate enzyme for a smooth, visibly radiant complexion.

Skin Type: Normal, Dry, Combination, and Oily

Skincare Concerns: Dryness, Dullness, and Uneven Texture

Formulation: Wipes

Highlighted Ingredients:
- Pomegranate Enzyme: Gently exfoliates to visibly reduce uneven tone and texture.
- Oat Extract: Calms and soothes skin.
- Sodium PCA: Reduces the potential for dryness.

Ingredient Callouts: This product is vegan, cruelty-free, and comes in recyclable packaging.

What Else You Need to Know: Formulated with pomegranate enzyme to reduce the look of uneven texture, oat extract to soothe the skin, and sodium PCA to prevent dryness, these peel pads leave skin looking soft, smooth, and luminous.



Clean at Sephora is our commitment to offering effective products without certain ingredients, such as parabens, sulfates, phthalates, and mineral oils. Learn more here.
Show less","-Pomegranate Enzyme: Gently exfoliates to visibly reduce uneven tone and texture.
-Oat Extract: Calms and soothes skin.
-Sodium PCA: Reduces the potential for dryness.

Water/Aqua/Eau, Propanediol, Pentylene Glycol, Punica Granatum Extract, Lactobacillus/Punica Granatum Fruit Ferment Extract, Lactobacillus, Cocos Nucifera (Coconut) Fruit Extract, Avena Sativa (Oat) Kernel Extract, Aspalathus Linearis Leaf Extract, Lycium Barbarum Fruit Extract, Vitis Vinifera (Grape) Seed Extract, Coleus Barbatus Root Extract, Leuconostoc/Radish Root Ferment Filtrate, Leontopodium Alpinum Extract, Peucedanum Ostruthium Leaf Extract, Camellia Sinensis Leaf Extract, Stearic Acid, Tocopherol, Triolein, Pinus Cembra Wood Extract, Phytosteryl Canola Glycerides, Caprylic/Capric Triglyceride, Oleic Acid, Palmitic Acid, Sodium PCA, Maltodextrin, Glycerin, Phenethyl Alcohol, Trehalose, Linoleic Acid, Lecithin, Limonene, Linalool, Citral, Citronellol, Geraniol and Fragrance/Parfum*.

*100% Natural Fragrance.

.

The list of ingredients is subject to change, please consult the packaging of the product purchased.","Suggested Usage:
-Apply to clean, dry skin in the AM and/or PM as needed.
-For external use only."
P510013,LANEIGE,Mini Water Bank Blue Hyaluronic Cream Moisturizer for Moisture Barrier Repair,Moisturizers,Face Creams,$22.00,Size: 0.67 oz,https://www.sephora.com/productimages/sku/s2743136-main-zoom.jpg?imwidth=160,104,"Item 2743136
ONLY AT SEPHORA
What it is: A clinically backed, barrier-boosting cream powered by Korean skincare technology that delivers intense, long-lasting hydration.

Skin Type: Normal and Dry

Skincare Concerns: Dryness, Dullness, and Loss of Firmness and Elasticity

Formulation: Lightweight Cream

Highlighted Ingredients:
- Blue Hyaluronic Acid (Blue HA): Delivers effective, long-lasting hydration.
- Pepta-Panthenol Complex™: Visibly firms, soothes, and fortifies skin’s moisture barrier.
- Squalane: Mimics skin’s natural lipids.

Ingredient Callouts: Free of parabens, formaldehydes, formaldehyde-releasing agents, phthalates, mineral oil, retinyl palmitate, oxybenzone, coal tar, hydroquinone, sulfates SLS & SLES, triclocarban, triclosan, and contains less than one percent synthetic fragrance. It is also gluten-free.

What Else You Need to Know: A Korean skincare innovation dedicated to delivering deep, lasting hydration. Powered by fast-absorbing Blue Hyaluronic Acid, this lush hydrator visibly firms your skin, and reinforces your moisture barrier with Pepta-Panthenol Complex™ and Squalane for a healthy, hydrated glow. This hypoallergenic, dermatologist-tested, and sensitive-skin-friendly formula comes in a refillable pod, reducing plastic consumption by 70% compared to buying a new standard sized 50 mL / 1.6 fl. oz. jar.

Clinical Results: In an instrumental TEWL and tape-stripping test on 32 women (ages 20 to 45):
- It helped repair the skin’s moisture barrier in 30 minutes

From a skin-hydration analysis on stratum corneum samples:
- It added 10 layers of hydration to strengthen the moisture barrier

In a 4-week clinical study on 32 women (ages 20 to 45):
- It provided 100 hours of hydration
- It improved the look of skin’s elasticity by 11%

In the self-assessment-survey portion of a 4-week clinical study on 32 women (ages 20 to 45), after 4 weeks of use:
- 100% agreed the product felt like it repaired the skin's moisture barrier
- 100% agreed skin was visibly softer and smoother
- 96% agreed skin looked revitalized and more resilient
- 96% agreed skin felt firmer
Show less","-Blue Hyaluronic Acid (Blue HA): Delivers effective, long-lasting hydration.
-Pepta-Panthenol Complex™: Visibly firms and soothes while reinforcing skin’s moisture barrier.
-Squalane: Mimics skin’s natural lipids.

Water/Aqua/Eau, Glycerin, Butylene Glycol, Squalane, Dicaprylyl Ether, Polyglyceryl-3 Methylglucose Distearate, Methyl Trimethicone, Glyceryl Stearate, Pentaerythrityl Tetraethylhexanoate, 1,2-Hexanediol, Stearyl Dimethicone, Bis-Hydroxyethoxypropyl Dimethicone, Cetyl Alcohol, Lactobacillus Ferment Lysate, Caprylic/Capric/Myristic/Stearic Triglyceride, Palmitic Acid, Stearic Acid, Panthenol, Hydroxyethyl Acrylate/Sodium Acryloyldimethyl Taurate Copolymer, Propanediol, Acrylates/C10-30 Alkyl Acrylate Crosspolymer, Xanthan Gum, Glyceryl Caprylate, Dextrin, Tromethamine, Ethylhexylglycerin, Disodium EDTA, Sorbitan Isostearate, Allantoin, Hydrolyzed Hyaluronic Acid, Ceramide NP, Fragrance/Parfum, Beta-Glucan, Cholesterol, Mannitol, Tocopherol, Acetyl Tetrapeptide-11, Undaria Pinnatifida Extract.","Suggested Usage:
-Smooth an even layer onto your face in the AM and PM, after cleansing, toning, and applying serum."
P474057,Jack Black,Lip Service - Lip Balm Duo Mint & Shea,Value & Gift Sets,,$16.00,,,,,,
P471546,Dr. Jart+,Mini Cicapair™ Tiger Grass Color Correcting Treatment,Mini Size,,$25.00,Size: 0.5 oz/ 15 mL,https://www.sephora.com/productimages/sku/s1936202-main-zoom.jpg?imwidth=160,5.7K,"Item 1936202
ONLY AT SEPHORA
What it is: A bestselling, green-to-beige cica cream that quickly neutralizes the look of redness and evens skin tone for a healthy, natural look with mineral SPF protection.

Skin Type: Normal, Dry, Combination, and Oily

Skincare Concerns: Dryness and Redness

Highlighted Ingredients:
- Mineral Sunscreen (Zinc Oxide and Titanium Dioxide): Protective barrier reflects UVA/UVB rays to protect skin from sun damage.

What Else You Need to Know: For centuries, tigers in the Asian wetlands have rolled around in Centella asiatica (aka tiger grass or cica) to help heal their wounds. Taking inspiration from the tigers, this Korean Skincare favorite utilizes visibly reparative tiger grass to soothe, calm, and moisturize skin.

Clinical Results: In a clinical study with 106 people between 20-50:
95% said skin felt soothed with moisture
92% said skin looked less red
91% said blemishes and discolorations looked concealed
90% said skin had a vibrant, healthy-looking glow
92% said skin tone looked even
Show less","-Mineral Sunscreen (Zinc Oxide and Titanium Dioxide): Protective barrier reflects UVA/UVB rays to protect skin from sun damage.

Water, Centella Asiatica Leaf Water, Isononyl Isononanoate, Cyclopentasiloxane, Butylene Glycol, Dimethicone, Phenyl Trimethicone, Methyl Methacrylate Crosspolymer, Beeswax/Cire D'abeille, Glycerin, Diethylhexyl Carbonate, Polyglyceryl-3 Polyricinoleate, Niacinamide, Polymethylsilsesquioxane, Cyclohexasiloxane, Pan-Thenol, Diglycerin, Iron Oxides, Polyglyceryl-4 Diisostearate/Polyhydroxystearate/Sebacate, Dimethicone/Vinyl Dimethi- Cone Crosspolymer, Isododecane, Ethylene/Methacrylate Copolymer, Cetearyl Alcohol, Polyglyceryl-2 Triisostearate, Aluminum Hydroxide, Stearic Acid, Disteardimonium Hectorite, Acrylates/Ammonium Methacrylate Copolymer, Sclerotium Gum, Sodium Benzoate, Acrylates/Dimethicone Copolymer, Hydrogen Dimethicone, Chromium Oxide Greens, Triethyl Citrate, Potassium Sorbate, Fragaria Vesca (Strawberry) Leaf Extract, Disodium EDTA, BHT, Alcohol, Asiaticoside, Aden- Osine, Triethoxycaprylylsilane, Lavandula Angustifolia (Lavender) Oil, Boron Nitride, Asiatic Acid, Madecassic Acid, Citrus Grandis (Grapefruit) Peel Oil, Rosmarinus Officinalis (Rosemary) Leaf Oil, 1,2- Hexanediol, Anthemis Nobilis Flower Oil, Houttuynia Cordata Extract, Propanediol, Centella Asiatica Extract, Gentiana Lutea Root Extract, Artemisia Absinthium Extract, Achillea Millefolium Extract, Arnica Montana Flower Extract, Polysorbate 20, Aniba Rosodora (Rosewood) Wood Oil, Sodium Glycerophosphate, Selaginella Lepidophylla Extract, Potassium Magnesium Aspartate, Citric Acid, Calcium Gluconate, Madecassoside, Magnesium Gluconate, Centella Asiatica Meristem Cell Culture, Xanthan Gum, Titanium Dioxide, Zinc Oxide.

Please be aware that ingredient lists may change or vary from time to time. Please refer to the ingredient list on the product package you receive for the most up-to-date list of ingredients.","Suggested Usage:
-Apply to clean, moisturized skin.
-Warm a dime-size amount between your hands, then gently press and blend into skin.
-The cream will change from green to beige as you blend, visibly evening out skin tone.
-Apply more as needed.
-Use alone as a color corrector for a natural look, or use as a primer and follow with your favorite foundation if more coverage is desired.

Pro tips:
-Build it up for more coverage on areas of concern.
-If you have drier skin, use a richer moisturizer before applying."
P457687,Drunk Elephant,Sili™ Body Lotion,Body Moisturizers,Body Lotions & Body Oils,$26.00,Size: 8.0 oz/ 240 mL,https://www.sephora.com/productimages/sku/s2346518-main-zoom.jpg?pb=clean-at-sephora&imwidth=160,469,"Item 2346518
What it is: A supercharged body lotion formula that visibly restores dull, dry, and irritable skin to a healthier-looking, more balanced state.

Highlighted Ingredients:
- Marula Butter: A super-pure, concentrated butter derived from marula oil and rich in antioxidant polyphenols, lipids, and fatty acids to moisturize skin and provide powerful barrier protection.
- Five-Ceramide Blend: Ceramides AP, NP, EOP, NS, and EOS are derived from plant sources and are identical to the wax-like moisturizing substance that occurs naturally in skin. Ceramides help fill in the spaces between skin cells, giving them the appearance of elasticity and playing a critical role in supporting the skin barrier by helping to maintain the moisture balance of skin while protecting against water loss.
- Shea Butter: A concentrated butter derived from the shea fruit. Shea butter has a complex triglyceride composition that is responsible for its characteristic rich, emollient properties and skin-barrier protection.

Ingredient Callouts: This product is vegan, cruelty-free, and comes in recyclable packaging.

What Else You Need to Know: With a blend of nourishing plant oils, butters, squalane, strengthening amino acids, and a five-ceramide blend, Sili™ locks in hydration while restoring lost moisture. A blend of fruit-derived antioxidants offers defense against free-radical damage. Sili™ has a skin-friendly pH of 4.2.



Free of sulfates, silicones, essential oils, fragrance, dyes, and drying alcohols.

Drunk Elephant is committed to using only ingredients that either directly benefit the health of the skin or support the integrity of their formulations. The brand focuses on healthy pH levels, formulations the skin recognizes, small molecular structure that’s easily absorbed, and effective active ingredients that also support the skin’s acid mantle. All of their products are designed to be mixed togetherwhat Drunk Elephant calls making a smoothie. (This is true for all of their products except their sunscreen, Umbra, which sits on top of the skin, protecting it from UV damage.) The result is skin that is reset to its happiest, healthiest state.

Drunk Elephant is a supporter of IEF (International Elephant Foundation) and is cruelty-free.




Clean at Sephora is our commitment to offering effective products without certain ingredients, such as parabens, sulfates, phthalates, and mineral oils. Learn more here.
Show less","-Marula Butter: A super-pure, concentrated butter derived from marula oil and rich in antioxidant polyphenols, lipids, and fatty acids to moisturize skin and provide powerful barrier protection.
-Five-Ceramide Blend: Ceramides AP, NP, EOP, NS, and EOS are derived from plant sources and are identical to the wax-like moisturizing substance that occurs naturally in skin. Ceramides help fill in the spaces between skin cells, giving them the appearance of elasticity and playing a critical role in supporting the skin barrier by helping to maintain the moisture balance of skin while protecting against water loss.
-Shea Butter: A concentrated butter derived from the shea fruit. Shea butter has a complex triglyceride composition that is responsible for its characteristic rich, emollient properties and skin-barrier protection.

Water/Aqua/Eau, Squalane, Glycerin, Cetearyl Alcohol, Coconut Alkanes, Cetearyl Olivate, Sorbitan Olivate, Pentylene Glycol, Sclerocarya Birrea Seed Butter, Butyrospermum Parkii (Shea) Butter, Sclerocarya Birrea Seed Oil, Aloe Barbadensis Leaf Juice, Adansonia Digitata Seed Oil, Schinziophyton Rautanenii Kernel Oil, Coco-Caprylate/Caprate, Helianthus Annuus (Sunflower) Seed Oil, Citrullus Lanatus (Watermelon) Seed Oil, Cocos Nucifera (Coconut) Oil, Caprylic/Capric Triglyceride, Hydroxyethyl Acrylate/Sodium Acryloyldimethyl Taurate Copolymer, Moringa Oleifera Seed Oil, Terminalia Ferdinandiana Fruit Extract, Plukenetia Volubilis Seed Oil, Sodium PCA, Panthenol, Sodium Hyaluronate Crosspolymer, Allantoin, Sodium Lactate, PCA, Alanine, Arginine, Glycine, Histidine, Isoleucine, Phenylalanine, Proline, Serine, Threonine, Valine, Prunus Amygdalus Dulcis (Sweet Almond) Seed Extract, Behenic Acid, Aspartic Acid, Adansonia Digitata Seed Extract, Beta-Carotene, Musa Sapientum (Banana) Pulp Extract, Ascorbyl Palmitate, Linoleic Acid, Linolenic Acid, Ceramide NS, Ceramide AP, Ceramide EOP, Ceramide NP, Ceramide EOS, Cholesterol, Mangifera Indica (Mango) Pulp Extract, Caprooyl Phytosphingosine, Caprooyl Sphingosine, Zea Mays (Corn) Oil, Sorbitan Isostearate, Ceteareth-25, Tocopherol, Citric Acid, Cetyl Alcohol, Polysorbate 60, Caprylyl Glycol, Chlorphenesin, Phenoxyethanol, Ethylhexylglycerin.



The list of ingredients is subject to change, please consult the packaging of the product purchased.","Suggested Usage:
-Massage Sili™ all over the body until absorbed.
-May also be applied to wet skin.
-For an extra boost of hydration and moisture, begin with Kamili ™ Cream Body Cleanser (sold separately) in the shower, followed by Sili™ Body Cleanser."
P511401,Saint Jane Beauty,Body Ritual Hydrating Mineral Sunscreen SPF 30,Sunscreen,Face Sunscreen,$48.00,Size: 4 oz,https://www.sephora.com/productimages/sku/s2767184-main-zoom.jpg?pb=clean-at-sephora&imwidth=160,106,"Item 2767184
What it is: An ultra-clean mineral SPF for your body that hydrates, visibly brightens, and soothes with sacred lotus, orchid, and jasmine.

Skin Type: Normal, Dry, Combination, and Oily

Skincare Concerns: Dark Spots, Dryness, and Loss of Firmness and Elasticity

Highlighted Ingredients:
- Zinc Oxide: Provides sun protection.
- Sacred Lotus: Supports the skin barrier.
- Passionflower: Hydrates.

Ingredient Callouts: Free of parabens, formaldehydes, formaldehyde-releasing agents, phthalates, mineral oil, retinyl palmitate, oxybenzone, coal tar, hydroquinone, sulfates SLS & SLES, triclocarban, triclosan, and contains less than one percent synthetic fragrance. It is also gluten-free and cruelty-free.

What Else You Need to Know: This hydrating, silky, mineral SPF delivers essential vitamins, visibly brightens, and thoroughly strengthens your body’s skin barrier. Thoughtfully made with sacred lotus, passionflower, and green tea, the soft texture beautifully moisturizes and soothes while delivering clean sun protection.


Clean at Sephora is our commitment to offering effective products without certain ingredients, such as parabens, sulfates, phthalates, and mineral oils. Learn more here.
Show less","-Zinc Oxide: Provides sun protection.
-Sacred Lotus: Supports the skin barrier.
-Passionflower: Hydrates.

Water, Caprylic/Capric Triglyceride, Dimethicone, Butylene Glycol, Sodium Olivate, Silica, Cetearyl Alcohol, Cetearyl Olivate, Sorbitan Olivate, Caprylyl Glycol, Nymphaea Coerulea (Blue Lotus) Flower Extract, Orchis Maculata (Spotted Orchid) Flower Extract, Passiflora Edulis (Passion Fruit) Extract, Camellia Sinensis (Green Tea) Leaf Oil, Potassium Cetyl Phosphate, Stearic Acid, Xylitylglucoside, Anhydroxylitol, Cetearyl Glucoside, Triethoxycaprylylsilane, Xylitol, Tocopheryl Acetate, Xanthan Gum, Caprylhydroxamic Acid, Glycerin.The list of ingredients is subject to change. Please consult the packaging of the product purchased.","Suggested Usage:
-Smooth over your entire body—and don't forget your hands.
-You can layer with Saint Jane Beauty’s Hydrabloom Body Silk (sold separately) or use alone to replace your moisturizer altogether.
-Reapply after 80 minutes of sun exposure.
-Reapply after swimming."
P448937,,,,,,,,,,,
P504172,Nutrafol,MEN Clinically Proven Hair Growth Supplement for Thinning,Hair Styling & Treatments,Hair Supplements,$88.00,Size: 1 Month Supply / 120 Capsules,https://www.sephora.com/productimages/sku/s2658706-main-zoom.jpg?pb=clean-at-sephora&imwidth=160,52,"Item 2658706
ONLY AT SEPHORA
Beauty Benefit: Visibly Fuller Hair and Scalp Coverage (1), Visibly Thicker Hair Volume (1), and Hair That Grows Faster and Stronger. (1) *

What it is: A daily hair growth supplement physician-formulated for men with natural ingredients to target root causes of thinning for visibly improved scalp coverage. (1) *

What it Tastes Like: No Taste

When to Expect Results: Once daily, take your four capsules—an efficacious serving that contributes to visible results in three to six months. (1) *

What Else You Need to Know: The #1 dermatologist-recommended hair growth supplement brand (3), physician-formulated to multi-target the key root causes of thinning such as hormones, stress and lifestyle without compromising sexual performance. It is formulated without gluten, dairy, soy, hormones, drugs, and artificial additives. It is also non-GMO and halal. *

Clinical Results: In a clinical study, after 6 months of use (1):
- 84% of men showed improvement in their hair
- 72% of men showed improvement in overall scalp coverage

References:
1. Stephens, T., et al. JCAD. 2022.
2. Rossi, A. Int. J of Immuno and Pharm. 2012.
3. IQVIA ProVoice survey for 12 months ending March 31, 2022.
4. Beoy, L. Tropical Life Sci Res. 2010.
5. Jagetia, GC. J of Clinical Immunology. 2007.

*These statements have not been evaluated by the Food and Drug Administration. This product is not intended to diagnose, treat, cure, or prevent any disease.



Clean at Sephora is our commitment to offering effective products without certain ingredients, such as parabens, sulfates, phthalates, and mineral oils. Learn more here.
Show less","-Saw Palmetto: Reduces the conversion of testosterone to DHT to improve hair growth.*
-Tocotrienol Complex: Fights against environmental stress to improve hair density.*
-Curcumin: Contains antioxidant properties that fight free radicals to support cellular health.*

Synergen Complex® (Patented): Saw Palmetto Extract (Fruit) (45% Fatty Acids), Hydrolyzed Marine Collagen, Sensoril® Ashwagandha Extract (Root and Leaf), BCM-95® Bio-Curcumin® Turmeric Extract (Rhizome) (86% Curcuminoids), Palm Extract (Fruit) (15% Tocotrienol), Hyaluronic Acid; Nutrafol® Blend: L-Cysteine, L-Lysine, L-Methionine, Horsetail Extract (Aerial Parts or Whole Herb), Japanese Knotweed Extract (Root) (50% Resveratrol), Keratin, Black Pepper Extract (Fruit) (95% Piperine), Cayenne Extract (Fruit) (2% Capsaicinoids).

The list of ingredients is subject to change. Please consult the packaging of the product purchased.","Suggested Usage:
-Take four capsules consistently, once daily with a meal.

Dosage: Four Capsules Per Day

Shelf Life: 24 Months

Recycling Instructions:
-The glass jar is recyclable and can be refilled with an 18% PCR refill pouch for better sustainability."
P466123,Glow Recipe,Watermelon Glow Niacinamide Dew Drops Serum,Treatments,Face Serums,$36.00,Size: 1.35 oz/ 40 mL,https://www.sephora.com/productimages/sku/s2404846-main-zoom.jpg?pb=clean-planet-aware&imwidth=160,5.1K,"Item 2404846
ONLY AT SEPHORA
What it is: A breakthrough, multi-use highlighting serum that hydrates and visibly reduces the look of hyperpigmentation for a dewy, reflective glow—without mica, glitter, or gray cast.

Skin Type: Normal, Dry, Combination, and Oily

Skincare Concerns: Dryness and Dullness

Formulation: Lightweight Gel

Highlighted Ingredients:
- Niacinamide: Vitamin B3 and antioxidants visibly reduce hyperpigmentation, correct the look of dullness, and minimize the appearance of pores.
- Watermelon: Hydrates, delivers essential vitamins and amino acids, and visibly brightens skin.

Ingredient Callouts: Free of parabens, formaldehydes, formaldehyde-releasing agents, phthalates, mineral oil, retinyl palmitate, oxybenzone, coal tar, hydroquinone, sulfates SLS & SLES, triclocarban, triclosan, and contains less than one percent synthetic fragrance. It is also vegan, gluten-free, cruelty-free, and comes in recyclable packaging.

What Else You Need to Know: This lightweight gel delivers a glow quickly and over time for a dewy complexion. Use as a hydrating, visibly brightening serum for all skin types before moisturizer, as a primer or highlighter in your makeup routine. This product is ophthalmologist-tested.

Clinical Results: Based on a consumer use study of 32 participants, after 4 weeks:
- 97% agree this product made their skin look more glowy
- 94% agree this product made their skin look brighter
- 94% agree this product made their skin look and feel more hydrated.


Clean at Sephora is our commitment to offering effective products without certain ingredients, such as parabens, sulfates, phthalates, and mineral oils. Learn more here.
Show less","-Niacinamide: Vitamin B3 and antioxidants visibly reduce hyperpigmentation, correct the look of dullness, and minimize the appearance of pores.
-Watermelon: Hydrates, delivers essential vitamins and amino acids, and visibly brightens skin.
-Hyaluronic Acid: A humectant that anchors moisture within the skin, keeping it hydrated and bouncy by retaining 1000 times its weight in water.

Aqua/Water/Eau, Propanediol, Glycereth-26, Glycerin, Niacinamide, 2,3-Butanediol, 1,2-Hexanediol, Cetyl Ethylhexanoate, Citrullus Lanatus Fruit Extract, Sodium Hyaluronate, Eclipta Prostrata Extract, Melia Azadirachta Leaf Extract, Polyglyceryl-3 Methylglucose Distearate, Tromethamine, Glyceryl Stearate, Carbomer, Acrylates/C10-30 Alkyl Acrylate Crosspolymer, Ethylhexylglycerin, Xanthan Gum, Polyquaternium-51, Moringa Oleifera Seed Oil, Fragrance/Parfum, Benzyl Benzoate.

The list of ingredients is subject to change, please consult the packaging of the product purchased.","Suggested Usage:
As a brightening serum step:
-Apply one pump before moisturizer to get long-lasting, glowing skin results.

As a priming step:
-Apply one to two pumps as the last step in your skin-care routine before makeup.

For a Maximum Glow:
-On a no-makeup day, apply one to two pumps as the last step of your entire routine.

Extra Dew Drops Hacks:
-Over makeup: pick up the formula using the ring finger and dab off excess on the back of your hand.
-Then gently pat ""a drop of dew"" on the high points of the face in a tapping motion.

As a primer:
-Apply one to two pumps as the last step in your skin-care routine before makeup for a smooth finish and glow.
-Mix with foundation: Mix ""a drop of dew"" into foundation for a boost of hydration and glow.

For your eyes:
-Dab a pea-size amount to the center of the eyelid and blend out.

For a Double Highlight:
-Pat a drop below complexion makeup and then layer with a powder highlighter on top."
P515218,Nécessaire,Olibanum Deodorant - Aluminum-Free Extra-Strength Mandelic Acid Deodorant,Body Care,Deodorant & Antiperspirant,$22.00,Size: 2.5 oz / 73.9 mL,https://www.sephora.com/productimages/sku/s2839603-main-zoom.jpg?pb=clean-planet-aware&imwidth=160,254,"Item 2839603
What it is: 72 Hour Extra Strength Mandelic Acid Deodorant for odor protection. No Aluminum. No Baking Soda. No Ozokerite. Olibanum. Dermatologist-Tested.

Highlighted Ingredients:
- Mandelic Acid: Combats odor, smooths bumps, and minimizes discoloration.
- Niacinamide: Supports the skin’s protective barrier.
- Pure Essential Oil Paired with Fine Fragrance: Stays fresh.

What Else You Need to Know: 72 Hour Extra Strength Mandelic Acid Deodorant. No Aluminum. No Baking Soda. No Ozokerite. Signature Olibanum Scent pairs Pure Essential Olibanum Oil with Fine Fragrance Notes of Vanille, Fig Leaf and Cassis Buds. Soft stick. Dermatologist-Tested. Hypoallergenic. Non-Comedogenic. Vegan.


Products formulated without certain ingredients, including parabens, sulfates, phthalates, and mineral oils, from brands that have met our specific criteria for ingredient sourcing and formulation, packaging, environmental commitments, and consumer transparency. Learn more here.
Show less","-Mandelic Acid: Combats odor, smooths bumps, and minimizes discoloration.
-Niacinamide: Supports the skin’s protective barrier.
-Pure Essential Oil Paired with Fine Fragrance: Stays fresh.

Caprylic/Capric Triglyceride, Tapioca Starch, Helianthus Annuus (Sunflower) Seed Wax, Polyhydroxystearic Acid, Ricinus Communis (Castor) Seed Oil, Mandelic Acid, Fragrance (Parfum), Cocos Nucifera (Coconut) Oil, Triethyl Citrate, Zinc Ricinoleate, Boswellia Carterii Gum Oil, Niacinamide, Panthenol, Tocopherol, Lactic Acid,Butyrospermum Parkii (Shea) Butter, Helianthus Annuus (Sunflower) Seed Oil, Aqua/Water/Eau.

The list of ingredients is subject to change. Please consult the packaging of the product purchased.","Suggested Usage:
-Apply under arms to clean, dry skin.
-Reapply as desired.

Recycling Instructions:
-Nécessaire has partnered with How2Recycle to provide third-party verified recycling claims. -The bottle is made from partial PCR material. Bottle is not readily recyclable.
-Carton and insert are made with FSC-Certified, PCR Kraft Board and printed with Soy Ink. Carton and insert can be recycled via US and Canada Curbside.
-Nécessaire is a Certified B Corp, Certified Climate Neutral, Certified Plastic Neutral, Certified FSC, and is How2Recycle verified.
-When you shop Nécessaire, the full carbon and plastic footprint has been offset by the brand. Nécessaire is a 1% For The Planet Member donating 1% of all sales to environmental efforts supporting our home planet."
P514506,Glow Recipe,Cloudberry Bright Refillable Cream Moisturizer,Moisturizers,Face Creams,$40.00,Size: 1.7 oz / 50 ml,https://www.sephora.com/productimages/sku/s2828549-main-zoom.jpg?pb=clean-planet-aware&imwidth=160,551,"Item 2828549
ONLY AT SEPHORA
What it is: A whipped, buttery antioxidant-rich moisturizer that provides deep, long-lasting hydration while brightening & evening skin tone for a soft glow.

Skin Type: Normal, Dry, Combination, and Oily

Skincare Concerns: Dryness, Dullness, and Uneven Texture

Highlighted Ingredients:
- Cloudberry Seed Oil: Antioxidant-rich superfruit with vitamins C and E visibly brightens and evens tone.
- CoQ10 (Coenzyme Q10): A powerful antioxidant that strengthens and helps skin retain moisture.
- Peptide Lipid Complex: Combines nourishing fatty acids and smoother peptides for visibly bouncier and softer skin.

Ingredient Callouts: This product is vegan, gluten-free, cruelty-free, and comes in recyclable packaging.

What Else You Need to Know: 
This whipped, buttery cream effortlessly melts into skin delivering deep hydration with a lightweight finish that won’t clog pores. Antioxidant-rich Cloudberry plus CoQ10 brighten & even tone while Peptide Lipids deliver fatty acids to lock in moisture and smooth skin for a lit-from-within glow.

Clinical Results: In a consumer-use study with 32 participants during a 4-week period:
- 100% of participants agreed this product gives skin a radiant glow while also leaving it nourished and silky-soft
- 97% saw visibly brighter and more radiant skin

In a consumer-use study with 32 participants during an 8-week period:
-100% of participants agreed this product leaves skin feeling hydrated and moisturized all day

Non-Comedogenic*
Dermatologist tested *
Safe for Sensitive Skin*


Products formulated without certain ingredients, including parabens, sulfates, phthalates, and mineral oils, from brands that have met our specific criteria for ingredient sourcing and formulation, packaging, environmental commitments, and consumer transparency. Learn more here.
Show less","-Peptide-Lipid Complex: Combines nourishing fatty acids and smoothing peptides for visibly bouncier, soft skin.
-Cloudberry Seed Oil: Antioxidant-rich superfruit with vitamins C and E visibly brightens and evens tone.
-CoQ10 (Coenzyme Q10): A powerful antioxidant that strengthens and helps skin retain moisture.

Water/Aqua/Eau, Carthamus Tinctorius Seed Oil, Caprylic/Capric Triglyceride, Glycerin, C10-18 Triglycerides, Ricinus Communis Seed Oil, Cetearyl Alcohol, Glyceryl Stearate Citrate, Rubus Chamaemorus (Cloudberry) Seed Oil, Ubiquinone (CoQ10), Copper Tripeptide-1, Palmitoyl Tripeptide-5, Hyaluronic Acid, Bisabolol, Zingiber Officinale Root Extract, Chenopodium Quinoa Seed Extract, Mannose, Sodium Mannose Phosphate, Daucus Carota Sativa Root Extract, Glycine Max Seed Extract, Oryza Sativa Extract, Saccharide Isomerate, Panax Ginseng Root Extract, Trisodium Ethylenediamine Disuccinate, Copernicia Cerifera Cera, Coco-Caprylate/Caprate, Sorbitan Isostearate, Rhizobian Gum, Butylene Glycol, C9-12 Alkane, Hydroxyethyl Acrylate/Sodium Acryloyldimethyl Taurate Copolymer, Cetyl Alcohol, Glyceryl Caprylate, 1,2-Hexanediol, Hydrogenated Castor Oil, Sodium Citrate, Xanthan Gum, Cetearyl Glucoside, Acacia Senegal Gum, Citric Acid, Ethylhexylglycerin, Phenoxyethanol, Naturally Derived Fragrance/Parfum.

The list of ingredients is subject to change. Please consult the packaging of the product purchased.","Suggested Usage:
-After serum, smooth a dime-size amount onto clean skin, morning and night.
-Gently pat into skin until fully absorbed.

Refill Instructions:
-Place the pod into the jar and press down until it clicks to lock into place.
-Remove foil from the refillable pod.
-Additional pods sold separately."
P510554,Hello Sunday,The Everyday One SPF 50 Face Sunscreen Moisturizer with Hyaluronic Acid,Sunscreen,Face Sunscreen,$22.00,Size: 1.69 oz,https://www.sephora.com/productimages/sku/s2753283-main-zoom.jpg?imwidth=160,142,"Item 2753283
ONLY AT SEPHORA
What it is: An everyday, weightless moisturizer that nurtures and supports skin while delivering a hydrated, natural finish.

Skin Type: Normal, Dry, Combination, and Oily

Skincare Concerns: Fine Lines and Wrinkles, Loss of Firmness and Elasticity

Formulation: Lightweight Cream

Highlighted Ingredients:
- SPF 50: Sunscreen filters that protect and act as first line of defense against visible signs of aging.
- Hyaluronic Acid: Locks in moisture and hydrates.
- Natural Moringa Seed Extract: Soothes and softens and helps nourish skin so product can absorb faster.

Ingredient Callouts: Free of parabens, formaldehydes, formaldehyde-releasing agents, phthalates, mineral oil, retinyl palmitate, oxybenzone, coal tar, hydroquinone, sulfates SLS & SLES, triclocarban, triclosan, and contains less than one percent synthetic fragrance. It is also gluten-free and cruelty-free.

What Else You Need to Know: This broad-spectrum face lotion visibly defends against early signs of ageing, while hyaluronic acid hydrates and moringa seed soothes, softens, and helps absorb quickly, leaving skin forever fabulous. It blends easily and delivers a nongreasy, natural finish, making it simple to fit SPF into your daily routine.
Show less","-SPF 50: Sunscreen filters that protect and act as first line of defense against visible signs of aging.
-Hyaluronic Acid: Locks in moisture and hydrates.
-Natural Moringa Seed Extract: Soothes and softens and helps nourish skin so product can absorb faster.

Octisalate 5%, Avobenzone 3%, Homosalate 7%, Octocrylene 10%, Inactive: Water (Aqua), C12-15 Alkyl Benzoate, Glycerin, Cetearyl Alcohol, Glyceryl Stearate, Silica, Sodium Hyaluronate, Glycine Soja (Soybean) Oil, Acrylates/C12-22 Alkyl Methacrylate Copolymer, Ethyl Ferulate, Tocopheryl Acetate, Tetrahexyldecyl Ascorbate, Oryza Sativa (Rice) Germ Extract, Oryza Sativa (Rice) Extract, Caesalpinia Spinosa Fruit Pod Extract, Helianthus Annuus Sprout Extract, Sodium Phytate, Maltodextrin, Moringa Oleifera Seed Extract, Hydroxyacetophenone, Sodium Stearoyl Glutamate, 1,2-Hexanediol, Caprylyl Glycol, Xanthan Gum, Polyglyceryl-3 Diisostearate, Pentylene Glycol, Acrylates/C10-30 Alkyl Acrylate Crosspolymer, Sodium Hydroxide.","Suggested Usage:
-Apply generously on skin as the last step in your skincare routine.
-We recommend using five pumps to cover your face, neck, and ears—after all, SPF is meant to be slathered.
-Wait 15 minutes before sun exposure and reapply every two hours or as needed."
P504031,MARA,Evening Primrose + Green Tea® Algae Retinol Face Oil,Moisturizers,Face Oils,$120.00,Size: 1 oz / 30 mL,https://www.sephora.com/productimages/sku/s2633162-main-zoom.jpg?pb=clean-planet-aware&imwidth=160,221,"Item 2633162
What it is: A face oil with retinol and natural vitamin A to visibly reduce fine lines, blemishes, and sun damage while giving skin a radiantly clear glow.

Skin Type: Normal, Dry, Combination, and Oily

Skincare Concerns: Dark Spots, Fine Lines and Wrinkles, and Dryness

Formulation: Oil

Highlighted Ingredients:
- 1.2% Clean Retinol: Diminishes visible signs of aging and improves the look of skin texture.
- Fermented Green Tea: Vitamin A-rich antioxidant that soothes skin and wards off free radicals.
- Proprietary, Wild Collected Algae: Visibly plumps, softens look of wrinkles, and hydrates.

Ingredient Callouts: This product is vegan, gluten-free, cruelty-free, and comes in recyclable packaging.

What Else You Need to Know: This face oil visibly transforms dull, uneven skin overnight with vegan retinol, cacay, and fermented green tea. It is expertly formulated to support the skin barrier with soothing superfoods and powerful algae that gently deliver retinol to skin for noticeable results without irritation. This oil is designed for both new and advanced retinol users.

Clinical Results: In an independent, consumer-use study with 44 participants ages 25-55, after 30 days of use:
-100% agree skin appears visibly tighter and firmer within 24 hours after application
-91% noticed skin appears to have a hydrated glow
-86% agree skin is healthier-looking after using this product
-86% agree skin didn't appear irritated when using this product like with other retinol products




Products formulated without certain ingredients, including parabens, sulfates, phthalates, and mineral oils, from brands that have met our specific criteria for ingredient sourcing and formulation, packaging, environmental commitments, and consumer transparency. Learn more here.
Show less","-1.2% Clean Retinol: Diminishes visible signs of aging and improves the look of skin texture.
-Fermented Green Tea: Vitamin A-rich antioxidant that soothes skin and wards off free radicals.
-Proprietary, Wild Collected Algae: Visibly plumps, softens look of wrinkles, and hydrates.

Crambe Abyssinica Seed Oillimnanthes Alba (Meadowfoam) Seed Oil, Cannabis Sativa Seed Oilglycine Soja (Soybean) Oil, Pseudozyma Epicola/Apricot Kernel Oil/Olive Fruit Oil/Sunflower Seed Oil/Sweet Almond Oil/Angelica Gigas Root Extract Ferment Extract Filtrate, Bixa Orellana Seed Oil, Oenothera Biennis (Evening Primrose) Seed Oil, Caprylic/Capric Triglyceride, Nigella Sativa Seed Oil, Retinol, Caryodendron Orinocense Seed Oil, Pseudozyma Epicola/Argania Spinosa Kernel Oil Ferment Filtrate, Pseudozyma Epicola/Camellia Sinensis Seed Oil/Glucose/Malt Extract/Soybean Flour/Yeast Extract Ferment Filtrate, Vaccinium Myrtillus Seed Oil, Helianthus Annuus (Sunflower) Seed Oil, Citrus Aurantium Amara (Bitter Orange) Peel Oil, Alaria Esculenta Extract, Laminaria Ochroleuca Extract, Plankton Extract, Tocopherol, Linalool, Limonene, Farnesol, Geraniol.

The list of ingredients is subject to change. Please consult the packaging of the product purchased.","Suggested Usage:
-Use two to three times a week.
-Apply to clean skin, follow with moisturizer.
-Build to nightly use.
-Follow with Universal Face Oil (sold separately) for best results.

Recycling Instructions:
-Separate glass bottle and dropper.
-Clean and recycle glass bottle.
-For dropper, gently pull silicone part from cap and pipette.
-Gently pull pipette and silicone bulb apart.
-Place silicone bulb in trash, recycle glass pipette and aluminum collar."
P508528,Paula's Choice,RESIST Barrier Repair Advanced Moisturizer with Ceramides,Moisturizers,Face Creams,$42.00,Size: 1.7 oz,https://www.sephora.com/productimages/sku/s2713808-main-zoom.jpg?imwidth=160,410,"Item 2713808
What it is: An intensely nourishing, creamy moisturizer that visibly strengthens, smooths, and improves skin’s delicate barrier in 30 minutes and locks in all-day hydration.

Skin Type: Normal, Dry, Combination, and Oily

Skincare Concerns: Fine Lines and Wrinkles, Dryness, and Loss of Firmness and Elasticity

Formulation: Cream

Highlighted Ingredients:
- Skin-Identical Ceramides: Replenish barrier and prevent water loss.
- Tripeptide-5: Protects natural collagen levels for firmer-looking skin and visibly reduces wrinkles.
- Watermelon Seed Oil: Supports the formation of ceramides essential for the epidermal layer.

Ingredient Callouts: Free of parabens, formaldehydes, formaldehyde-releasing agents, phthalates, mineral oil, retinyl palmitate, oxybenzone, coal tar, hydroquinone, sulfates SLS & SLES, triclocarban, triclosan, and contains less than one percent synthetic fragrance. It is also gluten-free, cruelty-free, and comes in recyclable packaging.

What Else You Need to Know: This reparative moisturizer features a specialized moisture complex that delivers water where skin needs it most. Five skin-identical ceramides replenish the skin’s barrier, tripeptide-5 supports the look of firmness and watermelon seed oil visibly soothes skin for a smooth, dewy-looking glow.

Clinical Results: 
-100% had an improved skin barrier within 30 minutes. *
-Clinically proven to prevent moisture loss. *
*Based on an independent clinical study with 30 subjects.

-Clinically proven to deliver 100-hr hydration. **
**Based on an independent clinical study with 28 subjects.
Show less","-Skin-Identical Ceramides: Replenish barrier and prevent water loss.
-Tripeptide-5: Protects natural collagen levels for firmer-looking skin and visibly reduces wrinkles.
-Watermelon Seed Oil: Supports the formation of ceramides essential for the epidermal layer.

Water/Aqua/Eau, Dicaprylyl Carbonate, Ethylhexyl Stearate, Glycerin, Cocoglycerides, Squalane, Sodium Polyacrylate, Butyrospermum Parkii (Shea) Butter, Ceramide NP, Ceramide AP, Ceramide AS, Ceramide NS, Ceramide EOP, Sodium Hyaluronate, Adenosine, Palmitoyl Tripeptide-5, Citrullus Lanatus (Watermelon) Seed Oil, Glyceryl Stearate, Caprylyl Glycol, Hydroxyacetophenone, Sodium Stearoyl Glutamate, Hexylene Glycol, Tocopherol, 2,3-Butanediol, Xanthan Gum, Ethylhexylglycerin, Sodium Phytate, Sodium PCA, Urea, Hydrogenated Lecithin, Trehalose, Polyquaternium-51, Triacetin, Cholesterol, Phenoxyethanol.","Suggested Usage:
-Once or twice daily, apply a small amount to face and neck.
-For daytime, follow with SPF 30+.

Recycling Instructions:
Check your local recycling authority's guidelines."
P427414,The Ordinary,Natural Moisturizing Factors + Hyaluronic Acid Daily Moisturizer,Moisturizers,Face Creams,$14.00,Size: 3.3 oz/ 100 mL,https://www.sephora.com/productimages/sku/s2210581-main-zoom.jpg?imwidth=160,2.7K,"Item 2210581
What it is: A hydrating formula with amino acids, dermal lipids, and hyaluronic acid.

Skin Type: Normal, Dry, Combo, Oily

Skincare Concerns: Dryness

Highlighted Ingredients:
Dermal Lipids: Keep the outer layer of the skin protected & offer lasting hydration.
Urea, Allantoin, Sodium PCA, Glycerin, and 11 Amino Acids: Provide intense lightweight hydration and comfort.
Saccharides: Plant-derived natural moisturizing sugars to support dermal water density.

What it is formulated WITHOUT:
- Parabens
- Sulfates
- Phthalates

What Else You Need To Know:
Regular use of Natural Moisturizing Factors + HA promotes smoother, softer skin with improved moisture retention. It is gentle enough for daily use, suitable for all skin types, and can be incorporated into any skincare regimen for enhanced hydration.

This product is an Allure Best of Beauty award winner.

Clinical Results:
Significantly boosts skin hydration
Keeps the outer layer of your skin protected and well-hydrated
Works to significantly improve skin barrier function with regular use

Show less","-Dermal Lipids (Phospholipids, Alpha/Beta/Gamma Fatty Acids, Triglycerides, Sterols, and Sterol Esters, Ceramide Precursors): Act as a direct topical supplement of the elements that keep the outer layer of the skin protected and offer lasting hydration with continued use.
-Urea, Allantoin, Sodium PCA, Glycerin, and 11 Amino Acids (Arginine, Aspartic Acid, Glycine, Alanine, Serine, Valine, Isoleucine, Proline, Threonine, Histidine, and Phenylalanine): Provide intense lightweight hydration and comfort.
-Saccharides (Trehalose, Maltose, and Fructose): Plant-derived natural moisturizing sugars to support dermal water density.
-Hyaluronic Acid: Acts as an enhanced hydrating delivery system.

Water, Caprylic/Capric Triglyceride, Cetyl Alcohol, Propanediol, Stearyl Alcohol, Glycerin, Sodium Hyaluronate, Arginine, Aspartic Acid, Glycine, Alanine, Serine, Valine, Isoleucine, Proline, Threonine, Histidine, Phenylalanine, Glucose, Maltose, Fructose, Trehalose, Sodium PCA, PCA, Sodium Lactate, Urea, Allantoin, Linoleic Acid, Oleic Acid, Phytosteryl Canola Glycerides, Palmitic Acid, Stearic Acid, Lecithin, Triolein, Tocopherol, Carbomer, Isoceteth-20, Polysorbate 60, Sodium Chloride, Citric Acid, Trisodium Ethylenediamine Disuccinate, Pentylene Glycol, Triethanolamine, Sodium Hydroxide, Phenoxyethanol, Chlorphenesin.","Suggested Usage:
-Apply all over face after serums as needed for effective hydration.

Beard Balm: This non-greasy formulation not only hydrates the skin beneath facial hair but can also be used to condition as a beard balm."
P422022,Kiehl's Since 1851,Clearly Corrective Dark Spot Correcting Serum,Treatments,Face Serums,$65.00,Size: 1 oz/ 30 mL,https://www.sephora.com/productimages/sku/s1989474-main-zoom.jpg?imwidth=160,1.1K,"Item 1989474
What it is: A brightening face serum that helps reduce the look of dark spots, hyperpigmentation, and post-acne marks.

Skin Type: Normal, Dry, Combination, and Oily

Skincare Concerns: Dark Spots, Dullness, and Uneven Texture

Highlighted Ingredients:
- Activated C (a Potent form of Vitamin C): Reduces the look of dark spots and visibly evens skin tone.
- White Birch Extract: Evens skin tone.
- Peony Extract: Helps protect against oxidative damage.

Ingredient Callouts: Free of parabens, formaldehydes, formaldehyde-releasing agents, phthalates, mineral oil, retinyl palmitate, oxybenzone, coal tar, hydroquinone, sulfates SLS & SLES, triclocarban, triclosan, and contains less than one percent synthetic fragrance.

What Else You Need to Know: This lightweight brightening face serum is formulated with a potent form of vitamin C, salicylic acid, and peony extract to help visibly reduce hyperpigmentation, dark spots, and post-acne marks.

Clinical Results: In an expert grading in a 12-week clinical test on 104 subjects, after using one bottle of our dark spot corrector*:
- 97% saw a visible reduction in hyperpigmentation
- 97% saw a visible reduction in dark spots
- 87% saw a visible reduction in post-acne marks

In an expert grading in a 12-week clinical test on 104 subjects, 17 women with all skin types showed:
- 49% visible reduction in hyperpigmentation
- 39% visible reduction in dark-spots color
- 27% visible reduction in post-acne marks


The dark spot corrector has been tested on all ethnicities and is suitable for all skin types, including sensitive skin.*

*This product was tested on a multi-ethnic panel equally distributed: 25% African American, 25% Asian, 25% Caucasian, 25% Hispanic
Show less","-Activated C (a Potent form of Vitamin C): Reduces the look of dark spots and visibly evens skin tone.
-White Birch Extract: Evens skin tone.
-Peony Extract: Helps protect against oxidative damage.

Aqua/Water, Propylene Glycol, Glycerin, Alcohol Denat., Peg/Ppg/Polybutylene Glycol-8/5/3 Glycerin, Hydroxypropyl Tetrahydropyrantriol, 3-O-Ethyl Ascorbic Acid, Ppg-6-Decyltetradeceth-30, Phenoxyethanol, Salicylic Acid, Xanthan Gum, Hydroxyethylcellulose, Potassium Hydroxide, Citric Acid, Sodium Citrate, Tocopheryl Acetate, Lavandula Angustifolia Oil/Lavender Oil, Disodium Edta, Adenosine, Linalool, Butylene Glycol, Tocopherol, Citrus Aurantium Tachibana Peel Extract, Paeonia Suffruticosa Root Extract.

.","Suggested Usage:
-Use serum morning and night during your skincare routine after cleansing and before your moisturizer.
-Apply serum over entire face or use as a spot treatment.
-For optimal results, apply a daily sunscreen."
P506006,Nécessaire,"The Body Retinol - Repair Serum With 0.1% Pure Retinol, 10% AHA + 5 Peptides",Bath & Shower,Scrub & Exfoliants,$58.00,Size: 5.1 oz / 150 mL,https://www.sephora.com/productimages/sku/s2680841-main-zoom.jpg?pb=clean-planet-aware&imwidth=160,642,"Item 2680841
What it is: A serum-in-balm with 0.1% Pure Retinol and 10% AHA to repair crepiness, lines, spots, scars and marks. This formula has a smell due to high % actives.

Highlighted Ingredients:
- 0.1% Pure Encapsulated: Helps repair crepiness, lines, spots, scars, marks and bumps
- 10% AHA: Mandelic Acid + Glycolic Acid help prepare the surface for retinol
- 5 Peptides + Vitamins: Supporting repair ingredients

What Else You Need to Know: Skincare for the body. The Body Retinol is a repair serum for the skin. The Body Retinol is infused with 0.1% Pure Encapsulated Retinol to repair and prevent crepiness, lines, spots, scars, marks and bumps. Hypoallergenic. Dermatologist-Tested. Non-Comedogenic. This formula has a clinical smell due to the percentage of retinol and AHAs that are at highly efficacious levels.


Products formulated without certain ingredients, including parabens, sulfates, phthalates, and mineral oils, from brands that have met our specific criteria for ingredient sourcing and formulation, packaging, environmental commitments, and consumer transparency. Learn more here.
Show less","Aqua/Water/Eau, Glycolic Acid, Mandelic Acid, Caprylic/Capric Triglyceride Glycerin, Cetearyl Alcohol, Rosa Damascena Flower Water, Hydroxyethyl Acrylate/Sodium Acryloyldimethyl Taurate Copolymer, Sodium Hydroxide, Coconut Alkanes, 1,2-Hexanediol, Cetearyl Olivate, Sorbitan Olivate, Propanediol, Silica, Silica Silylate, Magnesium Stearate, Niacinamide, Retinol, sh-Oligopeptide-1, sh-Oligopeptide-2, sh-Polypeptide-1, sh-Polypeptide-9, sh-Polypeptide-11, Tocopherol, Tetrahexyldecyl Ascorbate, Bacillus/Folic Acid Ferment Filtrate Extract, Cellulose Acetate Butyrate, C13-14 Alkane, C15-23 Alkane, Tricaprylin, Acetyl Glutamine, Pentaerythrityl Tetra-di-t-butyl Hydroxyhydrocinamate, Lecithin, Citric Acid, Hippophae Rhamnoides Fruit Oil, Coco-Caprylate/Caprate, Decyl Glucoside, Sodium Hyaluronate, Caprylyl Glycol, Sodium Benzoate, Potassium Sorbate, Sodium Carbonate, Sodium Chloride, Ethylhexylglycerin, Hydroxyacetophenone, Citronellol, Geraniol.


The list of ingredients is subject to change, please consult the packaging of the product purchased.","Suggested Usage:
-Use overnight. Apply to areas where treatment is needed.
-Apply to clean skin. Do not apply a moisturizer on top. Use sunscreen prior to sun exposure.
-If you are new to retinol, consider a patch test. Start by applying The Body Retinol once a week, graduating to every other night.
-Consider use of The Body Retinol in rotation with The Body Serum (sold separately).

Recycling Instructions:
-Nécessaire has partnered with How2Recycle to provide third-party verified recycling claims.
-Remove pump system and recycle bottle and cap.
-The pump system is not curbside recyclable.
-The carton and insert can be recycled with paper.
-For items that are not readily recyclable via curbside in the US, please consider using Nécessaire’s verified TerraCycle partnership terracycle.com/necessaire."
P507669,SK-II,PITERA™ Youth Essentials Kit      ,Value & Gift Sets,,$110.00,,,,,,
P506789,Dr. Dennis Gross Skincare,DermInfusions™ Plump + Repair Lip Treatment with Hyaluronic Acid,Lip Balms & Treatments,,$45.00,Size: .33 oz / 10 ml,https://www.sephora.com/productimages/sku/s2691103-main-zoom.jpg?imwidth=160,431,"Item 2691103
What it is: A lip formula that immediately and visibly plumps, defines, and enhances your natural lip color while restoring the moisture barrier for hydrated, younger-looking lips.

Skin Type: Normal, Dry, Combination, and Oily

Skincare Concerns: Dryness, Dullness, and Loss of Firmness and Elasticity

Highlighted Ingredients:
- Multiple Weights of Hyaluronic Acid: Provide visibly plumping hydration for fuller-looking lips.
- Peptide Complex: Visibly firms and volumizes lips.
- Ectoin and Bisabolol: Prevent dryness while caring for and relieving chapped lips.

Ingredient Callouts: This product is vegan and cruelty-free.

What Else You Need to Know: Meet your go-to, daily addiction for supple-, smoother-, fuller-looking lips. An alternative to cosmetic fillers, this fast-acting formula instantly adds visible volume while actively caring for skin to prevent chapped, dehydrated lips over time.

Clinical Results: In a clinical study conducted on 25 subjects:
- 100% immediately showed plumper-looking lips
- 100% immediately showed improvement in lip color, contour, and definition
- 96% saw an improvement in dry, chapped lips after 3 days

Show less","-Multiple Weights of Hyaluronic Acid: Provide visibly plumping hydration for fuller-looking lips.
-Peptide Complex: Visibly firms and volumizes lips.
-Ectoin and Bisabolol: Prevent dryness while caring for and relieving chapped lips.

Hydrogenated Polyisobutene, Jojoba Esters, Cocos Nucifera (Coconut) Oil, Squalane, Copernicia Cerifera (Carnauba) Wax, Ethylene/Propylene/Styrene Copolymer, Benzyl Nicotinate, Ectoin, Sodium Hyaluronate, Hydrolyzed Sodium Hyaluronate, Palmitoyl Tripeptide-38, Palmitoyl Tripeptide-1, Sodium Acetylated Hyaluronate, Portulaca Pilosa Extract, Silybum Marianum Fruit Extract, Centella Asiatica Meristem Cell Culture, Trehalose, Bisabolol, Citrullus Lanatus (Watermelon) Fruit Extract, Pyrus Malus (Apple) Fruit Extract, Persea Gratissima (Avocado) Oil, Triisostearin, Glycerin, Glucomannan, Ethylhexyl Palmitate, Tribehenin, Cetearyl Ethylhexanoate, Sucrose Cocoate, Trihydroxystearin, Dimer Dilinoleyl Dimer Dilinoleate, Xanthan Gum, Sorbitan Isostearate, Butylene/Ethylene/Styrene Copolymer, Leuconostoc/Radish Root Ferment Filtrate, Tocopherol, Water/Aqua/Eau, Lactic Acid, Citric Acid, Phenoxyethanol, Sodium Benzoate, Potassium Sorbate.","Suggested Usage:
- Gently press up from the base to dispense a small amount and apply directly to lips, starting at the fullest part of your lips and staying inside the natural lip border.
- A little product goes a long way. - Can be applied to bare lips or over lip color.
- Apply product as needed throughout the day.
- It’s common to feel a slight tingle upon first application.
- Do not test product on skin, it is formulated specifically for use on the lips."
P454313,LANEIGE,Cica Sleeping Mask with Centella Asiatica for Moisture Barrier Support,Masks,Face Masks,$34.00,,,,,,
P475543,Glow Recipe,Guava Vitamin C Dark Spot Brightening Treatment Serum,Treatments,Face Serums,$45.00,Size: 1 oz/ 30 mL,https://www.sephora.com/productimages/sku/s2479228-main-zoom.jpg?pb=clean-planet-aware&imwidth=160,925,"Item 2479228
ONLY AT SEPHORA
What it is: A potent, visibly brightening serum that reduces the appearance of dark spots with five forms of vitamin C, guava, and tranexamic and ferulic acids for visibly glowing, even-toned skin.

Skin Type: Normal, Dry, Combination, and Oily

Skincare Concerns: Dark Spots, Dullness, and Loss of Firmness and Elasticity

Formulation: Lightweight Serum

Highlighted Ingredients:
- Five Forms of Vitamin C: Visibly brighten and even dull skin.
- Guava Extract and Seed Oil: Protect against free-radical damage with rich vitamin C and antioxidant levels.
- Tranexamic Acid: Reduces the look of dark spots and redness over time.

Ingredient Callouts: This product is vegan, gluten-free, cruelty-free, and comes in recyclable packaging.

What Else You Need to Know: Delivering an effective performance with minimal irritation, the encapsulated time-release vitamin C in this serum combines with vitamin C-rich guava and visibly brightening tranexamic acid to visibly delete dark spots and help keep future ones from appearing. Ferulic acid, vitamin E, and peptides partner with vitamin C to visibly firm skin and boost radiance.

Clinical Results: Based on an independent consumer-use study of 29 individuals during a 4-week period:
- 100% agree that this serum is gentle enough for everyday use
- 96% noticed that their skin appears brighter and more radiant
- 96% noticed a visible improvement in overall skin tone
- 96% agree their skin looks less dull
- 96% noticed their skin texture has significantly improved
- 89% noticed a visible reduction in post-acne marks
- 86% agree this serum diminishes hyperpigmentation from sun spots


Products formulated without certain ingredients, including parabens, sulfates, phthalates, and mineral oils, from brands that have met our specific criteria for ingredient sourcing and formulation, packaging, environmental commitments, and consumer transparency. Learn more here.
Show less","-Five Forms of Vitamin C: Visibly brighten and even dull skin.
-Guava Extract and Seed Oil: Protect against free-radical damage with rich vitamin C and antioxidant levels.
-Tranexamic Acid: Reduces the look of dark spots and redness over time.

Water/Aqua/Eau, Propanediol, C9-12 Alkane, Psidium Guajava Fruit Extract, Tetrahexyldecyl Ascorbate, Tranexamic Acid, Sodium Polyacryloyldimethyl Taurate, 3-O-Ethyl Ascorbic Acid, Ascorbyl Glucoside, Magnesium Ascorbyl Phosphate, Sodium Ascorbyl Phosphate, Psidium Guajava Seed Oil, Tocopherol, Tocopheryl Acetate, Sodium Hyaluronate, Ferulic Acid, Tremella Fuciformis Sporocarp Extract, Pyrus Malus (Apple) Fruit Extract, Musa Sapientum (Banana) Fruit Extract, Prunus Armeniaca (Apricot) Kernel Extract, Pyrus Communis (Pear) Fruit Extract, Rubus Idaeus (Raspberry) Fruit Extract, Melia Azadirachta Flower Extract, Melia Azadirachta Leaf Extract, Corallina Officinalis Extract, Coccinia Indica Fruit Extract, Hexanoyl Dipeptide-3 Norleucine Acetate, Polyglyceryl-10 Dioleate, Glycerin, 1,2-Hexanediol, Caprylic/Capric Triglyceride, Caprylyl Glycol, Hydroxyacetophenone, Sodium Stearoyl Glutamate, Coco-Caprylate/Caprate, Betaine, Lecithin, Polyglyceryl-10 Dipalmitate, Sodium Citrate, Sodium Phytate, Potassium Sorbate, Decyl Glucoside, Lauryl Glucoside, Ethylhexylglycerin, Citric Acid, Xanthan Gum, Phenoxyethanol..

The list of ingredients is subject to change, please consult the packaging of the product purchased.","Suggested Usage:
-Apply one to two pumps to clean skin and gently pat in for optimal absorption.
-Apply daily, morning and night, and follow with moisturizer.
-During the day, follow with sunscreen.
-For sensitive skin types, use three to four times a week and gradually increase usage.
-For maximum potency, store in a cool, dry place out of direct sunlight.

Recycling Instructions:
-Remove cap and plastic inner lid.
-Wash glass jar with hot water to remove any remaining product.
-Dry thoroughly.
-Up-cycle glass jar or recycle along with the plastic cap and inner lid per your local guidelines.
-Glow Recipe also offers a Recycling Send-Back Program with their partner TerraCycle® for products that cannot be recycled locally."
P513580,Peter Thomas Roth,Instant FIRMx® Collagen Bounce Stick,Moisturizers,Face Creams,$36.00,Color: Blush Glow,https://www.sephora.com/productimages/sku/s2743698-main-zoom.jpg?imwidth=160,221,"Item 2743698
What it is: A unique balm stick for cheeks and lips that plumps the look of skin with a ten percent Collagen Complex and quickly provides a glowy finish.

Skin Type: Normal, Dry, Combination, and Oily

Skincare Concerns: Dryness, Dullness, and Loss of Firmness and Elasticity

Formulation: Balm

Highlighted Ingredients:
- 10% Collagen Complex: Plumps the appearance of skin for a visibly youthful bounce.
- Hyaluronic Acid Filling Spheres: Provide rapid hydration for skin that feels infused with moisture.
- Matrixyl® 3000 Peptide: Helps skin appear smoother and firmer.

Ingredient Callouts: Free of parabens, formaldehydes, formaldehyde-releasing agents, phthalates, mineral oil, retinyl palmitate, oxybenzone, coal tar, hydroquinone, sulfates SLS & SLES, triclocarban, triclosan, and contains less than one percent synthetic fragrance.

What Else You Need to Know: Formulated with a ten percent Collagen Complex, hyaluronic acid filling spheres, and Matrixyl® 3000, this balm stick doubles as a clinical formula, improving the appearance of skin elasticity after application and with continued use.* It seamlessly blends onto all skin tones to provide a buildable, glowy finish.

Clinical Results: In a 1-week clinically measured study on 28 women ages 32 to 65, results showed:
- This formula improves the appearance of skin elasticity after application and with continued use

In a 1-week consumer perception study on 28 women, ranging in age from 32 to 65:
- 96% agreed skin immediately appeared smooth and glowy and felt infused with moisture
- 96% agreed skin appeared plump and cheek area appeared to have a youthful bounce in 1 week
Show less","-10% Collagen Complex: Plumps the appearance of skin for a visibly youthful bounce.
-Hyaluronic Acid Filling Spheres: Provide rapid hydration for skin that feels infused with moisture.
-Matrixyl® 3000 Peptide: Helps skin appear smoother and firmer.

Diisostearyl Malate, Octyldodecanol, Polybutene, Squalane, Isostearic Acid, Cera Carnauba/Copernicia Cerifera (Carnauba) Wax/Cire De Carnauba, Synthetic Wax, C12-15 Alkyl Benzoate, Mica, Isostearoyl Hydrolyzed Collagen, Palmitoyl Tetrapeptide-7, Palmitoyl Tripeptide-1, Sodium Hyaluronate, Lactic Acid, Caprylyl Glycol, Ethylhexyl Palmitate, Sorbitan Laurate, Silica, Pentaerythrityl Tetra-di-t-butyl Hydroxyhydrocinnamate, C18-36 Acid Glycol Ester, C18-36 Acid Triglyceride, Trihydroxystearin, Glucomannan, Titanium Dioxide (CI 77891), Iron Oxides (CI 77491), Red 28 Lake (CI 45410), Red 7 Lake (CI 15850).


The list of ingredients is subject to change, please consult the packaging of the product purchased.","Suggested Usage:
-Twist to expose the silky-smooth balm.
-Glide over cheeks and lips for quick hydration, visible bounce, and glow.
-It can be applied directly to clean skin or over makeup.
-Use daily for visibly improved elasticity and firming over time.
-For external use only."
P507857,StriVectin,TL Advanced™  Tightening Neck Cream Light,Moisturizers,Decollete & Neck Creams,$99.00,,,,,,
P500121,Tower 28 Beauty,SOS Intensive Redness Relief Serum with Hypochlorous Acid,Treatments,Face Serums,$34.00,Size: 2 oz / 59 mL,https://www.sephora.com/productimages/sku/s2513059-main-zoom.jpg?pb=clean-at-sephora&imwidth=160,334,"Item 2513059
ONLY AT SEPHORA
What it is: A lightweight, water-based treatment serum starring hypochlorous acid that's more intensive than SOS Spray (but still as gentle!) to help soothe chronically sensitive, inflamed skin.

Highlighted Ingredients: 
- Hypochlorous Acid: This acid is naturally produced by the body's immune system as a first line of defense to fight the appearance of redness and defend against bad bacteria. When applied topically, it soothes, purifies, and cares for sensitive or stressed skin—leaving it looking clear, soft, and healthy.
- Water and Sodium Chloride: This isotonic (non-drying) solution is formulated to mimic the makeup of our own bodies—it is the optimal delivery solution for hypochlorous acid since it is found naturally in your white blood cells.

Ingredient Callouts: This product is gluten-free and cruelty-free.

What Else You Need to Know: This serum is 100 percent natural, dermatologist- and clinically-tested. Powered by a concentrated dose of hypochlorous acid, this heroic, soothing, anti-bacterial, liquid-to-gel serum delivers softer, clearer-looking, and happier skin. This unique solution is pH balanced (4.5), alcohol-free, and formulated for facial use, but also safe to use to use anywhere on your skin. This product also has the National Eczema Association Seal of Acceptance™, National Psoriasis Foundation Seal of Recognition, and the National Rosacea Society Seal of Acceptance.

Clean at Sephora
Clean at Sephora is our commitment to offering effective products without certain ingredients, such as parabens, sulfates, phthalates, and mineral oils. Learn more here.
Show less","-Hypochlorous Acid: This acid is naturally produced by the body's immune system as a first line of defense to fight the appearance of redness and defend against bad bacteria. When applied topically, it soothes, purifies, and cares for sensitive or stressed skin—leaving it looking clear, soft, and healthy.
-Water and Sodium Chloride: This isotonic (non-drying) solution is formulated to mimic the makeup of our own bodies—it is the optimal delivery solution for hypochlorous acid since it is found naturally in your white blood cells.

Ionized Water, Sodium Magnesium, Fluorosilicate, Sodium Chloride, Hypochlorous Acid.



The list of ingredients is subject to change, please consult the packaging of the product purchased.","Suggested Usage:
-Dispense two to three pumps into cupped hands and apply daily on clean, dry skin as part of your morning and evening skincare routine. 
-Use it all over face or to target problem areas. 
-Pro tip: Use SOS Daily Rescue Facial Spray (sold separately) as a toner followed by the serum and your favorite moisturizer for a double-hit of hypochlorous acid (your skin loves it) and the best possible results. 
-Pro tip: To layer with active ingredients (i.e. retinol, vitamin c etc.), apply SOS first and let dry down."
P507900,Herbivore,Cloud Milk Coconut + Maca Firming Body Cream,Body Moisturizers,Body Lotions & Body Oils,$40.00,Size: 6.7 oz / 200 mL,https://www.sephora.com/productimages/sku/s2674596-main-zoom.jpg?pb=clean-planet-aware&imwidth=160,212,"Item 2674596
ONLY AT SEPHORA
What it is: A fast-absorbing body cream that smells like tropical vacation and provides intense moisture and visibly firming benefits to the body.

Highlighted Ingredients:
- Coconut: Intensely hydrates with fatty acids, amino acids, electrolytes, and vitamins.
- Maca: Smooths the look of cellulite and visibly firms skin.
- Vegan Squalane: Non-comedogenic, locks in moisture, and protects skin barrier.

Ingredient Callouts: This product is vegan, gluten-free, cruelty-free, and comes in recyclable packaging.

What Else You Need to Know: This is a decadent body moisturizer that brings the benefits of herbal ingredients to the entire body. Formulated with eco-certified coconut fruit and maca, this rich yet non-greasy formula absorbs immediately to provide intense moisture and visibly firming benefits to even the driest body skin.


Products formulated without certain ingredients, including parabens, sulfates, phthalates, and mineral oils, from brands that have met our specific criteria for ingredient sourcing and formulation, packaging, environmental commitments, and consumer transparency. Learn more here.
Show less","Aqua/Water/Eau, Squalane, Cetyl Alcohol, Glyceryl Behenate, Caprylic/Capric Triglyceride, Butyrospermum Parkii (Shea) Butter, Cetearyl Olivate, Propanediol, Sorbitan Olivate, 1,2-Hexanediol, Glycerin, Glyceryl Stearate Citrate, Cocos Nucifera (Coconut) Oil, Cocos Nucifera (Coconut) Fruit Juice, Cocos Nucifera (Coconut) Water, Coconut Alkanes,


The list of ingredients is subject to change, please consult the packaging of the product purchased.","Suggested Usage:
-Massage liberally to the body focusing on any areas that need firming and moisturizing
benefits.

Recycling Instructions:
-Place outer carton into paper recycling.
-Gently peel the thin liner from the cap and dispose of it. Then clean the cap and recycle.
-Rinse the glass jar thoroughly and recycle."
P506158,Kate Somerville,MEGA-C™ 30% Vitamin C Brightening Mask,Masks,Face Masks,$75.00,Size: 2 oz / 60 mL,https://www.sephora.com/productimages/sku/s2643955-main-zoom.jpg?pb=allure-2023-bestofbeauty-badge&imwidth=160,298,"Item 2643955
What it is: A creamy, power-packed, brightening face mask that visibly evens skin tone and diminishes dark spots.

Skin Type: Normal, Dry, Combination, and Oily

Skincare Concerns: Dark Spots, Fine Lines and Wrinkles, and Dullness

Formulation: Mask

Highlighted Ingredients:
- 30% Pure Vitamin C: Visibly brightens and evens skin tone, boosts firmness and elasticity, and reduces and fades hyperpigmentation.
- Age Repair Complex: Reduces the appearance of wrinkles and restores more youthful-looking skin.
- Sea Buckthorn Oil and Ceramides: Visibly restore skin’s natural lipids for remarkably softer, smoother skin.

Ingredient Callouts: Free of parabens, formaldehydes, formaldehyde-releasing agents, phthalates, mineral oil, retinyl palmitate, oxybenzone, coal tar, hydroquinone, sulfates SLS & SLES, triclocarban, triclosan, and contains less than one percent synthetic fragrance. It is also cruelty-free.

What Else You Need to Know: This facial in a tube reveals brighter-, stronger-, more radiant-looking skin in as little as two uses. It is packed with a 30 percent dose of ascorbic acid, the most potent yet and stable form of vitamin C. This mask also helps to visibly lift and firm while sea buckthorn oil and ceramides soothe and nourish the skin barrier.

Clinical Results: Based on an independent clinical study, after 2 uses:
- 97% reported skin has a healthy glow
- 91% reported skin looks & feels smoother

After four uses:
- 88% reported skin looks brighter and more radiant
- 88% reported improved overall skin tone
- 85% reported more even skin tone

This product is an Allure Best of Beauty award winner.
Show less","-30% Pure Vitamin C: Visibly brightens and evens skin tone, boosts firmness and elasticity, and reduces and fades hyperpigmentation.
-Age Repair Complex: Reduces the appearance of wrinkles and restores more youthful-looking skin.
-Sea Buckthorn Oil and Ceramides: Visibly restore skin’s natural lipids for remarkably softer, smoother skin.

Dimethicone, Ascorbic Acid, Polysilicone-11, Peg-10 Dimethicone, Hippophae Rhamnoides Fruit Oil, Divinyldimethicone/Dimethicone/Phenylsilsesquioxane Crosspolymer, Carthamus Tinctorius (Safflower) Seed Oil, Brassica Campestris (Rapeseed) Seed Oil, Bisabolol, Glycyrrhiza Glabra (Licorice) Root Extract, Citrus Aurantium Dulcis (Orange) Peel Oil, Niacinamide, Mentha Viridis (Spearmint) Leaf Oil, Pogostemon Cablin Oil, Zingiber Officinale (Ginger) Root Extract, Ceramide Np, Caprylic/Capric Triglyceride, Polyglyceryl-3 Diisostearate, Ubiquinone, Astragalus Membranaceus Root Extract, Spilanthes Acmella Flower/Leaf/Stem Extract, Althaea Officinalis Root Extract, Oryza Sativa (Rice) Bran Extract, Rosmarinus Officinalis (Rosemary) Leaf Extract, Limonene.","Suggested Usage:
-Use AM or PM.
-Use one to two times per a week.
-Apply a thin, even layer on clean, dry skin.
-Allow the product to sit on skin for up to 20 minutes before washing off.
-Rinse with cool water to remove all product.
-Repeat cleanse if desired.
-Follow with your usual moisturizer.
-Be sure to use with SPF."
P481060,BeautyBio,The Eyelighter Concentrate with Vitamin C & Plant Powered-Retinol,Eye Care,Eye Creams & Treatments,$58.00,Size: 0.5 oz/ 15 mL,https://www.sephora.com/productimages/sku/s2536514-main-zoom.jpg?imwidth=160,95,"Item 2536514
What it is: A priming serum and depuffing tool with vitamin C and plant-powered retinol that visibly smooths and brightens.

Skin Type: Normal, Dry, Combination, and Oily

Skincare Concerns: Fine Lines and Wrinkles, Dryness, and Dark Circles

Formulation: Lightweight Serum

Highlighted Ingredients:
- Plant-Powered Retinol: A retinol with no dryness, irritation, redness, or sensitivity.
- Acid-Free Vitamin C: Diminishes the look of discoloration, repels free radicals, and rewinds visible dullness.
- Hyaluronic Acid: Rehydrates skin, targets moisture loss, and visibly softens rough, uneven texture.
Ingredient Callouts: This product is vegan, cruelty-free, and comes in recyclable packaging.

What Else You Need to Know: A new favorite multi-tasking hero that works as a pro-grade under-eye serum, primer, and tool to quickly and visibly depuff, brighten, and prime, as well as provide long-term benefits. Active vitamin C and BeautyBio‘s plant-powered retinol alternative work to visibly smooth and brighten while hyaluronic acid and squalane hydrate.

Clinical Results: In a 30-day, single-blind, monadic design test conducted at a single center with 28 females, results included:
- Clinically proven to improve brightness and fine lines after 1 use
- Clinically proven to visibly improve brightness, fine lines, puffiness, and dark circles after 30 days
Show less","- Plant-Powered Retinol: A retinol with no dryness, irritation, redness, or sensitivity.
- Acid-Free Vitamin C: Diminishes the look of discoloration, repels free radicals, and rewinds visible dullness.
- Hyaluronic Acid: Rehydrates skin, targets moisture loss, and visibly softens rough, uneven texture.


WATER/AQUA/EAU, DIMETHICONE, PROPANEDIOL, VINYL DIMETHICONE/METHICONE SILSESQUIOXANE CROSSPOLYMER, GLYCERIN, SIMMONDSIA CHINENSIS (JOJOBA) SEED OIL, SQUALANE, LAURYL DIMETHICONE/POLYGLYCERIN-3 CROSSPOLYMER, PEG-9 POLYDIMETHYLSILOXYETHYL DIMETHICONE, MAGNESIUM ASCORBYL PHOSPHATE, HYDROXYACETOPHENONE, ASTROCARYUM MURUMURU SEED BUTTER, GOSSYPIUM HERBACEUM (COTTON) SEED OIL, CAPRYLYL GLYCOL, 1,2-HEXANEDIOL, BIDENS PILOSA EXTRACT, LINUM USITATISSIMUM (LINSEED) SEED OIL, MICA, SODIUM PHYTATE, SODIUM HYALURONATE, SODIUM METABISULFITE, SODIUM CITRATE, TRIETHOXYCAPRYLYLSILANE, TOCOPHEROL, ALCOHOL MAY CONTAIN (+/-): IRON OXIDES (CI 77491), TITANIUM DIOXIDE (CI 77891)","Suggested Usage:
-Pump and glide concentrate onto eye area in the morning and evening after cleansing.
-Tap product with finger after applying for a smooth finish.
-May use on its own or underneath makeup as a primer."
P508236,HigherDOSE,Serotonin Soak - Magnesium Bath Salt for Muscle Relaxation & Mood Boost,Bath & Shower,Bath Soaks & Bubble Bath,$25.00,Size: 10 oz / 283 g,https://www.sephora.com/productimages/sku/s2801611-main-zoom.jpg?imwidth=160,45,"Item 2801611
What it is: A nutrient-dense bath soak uniquely formulated with magnesium Zechstein flakes that relaxes your body, boosts your mood, and nourishes your system.

Highlighted Ingredients:
- Magnesium Zechstein Flakes: Magnesium flakes ease sore muscles, relax the body, and calm the mind.
- French Green Clay: An excellent source of trace minerals to support and soften feel of skin.
- Apple Cider Vinegar: Soothe irritated skin, restore natural PH, and support skin’s protective barrier.

What Else You Need to Know: For centuries, baths have been used to heal, restore, and re-center. HigherDOSE combined the ancient art of bathing and the purest, science-backed ingredients available—magnesium Zechstein flakes, French green clay, apple cider vinegar, and spa-evoking essential oils—to formulate the ultimate bath ritual.

Clinical Results: Based on a survey of 40 Serotonin Soak Salt users:
- 97% feel relaxed while using Serotonin Soak Salt
- 92% said their skin felt soft after using Serotonin Soak Salt
- 94% said it helped ease sore muscles and they felt calm immediately after a Serotonin Soak Salt Bath
Show less","-Magnesium Zechstein Flakes: Ease sore muscles, relax the body, and calm the mind.
-French Green Clay: Is an excellent source of trace minerals that visibly renews and softens skin.
-Apple Cider Vinegar: Soothes irritated skin and restores its natural pH and protective barrier.

Zechstein Magnesium Chloride Flakes, Montmorillonite (French Green Clay), Tapioca Maltodextrin, Apple Cider Vinegar, Helianthus Annuus (Sunflower) Seed Oil, Fucus Vesiculosus (Seaweed) Extract, Laminaria Digitata (Brown Algae) Extract, Less Than 2% of Essential Oil Blend Eucalyptus Globulus, Origanum Majorana, Curcuma Longa, Bursera Graveolens.","Suggested Usage:
-Draw a hot bath and drop in four scoops (8 oz).
-Soak for 20 to 30 minutes. Enjoy deep physical detox and a mental lift.
-Enjoy weekly before bed or pre-or post PEMF session.
-HigherDOSE tip: Pop a Chill Chew to pre-activate your zen.

Recycling Instructions:
-Recyclable bag."
P409928,Jack Black,Clean Break™ Oil-Free Moisturizer,Moisturizers,Face Creams,$32.00,Size: 3.3 oz/ 98 mL,https://www.sephora.com/productimages/sku/s1692144-main-zoom.jpg?imwidth=160,95,"Item 1692144
Which skin type is it good for?
✔ Normal
✔ Oily
✔ Combination
✔ Sensitive

What it is:
A daily, oil-free facial moisturizer that leaves skin refreshed and shine-free.

Solutions for:
- Dullness and uneven texture
- Oiliness
- Uneven skin tone

If you want to know more…
Clean Break™ offers oil-free hydration and antioxidant protection while helping improve skin tone and texture. It emulsifies upon contact into an ultra-light, transparent gel-cream with a cool and soothing sensation. Sodium hyaluronate helps replenish skin and retain moisture content without the use of heavy oils, while niacinamide improves skin’s elasticity and texture while evening skin tone. An organic botanical blend of organic basil, white tea, and sea kelp nourish skin and offer environmental protection.

What it is formulated WITHOUT:
- Parabens
- Sulfates
- Phthalates

What else you need to know:
This product is cruelty-free and formulated without oil, fragrance, colorants, gluten, and alcohol.
Show less","Water, Cyclopentasiloxane, Octyldodecyl Neopentanoate, Niacinamide, Sodium Hyaluronate, Camellia Sinensis (White Tea) Extract*, Macrocystis Pyrifera (Sea Kelp) Extract*, Ocimum Basilicum (Basil) Extract*, Tocopheryl Acetate, Glycerin, Dimethicone, Glycereth-26, Cetearyl Glucoside, Carbomer, Hydroxypropyl Starch Phosphate, Hydroxyethyl Acrylate/Sodium Acryloyl Dimethyl Taurate Copolymer, Undecylenoyl Glycine, Disodium EDTA, Butylene Glycol, Capryloyl Glycine, Sodium Hydroxide, Phenoxyethanol. *Certified Organic.","Suggested Usage:
-Apply to clean face and neck morning and night.
-If exposing skin to the sun, always apply sunscreen first.

Precautions:
-Avoid eye contact. If product enters eyes, rinse with water."
P515023,Lancôme,Mini Genifique Ultimate Serum,Treatments,Face Serums,$62.00,Size: 0.67 oz / 20 ml,https://www.sephora.com/productimages/sku/s2831733-main-zoom.jpg?imwidth=160,64,"Item 2831733
What it is: A serum that reduces visible signs of skin damage in as soon as one week by targeting radiance, uneven skin tone, pores, fine lines, smoothness, and softness.

Skin Type: Normal, Dry, Combination, and Oily

Skincare Concerns: Fine Lines and Wrinkles, Dryness, and Loss of Firmness and Elasticity

Highlighted Ingredients:
- Beta Glucan: A powerful moisturizing ingredient.
- Hyaluronic Acid: Hydrates and visibly plumps skin.
- Licorice Extract: An antioxidant known to soothe skin.

What Else You Need to Know: This lightweight serum supports skin surface cell renewal, strengthens, and repairs skin’s moisture barrier. It also provides antioxidant support, visibly improves loss of firmness, and reduces the appearance of wrinkles.

Clinical Results: In a clinical test, results showed:
- 93% better skin barrier repair in 1 hour
- 95% of women had visibly reduced fine lines
- 97% of women had smoother-feeling skin
Show less","-Beta Glucan: A powerful moisturizing ingredient.
-Hyaluronic Acid: Hydrates and visibly plumps skin.
-Licorice Extract: An antioxidant known to soothe skin.

Water, Bifida Ferment Lysate, Glycerin, Alcohol Denat., Dimethicone, Hydroxyethylpiperazine Ethane Sulfonic Acid, Ascorbyl Glucoside, Sodium Hyaluronate, Sodium Hydroxide, Sodium Benzoate, Phenoxyethanol, Adenosine, Faex Extract/Yeast Extract/Extrait De Levure, Peg-20 Methyl Glucose Sesquistearate, Peg-60 Hydrogenated Castor Oil, Salicyloyl Phytosphingosine, Ammonium Polyacryldimethyltauramide/Ammonium Polyacryloyldimethyl Taurate, Limonene, Xanthan Gum, Caprylyl Glycol, Disodium Edta, Octyldodecanol, Citronellol, Fragrance.","Suggested Usage:
-How to layer: After cleansing and toning, apply Génifique Ultimate first before other serums. The silky, light-weight formula easily and quickly absorbs into the skin.
-Follow with your other serum or moisturizer.
-Génifique Ultimate Serum’s patented dropper dispenses the perfect dose of serum onto your skin every time you apply.
-Twist open the cap to load the dropper with the perfect amount of hydrating serum.
-Apply morning and night."
P423264,DIOR,One Essential Skin Boosting Super Serum,Treatments,Face Serums,$110.00,Size: 1 oz/ 30 mL,https://www.sephora.com/productimages/sku/s1985217-main-zoom.jpg?imwidth=160,54,"Item 1985217
Which skin type is it good for?
✔ Normal
✔ Combination
✔ Dry

What it is:
A powerful serum that detoxifies, regenerates, and boosts skin for a revitalized complexion.

Solutions for:
- Dullness and uneven texture

If you want to know more…
Daily, skin faces an onslaught of aggressors including UV rays, stress, and pollution. The solution: the new One Essential, with a more powerful formula that targets 100 percent of both outdoor (microparticles, heavy metals) andfor the first timeindoor toxins (per an in vitro test on ingredients) such as carpet, glue, varnishes, and electronic devices. This Super Serum is the fundamental first step, before any other skincare product, for a revitalizing effect. When applied twice per day, One Essential purifies and strengthens the skin, and the effectiveness of your usual skincare routine is boosted and prolonged by up to four times.

What it is formulated WITHOUT:
- Parabens
- Sulfates
- Phthalates

What else you need to know:
The source of the Red Hibiscus is the Dior Garden located in the heart of the Koro Ecological and Cultural Site. In this garden, covering 20 hectares, nearly 190 plant species flourish, representing an astonishing 18 percent of all species found in Burkina Faso. This remarkable site was selected due to its distinctive geology and the richness of its soil. More than a hectare is entirely devoted to cultivating the hibiscus sabdariffa, or red hibiscus.

The Dior Research Center studied the red hibiscus flower and discovered extraordinary detoxifying power. Red hibiscus extract has been shown to stimulate the recycling process of toxins that have penetrated the cell's lung.

One Essential quadruples the effects of active ingredients in the skincare products that follow (in vitro test on different major anti-aging ingredients) like retinol, vitamin C, longoza, hyaluronic acid, and bifidus for lasting radiance.

Research results:
In a consumer test on 60 women, after 7 days:
- 98% more beautiful skin
- 98% plumped skin
- 95% fresher skin
- 95% smoothed skin texture

After 1 month:
- 100% more beautiful skin
- 100% plumped skin
- 98% fresher skin
- 95% smoothed skin texture
Show less","Aqua (Water), Butylene Glycol, Glycerin, Caprylic/Capric/Succinic Triglyceride, Alcohol, Polymethylsilsesquioxane, Maltitol, Peg-60 Hydrogenated Castor Oil, Phenoxyethanol, Peg-32, Peg-8, Decyloxazolidinone, Acrylates/C10-30 Alkyl Acrylate Crosspolymer, Peg-7 Glyceryl Cocoate, Tetrasodium Edta, Parfum (Fragrance), Malva Sylvestris (Mallow) Extract, Hibiscus Sabdariffa Flower Extract, Faex (Yeast Extract), Sodium Hydroxide, Lecithin, Squalane, Pyrus Cydonia Seed Extract, Alcaligenes Polysaccharides, Dimethylmethoxy Chromanol, Adenosine, Xanthan Gum, Sorbitol, Biosaccharide Gum-1, Sodium Metabisulfite, Sodium Tocopheryl Phosphate, Algin, Aframomum Angustifolium Seed Extract, Butylphenyl Methylpropional, Polyvinyl Alcohol, Limonene, Haberlea Rhodopensis Leaf Extract, Benzyl Alcohol, Citric Acid, Cellulose Gum, Ethylhexylglycerin, Alpha-Isomethyl Ionone, Geraniol, Lilium Candidum Bulb Extract, Phaeodactylum Tricornutum Extract, Dehydroacetic Acid, Bht, Tocopherol.","Suggested Usage:
-Apply on cleansed skin, morning and night, before your usual skincare routine."
P512303,Saint Jane Beauty,Radiance Refresh Antioxidant Serum,Treatments,Face Serums,$88.00,Size: 1 fl oz / 30 ml,https://www.sephora.com/productimages/sku/s2788214-main-zoom.jpg?pb=clean-at-sephora&imwidth=160,69,"Item 2788214
What it is: A thoroughly replenishing, velvety, vitamin-rich serum to restore essential nutrients and visible radiance—it is also ultra-hydrating to visibly smooth fine lines and empower glow.

Skin Type: Normal, Dry, and Combination

Skincare Concerns: Fine Lines and Wrinkles, Dryness, and Dullness

Formulation: Lightweight Serum

Highlighted Ingredients:
- Rose: Intensely nourishes.
- Winter Cherry: Smooths the look of fine lines.
- Chamomile: Soothes and visibly renews.

Ingredient Callouts: This product is vegan, gluten-free, and cruelty-free.

What Else You Need to Know: Radiance Refresh Serum is like a nourishing green juice for your skin. Packed with comprehensive micronutrients, it purifies and balances the complexion with gentle florals, antioxidants, and essential vitamins.


Clean at Sephora is our commitment to offering effective products without certain ingredients, such as parabens, sulfates, phthalates, and mineral oils. Learn more here.
Show less","-Rose: Intensely nourishes.
-Winter Cherry: Smooths the look of fine lines.
-Chamomile: Soothes and visibly renews.

Helianthus Annuus (Sunflower) Seed Oil, Crambe Abyssinica Seed Oil, phytosterol esters, Citrullus Lanatus (Watermelon) Seed Oil, Octyldodecanol, Ribes Nigrum (Black Currant) Seed Oil, Cardiospermum Halicacabum (Winter Cherry Flower) Flower/Leaf/Vine Extract, Tocopherol, Punica Granatum (Pomegranate) Seed Extract, Citrus Aurantium Amara (Neroli) Flower Oil, Rosa Damascena (Rose) Flower Oil, Salvia Hispanica (Chia) Seed Extract, Chamomilla Recutita (German Chamomile) Flower Extract, Boswellia Carterii (Frankincense) Resin Extract, Lavandula Angustifolia (Lavender) Oil, Rosmarinus Officinalis (Rosemary) Leaf Extract, Tanacetum Annuum (Blue Tansy) Flower Oil.

The list of ingredients is subject to change. Please consult the packaging of the product purchased.","Suggested Usage:
-Press a few drops into the face and neck.
-For best results, use daily and layer with Saint Jane Beauty’s Sun Ritual Pore Smoothing SPF 30 (sold separately)."
P507177,Sol de Janeiro,Beija Flor™ Renewing Body Wash,Bath & Shower,Body Wash & Shower Gel,$26.00,Size: 13 oz / 385 mL,https://www.sephora.com/productimages/sku/s2701308-main-zoom.jpg?imwidth=160,162,"Item 2701308
ONLY AT SEPHORA
What it is: A creamy, moisturizing body wash for visibly renewed skin—infused with a gentle retinol alternative, vegan squalane, and the fruity-floral scent of Cheirosa ’68.

Scent Type: Fruity Florals

Key Notes: Brazilian Jasmine, Pink Dragonfruit, Sheer Vanilla

Highlighted Ingredients:
- Cacay Oil: Is a gentle retinol alternative that supports the cellular-renewal process.
- Flower Acids: Gently exfoliate and smooth skin.
- Vegan Squalane: Intensely hydrates for visibly supple, resilient skin.

What Else You Need to Know: This daily body wash supports cellular renewal and delivers vital moisture. A gentle retinol alternative, vegan squalane, and flower acids replenish for smooth-, resilient-feeling skin while the scent of Cheirosa ’68 transforms your shower into a garden by the sea.
Show less","-Cacay Oil: Is a gentle retinol alternative that supports the cellular-renewal process.
-Flower Acids: Gently exfoliate and smooth skin.
-Vegan Squalane: Intensely hydrates for visibly supple, resilient skin.

Aqua (Water, Eau), Sodium Cocoyl Isethionate, Stearic Acid, Sodium Methyl Cocoyl Taurate, Glycol Distearate, Cocamidopropyl Hydroxysultaine, Glycerin, Parfum (Fragrance), Squalane, Caryodendron Orinocense (Cacay) Seed Oil, Hibiscus Sabdariffa Flower Extract, Ethylhexylglycerin, Tetrasodium Glutamate Diacetate, Sodium Isethionate, Sodium Hydroxide, Sodium Methyltaurate, Xanthan Gum, Phenoxyethanol","Suggested Usage:
-Work into wet skin, gently massaging as you go.
-Enjoy as the creamy texture transforms into a rich, moisturizing lather.
-Rinse away.

Recycling Instructions:
-All sizes are 100 percent recyclable.
-Rinse components prior to recycling."
P509844,Glow Recipe,Watermelon Glow Niacinamide Hue Drops Serum,Treatments,Face Serums,$36.00,Color: Sun Glow,https://www.sephora.com/productimages/sku/s2742195-main-zoom.jpg?pb=clean-planet-aware&imwidth=160,1.5K,"Item 2742195
ONLY AT SEPHORA
What it is: A clinically effective, multi-purpose serum that evens skin tone with two sheer tints and helps visibly brighten skin over time with niacinamide.

Skin Type: Normal, Dry, Combination, and Oily

Skincare Concerns: Uneven Tone, Dryness, and Dullness

Formulation: Lightweight Gel
 Highlighted Ingredients:
- Niacinamide: Visibly reduces hyperpigmentation and minimizes the look of pores over time.
- Centella Asiatica: Antioxidant that softens and calms skin, decreasing the appearance of redness.
- Hyaluronic Acid and Watermelon: Hydrates, soothes, and delivers essential vitamins to the skin.

Ingredient Callouts: Free of formaldehydes, formaldehyde-releasing agents, mineral oil, oxybenzone, coal tar, and hydroquinone. It is also cruelty-free.

What Else You Need to Know: This serum features the brightening and hydrating power of our best-selling Dew Drops, now in two sheer tints for a lasting, radiant glow. Sun Glow delivers a warm, sun-kissed glow, while Rosy Glow gives an illuminating, soft pink finish—leaving skin brighter, glowing and never streaky or patchy.

Clinical Results:
96% agreed this product brightens & evens out skin tone*
96% agreed this product improves skin’s texture*
 *Based on a consumer use study of 31 participants after 4 weeks
96% agreed this product’s sheer, buildable formula works well with their skin t


Products formulated without certain ingredients, including parabens, sulfates, phthalates, and mineral oils, from brands that have met our specific criteria for ingredient sourcing and formulation, packaging, environmental commitments, and consumer transparency. Learn more here.
Show less","Aqua/Water/Eau, Propanediol, Glycereth-26, Glycerin, Niacinamide, 2,3-Butanediol, 1,2-Hexanediol, Cetyl Ethylhexanoate, Citrullus Lanatus Fruit Extract, Centella Asiatica Extract, Sodium Hyaluronate, Mica, Coffea Arabica Seed Extract, Polyglyceryl-3 Methylglucose Distearate, Tromethamine, Glyceryl Stearate SE, Carbomer, Acrylates/C10-30 Alkyl Acrylate Crosspolymer, Ethylhexylglycerin, Xanthan Gum, Polyquaternium-51, Butylene Glycol, Tocopherol, Fragrance/Parfum, Benzyl Benzoate, Iron Oxides (CI 77491, CI 77499), Titanium Dioxide (CI 77891).


The list of ingredients is subject to change, please consult the packaging of the product purchased.","Suggested Usage:
-As the last step of your daytime skincare routine, blend one to two pumps onto the face and neck with fingertips for a natural, all-over warm glow.
-How to use for maximum glow: Warm up your foundation and add luminosity to the skin by mixing one to two pumps with your foundation.
-Spot use for a warm glow: Apply to the high points of the face including your hairline and cheekbones as a highlighter or contour.
-For your eyes (ophthalmologist-tested): Using fingers, dab a pea-size amount to the center of the eyelid and blend out for a quick and easy wash of color.

Recycling Instructions:
Recycle per your local community guidelines. For those empties that may not find a home in your local recycling setup, Glow Recipe partners with Pact Collective to introduce a hassle-free mail-back recycling program all at zero cost to you. Review the guidelines and request your pre-paid shipping label at glowrecipe.com/pages/glowing-for-the-planet Empties can also be dropped off in dedicated collection bins at your local Sephora location"
P507510,Lancôme,Rénergie H.P.N. 300-Peptide Anti-Aging Cream with SPF 25,Moisturizers,Face Creams,$145.00,Size: 1.7 oz / 50 ml,https://www.sephora.com/productimages/sku/s2694495-main-zoom.jpg?imwidth=160,806,"Item 2694495
What it is: A cream with over 300 types of peptides that reduce the appearance of lower face sagging, wrinkles, and dark spots.

Skin Type: Normal, Dry, Combination, and Oily

Skincare Concerns: Dark Spots, Fine Lines and Wrinkles, and Loss of Firmness and Elasticity

Formulation: Lightweight Cream

Highlighted Ingredients:
- 300+ Types of Natural Peptides: Visibly improve firmness, elasticity, and wrinkles.
- Hyaluronic Acid: Targets wrinkles and roughness and visibly smooths and re-plumps.

Ingredient Callouts: Free of parabens, formaldehydes, formaldehyde-releasing agents, phthalates, mineral oil, retinyl palmitate, oxybenzone, coal tar, hydroquinone, sulfates SLS & SLES, triclocarban, triclosan, and contains less than one percent synthetic fragrance.

What Else You Need to Know: This refillable cream with SPF 25 supports skin to feel renewed faster as if it were younger. The lightweight formula improves visible signs of aging such as wrinkles, dark spots, and lower face sagging, with results as early as two weeks.

Clinical Results: In a clinical study of 80 women, results after 8 weeks included:
- 25% decrease in the appearance of wrinkles
- 24% decrease in the appearance of dark spots

In a consumer study with 80 women, self-assessment results after 8-weeks included:
- 86% agree skin feels protected from external aggressions
Show less","-300+ Types of Natural Peptides: Visibly improve firmness, elasticity, and wrinkles.
-Hyaluronic Acid: Targets wrinkles and roughness and visibly smooths and re-plumps.

Water, Glycerin, Silica, Dimethicone, Isononyl, Isononanoate, Propanediol, Bis-Peg-18 Methyl Ether Dimethyl Silane, Polyglyceryl-6 Distearate, Jojoba Esters, Tocopherol, Limnanthes Alba (Meadowfoam) Seed Oil, Cyclodextrin, Hydrolyzed Lupine Protein, Pisum Sativum (Pea) Extract, Adenosine, Capryloyl Salicylic Acid, Citric Acid, Disodium Edta, Hydrolyzed Linseed Extract, Hydroxyacetophenone, Scutellaria Baicalensis Root Extract, Sodium Hyaluronate, Sodium Hydroxide, Titanium Dioxide, Acacia Decurrens Flower Wax, Ammonium Acryloyldimethyltaurate/Steareth-25 Methacrylate Crosspolymer, Caprylyl Glycol, Cetyl Alcohol, Disodium Stearoyl Glutamate, Helianthus Annuus (Sunflower) Seed Wax, Polyglycerin-3, Polyglyceryl-3 Beeswax, Xanthan Gum, Dimethicone/Vinyl Dimethicone Crosspolymer, Dimethiconol, Benzyl Alcohol, Geraniol, Limonene, Red 33, Phenoxyethanol, Sodium Benzoate, Fragrance.","Suggested Usage:
-For best results, use this day moisturizer consistently as a part of your morning skincare routine.
-Apply once a day on the face, neck, and décolleté after cleansing, toning, and using your facial serums.
-Gently massage into skin using small, upward, circular motions until the cream is fully absorbed.
-If using as a sunscreen, apply generously 15 minutes before sun exposure and re-apply at least every two hours.
-Use a water-resistant sunscreen if swimming or sweating."
P511606,goop,Goopbeauty 72-Hour Hydrating Supercharged Water-Cream,Moisturizers,Face Creams,$68.00,Size: 1.7 oz / 50 ml,https://www.sephora.com/productimages/sku/s2769040-main-zoom.jpg?pb=clean-at-sephora&imwidth=160,365,"Item 2769040
What it is: A lightweight water-cream plumps skin with moisture for up to 72 hours, visibly brightens, and nourishes skin for a satin-matte glow.

Skin Type: Normal, Dry, Combination, and Oily

Skincare Concerns: Pores, Dryness, and Redness

Highlighted Ingredients:
- Sugar Beets and Adzuki Bean Sprouts: Deliver immediate and long-lasting hydration.
- Niacinamide: Restores the skin’s barrier by locking in moisture.
- Kale Sprouts and Upcycled Olives: Brighten and soothe for radiant skin.

Ingredient Callouts: This product is gluten-free and cruelty-free.

What Else You Need to Know: This water-cream is made with natural moisturizing factors, like antioxidant-rich kale sprouts and upcycled olives, an osmolyte complex of sugar beets and adzuki bean sprouts, fermented astragalus root, noni fruit extract, niacinamide, and more.

Clinical Results: In a consumer-perception study taken on 32 subjects ages 30 to 75, after just 1 week of twice-daily use:
- 97% said their skin looked brighter and radiant
- 97% said their skin looked smoother and softer
- 91% agreed their skin looked more balanced and healthy


Clean at Sephora is our commitment to offering effective products without certain ingredients, such as parabens, sulfates, phthalates, and mineral oils. Learn more here.
Show less","-Sugar Beets and Adzuki Bean Sprouts: Deliver immediate and long-lasting hydration.
-Niacinamide: Restores the skin’s barrier by locking in moisture.
-Kale Sprouts and Upcycled Olives: Brighten and soothe for radiant skin.

Aqua/Water/Eau, Hydrogenated Farnesene, Glycerin, Isopentyldiol, Cetyl Alcohol, Niacinamide, Cetyl Phosphate, Hydroxyethyl Urea, Beta Vulgaris (Beet) Root Extract, Trehalose, Phaseolus Angularis (Adzuki) Seed Extract, Astragalus Membranaceus (Astragalus) Root Extract, Olea Europaea (Olive) Fruit Extract, Brassica Oleracea Acephala (Kale) Leaf Extract, Morinda Citrifolia (Mulberry) Extract, Tocopheryl Acetate, L-Arginine, Saccharide Isomerate, Sorbitol, Sodium Benzoate, Capryl/Caprylyl Glucoside, Xanthan Gum, Potassium Sorbate, Propanediol, Coumarin, Sclerotium Gum, Lecithin, Pullulan, Citric Acid, Silica, Caprylyl Glycol, Sodium Citrate, Dipteryx Odorata (Tonka) Seed Extract.

The list of ingredients is subject to change. Please consult the packaging of the product purchased.","Suggested Usage:
-Smooth onto clean face, neck, and décolletage morning and evening—it’s great under makeup and sunscreen—for a beautifully hydrated, refined, satin-matte finish."
P415777,Drunk Elephant,T.L.C. Sukari Babyfacial™ AHA + BHA Mask,Masks,Face Masks,$80.00,Size: 1.69 oz/ 50 mL,https://www.sephora.com/productimages/sku/s1912385-main-zoom.jpg?pb=clean-at-sephora&imwidth=160,2.7K,"Item 1912385
What it is: An AHA/BHA at-home peel that resurfaces skin to visibly reveal greater clarity, improved skin texture and tone, and a more youthful-looking appearance.

Skin Type: Normal, Dry, Combination, and Oily

Skincare Concerns: Dark Spots, Fine Lines, and Wrinkles, and Pores

Formulation: Lightweight Mask

Highlighted Ingredients:
- 25% AHA Blend (glycolic + (T) tartaric, (L) lactic, (C) citric acids): Exfoliates dead surface skin cells and revs up surface turnover to smooth and brighten the appearance of skin.
- Salicylic Acid (BHA) 2%: Penetrates to exfoliate and unclog inside pores as well as on the surface of the skin, providing greater visible skin clarity while soothing redness.
- Chickpea Flour: Balances and brightens skin‘s appearance while combating visible dullness.

What Else You Need to Know: Created with all skin in mind, Babyfacial's 25% AHA/2% BHA blend gently exfoliates pore lining and resurfaces by removing dead skin cells. Glycolic, tartaric, lactic, citric, and salicylic acids work together to ensure higher efficacy without redness and sensitization. Babyfacial is formulated at a skin-friendly pH of 3.5 and is dermatologist tested.

Drunk Elephant is committed to using only ingredients that either directly benefit the health of the skin or support the integrity of their formulations. The brand focuses on healthy pH levels, formulations the skin recognizes, small molecular structure that’s easily absorbed, and effective active ingredients that also support the skin’s acid mantle. All of their products are designed to be mixed together—what Drunk Elephant calls making a smoothie. (This is true for all of their products except their sunscreen, Umbra, which sits on top of the skin, protecting it from UV damage.) The result is skin that is reset to its happiest, healthiest state.

Drunk Elephant is a supporter of IEF (International Elephant Foundation) and is cruelty-free.

Clinical Results: In a consumer-perception study with 104 people after 28 days:
-94% agreed skin appeared resurfaced
-93% agreed skin appeared brighter, softer, and smoother
-92% agreed skin's clarity was boosted

Clean at Sephora
Clean at Sephora is our commitment to offering effective products without certain ingredients, such as parabens, sulfates, phthalates, and mineral oils. Learn more here.
Show less",,
P472452,Caudalie,Vinofresh Natural Aluminum-Free Deodorant,Body Care,Deodorant & Antiperspirant,$16.00,Size: 1.7 oz/ 50 mL,https://www.sephora.com/productimages/sku/s2461887-main-zoom.jpg?pb=clean-planet-aware&imwidth=160,330,"Item 2461887
What it is: A natural deodorant that effectively neutralizes odor-causing bacteria for up to 24 hours while gently soothing the underarm.

Highlighted Ingredients:
- Organic Grape Water: Moisturizing prebiotic that contributes to a healthier underarm flora
- Organic Eucalyptus: Natural origin, fresh scent that provides long-lasting odor control

What Else You Need to Know: This natural deodorant provides odor protection for up to 24 hours without a leaving sticky residue or stains. Formulated with prebiotic grape water, it hydrates and soothes sensitive underarms while supporting a balanced microbiome. Lightly scented with eucalyptus, it is pregnancy-safe and free from aluminum, baking soda, alcohol, and synthetic fragrances.

Clinical Results:
Effective for up to 24 hours*
*Clinical study, instrumental test, 12 volunteers


Products formulated without certain ingredients, including parabens, sulfates, phthalates, and mineral oils, from brands that have met our specific criteria for ingredient sourcing and formulation, packaging, environmental commitments, and consumer transparency. Learn more here.
Show less",,
P508204,HigherDOSE,Red Light Neck Enhancer Mask for Fine Lines,High Tech Tools,,$349.00,,,,,,
P504861,MAKE UP FOR EVER,Gentle Eye Gel Waterproof Eye & Lip Makeup Remover,Cleansers,Makeup Removers,$29.00,Size: 4.2 oz / 125 ml,https://www.sephora.com/productimages/sku/s2646891-main-zoom.jpg?imwidth=160,230,"Item 2646891
What it is: An ultra-gentle, alcohol-free makeup remover with a soothing gel texture that easily removes waterproof eye and lip makeup.

Highlighted Ingredients:
- Cornflower: Known for soothing properties.

What Else You Need to Know: A modern, new take on the iconic Sens'Eyes makeup remover, this innovative formula is now gentler than ever and safe for contact lens wearers and lash extensions. Infused with skin-soothing cornflower and cucumber, this fragrance-free formula removes stubborn makeup without leaving behind any residue.
Show less",,
P480346,ROSE Ingleton MD,SuperFruit Gentle Brightening Cleanser,Cleansers,Face Wash & Cleansers,$38.00,Size: 6 oz / 180 mL,https://www.sephora.com/productimages/sku/s2494136-main-zoom.jpg?imwidth=160,45,"Item 2494136
What it is: A gentle, foaming gel cleanser that is formulated with fruit acids, super hydrators, hyaluronic acid, and pro-vitamin B5.

Skin Type: Normal, Combination, and Oily

Skincare Concerns: Pores, Dullness, and Oiliness

Formulation: Lightweight Gel

Highlighted Ingredients:
- Jamaican SuperFruit Blend with Sugarcane Extract: Antioxidant-rich fruit acids help give you radiant-looking skin.
- Hyaluronic Acid: Visibly plumps and hydrates skin.
- Pro-Vitamin B5: Helps support your skin barrier.

Ingredient Callouts: This product is vegan, gluten-free, cruelty-free, and comes in recyclable packaging.

What Else You Need to Know: This gentle, visibly brightening cleanser lifts away visible impurities, excess oil, and makeup without over-cleansing or drying the skin. It is pH-balanced, sulfate-free, fragrance-free, and contains pro-vitamin B5 to help support your skin barrier while fruit acids leave you visibly glowing.



This product is an Allure Best of Beauty award winner.
Show less",,
P122881,CLINIQUE,Clarifying Face Lotion 3 Liquid Exfoliator for Combination Oily Skin,Cleansers,Toners,$22.00,Size: 6.7 oz/ 200 mL,https://www.sephora.com/productimages/sku/s1295716-main-zoom.jpg?imwidth=160,940,"Item 1295716
What it is: A dermatologist-developed liquid exfoliating lotion that clears the way for smoother, brighter-looking skin.

Skin Type: Combination and Oily

Skincare Concerns: Pores and Oiliness

Formulation: Liquid

Highlighted Ingredients:
- Witch Hazel: Visibly refines skin.
- Salicylic Acid: Helps exfoliate the surface of the skin and enhance cell turnover.

Ingredient Callouts: Free of parabens, phthalates, and sulfates SLS & SLES. It is also gluten-free.

What Else You Need to Know: The gentle, refreshing toner formula is the difference maker for healthy skin. Toner sweeps away pollution, grime, and dulling flakes to reveal smoother, clearer-looking skin. Clarifying Lotion Toner 3’s exfoliating preps skin for moisturizer, making it more receptive to hydration and treatment products. For oilier skin, twice-daily exfoliation helps minimize excess oil and keep pores clear. For drier skin, twice-daily exfoliation helps remove surface flakes that can be a barrier to moisture absorption. Toner also reduces the look of fine, dry lines.
Show less",,
P259950,Jack Black,Performance Remedy™ Turbo Wash™  Energizing Cleanser for Hair & Body,Bath & Shower,Body Wash & Shower Gel,$24.00,Size: 10 oz,https://www.sephora.com/productimages/sku/s1240415-main-zoom.jpg?imwidth=160,146,"Item 1240415
What it is:
An energizing two-in-one cleanser that jump-starts the body, awakens the mind, and helps revitalize the immune system.

What it is formulated to do:
This dual-purpose, sulfate-free body and hair cleanser washes away dirt and sweat without over drying, leaving the entire body feeling revitalized for peak performance. Rosemary and Eucalyptus offer a cool, refreshing aroma to energize the senses while the soothing properties of Juniper Berry and Arnica help relax overworked and tired muscles. A blend of sulfate-free cleansing agents effectively cleanse the skin and hair without the stripping of essential moisture.

What it is formulated WITHOUT:
- Parabens
- Sulfates
- Phthalates

What else you need to know:
This is a PureScience® Formula. It is vegan, cruelty-free, and dermatologist tested. It contains certified organic ingredients and is free of MEA, TEA, and DEA.
Show less",,
P510927,Supergoop!,Mineral Unseen Sunscreen SPF 40,Sunscreen,Face Sunscreen,$40.00,Size: 1.7 oz / 50 ml,https://www.sephora.com/productimages/sku/s2773299-main-zoom.jpg?pb=clean-at-sephora&imwidth=160,359,"Item 2773299
ONLY AT SEPHORA
What it is: A sheer, weightless, scentless mineral sunscreen with expert SPF protection and a cloud-like formula recommended for sensitive skin that seamlessly blends with a natural finish.

Skin Type: Normal, Dry, Combination, and Oily

Skincare Concerns: Fine Lines and Wrinkles, Acne and Blemishes

Formulation: Liquid

Highlighted Ingredients:
- Broad Spectrum Mineral SPF 40: Protects against UVA and UVB rays, includes 17.68% zinc oxide.
- Bamboo Extract: Known for its excellent antioxidant properties.

Ingredient Callouts: Free of parabens, formaldehydes, formaldehyde-releasing agents, phthalates, mineral oil, retinyl palmitate, oxybenzone, coal tar, hydroquinone, sulfates SLS & SLES, triclocarban, triclosan, and contains less than one percent synthetic fragrance. It is also gluten-free and cruelty-free.

What Else You Need to Know: Mineral Unseen glides smoothly onto skin and softly blends in sheer for a dream-like feel with expert SPF protection to protect against UV rays. This mineral sunscreen formula is recommended for all skin types, including sensitive. Plus, it doubles as a makeup-gripping primer with a natural finish.


Clean at Sephora is our commitment to offering effective products without certain ingredients, such as parabens, sulfates, phthalates, and mineral oils. Learn more here.
Show less",,
P482320,Supergoop!,Mini Glowscreen Sunscreen SPF 40 with Hyaluronic Acid + Niacinamide,Sunscreen,Face Sunscreen,$22.00,Size: .68 oz Sunrise / 20 mL - champagne,https://www.sephora.com/productimages/sku/s2549756-main-zoom.jpg?imwidth=160,2.5K,"Item 2549756
What it is: A glowy tinted sunscreen that hydrates skin & primes for makeup with a radiant finish & broad spectrum SPF protection.

Skin Type: Normal, Dry, Combination, and Oily

Skincare Concerns: Dullness, Dryness, and Fine Lines and Wrinkles

Formulation:  Lotion

Highlighted Ingredients:
- Hyaluronic Acid and Vitamin B5: Help boost moisture in the skin, leaving it feeling soft and nurtured.
- Sea Lavender: Helps provide powerful antioxidant protection while also supporting long-lasting hydration.
- Cocoa Peptides: Help protect the skin from blue-light damage.

 Ingredient Callouts: This product is cruelty-free, and gluten-free.

What Else You Need to Know: This multitasking primer with SPF gives skin an instant glow-up. Formulated with hyaluronic acid, niacinamide & vitamin B5 to hydrate & perfect, this broad spectrum tinted sunscreen creates an instant glow on its own or under makeup. Plus, it helps filter blue light from tech!

This product is an Allure Best of Beauty winner.
Show less",,
P481137,NuFACE,FIX® Line Smoothing Serum,Treatments,Face Serums,$49.00,Size: 0.5 oz/ 15 mL,https://www.sephora.com/productimages/sku/s2536480-main-zoom.jpg?pb=clean-at-sephora&imwidth=160,Write a review,"Item 2536480
What it is: An FDA-cleared microcurrent activator that helps reduce the look of fine lines and wrinkles while brightening the look of skin.

Skin Type: Normal, Dry, Combination, and Oily

Skincare Concerns: Fine Lines and Wrinkles, Loss of Firmness and Elasticity, and Dark Circles

Highlighted Ingredients:
- NuFACE IonPlex™: Ensures microcurrent is delivered comfortably for optimal, pro-level results.
- Hyaluronic Acid: Attracts and holds up to 1,000 times its weight in water, helping your skin look visibly plump, smooth, and hydrated.
- Triple Peptide Complex: Minimizes the appearance of lines and wrinkles.

Ingredient Callouts: Free of parabens, formaldehydes, formaldehyde-releasing agents, phthalates, mineral oil, retinyl palmitate, oxybenzone, coal tar, hydroquinone, sulfates SLS & SLES, triclocarban, triclosan, and contains less than one percent synthetic fragrance. It is also gluten-free and cruelty-free.

What Else You Need to Know: This FDA-cleared, fine-line-smoothing microcurrent activator is uniquely formulated with NuFACE IonPlex™, so, when used with your NuFACE FIX® Line Smoothing Device (sold separately), microcurrent is delivered to the skin in a comfortable, efficacious way. It also contains a triple peptide complex and hyaluronic acid to hydrate and visibly smooth skin while locking in moisture for a more radiant appearance. It is designed to be paired with the NuFACE FIX® Line Smoothing Device (sold separately), but can also be used on its own.


Clean at Sephora is our commitment to offering effective products without certain ingredients, such as parabens, sulfates, phthalates, and mineral oils. Learn more here.
Show less",,
P504159,Saint Jane Beauty,Hydrabloom Body Silk With Hyaluronic Acid,Body Moisturizers,Body Lotions & Body Oils,$48.00,Size: 4 oz / 120 mL,https://www.sephora.com/productimages/sku/s2653483-main-zoom.jpg?pb=clean-at-sephora&imwidth=160,23,"Item 2653483
What it is: A silky, ultra-hydrating moisturizer that combines potent sea flower extracts to visibly lift, firm, and smooth the entire body.

Highlighted Ingredients:
- Hyaluronic Acid: Intensely hydrates.
- Sea Flower Complex: Visibly firms and tones.
- Wild Chamomile: Calms and soothes.

Ingredient Callouts: This product is vegan, gluten-free, cruelty-free, and comes in recyclable packaging.

What Else You Need to Know: Evoking the calming spirit of the sea and the potent skincare benefits of flowers, this ultra-hydrating body silk visibly lifts and tones for beautifully radiant, soft skin. A bouquet of Saint Jane’s Active Flower Concentrate, renowned for soothing and hydration, luxuriously smooths every inch of your body.



Clean at Sephora is our commitment to offering effective products without certain ingredients, such as parabens, sulfates, phthalates, and mineral oils. Learn more here.
Show less",,
P506686,Lion Pose,UNSPOTTED 4X Dark Spot + Hyperpigmentation AHA Serum,Treatments,Face Serums,$79.00,Size: 1 oz / 30 ml,https://www.sephora.com/productimages/sku/s2703080-main-zoom.jpg?pb=allure-2024-bestofbeauty&imwidth=160,237,"Item 2703080
ONLY AT SEPHORA
What it is: A dermatologist-developed serum that visibly reduces the look of hyperpigmentation, acne scars, and dark spots in two weeks.

Skin Type: Normal, Dry, Combination, and Oily

Skincare Concerns: Dark Spots, Uneven Texture, and Acne and Blemishes

Highlighted Ingredients:
- 15% Blend of Azelaic, Glycolic, Lactic, Tranexamic Acids: Reduces look of hyperpigmentation and dark spots while exfoliating skin.
- Glutathione: Master antioxidant tripeptide protects skin from free radical damage.
- Hyaluronic Acid, Tiger Grass, and Aloe: Boost hydration, soothe irritated skin, and promote skin repair.

Ingredient Callouts: This product is vegan, gluten-free, cruelty-free, and comes in recyclable packaging.

What Else You Need to Know: Visibly reduce the look of hyperpigmentation, dark spots, scars, and post-acne marks in two weeks. This product was developed with Harvard dermatologists and clinically tested on all skin tones and types; emphasis on Fitzpatrick 2-6 (light to dark skin tones). A blend of AHAs and antioxidants work to visibly fade spots and repair skin.

Clinical Results:
In an independent consumer and clinical testing panel of 30 participants aged 25 to 45, with Fitzpatrick skin tone 2-6,
After 4 weeks:    * 93% agree they saw smoother skin texture after using
  * 86% agree they noticed a more even skin tone after using After 8 weeks:
  * 97% saw a reduction in dark spot size as measured by ImagePro software


Clean at Sephora is our commitment to offering effective products without certain ingredients, such as parabens, sulfates, phthalates, and mineral oils. Learn more here.

This product is an Allure Best of Beauty award winner.
Show less",,
P429659,Biossance,Squalane + Hyaluronic Toning Mist,Moisturizers,Mists & Essences,$32.00,Size: 2.53 oz / 75 mL,https://www.sephora.com/productimages/sku/s2051894-main-zoom.jpg?pb=clean-planet-aware&imwidth=160,104,"Item 2051894
NEW
ONLY AT SEPHORA
What it is: An ultra-fine facial mist that replenishes skin with minerals and hydrates with sugarcane-derived squalane and two types of hyaluronic acid.

Skin Type: Normal, Dry, Combination, and Oily

Skincare Concerns: Fine Lines/Wrinkles, Dryness, Dullness

Formulation: Spray

Highlighted Ingredients:
- Multi-mineral Complex: Replenishes minerals lost throughout the day and brought on by the effects of stress, overindulgence, and pollution.
- Squalane: Hydrates while locking in essential moisture.
- Green Algae: Helps skin maintain electrolyte and hydration balance instantly and over time.

Ingredient Callouts: This product is also vegan and cruelty-free.

What Else You Need to Know: This cooling, alcohol-free mist replenishes skin depleted by stress, exercise, overindulgence, and life in general. It minimizes the look of fine lines with squalane and hyaluronic acid, while setting and refreshing the look of makeup with a weightless veil of moisture—any time you need it.

Clinical Results:
IMMEDIATELY: -100% showed improvement in hydration* AFTER 2 WEEKS: -100% agree their fine lines appear minimized** -100% agree their skin appears more plump and hydrated* -100% agree that it helped to refresh the look of their makeup** *Based on a 28-day clinical study of 35 women, ages 36-60, after 28 days of twice daily use **Based on a 28-day consumer use study of 35 women, ages 36-60, after 28 days of twice daily use


Products formulated without certain ingredients, including parabens, sulfates, phthalates, and mineral oils, from brands that have met our specific criteria for ingredient sourcing and formulation, packaging, environmental commitments, and consumer transparency. Learn more here.
Show less",,
P515919,CLINIQUE,Moisture Surge™ Active Glow Serum with Hyaluronic Acid,Treatments,Face Serums,$65.00,Size: 1.7 oz / 50 mL,https://www.sephora.com/productimages/sku/s2836203-main-zoom.jpg?imwidth=160,464,"Item 2836203
What it is: A first-ever serum from CLINIQUE’s most-loved Moisture Surge collection, formulated with powerful actives to give skin an immediate, continuous glow.

Skin Type: Normal, Dry, Combination, and Oily

Skincare Concerns: Dryness

Formulation: Serum

Highlighted Ingredients:
- Lactic Acid 5%: Exfoliates dulling dead skin cells, helping actives to better sink in.
- Hyaluronic Acid: Moisture-binding ingredient infuses skin with plumping hydration.
- Vitamin C: Powerful antioxidant brightens the look of skin.

Ingredient Callouts: Free of parabens, phthalates, and sulfates SLS & SLES.

What Else You Need to Know: This refreshing, dermatologist-tested serum exfoliates (it was clinically shown to promote skin’s natural cell turnover to reveal fresher, smoother skin), hydrates (it plumps up skin with a clinical increase in hydration), and brightens, boosting the skin’s glow. It sinks right into skin and layers well with moisturizer and under makeup. It’s also safe for sensitive skin, allergy tested, fragrance free, and tested to work on all skin tones.

Clinical Results: In clinical testing on 31 women:
- 97% show an instant boost in hydration after using the product once
- 100% show an instant boost in radiance after using the product once
- 90% show visibly improved skin texture after using the product for 28 days

In consumer testing on 165 women:
- 93% say the product is gentle and non-irritating after 1 week of product use
- 95% say skin feels soothed with moisture after 2 weeks of product use
- 91% say skin looks healthier after 2 weeks of product use
Show less",,
P467256,Maison Louis Marie,No.12 Bousval Perfume Oil,Body Moisturizers,Body Lotions & Body Oils,$65.00,Size: 0.50 oz/ 15 mL,https://www.sephora.com/productimages/sku/s2408045-main-zoom.jpg?pb=clean-planet-aware&imwidth=160,22,,,
P504240,Fenty Beauty by Rihanna,Mini Instant Reset Brightening Overnight Recovery Gel-Cream With Niacinamide + Kalahari Melon Oil,Moisturizers,Face Creams,$27.00,Size: 1 oz / 30 mL,https://www.sephora.com/productimages/sku/s2648798-main-zoom.jpg?pb=clean-at-sephora&imwidth=160,232,,,
P504237,Fenty Beauty by Rihanna,Mini Hydra'Reset Intensive Recovery Glycerin Hand Mask,Body Moisturizers,Hand Cream & Foot Cream,$14.00,Size: 1 oz / 30 mL,https://www.sephora.com/productimages/sku/s2648780-main-zoom.jpg?pb=clean-at-sephora&imwidth=160,213,,,
P470057,Supergoop!,100% Mineral Sheerscreen Sunscreen SPF 30,Sunscreen,Face Sunscreen,$40.00,Size: 1.5 oz/ 45 mL,https://www.sephora.com/productimages/sku/s2445419-main-zoom.jpg?pb=clean-at-sephora&imwidth=160,580,,,
P424948,Sunday Riley,Auto Correct Brightening + Depuffing Eye Cream for Dark Circles,Eye Care,Eye Creams & Treatments,$65.00,Size: 0.5 oz/ 15 mL,https://www.sephora.com/productimages/sku/s2020634-main-zoom.jpg?pb=clean-at-sephora&imwidth=160,2K,,,
P516209,Facile,Bare Necessity Hyaluronic Acid Gentle Foaming Cleanser,Cleansers,Face Wash & Cleansers,$22.00,Size: 3.38 oz / 100 mL,https://www.sephora.com/productimages/sku/s2853489-main-zoom.jpg?pb=clean-at-sephora&imwidth=160,121,,,
P444990,Isle of Paradise,Blend It Multi-Purpose Self-Tan Blender,Self Tanners,For Body,$22.00,Size: 1.05 oz/ 30 g,https://www.sephora.com/productimages/sku/s2230787-main-zoom.jpg?pb=clean-at-sephora&imwidth=160,26,,,
P507330,fresh,Rose & Hyaluronic Acid Lightweight Moisturizer,Moisturizers,Face Creams,$48.00,Size: 3.3 fl oz / 100 ml,https://www.sephora.com/productimages/sku/s2704773-main-zoom.jpg?pb=clean-at-sephora&imwidth=160,829,"Item 2704773
What it is: A lightweight, fluid moisturizer ideal for oily, combo skin that deeply hydrates, evens texture & reduces look of pores.

Skin Type: Normal, Dry, Combination, and Oily

Skincare Concerns: Fine Lines and Wrinkles, Pores, and Dryness

Formulation: Cream

Highlighted Ingredients:
- Damask Rose: Extract boosts moisture and supports skin’s barrier.
- Low Molecular Weight Hyaluronic Acid: Visibly plumps and immediately hydrates.
- Yarrow Extract: Visibly smooths and refines.

What Else You Need to Know: This non-comedogenic formula delivers instant, deep hydration with a weightless texture to help take control of your skin’s hydration. Powered by strengthening damask rose, hyaluronic acid, and smoothing yarrow extract, it absorbs quickly for smooth, soft skin, even under makeup.

Clinical Results:
+75% even texture instantly observed* -36% look of pores instantly observed* +53% visibly softened dry lines instantly observed* 72hr deep hydration** *observed results, self-assessment by scoring, 30 subjects, after 1st application **instrumental test, 32 subjects

In an instrumental test on 32 subjects, it was found to provide:
- 72-hour deep hydration


Clean at Sephora is our commitment to offering effective products without certain ingredients, such as parabens, sulfates, phthalates, and mineral oils. Learn more here.
Show less","-Damask Rose: Extract boosts moisture and supports skin’s barrier.
-Low Molecular Weight Hyaluronic Acid: Visibly plumps and immediately hydrates.
-Yarrow Extract: Visibly smooths and refines.

Aqua (Water), Glycerin, Limnanthes Alba (Meadowfoam) Seed Oil, Caprylic/Capric Triglyceride, Polyglyceryl-10 Myristate, C9-12 Alkane, 1,2-Hexanediol, Polyglycerin-3, Propanediol, Cellulose, Rosa Damascena Flower Water, Rosa Damascena Extract, Rosa Damascena Flower Extract, Achillea Millefolium Extract, Rosa Damascena Flower Oil, Cucumis Sativus (Cucumber) Fruit Extract, Jojoba Esters, Caprylyl Glycol, Acrylates/c10-30 Alkyl Acrylate Crosspolymer, Sodium Stearoyl Glutamate, Coco Caprylate/Caprate, Xanthan Gum, Tocopheryl Acetate, Trisodium Ethylenediamine Disuccinate, Sodium Hyaluronate, Butylene Glycol, Sodium Hydroxide, Pentylene Glycol, Citric Acid, Tocopherol, Chlorphenesin, Sodium Benzoate, Potassium Sorbate, Citronellol, Geraniol.

.

The list of ingredients is subject to change, please consult the packaging of the product purchased.","Suggested Usage:
-Apply two pumps to the face and neck daily, morning and night."
P440486,Mario Badescu,Glycolic Acid Toner,Cleansers,Toners,$18.00,Size: 8 oz/ 236 mL,https://www.sephora.com/productimages/sku/s2185072-main-zoom.jpg?imwidth=160,79,"Item 2185072
What it is: A mild resurfacing toner that brightens and balances post-cleanse.

Skin Type: Normal, Dry, Combination

Skincare Concerns: Dullness and Uneven Texture, Dark Spots, and Pores

Formulation: Liquid

Highlighted Ingredients:
- Glycolic Acid: Refines and retextures.
- Grapefruit Extract: Rejuvenates and refreshes skin.
- Aloe Vera: Hydrates and soothes.

Ingredient Callouts: This product is also vegan and cruelty-free.

What Else You Need to Know: This formula features glycolic acid, grapefruit, and aloe vera to rejuvenate skin, refine pores, and diminish the appearance of dry fine lines, wrinkles, and uneven skin tone. Surface impurities are swept away as skin gets an exfoliating boostunveiling a more radiant and youthful-looking complexion.
Show less","-Glycolic Acid: Refines and retextures.
-Grapefruit Extract: Rejuvenates and refreshes skin.
-Aloe Vera: Hydrates and soothes.

Water, Propylene Glycol, Glycolic Acid, Citrus Grandis (Grapefruit) Fruit Extract, Aloe Barbadensis Leaf Juice, Butyl Methoxydibenzoylmethane, Ethylhexyl Methoxycinnamate, PPG-26-Buteth-26, Ethylhexyl Salicylate, PEG-40 Hydrogenated Castor Oil, Fragrance, Sodium Chloride, Methylparaben, Propylparaben, Diazolidinyl Urea, CI 42090 (Blue 1), CI 45410 (Red 28), CI 19140 (Yellow 5).","Suggested Usage:
-Apply to skin using a cotton ball or pad, avoiding the eye area.
-Wipe in sweeping, outward motions until the cotton comes up clean.
-Follow with a moisturizer or serum and night cream.
-Use twice daily, day and night after cleansing.

Precautions:
-This product is not recommended for use with topical prescriptions, acne-erupted, or sensitive skin.
-Avoid contact with the eyes. If contact occurs, rinse well with water.
-If irritation develops and persists, discontinue use.
-Sunburn Alert: This product contains an alpha hydroxy acid (AHA) that may increase your skin's sensitivity to the sun and the possibility of sunburn. Use a sunscreen and limit sun exposure while using this product."
P481397,Estée Lauder,Revitalizing Supreme+ Bright Soft Creme Moisturizer with Vitamin C,Moisturizers,Face Creams,$120.00,Size: 1.7 oz/ 50 mL,https://www.sephora.com/productimages/sku/s2533024-main-zoom.jpg?imwidth=160,10,"Item 2533024
What it is: A spot-addressing, lightweight moisturizer that hydrates, visibly improves tone, makes your skin look firmer, and reduces the look of lines.

Skin Type: Normal, Dry, Combination, and Oily

Skincare Concerns: Dark Spots, Fine Lines and Wrinkles, and Dryness

Highlighted Ingredients:
- Exclusive Moringa Extract
- Beautyberry Extract
- Vitamin C

Ingredient Callouts: Free of parabens, phthalates, mineral oil, and sulfates SLS & SLES.

What Else You Need to Know: This moisturizer tones down visible dark spots including blemish marks, diminishes visible signs of aging, and leaves skin looking radiant. It is hydrating and lightweight, so skin looks alive with undeniable luminosity.

Clinical Results: In a consumer test on 100 women after 6 weeks:
- 97% said skin felt firmer and had more bounce
- 96% said skin tone looked more even
- 88% said dark spots appeared reduced
Show less",,
P467750,Caudalie,Resveratrol Lift Retinol Alternative Firming Refillable Cashmere Moisturizer,Moisturizers,Face Creams,$69.00,Size: 1.6 oz / 50 ml,https://www.sephora.com/productimages/sku/s2744316-main-zoom.jpg?pb=clean-planet-aware&imwidth=160,619,"Item 2744316
What it is: A daily moisturizer to visibly firm, lift, and reduce the look of fine lines and wrinkles with patented resveratrol, hyaluronic acid, and collagen alternative.

Skin Type: Normal, Dry

Skincare Concerns: Fine Lines and Wrinkles, Dryness, and Loss of Firmness and Elasticity

Highlighted Ingredients:
- Resveratrol: A powerful vine antioxidant to visibly firm and reduce the look of wrinkles.
- Hyaluronic Acid: Two molecular sizes of hyaluronic acid hydrate and leave skin feeling soft.
- Collagen: Visibly firms and smooths facial contours.

Ingredient Callouts: Free of parabens, formaldehydes, formaldehyde-releasing agents, phthalates, mineral oil, retinyl palmitate, oxybenzone, coal tar, hydroquinone, sulfates SLS & SLES, triclocarban, triclosan, and contains less than one percent synthetic fragrance. It is also gluten-free, cruelty-free, and comes in recyclable packaging.

What Else You Need to Know: Powered by Caudalie‘s exclusive patent, this daily moisturizer with a silky, luxuriously soft texture intensely hydrates and reduces the look of fine lines. Housed in a refillable jar, this formula is enriched with mineral pearlizers for an immediate glow.

Clinical Results: In a clinical study on 21 subjects, after 18 days:
- 98% saw firmer skin in less than 3 weeks

Products formulated without certain ingredients, including parabens, sulfates, phthalates, and mineral oils, from brands that have met our specific criteria for ingredient sourcing and formulation, packaging, environmental commitments, and consumer transparency. Learn more here.
Show less",,
P506547,Skinfix,KP+ Psoriasis Smoothing Treatment Body Lotion,Body Moisturizers,,$50.00,Size: 5.07 oz / 150 mL,https://www.sephora.com/productimages/sku/s2668499-main-zoom.jpg?pb=clean-planet-aware&imwidth=160,312,"Item 2668499
ONLY AT SEPHORA
What it is: A targeted body cream clinically shown to visibly smooth KP bumps while reducing the look of flaking, scaling, and redness to improve the look of psoriasis-prone skin.

Skin Type: Normal and Dry

Skincare Concerns: Dryness, Redness, and Uneven Texture

Formulation: Cream

Highlighted Ingredients:
- Patent-Pending B-L3™ Complex with Barrier Lipids and Peptides: Boosts ceramides to support barrier health, soothing and calming skin.
- AHA Acids (Glycolic and Lactic Acid) 5%: Visibly resurface on multiple levels to smooth the look of KP bumps and reduce the look of flaking and scaling.
- Salicylic Acid (BHA) 2% and Niacinamide: Smooth skin and address discomfort.

Ingredient Callouts:
This product is vegan, gluten-free, cruelty-free, and comes in recyclable packaging.

What Else You Need to Know: Designed to be used daily or during flare-ups, this body cream is formulated with chemical exfoliants (BHA) and emollients to visibly smooth KP bumps and reduce scaling and flaking in psoriasis-prone skin. A balancing blend of B-L3™ Complex, niacinamide, and postbiotics minimize discomfort and support skin-barrier health

Clinical Results: In a 2-week consumer-perception study on 21 subjects:
- 91% showed a visible reduction in KP bumps and exhibited smoother skin

In a 2-week dermatologist evaluation of 21 subjects, results showed:
- 88% reduction in skin flaking
- 25% improvement in skin texture


Products formulated without certain ingredients, including parabens, sulfates, phthalates, and mineral oils, from brands that have met our specific criteria for ingredient sourcing and formulation, packaging, environmental commitments, and consumer transparency. Learn more here.
Show less",,
P386197,Origins,GinZing™ Refreshing Scrub Cleanser,Cleansers,Exfoliators,$29.00,Size: 5 oz/ 150 mL,https://www.sephora.com/productimages/sku/s1596527-main-zoom.jpg?imwidth=160,1.7K,"Item 1596527
What it is: A two-in-one brightening scrubby face cleanser infused with Panax Ginseng and Caffeine from Coffee Beans. Naturally-derived Jojoba and Carnauba Wax gently exfoliate to help unclog pores.

Skin Type: Normal, Combination, and Oily

Skincare Concerns: Pores and Dullness

Formulation: Gel

Highlighted Ingredients:
- Caffeine from Coffee: Visibly refreshes and recharges skin.

Ingredient Callouts: This product is vegan, cruelty-free, and gluten-free, and comes in recyclable packaging.

What Else You Need to Know: This scrub is formulated with natural jojoba and carnauba wax to gently exfoliate and unclog pores. After use, skin looks smoother and brighter and feels perfectly refreshed. Plus the uplifting aroma of grapefruit, lemon, and spearmint perks you up so you're ready to face the day.

Show less",,
P511410,TULA Skincare,TULA's Greatest Hits Skincare Discovery Kit,Value & Gift Sets,,$48.00,,,,,,
P512168,Nécessaire,The Body Vitamin C - Radiance Serum With THD Ascorbate,Shop by Concern,Even Skin Tone & Color Correction,$58.00,Size: 5.1 oz / 150 mL,https://www.sephora.com/productimages/sku/s2680841-main-zoom.jpg?pb=clean-planet-aware&imwidth=122,176,"Item 2780625
ONLY AT SEPHORA
What it is:  A daily serum with a clinical concentration of vitamin C (THD ascorbate) to boost radiance, reduce the look of spots, and visibly even skin. 

Skin Type: Normal, Dry, Combination, and Oily 

Skincare Concerns: Dark Spots, Dullness, and Uneven Texture 

Highlighted Ingredients:
- Vitamin C | THD Ascorbate (Stabilized, Safe, Bioavailable): Boosts radiance, reduces the look of spots, and visibly evens skin.        
- Tranexamic Acid: Visibly brightens hyperpigmentation.    
- Enzymes (Bromelain, Papain, and Superoxide Dismutase): Improves the look of clarity and tone. 

Ingredient Callouts: This product is vegan and cruelty-free. 

What Else You Need to Know: This formulation includes a daily concentration of vitamin C (THD ascorbate) to boost radiance, reduce the look of spots, and visibly even skin. THD ascorbate is stabilized and bioavailable. It’s also good for sensitive skin, dermatologist-tested, hypoallergenic, non-comedogenic, fragrance-free, and mineral-rich terracotta is added to the formula.

Clinical Results: Clinical Study with 25 Participants over 4 weeks verified by a third-party clinic in 2024: 
- 67% reported less visible sunspots in 4 weeks
- 70% reported radiant glowing skin in 4 weeks                                                                                                                                                                                                                   - 73% saw visible improvement in dullness, clarity, and tone in 4 weeks

Products formulated without certain ingredients, including parabens, sulfates, phthalates, and mineral oils, from brands that have met our specific criteria for ingredient sourcing and formulation, packaging, environmental commitments, and consumer transparency. Learn more here.

Show less",,
P505026,Benefit Cosmetics,Mini The POREfessional Get Unblocked Makeup-Removing Cleansing Oil,Skincare,,$18.00,Size: 1.5 oz / 45 mL,https://www.sephora.com/productimages/sku/s2641694-main-zoom.jpg?imwidth=160,503,"Item 2641694
What it is: A lightweight, silky-smooth cleansing oil that melts away dirt, oil, and makeup while visibly unclogging and unblocking pores.

Skin Type: Normal, Dry, Combination, and Oily

Skincare Concerns: Pores

Formulation: Liquid

Highlighted Ingredients:
- Grapeseed, Jojoba Seed, Avocado, and Plum Kernel Oils: Supply essential fatty acids (like omega-9) and nourish and condition skin.
- Ceramide NP: Maintains moisture balance.
- Bisabolol: Helps skin feel comfortable.

Ingredient Callouts: Free of parabens, formaldehydes, formaldehyde-releasing agents, phthalates, retinyl palmitate, oxybenzone, coal tar, hydroquinone, sulfates SLS & SLES, triclocarban, triclosan, and contains less than one percent synthetic fragrance. It also comes in recyclable packaging.

What Else You Need to Know: Dermatologist tested and suitable for all skin types, this makeup-removing cleansing oil loosens and melts away makeup, unclogs pores, and leaves skin feeling nourished and conditioned. It also leaves pores looking clear and skin looking less congested over time.

Clinical Results: In a self-evaluation of 107 participants:
After 1 use:
- 93% said it visibly melted away dirt, oil, and makeup
- 93% said it visibly dissolved pore-clogging oil and grime
- 94% said skin felt nourished

After 1 month:
- 93% said pores looked clear
- 92% said skin looked less congested
- 96% said skin looked healthy
Show less",,
P507559,Act+Acre,Microfiber Hair Towel,Accessories,Hair Towels,$30.00,,,,,,
P507343,Mango People,Mango Cream Blush & Lip Multistick,Cheek,Blush,$27.00,Color: Jaipur - soft dusty rose pink,https://www.sephora.com/productimages/sku/s2717791-main-zoom.jpg?pb=clean-planet-aware&imwidth=160,240,"Item 2717791
ONLY AT SEPHORA
What it is: A hydrating, multiuse cream blush and lip color infused with adaptogens from Ayurveda that melts into skin for a natural flush of color.

Finish: Radiant

Formulation: Stick

Highlighted Ingredients: 
- Mango Butter: Highly moisturizing butter that leaves skin healthy and hydrated.
- Ashwagandha: Ayurvedic herb that calms skin.
- Cherry Extract: Helps protect skin against free radicals.

Ingredient Callouts: This product is vegan, gluten-free, cruelty-free, and comes in recyclable packaging.

What Else You Need to Know: This blush and lip multi-stick is formulated with the perfect blend of fruit extracts and ayurvedic herbs to nourish and protect your skin while adding rich and long-wearing pigments that look and, most importantly, feel incredible on the skin.


Products formulated without certain ingredients, including parabens, sulfates, phthalates, and mineral oils, from brands that have met our specific criteria for ingredient sourcing and formulation, packaging, environmental commitments, and consumer transparency. Learn more here.
Show less",,
P422069,Tatcha,Mini Luminous Dewy Skin Mist 2-in-1 Hydrator & Finishing Spray,Skincare,,$22.00,Size: 0.4 oz/ 12 mL,https://www.sephora.com/productimages/sku/s1957059-main-zoom.jpg?pb=clean-at-sephora&imwidth=160,2.2K,"Item 1957059
Which skin type is it good for?
✔ Normal
✔ Combination
✔ Dry
✔ Sensitive

What it is:
A silky, fine mist moisturizer that can be used under or over makeup for dewy glowing skin anytime, anywhere.

Solutions for:
- Dullness
- Dryness
- Fine lines and wrinkles

If you want to know more…
Mist on this spray moisturizer for a boost of soothing hydration and a luminous complexion. It is formulated with more than 20 percent botanical oils and humectants to leave skin dewy. A proprietary complex of Okinawa red algae and hyaluronic acid delivers highly efficient hydration to the skin, acting as the ultimate moisture magnet. It’s also infused with hadasei-3 anti-aging complex, a trinity of Japanese anti-aging superfoodsgreen tea, rice and algaethat restores the look of youthful radiance.

The Dewy Skin Mist’s super-fine sprayer only takes two to three spritzes for your whole face. Use right before applying makeup for flawless application and a dewy, glowing look. Take it with you for easy touch-ups on the go to refresh skin and give it an extra glow. You can also mist it over makeup to replenish moisture and prevent caking. It won't disturb makeup, so you can use it anytime, anywhere.

What else you need to know:
This product is non-irritating, non-sensitizing, dermatologist tested, and cruelty-free. It is also formulated without mineral oil, synthetic fragrances, urea, DEA, or TEA.

Beauty that gives back: Your purchase of a full-sized Tatcha skincare item will fund a day of school for incredible girls through the brand’s Beautiful Faces, Beautiful Futures partnership with Room to Read.




Clean at Sephora is our commitment to offering effective products without certain ingredients, such as parabens, sulfates, phthalates, and mineral oils. Learn more here.
Show less",,
P473148,Naturally Serious,Mask-imum Revival™ Hydra-Plumping Mask,Masks,Face Masks,$27.00,Size: 1.7 oz/ 50 mL,https://www.sephora.com/productimages/sku/s2480820-main-zoom.jpg?pb=clean-at-sephora&imwidth=160,171,"Item 2480820
What it is: A mask that hydrates and calms dry skin for a healthier and more clarified, radiant appearance.

Skin Type: Normal, Dry, Combination, and Oily

Skincare Concerns: Pores, Dryness, and Dullness

Formulation: Mask

Highlighted Ingredients:
- Colloidal Oatmeal and Allantoin: Soothe dry, dehydrated skin.
- Hyaluronic Acid, Sodium PCA, and Shea Butter: Intensely hydrate, visibly plumping skin with moisture.
- Kaolin Clay: Visibly clarifies skin by dissolving impurities and excess oil.

Ingredient Callouts: This product is vegan, cruelty-free, and comes in recyclable packaging.

What Else You Need to Know: Bring back the look of hydrated, glowing skin. This mask calms with colloidal oatmeal; moisturizes with hyaluronic acid, sodium PCA, and shea butter; and dissolves impurities and excess oil with kaolin clay to leave skin looking clear and healthy.



Clean at Sephora is our commitment to offering effective products without certain ingredients, such as parabens, sulfates, phthalates, and mineral oils. Learn more here.
Show less",,
P513796,Kate McLeod,"The Recovery Stone - Soothing Muscle Balm & Massage Bar with Arnica, Ginger & Vanilla",Bath & Shower,Body Wash & Shower Gel,$38.00,Size: 3.5 oz / 99 g,https://www.sephora.com/productimages/sku/s2813574-main-zoom.jpg?pb=clean-planet-aware&imwidth=160,3,"Item 2813574
What it is: A gently warming muscle balm that soothes soreness and melts away stress with a powerhouse blend of arnica, ginger, and vanilla.

Skincare Concerns: Dryness, Dullness, and Loss of Firmness and Elasticity

Formulation: Oil

Highlighted Ingredients:
- Arnica: Nature's soothing secret promotes natural relief.
- Ginger: Comforts tired muscles with a warming touch.
- Vanilla: Alleviates tension and soothes stress with its comforting scent.

Ingredient Callouts: This product is vegan, gluten-free, cruelty-free, and comes in recyclable packaging.

What Else You Need to Know: Say goodbye to messy, smelly sports rubs. This skin-softening solid melts into muscles mess-free while doubling as a self-massage tool, helping you knead out knots. Its subtle gourmand fragrance smells warm and comforting, blending spicy ginger with aromatic cardamom and soothing vanilla.


Clean at Sephora is our commitment to offering effective products without certain ingredients, such as parabens, sulfates, phthalates, and mineral oils. Learn more here.
Show less",,
P482010,IT Cosmetics,CC+ Nude Glow Lightweight Foundation + Glow Serum with SPF 40 and Niacinamide,Face,Foundation,$47.00,Color: Deep Mocha - very deep Complexion with cool red undertones,https://www.sephora.com/productimages/sku/s2515922-main-zoom.jpg?imwidth=160,2K,"Item 2515922
What it is: A color-correcting, medium-coverage skin tint formulated with brightening glow serum and SPF 40 that delivers an immediate, visibly healthy glow.

Skin Type: Normal, Dry, and Combination

Coverage: Medium

Finish: Radiant

Formulation: Liquid

SPF: SPF Over 30

Highlighted Ingredients:
- Niacinamide: Visibly brightens, smooths texture, and reduces the look of dark spots and large pores.
- Hyaluronic Acid: Quickly plumps the look of skin and hydrates.
- Green Tea Extract: Protects against environmental aggressors for healthy-looking skin.

Ingredient Callouts: Free of parabens, phthalates, mineral oil, and sulfates SLS & SLES.

What Else You Need to Know: With a 90 percent skincare base, this medium-coverage, buildable foundation delivers an immediate, healthy glow. It’s formulated with SPF 40 and delivers visibly brighter skin in just four weeks. This foundation is formulated with two percent niacinamide, hyaluronic acid, and green tea extract. It’s clinically tested to visibly brighten skin and visibly improve skin texture, softness, and uneven skin tone.

Clinical Results: In a consumer test based on bare skin after 4 weeks of use:
- 93% said skin feels moisturized
- 91% said skin feels smoother
- 87% said complexion looks brighter
Show less",,
P201439,CLINIQUE,Redness Solutions Soothing Gentle Cleanser for Sensitive Skin,Cleansers,Face Wash & Cleansers,$30.00,,,,,,
P309306,Sunday Riley,Juno Antioxidant + Superfood Face Oil,Moisturizers,Face Oils,$36.00,Size: 0.5 oz/ 15 mL,https://www.sephora.com/productimages/sku/s1881408-main-zoom.jpg?pb=clean-at-sephora&imwidth=160,626,"Item 1881408
Which skin type is it good for?
✔ Normal
✔ Dry
✔ Sensitive

What it is:
A nourishing oil that gives obsession-worthy radiance and helps restore skin’s natural moisture barrier with a unique blend of antioxidant-rich, superfood seed oils.

Solutions for:
- Fine lines and wrinkles
- Dryness
- Loss of firmness and elasticity

If you want to know more…
Formulated with a botanically active blend of a cold-pressed powerhouse of superfood seed oils, this formula nourishes the skin with antioxidants, vitamins, essential amino acids, omegas 3, 6, and 9, and naturally soothing agents for a luminous, radiant complexion. Vitamins A and C help to brighten the skin’s appearance for healthy-looking vibrancy, while they fortify the skin with antioxidants to support anti-aging. The oil sinks in, leaving skin hydrated, protected, and ultra-soft for a glowing result.

What it is formulated WITHOUT:
- Parabens
- Sulfates
- Phthalates

What else you need to know:
""I have very dry skin, so Juno is something that I personally use every morning. I mix a little Juno into my sunscreen for easier application. I've also been known to mix a few drops of Juno with some foundation, which helps keep my skin fresh and radiant throughout the day. Without the Juno, foundation has a tendency to dry my skin out.""Sunday Riley


Clean at Sephora is our commitment to offering effective products without certain ingredients, such as parabens, sulfates, phthalates, and mineral oils. Learn more here.
Show less",,
P479841,fresh,Floral Recovery Overnight Mask with Squalane,Masks,Face Masks,$72.00,Size: 3.3 oz/ 100 mL,https://www.sephora.com/productimages/sku/s2535417-main-zoom.jpg?pb=clean-at-sephora&imwidth=160,1.2K,"Item 2535417
What it is: An antioxidant face mask that is clinically proven to calm signs of sensitivity—redness, uneven tone, and rough skin—for a visibly even-toned complexion.

Skin Type: Normal, Dry, Combination, and Oily

Skincare Concerns: Dryness, Dullness, Uneven Texture

Formulation: Mask

Highlighted Ingredients:
- Passionflower Oil and Cornflower Water: Help to calm, reduce visible redness, and soothe.
- Peony Extract and Cherry Blossom Extract: Help to visibly even skin tone and improve skin’s texture.
- Squalane: Helps smooth, soften, and keep skin balanced..

What Else You Need to Know: This dermatologist-tested overnight face mask is powered by a blend of floral extracts to calm and reduce the look of redness on sensitive skin. Formulated with vitamin C and squalane to visibly brighten and smooth, this even skin tone product envelops skin with a cocooning experience.

This product is an Allure Best of Beauty award winner.

Clinical Results: In a clinical assessment of 32 subjects over four weeks:
- 53% saw a reduction in visible redness.
- 36% saw more visibly even-toned skin.
- 42% saw smoother-textured skin.



Clean at Sephora is our commitment to offering effective products without certain ingredients, such as parabens, sulfates, phthalates, and mineral oils. Learn more here.
Show less",,
P483137,SEPHORA COLLECTION,Targeted Dark Spots Serum with Enzymes,Treatments,Face Serums,,,,,,,
P503820,Dermalogica,Daily Brightness Boosters Kit,Value & Gift Sets,,$49.50,,,,,,
P440500,Mario Badescu,Super Collagen Mask,Masks,Face Masks,$20.00,Size: 2 oz/ 56 g,https://www.sephora.com/productimages/sku/s2185122-main-zoom.jpg?imwidth=160,21,"Item 2185122
What it is: A classic collagen and clay mask beloved by the aestheticians in the Mario Badescu New York City salon and spa.

Skin Type: Normal, Dry, Combination, and Oily

Skincare Concerns: Fine lines and wrinkles, Dryness

Formulation: Mask

Highlighted Ingredients:
-Collagen: Smooths the appearance of skin.
-Oatmeal: Boasts soothing properties.
-Kaolin: Purifying, oil-absorbent clay.

Ingredient Callouts: This product is cruelty-free.

What Else You Need to Know: Designed for dry, dull skin in need of a lift, this formula works to reduce the appearance of dry fine lines and gently lift impurities from poresgiving the complexion a smooth, youthful appearance.
Show less",,
P513537,Peace Out,2% Salicylic Acid Acne Gel Moisturizer,Moisturizers,Face Creams,$36.00,Size: 1.7 oz / 50 ml,https://www.sephora.com/productimages/sku/s2790202-main-zoom.jpg?pb=clean-at-sephora&imwidth=160,224,"Item 2790202
What it is: A medicated acne gel moisturizer that’s specifically formulated to target and prevent acne and blackheads, while boosting hydration for acne-prone skin.

Skin Type: Normal, Dry, Combination, and Oily

Skincare Concerns: Pores, Acne and Blemishes, and Oiliness

Formulation: Gel

Highlighted Ingredients:
- 2% Salicylic Acid: Clears up acne while gently exfoliating and deep cleaning pores.
- Ceramide Complex: Supports the skin barrier to visibly improve elasticity and enhance moisture.
- Niacinamide: Minimizes the appearance of pores and calms oily, clogged skin.

Ingredient Callouts: This product is vegan, gluten-free, and cruelty-free.

What Else You Need to Know: This transformative blend of highly effective ingredients like salicylic acid, niacinamide, ceramide complex, and hibiscus hydration protection complex target and prevent breakouts, while reinforcing the skin barrier for hydrated, bouncy-, clearer-looking skin.

Clinical Results: Based on a 3-week clinical study with 34 participants:
- Clinically proven to reduce acne by 98% after 3 weeks without irritation or dryness

Based on a consumer perception study with 34 participants:
- 97% of participants noticed visibly clearer and smoother skin after using this product


Clean at Sephora is our commitment to offering effective products without certain ingredients, such as parabens, sulfates, phthalates, and mineral oils. Learn more here.
Show less",,
P3617,Peter Thomas Roth,Goodbye Acne™ Therapeutic Sulfur Mask,Masks,Face Masks,$52.00,Size: 5.1 oz / 150 mL,https://www.sephora.com/productimages/sku/s2828408-main-zoom.jpg?imwidth=160,1.3K,"Item 2828408
What it is: A clay-based mask that visibly diminishes blemishes while addressing clogged pores and excess oil.

Skin Type: Normal, Combination, and Oily

Skincare Concerns: Pores, Acne and Blemishes, and Oiliness

Formulation: Mask

Highlighted Ingredients:
- 10% Sulfur: Visibly diminishes blemishes.
- Kaolin and Bentonite Clays: Absorb excess oil and address clogged pores.
- Aloe Vera: Helps calm and soothe overtreated skin.

Ingredient Callouts: Free of parabens, formaldehydes, formaldehyde-releasing agents, phthalates, mineral oil, retinyl palmitate, oxybenzone, coal tar, hydroquinone, sulfates SLS & SLES, triclocarban, triclosan, and contains less than one percent synthetic fragrance.

What Else You Need to Know: This treatment mask with 10% sulfur, kaolin, and bentonite clays dries and visibly reduces blemishes and helps prevent their return. It is formulated to exfoliate skin, absorb excess oil, and address clogged pores. This mask also contains aloe vera to soothe and calm.
Show less",,
P449601,Dr. Barbara Sturm,Face Cream Light,Moisturizers,Face Creams,$240.00,Size: 1.69 oz/ 50 mL,https://www.sephora.com/productimages/sku/s2278653-main-zoom.jpg?imwidth=160,18,"Item 2278653
What it is: A lightweight moisturizer that quickly absorbs into skin providing intense hydration.

Skin Type: Normal, Combination, and Oily

Skincare Concerns: Oiliness, Fine Lines and Wrinkles, and Pores

Formulation: Lightweight Cream

Highlighted Ingredients:
- Purslane Extract: A strong antioxidant that stimulates the body and supports skin health and rejuvenation.
- Ginger, Bisabolol, and Panthenol: Help moisturize and calm irritated areas of skin.
- Hyaluronic Acid: Provides intensive moisture and a freshness boost.

Ingredient Callouts: This product is vegan, cruelty-free, and gluten-free, and comes in partially recyclable packaging.

What Else You Need to Know: Purslane, the key active ingredient, and potent antioxidants such as bisabolol and panthenol soothe and calm any irritation while protecting the skin. The light formula is ideal for normal to oily complexions, sensitive teenage skin, and perfect for use during the warmer summer months.

As an aesthetic doctor with a background in anti-inflammatory medicine, Dr. Sturm is committed to treating the skin with scientifically-proven ingredients and non-aggressive natural extracts. The three pillars of Dr. Barbara Sturm Molecular Cosmeticshydration, boosting the skin’s natural barrier function, and reducing the visible signs of irritationhelp to promote healthy skin that glows from within over time.
Show less",,
P516640,Salt & Stone,Neroli & Basil Body Wash with Niacinamide + Probiotics,Bath & Shower,Body Wash & Shower Gel,$36.00,Size: 15.2 oz/450 mL,https://www.sephora.com/productimages/sku/s2873321-main-zoom.jpg?pb=clean-at-sephora&imwidth=160,97,"Item 2873321
NEW
What it is: An irresistibly scented gel body cleanser infused with ocean botanicals, niacinamide, and probiotics to soften, soothe, and restore the skin.

Fragrance Family: Earthy & Woody

Scent Type: Earthy Greens & Herbs

Key Notes: Neroli, Basil, Shiso Leaf

Fragrance Description: This fragrance features top notes of neroli and Italian bergamot, heart notes of basil, tuberose, and French lavender, and base notes of cypress, eucalyptus, and shiso leaf.

Highlighted Ingredients:
- Blueberry Extract and Vitamin C: Support skin’s collagen production and defend against signs of aging.
- Niacinamide: Creates a stronger skin barrier, improving the look of skin texture.
- Hyaluronic Acid: A hydrating molecule that holds onto 1,000X its weight in moisture.

Ingredient Callouts: This product is free of parabens, formaldehydes, formaldehyde-releasing agents, phthalates, retinyl palmitate, oxybenzone, coal tar, and hydroquinone. It is also vegan and cruelty-free.

What Else You Need to Know: This body wash softens and soothes while cleansing to restore the drying effects of outdoor activity, wind, sun and sea. Antioxidant-rich ocean botanicals fight free radicals introduced to skin by sun exposure. Niacinamide supports a stronger skin barrier while probiotics balance the skin's microbiome.


Clean at Sephora is our commitment to offering effective products without certain ingredients, such as parabens, sulfates, phthalates, and mineral oils. Learn more here.
Show less",,
P482068,Saint Jane Beauty,Sacred Sleep Overnight Repair with Retinol,Moisturizers,Night Creams,$70.00,Size: 1.7 oz / 50 mL,https://www.sephora.com/productimages/sku/s2564441-main-zoom.jpg?pb=clean-at-sephora&imwidth=160,69,"Item 2564441
ONLY AT SEPHORA
What it is: A powerful retinol and luxury active floral treatment that restores your skin's balance while you dream.

Skin Type: Normal, Dry, and Combination

Skincare Concerns: Dark Spots, Fine Lines and Wrinkles, and Loss of Texture and Elasticity

Formulation: Cream

Highlighted Ingredients:
- Retinol 0.5%: Supports cell turnover.
- Fine Line Complex: Softens the look of fine lines.
- Violet Flower: Soothes irritation and redness.

Ingredient Callouts: This product is vegan, gluten-free, and cruelty-free.

What Else You Need to Know: This calming, luxurious overnight treatment is a nighttime ritual formulated with retinol, antioxidant-rich elderberry, and a proprietary fine line complex to visibly soften fine lines and work its magic while you sleep.

Clinical Results: In an independent clinical testing panel of 60 women ages 30 to 59:
- 100% found age spots and hyperpigmentation visibly reduced
- 84% found fine lines had significantly been minimized
- 74% found skin was firmer



Clean at Sephora is our commitment to offering effective products without certain ingredients, such as parabens, sulfates, phthalates, and mineral oils. Learn more here.
Show less",,
P512158,Herbivore,Blue Wave 2% Salicylic Acid Acne Treatment,Treatments,Blemish & Acne Treatments,$48.00,Size: 1 oz / 30 mL,https://www.sephora.com/productimages/sku/s2733996-main-zoom.jpg?pb=clean-planet-aware&imwidth=160,221,"Item 2733996
What it is: A clinically backed breakout-clearing serum with maximum-strength two percent salicylic acid and barrier-supporting plant actives: blue tansy, willow bark, and aloe.

Skin Type: Normal, Dry, Combination, and Oily

Skincare Concerns: Pores, Redness, and Acne and Blemishes

Highlighted Ingredients:
- Salicylic Acid 2%: Maximum strength. Clears breakouts. Helps prevent new blemishes.
- Blue Tansy: Plant-derived, skin-balancing, and clearing active with soothing properties.
- Willow Bark Extract: Herbal extract helps keep skin balanced, clear, and hydrated.

Ingredient Callouts: Free of parabens, formaldehydes, formaldehyde-releasing agents, phthalates, mineral oil, retinyl palmitate, oxybenzone, coal tar, hydroquinone, sulfates SLS & SLES, triclocarban, triclosan, and contains less than one percent synthetic fragrance. It is also vegan, gluten-free, cruelty-free, and comes in recyclable packaging.

What Else You Need to Know: This clean acne serum clears and dries up blemishes, blackheads, and whiteheads with maximum-strength OTC power (two percent salicylic acid). Plant-derived blue tansy, willow bark, aloe, and bisabolol replenish and soothe the skin's barrier and provide hydration. Benzene-free. Dermatologist-tested and endorsed.

Products formulated without certain ingredients, including parabens, sulfates, phthalates, and mineral oils, from brands that have met our specific criteria for ingredient sourcing and formulation, packaging, environmental commitments, and consumer transparency. Learn more here.
Show less",,
P375354,DIOR,Capture Totale Intensive Night Restorative Crème,Moisturizers,Face Creams,$175.00,,,,,,
P507456,Smile Makers,Generous Gel - Water-Based Gel Lubricant For Hydration,Wellness,Intimate Care,$9.95,,,,,,
P506373,Nécessaire,Mini The Body Wash Eucalyptus - Nourishing Treatment Cleanse With Lipid-Rich Oils + Niacinamide,Bath & Body,,$14.00,Size: 3.4 oz / 100 mL Eucalyptus,https://www.sephora.com/productimages/sku/s2680858-main-zoom.jpg?imwidth=160,451,"Item 2680858
What it is: Daily treatment cleanse with Lipid-Rich Oils + Niacinamide to deeply nourish dry skin. Signature scent of Eucalyptus. Dermatologist-Tested.

Highlighted Ingredients:
- Lipid-Rich Carrier Oils: Replenish essential nutrients with high levels of vitamins A, C, and E, as well as omega-6 and -9.
- Niacinamide (Vitamin B3): Supports skin’s protective barrier.
- Eucalyptus Oil: Soothes, relaxes, and resets.

What Else You Need to Know:  Marula/Meadowfoam/Cacay oils rich in Vitamin A/C/E + Omega 6/9 to deeply nourish dry skin. Niacinamide supports skin's protective barrier. Pure Eucalyptus Oil is paired with fine fragrance notes of Siberian Fir, Lavender and Ginger. No SLS/SLES. Dermatologist-Tested. Hypoallergenic. Non-Comedogenic.

Clinical Results:
*Clinical Study: 50+ Panelists | 2 Weeks | Third-Party Verified Clinic | Q4 2021. 

- 92% Said Skin Felt Healthy.
- 87% Said Skin Felt Nourished.
- 85% Said Skin Felt Balanced.
Show less",,
P476674,FaceGym,Electro-Lite Enzyme Brightening Gel Cleanser,Cleansers,Face Wash & Cleansers,$44.00,Size: 3.3 oz/ 100 mL,https://www.sephora.com/productimages/sku/s2502938-main-zoom.jpg?pb=clean-at-sephora&imwidth=160,74,"Item 2502938
ONLY AT SEPHORA
What it is: A gentle face cleanser to PREP the skin: papaya enzymes to brighten, red clover extract to regulate oil production and tighten pores, and electrolytes to support the lipid barrier.

Skin Type: Normal, Dry, Combination, and Oily

Skincare Concerns: Pores, Dullness, and Uneven Texture

Formulation: Gel-Foam

Highlighted Ingredients:
- Papaya Enzymes and Hydroclay™: Intensively cleanse, gently exfoliate, and visibly refine skin’s texture.
- Red Clover Extract: Visibly minimizes sebum and shrinks pores.
- Magnesium and Calcium Electrolytes: Soothe, hydrate, and replenish skin with a non-stripping 5.5 pH level.

Ingredient Callouts: This product is vegan, gluten-free, and cruelty-free.

What Else You Need to Know: Give your skin a warm-up and get its circulation going with this gel-to-foam face wash for enhanced visible radiance and a more rested look. Formulated with magnesium and calcium electrolytes to keep hydration levels in check, the non-stripping formula supports balanced sebum production and minimizes the appearance of pores.

Clinical Results: In a clinical instrumental study of red clover extract on 40 participants over 30 days:
- 38% less sebum production

In a clinical instrumental study of red clover extract on 20 participants over 30 days:
- 80% less visible pores



Clean at Sephora is our commitment to offering effective products without certain ingredients, such as parabens, sulfates, phthalates, and mineral oils. Learn more here.
Show less",,
P515517,Kiehl's Since 1851,Mini Ultra Facial Barrier-Hydrating Cleanser,Cleansers,Face Wash & Cleansers,$19.00,Size: 2.5 oz / 75 mL,https://www.sephora.com/productimages/sku/s2842680-main-zoom.jpg?imwidth=160,28,"Item 2842680
ONLY AT SEPHORA
What it is: A hydrating cream-to-foam cleanser that removes makeup and sunscreen while providing hydration.

Skin Type: Normal, Dry, and Combination

Skincare Concerns: Dryness, Dullness, and Acne/Blemishes

Formulation: Cream

Highlighted Ingredients:
- Squalane: Helps support skin’s barrier, keeping it soft and moisturized.
- Glycerin: Hydrates and helps skin retain moisture.
- Amino Acid: Effectively cleanses skin while nourishing skin barrier.

Ingredient Callouts: Free of parabens.

What Else You Need to Know: This cream-to-foam face wash provides hydration and helps protect the skin barrier while cleansing. The formula is made with skin-loving ingredients such as squalane and glycerin. It is non-stripping and suitable for all skin types, including sensitive skin.

Clinical Results: 
- Increase hydration +25% immediately*
*Based on instrumental testing.
Show less",,
P418625,KORA Organics,Noni Glow Radiant Body Oil,Body Moisturizers,Body Lotions & Body Oils,$67.00,Size: 3.38 oz/ 100 mL,https://www.sephora.com/productimages/sku/s1947886-main-zoom.jpg?pb=clean-at-sephora&imwidth=160,51,"Item 1947886
ONLY AT SEPHORA
What it is: A fast-absorbing, lightweight, multipurpose oil that rapidly nourishes and delivers lasting hydration, leaving skin feeling healthy and looking radiant.

Highlighted Ingredients:
- Rosehip Oil: Softens the visual effects of sun damage, stretch marks, and scarring.
- Noni Fruit Extract: Is a rich source of over 100 vitamins, minerals, and antioxidants.
- Sunflower Seed Oil: Contains high levels of essential fatty acids and promotes moisture retention.

Ingredient Callouts: This product is vegan, cruelty-free, and comes in recyclable packaging.

What Else You Need to Know: This luxurious, lightweight body oil delivers nourishment and lasting hydration with a non-greasy finish. It softens and smooths while visibly improving skin tone and radiance with noni extract, rosehip oil, and sunflower seed oil.



Clean at Sephora is our commitment to offering effective products without certain ingredients, such as parabens, sulfates, phthalates, and mineral oils. Learn more here.
Show less",,
P427416,The Ordinary,Caffeine Solution 5% + EGCG Depuffing Eye Serum for Dark Circles,Treatments,Face Serums,$9.20,Size: 1 oz/ 30 mL,https://www.sephora.com/productimages/sku/s2031409-main-zoom.jpg?imwidth=160,3.1K,"Item 2031409
What it is: A water-based serum that targets dark circles and puffiness around the eyes, promoting under-eye brightening.

Skin Type: Normal, Dry, Combination, and Oily

Skincare Concerns: Dark Circles, Puffiness

Highlighted Ingredients:
- 5% concentration of Caffeine: Works to reduce puffiness.        
- Epigallocatechin gallatyl glucoside: Works to help reduce the appearance of dark circles. 

Ingredient Callouts: Free of parabens, formaldehydes, phthalates, mineral oil, oxybenzone, coal tar, and sulfates SLS & SLES. It is also vegan, gluten-free, and cruelty-free.

What Else You Need to Know: Formulated with a 5% concentration of caffeine and epigallocatechin gallatyl glucoside (EGCG), this potent serum helps improve the look of tired eyes while providing a brightening effect. Add to your existing skincare routine for more refreshed and awakened-looking eyes.

Clinical Results:
Significant decrease in the look of dark circles after 3 weeks.1
Minimizes the appearance of under-eye puffiness in 3 weeks2
Visibly brightens the under-eye area in 3 weeks.*

1. Clinical testing on 19 panellists using the product 2x/day for 6 weeks
2. Clinical testing on 23 panellists using the product 2x/day for 6 weeks
Show less",,
P474325,Herbivore,Aquarius Pore Purifying BHA Cream,Moisturizers,Face Creams,$46.00,Size: 1.7oz/50ml,https://www.sephora.com/productimages/sku/s2469112-main-zoom.jpg?pb=clean-planet-aware&imwidth=160,248,"Item 2469112
ONLY AT SEPHORA
What it is: A lightweight moisturizer—powered by soothing blue tansy and clarifying willow bark BHA—that purifies pores and visibly balances skin.

Skin Type: Normal, Combination, and Oily

Skincare Concerns: Pores, Dryness, and Oiliness

Formulation: Cream

Highlighted Ingredients:
- Blue Tansy: Soothes and visibly balances skin.
- Willow Bark BHA: A source of salicylic acid that purifies pores and gently and visibly resurfaces skin.
- Zinc PCA: Moisturizes and visibly minimizes shine.

Ingredient Callouts: This product is vegan, gluten-free, cruelty-free, and comes in recyclable packaging.

What Else You Need to Know: Oilier skins need moisture, too. This soothing cream helps combination skin find visible balance while improving the look of clarity and reducing the appearance of shine. The perfect base layer before makeup, it visibly minimizes blemishes and pores, leaving skin with an even, healthy-looking soft-matte finish.

Clinical Results: In a blind use test on 35 women and men, ages 18-45 years, study participants reported the following results after 1 week of twice-daily use:
-100% agree that it helps skin recover from over-drying acne treatments
-91% agree it helps purify pores
-86% agree their skin is re-texturized/refined



Products formulated without certain ingredients, including parabens, sulfates, phthalates, and mineral oils, from brands that have met our specific criteria for ingredient sourcing and formulation, packaging, environmental commitments, and consumer transparency. Learn more here.
Show less",,
P456414,KORRES,Greek Yoghurt Probiotic Superdose Face Mask,Masks,Face Masks,$56.00,Size: 3.38 oz/ 100 mL,https://www.sephora.com/productimages/sku/s2338374-main-zoom.jpg?pb=clean-at-sephora&imwidth=160,525,"Item 2338374
What it is: A super-dosed face mask powered by prebiotic- and probiotic-rich Greek yoghurt to completely and visibly reset your skin in less than 10 minutes.

Skin Type: Normal, Dry, Combination, and Oily

Skincare Concerns: Dryness and Redness

Formulation: Cream

Highlighted Ingredients:
- Greek Yoghurt: Nourishes.
- Aloe Leaf Juice: Helps skin recover.
- Rice Extract: Replenishes hydration.

Ingredient Callouts: This product is cruelty-free and comes in recyclable packaging.

What Else You Need to Know: Skin acts out when unbalanced or when its natural protective layer is broken down. Formulated with Greek yoghurt—a Mediterranean superfood rich in prebiotics, probiotics, vitamins, and other nutrients—this mask visibly nourishes skin back to health while replenishing hydration with rice extract and hyaluronic acid.

Clinical Results: In a third-party consumer-perception study of 32 participants, right after use:
- 97% saw softer, smoother, more hydrated skin
- 100% saw more nourished, healthy-looking, balanced skin
- 97% saw an improvement in skin’s glow, luminosity, and radiance




Clean at Sephora is our commitment to offering effective products without certain ingredients, such as parabens, sulfates, phthalates, and mineral oils. Learn more here.
Show less",,
P460516,Glow Recipe,Papaya Sorbet Smoothing Enzyme Cleansing Balm & Makeup Remover,Cleansers,Face Wash & Cleansers,$32.00,Size: 3.4 oz/ 100 mL,https://www.sephora.com/productimages/sku/s2371516-main-zoom.jpg?pb=clean-planet-aware&imwidth=160,1.6K,"Item 2371516
ONLY AT SEPHORA
What it is: A PEG-free cleansing balm that smooths the look of skin with natural papaya enzymes, while melting away stubborn makeup, dirt, oil, and SPF.

Skin Type: Normal, Dry, Combination, and Oily

Skincare Concerns: Pores, Dullness, and Uneven Texture

Formulation: Lightweight Cream

Highlighted Ingredients:
- Papaya Enzymes: Smooth, resurface, and soothe skin.
- Papaya Seed Oil: Keeps skin hydrated.
- Blueberry Extract: Protects skin against environmental stressors.

Ingredient Callouts: This product is vegan, cruelty-free, gluten-free, and comes in recyclable packaging.

What Else You Need to Know: This sorbet-like cleansing balm harnesses papaya enzymes to gently resurface skin while dissolving makeup, dirt, and oil, creating a baby-soft canvas for skincare and makeup. It is also formulated with antioxidant-rich blueberry, soothing apricot kernel oil, and moisturizing camellia seed oil to leave skin looking clean, bouncy, and glowing.

Ophthalmologist tested and safe for those with sensitive skin, sensitive eyes, and contact lens wearers. The polyethylene in papaya is a safe, cosmetic-grade polymer in liquid form and is different from the polyethylene that makes up common, everyday household plastics or microbeads.

Research results: In a consumer study of 32 subjects, after 2 weeks:
- 100% agreed their skin had a healthy and glowing radiance after use
- 100% agreed the cleansing balm removed their long-wear and stubborn makeup
- 100% agreed the cleansing balm doesn't leave their skin feeling stripped or tight


Products formulated without certain ingredients, including parabens, sulfates, phthalates, and mineral oils, from brands that have met our specific criteria for ingredient sourcing and formulation, packaging, environmental commitments, and consumer transparency. Learn more here.
Show less",,
P506804,Dr. Jart+,Cryo Rubber™ Face Mask with Hyaluronic Acid  ,Masks,Face Masks,$16.00,Size: 0.14 oz / 4 g,https://www.sephora.com/productimages/sku/s2344513-main-zoom.jpg?imwidth=160,776,"Item 2344513
ONLY AT SEPHORA
What it is: A two-step mask inspired by Cryotherapy that moisturizes with Hyaluronic Acid and cools skin.  

Skin Type: Normal, Dry, Combination, and Oily

Skincare Concerns: Dryness

Highlighted Ingredients:
- Hyaluronic Acid: attracts moisture into skin and prevents water loss.  

What Else You Need to Know: A lot! This Korean Skincare treatment  includes highly concentrated ampoule with Hyaluronic Acid and a soft, flexible, skin-cooling mask. After smoothing the contents of the ampoule over skin, apply the mask to seal it all in and slowly lower skin’s temperature. Post-masking, skin feels soft and replenished and looks healthy and rejuvenated. Cool, right?

Clinical Results: In a clinical test on 20 women aged 20 to 60 using the product one time:
- Reduced skin’s temperature by 11°F
Show less",,
P298331,Jack Black,Power Peel Multi-Acid Resurfacing Pads,Treatments,Facial Peels,$38.00,,,,,,
P506670,First Aid Beauty,"FAB Face Faves – Best of Skincare Cleanse, Exfoliate + Hydrate Gift Set",Value & Gift Sets,,$44.00,,,,,,
P510425,Josie Maran,Bohemian Fig - Argan Oil + Sugar Balm Refillable Exfoliating Body Scrub Jar,Bath & Shower,Scrub & Exfoliants,$29.00,Size: 6 oz,https://www.sephora.com/productimages/sku/s2764967-main-zoom.jpg?pb=clean-planet-aware&imwidth=160,98,"Item 2764967
ONLY AT SEPHORA
What it is: A moisturizing sugar scrub that gently exfoliates and nourishes to reveal softer-, smoother-, brighter-looking skin in just one step.

Fragrance Family: Earthy & Woody
Scent Type: Warm Woods
Key Notes: Vetiver & Vanilla Orchid

Fragrance Description: An opulent blend of fruit and wood—the brightness of citrus, mingling with Venezuelan tonka—evokes the experience of biting into a ripe fig. 

About the Fragrance: As fragrance purists and planet lovers, Josie Maran uses only 100% plant-based essences: real fruits, nuts, woods, and plants. Because nothing beats the real thing.

Highlighted Ingredients:
- Sugar Granules: This gentle exfoliant doesn’t dry out skin and isn’t too abrasive.
- Argan Oil: An abundant source of essential fatty acids, antioxidants, and vitamin E.
- Shea Butter: Known to moisturize and soothe, helping skin stay supple.

What Else You Need to Know: Sugar crystals attract moisture and gently buff away dead skin without stripping. Responsibly sourced argan oil locks in the moisturizing goodness of shea butter and coconut oil. Presto: A velvety-soft, lustrous-all-over you! With the refill system, top up your amber glass jar and reuse forever.

Research Results: In a consumer perception survey of 40 people after immediate use:
- 100% agreed this was the best body scrub they have ever used
- 97% agreed their skin appeared brighter and remained moisturized throughout the day/night
- 97% agreed the sugar granules improved their skin’s overall texture

Products formulated without certain ingredients, including parabens, sulfates, phthalates, and mineral oils, from brands that have met our specific criteria for ingredient sourcing and formulation, packaging, environmental commitments, and consumer transparency. Learn more here.
Show less",,
P516889,Dr. Dennis Gross Skincare,DermInfusions Discovery Kit,Value & Gift Sets,,$56.00,,,,,,
P484051,Kate McLeod,The Body Stone - Deep Moisturizing Cocoa Butter Lotion Bar for Dry Skin Treatment,Body Moisturizers,Body Lotions & Body Oils,$45.00,Scent: Daily Stone,https://www.sephora.com/productimages/sku/s2584100-main-zoom.jpg?pb=clean-planet-aware&imwidth=160,605,"Item 2584100
What it is: A luxury lotion bar that thoroughly nourishes dry skin with an intense body conditioning formula that leaves skin visibly soft, supple, and glowing.

Fragrance Description:
Available Unscented or choose from the following scent blends: 
- Daily: Light floral blend of rose, frankincense, and neroli. Warm, comforting, and subtle enough for everyday use.
- Sleep: Herbal blend of soothing lavender and warm chamomile for an instant dose of calm.
- Grounding: Earthy blend of woody vetiver and zesty bergamot for meditative focus and balance.

Skincare Concerns: Dryness, Redness, and Dullness

Highlighted Ingredients:
- Cocoa Butter: Packed with fatty acids to intensely nourish dry skin and lock in moisture.
- Sweet Almond Oil: Packed with vitamin D to soothe irritation and nourish the skin barrier.
- Apricot Kernel Oil: A lightweight emollient that visibly smooths and improves skin texture.

What Else You Need to Know: The Body Stone is a highly efficacious cocoa butter concentrate chock full of fatty acids to thoroughly moisturize dry skin. This ultra-rich body butter bar glides on like silk and absorbs quickly, sealing in hydration without any greasy residue. The formula is made with 100 percent plant-based active ingredients: cocoa butter plus four luxurious oils. There is no water dilution, synthetics, fillers, or alcohols—just pure, natural nourishment for intensive moisturizing results you can see and feel.

The sustainably designed packaging system is refillable and plastic-free. The Starter Kit includes a reusable bamboo canister, which provides easy, beautiful storage for your Body Stone Lotion Bar. Refill over time with scents from Kate McLeod’s full Body Stone collection.

Melt Warning: This product is made to melt on contact with your skin, which means it can also melt when exposed to extreme heat. Kate McLeod recommends closely monitoring your shipping updates and bringing your package inside to ensure it arrives in optimal condition.


Products formulated without certain ingredients, including parabens, sulfates, phthalates, and mineral oils, from brands that have met our specific criteria for ingredient sourcing and formulation, packaging, environmental commitments, and consumer transparency. Learn more here.
Show less",,
P507994,GUERLAIN,Abeille Royale Honey Treatment Day Cream with Hyaluronic Acid,Moisturizers,Face Creams,$180.00,Size: 1.7 oz / 50 ml,https://www.sephora.com/productimages/sku/s2728236-main-zoom.jpg?imwidth=160,356,"Item 2728236
What it is: A day cream inspired by revitalizing honey bandages that addresses four visible signs of collagen loss linked to aging by creating a filler texture with a bandage effect.

Skin Type: Normal, Dry, Combination, and Oily

Skincare Concerns: Fine Lines and Wrinkles, Dullness, and Loss of Firmness and Elasticity

Formulation: Cream

Highlighted Ingredients:
- Blackbee Repair Technology: An exclusive technology for revitalization.
- Honey from Ouessant Island: Contains amino acids and high levels of fructose that visibly reduce signs of aging.
- Polyfragmented Hyaluronic Acid: Visibly renews skin, leaving it with a plumped-up appearance.

Ingredient Callouts: This product is cruelty-free and comes in recyclable packaging.

What Else You Need to Know: During the day, the goal is to protect and to reinforce the skin barrier. The Abeille Royale Honey Treatment Day Cream addresses the visible signs of aging and collagen loss. Used before makeup, it will make complexion appear more fresh and more radiant.

Formulated with 94 percent naturally derived ingredients¹, Honey Treatment Day Cream is powered by advanced Dynamic Blackbee Repair technology, the unprecedented combination of four revitalizing honeys with an exclusive royal jelly. It is combined with polyfragmented hyaluronic acid and a pro-elasticity peptide extract to deliver the highest efficacy to the epidermis.

Fully aware of its social and environmental responsibilities, GUERLAIN integrated sustainable development into its company strategy back in 2007. GUERLAIN’s partnership with The Brittany Black Bee Conservatory guarantees sustainable sourcing of bee products.

Honey Treatment Day Cream is refillable.

¹Based on the international ISO standard 16128.

Clinical Results: In a clinical evaluation assessed by an independent dermatologist, with 33 women, 1 application per day, results after 1 month included:
- A 57% increase in the look of face firmness
- A 98% increase in smoothness
- A 48% decrease in the look of wrinkles

Show less",,
